

================================================================
== Vivado HLS Report for 'conv_bn_act_pool_3'
================================================================
* Date:           Thu Sep  4 12:28:55 2025

* Version:        2019.1 (Build 2552052 on Fri May 24 15:28:33 MDT 2019)
* Project:        BranchPredictionAI
* Solution:       solution1
* Product family: zynq
* Target device:  xc7z020-clg484-1


================================================================
== Performance Estimates
================================================================
+ Timing (ns): 
    * Summary: 
    +--------+-------+----------+------------+
    |  Clock | Target| Estimated| Uncertainty|
    +--------+-------+----------+------------+
    |ap_clk  |  10.00|     8.620|        1.25|
    +--------+-------+----------+------------+

+ Latency (clock cycles): 
    * Summary: 
    +---------+---------+---------+---------+---------+
    |      Latency      |      Interval     | Pipeline|
    |   min   |   max   |   min   |   max   |   Type  |
    +---------+---------+---------+---------+---------+
    |  6048401|  6048401|  6048401|  6048401|   none  |
    +---------+---------+---------+---------+---------+

    + Detail: 
        * Instance: 
        N/A

        * Loop: 
        +---------------------+---------+---------+----------+-----------+-----------+------+----------+
        |                     |      Latency      | Iteration|  Initiation Interval  | Trip |          |
        |      Loop Name      |   min   |   max   |  Latency |  achieved |   target  | Count| Pipelined|
        +---------------------+---------+---------+----------+-----------+-----------+------+----------+
        |- Loop 1             |  5714064|  5714064|     79362|          -|          -|    72|    no    |
        | + Loop 1.1          |    79360|    79360|      2480|          -|          -|    32|    no    |
        |  ++ Loop 1.1.1      |     2478|     2478|       354|          -|          -|     7|    no    |
        |   +++ Loop 1.1.1.1  |      352|      352|        11|          -|          -|    32|    no    |
        |- Loop 2             |   286572|   286572|      3674|          -|          -|    78|    no    |
        | + Loop 2.1          |     3672|     3672|        51|          -|          -|    72|    no    |
        |- Loop 3             |    47762|    47762|      3674|          -|          -|    13|    no    |
        | + Loop 3.1          |     3672|     3672|        51|          -|          -|    72|    no    |
        |  ++ Loop 3.1.1      |       42|       42|         7|          -|          -|     6|    no    |
        +---------------------+---------+---------+----------+-----------+-----------+------+----------+



================================================================
== Utilization Estimates
================================================================
* Summary: 
+-----------------+---------+-------+--------+-------+-----+
|       Name      | BRAM_18K| DSP48E|   FF   |  LUT  | URAM|
+-----------------+---------+-------+--------+-------+-----+
|DSP              |        -|      -|       -|      -|    -|
|Expression       |        -|      -|       0|    417|    -|
|FIFO             |        -|      -|       -|      -|    -|
|Instance         |        -|      4|    1686|   2038|    -|
|Memory           |       12|      -|      32|     16|    -|
|Multiplexer      |        -|      -|       -|    618|    -|
|Register         |        -|      -|     588|      -|    -|
+-----------------+---------+-------+--------+-------+-----+
|Total            |       12|      4|    2306|   3089|    0|
+-----------------+---------+-------+--------+-------+-----+
|Available        |      280|    220|  106400|  53200|    0|
+-----------------+---------+-------+--------+-------+-----+
|Utilization (%)  |        4|      1|       2|      5|    0|
+-----------------+---------+-------+--------+-------+-----+

+ Detail: 
    * Instance: 
    +-----------------------------------------+-------------------------------------+---------+-------+-----+-----+-----+
    |                 Instance                |                Module               | BRAM_18K| DSP48E|  FF | LUT | URAM|
    +-----------------------------------------+-------------------------------------+---------+-------+-----+-----+-----+
    |main_fdiv_32ns_32ns_32_16_1_U76          |main_fdiv_32ns_32ns_32_16_1          |        0|      0|  761|  994|    0|
    |main_fsqrt_32ns_32ns_32_12_1_U77         |main_fsqrt_32ns_32ns_32_12_1         |        0|      0|  405|  615|    0|
    |main_hadd_16ns_16ns_16_5_full_dsp_1_U80  |main_hadd_16ns_16ns_16_5_full_dsp_1  |        0|      2|  109|  116|    0|
    |main_hcmp_16ns_16ns_1_2_1_U83            |main_hcmp_16ns_16ns_1_2_1            |        0|      0|   34|   27|    0|
    |main_hdiv_16ns_16ns_16_7_1_U82           |main_hdiv_16ns_16ns_16_7_1           |        0|      0|  170|  220|    0|
    |main_hmul_16ns_16ns_16_4_max_dsp_1_U81   |main_hmul_16ns_16ns_16_4_max_dsp_1   |        0|      2|   91|   36|    0|
    |main_hptosp_16ns_32_2_1_U79              |main_hptosp_16ns_32_2_1              |        0|      0|   52|    9|    0|
    |main_sptohp_32ns_16_2_1_U78              |main_sptohp_32ns_16_2_1              |        0|      0|   64|   21|    0|
    +-----------------------------------------+-------------------------------------+---------+-------+-----+-----+-----+
    |Total                                    |                                     |        0|      4| 1686| 2038|    0|
    +-----------------------------------------+-------------------------------------+---------+-------+-----+-----+-----+

    * DSP48E: 
    N/A

    * Memory: 
    +--------------+-----------------------------+---------+----+----+-----+------+-----+------+-------------+
    |    Memory    |            Module           | BRAM_18K| FF | LUT| URAM| Words| Bits| Banks| W*Bits*Banks|
    +--------------+-----------------------------+---------+----+----+-----+------+-----+------+-------------+
    |ConvW1_U      |conv_bn_act_pool_3_ConvW1    |        8|   0|   0|    0|  7168|   16|     1|       114688|
    |X_slice1_U    |conv_bn_act_pool_3_X_slice1  |        4|   0|   0|    0|  2496|   16|     1|        39936|
    |BN1_var1_U    |conv_bn_act_pool_4_BN1_var0  |        0|  16|   8|    0|    32|   16|     1|          512|
    |BN1_gamma1_U  |conv_bn_act_pool_4_BN1_var0  |        0|  16|   8|    0|    32|   16|     1|          512|
    +--------------+-----------------------------+---------+----+----+-----+------+-----+------+-------------+
    |Total         |                             |       12|  32|  16|    0|  9728|   64|     4|       155648|
    +--------------+-----------------------------+---------+----+----+-----+------+-----+------+-------------+

    * FIFO: 
    N/A

    * Expression: 
    +-----------------------+----------+-------+---+----+------------+------------+
    |     Variable Name     | Operation| DSP48E| FF| LUT| Bitwidth P0| Bitwidth P1|
    +-----------------------+----------+-------+---+----+------------+------------+
    |add_ln106_1_fu_705_p2  |     +    |      0|  0|  19|          14|          14|
    |add_ln106_4_fu_696_p2  |     +    |      0|  0|  13|          11|          11|
    |add_ln106_fu_675_p2    |     +    |      0|  0|  15|           8|           8|
    |add_ln107_2_fu_720_p2  |     +    |      0|  0|  15|           8|           8|
    |add_ln107_fu_728_p2    |     +    |      0|  0|  14|          10|          10|
    |add_ln82_fu_439_p2     |     +    |      0|  0|  15|           7|           7|
    |add_ln85_2_fu_502_p2   |     +    |      0|  0|  17|          13|          13|
    |add_ln85_fu_478_p2     |     +    |      0|  0|  12|          12|          12|
    |add_ln88_fu_453_p2     |     +    |      0|  0|  12|          12|          12|
    |add_ln93_fu_544_p2     |     +    |      0|  0|  17|          13|          13|
    |add_ln95_fu_572_p2     |     +    |      0|  0|  17|          13|          13|
    |c_7_fu_653_p2          |     +    |      0|  0|  15|           7|           1|
    |c_fu_556_p2            |     +    |      0|  0|  15|           7|           1|
    |e_fu_468_p2            |     +    |      0|  0|  15|           6|           1|
    |f_fu_413_p2            |     +    |      0|  0|  15|           6|           1|
    |k_fu_429_p2            |     +    |      0|  0|  12|           3|           1|
    |p_fu_669_p2            |     +    |      0|  0|  12|           3|           1|
    |t_3_fu_518_p2          |     +    |      0|  0|  15|           7|           1|
    |t_fu_389_p2            |     +    |      0|  0|  15|           7|           1|
    |u_fu_595_p2            |     +    |      0|  0|  13|           4|           1|
    |sub_ln106_fu_625_p2    |     -    |      0|  0|  15|           8|           8|
    |icmp_ln103_fu_589_p2   |   icmp   |      0|  0|   9|           4|           3|
    |icmp_ln104_fu_647_p2   |   icmp   |      0|  0|  11|           7|           7|
    |icmp_ln106_fu_663_p2   |   icmp   |      0|  0|   9|           3|           3|
    |icmp_ln77_fu_383_p2    |   icmp   |      0|  0|  11|           7|           7|
    |icmp_ln78_fu_407_p2    |   icmp   |      0|  0|  11|           6|           7|
    |icmp_ln81_fu_423_p2    |   icmp   |      0|  0|   9|           3|           2|
    |icmp_ln84_fu_462_p2    |   icmp   |      0|  0|  11|           6|           7|
    |icmp_ln92_fu_512_p2    |   icmp   |      0|  0|  11|           7|           7|
    |icmp_ln94_fu_550_p2    |   icmp   |      0|  0|  11|           7|           7|
    |select_ln46_fu_581_p3  |  select  |      0|  0|  16|           1|          16|
    +-----------------------+----------+-------+---+----+------------+------------+
    |Total                  |          |      0|  0| 417|         230|         204|
    +-----------------------+----------+-------+---+----+------------+------------+

    * Multiplexer: 
    +---------------+-----+-----------+-----+-----------+
    |      Name     | LUT | Input Size| Bits| Total Bits|
    +---------------+-----+-----------+-----+-----------+
    |Y_address0     |   27|          5|   15|         75|
    |Y_d0           |   15|          3|   16|         48|
    |acc_0_reg_203  |    9|          2|   16|         32|
    |acc_1_reg_228  |    9|          2|   16|         32|
    |acc_2_reg_295  |    9|          2|   16|         32|
    |ap_NS_fsm      |  369|         84|    1|         84|
    |c_0_reg_262    |    9|          2|    7|         14|
    |c_1_reg_284    |    9|          2|    7|         14|
    |e_0_reg_240    |    9|          2|    6|         12|
    |f_0_reg_192    |    9|          2|    6|         12|
    |grp_fu_330_p0  |   15|          3|   16|         48|
    |grp_fu_334_p0  |   27|          5|   16|         80|
    |grp_fu_334_p1  |   27|          5|   16|         80|
    |grp_fu_342_p0  |   15|          3|   16|         48|
    |grp_fu_342_p1  |   15|          3|   16|         48|
    |k_0_reg_216    |    9|          2|    3|          6|
    |p_0_reg_307    |    9|          2|    3|          6|
    |t_0_reg_180    |    9|          2|    7|         14|
    |t_1_reg_251    |    9|          2|    7|         14|
    |u_0_reg_273    |    9|          2|    4|          8|
    +---------------+-----+-----------+-----+-----------+
    |Total          |  618|        135|  210|        707|
    +---------------+-----+-----------+-----+-----------+

    * Register: 
    +-------------------------+----+----+-----+-----------+
    |           Name          | FF | LUT| Bits| Const Bits|
    +-------------------------+----+----+-----+-----------+
    |BN1_gamma1_load_reg_850  |  16|   0|   16|          0|
    |BN1_var1_load_reg_845    |  16|   0|   16|          0|
    |ConvW1_load_reg_804      |  16|   0|   16|          0|
    |X_slice1_load_reg_799    |  16|   0|   16|          0|
    |Y_addr12_reg_855         |  13|   0|   15|          2|
    |acc_0_reg_203            |  16|   0|   16|          0|
    |acc_1_reg_228            |  16|   0|   16|          0|
    |acc_2_reg_295            |  16|   0|   16|          0|
    |add_ln107_reg_934        |  10|   0|   10|          0|
    |add_ln93_reg_817         |  10|   0|   13|          3|
    |add_ln95_reg_830         |  13|   0|   13|          0|
    |ap_CS_fsm                |  83|   0|   83|          0|
    |c_0_reg_262              |   7|   0|    7|          0|
    |c_1_cast4_reg_903        |   7|   0|    8|          1|
    |c_1_cast_reg_908         |   7|   0|   11|          4|
    |c_1_reg_284              |   7|   0|    7|          0|
    |c_7_reg_916              |   7|   0|    7|          0|
    |c_reg_825                |   7|   0|    7|          0|
    |e_0_reg_240              |   6|   0|    6|          0|
    |e_reg_784                |   6|   0|    6|          0|
    |f_0_reg_192              |   6|   0|    6|          0|
    |f_reg_758                |   6|   0|    6|          0|
    |k_0_reg_216              |   3|   0|    3|          0|
    |k_reg_771                |   3|   0|    3|          0|
    |nrm_reg_870              |  16|   0|   16|          0|
    |p_0_reg_307              |   3|   0|    3|          0|
    |p_reg_924                |   3|   0|    3|          0|
    |reg_357                  |  16|   0|   16|          0|
    |reg_363                  |  16|   0|   16|          0|
    |reg_371                  |  32|   0|   32|          0|
    |reg_377                  |  16|   0|   16|          0|
    |select_ln46_reg_875      |  16|   0|   16|          0|
    |shl_ln1_reg_898          |   4|   0|   10|          6|
    |shl_ln2_reg_776          |   7|   0|   12|          5|
    |shl_ln_reg_745           |   7|   0|   12|          5|
    |sub_ln106_reg_893        |   7|   0|    8|          1|
    |t_0_reg_180              |   7|   0|    7|          0|
    |t_1_reg_251              |   7|   0|    7|          0|
    |t_3_reg_812              |   7|   0|    7|          0|
    |t_reg_740                |   7|   0|    7|          0|
    |tmp_91_reg_860           |  32|   0|   32|          0|
    |tmp_92_reg_865           |  32|   0|   32|          0|
    |tmp_96_reg_939           |  16|   0|   16|          0|
    |u_0_reg_273              |   4|   0|    4|          0|
    |u_reg_883                |   4|   0|    4|          0|
    |zext_ln106_2_reg_888     |   4|   0|    8|          4|
    |zext_ln78_reg_750        |   6|   0|   12|          6|
    |zext_ln81_reg_763        |   6|   0|   13|          7|
    +-------------------------+----+----+-----+-----------+
    |Total                    | 588|   0|  632|         44|
    +-------------------------+----+----+-----+-----------+



================================================================
== Interface
================================================================
* Summary: 
+------------+-----+-----+------------+--------------------+--------------+
|  RTL Ports | Dir | Bits|  Protocol  |    Source Object   |    C Type    |
+------------+-----+-----+------------+--------------------+--------------+
|ap_clk      |  in |    1| ap_ctrl_hs | conv_bn_act_pool.3 | return value |
|ap_rst      |  in |    1| ap_ctrl_hs | conv_bn_act_pool.3 | return value |
|ap_start    |  in |    1| ap_ctrl_hs | conv_bn_act_pool.3 | return value |
|ap_done     | out |    1| ap_ctrl_hs | conv_bn_act_pool.3 | return value |
|ap_idle     | out |    1| ap_ctrl_hs | conv_bn_act_pool.3 | return value |
|ap_ready    | out |    1| ap_ctrl_hs | conv_bn_act_pool.3 | return value |
|Y_address0  | out |   15|  ap_memory |          Y         |     array    |
|Y_ce0       | out |    1|  ap_memory |          Y         |     array    |
|Y_we0       | out |    1|  ap_memory |          Y         |     array    |
|Y_d0        | out |   16|  ap_memory |          Y         |     array    |
|Y_q0        |  in |   16|  ap_memory |          Y         |     array    |
|U_address0  | out |    9|  ap_memory |          U         |     array    |
|U_ce0       | out |    1|  ap_memory |          U         |     array    |
|U_we0       | out |    1|  ap_memory |          U         |     array    |
|U_d0        | out |   16|  ap_memory |          U         |     array    |
+------------+-----+-----+------------+--------------------+--------------+

============================================================
+ Verbose Summary: Synthesis Manager
============================================================
InlineROM: 1
ExposeGlobal: 0
============================================================
+ Verbose Summary: CDFG Model
============================================================
IsTopModel: 0
ResetActiveHigh: 1
IsCombinational: 2
IsDatapathOnly: 2
HasWiredReturn: 1
HasMFsm: 0
HasVarLatency: 1
IsPipeline: 0
IsRtlPipelined: 0
IsInstanceOverlapped: 0
IsDontTouch: 0
HasImplIP: 0
IsGatedGlobalClock: 0


============================================================
+ Verbose Summary: Schedule
============================================================
* Number of FSM states : 83
* Pipeline : 0
* Dataflow Pipeline: 0

* FSM state transitions: 
1 --> 2 
2 --> 3 16 
3 --> 4 2 
4 --> 5 3 
5 --> 6 4 
6 --> 7 
7 --> 8 
8 --> 9 
9 --> 10 
10 --> 11 
11 --> 12 
12 --> 13 
13 --> 14 
14 --> 15 
15 --> 5 
16 --> 17 68 
17 --> 18 16 
18 --> 19 
19 --> 20 
20 --> 21 
21 --> 22 
22 --> 23 
23 --> 24 
24 --> 25 
25 --> 26 
26 --> 27 
27 --> 28 
28 --> 29 
29 --> 30 
30 --> 31 
31 --> 32 
32 --> 33 
33 --> 34 
34 --> 35 
35 --> 36 
36 --> 37 
37 --> 38 
38 --> 39 
39 --> 40 
40 --> 41 
41 --> 42 
42 --> 43 
43 --> 44 
44 --> 45 
45 --> 46 
46 --> 47 
47 --> 48 
48 --> 49 
49 --> 50 
50 --> 51 
51 --> 52 
52 --> 53 
53 --> 54 
54 --> 55 
55 --> 56 
56 --> 57 
57 --> 58 
58 --> 59 
59 --> 60 
60 --> 61 
61 --> 62 
62 --> 63 
63 --> 64 
64 --> 65 
65 --> 66 
66 --> 67 
67 --> 17 
68 --> 69 
69 --> 70 68 
70 --> 71 77 
71 --> 72 
72 --> 73 
73 --> 74 
74 --> 75 
75 --> 76 
76 --> 70 
77 --> 78 
78 --> 79 
79 --> 80 
80 --> 81 
81 --> 82 
82 --> 83 
83 --> 69 

* FSM state operations: 

State 1 <SV = 0> <Delay = 1.76>
ST_1 : Operation 84 [1/1] (1.76ns)   --->   "br label %.loopexit1" [main_5_slices.cpp:77]   --->   Operation 84 'br' <Predicate = true> <Delay = 1.76>

State 2 <SV = 1> <Delay = 1.87>
ST_2 : Operation 85 [1/1] (0.00ns)   --->   "%t_0 = phi i7 [ 0, %0 ], [ %t, %.loopexit1.loopexit ]"   --->   Operation 85 'phi' 't_0' <Predicate = true> <Delay = 0.00>
ST_2 : Operation 86 [1/1] (0.00ns)   --->   "%empty = call i32 (...)* @_ssdm_op_SpecLoopTripCount(i64 72, i64 72, i64 72)"   --->   Operation 86 'speclooptripcount' 'empty' <Predicate = true> <Delay = 0.00>
ST_2 : Operation 87 [1/1] (1.48ns)   --->   "%icmp_ln77 = icmp eq i7 %t_0, -56" [main_5_slices.cpp:77]   --->   Operation 87 'icmp' 'icmp_ln77' <Predicate = true> <Delay = 1.48> <Core = "Cmp">   --->   Core 25 'Cmp' <Latency = 0> <II = 1> <Delay = 1.48> <FuncUnit> <Opcode : 'icmp'> <InPorts = 2> <OutPorts = 1>
ST_2 : Operation 88 [1/1] (1.87ns)   --->   "%t = add i7 %t_0, 1" [main_5_slices.cpp:77]   --->   Operation 88 'add' 't' <Predicate = true> <Delay = 1.87> <Core = "AddSub">   --->   Core 14 'AddSub' <Latency = 0> <II = 1> <Delay = 1.73> <FuncUnit> <Opcode : 'add' 'sub'> <InPorts = 2> <OutPorts = 1>
ST_2 : Operation 89 [1/1] (0.00ns)   --->   "br i1 %icmp_ln77, label %.preheader5.preheader, label %.preheader6.preheader" [main_5_slices.cpp:77]   --->   Operation 89 'br' <Predicate = true> <Delay = 0.00>
ST_2 : Operation 90 [1/1] (0.00ns)   --->   "%shl_ln = call i12 @_ssdm_op_BitConcatenate.i12.i7.i5(i7 %t_0, i5 0)" [main_5_slices.cpp:88]   --->   Operation 90 'bitconcatenate' 'shl_ln' <Predicate = (!icmp_ln77)> <Delay = 0.00>
ST_2 : Operation 91 [1/1] (1.76ns)   --->   "br label %.preheader6" [main_5_slices.cpp:78]   --->   Operation 91 'br' <Predicate = (!icmp_ln77)> <Delay = 1.76>
ST_2 : Operation 92 [1/1] (1.76ns)   --->   "br label %.preheader5"   --->   Operation 92 'br' <Predicate = (icmp_ln77)> <Delay = 1.76>

State 3 <SV = 2> <Delay = 1.82>
ST_3 : Operation 93 [1/1] (0.00ns)   --->   "%f_0 = phi i6 [ %f, %4 ], [ 0, %.preheader6.preheader ]"   --->   Operation 93 'phi' 'f_0' <Predicate = true> <Delay = 0.00>
ST_3 : Operation 94 [1/1] (0.00ns)   --->   "%zext_ln78 = zext i6 %f_0 to i12" [main_5_slices.cpp:78]   --->   Operation 94 'zext' 'zext_ln78' <Predicate = true> <Delay = 0.00>
ST_3 : Operation 95 [1/1] (1.42ns)   --->   "%icmp_ln78 = icmp eq i6 %f_0, -32" [main_5_slices.cpp:78]   --->   Operation 95 'icmp' 'icmp_ln78' <Predicate = true> <Delay = 1.42> <Core = "Cmp">   --->   Core 25 'Cmp' <Latency = 0> <II = 1> <Delay = 1.48> <FuncUnit> <Opcode : 'icmp'> <InPorts = 2> <OutPorts = 1>
ST_3 : Operation 96 [1/1] (0.00ns)   --->   "%empty_66 = call i32 (...)* @_ssdm_op_SpecLoopTripCount(i64 32, i64 32, i64 32)"   --->   Operation 96 'speclooptripcount' 'empty_66' <Predicate = true> <Delay = 0.00>
ST_3 : Operation 97 [1/1] (1.82ns)   --->   "%f = add i6 %f_0, 1" [main_5_slices.cpp:78]   --->   Operation 97 'add' 'f' <Predicate = true> <Delay = 1.82> <Core = "AddSub">   --->   Core 14 'AddSub' <Latency = 0> <II = 1> <Delay = 1.73> <FuncUnit> <Opcode : 'add' 'sub'> <InPorts = 2> <OutPorts = 1>
ST_3 : Operation 98 [1/1] (0.00ns)   --->   "br i1 %icmp_ln78, label %.loopexit1.loopexit, label %._crit_edge" [main_5_slices.cpp:78]   --->   Operation 98 'br' <Predicate = true> <Delay = 0.00>
ST_3 : Operation 99 [1/1] (0.00ns)   --->   "%zext_ln81 = zext i6 %f_0 to i13" [main_5_slices.cpp:81]   --->   Operation 99 'zext' 'zext_ln81' <Predicate = (!icmp_ln78)> <Delay = 0.00>
ST_3 : Operation 100 [1/1] (1.76ns)   --->   "br label %.loopexit" [main_5_slices.cpp:81]   --->   Operation 100 'br' <Predicate = (!icmp_ln78)> <Delay = 1.76>
ST_3 : Operation 101 [1/1] (0.00ns)   --->   "br label %.loopexit1"   --->   Operation 101 'br' <Predicate = (icmp_ln78)> <Delay = 0.00>

State 4 <SV = 3> <Delay = 4.80>
ST_4 : Operation 102 [1/1] (0.00ns)   --->   "%acc_0 = phi half [ 0x0, %._crit_edge ], [ %acc_1, %.loopexit.loopexit ]" [main_5_slices.cpp:85]   --->   Operation 102 'phi' 'acc_0' <Predicate = true> <Delay = 0.00>
ST_4 : Operation 103 [1/1] (0.00ns)   --->   "%k_0 = phi i3 [ 0, %._crit_edge ], [ %k, %.loopexit.loopexit ]"   --->   Operation 103 'phi' 'k_0' <Predicate = true> <Delay = 0.00>
ST_4 : Operation 104 [1/1] (1.13ns)   --->   "%icmp_ln81 = icmp eq i3 %k_0, -1" [main_5_slices.cpp:81]   --->   Operation 104 'icmp' 'icmp_ln81' <Predicate = true> <Delay = 1.13> <Core = "Cmp">   --->   Core 25 'Cmp' <Latency = 0> <II = 1> <Delay = 1.48> <FuncUnit> <Opcode : 'icmp'> <InPorts = 2> <OutPorts = 1>
ST_4 : Operation 105 [1/1] (0.00ns)   --->   "%empty_67 = call i32 (...)* @_ssdm_op_SpecLoopTripCount(i64 7, i64 7, i64 7)"   --->   Operation 105 'speclooptripcount' 'empty_67' <Predicate = true> <Delay = 0.00>
ST_4 : Operation 106 [1/1] (1.65ns)   --->   "%k = add i3 %k_0, 1" [main_5_slices.cpp:81]   --->   Operation 106 'add' 'k' <Predicate = true> <Delay = 1.65> <Core = "AddSub">   --->   Core 14 'AddSub' <Latency = 0> <II = 1> <Delay = 1.73> <FuncUnit> <Opcode : 'add' 'sub'> <InPorts = 2> <OutPorts = 1>
ST_4 : Operation 107 [1/1] (0.00ns)   --->   "br i1 %icmp_ln81, label %4, label %1" [main_5_slices.cpp:81]   --->   Operation 107 'br' <Predicate = true> <Delay = 0.00>
ST_4 : Operation 108 [1/1] (0.00ns)   --->   "%zext_ln82 = zext i3 %k_0 to i7" [main_5_slices.cpp:82]   --->   Operation 108 'zext' 'zext_ln82' <Predicate = (!icmp_ln81)> <Delay = 0.00>
ST_4 : Operation 109 [1/1] (1.87ns)   --->   "%add_ln82 = add i7 %t_0, %zext_ln82" [main_5_slices.cpp:82]   --->   Operation 109 'add' 'add_ln82' <Predicate = (!icmp_ln81)> <Delay = 1.87> <Core = "AddSub">   --->   Core 14 'AddSub' <Latency = 0> <II = 1> <Delay = 1.73> <FuncUnit> <Opcode : 'add' 'sub'> <InPorts = 2> <OutPorts = 1>
ST_4 : Operation 110 [1/1] (0.00ns)   --->   "%shl_ln2 = call i12 @_ssdm_op_BitConcatenate.i12.i7.i5(i7 %add_ln82, i5 0)" [main_5_slices.cpp:82]   --->   Operation 110 'bitconcatenate' 'shl_ln2' <Predicate = (!icmp_ln81)> <Delay = 0.00>
ST_4 : Operation 111 [1/1] (1.76ns)   --->   "br label %2" [main_5_slices.cpp:84]   --->   Operation 111 'br' <Predicate = (!icmp_ln81)> <Delay = 1.76>
ST_4 : Operation 112 [1/1] (1.54ns)   --->   "%add_ln88 = add i12 %shl_ln, %zext_ln78" [main_5_slices.cpp:88]   --->   Operation 112 'add' 'add_ln88' <Predicate = (icmp_ln81)> <Delay = 1.54> <Core = "AddSub">   --->   Core 14 'AddSub' <Latency = 0> <II = 1> <Delay = 1.73> <FuncUnit> <Opcode : 'add' 'sub'> <InPorts = 2> <OutPorts = 1>
ST_4 : Operation 113 [1/1] (0.00ns)   --->   "%zext_ln88 = zext i12 %add_ln88 to i64" [main_5_slices.cpp:88]   --->   Operation 113 'zext' 'zext_ln88' <Predicate = (icmp_ln81)> <Delay = 0.00>
ST_4 : Operation 114 [1/1] (0.00ns)   --->   "%Y_addr = getelementptr [18432 x half]* %Y, i64 0, i64 %zext_ln88" [main_5_slices.cpp:88]   --->   Operation 114 'getelementptr' 'Y_addr' <Predicate = (icmp_ln81)> <Delay = 0.00>
ST_4 : Operation 115 [1/1] (3.25ns)   --->   "store half %acc_0, half* %Y_addr, align 2" [main_5_slices.cpp:88]   --->   Operation 115 'store' <Predicate = (icmp_ln81)> <Delay = 3.25> <Core = "RAM">   --->   Core 37 'RAM' <Latency = 1> <II = 1> <Delay = 3.25> <Storage> <Opcode : 'load' 'store'> <Ports = 2> <Width = 16> <Depth = 128> <RAM>
ST_4 : Operation 116 [1/1] (0.00ns)   --->   "br label %.preheader6" [main_5_slices.cpp:78]   --->   Operation 116 'br' <Predicate = (icmp_ln81)> <Delay = 0.00>

State 5 <SV = 4> <Delay = 4.93>
ST_5 : Operation 117 [1/1] (0.00ns)   --->   "%acc_1 = phi half [ %acc_0, %1 ], [ %acc_3, %3 ]"   --->   Operation 117 'phi' 'acc_1' <Predicate = true> <Delay = 0.00>
ST_5 : Operation 118 [1/1] (0.00ns)   --->   "%e_0 = phi i6 [ 0, %1 ], [ %e, %3 ]"   --->   Operation 118 'phi' 'e_0' <Predicate = true> <Delay = 0.00>
ST_5 : Operation 119 [1/1] (1.42ns)   --->   "%icmp_ln84 = icmp eq i6 %e_0, -32" [main_5_slices.cpp:84]   --->   Operation 119 'icmp' 'icmp_ln84' <Predicate = true> <Delay = 1.42> <Core = "Cmp">   --->   Core 25 'Cmp' <Latency = 0> <II = 1> <Delay = 1.48> <FuncUnit> <Opcode : 'icmp'> <InPorts = 2> <OutPorts = 1>
ST_5 : Operation 120 [1/1] (0.00ns)   --->   "%empty_68 = call i32 (...)* @_ssdm_op_SpecLoopTripCount(i64 32, i64 32, i64 32)"   --->   Operation 120 'speclooptripcount' 'empty_68' <Predicate = true> <Delay = 0.00>
ST_5 : Operation 121 [1/1] (1.82ns)   --->   "%e = add i6 %e_0, 1" [main_5_slices.cpp:84]   --->   Operation 121 'add' 'e' <Predicate = true> <Delay = 1.82> <Core = "AddSub">   --->   Core 14 'AddSub' <Latency = 0> <II = 1> <Delay = 1.73> <FuncUnit> <Opcode : 'add' 'sub'> <InPorts = 2> <OutPorts = 1>
ST_5 : Operation 122 [1/1] (0.00ns)   --->   "br i1 %icmp_ln84, label %.loopexit.loopexit, label %3" [main_5_slices.cpp:84]   --->   Operation 122 'br' <Predicate = true> <Delay = 0.00>
ST_5 : Operation 123 [1/1] (0.00ns)   --->   "%zext_ln85 = zext i6 %e_0 to i12" [main_5_slices.cpp:85]   --->   Operation 123 'zext' 'zext_ln85' <Predicate = (!icmp_ln84)> <Delay = 0.00>
ST_5 : Operation 124 [1/1] (1.54ns)   --->   "%add_ln85 = add i12 %zext_ln85, %shl_ln2" [main_5_slices.cpp:85]   --->   Operation 124 'add' 'add_ln85' <Predicate = (!icmp_ln84)> <Delay = 1.54> <Core = "AddSub">   --->   Core 14 'AddSub' <Latency = 0> <II = 1> <Delay = 1.73> <FuncUnit> <Opcode : 'add' 'sub'> <InPorts = 2> <OutPorts = 1>
ST_5 : Operation 125 [1/1] (0.00ns)   --->   "%zext_ln85_3 = zext i12 %add_ln85 to i64" [main_5_slices.cpp:85]   --->   Operation 125 'zext' 'zext_ln85_3' <Predicate = (!icmp_ln84)> <Delay = 0.00>
ST_5 : Operation 126 [1/1] (0.00ns)   --->   "%X_slice1_addr = getelementptr [2496 x half]* @X_slice1, i64 0, i64 %zext_ln85_3" [main_5_slices.cpp:85]   --->   Operation 126 'getelementptr' 'X_slice1_addr' <Predicate = (!icmp_ln84)> <Delay = 0.00>
ST_5 : Operation 127 [2/2] (3.25ns)   --->   "%X_slice1_load = load half* %X_slice1_addr, align 2" [main_5_slices.cpp:85]   --->   Operation 127 'load' 'X_slice1_load' <Predicate = (!icmp_ln84)> <Delay = 3.25> <Core = "ROM_nP">   --->   Core 52 'ROM_nP' <Latency = 1> <II = 1> <Delay = 3.25> <Storage> <Opcode : 'load'> <Ports = 0> <Width = 16> <Depth = 32> <ROM>
ST_5 : Operation 128 [1/1] (0.00ns)   --->   "%trunc_ln85 = trunc i6 %e_0 to i5" [main_5_slices.cpp:85]   --->   Operation 128 'trunc' 'trunc_ln85' <Predicate = (!icmp_ln84)> <Delay = 0.00>
ST_5 : Operation 129 [1/1] (0.00ns)   --->   "%tmp = call i13 @_ssdm_op_BitConcatenate.i13.i3.i5.i5(i3 %k_0, i5 %trunc_ln85, i5 0)" [main_5_slices.cpp:85]   --->   Operation 129 'bitconcatenate' 'tmp' <Predicate = (!icmp_ln84)> <Delay = 0.00>
ST_5 : Operation 130 [1/1] (1.67ns)   --->   "%add_ln85_2 = add i13 %zext_ln81, %tmp" [main_5_slices.cpp:85]   --->   Operation 130 'add' 'add_ln85_2' <Predicate = (!icmp_ln84)> <Delay = 1.67> <Core = "AddSub">   --->   Core 14 'AddSub' <Latency = 0> <II = 1> <Delay = 1.73> <FuncUnit> <Opcode : 'add' 'sub'> <InPorts = 2> <OutPorts = 1>
ST_5 : Operation 131 [1/1] (0.00ns)   --->   "%zext_ln85_4 = zext i13 %add_ln85_2 to i64" [main_5_slices.cpp:85]   --->   Operation 131 'zext' 'zext_ln85_4' <Predicate = (!icmp_ln84)> <Delay = 0.00>
ST_5 : Operation 132 [1/1] (0.00ns)   --->   "%ConvW1_addr = getelementptr [7168 x half]* @ConvW1, i64 0, i64 %zext_ln85_4" [main_5_slices.cpp:85]   --->   Operation 132 'getelementptr' 'ConvW1_addr' <Predicate = (!icmp_ln84)> <Delay = 0.00>
ST_5 : Operation 133 [2/2] (3.25ns)   --->   "%ConvW1_load = load half* %ConvW1_addr, align 2" [main_5_slices.cpp:85]   --->   Operation 133 'load' 'ConvW1_load' <Predicate = (!icmp_ln84)> <Delay = 3.25> <Core = "ROM_nP">   --->   Core 52 'ROM_nP' <Latency = 1> <II = 1> <Delay = 3.25> <Storage> <Opcode : 'load'> <Ports = 0> <Width = 16> <Depth = 32> <ROM>
ST_5 : Operation 134 [1/1] (0.00ns)   --->   "br label %.loopexit"   --->   Operation 134 'br' <Predicate = (icmp_ln84)> <Delay = 0.00>

State 6 <SV = 5> <Delay = 3.25>
ST_6 : Operation 135 [1/2] (3.25ns)   --->   "%X_slice1_load = load half* %X_slice1_addr, align 2" [main_5_slices.cpp:85]   --->   Operation 135 'load' 'X_slice1_load' <Predicate = true> <Delay = 3.25> <Core = "ROM_nP">   --->   Core 52 'ROM_nP' <Latency = 1> <II = 1> <Delay = 3.25> <Storage> <Opcode : 'load'> <Ports = 0> <Width = 16> <Depth = 32> <ROM>
ST_6 : Operation 136 [1/2] (3.25ns)   --->   "%ConvW1_load = load half* %ConvW1_addr, align 2" [main_5_slices.cpp:85]   --->   Operation 136 'load' 'ConvW1_load' <Predicate = true> <Delay = 3.25> <Core = "ROM_nP">   --->   Core 52 'ROM_nP' <Latency = 1> <II = 1> <Delay = 3.25> <Storage> <Opcode : 'load'> <Ports = 0> <Width = 16> <Depth = 32> <ROM>

State 7 <SV = 6> <Delay = 6.86>
ST_7 : Operation 137 [4/4] (6.86ns)   --->   "%tmp_95 = fmul half %X_slice1_load, %ConvW1_load" [main_5_slices.cpp:85]   --->   Operation 137 'hmul' 'tmp_95' <Predicate = true> <Delay = 6.86> <Core = "HMul">   --->   Core 91 'HMul' <Latency = 3> <II = 1> <Delay = 6.86> <FuncUnit> <Opcode : 'hmul'> <InPorts = 2> <OutPorts = 1>

State 8 <SV = 7> <Delay = 6.86>
ST_8 : Operation 138 [3/4] (6.86ns)   --->   "%tmp_95 = fmul half %X_slice1_load, %ConvW1_load" [main_5_slices.cpp:85]   --->   Operation 138 'hmul' 'tmp_95' <Predicate = true> <Delay = 6.86> <Core = "HMul">   --->   Core 91 'HMul' <Latency = 3> <II = 1> <Delay = 6.86> <FuncUnit> <Opcode : 'hmul'> <InPorts = 2> <OutPorts = 1>

State 9 <SV = 8> <Delay = 6.86>
ST_9 : Operation 139 [2/4] (6.86ns)   --->   "%tmp_95 = fmul half %X_slice1_load, %ConvW1_load" [main_5_slices.cpp:85]   --->   Operation 139 'hmul' 'tmp_95' <Predicate = true> <Delay = 6.86> <Core = "HMul">   --->   Core 91 'HMul' <Latency = 3> <II = 1> <Delay = 6.86> <FuncUnit> <Opcode : 'hmul'> <InPorts = 2> <OutPorts = 1>

State 10 <SV = 9> <Delay = 6.86>
ST_10 : Operation 140 [1/4] (6.86ns)   --->   "%tmp_95 = fmul half %X_slice1_load, %ConvW1_load" [main_5_slices.cpp:85]   --->   Operation 140 'hmul' 'tmp_95' <Predicate = true> <Delay = 6.86> <Core = "HMul">   --->   Core 91 'HMul' <Latency = 3> <II = 1> <Delay = 6.86> <FuncUnit> <Opcode : 'hmul'> <InPorts = 2> <OutPorts = 1>

State 11 <SV = 10> <Delay = 7.61>
ST_11 : Operation 141 [5/5] (7.61ns)   --->   "%acc_3 = fadd half %acc_1, %tmp_95" [main_5_slices.cpp:85]   --->   Operation 141 'hadd' 'acc_3' <Predicate = true> <Delay = 7.61> <Core = "HAddSub">   --->   Core 90 'HAddSub' <Latency = 4> <II = 1> <Delay = 7.61> <FuncUnit> <Opcode : 'hadd' 'hsub'> <InPorts = 2> <OutPorts = 1>

State 12 <SV = 11> <Delay = 7.61>
ST_12 : Operation 142 [4/5] (7.61ns)   --->   "%acc_3 = fadd half %acc_1, %tmp_95" [main_5_slices.cpp:85]   --->   Operation 142 'hadd' 'acc_3' <Predicate = true> <Delay = 7.61> <Core = "HAddSub">   --->   Core 90 'HAddSub' <Latency = 4> <II = 1> <Delay = 7.61> <FuncUnit> <Opcode : 'hadd' 'hsub'> <InPorts = 2> <OutPorts = 1>

State 13 <SV = 12> <Delay = 7.61>
ST_13 : Operation 143 [3/5] (7.61ns)   --->   "%acc_3 = fadd half %acc_1, %tmp_95" [main_5_slices.cpp:85]   --->   Operation 143 'hadd' 'acc_3' <Predicate = true> <Delay = 7.61> <Core = "HAddSub">   --->   Core 90 'HAddSub' <Latency = 4> <II = 1> <Delay = 7.61> <FuncUnit> <Opcode : 'hadd' 'hsub'> <InPorts = 2> <OutPorts = 1>

State 14 <SV = 13> <Delay = 7.61>
ST_14 : Operation 144 [2/5] (7.61ns)   --->   "%acc_3 = fadd half %acc_1, %tmp_95" [main_5_slices.cpp:85]   --->   Operation 144 'hadd' 'acc_3' <Predicate = true> <Delay = 7.61> <Core = "HAddSub">   --->   Core 90 'HAddSub' <Latency = 4> <II = 1> <Delay = 7.61> <FuncUnit> <Opcode : 'hadd' 'hsub'> <InPorts = 2> <OutPorts = 1>

State 15 <SV = 14> <Delay = 7.61>
ST_15 : Operation 145 [1/5] (7.61ns)   --->   "%acc_3 = fadd half %acc_1, %tmp_95" [main_5_slices.cpp:85]   --->   Operation 145 'hadd' 'acc_3' <Predicate = true> <Delay = 7.61> <Core = "HAddSub">   --->   Core 90 'HAddSub' <Latency = 4> <II = 1> <Delay = 7.61> <FuncUnit> <Opcode : 'hadd' 'hsub'> <InPorts = 2> <OutPorts = 1>
ST_15 : Operation 146 [1/1] (0.00ns)   --->   "br label %2" [main_5_slices.cpp:84]   --->   Operation 146 'br' <Predicate = true> <Delay = 0.00>

State 16 <SV = 2> <Delay = 1.87>
ST_16 : Operation 147 [1/1] (0.00ns)   --->   "%t_1 = phi i7 [ %t_3, %.preheader5.loopexit ], [ 0, %.preheader5.preheader ]"   --->   Operation 147 'phi' 't_1' <Predicate = true> <Delay = 0.00>
ST_16 : Operation 148 [1/1] (0.00ns)   --->   "%empty_69 = call i32 (...)* @_ssdm_op_SpecLoopTripCount(i64 78, i64 78, i64 78)"   --->   Operation 148 'speclooptripcount' 'empty_69' <Predicate = true> <Delay = 0.00>
ST_16 : Operation 149 [1/1] (1.48ns)   --->   "%icmp_ln92 = icmp eq i7 %t_1, -50" [main_5_slices.cpp:92]   --->   Operation 149 'icmp' 'icmp_ln92' <Predicate = true> <Delay = 1.48> <Core = "Cmp">   --->   Core 25 'Cmp' <Latency = 0> <II = 1> <Delay = 1.48> <FuncUnit> <Opcode : 'icmp'> <InPorts = 2> <OutPorts = 1>
ST_16 : Operation 150 [1/1] (1.87ns)   --->   "%t_3 = add i7 %t_1, 1" [main_5_slices.cpp:92]   --->   Operation 150 'add' 't_3' <Predicate = true> <Delay = 1.87> <Core = "AddSub">   --->   Core 14 'AddSub' <Latency = 0> <II = 1> <Delay = 1.73> <FuncUnit> <Opcode : 'add' 'sub'> <InPorts = 2> <OutPorts = 1>
ST_16 : Operation 151 [1/1] (0.00ns)   --->   "br i1 %icmp_ln92, label %.preheader8.preheader, label %5" [main_5_slices.cpp:92]   --->   Operation 151 'br' <Predicate = true> <Delay = 0.00>
ST_16 : Operation 152 [1/1] (0.00ns)   --->   "%shl_ln8 = call i13 @_ssdm_op_BitConcatenate.i13.i7.i6(i7 %t_1, i6 0)" [main_5_slices.cpp:93]   --->   Operation 152 'bitconcatenate' 'shl_ln8' <Predicate = (!icmp_ln92)> <Delay = 0.00>
ST_16 : Operation 153 [1/1] (0.00ns)   --->   "%shl_ln93_2 = call i10 @_ssdm_op_BitConcatenate.i10.i7.i3(i7 %t_1, i3 0)" [main_5_slices.cpp:93]   --->   Operation 153 'bitconcatenate' 'shl_ln93_2' <Predicate = (!icmp_ln92)> <Delay = 0.00>
ST_16 : Operation 154 [1/1] (0.00ns)   --->   "%zext_ln93 = zext i10 %shl_ln93_2 to i13" [main_5_slices.cpp:93]   --->   Operation 154 'zext' 'zext_ln93' <Predicate = (!icmp_ln92)> <Delay = 0.00>
ST_16 : Operation 155 [1/1] (1.67ns)   --->   "%add_ln93 = add i13 %zext_ln93, %shl_ln8" [main_5_slices.cpp:93]   --->   Operation 155 'add' 'add_ln93' <Predicate = (!icmp_ln92)> <Delay = 1.67> <Core = "AddSub">   --->   Core 14 'AddSub' <Latency = 0> <II = 1> <Delay = 1.73> <FuncUnit> <Opcode : 'add' 'sub'> <InPorts = 2> <OutPorts = 1>
ST_16 : Operation 156 [1/1] (1.76ns)   --->   "br label %6" [main_5_slices.cpp:94]   --->   Operation 156 'br' <Predicate = (!icmp_ln92)> <Delay = 1.76>
ST_16 : Operation 157 [1/1] (1.76ns)   --->   "br label %.preheader8"   --->   Operation 157 'br' <Predicate = (icmp_ln92)> <Delay = 1.76>

State 17 <SV = 3> <Delay = 3.25>
ST_17 : Operation 158 [1/1] (0.00ns)   --->   "%c_0 = phi i7 [ 0, %5 ], [ %c, %_ifconv ]"   --->   Operation 158 'phi' 'c_0' <Predicate = true> <Delay = 0.00>
ST_17 : Operation 159 [1/1] (0.00ns)   --->   "%empty_70 = call i32 (...)* @_ssdm_op_SpecLoopTripCount(i64 72, i64 72, i64 72)"   --->   Operation 159 'speclooptripcount' 'empty_70' <Predicate = true> <Delay = 0.00>
ST_17 : Operation 160 [1/1] (1.48ns)   --->   "%icmp_ln94 = icmp eq i7 %c_0, -56" [main_5_slices.cpp:94]   --->   Operation 160 'icmp' 'icmp_ln94' <Predicate = true> <Delay = 1.48> <Core = "Cmp">   --->   Core 25 'Cmp' <Latency = 0> <II = 1> <Delay = 1.48> <FuncUnit> <Opcode : 'icmp'> <InPorts = 2> <OutPorts = 1>
ST_17 : Operation 161 [1/1] (1.87ns)   --->   "%c = add i7 %c_0, 1" [main_5_slices.cpp:94]   --->   Operation 161 'add' 'c' <Predicate = true> <Delay = 1.87> <Core = "AddSub">   --->   Core 14 'AddSub' <Latency = 0> <II = 1> <Delay = 1.73> <FuncUnit> <Opcode : 'add' 'sub'> <InPorts = 2> <OutPorts = 1>
ST_17 : Operation 162 [1/1] (0.00ns)   --->   "br i1 %icmp_ln94, label %.preheader5.loopexit, label %_ifconv" [main_5_slices.cpp:94]   --->   Operation 162 'br' <Predicate = true> <Delay = 0.00>
ST_17 : Operation 163 [1/1] (0.00ns)   --->   "%zext_ln95 = zext i7 %c_0 to i64" [main_5_slices.cpp:95]   --->   Operation 163 'zext' 'zext_ln95' <Predicate = (!icmp_ln94)> <Delay = 0.00>
ST_17 : Operation 164 [1/1] (0.00ns)   --->   "%zext_ln95_3 = zext i7 %c_0 to i13" [main_5_slices.cpp:95]   --->   Operation 164 'zext' 'zext_ln95_3' <Predicate = (!icmp_ln94)> <Delay = 0.00>
ST_17 : Operation 165 [1/1] (1.67ns)   --->   "%add_ln95 = add i13 %add_ln93, %zext_ln95_3" [main_5_slices.cpp:95]   --->   Operation 165 'add' 'add_ln95' <Predicate = (!icmp_ln94)> <Delay = 1.67> <Core = "AddSub">   --->   Core 14 'AddSub' <Latency = 0> <II = 1> <Delay = 1.73> <FuncUnit> <Opcode : 'add' 'sub'> <InPorts = 2> <OutPorts = 1>
ST_17 : Operation 166 [1/1] (0.00ns)   --->   "%BN1_var1_addr = getelementptr [32 x half]* @BN1_var1, i64 0, i64 %zext_ln95" [main_5_slices.cpp:95]   --->   Operation 166 'getelementptr' 'BN1_var1_addr' <Predicate = (!icmp_ln94)> <Delay = 0.00>
ST_17 : Operation 167 [2/2] (3.25ns)   --->   "%BN1_var1_load = load half* %BN1_var1_addr, align 2" [main_5_slices.cpp:95]   --->   Operation 167 'load' 'BN1_var1_load' <Predicate = (!icmp_ln94)> <Delay = 3.25> <Core = "ROM_nP">   --->   Core 52 'ROM_nP' <Latency = 1> <II = 1> <Delay = 3.25> <Storage> <Opcode : 'load'> <Ports = 0> <Width = 16> <Depth = 32> <ROM>
ST_17 : Operation 168 [1/1] (0.00ns)   --->   "%BN1_gamma1_addr = getelementptr [32 x half]* @BN1_gamma1, i64 0, i64 %zext_ln95" [main_5_slices.cpp:96]   --->   Operation 168 'getelementptr' 'BN1_gamma1_addr' <Predicate = (!icmp_ln94)> <Delay = 0.00>
ST_17 : Operation 169 [2/2] (3.25ns)   --->   "%BN1_gamma1_load = load half* %BN1_gamma1_addr, align 2" [main_5_slices.cpp:96]   --->   Operation 169 'load' 'BN1_gamma1_load' <Predicate = (!icmp_ln94)> <Delay = 3.25> <Core = "ROM_nP">   --->   Core 52 'ROM_nP' <Latency = 1> <II = 1> <Delay = 3.25> <Storage> <Opcode : 'load'> <Ports = 0> <Width = 16> <Depth = 32> <ROM>
ST_17 : Operation 170 [1/1] (0.00ns)   --->   "br label %.preheader5"   --->   Operation 170 'br' <Predicate = (icmp_ln94)> <Delay = 0.00>

State 18 <SV = 4> <Delay = 3.25>
ST_18 : Operation 171 [1/2] (3.25ns)   --->   "%BN1_var1_load = load half* %BN1_var1_addr, align 2" [main_5_slices.cpp:95]   --->   Operation 171 'load' 'BN1_var1_load' <Predicate = true> <Delay = 3.25> <Core = "ROM_nP">   --->   Core 52 'ROM_nP' <Latency = 1> <II = 1> <Delay = 3.25> <Storage> <Opcode : 'load'> <Ports = 0> <Width = 16> <Depth = 32> <ROM>
ST_18 : Operation 172 [1/2] (3.25ns)   --->   "%BN1_gamma1_load = load half* %BN1_gamma1_addr, align 2" [main_5_slices.cpp:96]   --->   Operation 172 'load' 'BN1_gamma1_load' <Predicate = true> <Delay = 3.25> <Core = "ROM_nP">   --->   Core 52 'ROM_nP' <Latency = 1> <II = 1> <Delay = 3.25> <Storage> <Opcode : 'load'> <Ports = 0> <Width = 16> <Depth = 32> <ROM>

State 19 <SV = 5> <Delay = 7.61>
ST_19 : Operation 173 [5/5] (7.61ns)   --->   "%tmp_89 = fadd half %BN1_var1_load, 0x3F50640000000000" [main_5_slices.cpp:95]   --->   Operation 173 'hadd' 'tmp_89' <Predicate = true> <Delay = 7.61> <Core = "HAddSub">   --->   Core 90 'HAddSub' <Latency = 4> <II = 1> <Delay = 7.61> <FuncUnit> <Opcode : 'hadd' 'hsub'> <InPorts = 2> <OutPorts = 1>

State 20 <SV = 6> <Delay = 7.61>
ST_20 : Operation 174 [4/5] (7.61ns)   --->   "%tmp_89 = fadd half %BN1_var1_load, 0x3F50640000000000" [main_5_slices.cpp:95]   --->   Operation 174 'hadd' 'tmp_89' <Predicate = true> <Delay = 7.61> <Core = "HAddSub">   --->   Core 90 'HAddSub' <Latency = 4> <II = 1> <Delay = 7.61> <FuncUnit> <Opcode : 'hadd' 'hsub'> <InPorts = 2> <OutPorts = 1>

State 21 <SV = 7> <Delay = 7.61>
ST_21 : Operation 175 [3/5] (7.61ns)   --->   "%tmp_89 = fadd half %BN1_var1_load, 0x3F50640000000000" [main_5_slices.cpp:95]   --->   Operation 175 'hadd' 'tmp_89' <Predicate = true> <Delay = 7.61> <Core = "HAddSub">   --->   Core 90 'HAddSub' <Latency = 4> <II = 1> <Delay = 7.61> <FuncUnit> <Opcode : 'hadd' 'hsub'> <InPorts = 2> <OutPorts = 1>

State 22 <SV = 8> <Delay = 7.61>
ST_22 : Operation 176 [2/5] (7.61ns)   --->   "%tmp_89 = fadd half %BN1_var1_load, 0x3F50640000000000" [main_5_slices.cpp:95]   --->   Operation 176 'hadd' 'tmp_89' <Predicate = true> <Delay = 7.61> <Core = "HAddSub">   --->   Core 90 'HAddSub' <Latency = 4> <II = 1> <Delay = 7.61> <FuncUnit> <Opcode : 'hadd' 'hsub'> <InPorts = 2> <OutPorts = 1>

State 23 <SV = 9> <Delay = 7.61>
ST_23 : Operation 177 [1/5] (7.61ns)   --->   "%tmp_89 = fadd half %BN1_var1_load, 0x3F50640000000000" [main_5_slices.cpp:95]   --->   Operation 177 'hadd' 'tmp_89' <Predicate = true> <Delay = 7.61> <Core = "HAddSub">   --->   Core 90 'HAddSub' <Latency = 4> <II = 1> <Delay = 7.61> <FuncUnit> <Opcode : 'hadd' 'hsub'> <InPorts = 2> <OutPorts = 1>

State 24 <SV = 10> <Delay = 3.52>
ST_24 : Operation 178 [2/2] (3.52ns)   --->   "%tmp_90 = fpext half %tmp_89 to float" [main_5_slices.cpp:95]   --->   Operation 178 'hptosp' 'tmp_90' <Predicate = true> <Delay = 3.52> <Core = "Half2Float">   --->   Core 93 'Half2Float' <Latency = 1> <II = 1> <Delay = 3.52> <FuncUnit> <Opcode : 'hptosp'> <InPorts = 1> <OutPorts = 1>

State 25 <SV = 11> <Delay = 3.52>
ST_25 : Operation 179 [1/2] (3.52ns)   --->   "%tmp_90 = fpext half %tmp_89 to float" [main_5_slices.cpp:95]   --->   Operation 179 'hptosp' 'tmp_90' <Predicate = true> <Delay = 3.52> <Core = "Half2Float">   --->   Core 93 'Half2Float' <Latency = 1> <II = 1> <Delay = 3.52> <FuncUnit> <Opcode : 'hptosp'> <InPorts = 1> <OutPorts = 1>

State 26 <SV = 12> <Delay = 8.12>
ST_26 : Operation 180 [12/12] (8.12ns)   --->   "%tmp_91 = call float @llvm.sqrt.f32(float %tmp_90)" [main_5_slices.cpp:95]   --->   Operation 180 'fsqrt' 'tmp_91' <Predicate = true> <Delay = 8.12> <Core = "FSqrt">   --->   Core 108 'FSqrt' <Latency = 11> <II = 1> <Delay = 8.12> <FuncUnit> <Opcode : 'fsqrt'> <InPorts = 1> <OutPorts = 1>

State 27 <SV = 13> <Delay = 8.12>
ST_27 : Operation 181 [11/12] (8.12ns)   --->   "%tmp_91 = call float @llvm.sqrt.f32(float %tmp_90)" [main_5_slices.cpp:95]   --->   Operation 181 'fsqrt' 'tmp_91' <Predicate = true> <Delay = 8.12> <Core = "FSqrt">   --->   Core 108 'FSqrt' <Latency = 11> <II = 1> <Delay = 8.12> <FuncUnit> <Opcode : 'fsqrt'> <InPorts = 1> <OutPorts = 1>

State 28 <SV = 14> <Delay = 8.12>
ST_28 : Operation 182 [10/12] (8.12ns)   --->   "%tmp_91 = call float @llvm.sqrt.f32(float %tmp_90)" [main_5_slices.cpp:95]   --->   Operation 182 'fsqrt' 'tmp_91' <Predicate = true> <Delay = 8.12> <Core = "FSqrt">   --->   Core 108 'FSqrt' <Latency = 11> <II = 1> <Delay = 8.12> <FuncUnit> <Opcode : 'fsqrt'> <InPorts = 1> <OutPorts = 1>

State 29 <SV = 15> <Delay = 8.12>
ST_29 : Operation 183 [9/12] (8.12ns)   --->   "%tmp_91 = call float @llvm.sqrt.f32(float %tmp_90)" [main_5_slices.cpp:95]   --->   Operation 183 'fsqrt' 'tmp_91' <Predicate = true> <Delay = 8.12> <Core = "FSqrt">   --->   Core 108 'FSqrt' <Latency = 11> <II = 1> <Delay = 8.12> <FuncUnit> <Opcode : 'fsqrt'> <InPorts = 1> <OutPorts = 1>

State 30 <SV = 16> <Delay = 8.12>
ST_30 : Operation 184 [8/12] (8.12ns)   --->   "%tmp_91 = call float @llvm.sqrt.f32(float %tmp_90)" [main_5_slices.cpp:95]   --->   Operation 184 'fsqrt' 'tmp_91' <Predicate = true> <Delay = 8.12> <Core = "FSqrt">   --->   Core 108 'FSqrt' <Latency = 11> <II = 1> <Delay = 8.12> <FuncUnit> <Opcode : 'fsqrt'> <InPorts = 1> <OutPorts = 1>

State 31 <SV = 17> <Delay = 8.12>
ST_31 : Operation 185 [7/12] (8.12ns)   --->   "%tmp_91 = call float @llvm.sqrt.f32(float %tmp_90)" [main_5_slices.cpp:95]   --->   Operation 185 'fsqrt' 'tmp_91' <Predicate = true> <Delay = 8.12> <Core = "FSqrt">   --->   Core 108 'FSqrt' <Latency = 11> <II = 1> <Delay = 8.12> <FuncUnit> <Opcode : 'fsqrt'> <InPorts = 1> <OutPorts = 1>

State 32 <SV = 18> <Delay = 8.12>
ST_32 : Operation 186 [6/12] (8.12ns)   --->   "%tmp_91 = call float @llvm.sqrt.f32(float %tmp_90)" [main_5_slices.cpp:95]   --->   Operation 186 'fsqrt' 'tmp_91' <Predicate = true> <Delay = 8.12> <Core = "FSqrt">   --->   Core 108 'FSqrt' <Latency = 11> <II = 1> <Delay = 8.12> <FuncUnit> <Opcode : 'fsqrt'> <InPorts = 1> <OutPorts = 1>

State 33 <SV = 19> <Delay = 8.12>
ST_33 : Operation 187 [5/12] (8.12ns)   --->   "%tmp_91 = call float @llvm.sqrt.f32(float %tmp_90)" [main_5_slices.cpp:95]   --->   Operation 187 'fsqrt' 'tmp_91' <Predicate = true> <Delay = 8.12> <Core = "FSqrt">   --->   Core 108 'FSqrt' <Latency = 11> <II = 1> <Delay = 8.12> <FuncUnit> <Opcode : 'fsqrt'> <InPorts = 1> <OutPorts = 1>

State 34 <SV = 20> <Delay = 8.12>
ST_34 : Operation 188 [4/12] (8.12ns)   --->   "%tmp_91 = call float @llvm.sqrt.f32(float %tmp_90)" [main_5_slices.cpp:95]   --->   Operation 188 'fsqrt' 'tmp_91' <Predicate = true> <Delay = 8.12> <Core = "FSqrt">   --->   Core 108 'FSqrt' <Latency = 11> <II = 1> <Delay = 8.12> <FuncUnit> <Opcode : 'fsqrt'> <InPorts = 1> <OutPorts = 1>

State 35 <SV = 21> <Delay = 8.12>
ST_35 : Operation 189 [1/1] (0.00ns)   --->   "%zext_ln95_4 = zext i13 %add_ln95 to i64" [main_5_slices.cpp:95]   --->   Operation 189 'zext' 'zext_ln95_4' <Predicate = true> <Delay = 0.00>
ST_35 : Operation 190 [1/1] (0.00ns)   --->   "%Y_addr12 = getelementptr [18432 x half]* %Y, i64 0, i64 %zext_ln95_4" [main_5_slices.cpp:95]   --->   Operation 190 'getelementptr' 'Y_addr12' <Predicate = true> <Delay = 0.00>
ST_35 : Operation 191 [2/2] (3.25ns)   --->   "%Y_load = load half* %Y_addr12, align 2" [main_5_slices.cpp:95]   --->   Operation 191 'load' 'Y_load' <Predicate = true> <Delay = 3.25> <Core = "RAM">   --->   Core 37 'RAM' <Latency = 1> <II = 1> <Delay = 3.25> <Storage> <Opcode : 'load' 'store'> <Ports = 2> <Width = 16> <Depth = 128> <RAM>
ST_35 : Operation 192 [3/12] (8.12ns)   --->   "%tmp_91 = call float @llvm.sqrt.f32(float %tmp_90)" [main_5_slices.cpp:95]   --->   Operation 192 'fsqrt' 'tmp_91' <Predicate = true> <Delay = 8.12> <Core = "FSqrt">   --->   Core 108 'FSqrt' <Latency = 11> <II = 1> <Delay = 8.12> <FuncUnit> <Opcode : 'fsqrt'> <InPorts = 1> <OutPorts = 1>

State 36 <SV = 22> <Delay = 8.12>
ST_36 : Operation 193 [1/2] (3.25ns)   --->   "%Y_load = load half* %Y_addr12, align 2" [main_5_slices.cpp:95]   --->   Operation 193 'load' 'Y_load' <Predicate = true> <Delay = 3.25> <Core = "RAM">   --->   Core 37 'RAM' <Latency = 1> <II = 1> <Delay = 3.25> <Storage> <Opcode : 'load' 'store'> <Ports = 2> <Width = 16> <Depth = 128> <RAM>
ST_36 : Operation 194 [2/2] (3.52ns)   --->   "%tmp_s = fpext half %Y_load to float" [main_5_slices.cpp:95]   --->   Operation 194 'hptosp' 'tmp_s' <Predicate = true> <Delay = 3.52> <Core = "Half2Float">   --->   Core 93 'Half2Float' <Latency = 1> <II = 1> <Delay = 3.52> <FuncUnit> <Opcode : 'hptosp'> <InPorts = 1> <OutPorts = 1>
ST_36 : Operation 195 [2/12] (8.12ns)   --->   "%tmp_91 = call float @llvm.sqrt.f32(float %tmp_90)" [main_5_slices.cpp:95]   --->   Operation 195 'fsqrt' 'tmp_91' <Predicate = true> <Delay = 8.12> <Core = "FSqrt">   --->   Core 108 'FSqrt' <Latency = 11> <II = 1> <Delay = 8.12> <FuncUnit> <Opcode : 'fsqrt'> <InPorts = 1> <OutPorts = 1>

State 37 <SV = 23> <Delay = 8.12>
ST_37 : Operation 196 [1/2] (3.52ns)   --->   "%tmp_s = fpext half %Y_load to float" [main_5_slices.cpp:95]   --->   Operation 196 'hptosp' 'tmp_s' <Predicate = true> <Delay = 3.52> <Core = "Half2Float">   --->   Core 93 'Half2Float' <Latency = 1> <II = 1> <Delay = 3.52> <FuncUnit> <Opcode : 'hptosp'> <InPorts = 1> <OutPorts = 1>
ST_37 : Operation 197 [1/12] (8.12ns)   --->   "%tmp_91 = call float @llvm.sqrt.f32(float %tmp_90)" [main_5_slices.cpp:95]   --->   Operation 197 'fsqrt' 'tmp_91' <Predicate = true> <Delay = 8.12> <Core = "FSqrt">   --->   Core 108 'FSqrt' <Latency = 11> <II = 1> <Delay = 8.12> <FuncUnit> <Opcode : 'fsqrt'> <InPorts = 1> <OutPorts = 1>

State 38 <SV = 24> <Delay = 6.07>
ST_38 : Operation 198 [16/16] (6.07ns)   --->   "%tmp_92 = fdiv float %tmp_s, %tmp_91" [main_5_slices.cpp:95]   --->   Operation 198 'fdiv' 'tmp_92' <Predicate = true> <Delay = 6.07> <Core = "FDiv">   --->   Core 107 'FDiv' <Latency = 15> <II = 1> <Delay = 6.07> <FuncUnit> <Opcode : 'fdiv' 'frem'> <InPorts = 2> <OutPorts = 1>

State 39 <SV = 25> <Delay = 6.07>
ST_39 : Operation 199 [15/16] (6.07ns)   --->   "%tmp_92 = fdiv float %tmp_s, %tmp_91" [main_5_slices.cpp:95]   --->   Operation 199 'fdiv' 'tmp_92' <Predicate = true> <Delay = 6.07> <Core = "FDiv">   --->   Core 107 'FDiv' <Latency = 15> <II = 1> <Delay = 6.07> <FuncUnit> <Opcode : 'fdiv' 'frem'> <InPorts = 2> <OutPorts = 1>

State 40 <SV = 26> <Delay = 6.07>
ST_40 : Operation 200 [14/16] (6.07ns)   --->   "%tmp_92 = fdiv float %tmp_s, %tmp_91" [main_5_slices.cpp:95]   --->   Operation 200 'fdiv' 'tmp_92' <Predicate = true> <Delay = 6.07> <Core = "FDiv">   --->   Core 107 'FDiv' <Latency = 15> <II = 1> <Delay = 6.07> <FuncUnit> <Opcode : 'fdiv' 'frem'> <InPorts = 2> <OutPorts = 1>

State 41 <SV = 27> <Delay = 6.07>
ST_41 : Operation 201 [13/16] (6.07ns)   --->   "%tmp_92 = fdiv float %tmp_s, %tmp_91" [main_5_slices.cpp:95]   --->   Operation 201 'fdiv' 'tmp_92' <Predicate = true> <Delay = 6.07> <Core = "FDiv">   --->   Core 107 'FDiv' <Latency = 15> <II = 1> <Delay = 6.07> <FuncUnit> <Opcode : 'fdiv' 'frem'> <InPorts = 2> <OutPorts = 1>

State 42 <SV = 28> <Delay = 6.07>
ST_42 : Operation 202 [12/16] (6.07ns)   --->   "%tmp_92 = fdiv float %tmp_s, %tmp_91" [main_5_slices.cpp:95]   --->   Operation 202 'fdiv' 'tmp_92' <Predicate = true> <Delay = 6.07> <Core = "FDiv">   --->   Core 107 'FDiv' <Latency = 15> <II = 1> <Delay = 6.07> <FuncUnit> <Opcode : 'fdiv' 'frem'> <InPorts = 2> <OutPorts = 1>

State 43 <SV = 29> <Delay = 6.07>
ST_43 : Operation 203 [11/16] (6.07ns)   --->   "%tmp_92 = fdiv float %tmp_s, %tmp_91" [main_5_slices.cpp:95]   --->   Operation 203 'fdiv' 'tmp_92' <Predicate = true> <Delay = 6.07> <Core = "FDiv">   --->   Core 107 'FDiv' <Latency = 15> <II = 1> <Delay = 6.07> <FuncUnit> <Opcode : 'fdiv' 'frem'> <InPorts = 2> <OutPorts = 1>

State 44 <SV = 30> <Delay = 6.07>
ST_44 : Operation 204 [10/16] (6.07ns)   --->   "%tmp_92 = fdiv float %tmp_s, %tmp_91" [main_5_slices.cpp:95]   --->   Operation 204 'fdiv' 'tmp_92' <Predicate = true> <Delay = 6.07> <Core = "FDiv">   --->   Core 107 'FDiv' <Latency = 15> <II = 1> <Delay = 6.07> <FuncUnit> <Opcode : 'fdiv' 'frem'> <InPorts = 2> <OutPorts = 1>

State 45 <SV = 31> <Delay = 6.07>
ST_45 : Operation 205 [9/16] (6.07ns)   --->   "%tmp_92 = fdiv float %tmp_s, %tmp_91" [main_5_slices.cpp:95]   --->   Operation 205 'fdiv' 'tmp_92' <Predicate = true> <Delay = 6.07> <Core = "FDiv">   --->   Core 107 'FDiv' <Latency = 15> <II = 1> <Delay = 6.07> <FuncUnit> <Opcode : 'fdiv' 'frem'> <InPorts = 2> <OutPorts = 1>

State 46 <SV = 32> <Delay = 6.07>
ST_46 : Operation 206 [8/16] (6.07ns)   --->   "%tmp_92 = fdiv float %tmp_s, %tmp_91" [main_5_slices.cpp:95]   --->   Operation 206 'fdiv' 'tmp_92' <Predicate = true> <Delay = 6.07> <Core = "FDiv">   --->   Core 107 'FDiv' <Latency = 15> <II = 1> <Delay = 6.07> <FuncUnit> <Opcode : 'fdiv' 'frem'> <InPorts = 2> <OutPorts = 1>

State 47 <SV = 33> <Delay = 6.07>
ST_47 : Operation 207 [7/16] (6.07ns)   --->   "%tmp_92 = fdiv float %tmp_s, %tmp_91" [main_5_slices.cpp:95]   --->   Operation 207 'fdiv' 'tmp_92' <Predicate = true> <Delay = 6.07> <Core = "FDiv">   --->   Core 107 'FDiv' <Latency = 15> <II = 1> <Delay = 6.07> <FuncUnit> <Opcode : 'fdiv' 'frem'> <InPorts = 2> <OutPorts = 1>

State 48 <SV = 34> <Delay = 6.07>
ST_48 : Operation 208 [6/16] (6.07ns)   --->   "%tmp_92 = fdiv float %tmp_s, %tmp_91" [main_5_slices.cpp:95]   --->   Operation 208 'fdiv' 'tmp_92' <Predicate = true> <Delay = 6.07> <Core = "FDiv">   --->   Core 107 'FDiv' <Latency = 15> <II = 1> <Delay = 6.07> <FuncUnit> <Opcode : 'fdiv' 'frem'> <InPorts = 2> <OutPorts = 1>

State 49 <SV = 35> <Delay = 6.07>
ST_49 : Operation 209 [5/16] (6.07ns)   --->   "%tmp_92 = fdiv float %tmp_s, %tmp_91" [main_5_slices.cpp:95]   --->   Operation 209 'fdiv' 'tmp_92' <Predicate = true> <Delay = 6.07> <Core = "FDiv">   --->   Core 107 'FDiv' <Latency = 15> <II = 1> <Delay = 6.07> <FuncUnit> <Opcode : 'fdiv' 'frem'> <InPorts = 2> <OutPorts = 1>

State 50 <SV = 36> <Delay = 6.07>
ST_50 : Operation 210 [4/16] (6.07ns)   --->   "%tmp_92 = fdiv float %tmp_s, %tmp_91" [main_5_slices.cpp:95]   --->   Operation 210 'fdiv' 'tmp_92' <Predicate = true> <Delay = 6.07> <Core = "FDiv">   --->   Core 107 'FDiv' <Latency = 15> <II = 1> <Delay = 6.07> <FuncUnit> <Opcode : 'fdiv' 'frem'> <InPorts = 2> <OutPorts = 1>

State 51 <SV = 37> <Delay = 6.07>
ST_51 : Operation 211 [3/16] (6.07ns)   --->   "%tmp_92 = fdiv float %tmp_s, %tmp_91" [main_5_slices.cpp:95]   --->   Operation 211 'fdiv' 'tmp_92' <Predicate = true> <Delay = 6.07> <Core = "FDiv">   --->   Core 107 'FDiv' <Latency = 15> <II = 1> <Delay = 6.07> <FuncUnit> <Opcode : 'fdiv' 'frem'> <InPorts = 2> <OutPorts = 1>

State 52 <SV = 38> <Delay = 6.07>
ST_52 : Operation 212 [2/16] (6.07ns)   --->   "%tmp_92 = fdiv float %tmp_s, %tmp_91" [main_5_slices.cpp:95]   --->   Operation 212 'fdiv' 'tmp_92' <Predicate = true> <Delay = 6.07> <Core = "FDiv">   --->   Core 107 'FDiv' <Latency = 15> <II = 1> <Delay = 6.07> <FuncUnit> <Opcode : 'fdiv' 'frem'> <InPorts = 2> <OutPorts = 1>

State 53 <SV = 39> <Delay = 6.07>
ST_53 : Operation 213 [1/16] (6.07ns)   --->   "%tmp_92 = fdiv float %tmp_s, %tmp_91" [main_5_slices.cpp:95]   --->   Operation 213 'fdiv' 'tmp_92' <Predicate = true> <Delay = 6.07> <Core = "FDiv">   --->   Core 107 'FDiv' <Latency = 15> <II = 1> <Delay = 6.07> <FuncUnit> <Opcode : 'fdiv' 'frem'> <InPorts = 2> <OutPorts = 1>

State 54 <SV = 40> <Delay = 5.22>
ST_54 : Operation 214 [2/2] (5.22ns)   --->   "%nrm = fptrunc float %tmp_92 to half" [main_5_slices.cpp:95]   --->   Operation 214 'sptohp' 'nrm' <Predicate = true> <Delay = 5.22> <Core = "Float2Half">   --->   Core 94 'Float2Half' <Latency = 1> <II = 1> <Delay = 5.22> <FuncUnit> <Opcode : 'sptohp'> <InPorts = 1> <OutPorts = 1>

State 55 <SV = 41> <Delay = 5.22>
ST_55 : Operation 215 [1/2] (5.22ns)   --->   "%nrm = fptrunc float %tmp_92 to half" [main_5_slices.cpp:95]   --->   Operation 215 'sptohp' 'nrm' <Predicate = true> <Delay = 5.22> <Core = "Float2Half">   --->   Core 94 'Float2Half' <Latency = 1> <II = 1> <Delay = 5.22> <FuncUnit> <Opcode : 'sptohp'> <InPorts = 1> <OutPorts = 1>

State 56 <SV = 42> <Delay = 6.86>
ST_56 : Operation 216 [4/4] (6.86ns)   --->   "%tmp_93 = fmul half %BN1_gamma1_load, %nrm" [main_5_slices.cpp:96]   --->   Operation 216 'hmul' 'tmp_93' <Predicate = true> <Delay = 6.86> <Core = "HMul">   --->   Core 91 'HMul' <Latency = 3> <II = 1> <Delay = 6.86> <FuncUnit> <Opcode : 'hmul'> <InPorts = 2> <OutPorts = 1>

State 57 <SV = 43> <Delay = 6.86>
ST_57 : Operation 217 [3/4] (6.86ns)   --->   "%tmp_93 = fmul half %BN1_gamma1_load, %nrm" [main_5_slices.cpp:96]   --->   Operation 217 'hmul' 'tmp_93' <Predicate = true> <Delay = 6.86> <Core = "HMul">   --->   Core 91 'HMul' <Latency = 3> <II = 1> <Delay = 6.86> <FuncUnit> <Opcode : 'hmul'> <InPorts = 2> <OutPorts = 1>

State 58 <SV = 44> <Delay = 6.86>
ST_58 : Operation 218 [2/4] (6.86ns)   --->   "%tmp_93 = fmul half %BN1_gamma1_load, %nrm" [main_5_slices.cpp:96]   --->   Operation 218 'hmul' 'tmp_93' <Predicate = true> <Delay = 6.86> <Core = "HMul">   --->   Core 91 'HMul' <Latency = 3> <II = 1> <Delay = 6.86> <FuncUnit> <Opcode : 'hmul'> <InPorts = 2> <OutPorts = 1>

State 59 <SV = 45> <Delay = 6.86>
ST_59 : Operation 219 [1/4] (6.86ns)   --->   "%tmp_93 = fmul half %BN1_gamma1_load, %nrm" [main_5_slices.cpp:96]   --->   Operation 219 'hmul' 'tmp_93' <Predicate = true> <Delay = 6.86> <Core = "HMul">   --->   Core 91 'HMul' <Latency = 3> <II = 1> <Delay = 6.86> <FuncUnit> <Opcode : 'hmul'> <InPorts = 2> <OutPorts = 1>

State 60 <SV = 46> <Delay = 7.61>
ST_60 : Operation 220 [5/5] (7.61ns)   --->   "%x = fadd half %tmp_93, 0x0" [main_5_slices.cpp:96]   --->   Operation 220 'hadd' 'x' <Predicate = true> <Delay = 7.61> <Core = "HAddSub">   --->   Core 90 'HAddSub' <Latency = 4> <II = 1> <Delay = 7.61> <FuncUnit> <Opcode : 'hadd' 'hsub'> <InPorts = 2> <OutPorts = 1>

State 61 <SV = 47> <Delay = 7.61>
ST_61 : Operation 221 [4/5] (7.61ns)   --->   "%x = fadd half %tmp_93, 0x0" [main_5_slices.cpp:96]   --->   Operation 221 'hadd' 'x' <Predicate = true> <Delay = 7.61> <Core = "HAddSub">   --->   Core 90 'HAddSub' <Latency = 4> <II = 1> <Delay = 7.61> <FuncUnit> <Opcode : 'hadd' 'hsub'> <InPorts = 2> <OutPorts = 1>

State 62 <SV = 48> <Delay = 7.61>
ST_62 : Operation 222 [3/5] (7.61ns)   --->   "%x = fadd half %tmp_93, 0x0" [main_5_slices.cpp:96]   --->   Operation 222 'hadd' 'x' <Predicate = true> <Delay = 7.61> <Core = "HAddSub">   --->   Core 90 'HAddSub' <Latency = 4> <II = 1> <Delay = 7.61> <FuncUnit> <Opcode : 'hadd' 'hsub'> <InPorts = 2> <OutPorts = 1>

State 63 <SV = 49> <Delay = 7.61>
ST_63 : Operation 223 [2/5] (7.61ns)   --->   "%x = fadd half %tmp_93, 0x0" [main_5_slices.cpp:96]   --->   Operation 223 'hadd' 'x' <Predicate = true> <Delay = 7.61> <Core = "HAddSub">   --->   Core 90 'HAddSub' <Latency = 4> <II = 1> <Delay = 7.61> <FuncUnit> <Opcode : 'hadd' 'hsub'> <InPorts = 2> <OutPorts = 1>

State 64 <SV = 50> <Delay = 7.61>
ST_64 : Operation 224 [1/5] (7.61ns)   --->   "%x = fadd half %tmp_93, 0x0" [main_5_slices.cpp:96]   --->   Operation 224 'hadd' 'x' <Predicate = true> <Delay = 7.61> <Core = "HAddSub">   --->   Core 90 'HAddSub' <Latency = 4> <II = 1> <Delay = 7.61> <FuncUnit> <Opcode : 'hadd' 'hsub'> <InPorts = 2> <OutPorts = 1>

State 65 <SV = 51> <Delay = 5.18>
ST_65 : Operation 225 [2/2] (5.18ns)   --->   "%tmp_94 = fcmp ogt half %x, 0x0" [main_5_slices.cpp:46->main_5_slices.cpp:98]   --->   Operation 225 'hcmp' 'tmp_94' <Predicate = true> <Delay = 5.18> <Core = "HCmp">   --->   Core 98 'HCmp' <Latency = 1> <II = 1> <Delay = 5.18> <FuncUnit> <Opcode : 'hcmp'> <InPorts = 2> <OutPorts = 1>

State 66 <SV = 52> <Delay = 5.99>
ST_66 : Operation 226 [1/2] (5.18ns)   --->   "%tmp_94 = fcmp ogt half %x, 0x0" [main_5_slices.cpp:46->main_5_slices.cpp:98]   --->   Operation 226 'hcmp' 'tmp_94' <Predicate = true> <Delay = 5.18> <Core = "HCmp">   --->   Core 98 'HCmp' <Latency = 1> <II = 1> <Delay = 5.18> <FuncUnit> <Opcode : 'hcmp'> <InPorts = 2> <OutPorts = 1>
ST_66 : Operation 227 [1/1] (0.80ns)   --->   "%select_ln46 = select i1 %tmp_94, half %x, half 0x0" [main_5_slices.cpp:46->main_5_slices.cpp:98]   --->   Operation 227 'select' 'select_ln46' <Predicate = true> <Delay = 0.80> <Core = "Sel">   --->   Core 26 'Sel' <Latency = 0> <II = 1> <Delay = 0.80> <FuncUnit> <Opcode : 'select'> <InPorts = 3> <OutPorts = 1>

State 67 <SV = 53> <Delay = 3.25>
ST_67 : Operation 228 [1/1] (3.25ns)   --->   "store half %select_ln46, half* %Y_addr12, align 2" [main_5_slices.cpp:98]   --->   Operation 228 'store' <Predicate = true> <Delay = 3.25> <Core = "RAM">   --->   Core 37 'RAM' <Latency = 1> <II = 1> <Delay = 3.25> <Storage> <Opcode : 'load' 'store'> <Ports = 2> <Width = 16> <Depth = 128> <RAM>
ST_67 : Operation 229 [1/1] (0.00ns)   --->   "br label %6" [main_5_slices.cpp:94]   --->   Operation 229 'br' <Predicate = true> <Delay = 0.00>

State 68 <SV = 3> <Delay = 1.87>
ST_68 : Operation 230 [1/1] (0.00ns)   --->   "%u_0 = phi i4 [ %u, %.preheader8.loopexit ], [ 0, %.preheader8.preheader ]"   --->   Operation 230 'phi' 'u_0' <Predicate = true> <Delay = 0.00>
ST_68 : Operation 231 [1/1] (0.00ns)   --->   "%empty_71 = call i32 (...)* @_ssdm_op_SpecLoopTripCount(i64 13, i64 13, i64 13)"   --->   Operation 231 'speclooptripcount' 'empty_71' <Predicate = true> <Delay = 0.00>
ST_68 : Operation 232 [1/1] (1.30ns)   --->   "%icmp_ln103 = icmp eq i4 %u_0, -3" [main_5_slices.cpp:103]   --->   Operation 232 'icmp' 'icmp_ln103' <Predicate = true> <Delay = 1.30> <Core = "Cmp">   --->   Core 25 'Cmp' <Latency = 0> <II = 1> <Delay = 1.48> <FuncUnit> <Opcode : 'icmp'> <InPorts = 2> <OutPorts = 1>
ST_68 : Operation 233 [1/1] (1.73ns)   --->   "%u = add i4 %u_0, 1" [main_5_slices.cpp:103]   --->   Operation 233 'add' 'u' <Predicate = true> <Delay = 1.73> <Core = "AddSub">   --->   Core 14 'AddSub' <Latency = 0> <II = 1> <Delay = 1.73> <FuncUnit> <Opcode : 'add' 'sub'> <InPorts = 2> <OutPorts = 1>
ST_68 : Operation 234 [1/1] (0.00ns)   --->   "br i1 %icmp_ln103, label %9, label %.preheader4.preheader" [main_5_slices.cpp:103]   --->   Operation 234 'br' <Predicate = true> <Delay = 0.00>
ST_68 : Operation 235 [1/1] (0.00ns)   --->   "%shl_ln9 = call i7 @_ssdm_op_BitConcatenate.i7.i4.i3(i4 %u_0, i3 0)" [main_5_slices.cpp:106]   --->   Operation 235 'bitconcatenate' 'shl_ln9' <Predicate = (!icmp_ln103)> <Delay = 0.00>
ST_68 : Operation 236 [1/1] (0.00ns)   --->   "%zext_ln106_2 = zext i7 %shl_ln9 to i8" [main_5_slices.cpp:106]   --->   Operation 236 'zext' 'zext_ln106_2' <Predicate = (!icmp_ln103)> <Delay = 0.00>
ST_68 : Operation 237 [1/1] (0.00ns)   --->   "%shl_ln106_3 = call i5 @_ssdm_op_BitConcatenate.i5.i4.i1(i4 %u_0, i1 false)" [main_5_slices.cpp:106]   --->   Operation 237 'bitconcatenate' 'shl_ln106_3' <Predicate = (!icmp_ln103)> <Delay = 0.00>
ST_68 : Operation 238 [1/1] (0.00ns)   --->   "%zext_ln106_3 = zext i5 %shl_ln106_3 to i8" [main_5_slices.cpp:106]   --->   Operation 238 'zext' 'zext_ln106_3' <Predicate = (!icmp_ln103)> <Delay = 0.00>
ST_68 : Operation 239 [1/1] (1.87ns)   --->   "%sub_ln106 = sub i8 %zext_ln106_2, %zext_ln106_3" [main_5_slices.cpp:106]   --->   Operation 239 'sub' 'sub_ln106' <Predicate = (!icmp_ln103)> <Delay = 1.87> <Core = "AddSub">   --->   Core 14 'AddSub' <Latency = 0> <II = 1> <Delay = 1.73> <FuncUnit> <Opcode : 'add' 'sub'> <InPorts = 2> <OutPorts = 1>
ST_68 : Operation 240 [1/1] (0.00ns)   --->   "%shl_ln1 = call i10 @_ssdm_op_BitConcatenate.i10.i4.i6(i4 %u_0, i6 0)" [main_5_slices.cpp:107]   --->   Operation 240 'bitconcatenate' 'shl_ln1' <Predicate = (!icmp_ln103)> <Delay = 0.00>
ST_68 : Operation 241 [1/1] (1.76ns)   --->   "br label %.preheader4" [main_5_slices.cpp:104]   --->   Operation 241 'br' <Predicate = (!icmp_ln103)> <Delay = 1.76>
ST_68 : Operation 242 [1/1] (0.00ns)   --->   "ret void" [main_5_slices.cpp:110]   --->   Operation 242 'ret' <Predicate = (icmp_ln103)> <Delay = 0.00>

State 69 <SV = 4> <Delay = 1.87>
ST_69 : Operation 243 [1/1] (0.00ns)   --->   "%c_1 = phi i7 [ %c_7, %8 ], [ 0, %.preheader4.preheader ]"   --->   Operation 243 'phi' 'c_1' <Predicate = true> <Delay = 0.00>
ST_69 : Operation 244 [1/1] (0.00ns)   --->   "%c_1_cast4 = zext i7 %c_1 to i8" [main_5_slices.cpp:104]   --->   Operation 244 'zext' 'c_1_cast4' <Predicate = true> <Delay = 0.00>
ST_69 : Operation 245 [1/1] (0.00ns)   --->   "%c_1_cast = zext i7 %c_1 to i11" [main_5_slices.cpp:104]   --->   Operation 245 'zext' 'c_1_cast' <Predicate = true> <Delay = 0.00>
ST_69 : Operation 246 [1/1] (0.00ns)   --->   "%empty_72 = call i32 (...)* @_ssdm_op_SpecLoopTripCount(i64 72, i64 72, i64 72)"   --->   Operation 246 'speclooptripcount' 'empty_72' <Predicate = true> <Delay = 0.00>
ST_69 : Operation 247 [1/1] (1.48ns)   --->   "%icmp_ln104 = icmp eq i7 %c_1, -56" [main_5_slices.cpp:104]   --->   Operation 247 'icmp' 'icmp_ln104' <Predicate = true> <Delay = 1.48> <Core = "Cmp">   --->   Core 25 'Cmp' <Latency = 0> <II = 1> <Delay = 1.48> <FuncUnit> <Opcode : 'icmp'> <InPorts = 2> <OutPorts = 1>
ST_69 : Operation 248 [1/1] (1.87ns)   --->   "%c_7 = add i7 %c_1, 1" [main_5_slices.cpp:104]   --->   Operation 248 'add' 'c_7' <Predicate = true> <Delay = 1.87> <Core = "AddSub">   --->   Core 14 'AddSub' <Latency = 0> <II = 1> <Delay = 1.73> <FuncUnit> <Opcode : 'add' 'sub'> <InPorts = 2> <OutPorts = 1>
ST_69 : Operation 249 [1/1] (0.00ns)   --->   "br i1 %icmp_ln104, label %.preheader8.loopexit, label %.preheader.preheader" [main_5_slices.cpp:104]   --->   Operation 249 'br' <Predicate = true> <Delay = 0.00>
ST_69 : Operation 250 [1/1] (1.76ns)   --->   "br label %.preheader"   --->   Operation 250 'br' <Predicate = (!icmp_ln104)> <Delay = 1.76>
ST_69 : Operation 251 [1/1] (0.00ns)   --->   "br label %.preheader8"   --->   Operation 251 'br' <Predicate = (icmp_ln104)> <Delay = 0.00>

State 70 <SV = 5> <Delay = 8.62>
ST_70 : Operation 252 [1/1] (0.00ns)   --->   "%acc_2 = phi half [ %acc, %7 ], [ 0x0, %.preheader.preheader ]"   --->   Operation 252 'phi' 'acc_2' <Predicate = true> <Delay = 0.00>
ST_70 : Operation 253 [1/1] (0.00ns)   --->   "%p_0 = phi i3 [ %p, %7 ], [ 0, %.preheader.preheader ]"   --->   Operation 253 'phi' 'p_0' <Predicate = true> <Delay = 0.00>
ST_70 : Operation 254 [1/1] (0.00ns)   --->   "%p_0_cast = zext i3 %p_0 to i8" [main_5_slices.cpp:106]   --->   Operation 254 'zext' 'p_0_cast' <Predicate = true> <Delay = 0.00>
ST_70 : Operation 255 [1/1] (0.00ns)   --->   "%empty_73 = call i32 (...)* @_ssdm_op_SpecLoopTripCount(i64 6, i64 6, i64 6)"   --->   Operation 255 'speclooptripcount' 'empty_73' <Predicate = true> <Delay = 0.00>
ST_70 : Operation 256 [1/1] (1.13ns)   --->   "%icmp_ln106 = icmp eq i3 %p_0, -2" [main_5_slices.cpp:106]   --->   Operation 256 'icmp' 'icmp_ln106' <Predicate = true> <Delay = 1.13> <Core = "Cmp">   --->   Core 25 'Cmp' <Latency = 0> <II = 1> <Delay = 1.48> <FuncUnit> <Opcode : 'icmp'> <InPorts = 2> <OutPorts = 1>
ST_70 : Operation 257 [1/1] (1.65ns)   --->   "%p = add i3 %p_0, 1" [main_5_slices.cpp:106]   --->   Operation 257 'add' 'p' <Predicate = true> <Delay = 1.65> <Core = "AddSub">   --->   Core 14 'AddSub' <Latency = 0> <II = 1> <Delay = 1.73> <FuncUnit> <Opcode : 'add' 'sub'> <InPorts = 2> <OutPorts = 1>
ST_70 : Operation 258 [1/1] (0.00ns)   --->   "br i1 %icmp_ln106, label %8, label %7" [main_5_slices.cpp:106]   --->   Operation 258 'br' <Predicate = true> <Delay = 0.00>
ST_70 : Operation 259 [1/1] (1.91ns)   --->   "%add_ln106 = add i8 %p_0_cast, %sub_ln106" [main_5_slices.cpp:106]   --->   Operation 259 'add' 'add_ln106' <Predicate = (!icmp_ln106)> <Delay = 1.91> <Core = "AddSub">   --->   Core 14 'AddSub' <Latency = 0> <II = 1> <Delay = 1.73> <FuncUnit> <Opcode : 'add' 'sub'> <InPorts = 2> <OutPorts = 1>
ST_70 : Operation 260 [1/1] (0.00ns)   --->   "%shl_ln106_4 = call i14 @_ssdm_op_BitConcatenate.i14.i8.i6(i8 %add_ln106, i6 0)" [main_5_slices.cpp:106]   --->   Operation 260 'bitconcatenate' 'shl_ln106_4' <Predicate = (!icmp_ln106)> <Delay = 0.00>
ST_70 : Operation 261 [1/1] (0.00ns)   --->   "%shl_ln106_5 = call i11 @_ssdm_op_BitConcatenate.i11.i8.i3(i8 %add_ln106, i3 0)" [main_5_slices.cpp:106]   --->   Operation 261 'bitconcatenate' 'shl_ln106_5' <Predicate = (!icmp_ln106)> <Delay = 0.00>
ST_70 : Operation 262 [1/1] (1.63ns)   --->   "%add_ln106_4 = add i11 %c_1_cast, %shl_ln106_5" [main_5_slices.cpp:106]   --->   Operation 262 'add' 'add_ln106_4' <Predicate = (!icmp_ln106)> <Delay = 1.63> <Core = "AddSub">   --->   Core 14 'AddSub' <Latency = 0> <II = 1> <Delay = 1.73> <FuncUnit> <Opcode : 'add' 'sub'> <InPorts = 2> <OutPorts = 1>
ST_70 : Operation 263 [1/1] (0.00ns)   --->   "%sext_ln106 = sext i11 %add_ln106_4 to i14" [main_5_slices.cpp:106]   --->   Operation 263 'sext' 'sext_ln106' <Predicate = (!icmp_ln106)> <Delay = 0.00>
ST_70 : Operation 264 [1/1] (1.81ns)   --->   "%add_ln106_1 = add i14 %shl_ln106_4, %sext_ln106" [main_5_slices.cpp:106]   --->   Operation 264 'add' 'add_ln106_1' <Predicate = (!icmp_ln106)> <Delay = 1.81> <Core = "AddSub">   --->   Core 14 'AddSub' <Latency = 0> <II = 1> <Delay = 1.73> <FuncUnit> <Opcode : 'add' 'sub'> <InPorts = 2> <OutPorts = 1>
ST_70 : Operation 265 [1/1] (0.00ns)   --->   "%sext_ln106_2 = sext i14 %add_ln106_1 to i32" [main_5_slices.cpp:106]   --->   Operation 265 'sext' 'sext_ln106_2' <Predicate = (!icmp_ln106)> <Delay = 0.00>
ST_70 : Operation 266 [1/1] (0.00ns)   --->   "%zext_ln106 = zext i32 %sext_ln106_2 to i64" [main_5_slices.cpp:106]   --->   Operation 266 'zext' 'zext_ln106' <Predicate = (!icmp_ln106)> <Delay = 0.00>
ST_70 : Operation 267 [1/1] (0.00ns)   --->   "%Y_addr_3 = getelementptr [18432 x half]* %Y, i64 0, i64 %zext_ln106" [main_5_slices.cpp:106]   --->   Operation 267 'getelementptr' 'Y_addr_3' <Predicate = (!icmp_ln106)> <Delay = 0.00>
ST_70 : Operation 268 [2/2] (3.25ns)   --->   "%Y_load_1 = load half* %Y_addr_3, align 2" [main_5_slices.cpp:106]   --->   Operation 268 'load' 'Y_load_1' <Predicate = (!icmp_ln106)> <Delay = 3.25> <Core = "RAM">   --->   Core 37 'RAM' <Latency = 1> <II = 1> <Delay = 3.25> <Storage> <Opcode : 'load' 'store'> <Ports = 2> <Width = 16> <Depth = 128> <RAM>
ST_70 : Operation 269 [7/7] (7.97ns)   --->   "%tmp_96 = fdiv half %acc_2, 0x4018000000000000" [main_5_slices.cpp:107]   --->   Operation 269 'hdiv' 'tmp_96' <Predicate = (icmp_ln106)> <Delay = 7.97> <Core = "HDiv">   --->   Core 92 'HDiv' <Latency = 6> <II = 1> <Delay = 7.97> <FuncUnit> <Opcode : 'hdiv'> <InPorts = 2> <OutPorts = 1>
ST_70 : Operation 270 [1/1] (1.87ns)   --->   "%add_ln107_2 = add i8 %zext_ln106_2, %c_1_cast4" [main_5_slices.cpp:107]   --->   Operation 270 'add' 'add_ln107_2' <Predicate = (icmp_ln106)> <Delay = 1.87> <Core = "AddSub">   --->   Core 14 'AddSub' <Latency = 0> <II = 1> <Delay = 1.73> <FuncUnit> <Opcode : 'add' 'sub'> <InPorts = 2> <OutPorts = 1>
ST_70 : Operation 271 [1/1] (0.00ns)   --->   "%zext_ln107_2 = zext i8 %add_ln107_2 to i10" [main_5_slices.cpp:107]   --->   Operation 271 'zext' 'zext_ln107_2' <Predicate = (icmp_ln106)> <Delay = 0.00>
ST_70 : Operation 272 [1/1] (1.73ns)   --->   "%add_ln107 = add i10 %zext_ln107_2, %shl_ln1" [main_5_slices.cpp:107]   --->   Operation 272 'add' 'add_ln107' <Predicate = (icmp_ln106)> <Delay = 1.73> <Core = "AddSub">   --->   Core 14 'AddSub' <Latency = 0> <II = 1> <Delay = 1.73> <FuncUnit> <Opcode : 'add' 'sub'> <InPorts = 2> <OutPorts = 1>

State 71 <SV = 6> <Delay = 3.25>
ST_71 : Operation 273 [1/2] (3.25ns)   --->   "%Y_load_1 = load half* %Y_addr_3, align 2" [main_5_slices.cpp:106]   --->   Operation 273 'load' 'Y_load_1' <Predicate = true> <Delay = 3.25> <Core = "RAM">   --->   Core 37 'RAM' <Latency = 1> <II = 1> <Delay = 3.25> <Storage> <Opcode : 'load' 'store'> <Ports = 2> <Width = 16> <Depth = 128> <RAM>

State 72 <SV = 7> <Delay = 7.61>
ST_72 : Operation 274 [5/5] (7.61ns)   --->   "%acc = fadd half %acc_2, %Y_load_1" [main_5_slices.cpp:106]   --->   Operation 274 'hadd' 'acc' <Predicate = true> <Delay = 7.61> <Core = "HAddSub">   --->   Core 90 'HAddSub' <Latency = 4> <II = 1> <Delay = 7.61> <FuncUnit> <Opcode : 'hadd' 'hsub'> <InPorts = 2> <OutPorts = 1>

State 73 <SV = 8> <Delay = 7.61>
ST_73 : Operation 275 [4/5] (7.61ns)   --->   "%acc = fadd half %acc_2, %Y_load_1" [main_5_slices.cpp:106]   --->   Operation 275 'hadd' 'acc' <Predicate = true> <Delay = 7.61> <Core = "HAddSub">   --->   Core 90 'HAddSub' <Latency = 4> <II = 1> <Delay = 7.61> <FuncUnit> <Opcode : 'hadd' 'hsub'> <InPorts = 2> <OutPorts = 1>

State 74 <SV = 9> <Delay = 7.61>
ST_74 : Operation 276 [3/5] (7.61ns)   --->   "%acc = fadd half %acc_2, %Y_load_1" [main_5_slices.cpp:106]   --->   Operation 276 'hadd' 'acc' <Predicate = true> <Delay = 7.61> <Core = "HAddSub">   --->   Core 90 'HAddSub' <Latency = 4> <II = 1> <Delay = 7.61> <FuncUnit> <Opcode : 'hadd' 'hsub'> <InPorts = 2> <OutPorts = 1>

State 75 <SV = 10> <Delay = 7.61>
ST_75 : Operation 277 [2/5] (7.61ns)   --->   "%acc = fadd half %acc_2, %Y_load_1" [main_5_slices.cpp:106]   --->   Operation 277 'hadd' 'acc' <Predicate = true> <Delay = 7.61> <Core = "HAddSub">   --->   Core 90 'HAddSub' <Latency = 4> <II = 1> <Delay = 7.61> <FuncUnit> <Opcode : 'hadd' 'hsub'> <InPorts = 2> <OutPorts = 1>

State 76 <SV = 11> <Delay = 7.61>
ST_76 : Operation 278 [1/5] (7.61ns)   --->   "%acc = fadd half %acc_2, %Y_load_1" [main_5_slices.cpp:106]   --->   Operation 278 'hadd' 'acc' <Predicate = true> <Delay = 7.61> <Core = "HAddSub">   --->   Core 90 'HAddSub' <Latency = 4> <II = 1> <Delay = 7.61> <FuncUnit> <Opcode : 'hadd' 'hsub'> <InPorts = 2> <OutPorts = 1>
ST_76 : Operation 279 [1/1] (0.00ns)   --->   "br label %.preheader" [main_5_slices.cpp:106]   --->   Operation 279 'br' <Predicate = true> <Delay = 0.00>

State 77 <SV = 6> <Delay = 7.97>
ST_77 : Operation 280 [6/7] (7.97ns)   --->   "%tmp_96 = fdiv half %acc_2, 0x4018000000000000" [main_5_slices.cpp:107]   --->   Operation 280 'hdiv' 'tmp_96' <Predicate = true> <Delay = 7.97> <Core = "HDiv">   --->   Core 92 'HDiv' <Latency = 6> <II = 1> <Delay = 7.97> <FuncUnit> <Opcode : 'hdiv'> <InPorts = 2> <OutPorts = 1>

State 78 <SV = 7> <Delay = 7.97>
ST_78 : Operation 281 [5/7] (7.97ns)   --->   "%tmp_96 = fdiv half %acc_2, 0x4018000000000000" [main_5_slices.cpp:107]   --->   Operation 281 'hdiv' 'tmp_96' <Predicate = true> <Delay = 7.97> <Core = "HDiv">   --->   Core 92 'HDiv' <Latency = 6> <II = 1> <Delay = 7.97> <FuncUnit> <Opcode : 'hdiv'> <InPorts = 2> <OutPorts = 1>

State 79 <SV = 8> <Delay = 7.97>
ST_79 : Operation 282 [4/7] (7.97ns)   --->   "%tmp_96 = fdiv half %acc_2, 0x4018000000000000" [main_5_slices.cpp:107]   --->   Operation 282 'hdiv' 'tmp_96' <Predicate = true> <Delay = 7.97> <Core = "HDiv">   --->   Core 92 'HDiv' <Latency = 6> <II = 1> <Delay = 7.97> <FuncUnit> <Opcode : 'hdiv'> <InPorts = 2> <OutPorts = 1>

State 80 <SV = 9> <Delay = 7.97>
ST_80 : Operation 283 [3/7] (7.97ns)   --->   "%tmp_96 = fdiv half %acc_2, 0x4018000000000000" [main_5_slices.cpp:107]   --->   Operation 283 'hdiv' 'tmp_96' <Predicate = true> <Delay = 7.97> <Core = "HDiv">   --->   Core 92 'HDiv' <Latency = 6> <II = 1> <Delay = 7.97> <FuncUnit> <Opcode : 'hdiv'> <InPorts = 2> <OutPorts = 1>

State 81 <SV = 10> <Delay = 7.97>
ST_81 : Operation 284 [2/7] (7.97ns)   --->   "%tmp_96 = fdiv half %acc_2, 0x4018000000000000" [main_5_slices.cpp:107]   --->   Operation 284 'hdiv' 'tmp_96' <Predicate = true> <Delay = 7.97> <Core = "HDiv">   --->   Core 92 'HDiv' <Latency = 6> <II = 1> <Delay = 7.97> <FuncUnit> <Opcode : 'hdiv'> <InPorts = 2> <OutPorts = 1>

State 82 <SV = 11> <Delay = 7.97>
ST_82 : Operation 285 [1/7] (7.97ns)   --->   "%tmp_96 = fdiv half %acc_2, 0x4018000000000000" [main_5_slices.cpp:107]   --->   Operation 285 'hdiv' 'tmp_96' <Predicate = true> <Delay = 7.97> <Core = "HDiv">   --->   Core 92 'HDiv' <Latency = 6> <II = 1> <Delay = 7.97> <FuncUnit> <Opcode : 'hdiv'> <InPorts = 2> <OutPorts = 1>

State 83 <SV = 12> <Delay = 3.25>
ST_83 : Operation 286 [1/1] (0.00ns)   --->   "%zext_ln107 = zext i10 %add_ln107 to i64" [main_5_slices.cpp:107]   --->   Operation 286 'zext' 'zext_ln107' <Predicate = true> <Delay = 0.00>
ST_83 : Operation 287 [1/1] (0.00ns)   --->   "%U_addr = getelementptr [384 x half]* %U, i64 0, i64 %zext_ln107" [main_5_slices.cpp:107]   --->   Operation 287 'getelementptr' 'U_addr' <Predicate = true> <Delay = 0.00>
ST_83 : Operation 288 [1/1] (3.25ns)   --->   "store half %tmp_96, half* %U_addr, align 2" [main_5_slices.cpp:107]   --->   Operation 288 'store' <Predicate = true> <Delay = 3.25> <Core = "RAM">   --->   Core 37 'RAM' <Latency = 1> <II = 1> <Delay = 3.25> <Storage> <Opcode : 'load' 'store'> <Ports = 2> <Width = 16> <Depth = 128> <RAM>
ST_83 : Operation 289 [1/1] (0.00ns)   --->   "br label %.preheader4" [main_5_slices.cpp:104]   --->   Operation 289 'br' <Predicate = true> <Delay = 0.00>


============================================================
+ Verbose Summary: Binding
============================================================
STG Binding: 
---------------- STG Properties BEGIN ----------------
- Is combinational: 0
- Is one-state seq: 0
- Is datapath-only: 0
- Is pipelined: 0
- Is top level: 0
Port [ Return ] is wired: 1; IO mode=ap_ctrl_hs:ce=0
Port [ Y]:  wired=1; compound=1; hidden=0; nouse=0; global=0; static=0; extern=0; dir=2; type=1; pingpong=0; private_global=0; MemPort=[23]; IO mode=ap_memory:ce=0
Port [ U]:  wired=1; compound=1; hidden=0; nouse=0; global=0; static=0; extern=0; dir=1; type=1; pingpong=0; private_global=0; MemPort=[03]; IO mode=ap_memory:ce=0
Port [ X_slice1]:  wired=0; compound=1; hidden=1; nouse=0; global=1; static=1; extern=0; dir=0; type=1; pingpong=0; private_global=1; linkage=7; visibility=0; MemPort=[1]; IO mode=ap_memory:ce=0
Port [ ConvW1]:  wired=0; compound=1; hidden=1; nouse=0; global=1; static=1; extern=0; dir=0; type=1; pingpong=0; private_global=1; linkage=7; visibility=0; MemPort=[1]; IO mode=ap_memory:ce=0
Port [ BN1_var1]:  wired=0; compound=1; hidden=1; nouse=0; global=1; static=1; extern=0; dir=0; type=1; pingpong=0; private_global=1; linkage=7; visibility=0; MemPort=[1]; IO mode=ap_memory:ce=0
Port [ BN1_gamma1]:  wired=0; compound=1; hidden=1; nouse=0; global=1; static=1; extern=0; dir=0; type=1; pingpong=0; private_global=1; linkage=7; visibility=0; MemPort=[1]; IO mode=ap_memory:ce=0
---------------- STG Properties END ------------------

---------------- Datapath Model BEGIN ----------------

<LifeTime>
<method=bitvector/>
br_ln77         (br               ) [ 011111111111111100000000000000000000000000000000000000000000000000000000000000000000]
t_0             (phi              ) [ 001011111111111100000000000000000000000000000000000000000000000000000000000000000000]
empty           (speclooptripcount) [ 000000000000000000000000000000000000000000000000000000000000000000000000000000000000]
icmp_ln77       (icmp             ) [ 001111111111111100000000000000000000000000000000000000000000000000000000000000000000]
t               (add              ) [ 011111111111111100000000000000000000000000000000000000000000000000000000000000000000]
br_ln77         (br               ) [ 000000000000000000000000000000000000000000000000000000000000000000000000000000000000]
shl_ln          (bitconcatenate   ) [ 000111111111111100000000000000000000000000000000000000000000000000000000000000000000]
br_ln78         (br               ) [ 001111111111111100000000000000000000000000000000000000000000000000000000000000000000]
br_ln0          (br               ) [ 001111111111111111111111111111111111111111111111111111111111111111110000000000000000]
f_0             (phi              ) [ 000100000000000000000000000000000000000000000000000000000000000000000000000000000000]
zext_ln78       (zext             ) [ 000011111111111100000000000000000000000000000000000000000000000000000000000000000000]
icmp_ln78       (icmp             ) [ 001111111111111100000000000000000000000000000000000000000000000000000000000000000000]
empty_66        (speclooptripcount) [ 000000000000000000000000000000000000000000000000000000000000000000000000000000000000]
f               (add              ) [ 001111111111111100000000000000000000000000000000000000000000000000000000000000000000]
br_ln78         (br               ) [ 000000000000000000000000000000000000000000000000000000000000000000000000000000000000]
zext_ln81       (zext             ) [ 000011111111111100000000000000000000000000000000000000000000000000000000000000000000]
br_ln81         (br               ) [ 001111111111111100000000000000000000000000000000000000000000000000000000000000000000]
br_ln0          (br               ) [ 011111111111111100000000000000000000000000000000000000000000000000000000000000000000]
acc_0           (phi              ) [ 000011111111111100000000000000000000000000000000000000000000000000000000000000000000]
k_0             (phi              ) [ 000011111111111100000000000000000000000000000000000000000000000000000000000000000000]
icmp_ln81       (icmp             ) [ 001111111111111100000000000000000000000000000000000000000000000000000000000000000000]
empty_67        (speclooptripcount) [ 000000000000000000000000000000000000000000000000000000000000000000000000000000000000]
k               (add              ) [ 001111111111111100000000000000000000000000000000000000000000000000000000000000000000]
br_ln81         (br               ) [ 000000000000000000000000000000000000000000000000000000000000000000000000000000000000]
zext_ln82       (zext             ) [ 000000000000000000000000000000000000000000000000000000000000000000000000000000000000]
add_ln82        (add              ) [ 000000000000000000000000000000000000000000000000000000000000000000000000000000000000]
shl_ln2         (bitconcatenate   ) [ 000001111111111100000000000000000000000000000000000000000000000000000000000000000000]
br_ln84         (br               ) [ 001111111111111100000000000000000000000000000000000000000000000000000000000000000000]
add_ln88        (add              ) [ 000000000000000000000000000000000000000000000000000000000000000000000000000000000000]
zext_ln88       (zext             ) [ 000000000000000000000000000000000000000000000000000000000000000000000000000000000000]
Y_addr          (getelementptr    ) [ 000000000000000000000000000000000000000000000000000000000000000000000000000000000000]
store_ln88      (store            ) [ 000000000000000000000000000000000000000000000000000000000000000000000000000000000000]
br_ln78         (br               ) [ 001111111111111100000000000000000000000000000000000000000000000000000000000000000000]
acc_1           (phi              ) [ 001111111111111100000000000000000000000000000000000000000000000000000000000000000000]
e_0             (phi              ) [ 000001000000000000000000000000000000000000000000000000000000000000000000000000000000]
icmp_ln84       (icmp             ) [ 001111111111111100000000000000000000000000000000000000000000000000000000000000000000]
empty_68        (speclooptripcount) [ 000000000000000000000000000000000000000000000000000000000000000000000000000000000000]
e               (add              ) [ 001111111111111100000000000000000000000000000000000000000000000000000000000000000000]
br_ln84         (br               ) [ 000000000000000000000000000000000000000000000000000000000000000000000000000000000000]
zext_ln85       (zext             ) [ 000000000000000000000000000000000000000000000000000000000000000000000000000000000000]
add_ln85        (add              ) [ 000000000000000000000000000000000000000000000000000000000000000000000000000000000000]
zext_ln85_3     (zext             ) [ 000000000000000000000000000000000000000000000000000000000000000000000000000000000000]
X_slice1_addr   (getelementptr    ) [ 000000100000000000000000000000000000000000000000000000000000000000000000000000000000]
trunc_ln85      (trunc            ) [ 000000000000000000000000000000000000000000000000000000000000000000000000000000000000]
tmp             (bitconcatenate   ) [ 000000000000000000000000000000000000000000000000000000000000000000000000000000000000]
add_ln85_2      (add              ) [ 000000000000000000000000000000000000000000000000000000000000000000000000000000000000]
zext_ln85_4     (zext             ) [ 000000000000000000000000000000000000000000000000000000000000000000000000000000000000]
ConvW1_addr     (getelementptr    ) [ 000000100000000000000000000000000000000000000000000000000000000000000000000000000000]
br_ln0          (br               ) [ 001111111111111100000000000000000000000000000000000000000000000000000000000000000000]
X_slice1_load   (load             ) [ 000000011110000000000000000000000000000000000000000000000000000000000000000000000000]
ConvW1_load     (load             ) [ 000000011110000000000000000000000000000000000000000000000000000000000000000000000000]
tmp_95          (hmul             ) [ 000000000001111100000000000000000000000000000000000000000000000000000000000000000000]
acc_3           (hadd             ) [ 001111111111111100000000000000000000000000000000000000000000000000000000000000000000]
br_ln84         (br               ) [ 001111111111111100000000000000000000000000000000000000000000000000000000000000000000]
t_1             (phi              ) [ 000000000000000010000000000000000000000000000000000000000000000000000000000000000000]
empty_69        (speclooptripcount) [ 000000000000000000000000000000000000000000000000000000000000000000000000000000000000]
icmp_ln92       (icmp             ) [ 000000000000000011111111111111111111111111111111111111111111111111110000000000000000]
t_3             (add              ) [ 001000000000000011111111111111111111111111111111111111111111111111110000000000000000]
br_ln92         (br               ) [ 000000000000000000000000000000000000000000000000000000000000000000000000000000000000]
shl_ln8         (bitconcatenate   ) [ 000000000000000000000000000000000000000000000000000000000000000000000000000000000000]
shl_ln93_2      (bitconcatenate   ) [ 000000000000000000000000000000000000000000000000000000000000000000000000000000000000]
zext_ln93       (zext             ) [ 000000000000000000000000000000000000000000000000000000000000000000000000000000000000]
add_ln93        (add              ) [ 000000000000000001111111111111111111111111111111111111111111111111110000000000000000]
br_ln94         (br               ) [ 000000000000000011111111111111111111111111111111111111111111111111110000000000000000]
br_ln0          (br               ) [ 000000000000000011111111111111111111111111111111111111111111111111111111111111111111]
c_0             (phi              ) [ 000000000000000001000000000000000000000000000000000000000000000000000000000000000000]
empty_70        (speclooptripcount) [ 000000000000000000000000000000000000000000000000000000000000000000000000000000000000]
icmp_ln94       (icmp             ) [ 000000000000000011111111111111111111111111111111111111111111111111110000000000000000]
c               (add              ) [ 000000000000000011111111111111111111111111111111111111111111111111110000000000000000]
br_ln94         (br               ) [ 000000000000000000000000000000000000000000000000000000000000000000000000000000000000]
zext_ln95       (zext             ) [ 000000000000000000000000000000000000000000000000000000000000000000000000000000000000]
zext_ln95_3     (zext             ) [ 000000000000000000000000000000000000000000000000000000000000000000000000000000000000]
add_ln95        (add              ) [ 000000000000000000111111111111111111000000000000000000000000000000000000000000000000]
BN1_var1_addr   (getelementptr    ) [ 000000000000000000100000000000000000000000000000000000000000000000000000000000000000]
BN1_gamma1_addr (getelementptr    ) [ 000000000000000000100000000000000000000000000000000000000000000000000000000000000000]
br_ln0          (br               ) [ 001000000000000011111111111111111111111111111111111111111111111111110000000000000000]
BN1_var1_load   (load             ) [ 000000000000000000011111000000000000000000000000000000000000000000000000000000000000]
BN1_gamma1_load (load             ) [ 000000000000000000011111111111111111111111111111111111111111000000000000000000000000]
tmp_89          (hadd             ) [ 000000000000000000000000110000000000000000000000000000000000000000000000000000000000]
tmp_90          (hptosp           ) [ 000000000000000000000000001111111111110000000000000000000000000000000000000000000000]
zext_ln95_4     (zext             ) [ 000000000000000000000000000000000000000000000000000000000000000000000000000000000000]
Y_addr12        (getelementptr    ) [ 000000000000000000000000000000000000111111111111111111111111111111110000000000000000]
Y_load          (load             ) [ 000000000000000000000000000000000000010000000000000000000000000000000000000000000000]
tmp_s           (hptosp           ) [ 000000000000000000000000000000000000001111111111111111000000000000000000000000000000]
tmp_91          (fsqrt            ) [ 000000000000000000000000000000000000001111111111111111000000000000000000000000000000]
tmp_92          (fdiv             ) [ 000000000000000000000000000000000000000000000000000000110000000000000000000000000000]
nrm             (sptohp           ) [ 000000000000000000000000000000000000000000000000000000001111000000000000000000000000]
tmp_93          (hmul             ) [ 000000000000000000000000000000000000000000000000000000000000111110000000000000000000]
x               (hadd             ) [ 000000000000000000000000000000000000000000000000000000000000000001100000000000000000]
tmp_94          (hcmp             ) [ 000000000000000000000000000000000000000000000000000000000000000000000000000000000000]
select_ln46     (select           ) [ 000000000000000000000000000000000000000000000000000000000000000000010000000000000000]
store_ln98      (store            ) [ 000000000000000000000000000000000000000000000000000000000000000000000000000000000000]
br_ln94         (br               ) [ 000000000000000011111111111111111111111111111111111111111111111111110000000000000000]
u_0             (phi              ) [ 000000000000000000000000000000000000000000000000000000000000000000001000000000000000]
empty_71        (speclooptripcount) [ 000000000000000000000000000000000000000000000000000000000000000000000000000000000000]
icmp_ln103      (icmp             ) [ 000000000000000000000000000000000000000000000000000000000000000000001111111111111111]
u               (add              ) [ 000000000000000010000000000000000000000000000000000000000000000000001111111111111111]
br_ln103        (br               ) [ 000000000000000000000000000000000000000000000000000000000000000000000000000000000000]
shl_ln9         (bitconcatenate   ) [ 000000000000000000000000000000000000000000000000000000000000000000000000000000000000]
zext_ln106_2    (zext             ) [ 000000000000000000000000000000000000000000000000000000000000000000000111111111111111]
shl_ln106_3     (bitconcatenate   ) [ 000000000000000000000000000000000000000000000000000000000000000000000000000000000000]
zext_ln106_3    (zext             ) [ 000000000000000000000000000000000000000000000000000000000000000000000000000000000000]
sub_ln106       (sub              ) [ 000000000000000000000000000000000000000000000000000000000000000000000111111111111111]
shl_ln1         (bitconcatenate   ) [ 000000000000000000000000000000000000000000000000000000000000000000000111111111111111]
br_ln104        (br               ) [ 000000000000000000000000000000000000000000000000000000000000000000001111111111111111]
ret_ln110       (ret              ) [ 000000000000000000000000000000000000000000000000000000000000000000000000000000000000]
c_1             (phi              ) [ 000000000000000000000000000000000000000000000000000000000000000000000100000000000000]
c_1_cast4       (zext             ) [ 000000000000000000000000000000000000000000000000000000000000000000000011111110000000]
c_1_cast        (zext             ) [ 000000000000000000000000000000000000000000000000000000000000000000000011111110000000]
empty_72        (speclooptripcount) [ 000000000000000000000000000000000000000000000000000000000000000000000000000000000000]
icmp_ln104      (icmp             ) [ 000000000000000000000000000000000000000000000000000000000000000000001111111111111111]
c_7             (add              ) [ 000000000000000000000000000000000000000000000000000000000000000000001111111111111111]
br_ln104        (br               ) [ 000000000000000000000000000000000000000000000000000000000000000000000000000000000000]
br_ln0          (br               ) [ 000000000000000000000000000000000000000000000000000000000000000000001111111111111111]
br_ln0          (br               ) [ 000000000000000010000000000000000000000000000000000000000000000000001111111111111111]
acc_2           (phi              ) [ 000000000000000000000000000000000000000000000000000000000000000000000011111111111110]
p_0             (phi              ) [ 000000000000000000000000000000000000000000000000000000000000000000000010000000000000]
p_0_cast        (zext             ) [ 000000000000000000000000000000000000000000000000000000000000000000000000000000000000]
empty_73        (speclooptripcount) [ 000000000000000000000000000000000000000000000000000000000000000000000000000000000000]
icmp_ln106      (icmp             ) [ 000000000000000000000000000000000000000000000000000000000000000000001111111111111111]
p               (add              ) [ 000000000000000000000000000000000000000000000000000000000000000000001111111111111111]
br_ln106        (br               ) [ 000000000000000000000000000000000000000000000000000000000000000000000000000000000000]
add_ln106       (add              ) [ 000000000000000000000000000000000000000000000000000000000000000000000000000000000000]
shl_ln106_4     (bitconcatenate   ) [ 000000000000000000000000000000000000000000000000000000000000000000000000000000000000]
shl_ln106_5     (bitconcatenate   ) [ 000000000000000000000000000000000000000000000000000000000000000000000000000000000000]
add_ln106_4     (add              ) [ 000000000000000000000000000000000000000000000000000000000000000000000000000000000000]
sext_ln106      (sext             ) [ 000000000000000000000000000000000000000000000000000000000000000000000000000000000000]
add_ln106_1     (add              ) [ 000000000000000000000000000000000000000000000000000000000000000000000000000000000000]
sext_ln106_2    (sext             ) [ 000000000000000000000000000000000000000000000000000000000000000000000000000000000000]
zext_ln106      (zext             ) [ 000000000000000000000000000000000000000000000000000000000000000000000000000000000000]
Y_addr_3        (getelementptr    ) [ 000000000000000000000000000000000000000000000000000000000000000000000001000000000000]
add_ln107_2     (add              ) [ 000000000000000000000000000000000000000000000000000000000000000000000000000000000000]
zext_ln107_2    (zext             ) [ 000000000000000000000000000000000000000000000000000000000000000000000000000000000000]
add_ln107       (add              ) [ 000000000000000000000000000000000000000000000000000000000000000000000000000001111111]
Y_load_1        (load             ) [ 000000000000000000000000000000000000000000000000000000000000000000000000111110000000]
acc             (hadd             ) [ 000000000000000000000000000000000000000000000000000000000000000000001111111111111111]
br_ln106        (br               ) [ 000000000000000000000000000000000000000000000000000000000000000000001111111111111111]
tmp_96          (hdiv             ) [ 000000000000000000000000000000000000000000000000000000000000000000000000000000000001]
zext_ln107      (zext             ) [ 000000000000000000000000000000000000000000000000000000000000000000000000000000000000]
U_addr          (getelementptr    ) [ 000000000000000000000000000000000000000000000000000000000000000000000000000000000000]
store_ln107     (store            ) [ 000000000000000000000000000000000000000000000000000000000000000000000000000000000000]
br_ln104        (br               ) [ 000000000000000000000000000000000000000000000000000000000000000000001111111111111111]
</LifeTime>

<model>

<comp_list>
<comp id="0" class="1000" name="Y">
<pin_list>
<pin id="1" dir="1" index="0" bw="1" slack="0"/>
</pin_list>
<bind>
<StgValue><ssdm name="Y"/><MemPortTyVec>2 3 </MemPortTyVec>
</StgValue>
</bind>
</comp>

<comp id="2" class="1000" name="U">
<pin_list>
<pin id="3" dir="1" index="0" bw="1" slack="0"/>
</pin_list>
<bind>
<StgValue><ssdm name="U"/><MemPortTyVec>0 3 </MemPortTyVec>
</StgValue>
</bind>
</comp>

<comp id="4" class="1000" name="X_slice1">
<pin_list>
<pin id="5" dir="1" index="0" bw="1" slack="0"/>
</pin_list>
<bind>
<StgValue><ssdm name="X_slice1"/><MemPortTyVec>1 </MemPortTyVec>
</StgValue>
</bind>
</comp>

<comp id="6" class="1000" name="ConvW1">
<pin_list>
<pin id="7" dir="1" index="0" bw="1" slack="0"/>
</pin_list>
<bind>
<StgValue><ssdm name="ConvW1"/><MemPortTyVec>1 </MemPortTyVec>
</StgValue>
</bind>
</comp>

<comp id="8" class="1000" name="BN1_var1">
<pin_list>
<pin id="9" dir="1" index="0" bw="1" slack="0"/>
</pin_list>
<bind>
<StgValue><ssdm name="BN1_var1"/><MemPortTyVec>1 </MemPortTyVec>
</StgValue>
</bind>
</comp>

<comp id="10" class="1000" name="BN1_gamma1">
<pin_list>
<pin id="11" dir="1" index="0" bw="1" slack="0"/>
</pin_list>
<bind>
<StgValue><ssdm name="BN1_gamma1"/><MemPortTyVec>1 </MemPortTyVec>
</StgValue>
</bind>
</comp>

<comp id="12" class="1001" name="const_12">
<pin_list>
<pin id="13" dir="1" index="0" bw="1" slack="1"/>
</pin_list>
<bind>
<StgValue><ssdm name=""/></StgValue>
</bind>
</comp>

<comp id="14" class="1001" name="const_14">
<pin_list>
<pin id="15" dir="1" index="0" bw="1" slack="2147483647"/>
</pin_list>
<bind>
<StgValue><ssdm name="_ssdm_op_SpecLoopTripCount"/></StgValue>
</bind>
</comp>

<comp id="16" class="1001" name="const_16">
<pin_list>
<pin id="17" dir="1" index="0" bw="1" slack="2147483647"/>
</pin_list>
<bind>
<StgValue><ssdm name=""/></StgValue>
</bind>
</comp>

<comp id="18" class="1001" name="const_18">
<pin_list>
<pin id="19" dir="1" index="0" bw="1" slack="0"/>
</pin_list>
<bind>
<StgValue><ssdm name=""/></StgValue>
</bind>
</comp>

<comp id="20" class="1001" name="const_20">
<pin_list>
<pin id="21" dir="1" index="0" bw="1" slack="0"/>
</pin_list>
<bind>
<StgValue><ssdm name=""/></StgValue>
</bind>
</comp>

<comp id="22" class="1001" name="const_22">
<pin_list>
<pin id="23" dir="1" index="0" bw="1" slack="0"/>
</pin_list>
<bind>
<StgValue><ssdm name="_ssdm_op_BitConcatenate.i12.i7.i5"/></StgValue>
</bind>
</comp>

<comp id="24" class="1001" name="const_24">
<pin_list>
<pin id="25" dir="1" index="0" bw="1" slack="0"/>
</pin_list>
<bind>
<StgValue><ssdm name=""/></StgValue>
</bind>
</comp>

<comp id="26" class="1001" name="const_26">
<pin_list>
<pin id="27" dir="1" index="0" bw="1" slack="0"/>
</pin_list>
<bind>
<StgValue><ssdm name=""/></StgValue>
</bind>
</comp>

<comp id="28" class="1001" name="const_28">
<pin_list>
<pin id="29" dir="1" index="0" bw="1" slack="0"/>
</pin_list>
<bind>
<StgValue><ssdm name=""/></StgValue>
</bind>
</comp>

<comp id="30" class="1001" name="const_30">
<pin_list>
<pin id="31" dir="1" index="0" bw="1" slack="2147483647"/>
</pin_list>
<bind>
<StgValue><ssdm name=""/></StgValue>
</bind>
</comp>

<comp id="32" class="1001" name="const_32">
<pin_list>
<pin id="33" dir="1" index="0" bw="1" slack="0"/>
</pin_list>
<bind>
<StgValue><ssdm name=""/></StgValue>
</bind>
</comp>

<comp id="34" class="1001" name="const_34">
<pin_list>
<pin id="35" dir="1" index="0" bw="1" slack="0"/>
</pin_list>
<bind>
<StgValue><ssdm name=""/></StgValue>
</bind>
</comp>

<comp id="36" class="1001" name="const_36">
<pin_list>
<pin id="37" dir="1" index="0" bw="1" slack="0"/>
</pin_list>
<bind>
<StgValue><ssdm name=""/></StgValue>
</bind>
</comp>

<comp id="38" class="1001" name="const_38">
<pin_list>
<pin id="39" dir="1" index="0" bw="1" slack="0"/>
</pin_list>
<bind>
<StgValue><ssdm name=""/></StgValue>
</bind>
</comp>

<comp id="40" class="1001" name="const_40">
<pin_list>
<pin id="41" dir="1" index="0" bw="1" slack="2147483647"/>
</pin_list>
<bind>
<StgValue><ssdm name=""/></StgValue>
</bind>
</comp>

<comp id="42" class="1001" name="const_42">
<pin_list>
<pin id="43" dir="1" index="0" bw="1" slack="0"/>
</pin_list>
<bind>
<StgValue><ssdm name=""/></StgValue>
</bind>
</comp>

<comp id="44" class="1001" name="const_44">
<pin_list>
<pin id="45" dir="1" index="0" bw="1" slack="0"/>
</pin_list>
<bind>
<StgValue><ssdm name=""/></StgValue>
</bind>
</comp>

<comp id="46" class="1001" name="const_46">
<pin_list>
<pin id="47" dir="1" index="0" bw="1" slack="0"/>
</pin_list>
<bind>
<StgValue><ssdm name="_ssdm_op_BitConcatenate.i13.i3.i5.i5"/></StgValue>
</bind>
</comp>

<comp id="48" class="1001" name="const_48">
<pin_list>
<pin id="49" dir="1" index="0" bw="1" slack="2147483647"/>
</pin_list>
<bind>
<StgValue><ssdm name=""/></StgValue>
</bind>
</comp>

<comp id="50" class="1001" name="const_50">
<pin_list>
<pin id="51" dir="1" index="0" bw="1" slack="0"/>
</pin_list>
<bind>
<StgValue><ssdm name=""/></StgValue>
</bind>
</comp>

<comp id="52" class="1001" name="const_52">
<pin_list>
<pin id="53" dir="1" index="0" bw="1" slack="0"/>
</pin_list>
<bind>
<StgValue><ssdm name="_ssdm_op_BitConcatenate.i13.i7.i6"/></StgValue>
</bind>
</comp>

<comp id="54" class="1001" name="const_54">
<pin_list>
<pin id="55" dir="1" index="0" bw="1" slack="0"/>
</pin_list>
<bind>
<StgValue><ssdm name="_ssdm_op_BitConcatenate.i10.i7.i3"/></StgValue>
</bind>
</comp>

<comp id="56" class="1001" name="const_56">
<pin_list>
<pin id="57" dir="1" index="0" bw="1" slack="0"/>
</pin_list>
<bind>
<StgValue><ssdm name=""/></StgValue>
</bind>
</comp>

<comp id="58" class="1001" name="const_58">
<pin_list>
<pin id="59" dir="1" index="0" bw="1" slack="0"/>
</pin_list>
<bind>
<StgValue><ssdm name="llvm.sqrt.f32"/></StgValue>
</bind>
</comp>

<comp id="60" class="1001" name="const_60">
<pin_list>
<pin id="61" dir="1" index="0" bw="1" slack="1"/>
</pin_list>
<bind>
<StgValue><ssdm name=""/></StgValue>
</bind>
</comp>

<comp id="62" class="1001" name="const_62">
<pin_list>
<pin id="63" dir="1" index="0" bw="1" slack="2147483647"/>
</pin_list>
<bind>
<StgValue><ssdm name=""/></StgValue>
</bind>
</comp>

<comp id="64" class="1001" name="const_64">
<pin_list>
<pin id="65" dir="1" index="0" bw="1" slack="0"/>
</pin_list>
<bind>
<StgValue><ssdm name=""/></StgValue>
</bind>
</comp>

<comp id="66" class="1001" name="const_66">
<pin_list>
<pin id="67" dir="1" index="0" bw="1" slack="0"/>
</pin_list>
<bind>
<StgValue><ssdm name=""/></StgValue>
</bind>
</comp>

<comp id="68" class="1001" name="const_68">
<pin_list>
<pin id="69" dir="1" index="0" bw="1" slack="0"/>
</pin_list>
<bind>
<StgValue><ssdm name="_ssdm_op_BitConcatenate.i7.i4.i3"/></StgValue>
</bind>
</comp>

<comp id="70" class="1001" name="const_70">
<pin_list>
<pin id="71" dir="1" index="0" bw="1" slack="0"/>
</pin_list>
<bind>
<StgValue><ssdm name="_ssdm_op_BitConcatenate.i5.i4.i1"/></StgValue>
</bind>
</comp>

<comp id="72" class="1001" name="const_72">
<pin_list>
<pin id="73" dir="1" index="0" bw="1" slack="0"/>
</pin_list>
<bind>
<StgValue><ssdm name=""/></StgValue>
</bind>
</comp>

<comp id="74" class="1001" name="const_74">
<pin_list>
<pin id="75" dir="1" index="0" bw="1" slack="0"/>
</pin_list>
<bind>
<StgValue><ssdm name="_ssdm_op_BitConcatenate.i10.i4.i6"/></StgValue>
</bind>
</comp>

<comp id="76" class="1001" name="const_76">
<pin_list>
<pin id="77" dir="1" index="0" bw="1" slack="2147483647"/>
</pin_list>
<bind>
<StgValue><ssdm name=""/></StgValue>
</bind>
</comp>

<comp id="78" class="1001" name="const_78">
<pin_list>
<pin id="79" dir="1" index="0" bw="1" slack="0"/>
</pin_list>
<bind>
<StgValue><ssdm name=""/></StgValue>
</bind>
</comp>

<comp id="80" class="1001" name="const_80">
<pin_list>
<pin id="81" dir="1" index="0" bw="1" slack="0"/>
</pin_list>
<bind>
<StgValue><ssdm name="_ssdm_op_BitConcatenate.i14.i8.i6"/></StgValue>
</bind>
</comp>

<comp id="82" class="1001" name="const_82">
<pin_list>
<pin id="83" dir="1" index="0" bw="1" slack="0"/>
</pin_list>
<bind>
<StgValue><ssdm name="_ssdm_op_BitConcatenate.i11.i8.i3"/></StgValue>
</bind>
</comp>

<comp id="84" class="1001" name="const_84">
<pin_list>
<pin id="85" dir="1" index="0" bw="1" slack="0"/>
</pin_list>
<bind>
<StgValue><ssdm name=""/></StgValue>
</bind>
</comp>

<comp id="86" class="1004" name="Y_addr_gep_fu_86">
<pin_list>
<pin id="87" dir="0" index="0" bw="16" slack="0"/>
<pin id="88" dir="0" index="1" bw="1" slack="0"/>
<pin id="89" dir="0" index="2" bw="12" slack="0"/>
<pin id="90" dir="1" index="3" bw="15" slack="0"/>
</pin_list>
<bind>
<opcode="getelementptr(29) " fcode="getelementptr"/>
<opset="Y_addr/4 "/>
</bind>
</comp>

<comp id="93" class="1004" name="grp_access_fu_93">
<pin_list>
<pin id="94" dir="0" index="0" bw="15" slack="0"/>
<pin id="95" dir="0" index="1" bw="16" slack="0"/>
<pin id="96" dir="0" index="2" bw="0" slack="2147483647"/>
<pin id="97" dir="1" index="3" bw="16" slack="0"/>
</pin_list>
<bind>
<opcode="load(27) store(28) " fcode="load"/>
<opset="store_ln88/4 Y_load/35 store_ln98/67 Y_load_1/70 "/>
</bind>
</comp>

<comp id="99" class="1004" name="X_slice1_addr_gep_fu_99">
<pin_list>
<pin id="100" dir="0" index="0" bw="16" slack="0"/>
<pin id="101" dir="0" index="1" bw="1" slack="0"/>
<pin id="102" dir="0" index="2" bw="12" slack="0"/>
<pin id="103" dir="1" index="3" bw="12" slack="0"/>
</pin_list>
<bind>
<opcode="getelementptr(29) " fcode="getelementptr"/>
<opset="X_slice1_addr/5 "/>
</bind>
</comp>

<comp id="106" class="1004" name="grp_access_fu_106">
<pin_list>
<pin id="107" dir="0" index="0" bw="12" slack="0"/>
<pin id="108" dir="0" index="1" bw="16" slack="2147483647"/>
<pin id="109" dir="0" index="2" bw="0" slack="2147483647"/>
<pin id="110" dir="1" index="3" bw="16" slack="1"/>
</pin_list>
<bind>
<opcode="load(27) " fcode="load"/>
<opset="X_slice1_load/5 "/>
</bind>
</comp>

<comp id="112" class="1004" name="ConvW1_addr_gep_fu_112">
<pin_list>
<pin id="113" dir="0" index="0" bw="16" slack="0"/>
<pin id="114" dir="0" index="1" bw="1" slack="0"/>
<pin id="115" dir="0" index="2" bw="13" slack="0"/>
<pin id="116" dir="1" index="3" bw="13" slack="0"/>
</pin_list>
<bind>
<opcode="getelementptr(29) " fcode="getelementptr"/>
<opset="ConvW1_addr/5 "/>
</bind>
</comp>

<comp id="119" class="1004" name="grp_access_fu_119">
<pin_list>
<pin id="120" dir="0" index="0" bw="13" slack="0"/>
<pin id="121" dir="0" index="1" bw="16" slack="2147483647"/>
<pin id="122" dir="0" index="2" bw="0" slack="2147483647"/>
<pin id="123" dir="1" index="3" bw="16" slack="1"/>
</pin_list>
<bind>
<opcode="load(27) " fcode="load"/>
<opset="ConvW1_load/5 "/>
</bind>
</comp>

<comp id="125" class="1004" name="BN1_var1_addr_gep_fu_125">
<pin_list>
<pin id="126" dir="0" index="0" bw="16" slack="0"/>
<pin id="127" dir="0" index="1" bw="1" slack="0"/>
<pin id="128" dir="0" index="2" bw="7" slack="0"/>
<pin id="129" dir="1" index="3" bw="5" slack="0"/>
</pin_list>
<bind>
<opcode="getelementptr(29) " fcode="getelementptr"/>
<opset="BN1_var1_addr/17 "/>
</bind>
</comp>

<comp id="132" class="1004" name="grp_access_fu_132">
<pin_list>
<pin id="133" dir="0" index="0" bw="5" slack="0"/>
<pin id="134" dir="0" index="1" bw="16" slack="2147483647"/>
<pin id="135" dir="0" index="2" bw="0" slack="2147483647"/>
<pin id="136" dir="1" index="3" bw="16" slack="1"/>
</pin_list>
<bind>
<opcode="load(27) " fcode="load"/>
<opset="BN1_var1_load/17 "/>
</bind>
</comp>

<comp id="138" class="1004" name="BN1_gamma1_addr_gep_fu_138">
<pin_list>
<pin id="139" dir="0" index="0" bw="16" slack="0"/>
<pin id="140" dir="0" index="1" bw="1" slack="0"/>
<pin id="141" dir="0" index="2" bw="7" slack="0"/>
<pin id="142" dir="1" index="3" bw="5" slack="0"/>
</pin_list>
<bind>
<opcode="getelementptr(29) " fcode="getelementptr"/>
<opset="BN1_gamma1_addr/17 "/>
</bind>
</comp>

<comp id="145" class="1004" name="grp_access_fu_145">
<pin_list>
<pin id="146" dir="0" index="0" bw="5" slack="0"/>
<pin id="147" dir="0" index="1" bw="16" slack="2147483647"/>
<pin id="148" dir="0" index="2" bw="0" slack="2147483647"/>
<pin id="149" dir="1" index="3" bw="16" slack="38"/>
</pin_list>
<bind>
<opcode="load(27) " fcode="load"/>
<opset="BN1_gamma1_load/17 "/>
</bind>
</comp>

<comp id="151" class="1004" name="Y_addr12_gep_fu_151">
<pin_list>
<pin id="152" dir="0" index="0" bw="16" slack="0"/>
<pin id="153" dir="0" index="1" bw="1" slack="0"/>
<pin id="154" dir="0" index="2" bw="13" slack="0"/>
<pin id="155" dir="1" index="3" bw="15" slack="0"/>
</pin_list>
<bind>
<opcode="getelementptr(29) " fcode="getelementptr"/>
<opset="Y_addr12/35 "/>
</bind>
</comp>

<comp id="159" class="1004" name="Y_addr_3_gep_fu_159">
<pin_list>
<pin id="160" dir="0" index="0" bw="16" slack="0"/>
<pin id="161" dir="0" index="1" bw="1" slack="0"/>
<pin id="162" dir="0" index="2" bw="32" slack="0"/>
<pin id="163" dir="1" index="3" bw="15" slack="0"/>
</pin_list>
<bind>
<opcode="getelementptr(29) " fcode="getelementptr"/>
<opset="Y_addr_3/70 "/>
</bind>
</comp>

<comp id="167" class="1004" name="U_addr_gep_fu_167">
<pin_list>
<pin id="168" dir="0" index="0" bw="16" slack="0"/>
<pin id="169" dir="0" index="1" bw="1" slack="0"/>
<pin id="170" dir="0" index="2" bw="10" slack="0"/>
<pin id="171" dir="1" index="3" bw="9" slack="0"/>
</pin_list>
<bind>
<opcode="getelementptr(29) " fcode="getelementptr"/>
<opset="U_addr/83 "/>
</bind>
</comp>

<comp id="174" class="1004" name="store_ln107_access_fu_174">
<pin_list>
<pin id="175" dir="0" index="0" bw="9" slack="0"/>
<pin id="176" dir="0" index="1" bw="16" slack="1"/>
<pin id="177" dir="0" index="2" bw="0" slack="2147483647"/>
<pin id="178" dir="1" index="3" bw="16" slack="2147483647"/>
</pin_list>
<bind>
<opcode="store(28) " fcode="store"/>
<opset="store_ln107/83 "/>
</bind>
</comp>

<comp id="180" class="1005" name="t_0_reg_180">
<pin_list>
<pin id="181" dir="0" index="0" bw="7" slack="1"/>
<pin id="182" dir="1" index="1" bw="7" slack="1"/>
</pin_list>
<bind>
<opset="t_0 (phireg) "/>
</bind>
</comp>

<comp id="184" class="1004" name="t_0_phi_fu_184">
<pin_list>
<pin id="185" dir="0" index="0" bw="1" slack="1"/>
<pin id="186" dir="0" index="1" bw="0" slack="2147483647"/>
<pin id="187" dir="0" index="2" bw="7" slack="0"/>
<pin id="188" dir="0" index="3" bw="0" slack="2147483647"/>
<pin id="189" dir="1" index="4" bw="7" slack="0"/>
</pin_list>
<bind>
<opcode="phi(47) " fcode="phi"/>
<opset="t_0/2 "/>
</bind>
</comp>

<comp id="192" class="1005" name="f_0_reg_192">
<pin_list>
<pin id="193" dir="0" index="0" bw="6" slack="1"/>
<pin id="194" dir="1" index="1" bw="6" slack="1"/>
</pin_list>
<bind>
<opset="f_0 (phireg) "/>
</bind>
</comp>

<comp id="196" class="1004" name="f_0_phi_fu_196">
<pin_list>
<pin id="197" dir="0" index="0" bw="6" slack="0"/>
<pin id="198" dir="0" index="1" bw="0" slack="2147483647"/>
<pin id="199" dir="0" index="2" bw="1" slack="1"/>
<pin id="200" dir="0" index="3" bw="0" slack="2147483647"/>
<pin id="201" dir="1" index="4" bw="6" slack="0"/>
</pin_list>
<bind>
<opcode="phi(47) " fcode="phi"/>
<opset="f_0/3 "/>
</bind>
</comp>

<comp id="203" class="1005" name="acc_0_reg_203">
<pin_list>
<pin id="204" dir="0" index="0" bw="16" slack="1"/>
<pin id="205" dir="1" index="1" bw="16" slack="1"/>
</pin_list>
<bind>
<opset="acc_0 (phireg) "/>
</bind>
</comp>

<comp id="207" class="1004" name="acc_0_phi_fu_207">
<pin_list>
<pin id="208" dir="0" index="0" bw="16" slack="1"/>
<pin id="209" dir="0" index="1" bw="0" slack="2147483647"/>
<pin id="210" dir="0" index="2" bw="16" slack="1"/>
<pin id="211" dir="0" index="3" bw="0" slack="2147483647"/>
<pin id="212" dir="1" index="4" bw="16" slack="0"/>
</pin_list>
<bind>
<opcode="phi(47) " fcode="phi"/>
<opset="acc_0/4 "/>
</bind>
</comp>

<comp id="216" class="1005" name="k_0_reg_216">
<pin_list>
<pin id="217" dir="0" index="0" bw="3" slack="1"/>
<pin id="218" dir="1" index="1" bw="3" slack="1"/>
</pin_list>
<bind>
<opset="k_0 (phireg) "/>
</bind>
</comp>

<comp id="220" class="1004" name="k_0_phi_fu_220">
<pin_list>
<pin id="221" dir="0" index="0" bw="1" slack="1"/>
<pin id="222" dir="0" index="1" bw="0" slack="2147483647"/>
<pin id="223" dir="0" index="2" bw="3" slack="0"/>
<pin id="224" dir="0" index="3" bw="0" slack="2147483647"/>
<pin id="225" dir="1" index="4" bw="3" slack="0"/>
</pin_list>
<bind>
<opcode="phi(47) " fcode="phi"/>
<opset="k_0/4 "/>
</bind>
</comp>

<comp id="228" class="1005" name="acc_1_reg_228">
<pin_list>
<pin id="229" dir="0" index="0" bw="16" slack="1"/>
<pin id="230" dir="1" index="1" bw="16" slack="1"/>
</pin_list>
<bind>
<opset="acc_1 (phireg) "/>
</bind>
</comp>

<comp id="232" class="1004" name="acc_1_phi_fu_232">
<pin_list>
<pin id="233" dir="0" index="0" bw="16" slack="1"/>
<pin id="234" dir="0" index="1" bw="0" slack="2147483647"/>
<pin id="235" dir="0" index="2" bw="16" slack="1"/>
<pin id="236" dir="0" index="3" bw="0" slack="2147483647"/>
<pin id="237" dir="1" index="4" bw="16" slack="1"/>
</pin_list>
<bind>
<opcode="phi(47) " fcode="phi"/>
<opset="acc_1/5 "/>
</bind>
</comp>

<comp id="240" class="1005" name="e_0_reg_240">
<pin_list>
<pin id="241" dir="0" index="0" bw="6" slack="1"/>
<pin id="242" dir="1" index="1" bw="6" slack="1"/>
</pin_list>
<bind>
<opset="e_0 (phireg) "/>
</bind>
</comp>

<comp id="244" class="1004" name="e_0_phi_fu_244">
<pin_list>
<pin id="245" dir="0" index="0" bw="1" slack="1"/>
<pin id="246" dir="0" index="1" bw="0" slack="2147483647"/>
<pin id="247" dir="0" index="2" bw="6" slack="0"/>
<pin id="248" dir="0" index="3" bw="0" slack="2147483647"/>
<pin id="249" dir="1" index="4" bw="6" slack="0"/>
</pin_list>
<bind>
<opcode="phi(47) " fcode="phi"/>
<opset="e_0/5 "/>
</bind>
</comp>

<comp id="251" class="1005" name="t_1_reg_251">
<pin_list>
<pin id="252" dir="0" index="0" bw="7" slack="1"/>
<pin id="253" dir="1" index="1" bw="7" slack="1"/>
</pin_list>
<bind>
<opset="t_1 (phireg) "/>
</bind>
</comp>

<comp id="255" class="1004" name="t_1_phi_fu_255">
<pin_list>
<pin id="256" dir="0" index="0" bw="7" slack="0"/>
<pin id="257" dir="0" index="1" bw="0" slack="2147483647"/>
<pin id="258" dir="0" index="2" bw="1" slack="1"/>
<pin id="259" dir="0" index="3" bw="0" slack="2147483647"/>
<pin id="260" dir="1" index="4" bw="7" slack="0"/>
</pin_list>
<bind>
<opcode="phi(47) " fcode="phi"/>
<opset="t_1/16 "/>
</bind>
</comp>

<comp id="262" class="1005" name="c_0_reg_262">
<pin_list>
<pin id="263" dir="0" index="0" bw="7" slack="1"/>
<pin id="264" dir="1" index="1" bw="7" slack="1"/>
</pin_list>
<bind>
<opset="c_0 (phireg) "/>
</bind>
</comp>

<comp id="266" class="1004" name="c_0_phi_fu_266">
<pin_list>
<pin id="267" dir="0" index="0" bw="1" slack="1"/>
<pin id="268" dir="0" index="1" bw="0" slack="2147483647"/>
<pin id="269" dir="0" index="2" bw="7" slack="0"/>
<pin id="270" dir="0" index="3" bw="0" slack="2147483647"/>
<pin id="271" dir="1" index="4" bw="7" slack="0"/>
</pin_list>
<bind>
<opcode="phi(47) " fcode="phi"/>
<opset="c_0/17 "/>
</bind>
</comp>

<comp id="273" class="1005" name="u_0_reg_273">
<pin_list>
<pin id="274" dir="0" index="0" bw="4" slack="1"/>
<pin id="275" dir="1" index="1" bw="4" slack="1"/>
</pin_list>
<bind>
<opset="u_0 (phireg) "/>
</bind>
</comp>

<comp id="277" class="1004" name="u_0_phi_fu_277">
<pin_list>
<pin id="278" dir="0" index="0" bw="4" slack="0"/>
<pin id="279" dir="0" index="1" bw="0" slack="2147483647"/>
<pin id="280" dir="0" index="2" bw="1" slack="1"/>
<pin id="281" dir="0" index="3" bw="0" slack="2147483647"/>
<pin id="282" dir="1" index="4" bw="4" slack="0"/>
</pin_list>
<bind>
<opcode="phi(47) " fcode="phi"/>
<opset="u_0/68 "/>
</bind>
</comp>

<comp id="284" class="1005" name="c_1_reg_284">
<pin_list>
<pin id="285" dir="0" index="0" bw="7" slack="1"/>
<pin id="286" dir="1" index="1" bw="7" slack="1"/>
</pin_list>
<bind>
<opset="c_1 (phireg) "/>
</bind>
</comp>

<comp id="288" class="1004" name="c_1_phi_fu_288">
<pin_list>
<pin id="289" dir="0" index="0" bw="7" slack="0"/>
<pin id="290" dir="0" index="1" bw="0" slack="2147483647"/>
<pin id="291" dir="0" index="2" bw="1" slack="1"/>
<pin id="292" dir="0" index="3" bw="0" slack="2147483647"/>
<pin id="293" dir="1" index="4" bw="7" slack="0"/>
</pin_list>
<bind>
<opcode="phi(47) " fcode="phi"/>
<opset="c_1/69 "/>
</bind>
</comp>

<comp id="295" class="1005" name="acc_2_reg_295">
<pin_list>
<pin id="296" dir="0" index="0" bw="16" slack="1"/>
<pin id="297" dir="1" index="1" bw="16" slack="1"/>
</pin_list>
<bind>
<opset="acc_2 (phireg) "/>
</bind>
</comp>

<comp id="299" class="1004" name="acc_2_phi_fu_299">
<pin_list>
<pin id="300" dir="0" index="0" bw="16" slack="1"/>
<pin id="301" dir="0" index="1" bw="0" slack="2147483647"/>
<pin id="302" dir="0" index="2" bw="16" slack="1"/>
<pin id="303" dir="0" index="3" bw="0" slack="2147483647"/>
<pin id="304" dir="1" index="4" bw="16" slack="0"/>
</pin_list>
<bind>
<opcode="phi(47) " fcode="phi"/>
<opset="acc_2/70 "/>
</bind>
</comp>

<comp id="307" class="1005" name="p_0_reg_307">
<pin_list>
<pin id="308" dir="0" index="0" bw="3" slack="1"/>
<pin id="309" dir="1" index="1" bw="3" slack="1"/>
</pin_list>
<bind>
<opset="p_0 (phireg) "/>
</bind>
</comp>

<comp id="311" class="1004" name="p_0_phi_fu_311">
<pin_list>
<pin id="312" dir="0" index="0" bw="3" slack="0"/>
<pin id="313" dir="0" index="1" bw="0" slack="2147483647"/>
<pin id="314" dir="0" index="2" bw="1" slack="1"/>
<pin id="315" dir="0" index="3" bw="0" slack="2147483647"/>
<pin id="316" dir="1" index="4" bw="3" slack="0"/>
</pin_list>
<bind>
<opcode="phi(47) " fcode="phi"/>
<opset="p_0/70 "/>
</bind>
</comp>

<comp id="318" class="1004" name="grp_fu_318">
<pin_list>
<pin id="319" dir="0" index="0" bw="32" slack="1"/>
<pin id="320" dir="0" index="1" bw="32" slack="1"/>
<pin id="321" dir="1" index="2" bw="32" slack="1"/>
</pin_list>
<bind>
<opcode="fdiv(16) " fcode="fdiv"/>
<opset="tmp_92/38 "/>
</bind>
</comp>

<comp id="322" class="1004" name="grp_fu_322">
<pin_list>
<pin id="323" dir="0" index="0" bw="32" slack="0"/>
<pin id="324" dir="0" index="1" bw="32" slack="1"/>
<pin id="325" dir="1" index="2" bw="32" slack="1"/>
</pin_list>
<bind>
<opcode="fsqrt(503) " fcode="fsqrt"/>
<opset="tmp_91/26 "/>
</bind>
</comp>

<comp id="327" class="1004" name="grp_fu_327">
<pin_list>
<pin id="328" dir="0" index="0" bw="32" slack="1"/>
<pin id="329" dir="1" index="1" bw="16" slack="1"/>
</pin_list>
<bind>
<opcode="sptohp(532) " fcode="sptohp"/>
<opset="nrm/54 "/>
</bind>
</comp>

<comp id="330" class="1004" name="grp_fu_330">
<pin_list>
<pin id="331" dir="0" index="0" bw="16" slack="0"/>
<pin id="332" dir="1" index="1" bw="32" slack="1"/>
</pin_list>
<bind>
<opcode="hptosp(533) " fcode="hptosp"/>
<opset="tmp_90/24 tmp_s/36 "/>
</bind>
</comp>

<comp id="334" class="1004" name="grp_fu_334">
<pin_list>
<pin id="335" dir="0" index="0" bw="16" slack="1"/>
<pin id="336" dir="0" index="1" bw="16" slack="0"/>
<pin id="337" dir="1" index="2" bw="16" slack="1"/>
</pin_list>
<bind>
<opcode="hadd(534) " fcode="hadd"/>
<opset="acc_3/11 tmp_89/19 x/60 acc/72 "/>
</bind>
</comp>

<comp id="342" class="1004" name="grp_fu_342">
<pin_list>
<pin id="343" dir="0" index="0" bw="16" slack="1"/>
<pin id="344" dir="0" index="1" bw="16" slack="1"/>
<pin id="345" dir="1" index="2" bw="16" slack="1"/>
</pin_list>
<bind>
<opcode="hmul(536) " fcode="hmul"/>
<opset="tmp_95/7 tmp_93/56 "/>
</bind>
</comp>

<comp id="346" class="1004" name="grp_fu_346">
<pin_list>
<pin id="347" dir="0" index="0" bw="16" slack="0"/>
<pin id="348" dir="0" index="1" bw="16" slack="0"/>
<pin id="349" dir="1" index="2" bw="16" slack="1"/>
</pin_list>
<bind>
<opcode="hdiv(537) " fcode="hdiv"/>
<opset="tmp_96/70 "/>
</bind>
</comp>

<comp id="352" class="1004" name="grp_fu_352">
<pin_list>
<pin id="353" dir="0" index="0" bw="16" slack="1"/>
<pin id="354" dir="0" index="1" bw="16" slack="0"/>
<pin id="355" dir="1" index="2" bw="1" slack="0"/>
</pin_list>
<bind>
<opcode="hcmp(539) " fcode="hcmp"/>
<opset="tmp_94/65 "/>
</bind>
</comp>

<comp id="357" class="1005" name="reg_357">
<pin_list>
<pin id="358" dir="0" index="0" bw="16" slack="1"/>
<pin id="359" dir="1" index="1" bw="16" slack="1"/>
</pin_list>
<bind>
<opset="tmp_95 tmp_93 "/>
</bind>
</comp>

<comp id="363" class="1005" name="reg_363">
<pin_list>
<pin id="364" dir="0" index="0" bw="16" slack="1"/>
<pin id="365" dir="1" index="1" bw="16" slack="1"/>
</pin_list>
<bind>
<opset="acc_3 tmp_89 x acc "/>
</bind>
</comp>

<comp id="371" class="1005" name="reg_371">
<pin_list>
<pin id="372" dir="0" index="0" bw="32" slack="1"/>
<pin id="373" dir="1" index="1" bw="32" slack="1"/>
</pin_list>
<bind>
<opset="tmp_90 tmp_s "/>
</bind>
</comp>

<comp id="377" class="1005" name="reg_377">
<pin_list>
<pin id="378" dir="0" index="0" bw="16" slack="1"/>
<pin id="379" dir="1" index="1" bw="16" slack="1"/>
</pin_list>
<bind>
<opset="Y_load Y_load_1 "/>
</bind>
</comp>

<comp id="383" class="1004" name="icmp_ln77_fu_383">
<pin_list>
<pin id="384" dir="0" index="0" bw="7" slack="0"/>
<pin id="385" dir="0" index="1" bw="7" slack="0"/>
<pin id="386" dir="1" index="2" bw="1" slack="2147483647"/>
</pin_list>
<bind>
<opcode="icmp(45) " fcode="icmp"/>
<opset="icmp_ln77/2 "/>
</bind>
</comp>

<comp id="389" class="1004" name="t_fu_389">
<pin_list>
<pin id="390" dir="0" index="0" bw="7" slack="0"/>
<pin id="391" dir="0" index="1" bw="1" slack="0"/>
<pin id="392" dir="1" index="2" bw="7" slack="0"/>
</pin_list>
<bind>
<opcode="add(8) " fcode="add"/>
<opset="t/2 "/>
</bind>
</comp>

<comp id="395" class="1004" name="shl_ln_fu_395">
<pin_list>
<pin id="396" dir="0" index="0" bw="12" slack="0"/>
<pin id="397" dir="0" index="1" bw="7" slack="0"/>
<pin id="398" dir="0" index="2" bw="1" slack="0"/>
<pin id="399" dir="1" index="3" bw="12" slack="2"/>
</pin_list>
<bind>
<opcode="bitconcatenate(1004) " fcode="bitconcatenate"/>
<opset="shl_ln/2 "/>
</bind>
</comp>

<comp id="403" class="1004" name="zext_ln78_fu_403">
<pin_list>
<pin id="404" dir="0" index="0" bw="6" slack="0"/>
<pin id="405" dir="1" index="1" bw="12" slack="1"/>
</pin_list>
<bind>
<opcode="zext(34) " fcode="zext"/>
<opset="zext_ln78/3 "/>
</bind>
</comp>

<comp id="407" class="1004" name="icmp_ln78_fu_407">
<pin_list>
<pin id="408" dir="0" index="0" bw="6" slack="0"/>
<pin id="409" dir="0" index="1" bw="6" slack="0"/>
<pin id="410" dir="1" index="2" bw="1" slack="2147483647"/>
</pin_list>
<bind>
<opcode="icmp(45) " fcode="icmp"/>
<opset="icmp_ln78/3 "/>
</bind>
</comp>

<comp id="413" class="1004" name="f_fu_413">
<pin_list>
<pin id="414" dir="0" index="0" bw="6" slack="0"/>
<pin id="415" dir="0" index="1" bw="1" slack="0"/>
<pin id="416" dir="1" index="2" bw="6" slack="0"/>
</pin_list>
<bind>
<opcode="add(8) " fcode="add"/>
<opset="f/3 "/>
</bind>
</comp>

<comp id="419" class="1004" name="zext_ln81_fu_419">
<pin_list>
<pin id="420" dir="0" index="0" bw="6" slack="0"/>
<pin id="421" dir="1" index="1" bw="13" slack="2"/>
</pin_list>
<bind>
<opcode="zext(34) " fcode="zext"/>
<opset="zext_ln81/3 "/>
</bind>
</comp>

<comp id="423" class="1004" name="icmp_ln81_fu_423">
<pin_list>
<pin id="424" dir="0" index="0" bw="3" slack="0"/>
<pin id="425" dir="0" index="1" bw="3" slack="0"/>
<pin id="426" dir="1" index="2" bw="1" slack="2147483647"/>
</pin_list>
<bind>
<opcode="icmp(45) " fcode="icmp"/>
<opset="icmp_ln81/4 "/>
</bind>
</comp>

<comp id="429" class="1004" name="k_fu_429">
<pin_list>
<pin id="430" dir="0" index="0" bw="3" slack="0"/>
<pin id="431" dir="0" index="1" bw="1" slack="0"/>
<pin id="432" dir="1" index="2" bw="3" slack="0"/>
</pin_list>
<bind>
<opcode="add(8) " fcode="add"/>
<opset="k/4 "/>
</bind>
</comp>

<comp id="435" class="1004" name="zext_ln82_fu_435">
<pin_list>
<pin id="436" dir="0" index="0" bw="3" slack="0"/>
<pin id="437" dir="1" index="1" bw="7" slack="0"/>
</pin_list>
<bind>
<opcode="zext(34) " fcode="zext"/>
<opset="zext_ln82/4 "/>
</bind>
</comp>

<comp id="439" class="1004" name="add_ln82_fu_439">
<pin_list>
<pin id="440" dir="0" index="0" bw="7" slack="2"/>
<pin id="441" dir="0" index="1" bw="3" slack="0"/>
<pin id="442" dir="1" index="2" bw="7" slack="0"/>
</pin_list>
<bind>
<opcode="add(8) " fcode="add"/>
<opset="add_ln82/4 "/>
</bind>
</comp>

<comp id="445" class="1004" name="shl_ln2_fu_445">
<pin_list>
<pin id="446" dir="0" index="0" bw="12" slack="0"/>
<pin id="447" dir="0" index="1" bw="7" slack="0"/>
<pin id="448" dir="0" index="2" bw="1" slack="0"/>
<pin id="449" dir="1" index="3" bw="12" slack="1"/>
</pin_list>
<bind>
<opcode="bitconcatenate(1004) " fcode="bitconcatenate"/>
<opset="shl_ln2/4 "/>
</bind>
</comp>

<comp id="453" class="1004" name="add_ln88_fu_453">
<pin_list>
<pin id="454" dir="0" index="0" bw="12" slack="2"/>
<pin id="455" dir="0" index="1" bw="6" slack="1"/>
<pin id="456" dir="1" index="2" bw="12" slack="0"/>
</pin_list>
<bind>
<opcode="add(8) " fcode="add"/>
<opset="add_ln88/4 "/>
</bind>
</comp>

<comp id="457" class="1004" name="zext_ln88_fu_457">
<pin_list>
<pin id="458" dir="0" index="0" bw="12" slack="0"/>
<pin id="459" dir="1" index="1" bw="64" slack="0"/>
</pin_list>
<bind>
<opcode="zext(34) " fcode="zext"/>
<opset="zext_ln88/4 "/>
</bind>
</comp>

<comp id="462" class="1004" name="icmp_ln84_fu_462">
<pin_list>
<pin id="463" dir="0" index="0" bw="6" slack="0"/>
<pin id="464" dir="0" index="1" bw="6" slack="0"/>
<pin id="465" dir="1" index="2" bw="1" slack="2147483647"/>
</pin_list>
<bind>
<opcode="icmp(45) " fcode="icmp"/>
<opset="icmp_ln84/5 "/>
</bind>
</comp>

<comp id="468" class="1004" name="e_fu_468">
<pin_list>
<pin id="469" dir="0" index="0" bw="6" slack="0"/>
<pin id="470" dir="0" index="1" bw="1" slack="0"/>
<pin id="471" dir="1" index="2" bw="6" slack="0"/>
</pin_list>
<bind>
<opcode="add(8) " fcode="add"/>
<opset="e/5 "/>
</bind>
</comp>

<comp id="474" class="1004" name="zext_ln85_fu_474">
<pin_list>
<pin id="475" dir="0" index="0" bw="6" slack="0"/>
<pin id="476" dir="1" index="1" bw="12" slack="0"/>
</pin_list>
<bind>
<opcode="zext(34) " fcode="zext"/>
<opset="zext_ln85/5 "/>
</bind>
</comp>

<comp id="478" class="1004" name="add_ln85_fu_478">
<pin_list>
<pin id="479" dir="0" index="0" bw="6" slack="0"/>
<pin id="480" dir="0" index="1" bw="12" slack="1"/>
<pin id="481" dir="1" index="2" bw="12" slack="0"/>
</pin_list>
<bind>
<opcode="add(8) " fcode="add"/>
<opset="add_ln85/5 "/>
</bind>
</comp>

<comp id="483" class="1004" name="zext_ln85_3_fu_483">
<pin_list>
<pin id="484" dir="0" index="0" bw="12" slack="0"/>
<pin id="485" dir="1" index="1" bw="64" slack="0"/>
</pin_list>
<bind>
<opcode="zext(34) " fcode="zext"/>
<opset="zext_ln85_3/5 "/>
</bind>
</comp>

<comp id="488" class="1004" name="trunc_ln85_fu_488">
<pin_list>
<pin id="489" dir="0" index="0" bw="6" slack="0"/>
<pin id="490" dir="1" index="1" bw="5" slack="0"/>
</pin_list>
<bind>
<opcode="trunc(33) " fcode="trunc"/>
<opset="trunc_ln85/5 "/>
</bind>
</comp>

<comp id="492" class="1004" name="tmp_fu_492">
<pin_list>
<pin id="493" dir="0" index="0" bw="13" slack="0"/>
<pin id="494" dir="0" index="1" bw="3" slack="1"/>
<pin id="495" dir="0" index="2" bw="5" slack="0"/>
<pin id="496" dir="0" index="3" bw="1" slack="0"/>
<pin id="497" dir="1" index="4" bw="13" slack="0"/>
</pin_list>
<bind>
<opcode="bitconcatenate(1004) " fcode="bitconcatenate"/>
<opset="tmp/5 "/>
</bind>
</comp>

<comp id="502" class="1004" name="add_ln85_2_fu_502">
<pin_list>
<pin id="503" dir="0" index="0" bw="6" slack="2"/>
<pin id="504" dir="0" index="1" bw="13" slack="0"/>
<pin id="505" dir="1" index="2" bw="13" slack="0"/>
</pin_list>
<bind>
<opcode="add(8) " fcode="add"/>
<opset="add_ln85_2/5 "/>
</bind>
</comp>

<comp id="507" class="1004" name="zext_ln85_4_fu_507">
<pin_list>
<pin id="508" dir="0" index="0" bw="13" slack="0"/>
<pin id="509" dir="1" index="1" bw="64" slack="0"/>
</pin_list>
<bind>
<opcode="zext(34) " fcode="zext"/>
<opset="zext_ln85_4/5 "/>
</bind>
</comp>

<comp id="512" class="1004" name="icmp_ln92_fu_512">
<pin_list>
<pin id="513" dir="0" index="0" bw="7" slack="0"/>
<pin id="514" dir="0" index="1" bw="7" slack="0"/>
<pin id="515" dir="1" index="2" bw="1" slack="2147483647"/>
</pin_list>
<bind>
<opcode="icmp(45) " fcode="icmp"/>
<opset="icmp_ln92/16 "/>
</bind>
</comp>

<comp id="518" class="1004" name="t_3_fu_518">
<pin_list>
<pin id="519" dir="0" index="0" bw="7" slack="0"/>
<pin id="520" dir="0" index="1" bw="1" slack="0"/>
<pin id="521" dir="1" index="2" bw="7" slack="0"/>
</pin_list>
<bind>
<opcode="add(8) " fcode="add"/>
<opset="t_3/16 "/>
</bind>
</comp>

<comp id="524" class="1004" name="shl_ln8_fu_524">
<pin_list>
<pin id="525" dir="0" index="0" bw="13" slack="0"/>
<pin id="526" dir="0" index="1" bw="7" slack="0"/>
<pin id="527" dir="0" index="2" bw="1" slack="0"/>
<pin id="528" dir="1" index="3" bw="13" slack="0"/>
</pin_list>
<bind>
<opcode="bitconcatenate(1004) " fcode="bitconcatenate"/>
<opset="shl_ln8/16 "/>
</bind>
</comp>

<comp id="532" class="1004" name="shl_ln93_2_fu_532">
<pin_list>
<pin id="533" dir="0" index="0" bw="10" slack="0"/>
<pin id="534" dir="0" index="1" bw="7" slack="0"/>
<pin id="535" dir="0" index="2" bw="1" slack="0"/>
<pin id="536" dir="1" index="3" bw="10" slack="0"/>
</pin_list>
<bind>
<opcode="bitconcatenate(1004) " fcode="bitconcatenate"/>
<opset="shl_ln93_2/16 "/>
</bind>
</comp>

<comp id="540" class="1004" name="zext_ln93_fu_540">
<pin_list>
<pin id="541" dir="0" index="0" bw="10" slack="0"/>
<pin id="542" dir="1" index="1" bw="13" slack="0"/>
</pin_list>
<bind>
<opcode="zext(34) " fcode="zext"/>
<opset="zext_ln93/16 "/>
</bind>
</comp>

<comp id="544" class="1004" name="add_ln93_fu_544">
<pin_list>
<pin id="545" dir="0" index="0" bw="10" slack="0"/>
<pin id="546" dir="0" index="1" bw="13" slack="0"/>
<pin id="547" dir="1" index="2" bw="13" slack="1"/>
</pin_list>
<bind>
<opcode="add(8) " fcode="add"/>
<opset="add_ln93/16 "/>
</bind>
</comp>

<comp id="550" class="1004" name="icmp_ln94_fu_550">
<pin_list>
<pin id="551" dir="0" index="0" bw="7" slack="0"/>
<pin id="552" dir="0" index="1" bw="7" slack="0"/>
<pin id="553" dir="1" index="2" bw="1" slack="2147483647"/>
</pin_list>
<bind>
<opcode="icmp(45) " fcode="icmp"/>
<opset="icmp_ln94/17 "/>
</bind>
</comp>

<comp id="556" class="1004" name="c_fu_556">
<pin_list>
<pin id="557" dir="0" index="0" bw="7" slack="0"/>
<pin id="558" dir="0" index="1" bw="1" slack="0"/>
<pin id="559" dir="1" index="2" bw="7" slack="0"/>
</pin_list>
<bind>
<opcode="add(8) " fcode="add"/>
<opset="c/17 "/>
</bind>
</comp>

<comp id="562" class="1004" name="zext_ln95_fu_562">
<pin_list>
<pin id="563" dir="0" index="0" bw="7" slack="0"/>
<pin id="564" dir="1" index="1" bw="64" slack="0"/>
</pin_list>
<bind>
<opcode="zext(34) " fcode="zext"/>
<opset="zext_ln95/17 "/>
</bind>
</comp>

<comp id="568" class="1004" name="zext_ln95_3_fu_568">
<pin_list>
<pin id="569" dir="0" index="0" bw="7" slack="0"/>
<pin id="570" dir="1" index="1" bw="13" slack="0"/>
</pin_list>
<bind>
<opcode="zext(34) " fcode="zext"/>
<opset="zext_ln95_3/17 "/>
</bind>
</comp>

<comp id="572" class="1004" name="add_ln95_fu_572">
<pin_list>
<pin id="573" dir="0" index="0" bw="13" slack="1"/>
<pin id="574" dir="0" index="1" bw="7" slack="0"/>
<pin id="575" dir="1" index="2" bw="13" slack="18"/>
</pin_list>
<bind>
<opcode="add(8) " fcode="add"/>
<opset="add_ln95/17 "/>
</bind>
</comp>

<comp id="577" class="1004" name="zext_ln95_4_fu_577">
<pin_list>
<pin id="578" dir="0" index="0" bw="13" slack="18"/>
<pin id="579" dir="1" index="1" bw="64" slack="0"/>
</pin_list>
<bind>
<opcode="zext(34) " fcode="zext"/>
<opset="zext_ln95_4/35 "/>
</bind>
</comp>

<comp id="581" class="1004" name="select_ln46_fu_581">
<pin_list>
<pin id="582" dir="0" index="0" bw="1" slack="0"/>
<pin id="583" dir="0" index="1" bw="16" slack="2"/>
<pin id="584" dir="0" index="2" bw="16" slack="0"/>
<pin id="585" dir="1" index="3" bw="16" slack="1"/>
</pin_list>
<bind>
<opcode="select(49) " fcode="select"/>
<opset="select_ln46/66 "/>
</bind>
</comp>

<comp id="589" class="1004" name="icmp_ln103_fu_589">
<pin_list>
<pin id="590" dir="0" index="0" bw="4" slack="0"/>
<pin id="591" dir="0" index="1" bw="4" slack="0"/>
<pin id="592" dir="1" index="2" bw="1" slack="2147483647"/>
</pin_list>
<bind>
<opcode="icmp(45) " fcode="icmp"/>
<opset="icmp_ln103/68 "/>
</bind>
</comp>

<comp id="595" class="1004" name="u_fu_595">
<pin_list>
<pin id="596" dir="0" index="0" bw="4" slack="0"/>
<pin id="597" dir="0" index="1" bw="1" slack="0"/>
<pin id="598" dir="1" index="2" bw="4" slack="0"/>
</pin_list>
<bind>
<opcode="add(8) " fcode="add"/>
<opset="u/68 "/>
</bind>
</comp>

<comp id="601" class="1004" name="shl_ln9_fu_601">
<pin_list>
<pin id="602" dir="0" index="0" bw="7" slack="0"/>
<pin id="603" dir="0" index="1" bw="4" slack="0"/>
<pin id="604" dir="0" index="2" bw="1" slack="0"/>
<pin id="605" dir="1" index="3" bw="7" slack="0"/>
</pin_list>
<bind>
<opcode="bitconcatenate(1004) " fcode="bitconcatenate"/>
<opset="shl_ln9/68 "/>
</bind>
</comp>

<comp id="609" class="1004" name="zext_ln106_2_fu_609">
<pin_list>
<pin id="610" dir="0" index="0" bw="7" slack="0"/>
<pin id="611" dir="1" index="1" bw="8" slack="0"/>
</pin_list>
<bind>
<opcode="zext(34) " fcode="zext"/>
<opset="zext_ln106_2/68 "/>
</bind>
</comp>

<comp id="613" class="1004" name="shl_ln106_3_fu_613">
<pin_list>
<pin id="614" dir="0" index="0" bw="5" slack="0"/>
<pin id="615" dir="0" index="1" bw="4" slack="0"/>
<pin id="616" dir="0" index="2" bw="1" slack="0"/>
<pin id="617" dir="1" index="3" bw="5" slack="0"/>
</pin_list>
<bind>
<opcode="bitconcatenate(1004) " fcode="bitconcatenate"/>
<opset="shl_ln106_3/68 "/>
</bind>
</comp>

<comp id="621" class="1004" name="zext_ln106_3_fu_621">
<pin_list>
<pin id="622" dir="0" index="0" bw="5" slack="0"/>
<pin id="623" dir="1" index="1" bw="8" slack="0"/>
</pin_list>
<bind>
<opcode="zext(34) " fcode="zext"/>
<opset="zext_ln106_3/68 "/>
</bind>
</comp>

<comp id="625" class="1004" name="sub_ln106_fu_625">
<pin_list>
<pin id="626" dir="0" index="0" bw="7" slack="0"/>
<pin id="627" dir="0" index="1" bw="5" slack="0"/>
<pin id="628" dir="1" index="2" bw="8" slack="2"/>
</pin_list>
<bind>
<opcode="sub(10) " fcode="sub"/>
<opset="sub_ln106/68 "/>
</bind>
</comp>

<comp id="631" class="1004" name="shl_ln1_fu_631">
<pin_list>
<pin id="632" dir="0" index="0" bw="10" slack="0"/>
<pin id="633" dir="0" index="1" bw="4" slack="0"/>
<pin id="634" dir="0" index="2" bw="1" slack="0"/>
<pin id="635" dir="1" index="3" bw="10" slack="2"/>
</pin_list>
<bind>
<opcode="bitconcatenate(1004) " fcode="bitconcatenate"/>
<opset="shl_ln1/68 "/>
</bind>
</comp>

<comp id="639" class="1004" name="c_1_cast4_fu_639">
<pin_list>
<pin id="640" dir="0" index="0" bw="7" slack="0"/>
<pin id="641" dir="1" index="1" bw="8" slack="1"/>
</pin_list>
<bind>
<opcode="zext(34) " fcode="zext"/>
<opset="c_1_cast4/69 "/>
</bind>
</comp>

<comp id="643" class="1004" name="c_1_cast_fu_643">
<pin_list>
<pin id="644" dir="0" index="0" bw="7" slack="0"/>
<pin id="645" dir="1" index="1" bw="11" slack="1"/>
</pin_list>
<bind>
<opcode="zext(34) " fcode="zext"/>
<opset="c_1_cast/69 "/>
</bind>
</comp>

<comp id="647" class="1004" name="icmp_ln104_fu_647">
<pin_list>
<pin id="648" dir="0" index="0" bw="7" slack="0"/>
<pin id="649" dir="0" index="1" bw="7" slack="0"/>
<pin id="650" dir="1" index="2" bw="1" slack="2147483647"/>
</pin_list>
<bind>
<opcode="icmp(45) " fcode="icmp"/>
<opset="icmp_ln104/69 "/>
</bind>
</comp>

<comp id="653" class="1004" name="c_7_fu_653">
<pin_list>
<pin id="654" dir="0" index="0" bw="7" slack="0"/>
<pin id="655" dir="0" index="1" bw="1" slack="0"/>
<pin id="656" dir="1" index="2" bw="7" slack="0"/>
</pin_list>
<bind>
<opcode="add(8) " fcode="add"/>
<opset="c_7/69 "/>
</bind>
</comp>

<comp id="659" class="1004" name="p_0_cast_fu_659">
<pin_list>
<pin id="660" dir="0" index="0" bw="3" slack="0"/>
<pin id="661" dir="1" index="1" bw="8" slack="0"/>
</pin_list>
<bind>
<opcode="zext(34) " fcode="zext"/>
<opset="p_0_cast/70 "/>
</bind>
</comp>

<comp id="663" class="1004" name="icmp_ln106_fu_663">
<pin_list>
<pin id="664" dir="0" index="0" bw="3" slack="0"/>
<pin id="665" dir="0" index="1" bw="3" slack="0"/>
<pin id="666" dir="1" index="2" bw="1" slack="2147483647"/>
</pin_list>
<bind>
<opcode="icmp(45) " fcode="icmp"/>
<opset="icmp_ln106/70 "/>
</bind>
</comp>

<comp id="669" class="1004" name="p_fu_669">
<pin_list>
<pin id="670" dir="0" index="0" bw="3" slack="0"/>
<pin id="671" dir="0" index="1" bw="1" slack="0"/>
<pin id="672" dir="1" index="2" bw="3" slack="0"/>
</pin_list>
<bind>
<opcode="add(8) " fcode="add"/>
<opset="p/70 "/>
</bind>
</comp>

<comp id="675" class="1004" name="add_ln106_fu_675">
<pin_list>
<pin id="676" dir="0" index="0" bw="3" slack="0"/>
<pin id="677" dir="0" index="1" bw="8" slack="2"/>
<pin id="678" dir="1" index="2" bw="8" slack="0"/>
</pin_list>
<bind>
<opcode="add(8) " fcode="add"/>
<opset="add_ln106/70 "/>
</bind>
</comp>

<comp id="680" class="1004" name="shl_ln106_4_fu_680">
<pin_list>
<pin id="681" dir="0" index="0" bw="14" slack="0"/>
<pin id="682" dir="0" index="1" bw="8" slack="0"/>
<pin id="683" dir="0" index="2" bw="1" slack="0"/>
<pin id="684" dir="1" index="3" bw="14" slack="0"/>
</pin_list>
<bind>
<opcode="bitconcatenate(1004) " fcode="bitconcatenate"/>
<opset="shl_ln106_4/70 "/>
</bind>
</comp>

<comp id="688" class="1004" name="shl_ln106_5_fu_688">
<pin_list>
<pin id="689" dir="0" index="0" bw="11" slack="0"/>
<pin id="690" dir="0" index="1" bw="8" slack="0"/>
<pin id="691" dir="0" index="2" bw="1" slack="0"/>
<pin id="692" dir="1" index="3" bw="11" slack="0"/>
</pin_list>
<bind>
<opcode="bitconcatenate(1004) " fcode="bitconcatenate"/>
<opset="shl_ln106_5/70 "/>
</bind>
</comp>

<comp id="696" class="1004" name="add_ln106_4_fu_696">
<pin_list>
<pin id="697" dir="0" index="0" bw="7" slack="1"/>
<pin id="698" dir="0" index="1" bw="11" slack="0"/>
<pin id="699" dir="1" index="2" bw="11" slack="0"/>
</pin_list>
<bind>
<opcode="add(8) " fcode="add"/>
<opset="add_ln106_4/70 "/>
</bind>
</comp>

<comp id="701" class="1004" name="sext_ln106_fu_701">
<pin_list>
<pin id="702" dir="0" index="0" bw="11" slack="0"/>
<pin id="703" dir="1" index="1" bw="14" slack="0"/>
</pin_list>
<bind>
<opcode="sext(35) " fcode="sext"/>
<opset="sext_ln106/70 "/>
</bind>
</comp>

<comp id="705" class="1004" name="add_ln106_1_fu_705">
<pin_list>
<pin id="706" dir="0" index="0" bw="14" slack="0"/>
<pin id="707" dir="0" index="1" bw="11" slack="0"/>
<pin id="708" dir="1" index="2" bw="14" slack="0"/>
</pin_list>
<bind>
<opcode="add(8) " fcode="add"/>
<opset="add_ln106_1/70 "/>
</bind>
</comp>

<comp id="711" class="1004" name="sext_ln106_2_fu_711">
<pin_list>
<pin id="712" dir="0" index="0" bw="14" slack="0"/>
<pin id="713" dir="1" index="1" bw="32" slack="0"/>
</pin_list>
<bind>
<opcode="sext(35) " fcode="sext"/>
<opset="sext_ln106_2/70 "/>
</bind>
</comp>

<comp id="715" class="1004" name="zext_ln106_fu_715">
<pin_list>
<pin id="716" dir="0" index="0" bw="14" slack="0"/>
<pin id="717" dir="1" index="1" bw="64" slack="0"/>
</pin_list>
<bind>
<opcode="zext(34) " fcode="zext"/>
<opset="zext_ln106/70 "/>
</bind>
</comp>

<comp id="720" class="1004" name="add_ln107_2_fu_720">
<pin_list>
<pin id="721" dir="0" index="0" bw="7" slack="2"/>
<pin id="722" dir="0" index="1" bw="7" slack="1"/>
<pin id="723" dir="1" index="2" bw="8" slack="0"/>
</pin_list>
<bind>
<opcode="add(8) " fcode="add"/>
<opset="add_ln107_2/70 "/>
</bind>
</comp>

<comp id="724" class="1004" name="zext_ln107_2_fu_724">
<pin_list>
<pin id="725" dir="0" index="0" bw="8" slack="0"/>
<pin id="726" dir="1" index="1" bw="10" slack="0"/>
</pin_list>
<bind>
<opcode="zext(34) " fcode="zext"/>
<opset="zext_ln107_2/70 "/>
</bind>
</comp>

<comp id="728" class="1004" name="add_ln107_fu_728">
<pin_list>
<pin id="729" dir="0" index="0" bw="8" slack="0"/>
<pin id="730" dir="0" index="1" bw="10" slack="2"/>
<pin id="731" dir="1" index="2" bw="10" slack="7"/>
</pin_list>
<bind>
<opcode="add(8) " fcode="add"/>
<opset="add_ln107/70 "/>
</bind>
</comp>

<comp id="733" class="1004" name="zext_ln107_fu_733">
<pin_list>
<pin id="734" dir="0" index="0" bw="10" slack="7"/>
<pin id="735" dir="1" index="1" bw="64" slack="0"/>
</pin_list>
<bind>
<opcode="zext(34) " fcode="zext"/>
<opset="zext_ln107/83 "/>
</bind>
</comp>

<comp id="740" class="1005" name="t_reg_740">
<pin_list>
<pin id="741" dir="0" index="0" bw="7" slack="0"/>
<pin id="742" dir="1" index="1" bw="7" slack="0"/>
</pin_list>
<bind>
<opset="t "/>
</bind>
</comp>

<comp id="745" class="1005" name="shl_ln_reg_745">
<pin_list>
<pin id="746" dir="0" index="0" bw="12" slack="2"/>
<pin id="747" dir="1" index="1" bw="12" slack="2"/>
</pin_list>
<bind>
<opset="shl_ln "/>
</bind>
</comp>

<comp id="750" class="1005" name="zext_ln78_reg_750">
<pin_list>
<pin id="751" dir="0" index="0" bw="12" slack="1"/>
<pin id="752" dir="1" index="1" bw="12" slack="1"/>
</pin_list>
<bind>
<opset="zext_ln78 "/>
</bind>
</comp>

<comp id="758" class="1005" name="f_reg_758">
<pin_list>
<pin id="759" dir="0" index="0" bw="6" slack="0"/>
<pin id="760" dir="1" index="1" bw="6" slack="0"/>
</pin_list>
<bind>
<opset="f "/>
</bind>
</comp>

<comp id="763" class="1005" name="zext_ln81_reg_763">
<pin_list>
<pin id="764" dir="0" index="0" bw="13" slack="2"/>
<pin id="765" dir="1" index="1" bw="13" slack="2"/>
</pin_list>
<bind>
<opset="zext_ln81 "/>
</bind>
</comp>

<comp id="771" class="1005" name="k_reg_771">
<pin_list>
<pin id="772" dir="0" index="0" bw="3" slack="0"/>
<pin id="773" dir="1" index="1" bw="3" slack="0"/>
</pin_list>
<bind>
<opset="k "/>
</bind>
</comp>

<comp id="776" class="1005" name="shl_ln2_reg_776">
<pin_list>
<pin id="777" dir="0" index="0" bw="12" slack="1"/>
<pin id="778" dir="1" index="1" bw="12" slack="1"/>
</pin_list>
<bind>
<opset="shl_ln2 "/>
</bind>
</comp>

<comp id="784" class="1005" name="e_reg_784">
<pin_list>
<pin id="785" dir="0" index="0" bw="6" slack="0"/>
<pin id="786" dir="1" index="1" bw="6" slack="0"/>
</pin_list>
<bind>
<opset="e "/>
</bind>
</comp>

<comp id="789" class="1005" name="X_slice1_addr_reg_789">
<pin_list>
<pin id="790" dir="0" index="0" bw="12" slack="1"/>
<pin id="791" dir="1" index="1" bw="12" slack="1"/>
</pin_list>
<bind>
<opset="X_slice1_addr "/>
</bind>
</comp>

<comp id="794" class="1005" name="ConvW1_addr_reg_794">
<pin_list>
<pin id="795" dir="0" index="0" bw="13" slack="1"/>
<pin id="796" dir="1" index="1" bw="13" slack="1"/>
</pin_list>
<bind>
<opset="ConvW1_addr "/>
</bind>
</comp>

<comp id="799" class="1005" name="X_slice1_load_reg_799">
<pin_list>
<pin id="800" dir="0" index="0" bw="16" slack="1"/>
<pin id="801" dir="1" index="1" bw="16" slack="1"/>
</pin_list>
<bind>
<opset="X_slice1_load "/>
</bind>
</comp>

<comp id="804" class="1005" name="ConvW1_load_reg_804">
<pin_list>
<pin id="805" dir="0" index="0" bw="16" slack="1"/>
<pin id="806" dir="1" index="1" bw="16" slack="1"/>
</pin_list>
<bind>
<opset="ConvW1_load "/>
</bind>
</comp>

<comp id="812" class="1005" name="t_3_reg_812">
<pin_list>
<pin id="813" dir="0" index="0" bw="7" slack="0"/>
<pin id="814" dir="1" index="1" bw="7" slack="0"/>
</pin_list>
<bind>
<opset="t_3 "/>
</bind>
</comp>

<comp id="817" class="1005" name="add_ln93_reg_817">
<pin_list>
<pin id="818" dir="0" index="0" bw="13" slack="1"/>
<pin id="819" dir="1" index="1" bw="13" slack="1"/>
</pin_list>
<bind>
<opset="add_ln93 "/>
</bind>
</comp>

<comp id="825" class="1005" name="c_reg_825">
<pin_list>
<pin id="826" dir="0" index="0" bw="7" slack="0"/>
<pin id="827" dir="1" index="1" bw="7" slack="0"/>
</pin_list>
<bind>
<opset="c "/>
</bind>
</comp>

<comp id="830" class="1005" name="add_ln95_reg_830">
<pin_list>
<pin id="831" dir="0" index="0" bw="13" slack="18"/>
<pin id="832" dir="1" index="1" bw="13" slack="18"/>
</pin_list>
<bind>
<opset="add_ln95 "/>
</bind>
</comp>

<comp id="835" class="1005" name="BN1_var1_addr_reg_835">
<pin_list>
<pin id="836" dir="0" index="0" bw="5" slack="1"/>
<pin id="837" dir="1" index="1" bw="5" slack="1"/>
</pin_list>
<bind>
<opset="BN1_var1_addr "/>
</bind>
</comp>

<comp id="840" class="1005" name="BN1_gamma1_addr_reg_840">
<pin_list>
<pin id="841" dir="0" index="0" bw="5" slack="1"/>
<pin id="842" dir="1" index="1" bw="5" slack="1"/>
</pin_list>
<bind>
<opset="BN1_gamma1_addr "/>
</bind>
</comp>

<comp id="845" class="1005" name="BN1_var1_load_reg_845">
<pin_list>
<pin id="846" dir="0" index="0" bw="16" slack="1"/>
<pin id="847" dir="1" index="1" bw="16" slack="1"/>
</pin_list>
<bind>
<opset="BN1_var1_load "/>
</bind>
</comp>

<comp id="850" class="1005" name="BN1_gamma1_load_reg_850">
<pin_list>
<pin id="851" dir="0" index="0" bw="16" slack="38"/>
<pin id="852" dir="1" index="1" bw="16" slack="38"/>
</pin_list>
<bind>
<opset="BN1_gamma1_load "/>
</bind>
</comp>

<comp id="855" class="1005" name="Y_addr12_reg_855">
<pin_list>
<pin id="856" dir="0" index="0" bw="15" slack="1"/>
<pin id="857" dir="1" index="1" bw="15" slack="1"/>
</pin_list>
<bind>
<opset="Y_addr12 "/>
</bind>
</comp>

<comp id="860" class="1005" name="tmp_91_reg_860">
<pin_list>
<pin id="861" dir="0" index="0" bw="32" slack="1"/>
<pin id="862" dir="1" index="1" bw="32" slack="1"/>
</pin_list>
<bind>
<opset="tmp_91 "/>
</bind>
</comp>

<comp id="865" class="1005" name="tmp_92_reg_865">
<pin_list>
<pin id="866" dir="0" index="0" bw="32" slack="1"/>
<pin id="867" dir="1" index="1" bw="32" slack="1"/>
</pin_list>
<bind>
<opset="tmp_92 "/>
</bind>
</comp>

<comp id="870" class="1005" name="nrm_reg_870">
<pin_list>
<pin id="871" dir="0" index="0" bw="16" slack="1"/>
<pin id="872" dir="1" index="1" bw="16" slack="1"/>
</pin_list>
<bind>
<opset="nrm "/>
</bind>
</comp>

<comp id="875" class="1005" name="select_ln46_reg_875">
<pin_list>
<pin id="876" dir="0" index="0" bw="16" slack="1"/>
<pin id="877" dir="1" index="1" bw="16" slack="1"/>
</pin_list>
<bind>
<opset="select_ln46 "/>
</bind>
</comp>

<comp id="883" class="1005" name="u_reg_883">
<pin_list>
<pin id="884" dir="0" index="0" bw="4" slack="0"/>
<pin id="885" dir="1" index="1" bw="4" slack="0"/>
</pin_list>
<bind>
<opset="u "/>
</bind>
</comp>

<comp id="888" class="1005" name="zext_ln106_2_reg_888">
<pin_list>
<pin id="889" dir="0" index="0" bw="8" slack="2"/>
<pin id="890" dir="1" index="1" bw="8" slack="2"/>
</pin_list>
<bind>
<opset="zext_ln106_2 "/>
</bind>
</comp>

<comp id="893" class="1005" name="sub_ln106_reg_893">
<pin_list>
<pin id="894" dir="0" index="0" bw="8" slack="2"/>
<pin id="895" dir="1" index="1" bw="8" slack="2"/>
</pin_list>
<bind>
<opset="sub_ln106 "/>
</bind>
</comp>

<comp id="898" class="1005" name="shl_ln1_reg_898">
<pin_list>
<pin id="899" dir="0" index="0" bw="10" slack="2"/>
<pin id="900" dir="1" index="1" bw="10" slack="2"/>
</pin_list>
<bind>
<opset="shl_ln1 "/>
</bind>
</comp>

<comp id="903" class="1005" name="c_1_cast4_reg_903">
<pin_list>
<pin id="904" dir="0" index="0" bw="8" slack="1"/>
<pin id="905" dir="1" index="1" bw="8" slack="1"/>
</pin_list>
<bind>
<opset="c_1_cast4 "/>
</bind>
</comp>

<comp id="908" class="1005" name="c_1_cast_reg_908">
<pin_list>
<pin id="909" dir="0" index="0" bw="11" slack="1"/>
<pin id="910" dir="1" index="1" bw="11" slack="1"/>
</pin_list>
<bind>
<opset="c_1_cast "/>
</bind>
</comp>

<comp id="916" class="1005" name="c_7_reg_916">
<pin_list>
<pin id="917" dir="0" index="0" bw="7" slack="0"/>
<pin id="918" dir="1" index="1" bw="7" slack="0"/>
</pin_list>
<bind>
<opset="c_7 "/>
</bind>
</comp>

<comp id="924" class="1005" name="p_reg_924">
<pin_list>
<pin id="925" dir="0" index="0" bw="3" slack="0"/>
<pin id="926" dir="1" index="1" bw="3" slack="0"/>
</pin_list>
<bind>
<opset="p "/>
</bind>
</comp>

<comp id="929" class="1005" name="Y_addr_3_reg_929">
<pin_list>
<pin id="930" dir="0" index="0" bw="15" slack="1"/>
<pin id="931" dir="1" index="1" bw="15" slack="1"/>
</pin_list>
<bind>
<opset="Y_addr_3 "/>
</bind>
</comp>

<comp id="934" class="1005" name="add_ln107_reg_934">
<pin_list>
<pin id="935" dir="0" index="0" bw="10" slack="7"/>
<pin id="936" dir="1" index="1" bw="10" slack="7"/>
</pin_list>
<bind>
<opset="add_ln107 "/>
</bind>
</comp>

<comp id="939" class="1005" name="tmp_96_reg_939">
<pin_list>
<pin id="940" dir="0" index="0" bw="16" slack="1"/>
<pin id="941" dir="1" index="1" bw="16" slack="1"/>
</pin_list>
<bind>
<opset="tmp_96 "/>
</bind>
</comp>

</comp_list>

<net_list>
<net id="91"><net_src comp="0" pin="0"/><net_sink comp="86" pin=0"/></net>

<net id="92"><net_src comp="44" pin="0"/><net_sink comp="86" pin=1"/></net>

<net id="98"><net_src comp="86" pin="3"/><net_sink comp="93" pin=0"/></net>

<net id="104"><net_src comp="4" pin="0"/><net_sink comp="99" pin=0"/></net>

<net id="105"><net_src comp="44" pin="0"/><net_sink comp="99" pin=1"/></net>

<net id="111"><net_src comp="99" pin="3"/><net_sink comp="106" pin=0"/></net>

<net id="117"><net_src comp="6" pin="0"/><net_sink comp="112" pin=0"/></net>

<net id="118"><net_src comp="44" pin="0"/><net_sink comp="112" pin=1"/></net>

<net id="124"><net_src comp="112" pin="3"/><net_sink comp="119" pin=0"/></net>

<net id="130"><net_src comp="8" pin="0"/><net_sink comp="125" pin=0"/></net>

<net id="131"><net_src comp="44" pin="0"/><net_sink comp="125" pin=1"/></net>

<net id="137"><net_src comp="125" pin="3"/><net_sink comp="132" pin=0"/></net>

<net id="143"><net_src comp="10" pin="0"/><net_sink comp="138" pin=0"/></net>

<net id="144"><net_src comp="44" pin="0"/><net_sink comp="138" pin=1"/></net>

<net id="150"><net_src comp="138" pin="3"/><net_sink comp="145" pin=0"/></net>

<net id="156"><net_src comp="0" pin="0"/><net_sink comp="151" pin=0"/></net>

<net id="157"><net_src comp="44" pin="0"/><net_sink comp="151" pin=1"/></net>

<net id="158"><net_src comp="151" pin="3"/><net_sink comp="93" pin=0"/></net>

<net id="164"><net_src comp="0" pin="0"/><net_sink comp="159" pin=0"/></net>

<net id="165"><net_src comp="44" pin="0"/><net_sink comp="159" pin=1"/></net>

<net id="166"><net_src comp="159" pin="3"/><net_sink comp="93" pin=0"/></net>

<net id="172"><net_src comp="2" pin="0"/><net_sink comp="167" pin=0"/></net>

<net id="173"><net_src comp="44" pin="0"/><net_sink comp="167" pin=1"/></net>

<net id="179"><net_src comp="167" pin="3"/><net_sink comp="174" pin=0"/></net>

<net id="183"><net_src comp="12" pin="0"/><net_sink comp="180" pin=0"/></net>

<net id="190"><net_src comp="180" pin="1"/><net_sink comp="184" pin=0"/></net>

<net id="191"><net_src comp="184" pin="4"/><net_sink comp="180" pin=0"/></net>

<net id="195"><net_src comp="26" pin="0"/><net_sink comp="192" pin=0"/></net>

<net id="202"><net_src comp="192" pin="1"/><net_sink comp="196" pin=2"/></net>

<net id="206"><net_src comp="34" pin="0"/><net_sink comp="203" pin=0"/></net>

<net id="213"><net_src comp="203" pin="1"/><net_sink comp="207" pin=0"/></net>

<net id="214"><net_src comp="207" pin="4"/><net_sink comp="93" pin=1"/></net>

<net id="215"><net_src comp="207" pin="4"/><net_sink comp="203" pin=0"/></net>

<net id="219"><net_src comp="36" pin="0"/><net_sink comp="216" pin=0"/></net>

<net id="226"><net_src comp="216" pin="1"/><net_sink comp="220" pin=0"/></net>

<net id="227"><net_src comp="220" pin="4"/><net_sink comp="216" pin=0"/></net>

<net id="231"><net_src comp="228" pin="1"/><net_sink comp="207" pin=2"/></net>

<net id="238"><net_src comp="203" pin="1"/><net_sink comp="232" pin=0"/></net>

<net id="239"><net_src comp="232" pin="4"/><net_sink comp="228" pin=0"/></net>

<net id="243"><net_src comp="26" pin="0"/><net_sink comp="240" pin=0"/></net>

<net id="250"><net_src comp="240" pin="1"/><net_sink comp="244" pin=0"/></net>

<net id="254"><net_src comp="12" pin="0"/><net_sink comp="251" pin=0"/></net>

<net id="261"><net_src comp="251" pin="1"/><net_sink comp="255" pin=2"/></net>

<net id="265"><net_src comp="12" pin="0"/><net_sink comp="262" pin=0"/></net>

<net id="272"><net_src comp="262" pin="1"/><net_sink comp="266" pin=0"/></net>

<net id="276"><net_src comp="60" pin="0"/><net_sink comp="273" pin=0"/></net>

<net id="283"><net_src comp="273" pin="1"/><net_sink comp="277" pin=2"/></net>

<net id="287"><net_src comp="12" pin="0"/><net_sink comp="284" pin=0"/></net>

<net id="294"><net_src comp="284" pin="1"/><net_sink comp="288" pin=2"/></net>

<net id="298"><net_src comp="34" pin="0"/><net_sink comp="295" pin=0"/></net>

<net id="305"><net_src comp="295" pin="1"/><net_sink comp="299" pin=2"/></net>

<net id="306"><net_src comp="299" pin="4"/><net_sink comp="295" pin=0"/></net>

<net id="310"><net_src comp="36" pin="0"/><net_sink comp="307" pin=0"/></net>

<net id="317"><net_src comp="307" pin="1"/><net_sink comp="311" pin=2"/></net>

<net id="326"><net_src comp="58" pin="0"/><net_sink comp="322" pin=0"/></net>

<net id="333"><net_src comp="93" pin="3"/><net_sink comp="330" pin=0"/></net>

<net id="338"><net_src comp="228" pin="1"/><net_sink comp="334" pin=0"/></net>

<net id="339"><net_src comp="56" pin="0"/><net_sink comp="334" pin=1"/></net>

<net id="340"><net_src comp="34" pin="0"/><net_sink comp="334" pin=1"/></net>

<net id="341"><net_src comp="295" pin="1"/><net_sink comp="334" pin=0"/></net>

<net id="350"><net_src comp="299" pin="4"/><net_sink comp="346" pin=0"/></net>

<net id="351"><net_src comp="84" pin="0"/><net_sink comp="346" pin=1"/></net>

<net id="356"><net_src comp="34" pin="0"/><net_sink comp="352" pin=1"/></net>

<net id="360"><net_src comp="342" pin="2"/><net_sink comp="357" pin=0"/></net>

<net id="361"><net_src comp="357" pin="1"/><net_sink comp="334" pin=1"/></net>

<net id="362"><net_src comp="357" pin="1"/><net_sink comp="334" pin=0"/></net>

<net id="366"><net_src comp="334" pin="2"/><net_sink comp="363" pin=0"/></net>

<net id="367"><net_src comp="363" pin="1"/><net_sink comp="232" pin=2"/></net>

<net id="368"><net_src comp="363" pin="1"/><net_sink comp="330" pin=0"/></net>

<net id="369"><net_src comp="363" pin="1"/><net_sink comp="352" pin=0"/></net>

<net id="370"><net_src comp="363" pin="1"/><net_sink comp="299" pin=0"/></net>

<net id="374"><net_src comp="330" pin="1"/><net_sink comp="371" pin=0"/></net>

<net id="375"><net_src comp="371" pin="1"/><net_sink comp="322" pin=1"/></net>

<net id="376"><net_src comp="371" pin="1"/><net_sink comp="318" pin=0"/></net>

<net id="380"><net_src comp="93" pin="3"/><net_sink comp="377" pin=0"/></net>

<net id="381"><net_src comp="377" pin="1"/><net_sink comp="330" pin=0"/></net>

<net id="382"><net_src comp="377" pin="1"/><net_sink comp="334" pin=1"/></net>

<net id="387"><net_src comp="184" pin="4"/><net_sink comp="383" pin=0"/></net>

<net id="388"><net_src comp="18" pin="0"/><net_sink comp="383" pin=1"/></net>

<net id="393"><net_src comp="184" pin="4"/><net_sink comp="389" pin=0"/></net>

<net id="394"><net_src comp="20" pin="0"/><net_sink comp="389" pin=1"/></net>

<net id="400"><net_src comp="22" pin="0"/><net_sink comp="395" pin=0"/></net>

<net id="401"><net_src comp="184" pin="4"/><net_sink comp="395" pin=1"/></net>

<net id="402"><net_src comp="24" pin="0"/><net_sink comp="395" pin=2"/></net>

<net id="406"><net_src comp="196" pin="4"/><net_sink comp="403" pin=0"/></net>

<net id="411"><net_src comp="196" pin="4"/><net_sink comp="407" pin=0"/></net>

<net id="412"><net_src comp="28" pin="0"/><net_sink comp="407" pin=1"/></net>

<net id="417"><net_src comp="196" pin="4"/><net_sink comp="413" pin=0"/></net>

<net id="418"><net_src comp="32" pin="0"/><net_sink comp="413" pin=1"/></net>

<net id="422"><net_src comp="196" pin="4"/><net_sink comp="419" pin=0"/></net>

<net id="427"><net_src comp="220" pin="4"/><net_sink comp="423" pin=0"/></net>

<net id="428"><net_src comp="38" pin="0"/><net_sink comp="423" pin=1"/></net>

<net id="433"><net_src comp="220" pin="4"/><net_sink comp="429" pin=0"/></net>

<net id="434"><net_src comp="42" pin="0"/><net_sink comp="429" pin=1"/></net>

<net id="438"><net_src comp="220" pin="4"/><net_sink comp="435" pin=0"/></net>

<net id="443"><net_src comp="180" pin="1"/><net_sink comp="439" pin=0"/></net>

<net id="444"><net_src comp="435" pin="1"/><net_sink comp="439" pin=1"/></net>

<net id="450"><net_src comp="22" pin="0"/><net_sink comp="445" pin=0"/></net>

<net id="451"><net_src comp="439" pin="2"/><net_sink comp="445" pin=1"/></net>

<net id="452"><net_src comp="24" pin="0"/><net_sink comp="445" pin=2"/></net>

<net id="460"><net_src comp="453" pin="2"/><net_sink comp="457" pin=0"/></net>

<net id="461"><net_src comp="457" pin="1"/><net_sink comp="86" pin=2"/></net>

<net id="466"><net_src comp="244" pin="4"/><net_sink comp="462" pin=0"/></net>

<net id="467"><net_src comp="28" pin="0"/><net_sink comp="462" pin=1"/></net>

<net id="472"><net_src comp="244" pin="4"/><net_sink comp="468" pin=0"/></net>

<net id="473"><net_src comp="32" pin="0"/><net_sink comp="468" pin=1"/></net>

<net id="477"><net_src comp="244" pin="4"/><net_sink comp="474" pin=0"/></net>

<net id="482"><net_src comp="474" pin="1"/><net_sink comp="478" pin=0"/></net>

<net id="486"><net_src comp="478" pin="2"/><net_sink comp="483" pin=0"/></net>

<net id="487"><net_src comp="483" pin="1"/><net_sink comp="99" pin=2"/></net>

<net id="491"><net_src comp="244" pin="4"/><net_sink comp="488" pin=0"/></net>

<net id="498"><net_src comp="46" pin="0"/><net_sink comp="492" pin=0"/></net>

<net id="499"><net_src comp="216" pin="1"/><net_sink comp="492" pin=1"/></net>

<net id="500"><net_src comp="488" pin="1"/><net_sink comp="492" pin=2"/></net>

<net id="501"><net_src comp="24" pin="0"/><net_sink comp="492" pin=3"/></net>

<net id="506"><net_src comp="492" pin="4"/><net_sink comp="502" pin=1"/></net>

<net id="510"><net_src comp="502" pin="2"/><net_sink comp="507" pin=0"/></net>

<net id="511"><net_src comp="507" pin="1"/><net_sink comp="112" pin=2"/></net>

<net id="516"><net_src comp="255" pin="4"/><net_sink comp="512" pin=0"/></net>

<net id="517"><net_src comp="50" pin="0"/><net_sink comp="512" pin=1"/></net>

<net id="522"><net_src comp="255" pin="4"/><net_sink comp="518" pin=0"/></net>

<net id="523"><net_src comp="20" pin="0"/><net_sink comp="518" pin=1"/></net>

<net id="529"><net_src comp="52" pin="0"/><net_sink comp="524" pin=0"/></net>

<net id="530"><net_src comp="255" pin="4"/><net_sink comp="524" pin=1"/></net>

<net id="531"><net_src comp="26" pin="0"/><net_sink comp="524" pin=2"/></net>

<net id="537"><net_src comp="54" pin="0"/><net_sink comp="532" pin=0"/></net>

<net id="538"><net_src comp="255" pin="4"/><net_sink comp="532" pin=1"/></net>

<net id="539"><net_src comp="36" pin="0"/><net_sink comp="532" pin=2"/></net>

<net id="543"><net_src comp="532" pin="3"/><net_sink comp="540" pin=0"/></net>

<net id="548"><net_src comp="540" pin="1"/><net_sink comp="544" pin=0"/></net>

<net id="549"><net_src comp="524" pin="3"/><net_sink comp="544" pin=1"/></net>

<net id="554"><net_src comp="266" pin="4"/><net_sink comp="550" pin=0"/></net>

<net id="555"><net_src comp="18" pin="0"/><net_sink comp="550" pin=1"/></net>

<net id="560"><net_src comp="266" pin="4"/><net_sink comp="556" pin=0"/></net>

<net id="561"><net_src comp="20" pin="0"/><net_sink comp="556" pin=1"/></net>

<net id="565"><net_src comp="266" pin="4"/><net_sink comp="562" pin=0"/></net>

<net id="566"><net_src comp="562" pin="1"/><net_sink comp="125" pin=2"/></net>

<net id="567"><net_src comp="562" pin="1"/><net_sink comp="138" pin=2"/></net>

<net id="571"><net_src comp="266" pin="4"/><net_sink comp="568" pin=0"/></net>

<net id="576"><net_src comp="568" pin="1"/><net_sink comp="572" pin=1"/></net>

<net id="580"><net_src comp="577" pin="1"/><net_sink comp="151" pin=2"/></net>

<net id="586"><net_src comp="352" pin="2"/><net_sink comp="581" pin=0"/></net>

<net id="587"><net_src comp="363" pin="1"/><net_sink comp="581" pin=1"/></net>

<net id="588"><net_src comp="34" pin="0"/><net_sink comp="581" pin=2"/></net>

<net id="593"><net_src comp="277" pin="4"/><net_sink comp="589" pin=0"/></net>

<net id="594"><net_src comp="64" pin="0"/><net_sink comp="589" pin=1"/></net>

<net id="599"><net_src comp="277" pin="4"/><net_sink comp="595" pin=0"/></net>

<net id="600"><net_src comp="66" pin="0"/><net_sink comp="595" pin=1"/></net>

<net id="606"><net_src comp="68" pin="0"/><net_sink comp="601" pin=0"/></net>

<net id="607"><net_src comp="277" pin="4"/><net_sink comp="601" pin=1"/></net>

<net id="608"><net_src comp="36" pin="0"/><net_sink comp="601" pin=2"/></net>

<net id="612"><net_src comp="601" pin="3"/><net_sink comp="609" pin=0"/></net>

<net id="618"><net_src comp="70" pin="0"/><net_sink comp="613" pin=0"/></net>

<net id="619"><net_src comp="277" pin="4"/><net_sink comp="613" pin=1"/></net>

<net id="620"><net_src comp="72" pin="0"/><net_sink comp="613" pin=2"/></net>

<net id="624"><net_src comp="613" pin="3"/><net_sink comp="621" pin=0"/></net>

<net id="629"><net_src comp="609" pin="1"/><net_sink comp="625" pin=0"/></net>

<net id="630"><net_src comp="621" pin="1"/><net_sink comp="625" pin=1"/></net>

<net id="636"><net_src comp="74" pin="0"/><net_sink comp="631" pin=0"/></net>

<net id="637"><net_src comp="277" pin="4"/><net_sink comp="631" pin=1"/></net>

<net id="638"><net_src comp="26" pin="0"/><net_sink comp="631" pin=2"/></net>

<net id="642"><net_src comp="288" pin="4"/><net_sink comp="639" pin=0"/></net>

<net id="646"><net_src comp="288" pin="4"/><net_sink comp="643" pin=0"/></net>

<net id="651"><net_src comp="288" pin="4"/><net_sink comp="647" pin=0"/></net>

<net id="652"><net_src comp="18" pin="0"/><net_sink comp="647" pin=1"/></net>

<net id="657"><net_src comp="288" pin="4"/><net_sink comp="653" pin=0"/></net>

<net id="658"><net_src comp="20" pin="0"/><net_sink comp="653" pin=1"/></net>

<net id="662"><net_src comp="311" pin="4"/><net_sink comp="659" pin=0"/></net>

<net id="667"><net_src comp="311" pin="4"/><net_sink comp="663" pin=0"/></net>

<net id="668"><net_src comp="78" pin="0"/><net_sink comp="663" pin=1"/></net>

<net id="673"><net_src comp="311" pin="4"/><net_sink comp="669" pin=0"/></net>

<net id="674"><net_src comp="42" pin="0"/><net_sink comp="669" pin=1"/></net>

<net id="679"><net_src comp="659" pin="1"/><net_sink comp="675" pin=0"/></net>

<net id="685"><net_src comp="80" pin="0"/><net_sink comp="680" pin=0"/></net>

<net id="686"><net_src comp="675" pin="2"/><net_sink comp="680" pin=1"/></net>

<net id="687"><net_src comp="26" pin="0"/><net_sink comp="680" pin=2"/></net>

<net id="693"><net_src comp="82" pin="0"/><net_sink comp="688" pin=0"/></net>

<net id="694"><net_src comp="675" pin="2"/><net_sink comp="688" pin=1"/></net>

<net id="695"><net_src comp="36" pin="0"/><net_sink comp="688" pin=2"/></net>

<net id="700"><net_src comp="688" pin="3"/><net_sink comp="696" pin=1"/></net>

<net id="704"><net_src comp="696" pin="2"/><net_sink comp="701" pin=0"/></net>

<net id="709"><net_src comp="680" pin="3"/><net_sink comp="705" pin=0"/></net>

<net id="710"><net_src comp="701" pin="1"/><net_sink comp="705" pin=1"/></net>

<net id="714"><net_src comp="705" pin="2"/><net_sink comp="711" pin=0"/></net>

<net id="718"><net_src comp="711" pin="1"/><net_sink comp="715" pin=0"/></net>

<net id="719"><net_src comp="715" pin="1"/><net_sink comp="159" pin=2"/></net>

<net id="727"><net_src comp="720" pin="2"/><net_sink comp="724" pin=0"/></net>

<net id="732"><net_src comp="724" pin="1"/><net_sink comp="728" pin=0"/></net>

<net id="736"><net_src comp="733" pin="1"/><net_sink comp="167" pin=2"/></net>

<net id="743"><net_src comp="389" pin="2"/><net_sink comp="740" pin=0"/></net>

<net id="744"><net_src comp="740" pin="1"/><net_sink comp="184" pin=2"/></net>

<net id="748"><net_src comp="395" pin="3"/><net_sink comp="745" pin=0"/></net>

<net id="749"><net_src comp="745" pin="1"/><net_sink comp="453" pin=0"/></net>

<net id="753"><net_src comp="403" pin="1"/><net_sink comp="750" pin=0"/></net>

<net id="754"><net_src comp="750" pin="1"/><net_sink comp="453" pin=1"/></net>

<net id="761"><net_src comp="413" pin="2"/><net_sink comp="758" pin=0"/></net>

<net id="762"><net_src comp="758" pin="1"/><net_sink comp="196" pin=0"/></net>

<net id="766"><net_src comp="419" pin="1"/><net_sink comp="763" pin=0"/></net>

<net id="767"><net_src comp="763" pin="1"/><net_sink comp="502" pin=0"/></net>

<net id="774"><net_src comp="429" pin="2"/><net_sink comp="771" pin=0"/></net>

<net id="775"><net_src comp="771" pin="1"/><net_sink comp="220" pin=2"/></net>

<net id="779"><net_src comp="445" pin="3"/><net_sink comp="776" pin=0"/></net>

<net id="780"><net_src comp="776" pin="1"/><net_sink comp="478" pin=1"/></net>

<net id="787"><net_src comp="468" pin="2"/><net_sink comp="784" pin=0"/></net>

<net id="788"><net_src comp="784" pin="1"/><net_sink comp="244" pin=2"/></net>

<net id="792"><net_src comp="99" pin="3"/><net_sink comp="789" pin=0"/></net>

<net id="793"><net_src comp="789" pin="1"/><net_sink comp="106" pin=0"/></net>

<net id="797"><net_src comp="112" pin="3"/><net_sink comp="794" pin=0"/></net>

<net id="798"><net_src comp="794" pin="1"/><net_sink comp="119" pin=0"/></net>

<net id="802"><net_src comp="106" pin="3"/><net_sink comp="799" pin=0"/></net>

<net id="803"><net_src comp="799" pin="1"/><net_sink comp="342" pin=0"/></net>

<net id="807"><net_src comp="119" pin="3"/><net_sink comp="804" pin=0"/></net>

<net id="808"><net_src comp="804" pin="1"/><net_sink comp="342" pin=1"/></net>

<net id="815"><net_src comp="518" pin="2"/><net_sink comp="812" pin=0"/></net>

<net id="816"><net_src comp="812" pin="1"/><net_sink comp="255" pin=0"/></net>

<net id="820"><net_src comp="544" pin="2"/><net_sink comp="817" pin=0"/></net>

<net id="821"><net_src comp="817" pin="1"/><net_sink comp="572" pin=0"/></net>

<net id="828"><net_src comp="556" pin="2"/><net_sink comp="825" pin=0"/></net>

<net id="829"><net_src comp="825" pin="1"/><net_sink comp="266" pin=2"/></net>

<net id="833"><net_src comp="572" pin="2"/><net_sink comp="830" pin=0"/></net>

<net id="834"><net_src comp="830" pin="1"/><net_sink comp="577" pin=0"/></net>

<net id="838"><net_src comp="125" pin="3"/><net_sink comp="835" pin=0"/></net>

<net id="839"><net_src comp="835" pin="1"/><net_sink comp="132" pin=0"/></net>

<net id="843"><net_src comp="138" pin="3"/><net_sink comp="840" pin=0"/></net>

<net id="844"><net_src comp="840" pin="1"/><net_sink comp="145" pin=0"/></net>

<net id="848"><net_src comp="132" pin="3"/><net_sink comp="845" pin=0"/></net>

<net id="849"><net_src comp="845" pin="1"/><net_sink comp="334" pin=0"/></net>

<net id="853"><net_src comp="145" pin="3"/><net_sink comp="850" pin=0"/></net>

<net id="854"><net_src comp="850" pin="1"/><net_sink comp="342" pin=0"/></net>

<net id="858"><net_src comp="151" pin="3"/><net_sink comp="855" pin=0"/></net>

<net id="859"><net_src comp="855" pin="1"/><net_sink comp="93" pin=0"/></net>

<net id="863"><net_src comp="322" pin="2"/><net_sink comp="860" pin=0"/></net>

<net id="864"><net_src comp="860" pin="1"/><net_sink comp="318" pin=1"/></net>

<net id="868"><net_src comp="318" pin="2"/><net_sink comp="865" pin=0"/></net>

<net id="869"><net_src comp="865" pin="1"/><net_sink comp="327" pin=0"/></net>

<net id="873"><net_src comp="327" pin="1"/><net_sink comp="870" pin=0"/></net>

<net id="874"><net_src comp="870" pin="1"/><net_sink comp="342" pin=1"/></net>

<net id="878"><net_src comp="581" pin="3"/><net_sink comp="875" pin=0"/></net>

<net id="879"><net_src comp="875" pin="1"/><net_sink comp="93" pin=1"/></net>

<net id="886"><net_src comp="595" pin="2"/><net_sink comp="883" pin=0"/></net>

<net id="887"><net_src comp="883" pin="1"/><net_sink comp="277" pin=0"/></net>

<net id="891"><net_src comp="609" pin="1"/><net_sink comp="888" pin=0"/></net>

<net id="892"><net_src comp="888" pin="1"/><net_sink comp="720" pin=0"/></net>

<net id="896"><net_src comp="625" pin="2"/><net_sink comp="893" pin=0"/></net>

<net id="897"><net_src comp="893" pin="1"/><net_sink comp="675" pin=1"/></net>

<net id="901"><net_src comp="631" pin="3"/><net_sink comp="898" pin=0"/></net>

<net id="902"><net_src comp="898" pin="1"/><net_sink comp="728" pin=1"/></net>

<net id="906"><net_src comp="639" pin="1"/><net_sink comp="903" pin=0"/></net>

<net id="907"><net_src comp="903" pin="1"/><net_sink comp="720" pin=1"/></net>

<net id="911"><net_src comp="643" pin="1"/><net_sink comp="908" pin=0"/></net>

<net id="912"><net_src comp="908" pin="1"/><net_sink comp="696" pin=0"/></net>

<net id="919"><net_src comp="653" pin="2"/><net_sink comp="916" pin=0"/></net>

<net id="920"><net_src comp="916" pin="1"/><net_sink comp="288" pin=0"/></net>

<net id="927"><net_src comp="669" pin="2"/><net_sink comp="924" pin=0"/></net>

<net id="928"><net_src comp="924" pin="1"/><net_sink comp="311" pin=0"/></net>

<net id="932"><net_src comp="159" pin="3"/><net_sink comp="929" pin=0"/></net>

<net id="933"><net_src comp="929" pin="1"/><net_sink comp="93" pin=0"/></net>

<net id="937"><net_src comp="728" pin="2"/><net_sink comp="934" pin=0"/></net>

<net id="938"><net_src comp="934" pin="1"/><net_sink comp="733" pin=0"/></net>

<net id="942"><net_src comp="346" pin="2"/><net_sink comp="939" pin=0"/></net>

<net id="943"><net_src comp="939" pin="1"/><net_sink comp="174" pin=1"/></net>

</net_list>

</model> 
---------------- Datapath Model END ------------------

* FSMD analyzer results:
  - Output states:
	Port: Y | {4 67 }
	Port: U | {83 }
	Port: X_slice1 | {}
	Port: ConvW1 | {}
	Port: BN1_var1 | {}
	Port: BN1_gamma1 | {}
 - Input state : 
	Port: conv_bn_act_pool.3 : Y | {35 36 70 71 }
	Port: conv_bn_act_pool.3 : U | {}
	Port: conv_bn_act_pool.3 : X_slice1 | {5 6 }
	Port: conv_bn_act_pool.3 : ConvW1 | {5 6 }
	Port: conv_bn_act_pool.3 : BN1_var1 | {17 18 }
	Port: conv_bn_act_pool.3 : BN1_gamma1 | {17 18 }
  - Chain level:
	State 1
	State 2
		icmp_ln77 : 1
		t : 1
		br_ln77 : 2
		shl_ln : 1
	State 3
		zext_ln78 : 1
		icmp_ln78 : 1
		f : 1
		br_ln78 : 2
		zext_ln81 : 1
	State 4
		icmp_ln81 : 1
		k : 1
		br_ln81 : 2
		zext_ln82 : 1
		add_ln82 : 2
		shl_ln2 : 3
		zext_ln88 : 1
		Y_addr : 2
		store_ln88 : 3
	State 5
		icmp_ln84 : 1
		e : 1
		br_ln84 : 2
		zext_ln85 : 1
		add_ln85 : 2
		zext_ln85_3 : 3
		X_slice1_addr : 4
		X_slice1_load : 5
		trunc_ln85 : 1
		tmp : 2
		add_ln85_2 : 3
		zext_ln85_4 : 4
		ConvW1_addr : 5
		ConvW1_load : 6
	State 6
	State 7
	State 8
	State 9
	State 10
	State 11
	State 12
	State 13
	State 14
	State 15
	State 16
		icmp_ln92 : 1
		t_3 : 1
		br_ln92 : 2
		shl_ln8 : 1
		shl_ln93_2 : 1
		zext_ln93 : 2
		add_ln93 : 3
	State 17
		icmp_ln94 : 1
		c : 1
		br_ln94 : 2
		zext_ln95 : 1
		zext_ln95_3 : 1
		add_ln95 : 2
		BN1_var1_addr : 2
		BN1_var1_load : 3
		BN1_gamma1_addr : 2
		BN1_gamma1_load : 3
	State 18
	State 19
	State 20
	State 21
	State 22
	State 23
	State 24
	State 25
	State 26
	State 27
	State 28
	State 29
	State 30
	State 31
	State 32
	State 33
	State 34
	State 35
		Y_addr12 : 1
		Y_load : 2
	State 36
		tmp_s : 1
	State 37
	State 38
	State 39
	State 40
	State 41
	State 42
	State 43
	State 44
	State 45
	State 46
	State 47
	State 48
	State 49
	State 50
	State 51
	State 52
	State 53
	State 54
	State 55
	State 56
	State 57
	State 58
	State 59
	State 60
	State 61
	State 62
	State 63
	State 64
	State 65
	State 66
		select_ln46 : 1
	State 67
	State 68
		icmp_ln103 : 1
		u : 1
		br_ln103 : 2
		shl_ln9 : 1
		zext_ln106_2 : 2
		shl_ln106_3 : 1
		zext_ln106_3 : 2
		sub_ln106 : 3
		shl_ln1 : 1
	State 69
		c_1_cast4 : 1
		c_1_cast : 1
		icmp_ln104 : 1
		c_7 : 1
		br_ln104 : 2
	State 70
		p_0_cast : 1
		icmp_ln106 : 1
		p : 1
		br_ln106 : 2
		add_ln106 : 2
		shl_ln106_4 : 3
		shl_ln106_5 : 3
		add_ln106_4 : 4
		sext_ln106 : 5
		add_ln106_1 : 6
		sext_ln106_2 : 7
		zext_ln106 : 8
		Y_addr_3 : 9
		Y_load_1 : 10
		tmp_96 : 1
		zext_ln107_2 : 1
		add_ln107 : 2
	State 71
	State 72
	State 73
	State 74
	State 75
	State 76
	State 77
	State 78
	State 79
	State 80
	State 81
	State 82
	State 83
		U_addr : 1
		store_ln107 : 2


============================================================
+ Verbose Summary: Datapath Resource usage 
============================================================

* Functional unit list:
|----------|---------------------|---------|---------|---------|
| Operation|   Functional Unit   |  DSP48E |    FF   |   LUT   |
|----------|---------------------|---------|---------|---------|
|   fdiv   |      grp_fu_318     |    0    |   761   |   994   |
|----------|---------------------|---------|---------|---------|
|   fsqrt  |      grp_fu_322     |    0    |   405   |   615   |
|----------|---------------------|---------|---------|---------|
|   hdiv   |      grp_fu_346     |    0    |   170   |   220   |
|----------|---------------------|---------|---------|---------|
|          |       t_fu_389      |    0    |    0    |    15   |
|          |       f_fu_413      |    0    |    0    |    15   |
|          |       k_fu_429      |    0    |    0    |    12   |
|          |   add_ln82_fu_439   |    0    |    0    |    15   |
|          |   add_ln88_fu_453   |    0    |    0    |    12   |
|          |       e_fu_468      |    0    |    0    |    15   |
|          |   add_ln85_fu_478   |    0    |    0    |    12   |
|          |  add_ln85_2_fu_502  |    0    |    0    |    17   |
|          |      t_3_fu_518     |    0    |    0    |    15   |
|    add   |   add_ln93_fu_544   |    0    |    0    |    17   |
|          |       c_fu_556      |    0    |    0    |    15   |
|          |   add_ln95_fu_572   |    0    |    0    |    17   |
|          |       u_fu_595      |    0    |    0    |    13   |
|          |      c_7_fu_653     |    0    |    0    |    15   |
|          |       p_fu_669      |    0    |    0    |    12   |
|          |   add_ln106_fu_675  |    0    |    0    |    15   |
|          |  add_ln106_4_fu_696 |    0    |    0    |    13   |
|          |  add_ln106_1_fu_705 |    0    |    0    |    19   |
|          |  add_ln107_2_fu_720 |    0    |    0    |    15   |
|          |   add_ln107_fu_728  |    0    |    0    |    14   |
|----------|---------------------|---------|---------|---------|
|   hadd   |      grp_fu_334     |    2    |   109   |   116   |
|----------|---------------------|---------|---------|---------|
|   hmul   |      grp_fu_342     |    2    |    91   |    36   |
|----------|---------------------|---------|---------|---------|
|          |   icmp_ln77_fu_383  |    0    |    0    |    11   |
|          |   icmp_ln78_fu_407  |    0    |    0    |    11   |
|          |   icmp_ln81_fu_423  |    0    |    0    |    9    |
|          |   icmp_ln84_fu_462  |    0    |    0    |    11   |
|   icmp   |   icmp_ln92_fu_512  |    0    |    0    |    11   |
|          |   icmp_ln94_fu_550  |    0    |    0    |    11   |
|          |  icmp_ln103_fu_589  |    0    |    0    |    9    |
|          |  icmp_ln104_fu_647  |    0    |    0    |    11   |
|          |  icmp_ln106_fu_663  |    0    |    0    |    9    |
|----------|---------------------|---------|---------|---------|
|  sptohp  |      grp_fu_327     |    0    |    64   |    21   |
|----------|---------------------|---------|---------|---------|
|  hptosp  |      grp_fu_330     |    0    |    52   |    9    |
|----------|---------------------|---------|---------|---------|
|   hcmp   |      grp_fu_352     |    0    |    34   |    27   |
|----------|---------------------|---------|---------|---------|
|  select  |  select_ln46_fu_581 |    0    |    0    |    16   |
|----------|---------------------|---------|---------|---------|
|    sub   |   sub_ln106_fu_625  |    0    |    0    |    15   |
|----------|---------------------|---------|---------|---------|
|          |    shl_ln_fu_395    |    0    |    0    |    0    |
|          |    shl_ln2_fu_445   |    0    |    0    |    0    |
|          |      tmp_fu_492     |    0    |    0    |    0    |
|          |    shl_ln8_fu_524   |    0    |    0    |    0    |
|bitconcatenate|  shl_ln93_2_fu_532  |    0    |    0    |    0    |
|          |    shl_ln9_fu_601   |    0    |    0    |    0    |
|          |  shl_ln106_3_fu_613 |    0    |    0    |    0    |
|          |    shl_ln1_fu_631   |    0    |    0    |    0    |
|          |  shl_ln106_4_fu_680 |    0    |    0    |    0    |
|          |  shl_ln106_5_fu_688 |    0    |    0    |    0    |
|----------|---------------------|---------|---------|---------|
|          |   zext_ln78_fu_403  |    0    |    0    |    0    |
|          |   zext_ln81_fu_419  |    0    |    0    |    0    |
|          |   zext_ln82_fu_435  |    0    |    0    |    0    |
|          |   zext_ln88_fu_457  |    0    |    0    |    0    |
|          |   zext_ln85_fu_474  |    0    |    0    |    0    |
|          |  zext_ln85_3_fu_483 |    0    |    0    |    0    |
|          |  zext_ln85_4_fu_507 |    0    |    0    |    0    |
|          |   zext_ln93_fu_540  |    0    |    0    |    0    |
|          |   zext_ln95_fu_562  |    0    |    0    |    0    |
|   zext   |  zext_ln95_3_fu_568 |    0    |    0    |    0    |
|          |  zext_ln95_4_fu_577 |    0    |    0    |    0    |
|          | zext_ln106_2_fu_609 |    0    |    0    |    0    |
|          | zext_ln106_3_fu_621 |    0    |    0    |    0    |
|          |   c_1_cast4_fu_639  |    0    |    0    |    0    |
|          |   c_1_cast_fu_643   |    0    |    0    |    0    |
|          |   p_0_cast_fu_659   |    0    |    0    |    0    |
|          |  zext_ln106_fu_715  |    0    |    0    |    0    |
|          | zext_ln107_2_fu_724 |    0    |    0    |    0    |
|          |  zext_ln107_fu_733  |    0    |    0    |    0    |
|----------|---------------------|---------|---------|---------|
|   trunc  |  trunc_ln85_fu_488  |    0    |    0    |    0    |
|----------|---------------------|---------|---------|---------|
|   sext   |  sext_ln106_fu_701  |    0    |    0    |    0    |
|          | sext_ln106_2_fu_711 |    0    |    0    |    0    |
|----------|---------------------|---------|---------|---------|
|   Total  |                     |    4    |   1686  |   2455  |
|----------|---------------------|---------|---------|---------|

Memories:
N/A

* Register list:
+-----------------------+--------+
|                       |   FF   |
+-----------------------+--------+
|BN1_gamma1_addr_reg_840|    5   |
|BN1_gamma1_load_reg_850|   16   |
| BN1_var1_addr_reg_835 |    5   |
| BN1_var1_load_reg_845 |   16   |
|  ConvW1_addr_reg_794  |   13   |
|  ConvW1_load_reg_804  |   16   |
| X_slice1_addr_reg_789 |   12   |
| X_slice1_load_reg_799 |   16   |
|    Y_addr12_reg_855   |   15   |
|    Y_addr_3_reg_929   |   15   |
|     acc_0_reg_203     |   16   |
|     acc_1_reg_228     |   16   |
|     acc_2_reg_295     |   16   |
|   add_ln107_reg_934   |   10   |
|    add_ln93_reg_817   |   13   |
|    add_ln95_reg_830   |   13   |
|      c_0_reg_262      |    7   |
|   c_1_cast4_reg_903   |    8   |
|    c_1_cast_reg_908   |   11   |
|      c_1_reg_284      |    7   |
|      c_7_reg_916      |    7   |
|       c_reg_825       |    7   |
|      e_0_reg_240      |    6   |
|       e_reg_784       |    6   |
|      f_0_reg_192      |    6   |
|       f_reg_758       |    6   |
|      k_0_reg_216      |    3   |
|       k_reg_771       |    3   |
|      nrm_reg_870      |   16   |
|      p_0_reg_307      |    3   |
|       p_reg_924       |    3   |
|        reg_357        |   16   |
|        reg_363        |   16   |
|        reg_371        |   32   |
|        reg_377        |   16   |
|  select_ln46_reg_875  |   16   |
|    shl_ln1_reg_898    |   10   |
|    shl_ln2_reg_776    |   12   |
|     shl_ln_reg_745    |   12   |
|   sub_ln106_reg_893   |    8   |
|      t_0_reg_180      |    7   |
|      t_1_reg_251      |    7   |
|      t_3_reg_812      |    7   |
|       t_reg_740       |    7   |
|     tmp_91_reg_860    |   32   |
|     tmp_92_reg_865    |   32   |
|     tmp_96_reg_939    |   16   |
|      u_0_reg_273      |    4   |
|       u_reg_883       |    4   |
|  zext_ln106_2_reg_888 |    8   |
|   zext_ln78_reg_750   |   12   |
|   zext_ln81_reg_763   |   13   |
+-----------------------+--------+
|         Total         |   599  |
+-----------------------+--------+

* Multiplexer (MUX) list: 
|-------------------|------|------|------|--------||---------||---------|
|        Comp       |  Pin | Size |  BW  | S x BW ||  Delay  ||   LUT   |
|-------------------|------|------|------|--------||---------||---------|
|  grp_access_fu_93 |  p0  |   5  |  15  |   75   ||    27   |
|  grp_access_fu_93 |  p1  |   2  |  16  |   32   ||    9    |
| grp_access_fu_106 |  p0  |   2  |  12  |   24   ||    9    |
| grp_access_fu_119 |  p0  |   2  |  13  |   26   ||    9    |
| grp_access_fu_132 |  p0  |   2  |   5  |   10   ||    9    |
| grp_access_fu_145 |  p0  |   2  |   5  |   10   ||    9    |
|    t_0_reg_180    |  p0  |   2  |   7  |   14   ||    9    |
|   acc_0_reg_203   |  p0  |   2  |  16  |   32   ||    9    |
|    k_0_reg_216    |  p0  |   2  |   3  |    6   ||    9    |
|   acc_2_reg_295   |  p0  |   2  |  16  |   32   ||    9    |
|     grp_fu_330    |  p0  |   3  |  16  |   48   ||    15   |
|     grp_fu_334    |  p0  |   4  |  16  |   64   ||    21   |
|     grp_fu_334    |  p1  |   4  |  16  |   64   ||    15   |
|     grp_fu_342    |  p0  |   2  |  16  |   32   ||    9    |
|     grp_fu_342    |  p1  |   2  |  16  |   32   ||    9    |
|-------------------|------|------|------|--------||---------||---------|
|       Total       |      |      |      |   501  ||  26.901 ||   177   |
|-------------------|------|------|------|--------||---------||---------|



* Summary:
+-----------+--------+--------+--------+--------+
|           | DSP48E |  Delay |   FF   |   LUT  |
+-----------+--------+--------+--------+--------+
|  Function |    4   |    -   |  1686  |  2455  |
|   Memory  |    -   |    -   |    -   |    -   |
|Multiplexer|    -   |   26   |    -   |   177  |
|  Register |    -   |    -   |   599  |    -   |
+-----------+--------+--------+--------+--------+
|   Total   |    4   |   26   |  2285  |  2632  |
+-----------+--------+--------+--------+--------+
