

================================================================
== Vivado HLS Report for 'conv_bn_act_pool_1'
================================================================
* Date:           Wed Sep  3 17:58:51 2025

* Version:        2019.1 (Build 2552052 on Fri May 24 15:28:33 MDT 2019)
* Project:        BranchPredictionAI
* Solution:       solution1
* Product family: zynq
* Target device:  xc7z020-clg484-1


================================================================
== Performance Estimates
================================================================
+ Timing (ns): 
    * Summary: 
    +--------+-------+----------+------------+
    |  Clock | Target| Estimated| Uncertainty|
    +--------+-------+----------+------------+
    |ap_clk  |  10.00|     8.129|        1.25|
    +--------+-------+----------+------------+

+ Latency (clock cycles): 
    * Summary: 
    +----------+----------+----------+----------+---------+
    |       Latency       |       Interval      | Pipeline|
    |    min   |    max   |    min   |    max   |   Type  |
    +----------+----------+----------+----------+---------+
    |  27562215|  27562215|  27562215|  27562215|   none  |
    +----------+----------+----------+----------+---------+

    + Detail: 
        * Instance: 
        N/A

        * Loop: 
        +---------------------+----------+----------+----------+-----------+-----------+------+----------+
        |                     |       Latency       | Iteration|  Initiation Interval  | Trip |          |
        |      Loop Name      |    min   |    max   |  Latency |  achieved |   target  | Count| Pipelined|
        +---------------------+----------+----------+----------+-----------+-----------+------+----------+
        |- Loop 1             |  22856256|  22856256|     79362|          -|          -|   288|    no    |
        | + Loop 1.1          |     79360|     79360|      2480|          -|          -|    32|    no    |
        |  ++ Loop 1.1.1      |      2478|      2478|       354|          -|          -|     7|    no    |
        |   +++ Loop 1.1.1.1  |       352|       352|        11|          -|          -|    32|    no    |
        |- Loop 2             |   3980172|   3980172|     13538|          -|          -|   294|    no    |
        | + Loop 2.1          |     13536|     13536|        47|          -|          -|   288|    no    |
        |- Loop 3             |    725784|    725784|     60482|          -|          -|    12|    no    |
        | + Loop 3.1          |     60480|     60480|       210|          -|          -|   288|    no    |
        |  ++ Loop 3.1.1      |       192|       192|         8|          -|          -|    24|    no    |
        +---------------------+----------+----------+----------+-----------+-----------+------+----------+



================================================================
== Utilization Estimates
================================================================
* Summary: 
+-----------------+---------+-------+--------+-------+-----+
|       Name      | BRAM_18K| DSP48E|   FF   |  LUT  | URAM|
+-----------------+---------+-------+--------+-------+-----+
|DSP              |        -|      -|       -|      -|    -|
|Expression       |        -|      -|       0|    514|    -|
|FIFO             |        -|      -|       -|      -|    -|
|Instance         |        -|      5|    1580|   2559|    -|
|Memory           |       50|      -|       0|      0|    -|
|Multiplexer      |        -|      -|       -|    651|    -|
|Register         |        -|      -|     713|      -|    -|
+-----------------+---------+-------+--------+-------+-----+
|Total            |       50|      5|    2293|   3724|    0|
+-----------------+---------+-------+--------+-------+-----+
|Available        |      280|    220|  106400|  53200|    0|
+-----------------+---------+-------+--------+-------+-----+
|Utilization (%)  |       17|      2|       2|      7|    0|
+-----------------+---------+-------+--------+-------+-----+

+ Detail: 
    * Instance: 
    +-----------------------------------------+-------------------------------------+---------+-------+-----+-----+-----+
    |                 Instance                |                Module               | BRAM_18K| DSP48E|  FF | LUT | URAM|
    +-----------------------------------------+-------------------------------------+---------+-------+-----+-----+-----+
    |main_fadd_32ns_32ns_32_5_full_dsp_1_U76  |main_fadd_32ns_32ns_32_5_full_dsp_1  |        0|      2|  205|  390|    0|
    |main_fcmp_32ns_32ns_1_2_1_U79            |main_fcmp_32ns_32ns_1_2_1            |        0|      0|   66|  239|    0|
    |main_fdiv_32ns_32ns_32_16_1_U78          |main_fdiv_32ns_32ns_32_16_1          |        0|      0|  761|  994|    0|
    |main_fmul_32ns_32ns_32_4_max_dsp_1_U77   |main_fmul_32ns_32ns_32_4_max_dsp_1   |        0|      3|  143|  321|    0|
    |main_fsqrt_32ns_32ns_32_12_1_U80         |main_fsqrt_32ns_32ns_32_12_1         |        0|      0|  405|  615|    0|
    +-----------------------------------------+-------------------------------------+---------+-------+-----+-----+-----+
    |Total                                    |                                     |        0|      5| 1580| 2559|    0|
    +-----------------------------------------+-------------------------------------+---------+-------+-----+-----+-----+

    * DSP48E: 
    N/A

    * Memory: 
    +--------------+-----------------------------+---------+---+----+-----+------+-----+------+-------------+
    |    Memory    |            Module           | BRAM_18K| FF| LUT| URAM| Words| Bits| Banks| W*Bits*Banks|
    +--------------+-----------------------------+---------+---+----+-----+------+-----+------+-------------+
    |ConvW3_U      |conv_bn_act_pool_1_ConvW3    |       16|  0|   0|    0|  7168|   32|     1|       229376|
    |X_slice3_U    |conv_bn_act_pool_1_X_slice3  |       32|  0|   0|    0|  9408|   32|     1|       301056|
    |BN1_var3_U    |conv_bn_act_pool_4_BN1_var0  |        1|  0|   0|    0|    32|   32|     1|         1024|
    |BN1_gamma3_U  |conv_bn_act_pool_4_BN1_var0  |        1|  0|   0|    0|    32|   32|     1|         1024|
    +--------------+-----------------------------+---------+---+----+-----+------+-----+------+-------------+
    |Total         |                             |       50|  0|   0|    0| 16640|  128|     4|       532480|
    +--------------+-----------------------------+---------+---+----+-----+------+-----+------+-------------+

    * FIFO: 
    N/A

    * Expression: 
    +-----------------------+----------+-------+---+----+------------+------------+
    |     Variable Name     | Operation| DSP48E| FF| LUT| Bitwidth P0| Bitwidth P1|
    +-----------------------+----------+-------+---+----+------------+------------+
    |add_ln104_1_fu_750_p2  |     +    |      0|  0|  25|          18|          18|
    |add_ln104_8_fu_741_p2  |     +    |      0|  0|  21|          15|          15|
    |add_ln104_fu_720_p2    |     +    |      0|  0|  14|          10|          10|
    |add_ln105_4_fu_756_p2  |     +    |      0|  0|  14|          10|          10|
    |add_ln105_fu_764_p2    |     +    |      0|  0|  12|          12|          12|
    |add_ln74_fu_437_p2     |     +    |      0|  0|  15|           9|           9|
    |add_ln76_7_fu_500_p2   |     +    |      0|  0|  17|          13|          13|
    |add_ln76_fu_476_p2     |     +    |      0|  0|  19|          14|          14|
    |add_ln78_fu_451_p2     |     +    |      0|  0|  19|          14|          14|
    |add_ln84_fu_546_p2     |     +    |      0|  0|  23|          16|          16|
    |add_ln85_fu_574_p2     |     +    |      0|  0|  23|          16|          16|
    |c_9_fu_698_p2          |     +    |      0|  0|  15|           9|           1|
    |c_fu_558_p2            |     +    |      0|  0|  15|           9|           1|
    |e_fu_466_p2            |     +    |      0|  0|  15|           6|           1|
    |f_fu_411_p2            |     +    |      0|  0|  15|           6|           1|
    |k_fu_427_p2            |     +    |      0|  0|  12|           3|           1|
    |p_fu_714_p2            |     +    |      0|  0|  15|           5|           1|
    |t_5_fu_516_p2          |     +    |      0|  0|  15|           9|           1|
    |t_fu_387_p2            |     +    |      0|  0|  15|           9|           1|
    |u_fu_640_p2            |     +    |      0|  0|  13|           4|           1|
    |sub_ln104_fu_670_p2    |     -    |      0|  0|  14|          10|          10|
    |and_ln43_fu_620_p2     |    and   |      0|  0|   2|           1|           1|
    |icmp_ln101_fu_634_p2   |   icmp   |      0|  0|   9|           4|           4|
    |icmp_ln102_fu_692_p2   |   icmp   |      0|  0|  13|           9|           9|
    |icmp_ln104_fu_708_p2   |   icmp   |      0|  0|  11|           5|           5|
    |icmp_ln43_7_fu_608_p2  |   icmp   |      0|  0|  18|          23|           1|
    |icmp_ln43_fu_602_p2    |   icmp   |      0|  0|  11|           8|           2|
    |icmp_ln70_fu_381_p2    |   icmp   |      0|  0|  13|           9|           9|
    |icmp_ln71_fu_405_p2    |   icmp   |      0|  0|  11|           6|           7|
    |icmp_ln73_fu_421_p2    |   icmp   |      0|  0|   9|           3|           2|
    |icmp_ln76_fu_460_p2    |   icmp   |      0|  0|  11|           6|           7|
    |icmp_ln82_fu_510_p2    |   icmp   |      0|  0|  13|           9|           9|
    |icmp_ln84_fu_552_p2    |   icmp   |      0|  0|  13|           9|           9|
    |or_ln43_fu_614_p2      |    or    |      0|  0|   2|           1|           1|
    |select_ln43_fu_625_p3  |  select  |      0|  0|  32|           1|          32|
    +-----------------------+----------+-------+---+----+------------+------------+
    |Total                  |          |      0|  0| 514|         311|         264|
    +-----------------------+----------+-------+---+----+------------+------------+

    * Multiplexer: 
    +----------------+-----+-----------+-----+-----------+
    |      Name      | LUT | Input Size| Bits| Total Bits|
    +----------------+-----+-----------+-----+-----------+
    |Y_address0      |   21|          4|   15|         60|
    |Y_d0            |   15|          3|   32|         96|
    |acc1_0_reg_304  |    9|          2|   32|         64|
    |acc_0_reg_212   |    9|          2|   32|         64|
    |acc_1_reg_237   |    9|          2|   32|         64|
    |ap_NS_fsm       |  393|         90|    1|         90|
    |c_0_reg_271     |    9|          2|    9|         18|
    |c_1_reg_293     |    9|          2|    9|         18|
    |e_0_reg_249     |    9|          2|    6|         12|
    |f_0_reg_201     |    9|          2|    6|         12|
    |grp_fu_327_p0   |   27|          5|   32|        160|
    |grp_fu_327_p1   |   27|          5|   32|        160|
    |grp_fu_335_p0   |   15|          3|   32|         96|
    |grp_fu_335_p1   |   15|          3|   32|         96|
    |grp_fu_339_p0   |   15|          3|   32|         96|
    |grp_fu_339_p1   |   15|          3|   32|         96|
    |k_0_reg_225     |    9|          2|    3|          6|
    |p_0_reg_316     |    9|          2|    5|         10|
    |t_0_reg_189     |    9|          2|    9|         18|
    |t_1_reg_260     |    9|          2|    9|         18|
    |u_0_reg_282     |    9|          2|    4|          8|
    +----------------+-----+-----------+-----+-----------+
    |Total           |  651|        143|  396|       1262|
    +----------------+-----+-----------+-----+-----------+

    * Register: 
    +-------------------------+----+----+-----+-----------+
    |           Name          | FF | LUT| Bits| Const Bits|
    +-------------------------+----+----+-----+-----------+
    |BN1_gamma3_load_reg_894  |  32|   0|   32|          0|
    |BN1_var3_load_reg_889    |  32|   0|   32|          0|
    |ConvW3_load_reg_848      |  32|   0|   32|          0|
    |X_slice3_load_reg_843    |  32|   0|   32|          0|
    |Y_addr12_reg_874         |  15|   0|   15|          0|
    |acc1_0_reg_304           |  32|   0|   32|          0|
    |acc_0_reg_212            |  32|   0|   32|          0|
    |acc_1_reg_237            |  32|   0|   32|          0|
    |add_ln104_1_reg_958      |  18|   0|   18|          0|
    |add_ln105_reg_963        |  12|   0|   12|          0|
    |add_ln84_reg_861         |  11|   0|   16|          5|
    |ap_CS_fsm                |  89|   0|   89|          0|
    |c_0_reg_271              |   9|   0|    9|          0|
    |c_1_cast4_reg_932        |   9|   0|   10|          1|
    |c_1_cast_reg_937         |   9|   0|   15|          6|
    |c_1_reg_293              |   9|   0|    9|          0|
    |c_9_reg_945              |   9|   0|    9|          0|
    |c_reg_869                |   9|   0|    9|          0|
    |e_0_reg_249              |   6|   0|    6|          0|
    |e_reg_828                |   6|   0|    6|          0|
    |f_0_reg_201              |   6|   0|    6|          0|
    |f_reg_802                |   6|   0|    6|          0|
    |k_0_reg_225              |   3|   0|    3|          0|
    |k_reg_815                |   3|   0|    3|          0|
    |p_0_reg_316              |   5|   0|    5|          0|
    |p_reg_953                |   5|   0|    5|          0|
    |reg_355                  |  32|   0|   32|          0|
    |reg_361                  |  32|   0|   32|          0|
    |reg_369                  |  32|   0|   32|          0|
    |reg_375                  |  32|   0|   32|          0|
    |shl_ln10_reg_927         |   4|   0|   12|          8|
    |shl_ln11_reg_820         |   9|   0|   14|          5|
    |shl_ln_reg_789           |   9|   0|   14|          5|
    |sub_ln104_reg_922        |   7|   0|   10|          3|
    |t_0_reg_189              |   9|   0|    9|          0|
    |t_1_reg_260              |   9|   0|    9|          0|
    |t_5_reg_856              |   9|   0|    9|          0|
    |t_reg_784                |   9|   0|    9|          0|
    |tmp_15_reg_904           |   1|   0|    1|          0|
    |tmp_55_reg_899           |  32|   0|   32|          0|
    |u_0_reg_282              |   4|   0|    4|          0|
    |u_reg_912                |   4|   0|    4|          0|
    |zext_ln104_6_reg_917     |   4|   0|   10|          6|
    |zext_ln71_reg_794        |   6|   0|   14|          8|
    |zext_ln73_reg_807        |   6|   0|   13|          7|
    +-------------------------+----+----+-----+-----------+
    |Total                    | 713|   0|  767|         54|
    +-------------------------+----+----+-----+-----------+



================================================================
== Interface
================================================================
* Summary: 
+------------+-----+-----+------------+--------------------+--------------+
|  RTL Ports | Dir | Bits|  Protocol  |    Source Object   |    C Type    |
+------------+-----+-----+------------+--------------------+--------------+
|ap_clk      |  in |    1| ap_ctrl_hs | conv_bn_act_pool.1 | return value |
|ap_rst      |  in |    1| ap_ctrl_hs | conv_bn_act_pool.1 | return value |
|ap_start    |  in |    1| ap_ctrl_hs | conv_bn_act_pool.1 | return value |
|ap_done     | out |    1| ap_ctrl_hs | conv_bn_act_pool.1 | return value |
|ap_idle     | out |    1| ap_ctrl_hs | conv_bn_act_pool.1 | return value |
|ap_ready    | out |    1| ap_ctrl_hs | conv_bn_act_pool.1 | return value |
|Y_address0  | out |   15|  ap_memory |          Y         |     array    |
|Y_ce0       | out |    1|  ap_memory |          Y         |     array    |
|Y_we0       | out |    1|  ap_memory |          Y         |     array    |
|Y_d0        | out |   32|  ap_memory |          Y         |     array    |
|Y_q0        |  in |   32|  ap_memory |          Y         |     array    |
|U_address0  | out |    9|  ap_memory |          U         |     array    |
|U_ce0       | out |    1|  ap_memory |          U         |     array    |
|U_we0       | out |    1|  ap_memory |          U         |     array    |
|U_d0        | out |   32|  ap_memory |          U         |     array    |
+------------+-----+-----+------------+--------------------+--------------+

============================================================
+ Verbose Summary: Synthesis Manager
============================================================
InlineROM: 1
ExposeGlobal: 0
============================================================
+ Verbose Summary: CDFG Model
============================================================
IsTopModel: 0
ResetActiveHigh: 1
IsCombinational: 2
IsDatapathOnly: 2
HasWiredReturn: 1
HasMFsm: 0
HasVarLatency: 1
IsPipeline: 0
IsRtlPipelined: 0
IsInstanceOverlapped: 0
IsDontTouch: 0
HasImplIP: 0
IsGatedGlobalClock: 0


============================================================
+ Verbose Summary: Schedule
============================================================
* Number of FSM states : 89
* Pipeline : 0
* Dataflow Pipeline: 0

* FSM state transitions: 
1 --> 2 
2 --> 3 16 
3 --> 4 2 
4 --> 5 3 
5 --> 6 4 
6 --> 7 
7 --> 8 
8 --> 9 
9 --> 10 
10 --> 11 
11 --> 12 
12 --> 13 
13 --> 14 
14 --> 15 
15 --> 5 
16 --> 17 64 
17 --> 18 16 
18 --> 19 
19 --> 20 
20 --> 21 
21 --> 22 
22 --> 23 
23 --> 24 
24 --> 25 
25 --> 26 
26 --> 27 
27 --> 28 
28 --> 29 
29 --> 30 
30 --> 31 
31 --> 32 
32 --> 33 
33 --> 34 
34 --> 35 
35 --> 36 
36 --> 37 
37 --> 38 
38 --> 39 
39 --> 40 
40 --> 41 
41 --> 42 
42 --> 43 
43 --> 44 
44 --> 45 
45 --> 46 
46 --> 47 
47 --> 48 
48 --> 49 
49 --> 50 
50 --> 51 
51 --> 52 
52 --> 53 
53 --> 54 
54 --> 55 
55 --> 56 
56 --> 57 
57 --> 58 
58 --> 59 
59 --> 60 
60 --> 61 
61 --> 62 
62 --> 63 
63 --> 17 
64 --> 65 
65 --> 66 64 
66 --> 67 74 
67 --> 68 
68 --> 69 
69 --> 70 
70 --> 71 
71 --> 72 
72 --> 73 
73 --> 66 
74 --> 75 
75 --> 76 
76 --> 77 
77 --> 78 
78 --> 79 
79 --> 80 
80 --> 81 
81 --> 82 
82 --> 83 
83 --> 84 
84 --> 85 
85 --> 86 
86 --> 87 
87 --> 88 
88 --> 89 
89 --> 65 

* FSM state operations: 

State 1 <SV = 0> <Delay = 1.76>
ST_1 : Operation 90 [1/1] (1.76ns)   --->   "br label %.loopexit" [main_5_slices.cpp:70]   --->   Operation 90 'br' <Predicate = true> <Delay = 1.76>

State 2 <SV = 1> <Delay = 1.82>
ST_2 : Operation 91 [1/1] (0.00ns)   --->   "%t_0 = phi i9 [ 0, %0 ], [ %t, %.loopexit.loopexit ]"   --->   Operation 91 'phi' 't_0' <Predicate = true> <Delay = 0.00>
ST_2 : Operation 92 [1/1] (0.00ns)   --->   "%empty = call i32 (...)* @_ssdm_op_SpecLoopTripCount(i64 288, i64 288, i64 288)"   --->   Operation 92 'speclooptripcount' 'empty' <Predicate = true> <Delay = 0.00>
ST_2 : Operation 93 [1/1] (1.66ns)   --->   "%icmp_ln70 = icmp eq i9 %t_0, -224" [main_5_slices.cpp:70]   --->   Operation 93 'icmp' 'icmp_ln70' <Predicate = true> <Delay = 1.66> <Core = "Cmp">   --->   Core 25 'Cmp' <Latency = 0> <II = 1> <Delay = 1.66> <FuncUnit> <Opcode : 'icmp'> <InPorts = 2> <OutPorts = 1>
ST_2 : Operation 94 [1/1] (1.82ns)   --->   "%t = add i9 %t_0, 1" [main_5_slices.cpp:70]   --->   Operation 94 'add' 't' <Predicate = true> <Delay = 1.82> <Core = "AddSub">   --->   Core 14 'AddSub' <Latency = 0> <II = 1> <Delay = 1.73> <FuncUnit> <Opcode : 'add' 'sub'> <InPorts = 2> <OutPorts = 1>
ST_2 : Operation 95 [1/1] (0.00ns)   --->   "br i1 %icmp_ln70, label %.preheader5.preheader, label %.preheader7.preheader" [main_5_slices.cpp:70]   --->   Operation 95 'br' <Predicate = true> <Delay = 0.00>
ST_2 : Operation 96 [1/1] (0.00ns)   --->   "%shl_ln = call i14 @_ssdm_op_BitConcatenate.i14.i9.i5(i9 %t_0, i5 0)" [main_5_slices.cpp:78]   --->   Operation 96 'bitconcatenate' 'shl_ln' <Predicate = (!icmp_ln70)> <Delay = 0.00>
ST_2 : Operation 97 [1/1] (1.76ns)   --->   "br label %.preheader7" [main_5_slices.cpp:71]   --->   Operation 97 'br' <Predicate = (!icmp_ln70)> <Delay = 1.76>
ST_2 : Operation 98 [1/1] (1.76ns)   --->   "br label %.preheader5"   --->   Operation 98 'br' <Predicate = (icmp_ln70)> <Delay = 1.76>

State 3 <SV = 2> <Delay = 1.82>
ST_3 : Operation 99 [1/1] (0.00ns)   --->   "%f_0 = phi i6 [ %f, %4 ], [ 0, %.preheader7.preheader ]"   --->   Operation 99 'phi' 'f_0' <Predicate = true> <Delay = 0.00>
ST_3 : Operation 100 [1/1] (0.00ns)   --->   "%zext_ln71 = zext i6 %f_0 to i14" [main_5_slices.cpp:71]   --->   Operation 100 'zext' 'zext_ln71' <Predicate = true> <Delay = 0.00>
ST_3 : Operation 101 [1/1] (1.42ns)   --->   "%icmp_ln71 = icmp eq i6 %f_0, -32" [main_5_slices.cpp:71]   --->   Operation 101 'icmp' 'icmp_ln71' <Predicate = true> <Delay = 1.42> <Core = "Cmp">   --->   Core 25 'Cmp' <Latency = 0> <II = 1> <Delay = 1.66> <FuncUnit> <Opcode : 'icmp'> <InPorts = 2> <OutPorts = 1>
ST_3 : Operation 102 [1/1] (0.00ns)   --->   "%empty_82 = call i32 (...)* @_ssdm_op_SpecLoopTripCount(i64 32, i64 32, i64 32)"   --->   Operation 102 'speclooptripcount' 'empty_82' <Predicate = true> <Delay = 0.00>
ST_3 : Operation 103 [1/1] (1.82ns)   --->   "%f = add i6 %f_0, 1" [main_5_slices.cpp:71]   --->   Operation 103 'add' 'f' <Predicate = true> <Delay = 1.82> <Core = "AddSub">   --->   Core 14 'AddSub' <Latency = 0> <II = 1> <Delay = 1.73> <FuncUnit> <Opcode : 'add' 'sub'> <InPorts = 2> <OutPorts = 1>
ST_3 : Operation 104 [1/1] (0.00ns)   --->   "br i1 %icmp_ln71, label %.loopexit.loopexit, label %.preheader6.preheader" [main_5_slices.cpp:71]   --->   Operation 104 'br' <Predicate = true> <Delay = 0.00>
ST_3 : Operation 105 [1/1] (0.00ns)   --->   "%zext_ln73 = zext i6 %f_0 to i13" [main_5_slices.cpp:73]   --->   Operation 105 'zext' 'zext_ln73' <Predicate = (!icmp_ln71)> <Delay = 0.00>
ST_3 : Operation 106 [1/1] (1.76ns)   --->   "br label %.preheader6" [main_5_slices.cpp:73]   --->   Operation 106 'br' <Predicate = (!icmp_ln71)> <Delay = 1.76>
ST_3 : Operation 107 [1/1] (0.00ns)   --->   "br label %.loopexit"   --->   Operation 107 'br' <Predicate = (icmp_ln71)> <Delay = 0.00>

State 4 <SV = 3> <Delay = 5.06>
ST_4 : Operation 108 [1/1] (0.00ns)   --->   "%acc_0 = phi float [ 0.000000e+00, %.preheader6.preheader ], [ %acc_1, %.preheader6.loopexit ]" [main_5_slices.cpp:76]   --->   Operation 108 'phi' 'acc_0' <Predicate = true> <Delay = 0.00>
ST_4 : Operation 109 [1/1] (0.00ns)   --->   "%k_0 = phi i3 [ 0, %.preheader6.preheader ], [ %k, %.preheader6.loopexit ]"   --->   Operation 109 'phi' 'k_0' <Predicate = true> <Delay = 0.00>
ST_4 : Operation 110 [1/1] (1.13ns)   --->   "%icmp_ln73 = icmp eq i3 %k_0, -1" [main_5_slices.cpp:73]   --->   Operation 110 'icmp' 'icmp_ln73' <Predicate = true> <Delay = 1.13> <Core = "Cmp">   --->   Core 25 'Cmp' <Latency = 0> <II = 1> <Delay = 1.66> <FuncUnit> <Opcode : 'icmp'> <InPorts = 2> <OutPorts = 1>
ST_4 : Operation 111 [1/1] (0.00ns)   --->   "%empty_83 = call i32 (...)* @_ssdm_op_SpecLoopTripCount(i64 7, i64 7, i64 7)"   --->   Operation 111 'speclooptripcount' 'empty_83' <Predicate = true> <Delay = 0.00>
ST_4 : Operation 112 [1/1] (1.65ns)   --->   "%k = add i3 %k_0, 1" [main_5_slices.cpp:73]   --->   Operation 112 'add' 'k' <Predicate = true> <Delay = 1.65> <Core = "AddSub">   --->   Core 14 'AddSub' <Latency = 0> <II = 1> <Delay = 1.73> <FuncUnit> <Opcode : 'add' 'sub'> <InPorts = 2> <OutPorts = 1>
ST_4 : Operation 113 [1/1] (0.00ns)   --->   "br i1 %icmp_ln73, label %4, label %1" [main_5_slices.cpp:73]   --->   Operation 113 'br' <Predicate = true> <Delay = 0.00>
ST_4 : Operation 114 [1/1] (0.00ns)   --->   "%zext_ln74 = zext i3 %k_0 to i9" [main_5_slices.cpp:74]   --->   Operation 114 'zext' 'zext_ln74' <Predicate = (!icmp_ln73)> <Delay = 0.00>
ST_4 : Operation 115 [1/1] (1.82ns)   --->   "%add_ln74 = add i9 %t_0, %zext_ln74" [main_5_slices.cpp:74]   --->   Operation 115 'add' 'add_ln74' <Predicate = (!icmp_ln73)> <Delay = 1.82> <Core = "AddSub">   --->   Core 14 'AddSub' <Latency = 0> <II = 1> <Delay = 1.73> <FuncUnit> <Opcode : 'add' 'sub'> <InPorts = 2> <OutPorts = 1>
ST_4 : Operation 116 [1/1] (0.00ns)   --->   "%shl_ln11 = call i14 @_ssdm_op_BitConcatenate.i14.i9.i5(i9 %add_ln74, i5 0)" [main_5_slices.cpp:74]   --->   Operation 116 'bitconcatenate' 'shl_ln11' <Predicate = (!icmp_ln73)> <Delay = 0.00>
ST_4 : Operation 117 [1/1] (1.76ns)   --->   "br label %2" [main_5_slices.cpp:76]   --->   Operation 117 'br' <Predicate = (!icmp_ln73)> <Delay = 1.76>
ST_4 : Operation 118 [1/1] (1.81ns)   --->   "%add_ln78 = add i14 %shl_ln, %zext_ln71" [main_5_slices.cpp:78]   --->   Operation 118 'add' 'add_ln78' <Predicate = (icmp_ln73)> <Delay = 1.81> <Core = "AddSub">   --->   Core 14 'AddSub' <Latency = 0> <II = 1> <Delay = 1.73> <FuncUnit> <Opcode : 'add' 'sub'> <InPorts = 2> <OutPorts = 1>
ST_4 : Operation 119 [1/1] (0.00ns)   --->   "%zext_ln78 = zext i14 %add_ln78 to i64" [main_5_slices.cpp:78]   --->   Operation 119 'zext' 'zext_ln78' <Predicate = (icmp_ln73)> <Delay = 0.00>
ST_4 : Operation 120 [1/1] (0.00ns)   --->   "%Y_addr = getelementptr [18432 x float]* %Y, i64 0, i64 %zext_ln78" [main_5_slices.cpp:78]   --->   Operation 120 'getelementptr' 'Y_addr' <Predicate = (icmp_ln73)> <Delay = 0.00>
ST_4 : Operation 121 [1/1] (3.25ns)   --->   "store float %acc_0, float* %Y_addr, align 4" [main_5_slices.cpp:78]   --->   Operation 121 'store' <Predicate = (icmp_ln73)> <Delay = 3.25> <Core = "RAM">   --->   Core 37 'RAM' <Latency = 1> <II = 1> <Delay = 3.25> <Storage> <Opcode : 'load' 'store'> <Ports = 2> <Width = 32> <Depth = 128> <RAM>
ST_4 : Operation 122 [1/1] (0.00ns)   --->   "br label %.preheader7" [main_5_slices.cpp:71]   --->   Operation 122 'br' <Predicate = (icmp_ln73)> <Delay = 0.00>

State 5 <SV = 4> <Delay = 5.06>
ST_5 : Operation 123 [1/1] (0.00ns)   --->   "%acc_1 = phi float [ %acc_0, %1 ], [ %acc, %3 ]"   --->   Operation 123 'phi' 'acc_1' <Predicate = true> <Delay = 0.00>
ST_5 : Operation 124 [1/1] (0.00ns)   --->   "%e_0 = phi i6 [ 0, %1 ], [ %e, %3 ]"   --->   Operation 124 'phi' 'e_0' <Predicate = true> <Delay = 0.00>
ST_5 : Operation 125 [1/1] (1.42ns)   --->   "%icmp_ln76 = icmp eq i6 %e_0, -32" [main_5_slices.cpp:76]   --->   Operation 125 'icmp' 'icmp_ln76' <Predicate = true> <Delay = 1.42> <Core = "Cmp">   --->   Core 25 'Cmp' <Latency = 0> <II = 1> <Delay = 1.66> <FuncUnit> <Opcode : 'icmp'> <InPorts = 2> <OutPorts = 1>
ST_5 : Operation 126 [1/1] (0.00ns)   --->   "%empty_84 = call i32 (...)* @_ssdm_op_SpecLoopTripCount(i64 32, i64 32, i64 32)"   --->   Operation 126 'speclooptripcount' 'empty_84' <Predicate = true> <Delay = 0.00>
ST_5 : Operation 127 [1/1] (1.82ns)   --->   "%e = add i6 %e_0, 1" [main_5_slices.cpp:76]   --->   Operation 127 'add' 'e' <Predicate = true> <Delay = 1.82> <Core = "AddSub">   --->   Core 14 'AddSub' <Latency = 0> <II = 1> <Delay = 1.73> <FuncUnit> <Opcode : 'add' 'sub'> <InPorts = 2> <OutPorts = 1>
ST_5 : Operation 128 [1/1] (0.00ns)   --->   "br i1 %icmp_ln76, label %.preheader6.loopexit, label %3" [main_5_slices.cpp:76]   --->   Operation 128 'br' <Predicate = true> <Delay = 0.00>
ST_5 : Operation 129 [1/1] (0.00ns)   --->   "%zext_ln76 = zext i6 %e_0 to i14" [main_5_slices.cpp:76]   --->   Operation 129 'zext' 'zext_ln76' <Predicate = (!icmp_ln76)> <Delay = 0.00>
ST_5 : Operation 130 [1/1] (1.81ns)   --->   "%add_ln76 = add i14 %zext_ln76, %shl_ln11" [main_5_slices.cpp:76]   --->   Operation 130 'add' 'add_ln76' <Predicate = (!icmp_ln76)> <Delay = 1.81> <Core = "AddSub">   --->   Core 14 'AddSub' <Latency = 0> <II = 1> <Delay = 1.73> <FuncUnit> <Opcode : 'add' 'sub'> <InPorts = 2> <OutPorts = 1>
ST_5 : Operation 131 [1/1] (0.00ns)   --->   "%zext_ln76_7 = zext i14 %add_ln76 to i64" [main_5_slices.cpp:76]   --->   Operation 131 'zext' 'zext_ln76_7' <Predicate = (!icmp_ln76)> <Delay = 0.00>
ST_5 : Operation 132 [1/1] (0.00ns)   --->   "%X_slice3_addr = getelementptr [9408 x float]* @X_slice3, i64 0, i64 %zext_ln76_7" [main_5_slices.cpp:76]   --->   Operation 132 'getelementptr' 'X_slice3_addr' <Predicate = (!icmp_ln76)> <Delay = 0.00>
ST_5 : Operation 133 [2/2] (3.25ns)   --->   "%X_slice3_load = load float* %X_slice3_addr, align 4" [main_5_slices.cpp:76]   --->   Operation 133 'load' 'X_slice3_load' <Predicate = (!icmp_ln76)> <Delay = 3.25> <Core = "ROM_nP">   --->   Core 52 'ROM_nP' <Latency = 1> <II = 1> <Delay = 3.25> <Storage> <Opcode : 'load'> <Ports = 0> <Width = 32> <Depth = 32> <ROM>
ST_5 : Operation 134 [1/1] (0.00ns)   --->   "%trunc_ln76 = trunc i6 %e_0 to i5" [main_5_slices.cpp:76]   --->   Operation 134 'trunc' 'trunc_ln76' <Predicate = (!icmp_ln76)> <Delay = 0.00>
ST_5 : Operation 135 [1/1] (0.00ns)   --->   "%tmp = call i13 @_ssdm_op_BitConcatenate.i13.i3.i5.i5(i3 %k_0, i5 %trunc_ln76, i5 0)" [main_5_slices.cpp:76]   --->   Operation 135 'bitconcatenate' 'tmp' <Predicate = (!icmp_ln76)> <Delay = 0.00>
ST_5 : Operation 136 [1/1] (1.67ns)   --->   "%add_ln76_7 = add i13 %zext_ln73, %tmp" [main_5_slices.cpp:76]   --->   Operation 136 'add' 'add_ln76_7' <Predicate = (!icmp_ln76)> <Delay = 1.67> <Core = "AddSub">   --->   Core 14 'AddSub' <Latency = 0> <II = 1> <Delay = 1.73> <FuncUnit> <Opcode : 'add' 'sub'> <InPorts = 2> <OutPorts = 1>
ST_5 : Operation 137 [1/1] (0.00ns)   --->   "%zext_ln76_8 = zext i13 %add_ln76_7 to i64" [main_5_slices.cpp:76]   --->   Operation 137 'zext' 'zext_ln76_8' <Predicate = (!icmp_ln76)> <Delay = 0.00>
ST_5 : Operation 138 [1/1] (0.00ns)   --->   "%ConvW3_addr = getelementptr [7168 x float]* @ConvW3, i64 0, i64 %zext_ln76_8" [main_5_slices.cpp:76]   --->   Operation 138 'getelementptr' 'ConvW3_addr' <Predicate = (!icmp_ln76)> <Delay = 0.00>
ST_5 : Operation 139 [2/2] (3.25ns)   --->   "%ConvW3_load = load float* %ConvW3_addr, align 4" [main_5_slices.cpp:76]   --->   Operation 139 'load' 'ConvW3_load' <Predicate = (!icmp_ln76)> <Delay = 3.25> <Core = "ROM_nP">   --->   Core 52 'ROM_nP' <Latency = 1> <II = 1> <Delay = 3.25> <Storage> <Opcode : 'load'> <Ports = 0> <Width = 32> <Depth = 32> <ROM>
ST_5 : Operation 140 [1/1] (0.00ns)   --->   "br label %.preheader6"   --->   Operation 140 'br' <Predicate = (icmp_ln76)> <Delay = 0.00>

State 6 <SV = 5> <Delay = 3.25>
ST_6 : Operation 141 [1/2] (3.25ns)   --->   "%X_slice3_load = load float* %X_slice3_addr, align 4" [main_5_slices.cpp:76]   --->   Operation 141 'load' 'X_slice3_load' <Predicate = true> <Delay = 3.25> <Core = "ROM_nP">   --->   Core 52 'ROM_nP' <Latency = 1> <II = 1> <Delay = 3.25> <Storage> <Opcode : 'load'> <Ports = 0> <Width = 32> <Depth = 32> <ROM>
ST_6 : Operation 142 [1/2] (3.25ns)   --->   "%ConvW3_load = load float* %ConvW3_addr, align 4" [main_5_slices.cpp:76]   --->   Operation 142 'load' 'ConvW3_load' <Predicate = true> <Delay = 3.25> <Core = "ROM_nP">   --->   Core 52 'ROM_nP' <Latency = 1> <II = 1> <Delay = 3.25> <Storage> <Opcode : 'load'> <Ports = 0> <Width = 32> <Depth = 32> <ROM>

State 7 <SV = 6> <Delay = 5.70>
ST_7 : Operation 143 [4/4] (5.70ns)   --->   "%tmp_57 = fmul float %X_slice3_load, %ConvW3_load" [main_5_slices.cpp:76]   --->   Operation 143 'fmul' 'tmp_57' <Predicate = true> <Delay = 5.70> <Core = "FMul">   --->   Core 106 'FMul' <Latency = 3> <II = 1> <Delay = 5.70> <FuncUnit> <Opcode : 'fmul'> <InPorts = 2> <OutPorts = 1>

State 8 <SV = 7> <Delay = 5.70>
ST_8 : Operation 144 [3/4] (5.70ns)   --->   "%tmp_57 = fmul float %X_slice3_load, %ConvW3_load" [main_5_slices.cpp:76]   --->   Operation 144 'fmul' 'tmp_57' <Predicate = true> <Delay = 5.70> <Core = "FMul">   --->   Core 106 'FMul' <Latency = 3> <II = 1> <Delay = 5.70> <FuncUnit> <Opcode : 'fmul'> <InPorts = 2> <OutPorts = 1>

State 9 <SV = 8> <Delay = 5.70>
ST_9 : Operation 145 [2/4] (5.70ns)   --->   "%tmp_57 = fmul float %X_slice3_load, %ConvW3_load" [main_5_slices.cpp:76]   --->   Operation 145 'fmul' 'tmp_57' <Predicate = true> <Delay = 5.70> <Core = "FMul">   --->   Core 106 'FMul' <Latency = 3> <II = 1> <Delay = 5.70> <FuncUnit> <Opcode : 'fmul'> <InPorts = 2> <OutPorts = 1>

State 10 <SV = 9> <Delay = 5.70>
ST_10 : Operation 146 [1/4] (5.70ns)   --->   "%tmp_57 = fmul float %X_slice3_load, %ConvW3_load" [main_5_slices.cpp:76]   --->   Operation 146 'fmul' 'tmp_57' <Predicate = true> <Delay = 5.70> <Core = "FMul">   --->   Core 106 'FMul' <Latency = 3> <II = 1> <Delay = 5.70> <FuncUnit> <Opcode : 'fmul'> <InPorts = 2> <OutPorts = 1>

State 11 <SV = 10> <Delay = 7.25>
ST_11 : Operation 147 [5/5] (7.25ns)   --->   "%acc = fadd float %acc_1, %tmp_57" [main_5_slices.cpp:76]   --->   Operation 147 'fadd' 'acc' <Predicate = true> <Delay = 7.25> <Core = "FAddSub">   --->   Core 105 'FAddSub' <Latency = 4> <II = 1> <Delay = 7.25> <FuncUnit> <Opcode : 'fadd' 'fsub'> <InPorts = 2> <OutPorts = 1>

State 12 <SV = 11> <Delay = 7.25>
ST_12 : Operation 148 [4/5] (7.25ns)   --->   "%acc = fadd float %acc_1, %tmp_57" [main_5_slices.cpp:76]   --->   Operation 148 'fadd' 'acc' <Predicate = true> <Delay = 7.25> <Core = "FAddSub">   --->   Core 105 'FAddSub' <Latency = 4> <II = 1> <Delay = 7.25> <FuncUnit> <Opcode : 'fadd' 'fsub'> <InPorts = 2> <OutPorts = 1>

State 13 <SV = 12> <Delay = 7.25>
ST_13 : Operation 149 [3/5] (7.25ns)   --->   "%acc = fadd float %acc_1, %tmp_57" [main_5_slices.cpp:76]   --->   Operation 149 'fadd' 'acc' <Predicate = true> <Delay = 7.25> <Core = "FAddSub">   --->   Core 105 'FAddSub' <Latency = 4> <II = 1> <Delay = 7.25> <FuncUnit> <Opcode : 'fadd' 'fsub'> <InPorts = 2> <OutPorts = 1>

State 14 <SV = 13> <Delay = 7.25>
ST_14 : Operation 150 [2/5] (7.25ns)   --->   "%acc = fadd float %acc_1, %tmp_57" [main_5_slices.cpp:76]   --->   Operation 150 'fadd' 'acc' <Predicate = true> <Delay = 7.25> <Core = "FAddSub">   --->   Core 105 'FAddSub' <Latency = 4> <II = 1> <Delay = 7.25> <FuncUnit> <Opcode : 'fadd' 'fsub'> <InPorts = 2> <OutPorts = 1>

State 15 <SV = 14> <Delay = 7.25>
ST_15 : Operation 151 [1/5] (7.25ns)   --->   "%acc = fadd float %acc_1, %tmp_57" [main_5_slices.cpp:76]   --->   Operation 151 'fadd' 'acc' <Predicate = true> <Delay = 7.25> <Core = "FAddSub">   --->   Core 105 'FAddSub' <Latency = 4> <II = 1> <Delay = 7.25> <FuncUnit> <Opcode : 'fadd' 'fsub'> <InPorts = 2> <OutPorts = 1>
ST_15 : Operation 152 [1/1] (0.00ns)   --->   "br label %2" [main_5_slices.cpp:76]   --->   Operation 152 'br' <Predicate = true> <Delay = 0.00>

State 16 <SV = 2> <Delay = 2.07>
ST_16 : Operation 153 [1/1] (0.00ns)   --->   "%t_1 = phi i9 [ %t_5, %.preheader5.loopexit ], [ 0, %.preheader5.preheader ]"   --->   Operation 153 'phi' 't_1' <Predicate = true> <Delay = 0.00>
ST_16 : Operation 154 [1/1] (0.00ns)   --->   "%empty_85 = call i32 (...)* @_ssdm_op_SpecLoopTripCount(i64 294, i64 294, i64 294)"   --->   Operation 154 'speclooptripcount' 'empty_85' <Predicate = true> <Delay = 0.00>
ST_16 : Operation 155 [1/1] (1.66ns)   --->   "%icmp_ln82 = icmp eq i9 %t_1, -218" [main_5_slices.cpp:82]   --->   Operation 155 'icmp' 'icmp_ln82' <Predicate = true> <Delay = 1.66> <Core = "Cmp">   --->   Core 25 'Cmp' <Latency = 0> <II = 1> <Delay = 1.66> <FuncUnit> <Opcode : 'icmp'> <InPorts = 2> <OutPorts = 1>
ST_16 : Operation 156 [1/1] (1.82ns)   --->   "%t_5 = add i9 %t_1, 1" [main_5_slices.cpp:82]   --->   Operation 156 'add' 't_5' <Predicate = true> <Delay = 1.82> <Core = "AddSub">   --->   Core 14 'AddSub' <Latency = 0> <II = 1> <Delay = 1.73> <FuncUnit> <Opcode : 'add' 'sub'> <InPorts = 2> <OutPorts = 1>
ST_16 : Operation 157 [1/1] (0.00ns)   --->   "br i1 %icmp_ln82, label %.preheader8.preheader, label %5" [main_5_slices.cpp:82]   --->   Operation 157 'br' <Predicate = true> <Delay = 0.00>
ST_16 : Operation 158 [1/1] (0.00ns)   --->   "%trunc_ln84 = trunc i9 %t_1 to i8" [main_5_slices.cpp:84]   --->   Operation 158 'trunc' 'trunc_ln84' <Predicate = (!icmp_ln82)> <Delay = 0.00>
ST_16 : Operation 159 [1/1] (0.00ns)   --->   "%shl_ln7 = call i16 @_ssdm_op_BitConcatenate.i16.i8.i8(i8 %trunc_ln84, i8 0)" [main_5_slices.cpp:84]   --->   Operation 159 'bitconcatenate' 'shl_ln7' <Predicate = (!icmp_ln82)> <Delay = 0.00>
ST_16 : Operation 160 [1/1] (0.00ns)   --->   "%shl_ln8 = call i14 @_ssdm_op_BitConcatenate.i14.i9.i5(i9 %t_1, i5 0)" [main_5_slices.cpp:83]   --->   Operation 160 'bitconcatenate' 'shl_ln8' <Predicate = (!icmp_ln82)> <Delay = 0.00>
ST_16 : Operation 161 [1/1] (0.00ns)   --->   "%zext_ln84 = zext i14 %shl_ln8 to i16" [main_5_slices.cpp:84]   --->   Operation 161 'zext' 'zext_ln84' <Predicate = (!icmp_ln82)> <Delay = 0.00>
ST_16 : Operation 162 [1/1] (2.07ns)   --->   "%add_ln84 = add i16 %shl_ln7, %zext_ln84" [main_5_slices.cpp:84]   --->   Operation 162 'add' 'add_ln84' <Predicate = (!icmp_ln82)> <Delay = 2.07> <Core = "AddSub">   --->   Core 14 'AddSub' <Latency = 0> <II = 1> <Delay = 1.73> <FuncUnit> <Opcode : 'add' 'sub'> <InPorts = 2> <OutPorts = 1>
ST_16 : Operation 163 [1/1] (1.76ns)   --->   "br label %6" [main_5_slices.cpp:84]   --->   Operation 163 'br' <Predicate = (!icmp_ln82)> <Delay = 1.76>
ST_16 : Operation 164 [1/1] (1.76ns)   --->   "br label %.preheader8"   --->   Operation 164 'br' <Predicate = (icmp_ln82)> <Delay = 1.76>

State 17 <SV = 3> <Delay = 3.25>
ST_17 : Operation 165 [1/1] (0.00ns)   --->   "%c_0 = phi i9 [ 0, %5 ], [ %c, %7 ]"   --->   Operation 165 'phi' 'c_0' <Predicate = true> <Delay = 0.00>
ST_17 : Operation 166 [1/1] (0.00ns)   --->   "%empty_86 = call i32 (...)* @_ssdm_op_SpecLoopTripCount(i64 288, i64 288, i64 288)"   --->   Operation 166 'speclooptripcount' 'empty_86' <Predicate = true> <Delay = 0.00>
ST_17 : Operation 167 [1/1] (1.66ns)   --->   "%icmp_ln84 = icmp eq i9 %c_0, -224" [main_5_slices.cpp:84]   --->   Operation 167 'icmp' 'icmp_ln84' <Predicate = true> <Delay = 1.66> <Core = "Cmp">   --->   Core 25 'Cmp' <Latency = 0> <II = 1> <Delay = 1.66> <FuncUnit> <Opcode : 'icmp'> <InPorts = 2> <OutPorts = 1>
ST_17 : Operation 168 [1/1] (1.82ns)   --->   "%c = add i9 %c_0, 1" [main_5_slices.cpp:84]   --->   Operation 168 'add' 'c' <Predicate = true> <Delay = 1.82> <Core = "AddSub">   --->   Core 14 'AddSub' <Latency = 0> <II = 1> <Delay = 1.73> <FuncUnit> <Opcode : 'add' 'sub'> <InPorts = 2> <OutPorts = 1>
ST_17 : Operation 169 [1/1] (0.00ns)   --->   "br i1 %icmp_ln84, label %.preheader5.loopexit, label %7" [main_5_slices.cpp:84]   --->   Operation 169 'br' <Predicate = true> <Delay = 0.00>
ST_17 : Operation 170 [1/1] (0.00ns)   --->   "%zext_ln85 = zext i9 %c_0 to i64" [main_5_slices.cpp:85]   --->   Operation 170 'zext' 'zext_ln85' <Predicate = (!icmp_ln84)> <Delay = 0.00>
ST_17 : Operation 171 [1/1] (0.00ns)   --->   "%zext_ln85_7 = zext i9 %c_0 to i16" [main_5_slices.cpp:85]   --->   Operation 171 'zext' 'zext_ln85_7' <Predicate = (!icmp_ln84)> <Delay = 0.00>
ST_17 : Operation 172 [1/1] (2.07ns)   --->   "%add_ln85 = add i16 %add_ln84, %zext_ln85_7" [main_5_slices.cpp:85]   --->   Operation 172 'add' 'add_ln85' <Predicate = (!icmp_ln84)> <Delay = 2.07> <Core = "AddSub">   --->   Core 14 'AddSub' <Latency = 0> <II = 1> <Delay = 1.73> <FuncUnit> <Opcode : 'add' 'sub'> <InPorts = 2> <OutPorts = 1>
ST_17 : Operation 173 [1/1] (0.00ns)   --->   "%zext_ln85_8 = zext i16 %add_ln85 to i64" [main_5_slices.cpp:85]   --->   Operation 173 'zext' 'zext_ln85_8' <Predicate = (!icmp_ln84)> <Delay = 0.00>
ST_17 : Operation 174 [1/1] (0.00ns)   --->   "%Y_addr12 = getelementptr [18432 x float]* %Y, i64 0, i64 %zext_ln85_8" [main_5_slices.cpp:85]   --->   Operation 174 'getelementptr' 'Y_addr12' <Predicate = (!icmp_ln84)> <Delay = 0.00>
ST_17 : Operation 175 [1/1] (0.00ns)   --->   "%BN1_var3_addr = getelementptr [32 x float]* @BN1_var3, i64 0, i64 %zext_ln85" [main_5_slices.cpp:85]   --->   Operation 175 'getelementptr' 'BN1_var3_addr' <Predicate = (!icmp_ln84)> <Delay = 0.00>
ST_17 : Operation 176 [2/2] (3.25ns)   --->   "%BN1_var3_load = load float* %BN1_var3_addr, align 4" [main_5_slices.cpp:85]   --->   Operation 176 'load' 'BN1_var3_load' <Predicate = (!icmp_ln84)> <Delay = 3.25> <Core = "ROM_nP">   --->   Core 52 'ROM_nP' <Latency = 1> <II = 1> <Delay = 3.25> <Storage> <Opcode : 'load'> <Ports = 0> <Width = 32> <Depth = 32> <ROM>
ST_17 : Operation 177 [1/1] (0.00ns)   --->   "%BN1_gamma3_addr = getelementptr [32 x float]* @BN1_gamma3, i64 0, i64 %zext_ln85" [main_5_slices.cpp:86]   --->   Operation 177 'getelementptr' 'BN1_gamma3_addr' <Predicate = (!icmp_ln84)> <Delay = 0.00>
ST_17 : Operation 178 [2/2] (3.25ns)   --->   "%BN1_gamma3_load = load float* %BN1_gamma3_addr, align 4" [main_5_slices.cpp:86]   --->   Operation 178 'load' 'BN1_gamma3_load' <Predicate = (!icmp_ln84)> <Delay = 3.25> <Core = "ROM_nP">   --->   Core 52 'ROM_nP' <Latency = 1> <II = 1> <Delay = 3.25> <Storage> <Opcode : 'load'> <Ports = 0> <Width = 32> <Depth = 32> <ROM>
ST_17 : Operation 179 [1/1] (0.00ns)   --->   "br label %.preheader5"   --->   Operation 179 'br' <Predicate = (icmp_ln84)> <Delay = 0.00>

State 18 <SV = 4> <Delay = 3.25>
ST_18 : Operation 180 [1/2] (3.25ns)   --->   "%BN1_var3_load = load float* %BN1_var3_addr, align 4" [main_5_slices.cpp:85]   --->   Operation 180 'load' 'BN1_var3_load' <Predicate = true> <Delay = 3.25> <Core = "ROM_nP">   --->   Core 52 'ROM_nP' <Latency = 1> <II = 1> <Delay = 3.25> <Storage> <Opcode : 'load'> <Ports = 0> <Width = 32> <Depth = 32> <ROM>
ST_18 : Operation 181 [1/2] (3.25ns)   --->   "%BN1_gamma3_load = load float* %BN1_gamma3_addr, align 4" [main_5_slices.cpp:86]   --->   Operation 181 'load' 'BN1_gamma3_load' <Predicate = true> <Delay = 3.25> <Core = "ROM_nP">   --->   Core 52 'ROM_nP' <Latency = 1> <II = 1> <Delay = 3.25> <Storage> <Opcode : 'load'> <Ports = 0> <Width = 32> <Depth = 32> <ROM>

State 19 <SV = 5> <Delay = 7.25>
ST_19 : Operation 182 [5/5] (7.25ns)   --->   "%tmp_s = fadd float %BN1_var3_load, 0x3F50624DE0000000" [main_5_slices.cpp:85]   --->   Operation 182 'fadd' 'tmp_s' <Predicate = true> <Delay = 7.25> <Core = "FAddSub">   --->   Core 105 'FAddSub' <Latency = 4> <II = 1> <Delay = 7.25> <FuncUnit> <Opcode : 'fadd' 'fsub'> <InPorts = 2> <OutPorts = 1>

State 20 <SV = 6> <Delay = 7.25>
ST_20 : Operation 183 [4/5] (7.25ns)   --->   "%tmp_s = fadd float %BN1_var3_load, 0x3F50624DE0000000" [main_5_slices.cpp:85]   --->   Operation 183 'fadd' 'tmp_s' <Predicate = true> <Delay = 7.25> <Core = "FAddSub">   --->   Core 105 'FAddSub' <Latency = 4> <II = 1> <Delay = 7.25> <FuncUnit> <Opcode : 'fadd' 'fsub'> <InPorts = 2> <OutPorts = 1>

State 21 <SV = 7> <Delay = 7.25>
ST_21 : Operation 184 [3/5] (7.25ns)   --->   "%tmp_s = fadd float %BN1_var3_load, 0x3F50624DE0000000" [main_5_slices.cpp:85]   --->   Operation 184 'fadd' 'tmp_s' <Predicate = true> <Delay = 7.25> <Core = "FAddSub">   --->   Core 105 'FAddSub' <Latency = 4> <II = 1> <Delay = 7.25> <FuncUnit> <Opcode : 'fadd' 'fsub'> <InPorts = 2> <OutPorts = 1>

State 22 <SV = 8> <Delay = 7.25>
ST_22 : Operation 185 [2/5] (7.25ns)   --->   "%tmp_s = fadd float %BN1_var3_load, 0x3F50624DE0000000" [main_5_slices.cpp:85]   --->   Operation 185 'fadd' 'tmp_s' <Predicate = true> <Delay = 7.25> <Core = "FAddSub">   --->   Core 105 'FAddSub' <Latency = 4> <II = 1> <Delay = 7.25> <FuncUnit> <Opcode : 'fadd' 'fsub'> <InPorts = 2> <OutPorts = 1>

State 23 <SV = 9> <Delay = 7.25>
ST_23 : Operation 186 [1/5] (7.25ns)   --->   "%tmp_s = fadd float %BN1_var3_load, 0x3F50624DE0000000" [main_5_slices.cpp:85]   --->   Operation 186 'fadd' 'tmp_s' <Predicate = true> <Delay = 7.25> <Core = "FAddSub">   --->   Core 105 'FAddSub' <Latency = 4> <II = 1> <Delay = 7.25> <FuncUnit> <Opcode : 'fadd' 'fsub'> <InPorts = 2> <OutPorts = 1>

State 24 <SV = 10> <Delay = 8.12>
ST_24 : Operation 187 [12/12] (8.12ns)   --->   "%tmp_55 = call float @llvm.sqrt.f32(float %tmp_s)" [main_5_slices.cpp:85]   --->   Operation 187 'fsqrt' 'tmp_55' <Predicate = true> <Delay = 8.12> <Core = "FSqrt">   --->   Core 108 'FSqrt' <Latency = 11> <II = 1> <Delay = 8.12> <FuncUnit> <Opcode : 'fsqrt'> <InPorts = 1> <OutPorts = 1>

State 25 <SV = 11> <Delay = 8.12>
ST_25 : Operation 188 [11/12] (8.12ns)   --->   "%tmp_55 = call float @llvm.sqrt.f32(float %tmp_s)" [main_5_slices.cpp:85]   --->   Operation 188 'fsqrt' 'tmp_55' <Predicate = true> <Delay = 8.12> <Core = "FSqrt">   --->   Core 108 'FSqrt' <Latency = 11> <II = 1> <Delay = 8.12> <FuncUnit> <Opcode : 'fsqrt'> <InPorts = 1> <OutPorts = 1>

State 26 <SV = 12> <Delay = 8.12>
ST_26 : Operation 189 [10/12] (8.12ns)   --->   "%tmp_55 = call float @llvm.sqrt.f32(float %tmp_s)" [main_5_slices.cpp:85]   --->   Operation 189 'fsqrt' 'tmp_55' <Predicate = true> <Delay = 8.12> <Core = "FSqrt">   --->   Core 108 'FSqrt' <Latency = 11> <II = 1> <Delay = 8.12> <FuncUnit> <Opcode : 'fsqrt'> <InPorts = 1> <OutPorts = 1>

State 27 <SV = 13> <Delay = 8.12>
ST_27 : Operation 190 [9/12] (8.12ns)   --->   "%tmp_55 = call float @llvm.sqrt.f32(float %tmp_s)" [main_5_slices.cpp:85]   --->   Operation 190 'fsqrt' 'tmp_55' <Predicate = true> <Delay = 8.12> <Core = "FSqrt">   --->   Core 108 'FSqrt' <Latency = 11> <II = 1> <Delay = 8.12> <FuncUnit> <Opcode : 'fsqrt'> <InPorts = 1> <OutPorts = 1>

State 28 <SV = 14> <Delay = 8.12>
ST_28 : Operation 191 [8/12] (8.12ns)   --->   "%tmp_55 = call float @llvm.sqrt.f32(float %tmp_s)" [main_5_slices.cpp:85]   --->   Operation 191 'fsqrt' 'tmp_55' <Predicate = true> <Delay = 8.12> <Core = "FSqrt">   --->   Core 108 'FSqrt' <Latency = 11> <II = 1> <Delay = 8.12> <FuncUnit> <Opcode : 'fsqrt'> <InPorts = 1> <OutPorts = 1>

State 29 <SV = 15> <Delay = 8.12>
ST_29 : Operation 192 [7/12] (8.12ns)   --->   "%tmp_55 = call float @llvm.sqrt.f32(float %tmp_s)" [main_5_slices.cpp:85]   --->   Operation 192 'fsqrt' 'tmp_55' <Predicate = true> <Delay = 8.12> <Core = "FSqrt">   --->   Core 108 'FSqrt' <Latency = 11> <II = 1> <Delay = 8.12> <FuncUnit> <Opcode : 'fsqrt'> <InPorts = 1> <OutPorts = 1>

State 30 <SV = 16> <Delay = 8.12>
ST_30 : Operation 193 [6/12] (8.12ns)   --->   "%tmp_55 = call float @llvm.sqrt.f32(float %tmp_s)" [main_5_slices.cpp:85]   --->   Operation 193 'fsqrt' 'tmp_55' <Predicate = true> <Delay = 8.12> <Core = "FSqrt">   --->   Core 108 'FSqrt' <Latency = 11> <II = 1> <Delay = 8.12> <FuncUnit> <Opcode : 'fsqrt'> <InPorts = 1> <OutPorts = 1>

State 31 <SV = 17> <Delay = 8.12>
ST_31 : Operation 194 [5/12] (8.12ns)   --->   "%tmp_55 = call float @llvm.sqrt.f32(float %tmp_s)" [main_5_slices.cpp:85]   --->   Operation 194 'fsqrt' 'tmp_55' <Predicate = true> <Delay = 8.12> <Core = "FSqrt">   --->   Core 108 'FSqrt' <Latency = 11> <II = 1> <Delay = 8.12> <FuncUnit> <Opcode : 'fsqrt'> <InPorts = 1> <OutPorts = 1>

State 32 <SV = 18> <Delay = 8.12>
ST_32 : Operation 195 [4/12] (8.12ns)   --->   "%tmp_55 = call float @llvm.sqrt.f32(float %tmp_s)" [main_5_slices.cpp:85]   --->   Operation 195 'fsqrt' 'tmp_55' <Predicate = true> <Delay = 8.12> <Core = "FSqrt">   --->   Core 108 'FSqrt' <Latency = 11> <II = 1> <Delay = 8.12> <FuncUnit> <Opcode : 'fsqrt'> <InPorts = 1> <OutPorts = 1>

State 33 <SV = 19> <Delay = 8.12>
ST_33 : Operation 196 [3/12] (8.12ns)   --->   "%tmp_55 = call float @llvm.sqrt.f32(float %tmp_s)" [main_5_slices.cpp:85]   --->   Operation 196 'fsqrt' 'tmp_55' <Predicate = true> <Delay = 8.12> <Core = "FSqrt">   --->   Core 108 'FSqrt' <Latency = 11> <II = 1> <Delay = 8.12> <FuncUnit> <Opcode : 'fsqrt'> <InPorts = 1> <OutPorts = 1>

State 34 <SV = 20> <Delay = 8.12>
ST_34 : Operation 197 [2/2] (3.25ns)   --->   "%Y_load = load float* %Y_addr12, align 4" [main_5_slices.cpp:85]   --->   Operation 197 'load' 'Y_load' <Predicate = true> <Delay = 3.25> <Core = "RAM">   --->   Core 37 'RAM' <Latency = 1> <II = 1> <Delay = 3.25> <Storage> <Opcode : 'load' 'store'> <Ports = 2> <Width = 32> <Depth = 128> <RAM>
ST_34 : Operation 198 [2/12] (8.12ns)   --->   "%tmp_55 = call float @llvm.sqrt.f32(float %tmp_s)" [main_5_slices.cpp:85]   --->   Operation 198 'fsqrt' 'tmp_55' <Predicate = true> <Delay = 8.12> <Core = "FSqrt">   --->   Core 108 'FSqrt' <Latency = 11> <II = 1> <Delay = 8.12> <FuncUnit> <Opcode : 'fsqrt'> <InPorts = 1> <OutPorts = 1>

State 35 <SV = 21> <Delay = 8.12>
ST_35 : Operation 199 [1/2] (3.25ns)   --->   "%Y_load = load float* %Y_addr12, align 4" [main_5_slices.cpp:85]   --->   Operation 199 'load' 'Y_load' <Predicate = true> <Delay = 3.25> <Core = "RAM">   --->   Core 37 'RAM' <Latency = 1> <II = 1> <Delay = 3.25> <Storage> <Opcode : 'load' 'store'> <Ports = 2> <Width = 32> <Depth = 128> <RAM>
ST_35 : Operation 200 [1/12] (8.12ns)   --->   "%tmp_55 = call float @llvm.sqrt.f32(float %tmp_s)" [main_5_slices.cpp:85]   --->   Operation 200 'fsqrt' 'tmp_55' <Predicate = true> <Delay = 8.12> <Core = "FSqrt">   --->   Core 108 'FSqrt' <Latency = 11> <II = 1> <Delay = 8.12> <FuncUnit> <Opcode : 'fsqrt'> <InPorts = 1> <OutPorts = 1>

State 36 <SV = 22> <Delay = 6.07>
ST_36 : Operation 201 [16/16] (6.07ns)   --->   "%nrm = fdiv float %Y_load, %tmp_55" [main_5_slices.cpp:85]   --->   Operation 201 'fdiv' 'nrm' <Predicate = true> <Delay = 6.07> <Core = "FDiv">   --->   Core 107 'FDiv' <Latency = 15> <II = 1> <Delay = 6.07> <FuncUnit> <Opcode : 'fdiv' 'frem'> <InPorts = 2> <OutPorts = 1>

State 37 <SV = 23> <Delay = 6.07>
ST_37 : Operation 202 [15/16] (6.07ns)   --->   "%nrm = fdiv float %Y_load, %tmp_55" [main_5_slices.cpp:85]   --->   Operation 202 'fdiv' 'nrm' <Predicate = true> <Delay = 6.07> <Core = "FDiv">   --->   Core 107 'FDiv' <Latency = 15> <II = 1> <Delay = 6.07> <FuncUnit> <Opcode : 'fdiv' 'frem'> <InPorts = 2> <OutPorts = 1>

State 38 <SV = 24> <Delay = 6.07>
ST_38 : Operation 203 [14/16] (6.07ns)   --->   "%nrm = fdiv float %Y_load, %tmp_55" [main_5_slices.cpp:85]   --->   Operation 203 'fdiv' 'nrm' <Predicate = true> <Delay = 6.07> <Core = "FDiv">   --->   Core 107 'FDiv' <Latency = 15> <II = 1> <Delay = 6.07> <FuncUnit> <Opcode : 'fdiv' 'frem'> <InPorts = 2> <OutPorts = 1>

State 39 <SV = 25> <Delay = 6.07>
ST_39 : Operation 204 [13/16] (6.07ns)   --->   "%nrm = fdiv float %Y_load, %tmp_55" [main_5_slices.cpp:85]   --->   Operation 204 'fdiv' 'nrm' <Predicate = true> <Delay = 6.07> <Core = "FDiv">   --->   Core 107 'FDiv' <Latency = 15> <II = 1> <Delay = 6.07> <FuncUnit> <Opcode : 'fdiv' 'frem'> <InPorts = 2> <OutPorts = 1>

State 40 <SV = 26> <Delay = 6.07>
ST_40 : Operation 205 [12/16] (6.07ns)   --->   "%nrm = fdiv float %Y_load, %tmp_55" [main_5_slices.cpp:85]   --->   Operation 205 'fdiv' 'nrm' <Predicate = true> <Delay = 6.07> <Core = "FDiv">   --->   Core 107 'FDiv' <Latency = 15> <II = 1> <Delay = 6.07> <FuncUnit> <Opcode : 'fdiv' 'frem'> <InPorts = 2> <OutPorts = 1>

State 41 <SV = 27> <Delay = 6.07>
ST_41 : Operation 206 [11/16] (6.07ns)   --->   "%nrm = fdiv float %Y_load, %tmp_55" [main_5_slices.cpp:85]   --->   Operation 206 'fdiv' 'nrm' <Predicate = true> <Delay = 6.07> <Core = "FDiv">   --->   Core 107 'FDiv' <Latency = 15> <II = 1> <Delay = 6.07> <FuncUnit> <Opcode : 'fdiv' 'frem'> <InPorts = 2> <OutPorts = 1>

State 42 <SV = 28> <Delay = 6.07>
ST_42 : Operation 207 [10/16] (6.07ns)   --->   "%nrm = fdiv float %Y_load, %tmp_55" [main_5_slices.cpp:85]   --->   Operation 207 'fdiv' 'nrm' <Predicate = true> <Delay = 6.07> <Core = "FDiv">   --->   Core 107 'FDiv' <Latency = 15> <II = 1> <Delay = 6.07> <FuncUnit> <Opcode : 'fdiv' 'frem'> <InPorts = 2> <OutPorts = 1>

State 43 <SV = 29> <Delay = 6.07>
ST_43 : Operation 208 [9/16] (6.07ns)   --->   "%nrm = fdiv float %Y_load, %tmp_55" [main_5_slices.cpp:85]   --->   Operation 208 'fdiv' 'nrm' <Predicate = true> <Delay = 6.07> <Core = "FDiv">   --->   Core 107 'FDiv' <Latency = 15> <II = 1> <Delay = 6.07> <FuncUnit> <Opcode : 'fdiv' 'frem'> <InPorts = 2> <OutPorts = 1>

State 44 <SV = 30> <Delay = 6.07>
ST_44 : Operation 209 [8/16] (6.07ns)   --->   "%nrm = fdiv float %Y_load, %tmp_55" [main_5_slices.cpp:85]   --->   Operation 209 'fdiv' 'nrm' <Predicate = true> <Delay = 6.07> <Core = "FDiv">   --->   Core 107 'FDiv' <Latency = 15> <II = 1> <Delay = 6.07> <FuncUnit> <Opcode : 'fdiv' 'frem'> <InPorts = 2> <OutPorts = 1>

State 45 <SV = 31> <Delay = 6.07>
ST_45 : Operation 210 [7/16] (6.07ns)   --->   "%nrm = fdiv float %Y_load, %tmp_55" [main_5_slices.cpp:85]   --->   Operation 210 'fdiv' 'nrm' <Predicate = true> <Delay = 6.07> <Core = "FDiv">   --->   Core 107 'FDiv' <Latency = 15> <II = 1> <Delay = 6.07> <FuncUnit> <Opcode : 'fdiv' 'frem'> <InPorts = 2> <OutPorts = 1>

State 46 <SV = 32> <Delay = 6.07>
ST_46 : Operation 211 [6/16] (6.07ns)   --->   "%nrm = fdiv float %Y_load, %tmp_55" [main_5_slices.cpp:85]   --->   Operation 211 'fdiv' 'nrm' <Predicate = true> <Delay = 6.07> <Core = "FDiv">   --->   Core 107 'FDiv' <Latency = 15> <II = 1> <Delay = 6.07> <FuncUnit> <Opcode : 'fdiv' 'frem'> <InPorts = 2> <OutPorts = 1>

State 47 <SV = 33> <Delay = 6.07>
ST_47 : Operation 212 [5/16] (6.07ns)   --->   "%nrm = fdiv float %Y_load, %tmp_55" [main_5_slices.cpp:85]   --->   Operation 212 'fdiv' 'nrm' <Predicate = true> <Delay = 6.07> <Core = "FDiv">   --->   Core 107 'FDiv' <Latency = 15> <II = 1> <Delay = 6.07> <FuncUnit> <Opcode : 'fdiv' 'frem'> <InPorts = 2> <OutPorts = 1>

State 48 <SV = 34> <Delay = 6.07>
ST_48 : Operation 213 [4/16] (6.07ns)   --->   "%nrm = fdiv float %Y_load, %tmp_55" [main_5_slices.cpp:85]   --->   Operation 213 'fdiv' 'nrm' <Predicate = true> <Delay = 6.07> <Core = "FDiv">   --->   Core 107 'FDiv' <Latency = 15> <II = 1> <Delay = 6.07> <FuncUnit> <Opcode : 'fdiv' 'frem'> <InPorts = 2> <OutPorts = 1>

State 49 <SV = 35> <Delay = 6.07>
ST_49 : Operation 214 [3/16] (6.07ns)   --->   "%nrm = fdiv float %Y_load, %tmp_55" [main_5_slices.cpp:85]   --->   Operation 214 'fdiv' 'nrm' <Predicate = true> <Delay = 6.07> <Core = "FDiv">   --->   Core 107 'FDiv' <Latency = 15> <II = 1> <Delay = 6.07> <FuncUnit> <Opcode : 'fdiv' 'frem'> <InPorts = 2> <OutPorts = 1>

State 50 <SV = 36> <Delay = 6.07>
ST_50 : Operation 215 [2/16] (6.07ns)   --->   "%nrm = fdiv float %Y_load, %tmp_55" [main_5_slices.cpp:85]   --->   Operation 215 'fdiv' 'nrm' <Predicate = true> <Delay = 6.07> <Core = "FDiv">   --->   Core 107 'FDiv' <Latency = 15> <II = 1> <Delay = 6.07> <FuncUnit> <Opcode : 'fdiv' 'frem'> <InPorts = 2> <OutPorts = 1>

State 51 <SV = 37> <Delay = 6.07>
ST_51 : Operation 216 [1/16] (6.07ns)   --->   "%nrm = fdiv float %Y_load, %tmp_55" [main_5_slices.cpp:85]   --->   Operation 216 'fdiv' 'nrm' <Predicate = true> <Delay = 6.07> <Core = "FDiv">   --->   Core 107 'FDiv' <Latency = 15> <II = 1> <Delay = 6.07> <FuncUnit> <Opcode : 'fdiv' 'frem'> <InPorts = 2> <OutPorts = 1>

State 52 <SV = 38> <Delay = 5.70>
ST_52 : Operation 217 [4/4] (5.70ns)   --->   "%tmp_56 = fmul float %BN1_gamma3_load, %nrm" [main_5_slices.cpp:86]   --->   Operation 217 'fmul' 'tmp_56' <Predicate = true> <Delay = 5.70> <Core = "FMul">   --->   Core 106 'FMul' <Latency = 3> <II = 1> <Delay = 5.70> <FuncUnit> <Opcode : 'fmul'> <InPorts = 2> <OutPorts = 1>

State 53 <SV = 39> <Delay = 5.70>
ST_53 : Operation 218 [3/4] (5.70ns)   --->   "%tmp_56 = fmul float %BN1_gamma3_load, %nrm" [main_5_slices.cpp:86]   --->   Operation 218 'fmul' 'tmp_56' <Predicate = true> <Delay = 5.70> <Core = "FMul">   --->   Core 106 'FMul' <Latency = 3> <II = 1> <Delay = 5.70> <FuncUnit> <Opcode : 'fmul'> <InPorts = 2> <OutPorts = 1>

State 54 <SV = 40> <Delay = 5.70>
ST_54 : Operation 219 [2/4] (5.70ns)   --->   "%tmp_56 = fmul float %BN1_gamma3_load, %nrm" [main_5_slices.cpp:86]   --->   Operation 219 'fmul' 'tmp_56' <Predicate = true> <Delay = 5.70> <Core = "FMul">   --->   Core 106 'FMul' <Latency = 3> <II = 1> <Delay = 5.70> <FuncUnit> <Opcode : 'fmul'> <InPorts = 2> <OutPorts = 1>

State 55 <SV = 41> <Delay = 5.70>
ST_55 : Operation 220 [1/4] (5.70ns)   --->   "%tmp_56 = fmul float %BN1_gamma3_load, %nrm" [main_5_slices.cpp:86]   --->   Operation 220 'fmul' 'tmp_56' <Predicate = true> <Delay = 5.70> <Core = "FMul">   --->   Core 106 'FMul' <Latency = 3> <II = 1> <Delay = 5.70> <FuncUnit> <Opcode : 'fmul'> <InPorts = 2> <OutPorts = 1>

State 56 <SV = 42> <Delay = 7.25>
ST_56 : Operation 221 [5/5] (7.25ns)   --->   "%x = fadd float %tmp_56, 0.000000e+00" [main_5_slices.cpp:86]   --->   Operation 221 'fadd' 'x' <Predicate = true> <Delay = 7.25> <Core = "FAddSub">   --->   Core 105 'FAddSub' <Latency = 4> <II = 1> <Delay = 7.25> <FuncUnit> <Opcode : 'fadd' 'fsub'> <InPorts = 2> <OutPorts = 1>

State 57 <SV = 43> <Delay = 7.25>
ST_57 : Operation 222 [4/5] (7.25ns)   --->   "%x = fadd float %tmp_56, 0.000000e+00" [main_5_slices.cpp:86]   --->   Operation 222 'fadd' 'x' <Predicate = true> <Delay = 7.25> <Core = "FAddSub">   --->   Core 105 'FAddSub' <Latency = 4> <II = 1> <Delay = 7.25> <FuncUnit> <Opcode : 'fadd' 'fsub'> <InPorts = 2> <OutPorts = 1>

State 58 <SV = 44> <Delay = 7.25>
ST_58 : Operation 223 [3/5] (7.25ns)   --->   "%x = fadd float %tmp_56, 0.000000e+00" [main_5_slices.cpp:86]   --->   Operation 223 'fadd' 'x' <Predicate = true> <Delay = 7.25> <Core = "FAddSub">   --->   Core 105 'FAddSub' <Latency = 4> <II = 1> <Delay = 7.25> <FuncUnit> <Opcode : 'fadd' 'fsub'> <InPorts = 2> <OutPorts = 1>

State 59 <SV = 45> <Delay = 7.25>
ST_59 : Operation 224 [2/5] (7.25ns)   --->   "%x = fadd float %tmp_56, 0.000000e+00" [main_5_slices.cpp:86]   --->   Operation 224 'fadd' 'x' <Predicate = true> <Delay = 7.25> <Core = "FAddSub">   --->   Core 105 'FAddSub' <Latency = 4> <II = 1> <Delay = 7.25> <FuncUnit> <Opcode : 'fadd' 'fsub'> <InPorts = 2> <OutPorts = 1>

State 60 <SV = 46> <Delay = 7.25>
ST_60 : Operation 225 [1/5] (7.25ns)   --->   "%x = fadd float %tmp_56, 0.000000e+00" [main_5_slices.cpp:86]   --->   Operation 225 'fadd' 'x' <Predicate = true> <Delay = 7.25> <Core = "FAddSub">   --->   Core 105 'FAddSub' <Latency = 4> <II = 1> <Delay = 7.25> <FuncUnit> <Opcode : 'fadd' 'fsub'> <InPorts = 2> <OutPorts = 1>

State 61 <SV = 47> <Delay = 5.43>
ST_61 : Operation 226 [2/2] (5.43ns)   --->   "%tmp_15 = fcmp ogt float %x, 0.000000e+00" [main_5_slices.cpp:43->main_5_slices.cpp:88]   --->   Operation 226 'fcmp' 'tmp_15' <Predicate = true> <Delay = 5.43> <Core = "FCmp">   --->   Core 111 'FCmp' <Latency = 1> <II = 1> <Delay = 5.43> <FuncUnit> <Opcode : 'fcmp'> <InPorts = 2> <OutPorts = 1>

State 62 <SV = 48> <Delay = 5.43>
ST_62 : Operation 227 [1/2] (5.43ns)   --->   "%tmp_15 = fcmp ogt float %x, 0.000000e+00" [main_5_slices.cpp:43->main_5_slices.cpp:88]   --->   Operation 227 'fcmp' 'tmp_15' <Predicate = true> <Delay = 5.43> <Core = "FCmp">   --->   Core 111 'FCmp' <Latency = 1> <II = 1> <Delay = 5.43> <FuncUnit> <Opcode : 'fcmp'> <InPorts = 2> <OutPorts = 1>

State 63 <SV = 49> <Delay = 6.68>
ST_63 : Operation 228 [1/1] (0.00ns)   --->   "%bitcast_ln43 = bitcast float %x to i32" [main_5_slices.cpp:43->main_5_slices.cpp:88]   --->   Operation 228 'bitcast' 'bitcast_ln43' <Predicate = true> <Delay = 0.00>
ST_63 : Operation 229 [1/1] (0.00ns)   --->   "%tmp_14 = call i8 @_ssdm_op_PartSelect.i8.i32.i32.i32(i32 %bitcast_ln43, i32 23, i32 30)" [main_5_slices.cpp:43->main_5_slices.cpp:88]   --->   Operation 229 'partselect' 'tmp_14' <Predicate = true> <Delay = 0.00>
ST_63 : Operation 230 [1/1] (0.00ns)   --->   "%trunc_ln43 = trunc i32 %bitcast_ln43 to i23" [main_5_slices.cpp:43->main_5_slices.cpp:88]   --->   Operation 230 'trunc' 'trunc_ln43' <Predicate = true> <Delay = 0.00>
ST_63 : Operation 231 [1/1] (1.55ns)   --->   "%icmp_ln43 = icmp ne i8 %tmp_14, -1" [main_5_slices.cpp:43->main_5_slices.cpp:88]   --->   Operation 231 'icmp' 'icmp_ln43' <Predicate = true> <Delay = 1.55> <Core = "Cmp">   --->   Core 25 'Cmp' <Latency = 0> <II = 1> <Delay = 1.66> <FuncUnit> <Opcode : 'icmp'> <InPorts = 2> <OutPorts = 1>
ST_63 : Operation 232 [1/1] (2.44ns)   --->   "%icmp_ln43_7 = icmp eq i23 %trunc_ln43, 0" [main_5_slices.cpp:43->main_5_slices.cpp:88]   --->   Operation 232 'icmp' 'icmp_ln43_7' <Predicate = true> <Delay = 2.44> <Core = "Cmp">   --->   Core 25 'Cmp' <Latency = 0> <II = 1> <Delay = 1.66> <FuncUnit> <Opcode : 'icmp'> <InPorts = 2> <OutPorts = 1>
ST_63 : Operation 233 [1/1] (0.00ns) (grouped into LUT with out node select_ln43)   --->   "%or_ln43 = or i1 %icmp_ln43_7, %icmp_ln43" [main_5_slices.cpp:43->main_5_slices.cpp:88]   --->   Operation 233 'or' 'or_ln43' <Predicate = true> <Delay = 0.00> <Core = "LogicGate">   --->   Core 27 'LogicGate' <Latency = 0> <II = 1> <Delay = 0.97> <FuncUnit> <Opcode : 'and' 'or' 'xor'> <InPorts = 2> <OutPorts = 1>
ST_63 : Operation 234 [1/1] (0.00ns) (grouped into LUT with out node select_ln43)   --->   "%and_ln43 = and i1 %or_ln43, %tmp_15" [main_5_slices.cpp:43->main_5_slices.cpp:88]   --->   Operation 234 'and' 'and_ln43' <Predicate = true> <Delay = 0.00> <Core = "LogicGate">   --->   Core 27 'LogicGate' <Latency = 0> <II = 1> <Delay = 0.97> <FuncUnit> <Opcode : 'and' 'or' 'xor'> <InPorts = 2> <OutPorts = 1>
ST_63 : Operation 235 [1/1] (0.97ns) (out node of the LUT)   --->   "%select_ln43 = select i1 %and_ln43, float %x, float 0.000000e+00" [main_5_slices.cpp:43->main_5_slices.cpp:88]   --->   Operation 235 'select' 'select_ln43' <Predicate = true> <Delay = 0.97> <Core = "Sel">   --->   Core 26 'Sel' <Latency = 0> <II = 1> <Delay = 0.69> <FuncUnit> <Opcode : 'select'> <InPorts = 3> <OutPorts = 1>
ST_63 : Operation 236 [1/1] (3.25ns)   --->   "store float %select_ln43, float* %Y_addr12, align 4" [main_5_slices.cpp:88]   --->   Operation 236 'store' <Predicate = true> <Delay = 3.25> <Core = "RAM">   --->   Core 37 'RAM' <Latency = 1> <II = 1> <Delay = 3.25> <Storage> <Opcode : 'load' 'store'> <Ports = 2> <Width = 32> <Depth = 128> <RAM>
ST_63 : Operation 237 [1/1] (0.00ns)   --->   "br label %6" [main_5_slices.cpp:84]   --->   Operation 237 'br' <Predicate = true> <Delay = 0.00>

State 64 <SV = 3> <Delay = 1.82>
ST_64 : Operation 238 [1/1] (0.00ns)   --->   "%u_0 = phi i4 [ %u, %.preheader8.loopexit ], [ 0, %.preheader8.preheader ]"   --->   Operation 238 'phi' 'u_0' <Predicate = true> <Delay = 0.00>
ST_64 : Operation 239 [1/1] (0.00ns)   --->   "%empty_87 = call i32 (...)* @_ssdm_op_SpecLoopTripCount(i64 12, i64 12, i64 12)"   --->   Operation 239 'speclooptripcount' 'empty_87' <Predicate = true> <Delay = 0.00>
ST_64 : Operation 240 [1/1] (1.30ns)   --->   "%icmp_ln101 = icmp eq i4 %u_0, -4" [main_5_slices.cpp:101]   --->   Operation 240 'icmp' 'icmp_ln101' <Predicate = true> <Delay = 1.30> <Core = "Cmp">   --->   Core 25 'Cmp' <Latency = 0> <II = 1> <Delay = 1.66> <FuncUnit> <Opcode : 'icmp'> <InPorts = 2> <OutPorts = 1>
ST_64 : Operation 241 [1/1] (1.73ns)   --->   "%u = add i4 %u_0, 1" [main_5_slices.cpp:101]   --->   Operation 241 'add' 'u' <Predicate = true> <Delay = 1.73> <Core = "AddSub">   --->   Core 14 'AddSub' <Latency = 0> <II = 1> <Delay = 1.73> <FuncUnit> <Opcode : 'add' 'sub'> <InPorts = 2> <OutPorts = 1>
ST_64 : Operation 242 [1/1] (0.00ns)   --->   "br i1 %icmp_ln101, label %10, label %.preheader4.preheader" [main_5_slices.cpp:101]   --->   Operation 242 'br' <Predicate = true> <Delay = 0.00>
ST_64 : Operation 243 [1/1] (0.00ns)   --->   "%shl_ln9 = call i9 @_ssdm_op_BitConcatenate.i9.i4.i5(i4 %u_0, i5 0)" [main_5_slices.cpp:104]   --->   Operation 243 'bitconcatenate' 'shl_ln9' <Predicate = (!icmp_ln101)> <Delay = 0.00>
ST_64 : Operation 244 [1/1] (0.00ns)   --->   "%zext_ln104_6 = zext i9 %shl_ln9 to i10" [main_5_slices.cpp:104]   --->   Operation 244 'zext' 'zext_ln104_6' <Predicate = (!icmp_ln101)> <Delay = 0.00>
ST_64 : Operation 245 [1/1] (0.00ns)   --->   "%shl_ln104_9 = call i7 @_ssdm_op_BitConcatenate.i7.i4.i3(i4 %u_0, i3 0)" [main_5_slices.cpp:104]   --->   Operation 245 'bitconcatenate' 'shl_ln104_9' <Predicate = (!icmp_ln101)> <Delay = 0.00>
ST_64 : Operation 246 [1/1] (0.00ns)   --->   "%zext_ln104_7 = zext i7 %shl_ln104_9 to i10" [main_5_slices.cpp:104]   --->   Operation 246 'zext' 'zext_ln104_7' <Predicate = (!icmp_ln101)> <Delay = 0.00>
ST_64 : Operation 247 [1/1] (1.82ns)   --->   "%sub_ln104 = sub i10 %zext_ln104_6, %zext_ln104_7" [main_5_slices.cpp:104]   --->   Operation 247 'sub' 'sub_ln104' <Predicate = (!icmp_ln101)> <Delay = 1.82> <Core = "AddSub">   --->   Core 14 'AddSub' <Latency = 0> <II = 1> <Delay = 1.73> <FuncUnit> <Opcode : 'add' 'sub'> <InPorts = 2> <OutPorts = 1>
ST_64 : Operation 248 [1/1] (0.00ns)   --->   "%shl_ln10 = call i12 @_ssdm_op_BitConcatenate.i12.i4.i8(i4 %u_0, i8 0)" [main_5_slices.cpp:105]   --->   Operation 248 'bitconcatenate' 'shl_ln10' <Predicate = (!icmp_ln101)> <Delay = 0.00>
ST_64 : Operation 249 [1/1] (1.76ns)   --->   "br label %.preheader4" [main_5_slices.cpp:102]   --->   Operation 249 'br' <Predicate = (!icmp_ln101)> <Delay = 1.76>
ST_64 : Operation 250 [1/1] (0.00ns)   --->   "ret void" [main_5_slices.cpp:108]   --->   Operation 250 'ret' <Predicate = (icmp_ln101)> <Delay = 0.00>

State 65 <SV = 4> <Delay = 1.82>
ST_65 : Operation 251 [1/1] (0.00ns)   --->   "%c_1 = phi i9 [ %c_9, %9 ], [ 0, %.preheader4.preheader ]"   --->   Operation 251 'phi' 'c_1' <Predicate = true> <Delay = 0.00>
ST_65 : Operation 252 [1/1] (0.00ns)   --->   "%c_1_cast4 = zext i9 %c_1 to i10" [main_5_slices.cpp:102]   --->   Operation 252 'zext' 'c_1_cast4' <Predicate = true> <Delay = 0.00>
ST_65 : Operation 253 [1/1] (0.00ns)   --->   "%c_1_cast = zext i9 %c_1 to i15" [main_5_slices.cpp:102]   --->   Operation 253 'zext' 'c_1_cast' <Predicate = true> <Delay = 0.00>
ST_65 : Operation 254 [1/1] (0.00ns)   --->   "%empty_88 = call i32 (...)* @_ssdm_op_SpecLoopTripCount(i64 288, i64 288, i64 288)"   --->   Operation 254 'speclooptripcount' 'empty_88' <Predicate = true> <Delay = 0.00>
ST_65 : Operation 255 [1/1] (1.66ns)   --->   "%icmp_ln102 = icmp eq i9 %c_1, -224" [main_5_slices.cpp:102]   --->   Operation 255 'icmp' 'icmp_ln102' <Predicate = true> <Delay = 1.66> <Core = "Cmp">   --->   Core 25 'Cmp' <Latency = 0> <II = 1> <Delay = 1.66> <FuncUnit> <Opcode : 'icmp'> <InPorts = 2> <OutPorts = 1>
ST_65 : Operation 256 [1/1] (1.82ns)   --->   "%c_9 = add i9 %c_1, 1" [main_5_slices.cpp:102]   --->   Operation 256 'add' 'c_9' <Predicate = true> <Delay = 1.82> <Core = "AddSub">   --->   Core 14 'AddSub' <Latency = 0> <II = 1> <Delay = 1.73> <FuncUnit> <Opcode : 'add' 'sub'> <InPorts = 2> <OutPorts = 1>
ST_65 : Operation 257 [1/1] (0.00ns)   --->   "br i1 %icmp_ln102, label %.preheader8.loopexit, label %.preheader.preheader" [main_5_slices.cpp:102]   --->   Operation 257 'br' <Predicate = true> <Delay = 0.00>
ST_65 : Operation 258 [1/1] (1.76ns)   --->   "br label %.preheader"   --->   Operation 258 'br' <Predicate = (!icmp_ln102)> <Delay = 1.76>
ST_65 : Operation 259 [1/1] (0.00ns)   --->   "br label %.preheader8"   --->   Operation 259 'br' <Predicate = (icmp_ln102)> <Delay = 0.00>

State 66 <SV = 5> <Delay = 6.07>
ST_66 : Operation 260 [1/1] (0.00ns)   --->   "%acc1_0 = phi float [ %acc_2, %8 ], [ 0.000000e+00, %.preheader.preheader ]"   --->   Operation 260 'phi' 'acc1_0' <Predicate = true> <Delay = 0.00>
ST_66 : Operation 261 [1/1] (0.00ns)   --->   "%p_0 = phi i5 [ %p, %8 ], [ 0, %.preheader.preheader ]"   --->   Operation 261 'phi' 'p_0' <Predicate = true> <Delay = 0.00>
ST_66 : Operation 262 [1/1] (0.00ns)   --->   "%p_0_cast = zext i5 %p_0 to i10" [main_5_slices.cpp:104]   --->   Operation 262 'zext' 'p_0_cast' <Predicate = true> <Delay = 0.00>
ST_66 : Operation 263 [1/1] (0.00ns)   --->   "%empty_89 = call i32 (...)* @_ssdm_op_SpecLoopTripCount(i64 24, i64 24, i64 24)"   --->   Operation 263 'speclooptripcount' 'empty_89' <Predicate = true> <Delay = 0.00>
ST_66 : Operation 264 [1/1] (1.36ns)   --->   "%icmp_ln104 = icmp eq i5 %p_0, -8" [main_5_slices.cpp:104]   --->   Operation 264 'icmp' 'icmp_ln104' <Predicate = true> <Delay = 1.36> <Core = "Cmp">   --->   Core 25 'Cmp' <Latency = 0> <II = 1> <Delay = 1.66> <FuncUnit> <Opcode : 'icmp'> <InPorts = 2> <OutPorts = 1>
ST_66 : Operation 265 [1/1] (1.78ns)   --->   "%p = add i5 %p_0, 1" [main_5_slices.cpp:104]   --->   Operation 265 'add' 'p' <Predicate = true> <Delay = 1.78> <Core = "AddSub">   --->   Core 14 'AddSub' <Latency = 0> <II = 1> <Delay = 1.73> <FuncUnit> <Opcode : 'add' 'sub'> <InPorts = 2> <OutPorts = 1>
ST_66 : Operation 266 [1/1] (0.00ns)   --->   "br i1 %icmp_ln104, label %9, label %8" [main_5_slices.cpp:104]   --->   Operation 266 'br' <Predicate = true> <Delay = 0.00>
ST_66 : Operation 267 [1/1] (1.73ns)   --->   "%add_ln104 = add i10 %p_0_cast, %sub_ln104" [main_5_slices.cpp:104]   --->   Operation 267 'add' 'add_ln104' <Predicate = (!icmp_ln104)> <Delay = 1.73> <Core = "AddSub">   --->   Core 14 'AddSub' <Latency = 0> <II = 1> <Delay = 1.73> <FuncUnit> <Opcode : 'add' 'sub'> <InPorts = 2> <OutPorts = 1>
ST_66 : Operation 268 [1/1] (0.00ns)   --->   "%shl_ln104_s = call i18 @_ssdm_op_BitConcatenate.i18.i10.i8(i10 %add_ln104, i8 0)" [main_5_slices.cpp:104]   --->   Operation 268 'bitconcatenate' 'shl_ln104_s' <Predicate = (!icmp_ln104)> <Delay = 0.00>
ST_66 : Operation 269 [1/1] (0.00ns)   --->   "%shl_ln104_1 = call i15 @_ssdm_op_BitConcatenate.i15.i10.i5(i10 %add_ln104, i5 0)" [main_5_slices.cpp:104]   --->   Operation 269 'bitconcatenate' 'shl_ln104_1' <Predicate = (!icmp_ln104)> <Delay = 0.00>
ST_66 : Operation 270 [1/1] (1.94ns)   --->   "%add_ln104_8 = add i15 %c_1_cast, %shl_ln104_1" [main_5_slices.cpp:104]   --->   Operation 270 'add' 'add_ln104_8' <Predicate = (!icmp_ln104)> <Delay = 1.94> <Core = "AddSub">   --->   Core 14 'AddSub' <Latency = 0> <II = 1> <Delay = 1.73> <FuncUnit> <Opcode : 'add' 'sub'> <InPorts = 2> <OutPorts = 1>
ST_66 : Operation 271 [1/1] (0.00ns)   --->   "%sext_ln104 = sext i15 %add_ln104_8 to i18" [main_5_slices.cpp:104]   --->   Operation 271 'sext' 'sext_ln104' <Predicate = (!icmp_ln104)> <Delay = 0.00>
ST_66 : Operation 272 [1/1] (2.13ns)   --->   "%add_ln104_1 = add i18 %shl_ln104_s, %sext_ln104" [main_5_slices.cpp:104]   --->   Operation 272 'add' 'add_ln104_1' <Predicate = (!icmp_ln104)> <Delay = 2.13> <Core = "AddSub">   --->   Core 14 'AddSub' <Latency = 0> <II = 1> <Delay = 1.73> <FuncUnit> <Opcode : 'add' 'sub'> <InPorts = 2> <OutPorts = 1>
ST_66 : Operation 273 [16/16] (6.07ns)   --->   "%tmp_58 = fdiv float %acc1_0, 2.400000e+01" [main_5_slices.cpp:105]   --->   Operation 273 'fdiv' 'tmp_58' <Predicate = (icmp_ln104)> <Delay = 6.07> <Core = "FDiv">   --->   Core 107 'FDiv' <Latency = 15> <II = 1> <Delay = 6.07> <FuncUnit> <Opcode : 'fdiv' 'frem'> <InPorts = 2> <OutPorts = 1>
ST_66 : Operation 274 [1/1] (1.82ns)   --->   "%add_ln105_4 = add i10 %zext_ln104_6, %c_1_cast4" [main_5_slices.cpp:105]   --->   Operation 274 'add' 'add_ln105_4' <Predicate = (icmp_ln104)> <Delay = 1.82> <Core = "AddSub">   --->   Core 14 'AddSub' <Latency = 0> <II = 1> <Delay = 1.73> <FuncUnit> <Opcode : 'add' 'sub'> <InPorts = 2> <OutPorts = 1>
ST_66 : Operation 275 [1/1] (0.00ns)   --->   "%zext_ln105_4 = zext i10 %add_ln105_4 to i12" [main_5_slices.cpp:105]   --->   Operation 275 'zext' 'zext_ln105_4' <Predicate = (icmp_ln104)> <Delay = 0.00>
ST_66 : Operation 276 [1/1] (1.54ns)   --->   "%add_ln105 = add i12 %zext_ln105_4, %shl_ln10" [main_5_slices.cpp:105]   --->   Operation 276 'add' 'add_ln105' <Predicate = (icmp_ln104)> <Delay = 1.54> <Core = "AddSub">   --->   Core 14 'AddSub' <Latency = 0> <II = 1> <Delay = 1.73> <FuncUnit> <Opcode : 'add' 'sub'> <InPorts = 2> <OutPorts = 1>

State 67 <SV = 6> <Delay = 3.25>
ST_67 : Operation 277 [1/1] (0.00ns)   --->   "%sext_ln104_4 = sext i18 %add_ln104_1 to i32" [main_5_slices.cpp:104]   --->   Operation 277 'sext' 'sext_ln104_4' <Predicate = true> <Delay = 0.00>
ST_67 : Operation 278 [1/1] (0.00ns)   --->   "%zext_ln104 = zext i32 %sext_ln104_4 to i64" [main_5_slices.cpp:104]   --->   Operation 278 'zext' 'zext_ln104' <Predicate = true> <Delay = 0.00>
ST_67 : Operation 279 [1/1] (0.00ns)   --->   "%Y_addr_5 = getelementptr [18432 x float]* %Y, i64 0, i64 %zext_ln104" [main_5_slices.cpp:104]   --->   Operation 279 'getelementptr' 'Y_addr_5' <Predicate = true> <Delay = 0.00>
ST_67 : Operation 280 [2/2] (3.25ns)   --->   "%Y_load_1 = load float* %Y_addr_5, align 4" [main_5_slices.cpp:104]   --->   Operation 280 'load' 'Y_load_1' <Predicate = true> <Delay = 3.25> <Core = "RAM">   --->   Core 37 'RAM' <Latency = 1> <II = 1> <Delay = 3.25> <Storage> <Opcode : 'load' 'store'> <Ports = 2> <Width = 32> <Depth = 128> <RAM>

State 68 <SV = 7> <Delay = 3.25>
ST_68 : Operation 281 [1/2] (3.25ns)   --->   "%Y_load_1 = load float* %Y_addr_5, align 4" [main_5_slices.cpp:104]   --->   Operation 281 'load' 'Y_load_1' <Predicate = true> <Delay = 3.25> <Core = "RAM">   --->   Core 37 'RAM' <Latency = 1> <II = 1> <Delay = 3.25> <Storage> <Opcode : 'load' 'store'> <Ports = 2> <Width = 32> <Depth = 128> <RAM>

State 69 <SV = 8> <Delay = 7.25>
ST_69 : Operation 282 [5/5] (7.25ns)   --->   "%acc_2 = fadd float %acc1_0, %Y_load_1" [main_5_slices.cpp:104]   --->   Operation 282 'fadd' 'acc_2' <Predicate = true> <Delay = 7.25> <Core = "FAddSub">   --->   Core 105 'FAddSub' <Latency = 4> <II = 1> <Delay = 7.25> <FuncUnit> <Opcode : 'fadd' 'fsub'> <InPorts = 2> <OutPorts = 1>

State 70 <SV = 9> <Delay = 7.25>
ST_70 : Operation 283 [4/5] (7.25ns)   --->   "%acc_2 = fadd float %acc1_0, %Y_load_1" [main_5_slices.cpp:104]   --->   Operation 283 'fadd' 'acc_2' <Predicate = true> <Delay = 7.25> <Core = "FAddSub">   --->   Core 105 'FAddSub' <Latency = 4> <II = 1> <Delay = 7.25> <FuncUnit> <Opcode : 'fadd' 'fsub'> <InPorts = 2> <OutPorts = 1>

State 71 <SV = 10> <Delay = 7.25>
ST_71 : Operation 284 [3/5] (7.25ns)   --->   "%acc_2 = fadd float %acc1_0, %Y_load_1" [main_5_slices.cpp:104]   --->   Operation 284 'fadd' 'acc_2' <Predicate = true> <Delay = 7.25> <Core = "FAddSub">   --->   Core 105 'FAddSub' <Latency = 4> <II = 1> <Delay = 7.25> <FuncUnit> <Opcode : 'fadd' 'fsub'> <InPorts = 2> <OutPorts = 1>

State 72 <SV = 11> <Delay = 7.25>
ST_72 : Operation 285 [2/5] (7.25ns)   --->   "%acc_2 = fadd float %acc1_0, %Y_load_1" [main_5_slices.cpp:104]   --->   Operation 285 'fadd' 'acc_2' <Predicate = true> <Delay = 7.25> <Core = "FAddSub">   --->   Core 105 'FAddSub' <Latency = 4> <II = 1> <Delay = 7.25> <FuncUnit> <Opcode : 'fadd' 'fsub'> <InPorts = 2> <OutPorts = 1>

State 73 <SV = 12> <Delay = 7.25>
ST_73 : Operation 286 [1/5] (7.25ns)   --->   "%acc_2 = fadd float %acc1_0, %Y_load_1" [main_5_slices.cpp:104]   --->   Operation 286 'fadd' 'acc_2' <Predicate = true> <Delay = 7.25> <Core = "FAddSub">   --->   Core 105 'FAddSub' <Latency = 4> <II = 1> <Delay = 7.25> <FuncUnit> <Opcode : 'fadd' 'fsub'> <InPorts = 2> <OutPorts = 1>
ST_73 : Operation 287 [1/1] (0.00ns)   --->   "br label %.preheader" [main_5_slices.cpp:104]   --->   Operation 287 'br' <Predicate = true> <Delay = 0.00>

State 74 <SV = 6> <Delay = 6.07>
ST_74 : Operation 288 [15/16] (6.07ns)   --->   "%tmp_58 = fdiv float %acc1_0, 2.400000e+01" [main_5_slices.cpp:105]   --->   Operation 288 'fdiv' 'tmp_58' <Predicate = true> <Delay = 6.07> <Core = "FDiv">   --->   Core 107 'FDiv' <Latency = 15> <II = 1> <Delay = 6.07> <FuncUnit> <Opcode : 'fdiv' 'frem'> <InPorts = 2> <OutPorts = 1>

State 75 <SV = 7> <Delay = 6.07>
ST_75 : Operation 289 [14/16] (6.07ns)   --->   "%tmp_58 = fdiv float %acc1_0, 2.400000e+01" [main_5_slices.cpp:105]   --->   Operation 289 'fdiv' 'tmp_58' <Predicate = true> <Delay = 6.07> <Core = "FDiv">   --->   Core 107 'FDiv' <Latency = 15> <II = 1> <Delay = 6.07> <FuncUnit> <Opcode : 'fdiv' 'frem'> <InPorts = 2> <OutPorts = 1>

State 76 <SV = 8> <Delay = 6.07>
ST_76 : Operation 290 [13/16] (6.07ns)   --->   "%tmp_58 = fdiv float %acc1_0, 2.400000e+01" [main_5_slices.cpp:105]   --->   Operation 290 'fdiv' 'tmp_58' <Predicate = true> <Delay = 6.07> <Core = "FDiv">   --->   Core 107 'FDiv' <Latency = 15> <II = 1> <Delay = 6.07> <FuncUnit> <Opcode : 'fdiv' 'frem'> <InPorts = 2> <OutPorts = 1>

State 77 <SV = 9> <Delay = 6.07>
ST_77 : Operation 291 [12/16] (6.07ns)   --->   "%tmp_58 = fdiv float %acc1_0, 2.400000e+01" [main_5_slices.cpp:105]   --->   Operation 291 'fdiv' 'tmp_58' <Predicate = true> <Delay = 6.07> <Core = "FDiv">   --->   Core 107 'FDiv' <Latency = 15> <II = 1> <Delay = 6.07> <FuncUnit> <Opcode : 'fdiv' 'frem'> <InPorts = 2> <OutPorts = 1>

State 78 <SV = 10> <Delay = 6.07>
ST_78 : Operation 292 [11/16] (6.07ns)   --->   "%tmp_58 = fdiv float %acc1_0, 2.400000e+01" [main_5_slices.cpp:105]   --->   Operation 292 'fdiv' 'tmp_58' <Predicate = true> <Delay = 6.07> <Core = "FDiv">   --->   Core 107 'FDiv' <Latency = 15> <II = 1> <Delay = 6.07> <FuncUnit> <Opcode : 'fdiv' 'frem'> <InPorts = 2> <OutPorts = 1>

State 79 <SV = 11> <Delay = 6.07>
ST_79 : Operation 293 [10/16] (6.07ns)   --->   "%tmp_58 = fdiv float %acc1_0, 2.400000e+01" [main_5_slices.cpp:105]   --->   Operation 293 'fdiv' 'tmp_58' <Predicate = true> <Delay = 6.07> <Core = "FDiv">   --->   Core 107 'FDiv' <Latency = 15> <II = 1> <Delay = 6.07> <FuncUnit> <Opcode : 'fdiv' 'frem'> <InPorts = 2> <OutPorts = 1>

State 80 <SV = 12> <Delay = 6.07>
ST_80 : Operation 294 [9/16] (6.07ns)   --->   "%tmp_58 = fdiv float %acc1_0, 2.400000e+01" [main_5_slices.cpp:105]   --->   Operation 294 'fdiv' 'tmp_58' <Predicate = true> <Delay = 6.07> <Core = "FDiv">   --->   Core 107 'FDiv' <Latency = 15> <II = 1> <Delay = 6.07> <FuncUnit> <Opcode : 'fdiv' 'frem'> <InPorts = 2> <OutPorts = 1>

State 81 <SV = 13> <Delay = 6.07>
ST_81 : Operation 295 [8/16] (6.07ns)   --->   "%tmp_58 = fdiv float %acc1_0, 2.400000e+01" [main_5_slices.cpp:105]   --->   Operation 295 'fdiv' 'tmp_58' <Predicate = true> <Delay = 6.07> <Core = "FDiv">   --->   Core 107 'FDiv' <Latency = 15> <II = 1> <Delay = 6.07> <FuncUnit> <Opcode : 'fdiv' 'frem'> <InPorts = 2> <OutPorts = 1>

State 82 <SV = 14> <Delay = 6.07>
ST_82 : Operation 296 [7/16] (6.07ns)   --->   "%tmp_58 = fdiv float %acc1_0, 2.400000e+01" [main_5_slices.cpp:105]   --->   Operation 296 'fdiv' 'tmp_58' <Predicate = true> <Delay = 6.07> <Core = "FDiv">   --->   Core 107 'FDiv' <Latency = 15> <II = 1> <Delay = 6.07> <FuncUnit> <Opcode : 'fdiv' 'frem'> <InPorts = 2> <OutPorts = 1>

State 83 <SV = 15> <Delay = 6.07>
ST_83 : Operation 297 [6/16] (6.07ns)   --->   "%tmp_58 = fdiv float %acc1_0, 2.400000e+01" [main_5_slices.cpp:105]   --->   Operation 297 'fdiv' 'tmp_58' <Predicate = true> <Delay = 6.07> <Core = "FDiv">   --->   Core 107 'FDiv' <Latency = 15> <II = 1> <Delay = 6.07> <FuncUnit> <Opcode : 'fdiv' 'frem'> <InPorts = 2> <OutPorts = 1>

State 84 <SV = 16> <Delay = 6.07>
ST_84 : Operation 298 [5/16] (6.07ns)   --->   "%tmp_58 = fdiv float %acc1_0, 2.400000e+01" [main_5_slices.cpp:105]   --->   Operation 298 'fdiv' 'tmp_58' <Predicate = true> <Delay = 6.07> <Core = "FDiv">   --->   Core 107 'FDiv' <Latency = 15> <II = 1> <Delay = 6.07> <FuncUnit> <Opcode : 'fdiv' 'frem'> <InPorts = 2> <OutPorts = 1>

State 85 <SV = 17> <Delay = 6.07>
ST_85 : Operation 299 [4/16] (6.07ns)   --->   "%tmp_58 = fdiv float %acc1_0, 2.400000e+01" [main_5_slices.cpp:105]   --->   Operation 299 'fdiv' 'tmp_58' <Predicate = true> <Delay = 6.07> <Core = "FDiv">   --->   Core 107 'FDiv' <Latency = 15> <II = 1> <Delay = 6.07> <FuncUnit> <Opcode : 'fdiv' 'frem'> <InPorts = 2> <OutPorts = 1>

State 86 <SV = 18> <Delay = 6.07>
ST_86 : Operation 300 [3/16] (6.07ns)   --->   "%tmp_58 = fdiv float %acc1_0, 2.400000e+01" [main_5_slices.cpp:105]   --->   Operation 300 'fdiv' 'tmp_58' <Predicate = true> <Delay = 6.07> <Core = "FDiv">   --->   Core 107 'FDiv' <Latency = 15> <II = 1> <Delay = 6.07> <FuncUnit> <Opcode : 'fdiv' 'frem'> <InPorts = 2> <OutPorts = 1>

State 87 <SV = 19> <Delay = 6.07>
ST_87 : Operation 301 [2/16] (6.07ns)   --->   "%tmp_58 = fdiv float %acc1_0, 2.400000e+01" [main_5_slices.cpp:105]   --->   Operation 301 'fdiv' 'tmp_58' <Predicate = true> <Delay = 6.07> <Core = "FDiv">   --->   Core 107 'FDiv' <Latency = 15> <II = 1> <Delay = 6.07> <FuncUnit> <Opcode : 'fdiv' 'frem'> <InPorts = 2> <OutPorts = 1>

State 88 <SV = 20> <Delay = 6.07>
ST_88 : Operation 302 [1/16] (6.07ns)   --->   "%tmp_58 = fdiv float %acc1_0, 2.400000e+01" [main_5_slices.cpp:105]   --->   Operation 302 'fdiv' 'tmp_58' <Predicate = true> <Delay = 6.07> <Core = "FDiv">   --->   Core 107 'FDiv' <Latency = 15> <II = 1> <Delay = 6.07> <FuncUnit> <Opcode : 'fdiv' 'frem'> <InPorts = 2> <OutPorts = 1>

State 89 <SV = 21> <Delay = 3.25>
ST_89 : Operation 303 [1/1] (0.00ns)   --->   "%zext_ln105 = zext i12 %add_ln105 to i64" [main_5_slices.cpp:105]   --->   Operation 303 'zext' 'zext_ln105' <Predicate = true> <Delay = 0.00>
ST_89 : Operation 304 [1/1] (0.00ns)   --->   "%U_addr = getelementptr [384 x float]* %U, i64 0, i64 %zext_ln105" [main_5_slices.cpp:105]   --->   Operation 304 'getelementptr' 'U_addr' <Predicate = true> <Delay = 0.00>
ST_89 : Operation 305 [1/1] (3.25ns)   --->   "store float %tmp_58, float* %U_addr, align 4" [main_5_slices.cpp:105]   --->   Operation 305 'store' <Predicate = true> <Delay = 3.25> <Core = "RAM">   --->   Core 37 'RAM' <Latency = 1> <II = 1> <Delay = 3.25> <Storage> <Opcode : 'load' 'store'> <Ports = 2> <Width = 32> <Depth = 128> <RAM>
ST_89 : Operation 306 [1/1] (0.00ns)   --->   "br label %.preheader4" [main_5_slices.cpp:102]   --->   Operation 306 'br' <Predicate = true> <Delay = 0.00>


============================================================
+ Verbose Summary: Binding
============================================================
STG Binding: 
---------------- STG Properties BEGIN ----------------
- Is combinational: 0
- Is one-state seq: 0
- Is datapath-only: 0
- Is pipelined: 0
- Is top level: 0
Port [ Return ] is wired: 1; IO mode=ap_ctrl_hs:ce=0
Port [ Y]:  wired=1; compound=1; hidden=0; nouse=0; global=0; static=0; extern=0; dir=2; type=1; pingpong=0; private_global=0; MemPort=[23]; IO mode=ap_memory:ce=0
Port [ U]:  wired=1; compound=1; hidden=0; nouse=0; global=0; static=0; extern=0; dir=1; type=1; pingpong=0; private_global=0; MemPort=[03]; IO mode=ap_memory:ce=0
Port [ X_slice3]:  wired=0; compound=1; hidden=1; nouse=0; global=1; static=1; extern=0; dir=0; type=1; pingpong=0; private_global=1; linkage=7; visibility=0; MemPort=[1]; IO mode=ap_memory:ce=0
Port [ ConvW3]:  wired=0; compound=1; hidden=1; nouse=0; global=1; static=1; extern=0; dir=0; type=1; pingpong=0; private_global=1; linkage=7; visibility=0; MemPort=[1]; IO mode=ap_memory:ce=0
Port [ BN1_var3]:  wired=0; compound=1; hidden=1; nouse=0; global=1; static=1; extern=0; dir=0; type=1; pingpong=0; private_global=1; linkage=7; visibility=0; MemPort=[1]; IO mode=ap_memory:ce=0
Port [ BN1_gamma3]:  wired=0; compound=1; hidden=1; nouse=0; global=1; static=1; extern=0; dir=0; type=1; pingpong=0; private_global=1; linkage=7; visibility=0; MemPort=[1]; IO mode=ap_memory:ce=0
---------------- STG Properties END ------------------

---------------- Datapath Model BEGIN ----------------

<LifeTime>
<method=bitvector/>
br_ln70         (br               ) [ 011111111111111100000000000000000000000000000000000000000000000000000000000000000000000000]
t_0             (phi              ) [ 001011111111111100000000000000000000000000000000000000000000000000000000000000000000000000]
empty           (speclooptripcount) [ 000000000000000000000000000000000000000000000000000000000000000000000000000000000000000000]
icmp_ln70       (icmp             ) [ 001111111111111100000000000000000000000000000000000000000000000000000000000000000000000000]
t               (add              ) [ 011111111111111100000000000000000000000000000000000000000000000000000000000000000000000000]
br_ln70         (br               ) [ 000000000000000000000000000000000000000000000000000000000000000000000000000000000000000000]
shl_ln          (bitconcatenate   ) [ 000111111111111100000000000000000000000000000000000000000000000000000000000000000000000000]
br_ln71         (br               ) [ 001111111111111100000000000000000000000000000000000000000000000000000000000000000000000000]
br_ln0          (br               ) [ 001111111111111111111111111111111111111111111111111111111111111100000000000000000000000000]
f_0             (phi              ) [ 000100000000000000000000000000000000000000000000000000000000000000000000000000000000000000]
zext_ln71       (zext             ) [ 000011111111111100000000000000000000000000000000000000000000000000000000000000000000000000]
icmp_ln71       (icmp             ) [ 001111111111111100000000000000000000000000000000000000000000000000000000000000000000000000]
empty_82        (speclooptripcount) [ 000000000000000000000000000000000000000000000000000000000000000000000000000000000000000000]
f               (add              ) [ 001111111111111100000000000000000000000000000000000000000000000000000000000000000000000000]
br_ln71         (br               ) [ 000000000000000000000000000000000000000000000000000000000000000000000000000000000000000000]
zext_ln73       (zext             ) [ 000011111111111100000000000000000000000000000000000000000000000000000000000000000000000000]
br_ln73         (br               ) [ 001111111111111100000000000000000000000000000000000000000000000000000000000000000000000000]
br_ln0          (br               ) [ 011111111111111100000000000000000000000000000000000000000000000000000000000000000000000000]
acc_0           (phi              ) [ 000011111111111100000000000000000000000000000000000000000000000000000000000000000000000000]
k_0             (phi              ) [ 000011111111111100000000000000000000000000000000000000000000000000000000000000000000000000]
icmp_ln73       (icmp             ) [ 001111111111111100000000000000000000000000000000000000000000000000000000000000000000000000]
empty_83        (speclooptripcount) [ 000000000000000000000000000000000000000000000000000000000000000000000000000000000000000000]
k               (add              ) [ 001111111111111100000000000000000000000000000000000000000000000000000000000000000000000000]
br_ln73         (br               ) [ 000000000000000000000000000000000000000000000000000000000000000000000000000000000000000000]
zext_ln74       (zext             ) [ 000000000000000000000000000000000000000000000000000000000000000000000000000000000000000000]
add_ln74        (add              ) [ 000000000000000000000000000000000000000000000000000000000000000000000000000000000000000000]
shl_ln11        (bitconcatenate   ) [ 000001111111111100000000000000000000000000000000000000000000000000000000000000000000000000]
br_ln76         (br               ) [ 001111111111111100000000000000000000000000000000000000000000000000000000000000000000000000]
add_ln78        (add              ) [ 000000000000000000000000000000000000000000000000000000000000000000000000000000000000000000]
zext_ln78       (zext             ) [ 000000000000000000000000000000000000000000000000000000000000000000000000000000000000000000]
Y_addr          (getelementptr    ) [ 000000000000000000000000000000000000000000000000000000000000000000000000000000000000000000]
store_ln78      (store            ) [ 000000000000000000000000000000000000000000000000000000000000000000000000000000000000000000]
br_ln71         (br               ) [ 001111111111111100000000000000000000000000000000000000000000000000000000000000000000000000]
acc_1           (phi              ) [ 001111111111111100000000000000000000000000000000000000000000000000000000000000000000000000]
e_0             (phi              ) [ 000001000000000000000000000000000000000000000000000000000000000000000000000000000000000000]
icmp_ln76       (icmp             ) [ 001111111111111100000000000000000000000000000000000000000000000000000000000000000000000000]
empty_84        (speclooptripcount) [ 000000000000000000000000000000000000000000000000000000000000000000000000000000000000000000]
e               (add              ) [ 001111111111111100000000000000000000000000000000000000000000000000000000000000000000000000]
br_ln76         (br               ) [ 000000000000000000000000000000000000000000000000000000000000000000000000000000000000000000]
zext_ln76       (zext             ) [ 000000000000000000000000000000000000000000000000000000000000000000000000000000000000000000]
add_ln76        (add              ) [ 000000000000000000000000000000000000000000000000000000000000000000000000000000000000000000]
zext_ln76_7     (zext             ) [ 000000000000000000000000000000000000000000000000000000000000000000000000000000000000000000]
X_slice3_addr   (getelementptr    ) [ 000000100000000000000000000000000000000000000000000000000000000000000000000000000000000000]
trunc_ln76      (trunc            ) [ 000000000000000000000000000000000000000000000000000000000000000000000000000000000000000000]
tmp             (bitconcatenate   ) [ 000000000000000000000000000000000000000000000000000000000000000000000000000000000000000000]
add_ln76_7      (add              ) [ 000000000000000000000000000000000000000000000000000000000000000000000000000000000000000000]
zext_ln76_8     (zext             ) [ 000000000000000000000000000000000000000000000000000000000000000000000000000000000000000000]
ConvW3_addr     (getelementptr    ) [ 000000100000000000000000000000000000000000000000000000000000000000000000000000000000000000]
br_ln0          (br               ) [ 001111111111111100000000000000000000000000000000000000000000000000000000000000000000000000]
X_slice3_load   (load             ) [ 000000011110000000000000000000000000000000000000000000000000000000000000000000000000000000]
ConvW3_load     (load             ) [ 000000011110000000000000000000000000000000000000000000000000000000000000000000000000000000]
tmp_57          (fmul             ) [ 000000000001111100000000000000000000000000000000000000000000000000000000000000000000000000]
acc             (fadd             ) [ 001111111111111100000000000000000000000000000000000000000000000000000000000000000000000000]
br_ln76         (br               ) [ 001111111111111100000000000000000000000000000000000000000000000000000000000000000000000000]
t_1             (phi              ) [ 000000000000000010000000000000000000000000000000000000000000000000000000000000000000000000]
empty_85        (speclooptripcount) [ 000000000000000000000000000000000000000000000000000000000000000000000000000000000000000000]
icmp_ln82       (icmp             ) [ 000000000000000011111111111111111111111111111111111111111111111100000000000000000000000000]
t_5             (add              ) [ 001000000000000011111111111111111111111111111111111111111111111100000000000000000000000000]
br_ln82         (br               ) [ 000000000000000000000000000000000000000000000000000000000000000000000000000000000000000000]
trunc_ln84      (trunc            ) [ 000000000000000000000000000000000000000000000000000000000000000000000000000000000000000000]
shl_ln7         (bitconcatenate   ) [ 000000000000000000000000000000000000000000000000000000000000000000000000000000000000000000]
shl_ln8         (bitconcatenate   ) [ 000000000000000000000000000000000000000000000000000000000000000000000000000000000000000000]
zext_ln84       (zext             ) [ 000000000000000000000000000000000000000000000000000000000000000000000000000000000000000000]
add_ln84        (add              ) [ 000000000000000001111111111111111111111111111111111111111111111100000000000000000000000000]
br_ln84         (br               ) [ 000000000000000011111111111111111111111111111111111111111111111100000000000000000000000000]
br_ln0          (br               ) [ 000000000000000011111111111111111111111111111111111111111111111111111111111111111111111111]
c_0             (phi              ) [ 000000000000000001000000000000000000000000000000000000000000000000000000000000000000000000]
empty_86        (speclooptripcount) [ 000000000000000000000000000000000000000000000000000000000000000000000000000000000000000000]
icmp_ln84       (icmp             ) [ 000000000000000011111111111111111111111111111111111111111111111100000000000000000000000000]
c               (add              ) [ 000000000000000011111111111111111111111111111111111111111111111100000000000000000000000000]
br_ln84         (br               ) [ 000000000000000000000000000000000000000000000000000000000000000000000000000000000000000000]
zext_ln85       (zext             ) [ 000000000000000000000000000000000000000000000000000000000000000000000000000000000000000000]
zext_ln85_7     (zext             ) [ 000000000000000000000000000000000000000000000000000000000000000000000000000000000000000000]
add_ln85        (add              ) [ 000000000000000000000000000000000000000000000000000000000000000000000000000000000000000000]
zext_ln85_8     (zext             ) [ 000000000000000000000000000000000000000000000000000000000000000000000000000000000000000000]
Y_addr12        (getelementptr    ) [ 000000000000000000111111111111111111111111111111111111111111111100000000000000000000000000]
BN1_var3_addr   (getelementptr    ) [ 000000000000000000100000000000000000000000000000000000000000000000000000000000000000000000]
BN1_gamma3_addr (getelementptr    ) [ 000000000000000000100000000000000000000000000000000000000000000000000000000000000000000000]
br_ln0          (br               ) [ 001000000000000011111111111111111111111111111111111111111111111100000000000000000000000000]
BN1_var3_load   (load             ) [ 000000000000000000011111000000000000000000000000000000000000000000000000000000000000000000]
BN1_gamma3_load (load             ) [ 000000000000000000011111111111111111111111111111111111110000000000000000000000000000000000]
tmp_s           (fadd             ) [ 000000000000000000000000111111111111000000000000000000000000000000000000000000000000000000]
Y_load          (load             ) [ 000000000000000000000000000000000000111111111111111100000000000000000000000000000000000000]
tmp_55          (fsqrt            ) [ 000000000000000000000000000000000000111111111111111100000000000000000000000000000000000000]
nrm             (fdiv             ) [ 000000000000000000000000000000000000000000000000000011110000000000000000000000000000000000]
tmp_56          (fmul             ) [ 000000000000000000000000000000000000000000000000000000001111100000000000000000000000000000]
x               (fadd             ) [ 000000000000000000000000000000000000000000000000000000000000011100000000000000000000000000]
tmp_15          (fcmp             ) [ 000000000000000000000000000000000000000000000000000000000000000100000000000000000000000000]
bitcast_ln43    (bitcast          ) [ 000000000000000000000000000000000000000000000000000000000000000000000000000000000000000000]
tmp_14          (partselect       ) [ 000000000000000000000000000000000000000000000000000000000000000000000000000000000000000000]
trunc_ln43      (trunc            ) [ 000000000000000000000000000000000000000000000000000000000000000000000000000000000000000000]
icmp_ln43       (icmp             ) [ 000000000000000000000000000000000000000000000000000000000000000000000000000000000000000000]
icmp_ln43_7     (icmp             ) [ 000000000000000000000000000000000000000000000000000000000000000000000000000000000000000000]
or_ln43         (or               ) [ 000000000000000000000000000000000000000000000000000000000000000000000000000000000000000000]
and_ln43        (and              ) [ 000000000000000000000000000000000000000000000000000000000000000000000000000000000000000000]
select_ln43     (select           ) [ 000000000000000000000000000000000000000000000000000000000000000000000000000000000000000000]
store_ln88      (store            ) [ 000000000000000000000000000000000000000000000000000000000000000000000000000000000000000000]
br_ln84         (br               ) [ 000000000000000011111111111111111111111111111111111111111111111100000000000000000000000000]
u_0             (phi              ) [ 000000000000000000000000000000000000000000000000000000000000000010000000000000000000000000]
empty_87        (speclooptripcount) [ 000000000000000000000000000000000000000000000000000000000000000000000000000000000000000000]
icmp_ln101      (icmp             ) [ 000000000000000000000000000000000000000000000000000000000000000011111111111111111111111111]
u               (add              ) [ 000000000000000010000000000000000000000000000000000000000000000011111111111111111111111111]
br_ln101        (br               ) [ 000000000000000000000000000000000000000000000000000000000000000000000000000000000000000000]
shl_ln9         (bitconcatenate   ) [ 000000000000000000000000000000000000000000000000000000000000000000000000000000000000000000]
zext_ln104_6    (zext             ) [ 000000000000000000000000000000000000000000000000000000000000000001111111111111111111111111]
shl_ln104_9     (bitconcatenate   ) [ 000000000000000000000000000000000000000000000000000000000000000000000000000000000000000000]
zext_ln104_7    (zext             ) [ 000000000000000000000000000000000000000000000000000000000000000000000000000000000000000000]
sub_ln104       (sub              ) [ 000000000000000000000000000000000000000000000000000000000000000001111111111111111111111111]
shl_ln10        (bitconcatenate   ) [ 000000000000000000000000000000000000000000000000000000000000000001111111111111111111111111]
br_ln102        (br               ) [ 000000000000000000000000000000000000000000000000000000000000000011111111111111111111111111]
ret_ln108       (ret              ) [ 000000000000000000000000000000000000000000000000000000000000000000000000000000000000000000]
c_1             (phi              ) [ 000000000000000000000000000000000000000000000000000000000000000001000000000000000000000000]
c_1_cast4       (zext             ) [ 000000000000000000000000000000000000000000000000000000000000000000111111110000000000000000]
c_1_cast        (zext             ) [ 000000000000000000000000000000000000000000000000000000000000000000111111110000000000000000]
empty_88        (speclooptripcount) [ 000000000000000000000000000000000000000000000000000000000000000000000000000000000000000000]
icmp_ln102      (icmp             ) [ 000000000000000000000000000000000000000000000000000000000000000011111111111111111111111111]
c_9             (add              ) [ 000000000000000000000000000000000000000000000000000000000000000011111111111111111111111111]
br_ln102        (br               ) [ 000000000000000000000000000000000000000000000000000000000000000000000000000000000000000000]
br_ln0          (br               ) [ 000000000000000000000000000000000000000000000000000000000000000011111111111111111111111111]
br_ln0          (br               ) [ 000000000000000010000000000000000000000000000000000000000000000011111111111111111111111111]
acc1_0          (phi              ) [ 000000000000000000000000000000000000000000000000000000000000000000111111111111111111111110]
p_0             (phi              ) [ 000000000000000000000000000000000000000000000000000000000000000000100000000000000000000000]
p_0_cast        (zext             ) [ 000000000000000000000000000000000000000000000000000000000000000000000000000000000000000000]
empty_89        (speclooptripcount) [ 000000000000000000000000000000000000000000000000000000000000000000000000000000000000000000]
icmp_ln104      (icmp             ) [ 000000000000000000000000000000000000000000000000000000000000000011111111111111111111111111]
p               (add              ) [ 000000000000000000000000000000000000000000000000000000000000000011111111111111111111111111]
br_ln104        (br               ) [ 000000000000000000000000000000000000000000000000000000000000000000000000000000000000000000]
add_ln104       (add              ) [ 000000000000000000000000000000000000000000000000000000000000000000000000000000000000000000]
shl_ln104_s     (bitconcatenate   ) [ 000000000000000000000000000000000000000000000000000000000000000000000000000000000000000000]
shl_ln104_1     (bitconcatenate   ) [ 000000000000000000000000000000000000000000000000000000000000000000000000000000000000000000]
add_ln104_8     (add              ) [ 000000000000000000000000000000000000000000000000000000000000000000000000000000000000000000]
sext_ln104      (sext             ) [ 000000000000000000000000000000000000000000000000000000000000000000000000000000000000000000]
add_ln104_1     (add              ) [ 000000000000000000000000000000000000000000000000000000000000000000010000000000000000000000]
add_ln105_4     (add              ) [ 000000000000000000000000000000000000000000000000000000000000000000000000000000000000000000]
zext_ln105_4    (zext             ) [ 000000000000000000000000000000000000000000000000000000000000000000000000000000000000000000]
add_ln105       (add              ) [ 000000000000000000000000000000000000000000000000000000000000000000000000001111111111111111]
sext_ln104_4    (sext             ) [ 000000000000000000000000000000000000000000000000000000000000000000000000000000000000000000]
zext_ln104      (zext             ) [ 000000000000000000000000000000000000000000000000000000000000000000000000000000000000000000]
Y_addr_5        (getelementptr    ) [ 000000000000000000000000000000000000000000000000000000000000000000001000000000000000000000]
Y_load_1        (load             ) [ 000000000000000000000000000000000000000000000000000000000000000000000111110000000000000000]
acc_2           (fadd             ) [ 000000000000000000000000000000000000000000000000000000000000000011111111111111111111111111]
br_ln104        (br               ) [ 000000000000000000000000000000000000000000000000000000000000000011111111111111111111111111]
tmp_58          (fdiv             ) [ 000000000000000000000000000000000000000000000000000000000000000000000000000000000000000001]
zext_ln105      (zext             ) [ 000000000000000000000000000000000000000000000000000000000000000000000000000000000000000000]
U_addr          (getelementptr    ) [ 000000000000000000000000000000000000000000000000000000000000000000000000000000000000000000]
store_ln105     (store            ) [ 000000000000000000000000000000000000000000000000000000000000000000000000000000000000000000]
br_ln102        (br               ) [ 000000000000000000000000000000000000000000000000000000000000000011111111111111111111111111]
</LifeTime>

<model>

<comp_list>
<comp id="0" class="1000" name="Y">
<pin_list>
<pin id="1" dir="1" index="0" bw="1" slack="0"/>
</pin_list>
<bind>
<StgValue><ssdm name="Y"/><MemPortTyVec>2 3 </MemPortTyVec>
</StgValue>
</bind>
</comp>

<comp id="2" class="1000" name="U">
<pin_list>
<pin id="3" dir="1" index="0" bw="1" slack="0"/>
</pin_list>
<bind>
<StgValue><ssdm name="U"/><MemPortTyVec>0 3 </MemPortTyVec>
</StgValue>
</bind>
</comp>

<comp id="4" class="1000" name="X_slice3">
<pin_list>
<pin id="5" dir="1" index="0" bw="1" slack="0"/>
</pin_list>
<bind>
<StgValue><ssdm name="X_slice3"/><MemPortTyVec>1 </MemPortTyVec>
</StgValue>
</bind>
</comp>

<comp id="6" class="1000" name="ConvW3">
<pin_list>
<pin id="7" dir="1" index="0" bw="1" slack="0"/>
</pin_list>
<bind>
<StgValue><ssdm name="ConvW3"/><MemPortTyVec>1 </MemPortTyVec>
</StgValue>
</bind>
</comp>

<comp id="8" class="1000" name="BN1_var3">
<pin_list>
<pin id="9" dir="1" index="0" bw="1" slack="0"/>
</pin_list>
<bind>
<StgValue><ssdm name="BN1_var3"/><MemPortTyVec>1 </MemPortTyVec>
</StgValue>
</bind>
</comp>

<comp id="10" class="1000" name="BN1_gamma3">
<pin_list>
<pin id="11" dir="1" index="0" bw="1" slack="0"/>
</pin_list>
<bind>
<StgValue><ssdm name="BN1_gamma3"/><MemPortTyVec>1 </MemPortTyVec>
</StgValue>
</bind>
</comp>

<comp id="12" class="1001" name="const_12">
<pin_list>
<pin id="13" dir="1" index="0" bw="1" slack="1"/>
</pin_list>
<bind>
<StgValue><ssdm name=""/></StgValue>
</bind>
</comp>

<comp id="14" class="1001" name="const_14">
<pin_list>
<pin id="15" dir="1" index="0" bw="1" slack="2147483647"/>
</pin_list>
<bind>
<StgValue><ssdm name="_ssdm_op_SpecLoopTripCount"/></StgValue>
</bind>
</comp>

<comp id="16" class="1001" name="const_16">
<pin_list>
<pin id="17" dir="1" index="0" bw="1" slack="2147483647"/>
</pin_list>
<bind>
<StgValue><ssdm name=""/></StgValue>
</bind>
</comp>

<comp id="18" class="1001" name="const_18">
<pin_list>
<pin id="19" dir="1" index="0" bw="1" slack="0"/>
</pin_list>
<bind>
<StgValue><ssdm name=""/></StgValue>
</bind>
</comp>

<comp id="20" class="1001" name="const_20">
<pin_list>
<pin id="21" dir="1" index="0" bw="1" slack="0"/>
</pin_list>
<bind>
<StgValue><ssdm name=""/></StgValue>
</bind>
</comp>

<comp id="22" class="1001" name="const_22">
<pin_list>
<pin id="23" dir="1" index="0" bw="1" slack="0"/>
</pin_list>
<bind>
<StgValue><ssdm name="_ssdm_op_BitConcatenate.i14.i9.i5"/></StgValue>
</bind>
</comp>

<comp id="24" class="1001" name="const_24">
<pin_list>
<pin id="25" dir="1" index="0" bw="1" slack="0"/>
</pin_list>
<bind>
<StgValue><ssdm name=""/></StgValue>
</bind>
</comp>

<comp id="26" class="1001" name="const_26">
<pin_list>
<pin id="27" dir="1" index="0" bw="1" slack="1"/>
</pin_list>
<bind>
<StgValue><ssdm name=""/></StgValue>
</bind>
</comp>

<comp id="28" class="1001" name="const_28">
<pin_list>
<pin id="29" dir="1" index="0" bw="1" slack="0"/>
</pin_list>
<bind>
<StgValue><ssdm name=""/></StgValue>
</bind>
</comp>

<comp id="30" class="1001" name="const_30">
<pin_list>
<pin id="31" dir="1" index="0" bw="1" slack="2147483647"/>
</pin_list>
<bind>
<StgValue><ssdm name=""/></StgValue>
</bind>
</comp>

<comp id="32" class="1001" name="const_32">
<pin_list>
<pin id="33" dir="1" index="0" bw="1" slack="0"/>
</pin_list>
<bind>
<StgValue><ssdm name=""/></StgValue>
</bind>
</comp>

<comp id="34" class="1001" name="const_34">
<pin_list>
<pin id="35" dir="1" index="0" bw="1" slack="0"/>
</pin_list>
<bind>
<StgValue><ssdm name=""/></StgValue>
</bind>
</comp>

<comp id="36" class="1001" name="const_36">
<pin_list>
<pin id="37" dir="1" index="0" bw="1" slack="0"/>
</pin_list>
<bind>
<StgValue><ssdm name=""/></StgValue>
</bind>
</comp>

<comp id="38" class="1001" name="const_38">
<pin_list>
<pin id="39" dir="1" index="0" bw="1" slack="0"/>
</pin_list>
<bind>
<StgValue><ssdm name=""/></StgValue>
</bind>
</comp>

<comp id="40" class="1001" name="const_40">
<pin_list>
<pin id="41" dir="1" index="0" bw="1" slack="2147483647"/>
</pin_list>
<bind>
<StgValue><ssdm name=""/></StgValue>
</bind>
</comp>

<comp id="42" class="1001" name="const_42">
<pin_list>
<pin id="43" dir="1" index="0" bw="1" slack="0"/>
</pin_list>
<bind>
<StgValue><ssdm name=""/></StgValue>
</bind>
</comp>

<comp id="44" class="1001" name="const_44">
<pin_list>
<pin id="45" dir="1" index="0" bw="1" slack="0"/>
</pin_list>
<bind>
<StgValue><ssdm name=""/></StgValue>
</bind>
</comp>

<comp id="46" class="1001" name="const_46">
<pin_list>
<pin id="47" dir="1" index="0" bw="1" slack="0"/>
</pin_list>
<bind>
<StgValue><ssdm name="_ssdm_op_BitConcatenate.i13.i3.i5.i5"/></StgValue>
</bind>
</comp>

<comp id="48" class="1001" name="const_48">
<pin_list>
<pin id="49" dir="1" index="0" bw="1" slack="2147483647"/>
</pin_list>
<bind>
<StgValue><ssdm name=""/></StgValue>
</bind>
</comp>

<comp id="50" class="1001" name="const_50">
<pin_list>
<pin id="51" dir="1" index="0" bw="1" slack="0"/>
</pin_list>
<bind>
<StgValue><ssdm name=""/></StgValue>
</bind>
</comp>

<comp id="52" class="1001" name="const_52">
<pin_list>
<pin id="53" dir="1" index="0" bw="1" slack="0"/>
</pin_list>
<bind>
<StgValue><ssdm name="_ssdm_op_BitConcatenate.i16.i8.i8"/></StgValue>
</bind>
</comp>

<comp id="54" class="1001" name="const_54">
<pin_list>
<pin id="55" dir="1" index="0" bw="1" slack="0"/>
</pin_list>
<bind>
<StgValue><ssdm name=""/></StgValue>
</bind>
</comp>

<comp id="56" class="1001" name="const_56">
<pin_list>
<pin id="57" dir="1" index="0" bw="1" slack="0"/>
</pin_list>
<bind>
<StgValue><ssdm name=""/></StgValue>
</bind>
</comp>

<comp id="58" class="1001" name="const_58">
<pin_list>
<pin id="59" dir="1" index="0" bw="1" slack="0"/>
</pin_list>
<bind>
<StgValue><ssdm name="llvm.sqrt.f32"/></StgValue>
</bind>
</comp>

<comp id="60" class="1001" name="const_60">
<pin_list>
<pin id="61" dir="1" index="0" bw="1" slack="0"/>
</pin_list>
<bind>
<StgValue><ssdm name="_ssdm_op_PartSelect.i8.i32.i32.i32"/></StgValue>
</bind>
</comp>

<comp id="62" class="1001" name="const_62">
<pin_list>
<pin id="63" dir="1" index="0" bw="1" slack="0"/>
</pin_list>
<bind>
<StgValue><ssdm name=""/></StgValue>
</bind>
</comp>

<comp id="64" class="1001" name="const_64">
<pin_list>
<pin id="65" dir="1" index="0" bw="1" slack="0"/>
</pin_list>
<bind>
<StgValue><ssdm name=""/></StgValue>
</bind>
</comp>

<comp id="66" class="1001" name="const_66">
<pin_list>
<pin id="67" dir="1" index="0" bw="1" slack="0"/>
</pin_list>
<bind>
<StgValue><ssdm name=""/></StgValue>
</bind>
</comp>

<comp id="68" class="1001" name="const_68">
<pin_list>
<pin id="69" dir="1" index="0" bw="1" slack="0"/>
</pin_list>
<bind>
<StgValue><ssdm name=""/></StgValue>
</bind>
</comp>

<comp id="70" class="1001" name="const_70">
<pin_list>
<pin id="71" dir="1" index="0" bw="1" slack="1"/>
</pin_list>
<bind>
<StgValue><ssdm name=""/></StgValue>
</bind>
</comp>

<comp id="72" class="1001" name="const_72">
<pin_list>
<pin id="73" dir="1" index="0" bw="1" slack="2147483647"/>
</pin_list>
<bind>
<StgValue><ssdm name=""/></StgValue>
</bind>
</comp>

<comp id="74" class="1001" name="const_74">
<pin_list>
<pin id="75" dir="1" index="0" bw="1" slack="0"/>
</pin_list>
<bind>
<StgValue><ssdm name=""/></StgValue>
</bind>
</comp>

<comp id="76" class="1001" name="const_76">
<pin_list>
<pin id="77" dir="1" index="0" bw="1" slack="0"/>
</pin_list>
<bind>
<StgValue><ssdm name=""/></StgValue>
</bind>
</comp>

<comp id="78" class="1001" name="const_78">
<pin_list>
<pin id="79" dir="1" index="0" bw="1" slack="0"/>
</pin_list>
<bind>
<StgValue><ssdm name="_ssdm_op_BitConcatenate.i9.i4.i5"/></StgValue>
</bind>
</comp>

<comp id="80" class="1001" name="const_80">
<pin_list>
<pin id="81" dir="1" index="0" bw="1" slack="0"/>
</pin_list>
<bind>
<StgValue><ssdm name="_ssdm_op_BitConcatenate.i7.i4.i3"/></StgValue>
</bind>
</comp>

<comp id="82" class="1001" name="const_82">
<pin_list>
<pin id="83" dir="1" index="0" bw="1" slack="0"/>
</pin_list>
<bind>
<StgValue><ssdm name="_ssdm_op_BitConcatenate.i12.i4.i8"/></StgValue>
</bind>
</comp>

<comp id="84" class="1001" name="const_84">
<pin_list>
<pin id="85" dir="1" index="0" bw="1" slack="2147483647"/>
</pin_list>
<bind>
<StgValue><ssdm name=""/></StgValue>
</bind>
</comp>

<comp id="86" class="1001" name="const_86">
<pin_list>
<pin id="87" dir="1" index="0" bw="1" slack="0"/>
</pin_list>
<bind>
<StgValue><ssdm name=""/></StgValue>
</bind>
</comp>

<comp id="88" class="1001" name="const_88">
<pin_list>
<pin id="89" dir="1" index="0" bw="1" slack="0"/>
</pin_list>
<bind>
<StgValue><ssdm name=""/></StgValue>
</bind>
</comp>

<comp id="90" class="1001" name="const_90">
<pin_list>
<pin id="91" dir="1" index="0" bw="1" slack="0"/>
</pin_list>
<bind>
<StgValue><ssdm name="_ssdm_op_BitConcatenate.i18.i10.i8"/></StgValue>
</bind>
</comp>

<comp id="92" class="1001" name="const_92">
<pin_list>
<pin id="93" dir="1" index="0" bw="1" slack="0"/>
</pin_list>
<bind>
<StgValue><ssdm name="_ssdm_op_BitConcatenate.i15.i10.i5"/></StgValue>
</bind>
</comp>

<comp id="94" class="1001" name="const_94">
<pin_list>
<pin id="95" dir="1" index="0" bw="1" slack="0"/>
</pin_list>
<bind>
<StgValue><ssdm name=""/></StgValue>
</bind>
</comp>

<comp id="96" class="1004" name="Y_addr_gep_fu_96">
<pin_list>
<pin id="97" dir="0" index="0" bw="32" slack="0"/>
<pin id="98" dir="0" index="1" bw="1" slack="0"/>
<pin id="99" dir="0" index="2" bw="14" slack="0"/>
<pin id="100" dir="1" index="3" bw="15" slack="0"/>
</pin_list>
<bind>
<opcode="getelementptr(29) " fcode="getelementptr"/>
<opset="Y_addr/4 "/>
</bind>
</comp>

<comp id="103" class="1004" name="grp_access_fu_103">
<pin_list>
<pin id="104" dir="0" index="0" bw="15" slack="0"/>
<pin id="105" dir="0" index="1" bw="32" slack="0"/>
<pin id="106" dir="0" index="2" bw="0" slack="2147483647"/>
<pin id="107" dir="1" index="3" bw="32" slack="1"/>
</pin_list>
<bind>
<opcode="load(27) store(28) " fcode="load"/>
<opset="store_ln78/4 Y_load/34 store_ln88/63 Y_load_1/67 "/>
</bind>
</comp>

<comp id="109" class="1004" name="X_slice3_addr_gep_fu_109">
<pin_list>
<pin id="110" dir="0" index="0" bw="32" slack="0"/>
<pin id="111" dir="0" index="1" bw="1" slack="0"/>
<pin id="112" dir="0" index="2" bw="14" slack="0"/>
<pin id="113" dir="1" index="3" bw="14" slack="0"/>
</pin_list>
<bind>
<opcode="getelementptr(29) " fcode="getelementptr"/>
<opset="X_slice3_addr/5 "/>
</bind>
</comp>

<comp id="116" class="1004" name="grp_access_fu_116">
<pin_list>
<pin id="117" dir="0" index="0" bw="14" slack="0"/>
<pin id="118" dir="0" index="1" bw="32" slack="2147483647"/>
<pin id="119" dir="0" index="2" bw="0" slack="2147483647"/>
<pin id="120" dir="1" index="3" bw="32" slack="1"/>
</pin_list>
<bind>
<opcode="load(27) " fcode="load"/>
<opset="X_slice3_load/5 "/>
</bind>
</comp>

<comp id="122" class="1004" name="ConvW3_addr_gep_fu_122">
<pin_list>
<pin id="123" dir="0" index="0" bw="32" slack="0"/>
<pin id="124" dir="0" index="1" bw="1" slack="0"/>
<pin id="125" dir="0" index="2" bw="13" slack="0"/>
<pin id="126" dir="1" index="3" bw="13" slack="0"/>
</pin_list>
<bind>
<opcode="getelementptr(29) " fcode="getelementptr"/>
<opset="ConvW3_addr/5 "/>
</bind>
</comp>

<comp id="129" class="1004" name="grp_access_fu_129">
<pin_list>
<pin id="130" dir="0" index="0" bw="13" slack="0"/>
<pin id="131" dir="0" index="1" bw="32" slack="2147483647"/>
<pin id="132" dir="0" index="2" bw="0" slack="2147483647"/>
<pin id="133" dir="1" index="3" bw="32" slack="1"/>
</pin_list>
<bind>
<opcode="load(27) " fcode="load"/>
<opset="ConvW3_load/5 "/>
</bind>
</comp>

<comp id="135" class="1004" name="Y_addr12_gep_fu_135">
<pin_list>
<pin id="136" dir="0" index="0" bw="32" slack="0"/>
<pin id="137" dir="0" index="1" bw="1" slack="0"/>
<pin id="138" dir="0" index="2" bw="16" slack="0"/>
<pin id="139" dir="1" index="3" bw="15" slack="17"/>
</pin_list>
<bind>
<opcode="getelementptr(29) " fcode="getelementptr"/>
<opset="Y_addr12/17 "/>
</bind>
</comp>

<comp id="142" class="1004" name="BN1_var3_addr_gep_fu_142">
<pin_list>
<pin id="143" dir="0" index="0" bw="32" slack="0"/>
<pin id="144" dir="0" index="1" bw="1" slack="0"/>
<pin id="145" dir="0" index="2" bw="9" slack="0"/>
<pin id="146" dir="1" index="3" bw="5" slack="0"/>
</pin_list>
<bind>
<opcode="getelementptr(29) " fcode="getelementptr"/>
<opset="BN1_var3_addr/17 "/>
</bind>
</comp>

<comp id="149" class="1004" name="grp_access_fu_149">
<pin_list>
<pin id="150" dir="0" index="0" bw="5" slack="0"/>
<pin id="151" dir="0" index="1" bw="32" slack="2147483647"/>
<pin id="152" dir="0" index="2" bw="0" slack="2147483647"/>
<pin id="153" dir="1" index="3" bw="32" slack="1"/>
</pin_list>
<bind>
<opcode="load(27) " fcode="load"/>
<opset="BN1_var3_load/17 "/>
</bind>
</comp>

<comp id="155" class="1004" name="BN1_gamma3_addr_gep_fu_155">
<pin_list>
<pin id="156" dir="0" index="0" bw="32" slack="0"/>
<pin id="157" dir="0" index="1" bw="1" slack="0"/>
<pin id="158" dir="0" index="2" bw="9" slack="0"/>
<pin id="159" dir="1" index="3" bw="5" slack="0"/>
</pin_list>
<bind>
<opcode="getelementptr(29) " fcode="getelementptr"/>
<opset="BN1_gamma3_addr/17 "/>
</bind>
</comp>

<comp id="162" class="1004" name="grp_access_fu_162">
<pin_list>
<pin id="163" dir="0" index="0" bw="5" slack="0"/>
<pin id="164" dir="0" index="1" bw="32" slack="2147483647"/>
<pin id="165" dir="0" index="2" bw="0" slack="2147483647"/>
<pin id="166" dir="1" index="3" bw="32" slack="34"/>
</pin_list>
<bind>
<opcode="load(27) " fcode="load"/>
<opset="BN1_gamma3_load/17 "/>
</bind>
</comp>

<comp id="168" class="1004" name="Y_addr_5_gep_fu_168">
<pin_list>
<pin id="169" dir="0" index="0" bw="32" slack="0"/>
<pin id="170" dir="0" index="1" bw="1" slack="0"/>
<pin id="171" dir="0" index="2" bw="32" slack="0"/>
<pin id="172" dir="1" index="3" bw="15" slack="0"/>
</pin_list>
<bind>
<opcode="getelementptr(29) " fcode="getelementptr"/>
<opset="Y_addr_5/67 "/>
</bind>
</comp>

<comp id="176" class="1004" name="U_addr_gep_fu_176">
<pin_list>
<pin id="177" dir="0" index="0" bw="32" slack="0"/>
<pin id="178" dir="0" index="1" bw="1" slack="0"/>
<pin id="179" dir="0" index="2" bw="12" slack="0"/>
<pin id="180" dir="1" index="3" bw="9" slack="0"/>
</pin_list>
<bind>
<opcode="getelementptr(29) " fcode="getelementptr"/>
<opset="U_addr/89 "/>
</bind>
</comp>

<comp id="183" class="1004" name="store_ln105_access_fu_183">
<pin_list>
<pin id="184" dir="0" index="0" bw="9" slack="0"/>
<pin id="185" dir="0" index="1" bw="32" slack="1"/>
<pin id="186" dir="0" index="2" bw="0" slack="2147483647"/>
<pin id="187" dir="1" index="3" bw="32" slack="2147483647"/>
</pin_list>
<bind>
<opcode="store(28) " fcode="store"/>
<opset="store_ln105/89 "/>
</bind>
</comp>

<comp id="189" class="1005" name="t_0_reg_189">
<pin_list>
<pin id="190" dir="0" index="0" bw="9" slack="1"/>
<pin id="191" dir="1" index="1" bw="9" slack="1"/>
</pin_list>
<bind>
<opset="t_0 (phireg) "/>
</bind>
</comp>

<comp id="193" class="1004" name="t_0_phi_fu_193">
<pin_list>
<pin id="194" dir="0" index="0" bw="1" slack="1"/>
<pin id="195" dir="0" index="1" bw="0" slack="2147483647"/>
<pin id="196" dir="0" index="2" bw="9" slack="0"/>
<pin id="197" dir="0" index="3" bw="0" slack="2147483647"/>
<pin id="198" dir="1" index="4" bw="9" slack="0"/>
</pin_list>
<bind>
<opcode="phi(47) " fcode="phi"/>
<opset="t_0/2 "/>
</bind>
</comp>

<comp id="201" class="1005" name="f_0_reg_201">
<pin_list>
<pin id="202" dir="0" index="0" bw="6" slack="1"/>
<pin id="203" dir="1" index="1" bw="6" slack="1"/>
</pin_list>
<bind>
<opset="f_0 (phireg) "/>
</bind>
</comp>

<comp id="205" class="1004" name="f_0_phi_fu_205">
<pin_list>
<pin id="206" dir="0" index="0" bw="6" slack="0"/>
<pin id="207" dir="0" index="1" bw="0" slack="2147483647"/>
<pin id="208" dir="0" index="2" bw="1" slack="1"/>
<pin id="209" dir="0" index="3" bw="0" slack="2147483647"/>
<pin id="210" dir="1" index="4" bw="6" slack="0"/>
</pin_list>
<bind>
<opcode="phi(47) " fcode="phi"/>
<opset="f_0/3 "/>
</bind>
</comp>

<comp id="212" class="1005" name="acc_0_reg_212">
<pin_list>
<pin id="213" dir="0" index="0" bw="32" slack="1"/>
<pin id="214" dir="1" index="1" bw="32" slack="1"/>
</pin_list>
<bind>
<opset="acc_0 (phireg) "/>
</bind>
</comp>

<comp id="216" class="1004" name="acc_0_phi_fu_216">
<pin_list>
<pin id="217" dir="0" index="0" bw="32" slack="1"/>
<pin id="218" dir="0" index="1" bw="0" slack="2147483647"/>
<pin id="219" dir="0" index="2" bw="32" slack="1"/>
<pin id="220" dir="0" index="3" bw="0" slack="2147483647"/>
<pin id="221" dir="1" index="4" bw="32" slack="0"/>
</pin_list>
<bind>
<opcode="phi(47) " fcode="phi"/>
<opset="acc_0/4 "/>
</bind>
</comp>

<comp id="225" class="1005" name="k_0_reg_225">
<pin_list>
<pin id="226" dir="0" index="0" bw="3" slack="1"/>
<pin id="227" dir="1" index="1" bw="3" slack="1"/>
</pin_list>
<bind>
<opset="k_0 (phireg) "/>
</bind>
</comp>

<comp id="229" class="1004" name="k_0_phi_fu_229">
<pin_list>
<pin id="230" dir="0" index="0" bw="1" slack="1"/>
<pin id="231" dir="0" index="1" bw="0" slack="2147483647"/>
<pin id="232" dir="0" index="2" bw="3" slack="0"/>
<pin id="233" dir="0" index="3" bw="0" slack="2147483647"/>
<pin id="234" dir="1" index="4" bw="3" slack="0"/>
</pin_list>
<bind>
<opcode="phi(47) " fcode="phi"/>
<opset="k_0/4 "/>
</bind>
</comp>

<comp id="237" class="1005" name="acc_1_reg_237">
<pin_list>
<pin id="238" dir="0" index="0" bw="32" slack="1"/>
<pin id="239" dir="1" index="1" bw="32" slack="1"/>
</pin_list>
<bind>
<opset="acc_1 (phireg) "/>
</bind>
</comp>

<comp id="241" class="1004" name="acc_1_phi_fu_241">
<pin_list>
<pin id="242" dir="0" index="0" bw="32" slack="1"/>
<pin id="243" dir="0" index="1" bw="0" slack="2147483647"/>
<pin id="244" dir="0" index="2" bw="32" slack="1"/>
<pin id="245" dir="0" index="3" bw="0" slack="2147483647"/>
<pin id="246" dir="1" index="4" bw="32" slack="1"/>
</pin_list>
<bind>
<opcode="phi(47) " fcode="phi"/>
<opset="acc_1/5 "/>
</bind>
</comp>

<comp id="249" class="1005" name="e_0_reg_249">
<pin_list>
<pin id="250" dir="0" index="0" bw="6" slack="1"/>
<pin id="251" dir="1" index="1" bw="6" slack="1"/>
</pin_list>
<bind>
<opset="e_0 (phireg) "/>
</bind>
</comp>

<comp id="253" class="1004" name="e_0_phi_fu_253">
<pin_list>
<pin id="254" dir="0" index="0" bw="1" slack="1"/>
<pin id="255" dir="0" index="1" bw="0" slack="2147483647"/>
<pin id="256" dir="0" index="2" bw="6" slack="0"/>
<pin id="257" dir="0" index="3" bw="0" slack="2147483647"/>
<pin id="258" dir="1" index="4" bw="6" slack="0"/>
</pin_list>
<bind>
<opcode="phi(47) " fcode="phi"/>
<opset="e_0/5 "/>
</bind>
</comp>

<comp id="260" class="1005" name="t_1_reg_260">
<pin_list>
<pin id="261" dir="0" index="0" bw="9" slack="1"/>
<pin id="262" dir="1" index="1" bw="9" slack="1"/>
</pin_list>
<bind>
<opset="t_1 (phireg) "/>
</bind>
</comp>

<comp id="264" class="1004" name="t_1_phi_fu_264">
<pin_list>
<pin id="265" dir="0" index="0" bw="9" slack="0"/>
<pin id="266" dir="0" index="1" bw="0" slack="2147483647"/>
<pin id="267" dir="0" index="2" bw="1" slack="1"/>
<pin id="268" dir="0" index="3" bw="0" slack="2147483647"/>
<pin id="269" dir="1" index="4" bw="9" slack="0"/>
</pin_list>
<bind>
<opcode="phi(47) " fcode="phi"/>
<opset="t_1/16 "/>
</bind>
</comp>

<comp id="271" class="1005" name="c_0_reg_271">
<pin_list>
<pin id="272" dir="0" index="0" bw="9" slack="1"/>
<pin id="273" dir="1" index="1" bw="9" slack="1"/>
</pin_list>
<bind>
<opset="c_0 (phireg) "/>
</bind>
</comp>

<comp id="275" class="1004" name="c_0_phi_fu_275">
<pin_list>
<pin id="276" dir="0" index="0" bw="1" slack="1"/>
<pin id="277" dir="0" index="1" bw="0" slack="2147483647"/>
<pin id="278" dir="0" index="2" bw="9" slack="0"/>
<pin id="279" dir="0" index="3" bw="0" slack="2147483647"/>
<pin id="280" dir="1" index="4" bw="9" slack="0"/>
</pin_list>
<bind>
<opcode="phi(47) " fcode="phi"/>
<opset="c_0/17 "/>
</bind>
</comp>

<comp id="282" class="1005" name="u_0_reg_282">
<pin_list>
<pin id="283" dir="0" index="0" bw="4" slack="1"/>
<pin id="284" dir="1" index="1" bw="4" slack="1"/>
</pin_list>
<bind>
<opset="u_0 (phireg) "/>
</bind>
</comp>

<comp id="286" class="1004" name="u_0_phi_fu_286">
<pin_list>
<pin id="287" dir="0" index="0" bw="4" slack="0"/>
<pin id="288" dir="0" index="1" bw="0" slack="2147483647"/>
<pin id="289" dir="0" index="2" bw="1" slack="1"/>
<pin id="290" dir="0" index="3" bw="0" slack="2147483647"/>
<pin id="291" dir="1" index="4" bw="4" slack="0"/>
</pin_list>
<bind>
<opcode="phi(47) " fcode="phi"/>
<opset="u_0/64 "/>
</bind>
</comp>

<comp id="293" class="1005" name="c_1_reg_293">
<pin_list>
<pin id="294" dir="0" index="0" bw="9" slack="1"/>
<pin id="295" dir="1" index="1" bw="9" slack="1"/>
</pin_list>
<bind>
<opset="c_1 (phireg) "/>
</bind>
</comp>

<comp id="297" class="1004" name="c_1_phi_fu_297">
<pin_list>
<pin id="298" dir="0" index="0" bw="9" slack="0"/>
<pin id="299" dir="0" index="1" bw="0" slack="2147483647"/>
<pin id="300" dir="0" index="2" bw="1" slack="1"/>
<pin id="301" dir="0" index="3" bw="0" slack="2147483647"/>
<pin id="302" dir="1" index="4" bw="9" slack="0"/>
</pin_list>
<bind>
<opcode="phi(47) " fcode="phi"/>
<opset="c_1/65 "/>
</bind>
</comp>

<comp id="304" class="1005" name="acc1_0_reg_304">
<pin_list>
<pin id="305" dir="0" index="0" bw="32" slack="1"/>
<pin id="306" dir="1" index="1" bw="32" slack="1"/>
</pin_list>
<bind>
<opset="acc1_0 (phireg) "/>
</bind>
</comp>

<comp id="308" class="1004" name="acc1_0_phi_fu_308">
<pin_list>
<pin id="309" dir="0" index="0" bw="32" slack="1"/>
<pin id="310" dir="0" index="1" bw="0" slack="2147483647"/>
<pin id="311" dir="0" index="2" bw="32" slack="1"/>
<pin id="312" dir="0" index="3" bw="0" slack="2147483647"/>
<pin id="313" dir="1" index="4" bw="32" slack="0"/>
</pin_list>
<bind>
<opcode="phi(47) " fcode="phi"/>
<opset="acc1_0/66 "/>
</bind>
</comp>

<comp id="316" class="1005" name="p_0_reg_316">
<pin_list>
<pin id="317" dir="0" index="0" bw="5" slack="1"/>
<pin id="318" dir="1" index="1" bw="5" slack="1"/>
</pin_list>
<bind>
<opset="p_0 (phireg) "/>
</bind>
</comp>

<comp id="320" class="1004" name="p_0_phi_fu_320">
<pin_list>
<pin id="321" dir="0" index="0" bw="5" slack="0"/>
<pin id="322" dir="0" index="1" bw="0" slack="2147483647"/>
<pin id="323" dir="0" index="2" bw="1" slack="1"/>
<pin id="324" dir="0" index="3" bw="0" slack="2147483647"/>
<pin id="325" dir="1" index="4" bw="5" slack="0"/>
</pin_list>
<bind>
<opcode="phi(47) " fcode="phi"/>
<opset="p_0/66 "/>
</bind>
</comp>

<comp id="327" class="1004" name="grp_fu_327">
<pin_list>
<pin id="328" dir="0" index="0" bw="32" slack="1"/>
<pin id="329" dir="0" index="1" bw="32" slack="0"/>
<pin id="330" dir="1" index="2" bw="32" slack="1"/>
</pin_list>
<bind>
<opcode="fadd(9) " fcode="fadd"/>
<opset="acc/11 tmp_s/19 x/56 acc_2/69 "/>
</bind>
</comp>

<comp id="335" class="1004" name="grp_fu_335">
<pin_list>
<pin id="336" dir="0" index="0" bw="32" slack="1"/>
<pin id="337" dir="0" index="1" bw="32" slack="1"/>
<pin id="338" dir="1" index="2" bw="32" slack="1"/>
</pin_list>
<bind>
<opcode="fmul(13) " fcode="fmul"/>
<opset="tmp_57/7 tmp_56/52 "/>
</bind>
</comp>

<comp id="339" class="1004" name="grp_fu_339">
<pin_list>
<pin id="340" dir="0" index="0" bw="32" slack="0"/>
<pin id="341" dir="0" index="1" bw="32" slack="0"/>
<pin id="342" dir="1" index="2" bw="32" slack="1"/>
</pin_list>
<bind>
<opcode="fdiv(16) " fcode="fdiv"/>
<opset="nrm/36 tmp_58/66 "/>
</bind>
</comp>

<comp id="345" class="1004" name="grp_fu_345">
<pin_list>
<pin id="346" dir="0" index="0" bw="32" slack="1"/>
<pin id="347" dir="0" index="1" bw="32" slack="0"/>
<pin id="348" dir="1" index="2" bw="1" slack="1"/>
</pin_list>
<bind>
<opcode="fcmp(46) " fcode="fcmp"/>
<opset="tmp_15/61 "/>
</bind>
</comp>

<comp id="350" class="1004" name="grp_fu_350">
<pin_list>
<pin id="351" dir="0" index="0" bw="32" slack="0"/>
<pin id="352" dir="0" index="1" bw="32" slack="1"/>
<pin id="353" dir="1" index="2" bw="32" slack="1"/>
</pin_list>
<bind>
<opcode="fsqrt(503) " fcode="fsqrt"/>
<opset="tmp_55/24 "/>
</bind>
</comp>

<comp id="355" class="1005" name="reg_355">
<pin_list>
<pin id="356" dir="0" index="0" bw="32" slack="1"/>
<pin id="357" dir="1" index="1" bw="32" slack="1"/>
</pin_list>
<bind>
<opset="tmp_57 tmp_56 "/>
</bind>
</comp>

<comp id="361" class="1005" name="reg_361">
<pin_list>
<pin id="362" dir="0" index="0" bw="32" slack="1"/>
<pin id="363" dir="1" index="1" bw="32" slack="1"/>
</pin_list>
<bind>
<opset="acc tmp_s x acc_2 "/>
</bind>
</comp>

<comp id="369" class="1005" name="reg_369">
<pin_list>
<pin id="370" dir="0" index="0" bw="32" slack="1"/>
<pin id="371" dir="1" index="1" bw="32" slack="1"/>
</pin_list>
<bind>
<opset="Y_load Y_load_1 "/>
</bind>
</comp>

<comp id="375" class="1005" name="reg_375">
<pin_list>
<pin id="376" dir="0" index="0" bw="32" slack="1"/>
<pin id="377" dir="1" index="1" bw="32" slack="1"/>
</pin_list>
<bind>
<opset="nrm tmp_58 "/>
</bind>
</comp>

<comp id="381" class="1004" name="icmp_ln70_fu_381">
<pin_list>
<pin id="382" dir="0" index="0" bw="9" slack="0"/>
<pin id="383" dir="0" index="1" bw="9" slack="0"/>
<pin id="384" dir="1" index="2" bw="1" slack="2147483647"/>
</pin_list>
<bind>
<opcode="icmp(45) " fcode="icmp"/>
<opset="icmp_ln70/2 "/>
</bind>
</comp>

<comp id="387" class="1004" name="t_fu_387">
<pin_list>
<pin id="388" dir="0" index="0" bw="9" slack="0"/>
<pin id="389" dir="0" index="1" bw="1" slack="0"/>
<pin id="390" dir="1" index="2" bw="9" slack="0"/>
</pin_list>
<bind>
<opcode="add(8) " fcode="add"/>
<opset="t/2 "/>
</bind>
</comp>

<comp id="393" class="1004" name="shl_ln_fu_393">
<pin_list>
<pin id="394" dir="0" index="0" bw="14" slack="0"/>
<pin id="395" dir="0" index="1" bw="9" slack="0"/>
<pin id="396" dir="0" index="2" bw="1" slack="0"/>
<pin id="397" dir="1" index="3" bw="14" slack="2"/>
</pin_list>
<bind>
<opcode="bitconcatenate(1004) " fcode="bitconcatenate"/>
<opset="shl_ln/2 "/>
</bind>
</comp>

<comp id="401" class="1004" name="zext_ln71_fu_401">
<pin_list>
<pin id="402" dir="0" index="0" bw="6" slack="0"/>
<pin id="403" dir="1" index="1" bw="14" slack="1"/>
</pin_list>
<bind>
<opcode="zext(34) " fcode="zext"/>
<opset="zext_ln71/3 "/>
</bind>
</comp>

<comp id="405" class="1004" name="icmp_ln71_fu_405">
<pin_list>
<pin id="406" dir="0" index="0" bw="6" slack="0"/>
<pin id="407" dir="0" index="1" bw="6" slack="0"/>
<pin id="408" dir="1" index="2" bw="1" slack="2147483647"/>
</pin_list>
<bind>
<opcode="icmp(45) " fcode="icmp"/>
<opset="icmp_ln71/3 "/>
</bind>
</comp>

<comp id="411" class="1004" name="f_fu_411">
<pin_list>
<pin id="412" dir="0" index="0" bw="6" slack="0"/>
<pin id="413" dir="0" index="1" bw="1" slack="0"/>
<pin id="414" dir="1" index="2" bw="6" slack="0"/>
</pin_list>
<bind>
<opcode="add(8) " fcode="add"/>
<opset="f/3 "/>
</bind>
</comp>

<comp id="417" class="1004" name="zext_ln73_fu_417">
<pin_list>
<pin id="418" dir="0" index="0" bw="6" slack="0"/>
<pin id="419" dir="1" index="1" bw="13" slack="2"/>
</pin_list>
<bind>
<opcode="zext(34) " fcode="zext"/>
<opset="zext_ln73/3 "/>
</bind>
</comp>

<comp id="421" class="1004" name="icmp_ln73_fu_421">
<pin_list>
<pin id="422" dir="0" index="0" bw="3" slack="0"/>
<pin id="423" dir="0" index="1" bw="3" slack="0"/>
<pin id="424" dir="1" index="2" bw="1" slack="2147483647"/>
</pin_list>
<bind>
<opcode="icmp(45) " fcode="icmp"/>
<opset="icmp_ln73/4 "/>
</bind>
</comp>

<comp id="427" class="1004" name="k_fu_427">
<pin_list>
<pin id="428" dir="0" index="0" bw="3" slack="0"/>
<pin id="429" dir="0" index="1" bw="1" slack="0"/>
<pin id="430" dir="1" index="2" bw="3" slack="0"/>
</pin_list>
<bind>
<opcode="add(8) " fcode="add"/>
<opset="k/4 "/>
</bind>
</comp>

<comp id="433" class="1004" name="zext_ln74_fu_433">
<pin_list>
<pin id="434" dir="0" index="0" bw="3" slack="0"/>
<pin id="435" dir="1" index="1" bw="9" slack="0"/>
</pin_list>
<bind>
<opcode="zext(34) " fcode="zext"/>
<opset="zext_ln74/4 "/>
</bind>
</comp>

<comp id="437" class="1004" name="add_ln74_fu_437">
<pin_list>
<pin id="438" dir="0" index="0" bw="9" slack="2"/>
<pin id="439" dir="0" index="1" bw="3" slack="0"/>
<pin id="440" dir="1" index="2" bw="9" slack="0"/>
</pin_list>
<bind>
<opcode="add(8) " fcode="add"/>
<opset="add_ln74/4 "/>
</bind>
</comp>

<comp id="443" class="1004" name="shl_ln11_fu_443">
<pin_list>
<pin id="444" dir="0" index="0" bw="14" slack="0"/>
<pin id="445" dir="0" index="1" bw="9" slack="0"/>
<pin id="446" dir="0" index="2" bw="1" slack="0"/>
<pin id="447" dir="1" index="3" bw="14" slack="1"/>
</pin_list>
<bind>
<opcode="bitconcatenate(1004) " fcode="bitconcatenate"/>
<opset="shl_ln11/4 "/>
</bind>
</comp>

<comp id="451" class="1004" name="add_ln78_fu_451">
<pin_list>
<pin id="452" dir="0" index="0" bw="14" slack="2"/>
<pin id="453" dir="0" index="1" bw="6" slack="1"/>
<pin id="454" dir="1" index="2" bw="14" slack="0"/>
</pin_list>
<bind>
<opcode="add(8) " fcode="add"/>
<opset="add_ln78/4 "/>
</bind>
</comp>

<comp id="455" class="1004" name="zext_ln78_fu_455">
<pin_list>
<pin id="456" dir="0" index="0" bw="14" slack="0"/>
<pin id="457" dir="1" index="1" bw="64" slack="0"/>
</pin_list>
<bind>
<opcode="zext(34) " fcode="zext"/>
<opset="zext_ln78/4 "/>
</bind>
</comp>

<comp id="460" class="1004" name="icmp_ln76_fu_460">
<pin_list>
<pin id="461" dir="0" index="0" bw="6" slack="0"/>
<pin id="462" dir="0" index="1" bw="6" slack="0"/>
<pin id="463" dir="1" index="2" bw="1" slack="2147483647"/>
</pin_list>
<bind>
<opcode="icmp(45) " fcode="icmp"/>
<opset="icmp_ln76/5 "/>
</bind>
</comp>

<comp id="466" class="1004" name="e_fu_466">
<pin_list>
<pin id="467" dir="0" index="0" bw="6" slack="0"/>
<pin id="468" dir="0" index="1" bw="1" slack="0"/>
<pin id="469" dir="1" index="2" bw="6" slack="0"/>
</pin_list>
<bind>
<opcode="add(8) " fcode="add"/>
<opset="e/5 "/>
</bind>
</comp>

<comp id="472" class="1004" name="zext_ln76_fu_472">
<pin_list>
<pin id="473" dir="0" index="0" bw="6" slack="0"/>
<pin id="474" dir="1" index="1" bw="14" slack="0"/>
</pin_list>
<bind>
<opcode="zext(34) " fcode="zext"/>
<opset="zext_ln76/5 "/>
</bind>
</comp>

<comp id="476" class="1004" name="add_ln76_fu_476">
<pin_list>
<pin id="477" dir="0" index="0" bw="6" slack="0"/>
<pin id="478" dir="0" index="1" bw="14" slack="1"/>
<pin id="479" dir="1" index="2" bw="14" slack="0"/>
</pin_list>
<bind>
<opcode="add(8) " fcode="add"/>
<opset="add_ln76/5 "/>
</bind>
</comp>

<comp id="481" class="1004" name="zext_ln76_7_fu_481">
<pin_list>
<pin id="482" dir="0" index="0" bw="14" slack="0"/>
<pin id="483" dir="1" index="1" bw="64" slack="0"/>
</pin_list>
<bind>
<opcode="zext(34) " fcode="zext"/>
<opset="zext_ln76_7/5 "/>
</bind>
</comp>

<comp id="486" class="1004" name="trunc_ln76_fu_486">
<pin_list>
<pin id="487" dir="0" index="0" bw="6" slack="0"/>
<pin id="488" dir="1" index="1" bw="5" slack="0"/>
</pin_list>
<bind>
<opcode="trunc(33) " fcode="trunc"/>
<opset="trunc_ln76/5 "/>
</bind>
</comp>

<comp id="490" class="1004" name="tmp_fu_490">
<pin_list>
<pin id="491" dir="0" index="0" bw="13" slack="0"/>
<pin id="492" dir="0" index="1" bw="3" slack="1"/>
<pin id="493" dir="0" index="2" bw="5" slack="0"/>
<pin id="494" dir="0" index="3" bw="1" slack="0"/>
<pin id="495" dir="1" index="4" bw="13" slack="0"/>
</pin_list>
<bind>
<opcode="bitconcatenate(1004) " fcode="bitconcatenate"/>
<opset="tmp/5 "/>
</bind>
</comp>

<comp id="500" class="1004" name="add_ln76_7_fu_500">
<pin_list>
<pin id="501" dir="0" index="0" bw="6" slack="2"/>
<pin id="502" dir="0" index="1" bw="13" slack="0"/>
<pin id="503" dir="1" index="2" bw="13" slack="0"/>
</pin_list>
<bind>
<opcode="add(8) " fcode="add"/>
<opset="add_ln76_7/5 "/>
</bind>
</comp>

<comp id="505" class="1004" name="zext_ln76_8_fu_505">
<pin_list>
<pin id="506" dir="0" index="0" bw="13" slack="0"/>
<pin id="507" dir="1" index="1" bw="64" slack="0"/>
</pin_list>
<bind>
<opcode="zext(34) " fcode="zext"/>
<opset="zext_ln76_8/5 "/>
</bind>
</comp>

<comp id="510" class="1004" name="icmp_ln82_fu_510">
<pin_list>
<pin id="511" dir="0" index="0" bw="9" slack="0"/>
<pin id="512" dir="0" index="1" bw="9" slack="0"/>
<pin id="513" dir="1" index="2" bw="1" slack="2147483647"/>
</pin_list>
<bind>
<opcode="icmp(45) " fcode="icmp"/>
<opset="icmp_ln82/16 "/>
</bind>
</comp>

<comp id="516" class="1004" name="t_5_fu_516">
<pin_list>
<pin id="517" dir="0" index="0" bw="9" slack="0"/>
<pin id="518" dir="0" index="1" bw="1" slack="0"/>
<pin id="519" dir="1" index="2" bw="9" slack="0"/>
</pin_list>
<bind>
<opcode="add(8) " fcode="add"/>
<opset="t_5/16 "/>
</bind>
</comp>

<comp id="522" class="1004" name="trunc_ln84_fu_522">
<pin_list>
<pin id="523" dir="0" index="0" bw="9" slack="0"/>
<pin id="524" dir="1" index="1" bw="8" slack="0"/>
</pin_list>
<bind>
<opcode="trunc(33) " fcode="trunc"/>
<opset="trunc_ln84/16 "/>
</bind>
</comp>

<comp id="526" class="1004" name="shl_ln7_fu_526">
<pin_list>
<pin id="527" dir="0" index="0" bw="16" slack="0"/>
<pin id="528" dir="0" index="1" bw="8" slack="0"/>
<pin id="529" dir="0" index="2" bw="1" slack="0"/>
<pin id="530" dir="1" index="3" bw="16" slack="0"/>
</pin_list>
<bind>
<opcode="bitconcatenate(1004) " fcode="bitconcatenate"/>
<opset="shl_ln7/16 "/>
</bind>
</comp>

<comp id="534" class="1004" name="shl_ln8_fu_534">
<pin_list>
<pin id="535" dir="0" index="0" bw="14" slack="0"/>
<pin id="536" dir="0" index="1" bw="9" slack="0"/>
<pin id="537" dir="0" index="2" bw="1" slack="0"/>
<pin id="538" dir="1" index="3" bw="14" slack="0"/>
</pin_list>
<bind>
<opcode="bitconcatenate(1004) " fcode="bitconcatenate"/>
<opset="shl_ln8/16 "/>
</bind>
</comp>

<comp id="542" class="1004" name="zext_ln84_fu_542">
<pin_list>
<pin id="543" dir="0" index="0" bw="14" slack="0"/>
<pin id="544" dir="1" index="1" bw="16" slack="0"/>
</pin_list>
<bind>
<opcode="zext(34) " fcode="zext"/>
<opset="zext_ln84/16 "/>
</bind>
</comp>

<comp id="546" class="1004" name="add_ln84_fu_546">
<pin_list>
<pin id="547" dir="0" index="0" bw="16" slack="0"/>
<pin id="548" dir="0" index="1" bw="14" slack="0"/>
<pin id="549" dir="1" index="2" bw="16" slack="1"/>
</pin_list>
<bind>
<opcode="add(8) " fcode="add"/>
<opset="add_ln84/16 "/>
</bind>
</comp>

<comp id="552" class="1004" name="icmp_ln84_fu_552">
<pin_list>
<pin id="553" dir="0" index="0" bw="9" slack="0"/>
<pin id="554" dir="0" index="1" bw="9" slack="0"/>
<pin id="555" dir="1" index="2" bw="1" slack="2147483647"/>
</pin_list>
<bind>
<opcode="icmp(45) " fcode="icmp"/>
<opset="icmp_ln84/17 "/>
</bind>
</comp>

<comp id="558" class="1004" name="c_fu_558">
<pin_list>
<pin id="559" dir="0" index="0" bw="9" slack="0"/>
<pin id="560" dir="0" index="1" bw="1" slack="0"/>
<pin id="561" dir="1" index="2" bw="9" slack="0"/>
</pin_list>
<bind>
<opcode="add(8) " fcode="add"/>
<opset="c/17 "/>
</bind>
</comp>

<comp id="564" class="1004" name="zext_ln85_fu_564">
<pin_list>
<pin id="565" dir="0" index="0" bw="9" slack="0"/>
<pin id="566" dir="1" index="1" bw="64" slack="0"/>
</pin_list>
<bind>
<opcode="zext(34) " fcode="zext"/>
<opset="zext_ln85/17 "/>
</bind>
</comp>

<comp id="570" class="1004" name="zext_ln85_7_fu_570">
<pin_list>
<pin id="571" dir="0" index="0" bw="9" slack="0"/>
<pin id="572" dir="1" index="1" bw="16" slack="0"/>
</pin_list>
<bind>
<opcode="zext(34) " fcode="zext"/>
<opset="zext_ln85_7/17 "/>
</bind>
</comp>

<comp id="574" class="1004" name="add_ln85_fu_574">
<pin_list>
<pin id="575" dir="0" index="0" bw="16" slack="1"/>
<pin id="576" dir="0" index="1" bw="9" slack="0"/>
<pin id="577" dir="1" index="2" bw="16" slack="0"/>
</pin_list>
<bind>
<opcode="add(8) " fcode="add"/>
<opset="add_ln85/17 "/>
</bind>
</comp>

<comp id="579" class="1004" name="zext_ln85_8_fu_579">
<pin_list>
<pin id="580" dir="0" index="0" bw="16" slack="0"/>
<pin id="581" dir="1" index="1" bw="64" slack="0"/>
</pin_list>
<bind>
<opcode="zext(34) " fcode="zext"/>
<opset="zext_ln85_8/17 "/>
</bind>
</comp>

<comp id="584" class="1004" name="bitcast_ln43_fu_584">
<pin_list>
<pin id="585" dir="0" index="0" bw="32" slack="3"/>
<pin id="586" dir="1" index="1" bw="32" slack="0"/>
</pin_list>
<bind>
<opcode="bitcast(44) " fcode="bitcast"/>
<opset="bitcast_ln43/63 "/>
</bind>
</comp>

<comp id="588" class="1004" name="tmp_14_fu_588">
<pin_list>
<pin id="589" dir="0" index="0" bw="8" slack="0"/>
<pin id="590" dir="0" index="1" bw="32" slack="0"/>
<pin id="591" dir="0" index="2" bw="6" slack="0"/>
<pin id="592" dir="0" index="3" bw="6" slack="0"/>
<pin id="593" dir="1" index="4" bw="8" slack="0"/>
</pin_list>
<bind>
<opcode="partselect(1002) " fcode="partselect"/>
<opset="tmp_14/63 "/>
</bind>
</comp>

<comp id="598" class="1004" name="trunc_ln43_fu_598">
<pin_list>
<pin id="599" dir="0" index="0" bw="32" slack="0"/>
<pin id="600" dir="1" index="1" bw="23" slack="0"/>
</pin_list>
<bind>
<opcode="trunc(33) " fcode="trunc"/>
<opset="trunc_ln43/63 "/>
</bind>
</comp>

<comp id="602" class="1004" name="icmp_ln43_fu_602">
<pin_list>
<pin id="603" dir="0" index="0" bw="8" slack="0"/>
<pin id="604" dir="0" index="1" bw="8" slack="0"/>
<pin id="605" dir="1" index="2" bw="1" slack="0"/>
</pin_list>
<bind>
<opcode="icmp(45) " fcode="icmp"/>
<opset="icmp_ln43/63 "/>
</bind>
</comp>

<comp id="608" class="1004" name="icmp_ln43_7_fu_608">
<pin_list>
<pin id="609" dir="0" index="0" bw="23" slack="0"/>
<pin id="610" dir="0" index="1" bw="23" slack="0"/>
<pin id="611" dir="1" index="2" bw="1" slack="0"/>
</pin_list>
<bind>
<opcode="icmp(45) " fcode="icmp"/>
<opset="icmp_ln43_7/63 "/>
</bind>
</comp>

<comp id="614" class="1004" name="or_ln43_fu_614">
<pin_list>
<pin id="615" dir="0" index="0" bw="1" slack="0"/>
<pin id="616" dir="0" index="1" bw="1" slack="0"/>
<pin id="617" dir="1" index="2" bw="1" slack="0"/>
</pin_list>
<bind>
<opcode="or(24) " fcode="or"/>
<opset="or_ln43/63 "/>
</bind>
</comp>

<comp id="620" class="1004" name="and_ln43_fu_620">
<pin_list>
<pin id="621" dir="0" index="0" bw="1" slack="0"/>
<pin id="622" dir="0" index="1" bw="1" slack="1"/>
<pin id="623" dir="1" index="2" bw="1" slack="0"/>
</pin_list>
<bind>
<opcode="and(23) " fcode="and"/>
<opset="and_ln43/63 "/>
</bind>
</comp>

<comp id="625" class="1004" name="select_ln43_fu_625">
<pin_list>
<pin id="626" dir="0" index="0" bw="1" slack="0"/>
<pin id="627" dir="0" index="1" bw="32" slack="3"/>
<pin id="628" dir="0" index="2" bw="32" slack="0"/>
<pin id="629" dir="1" index="3" bw="32" slack="0"/>
</pin_list>
<bind>
<opcode="select(49) " fcode="select"/>
<opset="select_ln43/63 "/>
</bind>
</comp>

<comp id="634" class="1004" name="icmp_ln101_fu_634">
<pin_list>
<pin id="635" dir="0" index="0" bw="4" slack="0"/>
<pin id="636" dir="0" index="1" bw="4" slack="0"/>
<pin id="637" dir="1" index="2" bw="1" slack="2147483647"/>
</pin_list>
<bind>
<opcode="icmp(45) " fcode="icmp"/>
<opset="icmp_ln101/64 "/>
</bind>
</comp>

<comp id="640" class="1004" name="u_fu_640">
<pin_list>
<pin id="641" dir="0" index="0" bw="4" slack="0"/>
<pin id="642" dir="0" index="1" bw="1" slack="0"/>
<pin id="643" dir="1" index="2" bw="4" slack="0"/>
</pin_list>
<bind>
<opcode="add(8) " fcode="add"/>
<opset="u/64 "/>
</bind>
</comp>

<comp id="646" class="1004" name="shl_ln9_fu_646">
<pin_list>
<pin id="647" dir="0" index="0" bw="9" slack="0"/>
<pin id="648" dir="0" index="1" bw="4" slack="0"/>
<pin id="649" dir="0" index="2" bw="1" slack="0"/>
<pin id="650" dir="1" index="3" bw="9" slack="0"/>
</pin_list>
<bind>
<opcode="bitconcatenate(1004) " fcode="bitconcatenate"/>
<opset="shl_ln9/64 "/>
</bind>
</comp>

<comp id="654" class="1004" name="zext_ln104_6_fu_654">
<pin_list>
<pin id="655" dir="0" index="0" bw="9" slack="0"/>
<pin id="656" dir="1" index="1" bw="10" slack="0"/>
</pin_list>
<bind>
<opcode="zext(34) " fcode="zext"/>
<opset="zext_ln104_6/64 "/>
</bind>
</comp>

<comp id="658" class="1004" name="shl_ln104_9_fu_658">
<pin_list>
<pin id="659" dir="0" index="0" bw="7" slack="0"/>
<pin id="660" dir="0" index="1" bw="4" slack="0"/>
<pin id="661" dir="0" index="2" bw="1" slack="0"/>
<pin id="662" dir="1" index="3" bw="7" slack="0"/>
</pin_list>
<bind>
<opcode="bitconcatenate(1004) " fcode="bitconcatenate"/>
<opset="shl_ln104_9/64 "/>
</bind>
</comp>

<comp id="666" class="1004" name="zext_ln104_7_fu_666">
<pin_list>
<pin id="667" dir="0" index="0" bw="7" slack="0"/>
<pin id="668" dir="1" index="1" bw="10" slack="0"/>
</pin_list>
<bind>
<opcode="zext(34) " fcode="zext"/>
<opset="zext_ln104_7/64 "/>
</bind>
</comp>

<comp id="670" class="1004" name="sub_ln104_fu_670">
<pin_list>
<pin id="671" dir="0" index="0" bw="9" slack="0"/>
<pin id="672" dir="0" index="1" bw="7" slack="0"/>
<pin id="673" dir="1" index="2" bw="10" slack="2"/>
</pin_list>
<bind>
<opcode="sub(10) " fcode="sub"/>
<opset="sub_ln104/64 "/>
</bind>
</comp>

<comp id="676" class="1004" name="shl_ln10_fu_676">
<pin_list>
<pin id="677" dir="0" index="0" bw="12" slack="0"/>
<pin id="678" dir="0" index="1" bw="4" slack="0"/>
<pin id="679" dir="0" index="2" bw="1" slack="0"/>
<pin id="680" dir="1" index="3" bw="12" slack="2"/>
</pin_list>
<bind>
<opcode="bitconcatenate(1004) " fcode="bitconcatenate"/>
<opset="shl_ln10/64 "/>
</bind>
</comp>

<comp id="684" class="1004" name="c_1_cast4_fu_684">
<pin_list>
<pin id="685" dir="0" index="0" bw="9" slack="0"/>
<pin id="686" dir="1" index="1" bw="10" slack="1"/>
</pin_list>
<bind>
<opcode="zext(34) " fcode="zext"/>
<opset="c_1_cast4/65 "/>
</bind>
</comp>

<comp id="688" class="1004" name="c_1_cast_fu_688">
<pin_list>
<pin id="689" dir="0" index="0" bw="9" slack="0"/>
<pin id="690" dir="1" index="1" bw="15" slack="1"/>
</pin_list>
<bind>
<opcode="zext(34) " fcode="zext"/>
<opset="c_1_cast/65 "/>
</bind>
</comp>

<comp id="692" class="1004" name="icmp_ln102_fu_692">
<pin_list>
<pin id="693" dir="0" index="0" bw="9" slack="0"/>
<pin id="694" dir="0" index="1" bw="9" slack="0"/>
<pin id="695" dir="1" index="2" bw="1" slack="2147483647"/>
</pin_list>
<bind>
<opcode="icmp(45) " fcode="icmp"/>
<opset="icmp_ln102/65 "/>
</bind>
</comp>

<comp id="698" class="1004" name="c_9_fu_698">
<pin_list>
<pin id="699" dir="0" index="0" bw="9" slack="0"/>
<pin id="700" dir="0" index="1" bw="1" slack="0"/>
<pin id="701" dir="1" index="2" bw="9" slack="0"/>
</pin_list>
<bind>
<opcode="add(8) " fcode="add"/>
<opset="c_9/65 "/>
</bind>
</comp>

<comp id="704" class="1004" name="p_0_cast_fu_704">
<pin_list>
<pin id="705" dir="0" index="0" bw="5" slack="0"/>
<pin id="706" dir="1" index="1" bw="10" slack="0"/>
</pin_list>
<bind>
<opcode="zext(34) " fcode="zext"/>
<opset="p_0_cast/66 "/>
</bind>
</comp>

<comp id="708" class="1004" name="icmp_ln104_fu_708">
<pin_list>
<pin id="709" dir="0" index="0" bw="5" slack="0"/>
<pin id="710" dir="0" index="1" bw="5" slack="0"/>
<pin id="711" dir="1" index="2" bw="1" slack="2147483647"/>
</pin_list>
<bind>
<opcode="icmp(45) " fcode="icmp"/>
<opset="icmp_ln104/66 "/>
</bind>
</comp>

<comp id="714" class="1004" name="p_fu_714">
<pin_list>
<pin id="715" dir="0" index="0" bw="5" slack="0"/>
<pin id="716" dir="0" index="1" bw="1" slack="0"/>
<pin id="717" dir="1" index="2" bw="5" slack="0"/>
</pin_list>
<bind>
<opcode="add(8) " fcode="add"/>
<opset="p/66 "/>
</bind>
</comp>

<comp id="720" class="1004" name="add_ln104_fu_720">
<pin_list>
<pin id="721" dir="0" index="0" bw="5" slack="0"/>
<pin id="722" dir="0" index="1" bw="10" slack="2"/>
<pin id="723" dir="1" index="2" bw="10" slack="0"/>
</pin_list>
<bind>
<opcode="add(8) " fcode="add"/>
<opset="add_ln104/66 "/>
</bind>
</comp>

<comp id="725" class="1004" name="shl_ln104_s_fu_725">
<pin_list>
<pin id="726" dir="0" index="0" bw="18" slack="0"/>
<pin id="727" dir="0" index="1" bw="10" slack="0"/>
<pin id="728" dir="0" index="2" bw="1" slack="0"/>
<pin id="729" dir="1" index="3" bw="18" slack="0"/>
</pin_list>
<bind>
<opcode="bitconcatenate(1004) " fcode="bitconcatenate"/>
<opset="shl_ln104_s/66 "/>
</bind>
</comp>

<comp id="733" class="1004" name="shl_ln104_1_fu_733">
<pin_list>
<pin id="734" dir="0" index="0" bw="15" slack="0"/>
<pin id="735" dir="0" index="1" bw="10" slack="0"/>
<pin id="736" dir="0" index="2" bw="1" slack="0"/>
<pin id="737" dir="1" index="3" bw="15" slack="0"/>
</pin_list>
<bind>
<opcode="bitconcatenate(1004) " fcode="bitconcatenate"/>
<opset="shl_ln104_1/66 "/>
</bind>
</comp>

<comp id="741" class="1004" name="add_ln104_8_fu_741">
<pin_list>
<pin id="742" dir="0" index="0" bw="9" slack="1"/>
<pin id="743" dir="0" index="1" bw="15" slack="0"/>
<pin id="744" dir="1" index="2" bw="15" slack="0"/>
</pin_list>
<bind>
<opcode="add(8) " fcode="add"/>
<opset="add_ln104_8/66 "/>
</bind>
</comp>

<comp id="746" class="1004" name="sext_ln104_fu_746">
<pin_list>
<pin id="747" dir="0" index="0" bw="15" slack="0"/>
<pin id="748" dir="1" index="1" bw="18" slack="0"/>
</pin_list>
<bind>
<opcode="sext(35) " fcode="sext"/>
<opset="sext_ln104/66 "/>
</bind>
</comp>

<comp id="750" class="1004" name="add_ln104_1_fu_750">
<pin_list>
<pin id="751" dir="0" index="0" bw="18" slack="0"/>
<pin id="752" dir="0" index="1" bw="15" slack="0"/>
<pin id="753" dir="1" index="2" bw="18" slack="1"/>
</pin_list>
<bind>
<opcode="add(8) " fcode="add"/>
<opset="add_ln104_1/66 "/>
</bind>
</comp>

<comp id="756" class="1004" name="add_ln105_4_fu_756">
<pin_list>
<pin id="757" dir="0" index="0" bw="9" slack="2"/>
<pin id="758" dir="0" index="1" bw="9" slack="1"/>
<pin id="759" dir="1" index="2" bw="10" slack="0"/>
</pin_list>
<bind>
<opcode="add(8) " fcode="add"/>
<opset="add_ln105_4/66 "/>
</bind>
</comp>

<comp id="760" class="1004" name="zext_ln105_4_fu_760">
<pin_list>
<pin id="761" dir="0" index="0" bw="10" slack="0"/>
<pin id="762" dir="1" index="1" bw="12" slack="0"/>
</pin_list>
<bind>
<opcode="zext(34) " fcode="zext"/>
<opset="zext_ln105_4/66 "/>
</bind>
</comp>

<comp id="764" class="1004" name="add_ln105_fu_764">
<pin_list>
<pin id="765" dir="0" index="0" bw="10" slack="0"/>
<pin id="766" dir="0" index="1" bw="12" slack="2"/>
<pin id="767" dir="1" index="2" bw="12" slack="16"/>
</pin_list>
<bind>
<opcode="add(8) " fcode="add"/>
<opset="add_ln105/66 "/>
</bind>
</comp>

<comp id="769" class="1004" name="sext_ln104_4_fu_769">
<pin_list>
<pin id="770" dir="0" index="0" bw="18" slack="1"/>
<pin id="771" dir="1" index="1" bw="32" slack="0"/>
</pin_list>
<bind>
<opcode="sext(35) " fcode="sext"/>
<opset="sext_ln104_4/67 "/>
</bind>
</comp>

<comp id="772" class="1004" name="zext_ln104_fu_772">
<pin_list>
<pin id="773" dir="0" index="0" bw="18" slack="0"/>
<pin id="774" dir="1" index="1" bw="64" slack="0"/>
</pin_list>
<bind>
<opcode="zext(34) " fcode="zext"/>
<opset="zext_ln104/67 "/>
</bind>
</comp>

<comp id="777" class="1004" name="zext_ln105_fu_777">
<pin_list>
<pin id="778" dir="0" index="0" bw="12" slack="16"/>
<pin id="779" dir="1" index="1" bw="64" slack="0"/>
</pin_list>
<bind>
<opcode="zext(34) " fcode="zext"/>
<opset="zext_ln105/89 "/>
</bind>
</comp>

<comp id="784" class="1005" name="t_reg_784">
<pin_list>
<pin id="785" dir="0" index="0" bw="9" slack="0"/>
<pin id="786" dir="1" index="1" bw="9" slack="0"/>
</pin_list>
<bind>
<opset="t "/>
</bind>
</comp>

<comp id="789" class="1005" name="shl_ln_reg_789">
<pin_list>
<pin id="790" dir="0" index="0" bw="14" slack="2"/>
<pin id="791" dir="1" index="1" bw="14" slack="2"/>
</pin_list>
<bind>
<opset="shl_ln "/>
</bind>
</comp>

<comp id="794" class="1005" name="zext_ln71_reg_794">
<pin_list>
<pin id="795" dir="0" index="0" bw="14" slack="1"/>
<pin id="796" dir="1" index="1" bw="14" slack="1"/>
</pin_list>
<bind>
<opset="zext_ln71 "/>
</bind>
</comp>

<comp id="802" class="1005" name="f_reg_802">
<pin_list>
<pin id="803" dir="0" index="0" bw="6" slack="0"/>
<pin id="804" dir="1" index="1" bw="6" slack="0"/>
</pin_list>
<bind>
<opset="f "/>
</bind>
</comp>

<comp id="807" class="1005" name="zext_ln73_reg_807">
<pin_list>
<pin id="808" dir="0" index="0" bw="13" slack="2"/>
<pin id="809" dir="1" index="1" bw="13" slack="2"/>
</pin_list>
<bind>
<opset="zext_ln73 "/>
</bind>
</comp>

<comp id="815" class="1005" name="k_reg_815">
<pin_list>
<pin id="816" dir="0" index="0" bw="3" slack="0"/>
<pin id="817" dir="1" index="1" bw="3" slack="0"/>
</pin_list>
<bind>
<opset="k "/>
</bind>
</comp>

<comp id="820" class="1005" name="shl_ln11_reg_820">
<pin_list>
<pin id="821" dir="0" index="0" bw="14" slack="1"/>
<pin id="822" dir="1" index="1" bw="14" slack="1"/>
</pin_list>
<bind>
<opset="shl_ln11 "/>
</bind>
</comp>

<comp id="828" class="1005" name="e_reg_828">
<pin_list>
<pin id="829" dir="0" index="0" bw="6" slack="0"/>
<pin id="830" dir="1" index="1" bw="6" slack="0"/>
</pin_list>
<bind>
<opset="e "/>
</bind>
</comp>

<comp id="833" class="1005" name="X_slice3_addr_reg_833">
<pin_list>
<pin id="834" dir="0" index="0" bw="14" slack="1"/>
<pin id="835" dir="1" index="1" bw="14" slack="1"/>
</pin_list>
<bind>
<opset="X_slice3_addr "/>
</bind>
</comp>

<comp id="838" class="1005" name="ConvW3_addr_reg_838">
<pin_list>
<pin id="839" dir="0" index="0" bw="13" slack="1"/>
<pin id="840" dir="1" index="1" bw="13" slack="1"/>
</pin_list>
<bind>
<opset="ConvW3_addr "/>
</bind>
</comp>

<comp id="843" class="1005" name="X_slice3_load_reg_843">
<pin_list>
<pin id="844" dir="0" index="0" bw="32" slack="1"/>
<pin id="845" dir="1" index="1" bw="32" slack="1"/>
</pin_list>
<bind>
<opset="X_slice3_load "/>
</bind>
</comp>

<comp id="848" class="1005" name="ConvW3_load_reg_848">
<pin_list>
<pin id="849" dir="0" index="0" bw="32" slack="1"/>
<pin id="850" dir="1" index="1" bw="32" slack="1"/>
</pin_list>
<bind>
<opset="ConvW3_load "/>
</bind>
</comp>

<comp id="856" class="1005" name="t_5_reg_856">
<pin_list>
<pin id="857" dir="0" index="0" bw="9" slack="0"/>
<pin id="858" dir="1" index="1" bw="9" slack="0"/>
</pin_list>
<bind>
<opset="t_5 "/>
</bind>
</comp>

<comp id="861" class="1005" name="add_ln84_reg_861">
<pin_list>
<pin id="862" dir="0" index="0" bw="16" slack="1"/>
<pin id="863" dir="1" index="1" bw="16" slack="1"/>
</pin_list>
<bind>
<opset="add_ln84 "/>
</bind>
</comp>

<comp id="869" class="1005" name="c_reg_869">
<pin_list>
<pin id="870" dir="0" index="0" bw="9" slack="0"/>
<pin id="871" dir="1" index="1" bw="9" slack="0"/>
</pin_list>
<bind>
<opset="c "/>
</bind>
</comp>

<comp id="874" class="1005" name="Y_addr12_reg_874">
<pin_list>
<pin id="875" dir="0" index="0" bw="15" slack="17"/>
<pin id="876" dir="1" index="1" bw="15" slack="17"/>
</pin_list>
<bind>
<opset="Y_addr12 "/>
</bind>
</comp>

<comp id="879" class="1005" name="BN1_var3_addr_reg_879">
<pin_list>
<pin id="880" dir="0" index="0" bw="5" slack="1"/>
<pin id="881" dir="1" index="1" bw="5" slack="1"/>
</pin_list>
<bind>
<opset="BN1_var3_addr "/>
</bind>
</comp>

<comp id="884" class="1005" name="BN1_gamma3_addr_reg_884">
<pin_list>
<pin id="885" dir="0" index="0" bw="5" slack="1"/>
<pin id="886" dir="1" index="1" bw="5" slack="1"/>
</pin_list>
<bind>
<opset="BN1_gamma3_addr "/>
</bind>
</comp>

<comp id="889" class="1005" name="BN1_var3_load_reg_889">
<pin_list>
<pin id="890" dir="0" index="0" bw="32" slack="1"/>
<pin id="891" dir="1" index="1" bw="32" slack="1"/>
</pin_list>
<bind>
<opset="BN1_var3_load "/>
</bind>
</comp>

<comp id="894" class="1005" name="BN1_gamma3_load_reg_894">
<pin_list>
<pin id="895" dir="0" index="0" bw="32" slack="34"/>
<pin id="896" dir="1" index="1" bw="32" slack="34"/>
</pin_list>
<bind>
<opset="BN1_gamma3_load "/>
</bind>
</comp>

<comp id="899" class="1005" name="tmp_55_reg_899">
<pin_list>
<pin id="900" dir="0" index="0" bw="32" slack="1"/>
<pin id="901" dir="1" index="1" bw="32" slack="1"/>
</pin_list>
<bind>
<opset="tmp_55 "/>
</bind>
</comp>

<comp id="904" class="1005" name="tmp_15_reg_904">
<pin_list>
<pin id="905" dir="0" index="0" bw="1" slack="1"/>
<pin id="906" dir="1" index="1" bw="1" slack="1"/>
</pin_list>
<bind>
<opset="tmp_15 "/>
</bind>
</comp>

<comp id="912" class="1005" name="u_reg_912">
<pin_list>
<pin id="913" dir="0" index="0" bw="4" slack="0"/>
<pin id="914" dir="1" index="1" bw="4" slack="0"/>
</pin_list>
<bind>
<opset="u "/>
</bind>
</comp>

<comp id="917" class="1005" name="zext_ln104_6_reg_917">
<pin_list>
<pin id="918" dir="0" index="0" bw="10" slack="2"/>
<pin id="919" dir="1" index="1" bw="10" slack="2"/>
</pin_list>
<bind>
<opset="zext_ln104_6 "/>
</bind>
</comp>

<comp id="922" class="1005" name="sub_ln104_reg_922">
<pin_list>
<pin id="923" dir="0" index="0" bw="10" slack="2"/>
<pin id="924" dir="1" index="1" bw="10" slack="2"/>
</pin_list>
<bind>
<opset="sub_ln104 "/>
</bind>
</comp>

<comp id="927" class="1005" name="shl_ln10_reg_927">
<pin_list>
<pin id="928" dir="0" index="0" bw="12" slack="2"/>
<pin id="929" dir="1" index="1" bw="12" slack="2"/>
</pin_list>
<bind>
<opset="shl_ln10 "/>
</bind>
</comp>

<comp id="932" class="1005" name="c_1_cast4_reg_932">
<pin_list>
<pin id="933" dir="0" index="0" bw="10" slack="1"/>
<pin id="934" dir="1" index="1" bw="10" slack="1"/>
</pin_list>
<bind>
<opset="c_1_cast4 "/>
</bind>
</comp>

<comp id="937" class="1005" name="c_1_cast_reg_937">
<pin_list>
<pin id="938" dir="0" index="0" bw="15" slack="1"/>
<pin id="939" dir="1" index="1" bw="15" slack="1"/>
</pin_list>
<bind>
<opset="c_1_cast "/>
</bind>
</comp>

<comp id="945" class="1005" name="c_9_reg_945">
<pin_list>
<pin id="946" dir="0" index="0" bw="9" slack="0"/>
<pin id="947" dir="1" index="1" bw="9" slack="0"/>
</pin_list>
<bind>
<opset="c_9 "/>
</bind>
</comp>

<comp id="953" class="1005" name="p_reg_953">
<pin_list>
<pin id="954" dir="0" index="0" bw="5" slack="0"/>
<pin id="955" dir="1" index="1" bw="5" slack="0"/>
</pin_list>
<bind>
<opset="p "/>
</bind>
</comp>

<comp id="958" class="1005" name="add_ln104_1_reg_958">
<pin_list>
<pin id="959" dir="0" index="0" bw="18" slack="1"/>
<pin id="960" dir="1" index="1" bw="18" slack="1"/>
</pin_list>
<bind>
<opset="add_ln104_1 "/>
</bind>
</comp>

<comp id="963" class="1005" name="add_ln105_reg_963">
<pin_list>
<pin id="964" dir="0" index="0" bw="12" slack="16"/>
<pin id="965" dir="1" index="1" bw="12" slack="16"/>
</pin_list>
<bind>
<opset="add_ln105 "/>
</bind>
</comp>

<comp id="968" class="1005" name="Y_addr_5_reg_968">
<pin_list>
<pin id="969" dir="0" index="0" bw="15" slack="1"/>
<pin id="970" dir="1" index="1" bw="15" slack="1"/>
</pin_list>
<bind>
<opset="Y_addr_5 "/>
</bind>
</comp>

</comp_list>

<net_list>
<net id="101"><net_src comp="0" pin="0"/><net_sink comp="96" pin=0"/></net>

<net id="102"><net_src comp="44" pin="0"/><net_sink comp="96" pin=1"/></net>

<net id="108"><net_src comp="96" pin="3"/><net_sink comp="103" pin=0"/></net>

<net id="114"><net_src comp="4" pin="0"/><net_sink comp="109" pin=0"/></net>

<net id="115"><net_src comp="44" pin="0"/><net_sink comp="109" pin=1"/></net>

<net id="121"><net_src comp="109" pin="3"/><net_sink comp="116" pin=0"/></net>

<net id="127"><net_src comp="6" pin="0"/><net_sink comp="122" pin=0"/></net>

<net id="128"><net_src comp="44" pin="0"/><net_sink comp="122" pin=1"/></net>

<net id="134"><net_src comp="122" pin="3"/><net_sink comp="129" pin=0"/></net>

<net id="140"><net_src comp="0" pin="0"/><net_sink comp="135" pin=0"/></net>

<net id="141"><net_src comp="44" pin="0"/><net_sink comp="135" pin=1"/></net>

<net id="147"><net_src comp="8" pin="0"/><net_sink comp="142" pin=0"/></net>

<net id="148"><net_src comp="44" pin="0"/><net_sink comp="142" pin=1"/></net>

<net id="154"><net_src comp="142" pin="3"/><net_sink comp="149" pin=0"/></net>

<net id="160"><net_src comp="10" pin="0"/><net_sink comp="155" pin=0"/></net>

<net id="161"><net_src comp="44" pin="0"/><net_sink comp="155" pin=1"/></net>

<net id="167"><net_src comp="155" pin="3"/><net_sink comp="162" pin=0"/></net>

<net id="173"><net_src comp="0" pin="0"/><net_sink comp="168" pin=0"/></net>

<net id="174"><net_src comp="44" pin="0"/><net_sink comp="168" pin=1"/></net>

<net id="175"><net_src comp="168" pin="3"/><net_sink comp="103" pin=0"/></net>

<net id="181"><net_src comp="2" pin="0"/><net_sink comp="176" pin=0"/></net>

<net id="182"><net_src comp="44" pin="0"/><net_sink comp="176" pin=1"/></net>

<net id="188"><net_src comp="176" pin="3"/><net_sink comp="183" pin=0"/></net>

<net id="192"><net_src comp="12" pin="0"/><net_sink comp="189" pin=0"/></net>

<net id="199"><net_src comp="189" pin="1"/><net_sink comp="193" pin=0"/></net>

<net id="200"><net_src comp="193" pin="4"/><net_sink comp="189" pin=0"/></net>

<net id="204"><net_src comp="26" pin="0"/><net_sink comp="201" pin=0"/></net>

<net id="211"><net_src comp="201" pin="1"/><net_sink comp="205" pin=2"/></net>

<net id="215"><net_src comp="34" pin="0"/><net_sink comp="212" pin=0"/></net>

<net id="222"><net_src comp="212" pin="1"/><net_sink comp="216" pin=0"/></net>

<net id="223"><net_src comp="216" pin="4"/><net_sink comp="103" pin=1"/></net>

<net id="224"><net_src comp="216" pin="4"/><net_sink comp="212" pin=0"/></net>

<net id="228"><net_src comp="36" pin="0"/><net_sink comp="225" pin=0"/></net>

<net id="235"><net_src comp="225" pin="1"/><net_sink comp="229" pin=0"/></net>

<net id="236"><net_src comp="229" pin="4"/><net_sink comp="225" pin=0"/></net>

<net id="240"><net_src comp="237" pin="1"/><net_sink comp="216" pin=2"/></net>

<net id="247"><net_src comp="212" pin="1"/><net_sink comp="241" pin=0"/></net>

<net id="248"><net_src comp="241" pin="4"/><net_sink comp="237" pin=0"/></net>

<net id="252"><net_src comp="26" pin="0"/><net_sink comp="249" pin=0"/></net>

<net id="259"><net_src comp="249" pin="1"/><net_sink comp="253" pin=0"/></net>

<net id="263"><net_src comp="12" pin="0"/><net_sink comp="260" pin=0"/></net>

<net id="270"><net_src comp="260" pin="1"/><net_sink comp="264" pin=2"/></net>

<net id="274"><net_src comp="12" pin="0"/><net_sink comp="271" pin=0"/></net>

<net id="281"><net_src comp="271" pin="1"/><net_sink comp="275" pin=0"/></net>

<net id="285"><net_src comp="70" pin="0"/><net_sink comp="282" pin=0"/></net>

<net id="292"><net_src comp="282" pin="1"/><net_sink comp="286" pin=2"/></net>

<net id="296"><net_src comp="12" pin="0"/><net_sink comp="293" pin=0"/></net>

<net id="303"><net_src comp="293" pin="1"/><net_sink comp="297" pin=2"/></net>

<net id="307"><net_src comp="34" pin="0"/><net_sink comp="304" pin=0"/></net>

<net id="314"><net_src comp="304" pin="1"/><net_sink comp="308" pin=2"/></net>

<net id="315"><net_src comp="308" pin="4"/><net_sink comp="304" pin=0"/></net>

<net id="319"><net_src comp="24" pin="0"/><net_sink comp="316" pin=0"/></net>

<net id="326"><net_src comp="316" pin="1"/><net_sink comp="320" pin=2"/></net>

<net id="331"><net_src comp="237" pin="1"/><net_sink comp="327" pin=0"/></net>

<net id="332"><net_src comp="56" pin="0"/><net_sink comp="327" pin=1"/></net>

<net id="333"><net_src comp="34" pin="0"/><net_sink comp="327" pin=1"/></net>

<net id="334"><net_src comp="304" pin="1"/><net_sink comp="327" pin=0"/></net>

<net id="343"><net_src comp="308" pin="4"/><net_sink comp="339" pin=0"/></net>

<net id="344"><net_src comp="94" pin="0"/><net_sink comp="339" pin=1"/></net>

<net id="349"><net_src comp="34" pin="0"/><net_sink comp="345" pin=1"/></net>

<net id="354"><net_src comp="58" pin="0"/><net_sink comp="350" pin=0"/></net>

<net id="358"><net_src comp="335" pin="2"/><net_sink comp="355" pin=0"/></net>

<net id="359"><net_src comp="355" pin="1"/><net_sink comp="327" pin=1"/></net>

<net id="360"><net_src comp="355" pin="1"/><net_sink comp="327" pin=0"/></net>

<net id="364"><net_src comp="327" pin="2"/><net_sink comp="361" pin=0"/></net>

<net id="365"><net_src comp="361" pin="1"/><net_sink comp="241" pin=2"/></net>

<net id="366"><net_src comp="361" pin="1"/><net_sink comp="350" pin=1"/></net>

<net id="367"><net_src comp="361" pin="1"/><net_sink comp="345" pin=0"/></net>

<net id="368"><net_src comp="361" pin="1"/><net_sink comp="308" pin=0"/></net>

<net id="372"><net_src comp="103" pin="3"/><net_sink comp="369" pin=0"/></net>

<net id="373"><net_src comp="369" pin="1"/><net_sink comp="339" pin=0"/></net>

<net id="374"><net_src comp="369" pin="1"/><net_sink comp="327" pin=1"/></net>

<net id="378"><net_src comp="339" pin="2"/><net_sink comp="375" pin=0"/></net>

<net id="379"><net_src comp="375" pin="1"/><net_sink comp="335" pin=1"/></net>

<net id="380"><net_src comp="375" pin="1"/><net_sink comp="183" pin=1"/></net>

<net id="385"><net_src comp="193" pin="4"/><net_sink comp="381" pin=0"/></net>

<net id="386"><net_src comp="18" pin="0"/><net_sink comp="381" pin=1"/></net>

<net id="391"><net_src comp="193" pin="4"/><net_sink comp="387" pin=0"/></net>

<net id="392"><net_src comp="20" pin="0"/><net_sink comp="387" pin=1"/></net>

<net id="398"><net_src comp="22" pin="0"/><net_sink comp="393" pin=0"/></net>

<net id="399"><net_src comp="193" pin="4"/><net_sink comp="393" pin=1"/></net>

<net id="400"><net_src comp="24" pin="0"/><net_sink comp="393" pin=2"/></net>

<net id="404"><net_src comp="205" pin="4"/><net_sink comp="401" pin=0"/></net>

<net id="409"><net_src comp="205" pin="4"/><net_sink comp="405" pin=0"/></net>

<net id="410"><net_src comp="28" pin="0"/><net_sink comp="405" pin=1"/></net>

<net id="415"><net_src comp="205" pin="4"/><net_sink comp="411" pin=0"/></net>

<net id="416"><net_src comp="32" pin="0"/><net_sink comp="411" pin=1"/></net>

<net id="420"><net_src comp="205" pin="4"/><net_sink comp="417" pin=0"/></net>

<net id="425"><net_src comp="229" pin="4"/><net_sink comp="421" pin=0"/></net>

<net id="426"><net_src comp="38" pin="0"/><net_sink comp="421" pin=1"/></net>

<net id="431"><net_src comp="229" pin="4"/><net_sink comp="427" pin=0"/></net>

<net id="432"><net_src comp="42" pin="0"/><net_sink comp="427" pin=1"/></net>

<net id="436"><net_src comp="229" pin="4"/><net_sink comp="433" pin=0"/></net>

<net id="441"><net_src comp="189" pin="1"/><net_sink comp="437" pin=0"/></net>

<net id="442"><net_src comp="433" pin="1"/><net_sink comp="437" pin=1"/></net>

<net id="448"><net_src comp="22" pin="0"/><net_sink comp="443" pin=0"/></net>

<net id="449"><net_src comp="437" pin="2"/><net_sink comp="443" pin=1"/></net>

<net id="450"><net_src comp="24" pin="0"/><net_sink comp="443" pin=2"/></net>

<net id="458"><net_src comp="451" pin="2"/><net_sink comp="455" pin=0"/></net>

<net id="459"><net_src comp="455" pin="1"/><net_sink comp="96" pin=2"/></net>

<net id="464"><net_src comp="253" pin="4"/><net_sink comp="460" pin=0"/></net>

<net id="465"><net_src comp="28" pin="0"/><net_sink comp="460" pin=1"/></net>

<net id="470"><net_src comp="253" pin="4"/><net_sink comp="466" pin=0"/></net>

<net id="471"><net_src comp="32" pin="0"/><net_sink comp="466" pin=1"/></net>

<net id="475"><net_src comp="253" pin="4"/><net_sink comp="472" pin=0"/></net>

<net id="480"><net_src comp="472" pin="1"/><net_sink comp="476" pin=0"/></net>

<net id="484"><net_src comp="476" pin="2"/><net_sink comp="481" pin=0"/></net>

<net id="485"><net_src comp="481" pin="1"/><net_sink comp="109" pin=2"/></net>

<net id="489"><net_src comp="253" pin="4"/><net_sink comp="486" pin=0"/></net>

<net id="496"><net_src comp="46" pin="0"/><net_sink comp="490" pin=0"/></net>

<net id="497"><net_src comp="225" pin="1"/><net_sink comp="490" pin=1"/></net>

<net id="498"><net_src comp="486" pin="1"/><net_sink comp="490" pin=2"/></net>

<net id="499"><net_src comp="24" pin="0"/><net_sink comp="490" pin=3"/></net>

<net id="504"><net_src comp="490" pin="4"/><net_sink comp="500" pin=1"/></net>

<net id="508"><net_src comp="500" pin="2"/><net_sink comp="505" pin=0"/></net>

<net id="509"><net_src comp="505" pin="1"/><net_sink comp="122" pin=2"/></net>

<net id="514"><net_src comp="264" pin="4"/><net_sink comp="510" pin=0"/></net>

<net id="515"><net_src comp="50" pin="0"/><net_sink comp="510" pin=1"/></net>

<net id="520"><net_src comp="264" pin="4"/><net_sink comp="516" pin=0"/></net>

<net id="521"><net_src comp="20" pin="0"/><net_sink comp="516" pin=1"/></net>

<net id="525"><net_src comp="264" pin="4"/><net_sink comp="522" pin=0"/></net>

<net id="531"><net_src comp="52" pin="0"/><net_sink comp="526" pin=0"/></net>

<net id="532"><net_src comp="522" pin="1"/><net_sink comp="526" pin=1"/></net>

<net id="533"><net_src comp="54" pin="0"/><net_sink comp="526" pin=2"/></net>

<net id="539"><net_src comp="22" pin="0"/><net_sink comp="534" pin=0"/></net>

<net id="540"><net_src comp="264" pin="4"/><net_sink comp="534" pin=1"/></net>

<net id="541"><net_src comp="24" pin="0"/><net_sink comp="534" pin=2"/></net>

<net id="545"><net_src comp="534" pin="3"/><net_sink comp="542" pin=0"/></net>

<net id="550"><net_src comp="526" pin="3"/><net_sink comp="546" pin=0"/></net>

<net id="551"><net_src comp="542" pin="1"/><net_sink comp="546" pin=1"/></net>

<net id="556"><net_src comp="275" pin="4"/><net_sink comp="552" pin=0"/></net>

<net id="557"><net_src comp="18" pin="0"/><net_sink comp="552" pin=1"/></net>

<net id="562"><net_src comp="275" pin="4"/><net_sink comp="558" pin=0"/></net>

<net id="563"><net_src comp="20" pin="0"/><net_sink comp="558" pin=1"/></net>

<net id="567"><net_src comp="275" pin="4"/><net_sink comp="564" pin=0"/></net>

<net id="568"><net_src comp="564" pin="1"/><net_sink comp="142" pin=2"/></net>

<net id="569"><net_src comp="564" pin="1"/><net_sink comp="155" pin=2"/></net>

<net id="573"><net_src comp="275" pin="4"/><net_sink comp="570" pin=0"/></net>

<net id="578"><net_src comp="570" pin="1"/><net_sink comp="574" pin=1"/></net>

<net id="582"><net_src comp="574" pin="2"/><net_sink comp="579" pin=0"/></net>

<net id="583"><net_src comp="579" pin="1"/><net_sink comp="135" pin=2"/></net>

<net id="587"><net_src comp="361" pin="1"/><net_sink comp="584" pin=0"/></net>

<net id="594"><net_src comp="60" pin="0"/><net_sink comp="588" pin=0"/></net>

<net id="595"><net_src comp="584" pin="1"/><net_sink comp="588" pin=1"/></net>

<net id="596"><net_src comp="62" pin="0"/><net_sink comp="588" pin=2"/></net>

<net id="597"><net_src comp="64" pin="0"/><net_sink comp="588" pin=3"/></net>

<net id="601"><net_src comp="584" pin="1"/><net_sink comp="598" pin=0"/></net>

<net id="606"><net_src comp="588" pin="4"/><net_sink comp="602" pin=0"/></net>

<net id="607"><net_src comp="66" pin="0"/><net_sink comp="602" pin=1"/></net>

<net id="612"><net_src comp="598" pin="1"/><net_sink comp="608" pin=0"/></net>

<net id="613"><net_src comp="68" pin="0"/><net_sink comp="608" pin=1"/></net>

<net id="618"><net_src comp="608" pin="2"/><net_sink comp="614" pin=0"/></net>

<net id="619"><net_src comp="602" pin="2"/><net_sink comp="614" pin=1"/></net>

<net id="624"><net_src comp="614" pin="2"/><net_sink comp="620" pin=0"/></net>

<net id="630"><net_src comp="620" pin="2"/><net_sink comp="625" pin=0"/></net>

<net id="631"><net_src comp="361" pin="1"/><net_sink comp="625" pin=1"/></net>

<net id="632"><net_src comp="34" pin="0"/><net_sink comp="625" pin=2"/></net>

<net id="633"><net_src comp="625" pin="3"/><net_sink comp="103" pin=1"/></net>

<net id="638"><net_src comp="286" pin="4"/><net_sink comp="634" pin=0"/></net>

<net id="639"><net_src comp="74" pin="0"/><net_sink comp="634" pin=1"/></net>

<net id="644"><net_src comp="286" pin="4"/><net_sink comp="640" pin=0"/></net>

<net id="645"><net_src comp="76" pin="0"/><net_sink comp="640" pin=1"/></net>

<net id="651"><net_src comp="78" pin="0"/><net_sink comp="646" pin=0"/></net>

<net id="652"><net_src comp="286" pin="4"/><net_sink comp="646" pin=1"/></net>

<net id="653"><net_src comp="24" pin="0"/><net_sink comp="646" pin=2"/></net>

<net id="657"><net_src comp="646" pin="3"/><net_sink comp="654" pin=0"/></net>

<net id="663"><net_src comp="80" pin="0"/><net_sink comp="658" pin=0"/></net>

<net id="664"><net_src comp="286" pin="4"/><net_sink comp="658" pin=1"/></net>

<net id="665"><net_src comp="36" pin="0"/><net_sink comp="658" pin=2"/></net>

<net id="669"><net_src comp="658" pin="3"/><net_sink comp="666" pin=0"/></net>

<net id="674"><net_src comp="654" pin="1"/><net_sink comp="670" pin=0"/></net>

<net id="675"><net_src comp="666" pin="1"/><net_sink comp="670" pin=1"/></net>

<net id="681"><net_src comp="82" pin="0"/><net_sink comp="676" pin=0"/></net>

<net id="682"><net_src comp="286" pin="4"/><net_sink comp="676" pin=1"/></net>

<net id="683"><net_src comp="54" pin="0"/><net_sink comp="676" pin=2"/></net>

<net id="687"><net_src comp="297" pin="4"/><net_sink comp="684" pin=0"/></net>

<net id="691"><net_src comp="297" pin="4"/><net_sink comp="688" pin=0"/></net>

<net id="696"><net_src comp="297" pin="4"/><net_sink comp="692" pin=0"/></net>

<net id="697"><net_src comp="18" pin="0"/><net_sink comp="692" pin=1"/></net>

<net id="702"><net_src comp="297" pin="4"/><net_sink comp="698" pin=0"/></net>

<net id="703"><net_src comp="20" pin="0"/><net_sink comp="698" pin=1"/></net>

<net id="707"><net_src comp="320" pin="4"/><net_sink comp="704" pin=0"/></net>

<net id="712"><net_src comp="320" pin="4"/><net_sink comp="708" pin=0"/></net>

<net id="713"><net_src comp="86" pin="0"/><net_sink comp="708" pin=1"/></net>

<net id="718"><net_src comp="320" pin="4"/><net_sink comp="714" pin=0"/></net>

<net id="719"><net_src comp="88" pin="0"/><net_sink comp="714" pin=1"/></net>

<net id="724"><net_src comp="704" pin="1"/><net_sink comp="720" pin=0"/></net>

<net id="730"><net_src comp="90" pin="0"/><net_sink comp="725" pin=0"/></net>

<net id="731"><net_src comp="720" pin="2"/><net_sink comp="725" pin=1"/></net>

<net id="732"><net_src comp="54" pin="0"/><net_sink comp="725" pin=2"/></net>

<net id="738"><net_src comp="92" pin="0"/><net_sink comp="733" pin=0"/></net>

<net id="739"><net_src comp="720" pin="2"/><net_sink comp="733" pin=1"/></net>

<net id="740"><net_src comp="24" pin="0"/><net_sink comp="733" pin=2"/></net>

<net id="745"><net_src comp="733" pin="3"/><net_sink comp="741" pin=1"/></net>

<net id="749"><net_src comp="741" pin="2"/><net_sink comp="746" pin=0"/></net>

<net id="754"><net_src comp="725" pin="3"/><net_sink comp="750" pin=0"/></net>

<net id="755"><net_src comp="746" pin="1"/><net_sink comp="750" pin=1"/></net>

<net id="763"><net_src comp="756" pin="2"/><net_sink comp="760" pin=0"/></net>

<net id="768"><net_src comp="760" pin="1"/><net_sink comp="764" pin=0"/></net>

<net id="775"><net_src comp="769" pin="1"/><net_sink comp="772" pin=0"/></net>

<net id="776"><net_src comp="772" pin="1"/><net_sink comp="168" pin=2"/></net>

<net id="780"><net_src comp="777" pin="1"/><net_sink comp="176" pin=2"/></net>

<net id="787"><net_src comp="387" pin="2"/><net_sink comp="784" pin=0"/></net>

<net id="788"><net_src comp="784" pin="1"/><net_sink comp="193" pin=2"/></net>

<net id="792"><net_src comp="393" pin="3"/><net_sink comp="789" pin=0"/></net>

<net id="793"><net_src comp="789" pin="1"/><net_sink comp="451" pin=0"/></net>

<net id="797"><net_src comp="401" pin="1"/><net_sink comp="794" pin=0"/></net>

<net id="798"><net_src comp="794" pin="1"/><net_sink comp="451" pin=1"/></net>

<net id="805"><net_src comp="411" pin="2"/><net_sink comp="802" pin=0"/></net>

<net id="806"><net_src comp="802" pin="1"/><net_sink comp="205" pin=0"/></net>

<net id="810"><net_src comp="417" pin="1"/><net_sink comp="807" pin=0"/></net>

<net id="811"><net_src comp="807" pin="1"/><net_sink comp="500" pin=0"/></net>

<net id="818"><net_src comp="427" pin="2"/><net_sink comp="815" pin=0"/></net>

<net id="819"><net_src comp="815" pin="1"/><net_sink comp="229" pin=2"/></net>

<net id="823"><net_src comp="443" pin="3"/><net_sink comp="820" pin=0"/></net>

<net id="824"><net_src comp="820" pin="1"/><net_sink comp="476" pin=1"/></net>

<net id="831"><net_src comp="466" pin="2"/><net_sink comp="828" pin=0"/></net>

<net id="832"><net_src comp="828" pin="1"/><net_sink comp="253" pin=2"/></net>

<net id="836"><net_src comp="109" pin="3"/><net_sink comp="833" pin=0"/></net>

<net id="837"><net_src comp="833" pin="1"/><net_sink comp="116" pin=0"/></net>

<net id="841"><net_src comp="122" pin="3"/><net_sink comp="838" pin=0"/></net>

<net id="842"><net_src comp="838" pin="1"/><net_sink comp="129" pin=0"/></net>

<net id="846"><net_src comp="116" pin="3"/><net_sink comp="843" pin=0"/></net>

<net id="847"><net_src comp="843" pin="1"/><net_sink comp="335" pin=0"/></net>

<net id="851"><net_src comp="129" pin="3"/><net_sink comp="848" pin=0"/></net>

<net id="852"><net_src comp="848" pin="1"/><net_sink comp="335" pin=1"/></net>

<net id="859"><net_src comp="516" pin="2"/><net_sink comp="856" pin=0"/></net>

<net id="860"><net_src comp="856" pin="1"/><net_sink comp="264" pin=0"/></net>

<net id="864"><net_src comp="546" pin="2"/><net_sink comp="861" pin=0"/></net>

<net id="865"><net_src comp="861" pin="1"/><net_sink comp="574" pin=0"/></net>

<net id="872"><net_src comp="558" pin="2"/><net_sink comp="869" pin=0"/></net>

<net id="873"><net_src comp="869" pin="1"/><net_sink comp="275" pin=2"/></net>

<net id="877"><net_src comp="135" pin="3"/><net_sink comp="874" pin=0"/></net>

<net id="878"><net_src comp="874" pin="1"/><net_sink comp="103" pin=0"/></net>

<net id="882"><net_src comp="142" pin="3"/><net_sink comp="879" pin=0"/></net>

<net id="883"><net_src comp="879" pin="1"/><net_sink comp="149" pin=0"/></net>

<net id="887"><net_src comp="155" pin="3"/><net_sink comp="884" pin=0"/></net>

<net id="888"><net_src comp="884" pin="1"/><net_sink comp="162" pin=0"/></net>

<net id="892"><net_src comp="149" pin="3"/><net_sink comp="889" pin=0"/></net>

<net id="893"><net_src comp="889" pin="1"/><net_sink comp="327" pin=0"/></net>

<net id="897"><net_src comp="162" pin="3"/><net_sink comp="894" pin=0"/></net>

<net id="898"><net_src comp="894" pin="1"/><net_sink comp="335" pin=0"/></net>

<net id="902"><net_src comp="350" pin="2"/><net_sink comp="899" pin=0"/></net>

<net id="903"><net_src comp="899" pin="1"/><net_sink comp="339" pin=1"/></net>

<net id="907"><net_src comp="345" pin="2"/><net_sink comp="904" pin=0"/></net>

<net id="908"><net_src comp="904" pin="1"/><net_sink comp="620" pin=1"/></net>

<net id="915"><net_src comp="640" pin="2"/><net_sink comp="912" pin=0"/></net>

<net id="916"><net_src comp="912" pin="1"/><net_sink comp="286" pin=0"/></net>

<net id="920"><net_src comp="654" pin="1"/><net_sink comp="917" pin=0"/></net>

<net id="921"><net_src comp="917" pin="1"/><net_sink comp="756" pin=0"/></net>

<net id="925"><net_src comp="670" pin="2"/><net_sink comp="922" pin=0"/></net>

<net id="926"><net_src comp="922" pin="1"/><net_sink comp="720" pin=1"/></net>

<net id="930"><net_src comp="676" pin="3"/><net_sink comp="927" pin=0"/></net>

<net id="931"><net_src comp="927" pin="1"/><net_sink comp="764" pin=1"/></net>

<net id="935"><net_src comp="684" pin="1"/><net_sink comp="932" pin=0"/></net>

<net id="936"><net_src comp="932" pin="1"/><net_sink comp="756" pin=1"/></net>

<net id="940"><net_src comp="688" pin="1"/><net_sink comp="937" pin=0"/></net>

<net id="941"><net_src comp="937" pin="1"/><net_sink comp="741" pin=0"/></net>

<net id="948"><net_src comp="698" pin="2"/><net_sink comp="945" pin=0"/></net>

<net id="949"><net_src comp="945" pin="1"/><net_sink comp="297" pin=0"/></net>

<net id="956"><net_src comp="714" pin="2"/><net_sink comp="953" pin=0"/></net>

<net id="957"><net_src comp="953" pin="1"/><net_sink comp="320" pin=0"/></net>

<net id="961"><net_src comp="750" pin="2"/><net_sink comp="958" pin=0"/></net>

<net id="962"><net_src comp="958" pin="1"/><net_sink comp="769" pin=0"/></net>

<net id="966"><net_src comp="764" pin="2"/><net_sink comp="963" pin=0"/></net>

<net id="967"><net_src comp="963" pin="1"/><net_sink comp="777" pin=0"/></net>

<net id="971"><net_src comp="168" pin="3"/><net_sink comp="968" pin=0"/></net>

<net id="972"><net_src comp="968" pin="1"/><net_sink comp="103" pin=0"/></net>

</net_list>

</model> 
---------------- Datapath Model END ------------------

* FSMD analyzer results:
  - Output states:
	Port: Y | {4 63 }
	Port: U | {89 }
	Port: X_slice3 | {}
	Port: ConvW3 | {}
	Port: BN1_var3 | {}
	Port: BN1_gamma3 | {}
 - Input state : 
	Port: conv_bn_act_pool.1 : Y | {34 35 67 68 }
	Port: conv_bn_act_pool.1 : U | {}
	Port: conv_bn_act_pool.1 : X_slice3 | {5 6 }
	Port: conv_bn_act_pool.1 : ConvW3 | {5 6 }
	Port: conv_bn_act_pool.1 : BN1_var3 | {17 18 }
	Port: conv_bn_act_pool.1 : BN1_gamma3 | {17 18 }
  - Chain level:
	State 1
	State 2
		icmp_ln70 : 1
		t : 1
		br_ln70 : 2
		shl_ln : 1
	State 3
		zext_ln71 : 1
		icmp_ln71 : 1
		f : 1
		br_ln71 : 2
		zext_ln73 : 1
	State 4
		icmp_ln73 : 1
		k : 1
		br_ln73 : 2
		zext_ln74 : 1
		add_ln74 : 2
		shl_ln11 : 3
		zext_ln78 : 1
		Y_addr : 2
		store_ln78 : 3
	State 5
		icmp_ln76 : 1
		e : 1
		br_ln76 : 2
		zext_ln76 : 1
		add_ln76 : 2
		zext_ln76_7 : 3
		X_slice3_addr : 4
		X_slice3_load : 5
		trunc_ln76 : 1
		tmp : 2
		add_ln76_7 : 3
		zext_ln76_8 : 4
		ConvW3_addr : 5
		ConvW3_load : 6
	State 6
	State 7
	State 8
	State 9
	State 10
	State 11
	State 12
	State 13
	State 14
	State 15
	State 16
		icmp_ln82 : 1
		t_5 : 1
		br_ln82 : 2
		trunc_ln84 : 1
		shl_ln7 : 2
		shl_ln8 : 1
		zext_ln84 : 2
		add_ln84 : 3
	State 17
		icmp_ln84 : 1
		c : 1
		br_ln84 : 2
		zext_ln85 : 1
		zext_ln85_7 : 1
		add_ln85 : 2
		zext_ln85_8 : 3
		Y_addr12 : 4
		BN1_var3_addr : 2
		BN1_var3_load : 3
		BN1_gamma3_addr : 2
		BN1_gamma3_load : 3
	State 18
	State 19
	State 20
	State 21
	State 22
	State 23
	State 24
	State 25
	State 26
	State 27
	State 28
	State 29
	State 30
	State 31
	State 32
	State 33
	State 34
	State 35
	State 36
	State 37
	State 38
	State 39
	State 40
	State 41
	State 42
	State 43
	State 44
	State 45
	State 46
	State 47
	State 48
	State 49
	State 50
	State 51
	State 52
	State 53
	State 54
	State 55
	State 56
	State 57
	State 58
	State 59
	State 60
	State 61
	State 62
	State 63
		tmp_14 : 1
		trunc_ln43 : 1
		icmp_ln43 : 2
		icmp_ln43_7 : 2
		or_ln43 : 3
		and_ln43 : 3
		select_ln43 : 3
		store_ln88 : 4
	State 64
		icmp_ln101 : 1
		u : 1
		br_ln101 : 2
		shl_ln9 : 1
		zext_ln104_6 : 2
		shl_ln104_9 : 1
		zext_ln104_7 : 2
		sub_ln104 : 3
		shl_ln10 : 1
	State 65
		c_1_cast4 : 1
		c_1_cast : 1
		icmp_ln102 : 1
		c_9 : 1
		br_ln102 : 2
	State 66
		p_0_cast : 1
		icmp_ln104 : 1
		p : 1
		br_ln104 : 2
		add_ln104 : 2
		shl_ln104_s : 3
		shl_ln104_1 : 3
		add_ln104_8 : 4
		sext_ln104 : 5
		add_ln104_1 : 6
		tmp_58 : 1
		zext_ln105_4 : 1
		add_ln105 : 2
	State 67
		zext_ln104 : 1
		Y_addr_5 : 2
		Y_load_1 : 3
	State 68
	State 69
	State 70
	State 71
	State 72
	State 73
	State 74
	State 75
	State 76
	State 77
	State 78
	State 79
	State 80
	State 81
	State 82
	State 83
	State 84
	State 85
	State 86
	State 87
	State 88
	State 89
		U_addr : 1
		store_ln105 : 2


============================================================
+ Verbose Summary: Datapath Resource usage 
============================================================

* Functional unit list:
|----------|---------------------|---------|---------|---------|
| Operation|   Functional Unit   |  DSP48E |    FF   |   LUT   |
|----------|---------------------|---------|---------|---------|
|   fdiv   |      grp_fu_339     |    0    |   761   |   994   |
|----------|---------------------|---------|---------|---------|
|   fsqrt  |      grp_fu_350     |    0    |   405   |   615   |
|----------|---------------------|---------|---------|---------|
|   fadd   |      grp_fu_327     |    2    |   205   |   390   |
|----------|---------------------|---------|---------|---------|
|   fmul   |      grp_fu_335     |    3    |   143   |   321   |
|----------|---------------------|---------|---------|---------|
|          |       t_fu_387      |    0    |    0    |    15   |
|          |       f_fu_411      |    0    |    0    |    15   |
|          |       k_fu_427      |    0    |    0    |    12   |
|          |   add_ln74_fu_437   |    0    |    0    |    15   |
|          |   add_ln78_fu_451   |    0    |    0    |    19   |
|          |       e_fu_466      |    0    |    0    |    15   |
|          |   add_ln76_fu_476   |    0    |    0    |    19   |
|          |  add_ln76_7_fu_500  |    0    |    0    |    17   |
|          |      t_5_fu_516     |    0    |    0    |    15   |
|    add   |   add_ln84_fu_546   |    0    |    0    |    23   |
|          |       c_fu_558      |    0    |    0    |    15   |
|          |   add_ln85_fu_574   |    0    |    0    |    23   |
|          |       u_fu_640      |    0    |    0    |    13   |
|          |      c_9_fu_698     |    0    |    0    |    15   |
|          |       p_fu_714      |    0    |    0    |    15   |
|          |   add_ln104_fu_720  |    0    |    0    |    14   |
|          |  add_ln104_8_fu_741 |    0    |    0    |    21   |
|          |  add_ln104_1_fu_750 |    0    |    0    |    25   |
|          |  add_ln105_4_fu_756 |    0    |    0    |    15   |
|          |   add_ln105_fu_764  |    0    |    0    |    12   |
|----------|---------------------|---------|---------|---------|
|   fcmp   |      grp_fu_345     |    0    |    66   |   239   |
|----------|---------------------|---------|---------|---------|
|          |   icmp_ln70_fu_381  |    0    |    0    |    13   |
|          |   icmp_ln71_fu_405  |    0    |    0    |    11   |
|          |   icmp_ln73_fu_421  |    0    |    0    |    9    |
|          |   icmp_ln76_fu_460  |    0    |    0    |    11   |
|          |   icmp_ln82_fu_510  |    0    |    0    |    13   |
|   icmp   |   icmp_ln84_fu_552  |    0    |    0    |    13   |
|          |   icmp_ln43_fu_602  |    0    |    0    |    11   |
|          |  icmp_ln43_7_fu_608 |    0    |    0    |    18   |
|          |  icmp_ln101_fu_634  |    0    |    0    |    9    |
|          |  icmp_ln102_fu_692  |    0    |    0    |    13   |
|          |  icmp_ln104_fu_708  |    0    |    0    |    11   |
|----------|---------------------|---------|---------|---------|
|  select  |  select_ln43_fu_625 |    0    |    0    |    32   |
|----------|---------------------|---------|---------|---------|
|    sub   |   sub_ln104_fu_670  |    0    |    0    |    15   |
|----------|---------------------|---------|---------|---------|
|    or    |    or_ln43_fu_614   |    0    |    0    |    2    |
|----------|---------------------|---------|---------|---------|
|    and   |   and_ln43_fu_620   |    0    |    0    |    2    |
|----------|---------------------|---------|---------|---------|
|          |    shl_ln_fu_393    |    0    |    0    |    0    |
|          |   shl_ln11_fu_443   |    0    |    0    |    0    |
|          |      tmp_fu_490     |    0    |    0    |    0    |
|          |    shl_ln7_fu_526   |    0    |    0    |    0    |
|bitconcatenate|    shl_ln8_fu_534   |    0    |    0    |    0    |
|          |    shl_ln9_fu_646   |    0    |    0    |    0    |
|          |  shl_ln104_9_fu_658 |    0    |    0    |    0    |
|          |   shl_ln10_fu_676   |    0    |    0    |    0    |
|          |  shl_ln104_s_fu_725 |    0    |    0    |    0    |
|          |  shl_ln104_1_fu_733 |    0    |    0    |    0    |
|----------|---------------------|---------|---------|---------|
|          |   zext_ln71_fu_401  |    0    |    0    |    0    |
|          |   zext_ln73_fu_417  |    0    |    0    |    0    |
|          |   zext_ln74_fu_433  |    0    |    0    |    0    |
|          |   zext_ln78_fu_455  |    0    |    0    |    0    |
|          |   zext_ln76_fu_472  |    0    |    0    |    0    |
|          |  zext_ln76_7_fu_481 |    0    |    0    |    0    |
|          |  zext_ln76_8_fu_505 |    0    |    0    |    0    |
|          |   zext_ln84_fu_542  |    0    |    0    |    0    |
|          |   zext_ln85_fu_564  |    0    |    0    |    0    |
|   zext   |  zext_ln85_7_fu_570 |    0    |    0    |    0    |
|          |  zext_ln85_8_fu_579 |    0    |    0    |    0    |
|          | zext_ln104_6_fu_654 |    0    |    0    |    0    |
|          | zext_ln104_7_fu_666 |    0    |    0    |    0    |
|          |   c_1_cast4_fu_684  |    0    |    0    |    0    |
|          |   c_1_cast_fu_688   |    0    |    0    |    0    |
|          |   p_0_cast_fu_704   |    0    |    0    |    0    |
|          | zext_ln105_4_fu_760 |    0    |    0    |    0    |
|          |  zext_ln104_fu_772  |    0    |    0    |    0    |
|          |  zext_ln105_fu_777  |    0    |    0    |    0    |
|----------|---------------------|---------|---------|---------|
|          |  trunc_ln76_fu_486  |    0    |    0    |    0    |
|   trunc  |  trunc_ln84_fu_522  |    0    |    0    |    0    |
|          |  trunc_ln43_fu_598  |    0    |    0    |    0    |
|----------|---------------------|---------|---------|---------|
|partselect|    tmp_14_fu_588    |    0    |    0    |    0    |
|----------|---------------------|---------|---------|---------|
|   sext   |  sext_ln104_fu_746  |    0    |    0    |    0    |
|          | sext_ln104_4_fu_769 |    0    |    0    |    0    |
|----------|---------------------|---------|---------|---------|
|   Total  |                     |    5    |   1580  |   3075  |
|----------|---------------------|---------|---------|---------|

Memories:
N/A

* Register list:
+-----------------------+--------+
|                       |   FF   |
+-----------------------+--------+
|BN1_gamma3_addr_reg_884|    5   |
|BN1_gamma3_load_reg_894|   32   |
| BN1_var3_addr_reg_879 |    5   |
| BN1_var3_load_reg_889 |   32   |
|  ConvW3_addr_reg_838  |   13   |
|  ConvW3_load_reg_848  |   32   |
| X_slice3_addr_reg_833 |   14   |
| X_slice3_load_reg_843 |   32   |
|    Y_addr12_reg_874   |   15   |
|    Y_addr_5_reg_968   |   15   |
|     acc1_0_reg_304    |   32   |
|     acc_0_reg_212     |   32   |
|     acc_1_reg_237     |   32   |
|  add_ln104_1_reg_958  |   18   |
|   add_ln105_reg_963   |   12   |
|    add_ln84_reg_861   |   16   |
|      c_0_reg_271      |    9   |
|   c_1_cast4_reg_932   |   10   |
|    c_1_cast_reg_937   |   15   |
|      c_1_reg_293      |    9   |
|      c_9_reg_945      |    9   |
|       c_reg_869       |    9   |
|      e_0_reg_249      |    6   |
|       e_reg_828       |    6   |
|      f_0_reg_201      |    6   |
|       f_reg_802       |    6   |
|      k_0_reg_225      |    3   |
|       k_reg_815       |    3   |
|      p_0_reg_316      |    5   |
|       p_reg_953       |    5   |
|        reg_355        |   32   |
|        reg_361        |   32   |
|        reg_369        |   32   |
|        reg_375        |   32   |
|    shl_ln10_reg_927   |   12   |
|    shl_ln11_reg_820   |   14   |
|     shl_ln_reg_789    |   14   |
|   sub_ln104_reg_922   |   10   |
|      t_0_reg_189      |    9   |
|      t_1_reg_260      |    9   |
|      t_5_reg_856      |    9   |
|       t_reg_784       |    9   |
|     tmp_15_reg_904    |    1   |
|     tmp_55_reg_899    |   32   |
|      u_0_reg_282      |    4   |
|       u_reg_912       |    4   |
|  zext_ln104_6_reg_917 |   10   |
|   zext_ln71_reg_794   |   14   |
|   zext_ln73_reg_807   |   13   |
+-----------------------+--------+
|         Total         |   730  |
+-----------------------+--------+

* Multiplexer (MUX) list: 
|-------------------|------|------|------|--------||---------||---------|
|        Comp       |  Pin | Size |  BW  | S x BW ||  Delay  ||   LUT   |
|-------------------|------|------|------|--------||---------||---------|
| grp_access_fu_103 |  p0  |   4  |  15  |   60   ||    21   |
| grp_access_fu_103 |  p1  |   2  |  32  |   64   ||    9    |
| grp_access_fu_116 |  p0  |   2  |  14  |   28   ||    9    |
| grp_access_fu_129 |  p0  |   2  |  13  |   26   ||    9    |
| grp_access_fu_149 |  p0  |   2  |   5  |   10   ||    9    |
| grp_access_fu_162 |  p0  |   2  |   5  |   10   ||    9    |
|    t_0_reg_189    |  p0  |   2  |   9  |   18   ||    9    |
|   acc_0_reg_212   |  p0  |   2  |  32  |   64   ||    9    |
|    k_0_reg_225    |  p0  |   2  |   3  |    6   ||    9    |
|   acc1_0_reg_304  |  p0  |   2  |  32  |   64   ||    9    |
|     grp_fu_327    |  p0  |   4  |  32  |   128  ||    21   |
|     grp_fu_327    |  p1  |   4  |  32  |   128  ||    15   |
|     grp_fu_335    |  p0  |   2  |  32  |   64   ||    9    |
|     grp_fu_335    |  p1  |   2  |  32  |   64   ||    9    |
|     grp_fu_339    |  p0  |   2  |  32  |   64   ||    9    |
|     grp_fu_339    |  p1  |   2  |  32  |   64   ||    9    |
|-------------------|------|------|------|--------||---------||---------|
|       Total       |      |      |      |   862  || 28.5785 ||   174   |
|-------------------|------|------|------|--------||---------||---------|



* Summary:
+-----------+--------+--------+--------+--------+
|           | DSP48E |  Delay |   FF   |   LUT  |
+-----------+--------+--------+--------+--------+
|  Function |    5   |    -   |  1580  |  3075  |
|   Memory  |    -   |    -   |    -   |    -   |
|Multiplexer|    -   |   28   |    -   |   174  |
|  Register |    -   |    -   |   730  |    -   |
+-----------+--------+--------+--------+--------+
|   Total   |    5   |   28   |  2310  |  3249  |
+-----------+--------+--------+--------+--------+
