

================================================================
== Vivado HLS Report for 'conv_bn_act_pool_1'
================================================================
* Date:           Fri Sep  5 20:29:20 2025

* Version:        2019.1 (Build 2552052 on Fri May 24 15:28:33 MDT 2019)
* Project:        BranchPredictionAI
* Solution:       solution1
* Product family: zynq
* Target device:  xc7z020-clg484-1


================================================================
== Performance Estimates
================================================================
+ Timing (ns): 
    * Summary: 
    +--------+-------+----------+------------+
    |  Clock | Target| Estimated| Uncertainty|
    +--------+-------+----------+------------+
    |ap_clk  |  10.00|     7.979|        1.25|
    +--------+-------+----------+------------+

+ Latency (clock cycles): 
    * Summary: 
    +----------+----------+----------+----------+---------+
    |       Latency       |       Interval      | Pipeline|
    |    min   |    max   |    min   |    max   |   Type  |
    +----------+----------+----------+----------+---------+
    |  10921890|  11014338|  10921890|  11014338|   none  |
    +----------+----------+----------+----------+---------+

    + Detail: 
        * Instance: 
        N/A

        * Loop: 
        +-----------------+----------+----------+---------------+-----------+-----------+------+----------+
        |                 |       Latency       |   Iteration   |  Initiation Interval  | Trip |          |
        |    Loop Name    |    min   |    max   |    Latency    |  achieved |   target  | Count| Pipelined|
        +-----------------+----------+----------+---------------+-----------+-----------+------+----------+
        |- InitPoolAcc    |        64|        64|              2|          -|          -|    32|    no    |
        |- Loop1Big       |  10921824|  11014272| 37923 ~ 38244 |          -|          -|   288|    no    |
        | + Loop2Big      |     37920|     37920|           1185|          -|          -|    32|    no    |
        |  ++ Loop3_1Big  |      1162|      1162|            166|          -|          -|     7|    no    |
        | + Loop3_2Big    |       320|       320|             10|          -|          -|    32|    no    |
        +-----------------+----------+----------+---------------+-----------+-----------+------+----------+

============================================================
+ Verbose Summary: Synthesis Manager
============================================================
InlineROM: 1
ExposeGlobal: 0
============================================================
+ Verbose Summary: CDFG Model
============================================================
IsTopModel: 0
ResetActiveHigh: 1
IsCombinational: 0
IsDatapathOnly: 0
HasWiredReturn: 1
HasMFsm: 0
HasVarLatency: 1
IsPipeline: 0
IsRtlPipelined: 0
IsInstanceOverlapped: 0
IsDontTouch: 0
HasImplIP: 0
IsGatedGlobalClock: 0


============================================================
+ Verbose Summary: Schedule
============================================================
* Number of FSM states : 203
* Pipeline : 0
* Dataflow Pipeline: 0

* FSM state transitions: 
1 --> 2 
2 --> 3 4 
3 --> 2 
4 --> 5 
5 --> 6 203 193 
6 --> 7 172 
7 --> 8 
8 --> 9 
9 --> 10 
10 --> 11 
11 --> 12 
12 --> 13 
13 --> 14 
14 --> 15 
15 --> 16 
16 --> 17 
17 --> 18 
18 --> 19 
19 --> 20 
20 --> 21 
21 --> 22 
22 --> 23 
23 --> 24 
24 --> 25 
25 --> 26 
26 --> 27 
27 --> 28 
28 --> 29 
29 --> 30 
30 --> 31 
31 --> 32 
32 --> 33 
33 --> 34 
34 --> 35 
35 --> 36 
36 --> 37 
37 --> 38 
38 --> 39 
39 --> 40 
40 --> 41 
41 --> 42 
42 --> 43 
43 --> 44 
44 --> 45 
45 --> 46 
46 --> 47 
47 --> 48 
48 --> 49 
49 --> 50 
50 --> 51 
51 --> 52 
52 --> 53 
53 --> 54 
54 --> 55 
55 --> 56 
56 --> 57 
57 --> 58 
58 --> 59 
59 --> 60 
60 --> 61 
61 --> 62 
62 --> 63 
63 --> 64 
64 --> 65 
65 --> 66 
66 --> 67 
67 --> 68 
68 --> 69 
69 --> 70 
70 --> 71 
71 --> 72 
72 --> 73 
73 --> 74 
74 --> 75 
75 --> 76 
76 --> 77 
77 --> 78 
78 --> 79 
79 --> 80 
80 --> 81 
81 --> 82 
82 --> 83 
83 --> 84 
84 --> 85 
85 --> 86 
86 --> 87 
87 --> 88 
88 --> 89 
89 --> 90 
90 --> 91 
91 --> 92 
92 --> 93 
93 --> 94 
94 --> 95 
95 --> 96 
96 --> 97 
97 --> 98 
98 --> 99 
99 --> 100 
100 --> 101 
101 --> 102 
102 --> 103 
103 --> 104 
104 --> 105 
105 --> 106 
106 --> 107 
107 --> 108 
108 --> 109 
109 --> 110 
110 --> 111 
111 --> 112 
112 --> 113 
113 --> 114 
114 --> 115 
115 --> 116 
116 --> 117 
117 --> 118 
118 --> 119 
119 --> 120 
120 --> 121 
121 --> 122 
122 --> 123 
123 --> 124 
124 --> 125 
125 --> 126 
126 --> 127 
127 --> 128 
128 --> 129 
129 --> 130 
130 --> 131 
131 --> 132 
132 --> 133 
133 --> 134 
134 --> 135 
135 --> 136 
136 --> 137 
137 --> 138 
138 --> 139 
139 --> 140 
140 --> 141 
141 --> 142 
142 --> 143 
143 --> 144 
144 --> 145 
145 --> 146 
146 --> 147 
147 --> 148 
148 --> 149 
149 --> 150 
150 --> 151 
151 --> 152 
152 --> 153 
153 --> 154 
154 --> 155 
155 --> 156 
156 --> 157 
157 --> 158 
158 --> 159 
159 --> 160 
160 --> 161 
161 --> 162 
162 --> 163 
163 --> 164 
164 --> 165 
165 --> 166 
166 --> 167 
167 --> 168 
168 --> 169 
169 --> 170 
170 --> 171 
171 --> 6 
172 --> 173 
173 --> 174 
174 --> 175 
175 --> 176 
176 --> 177 
177 --> 178 
178 --> 179 
179 --> 180 
180 --> 181 
181 --> 182 
182 --> 183 
183 --> 184 
184 --> 185 
185 --> 186 
186 --> 187 
187 --> 188 
188 --> 189 
189 --> 190 
190 --> 191 
191 --> 192 
192 --> 5 
193 --> 194 203 
194 --> 195 
195 --> 196 
196 --> 197 
197 --> 198 
198 --> 199 
199 --> 200 
200 --> 201 
201 --> 202 
202 --> 193 
203 --> 4 

* FSM state operations: 

State 1 <SV = 0> <Delay = 1.76>
ST_1 : Operation 204 [1/1] (0.00ns)   --->   "%pool_acc_0_0 = alloca half"   --->   Operation 204 'alloca' 'pool_acc_0_0' <Predicate = true> <Delay = 0.00>
ST_1 : Operation 205 [1/1] (0.00ns)   --->   "%pool_acc_1_0 = alloca half"   --->   Operation 205 'alloca' 'pool_acc_1_0' <Predicate = true> <Delay = 0.00>
ST_1 : Operation 206 [1/1] (0.00ns)   --->   "%pool_acc_2_0 = alloca half"   --->   Operation 206 'alloca' 'pool_acc_2_0' <Predicate = true> <Delay = 0.00>
ST_1 : Operation 207 [1/1] (0.00ns)   --->   "%pool_acc_3_0 = alloca half"   --->   Operation 207 'alloca' 'pool_acc_3_0' <Predicate = true> <Delay = 0.00>
ST_1 : Operation 208 [1/1] (0.00ns)   --->   "%pool_acc_4_0 = alloca half"   --->   Operation 208 'alloca' 'pool_acc_4_0' <Predicate = true> <Delay = 0.00>
ST_1 : Operation 209 [1/1] (0.00ns)   --->   "%pool_acc_5_0 = alloca half"   --->   Operation 209 'alloca' 'pool_acc_5_0' <Predicate = true> <Delay = 0.00>
ST_1 : Operation 210 [1/1] (0.00ns)   --->   "%pool_acc_6_0 = alloca half"   --->   Operation 210 'alloca' 'pool_acc_6_0' <Predicate = true> <Delay = 0.00>
ST_1 : Operation 211 [1/1] (0.00ns)   --->   "%pool_acc_7_0 = alloca half"   --->   Operation 211 'alloca' 'pool_acc_7_0' <Predicate = true> <Delay = 0.00>
ST_1 : Operation 212 [1/1] (0.00ns)   --->   "%pool_acc_8_0 = alloca half"   --->   Operation 212 'alloca' 'pool_acc_8_0' <Predicate = true> <Delay = 0.00>
ST_1 : Operation 213 [1/1] (0.00ns)   --->   "%pool_acc_9_0 = alloca half"   --->   Operation 213 'alloca' 'pool_acc_9_0' <Predicate = true> <Delay = 0.00>
ST_1 : Operation 214 [1/1] (0.00ns)   --->   "%pool_acc_10_0 = alloca half"   --->   Operation 214 'alloca' 'pool_acc_10_0' <Predicate = true> <Delay = 0.00>
ST_1 : Operation 215 [1/1] (0.00ns)   --->   "%pool_acc_11_0 = alloca half"   --->   Operation 215 'alloca' 'pool_acc_11_0' <Predicate = true> <Delay = 0.00>
ST_1 : Operation 216 [1/1] (0.00ns)   --->   "%pool_acc_12_0 = alloca half"   --->   Operation 216 'alloca' 'pool_acc_12_0' <Predicate = true> <Delay = 0.00>
ST_1 : Operation 217 [1/1] (0.00ns)   --->   "%pool_acc_13_0 = alloca half"   --->   Operation 217 'alloca' 'pool_acc_13_0' <Predicate = true> <Delay = 0.00>
ST_1 : Operation 218 [1/1] (0.00ns)   --->   "%pool_acc_14_0 = alloca half"   --->   Operation 218 'alloca' 'pool_acc_14_0' <Predicate = true> <Delay = 0.00>
ST_1 : Operation 219 [1/1] (0.00ns)   --->   "%pool_acc_15_0 = alloca half"   --->   Operation 219 'alloca' 'pool_acc_15_0' <Predicate = true> <Delay = 0.00>
ST_1 : Operation 220 [1/1] (0.00ns)   --->   "%pool_acc_16_0 = alloca half"   --->   Operation 220 'alloca' 'pool_acc_16_0' <Predicate = true> <Delay = 0.00>
ST_1 : Operation 221 [1/1] (0.00ns)   --->   "%pool_acc_17_0 = alloca half"   --->   Operation 221 'alloca' 'pool_acc_17_0' <Predicate = true> <Delay = 0.00>
ST_1 : Operation 222 [1/1] (0.00ns)   --->   "%pool_acc_18_0 = alloca half"   --->   Operation 222 'alloca' 'pool_acc_18_0' <Predicate = true> <Delay = 0.00>
ST_1 : Operation 223 [1/1] (0.00ns)   --->   "%pool_acc_19_0 = alloca half"   --->   Operation 223 'alloca' 'pool_acc_19_0' <Predicate = true> <Delay = 0.00>
ST_1 : Operation 224 [1/1] (0.00ns)   --->   "%pool_acc_20_0 = alloca half"   --->   Operation 224 'alloca' 'pool_acc_20_0' <Predicate = true> <Delay = 0.00>
ST_1 : Operation 225 [1/1] (0.00ns)   --->   "%pool_acc_21_0 = alloca half"   --->   Operation 225 'alloca' 'pool_acc_21_0' <Predicate = true> <Delay = 0.00>
ST_1 : Operation 226 [1/1] (0.00ns)   --->   "%pool_acc_22_0 = alloca half"   --->   Operation 226 'alloca' 'pool_acc_22_0' <Predicate = true> <Delay = 0.00>
ST_1 : Operation 227 [1/1] (0.00ns)   --->   "%pool_acc_23_0 = alloca half"   --->   Operation 227 'alloca' 'pool_acc_23_0' <Predicate = true> <Delay = 0.00>
ST_1 : Operation 228 [1/1] (0.00ns)   --->   "%pool_acc_24_0 = alloca half"   --->   Operation 228 'alloca' 'pool_acc_24_0' <Predicate = true> <Delay = 0.00>
ST_1 : Operation 229 [1/1] (0.00ns)   --->   "%pool_acc_25_0 = alloca half"   --->   Operation 229 'alloca' 'pool_acc_25_0' <Predicate = true> <Delay = 0.00>
ST_1 : Operation 230 [1/1] (0.00ns)   --->   "%pool_acc_26_0 = alloca half"   --->   Operation 230 'alloca' 'pool_acc_26_0' <Predicate = true> <Delay = 0.00>
ST_1 : Operation 231 [1/1] (0.00ns)   --->   "%pool_acc_27_0 = alloca half"   --->   Operation 231 'alloca' 'pool_acc_27_0' <Predicate = true> <Delay = 0.00>
ST_1 : Operation 232 [1/1] (0.00ns)   --->   "%pool_acc_28_0 = alloca half"   --->   Operation 232 'alloca' 'pool_acc_28_0' <Predicate = true> <Delay = 0.00>
ST_1 : Operation 233 [1/1] (0.00ns)   --->   "%pool_acc_29_0 = alloca half"   --->   Operation 233 'alloca' 'pool_acc_29_0' <Predicate = true> <Delay = 0.00>
ST_1 : Operation 234 [1/1] (0.00ns)   --->   "%pool_acc_30_0 = alloca half"   --->   Operation 234 'alloca' 'pool_acc_30_0' <Predicate = true> <Delay = 0.00>
ST_1 : Operation 235 [1/1] (0.00ns)   --->   "%pool_acc_31_0 = alloca half"   --->   Operation 235 'alloca' 'pool_acc_31_0' <Predicate = true> <Delay = 0.00>
ST_1 : Operation 236 [1/1] (0.00ns)   --->   "call void (...)* @_ssdm_op_SpecMemCore([7168 x half]* @ConvW3, [1 x i8]* @p_str3, [9 x i8]* @p_str8, [1 x i8]* @p_str3, i32 -1, [1 x i8]* @p_str3, [1 x i8]* @p_str3, [1 x i8]* @p_str3, [1 x i8]* @p_str3, [1 x i8]* @p_str3)"   --->   Operation 236 'specmemcore' <Predicate = true> <Delay = 0.00>
ST_1 : Operation 237 [1/1] (1.76ns)   --->   "br label %.preheader3" [main_5_slices.cpp:98]   --->   Operation 237 'br' <Predicate = true> <Delay = 1.76>

State 2 <SV = 1> <Delay = 1.82>
ST_2 : Operation 238 [1/1] (0.00ns)   --->   "%f2_0 = phi i6 [ 0, %.preheader3.preheader ], [ %f, %.preheader3.backedge ]"   --->   Operation 238 'phi' 'f2_0' <Predicate = true> <Delay = 0.00>
ST_2 : Operation 239 [1/1] (0.00ns)   --->   "%pool_acc_0_0_load = load half* %pool_acc_0_0"   --->   Operation 239 'load' 'pool_acc_0_0_load' <Predicate = true> <Delay = 0.00>
ST_2 : Operation 240 [1/1] (0.00ns)   --->   "%pool_acc_1_0_load = load half* %pool_acc_1_0"   --->   Operation 240 'load' 'pool_acc_1_0_load' <Predicate = true> <Delay = 0.00>
ST_2 : Operation 241 [1/1] (0.00ns)   --->   "%pool_acc_2_0_load = load half* %pool_acc_2_0"   --->   Operation 241 'load' 'pool_acc_2_0_load' <Predicate = true> <Delay = 0.00>
ST_2 : Operation 242 [1/1] (0.00ns)   --->   "%pool_acc_3_0_load = load half* %pool_acc_3_0"   --->   Operation 242 'load' 'pool_acc_3_0_load' <Predicate = true> <Delay = 0.00>
ST_2 : Operation 243 [1/1] (0.00ns)   --->   "%pool_acc_4_0_load = load half* %pool_acc_4_0"   --->   Operation 243 'load' 'pool_acc_4_0_load' <Predicate = true> <Delay = 0.00>
ST_2 : Operation 244 [1/1] (0.00ns)   --->   "%pool_acc_5_0_load = load half* %pool_acc_5_0"   --->   Operation 244 'load' 'pool_acc_5_0_load' <Predicate = true> <Delay = 0.00>
ST_2 : Operation 245 [1/1] (0.00ns)   --->   "%pool_acc_6_0_load = load half* %pool_acc_6_0"   --->   Operation 245 'load' 'pool_acc_6_0_load' <Predicate = true> <Delay = 0.00>
ST_2 : Operation 246 [1/1] (0.00ns)   --->   "%pool_acc_7_0_load = load half* %pool_acc_7_0"   --->   Operation 246 'load' 'pool_acc_7_0_load' <Predicate = true> <Delay = 0.00>
ST_2 : Operation 247 [1/1] (0.00ns)   --->   "%pool_acc_8_0_load = load half* %pool_acc_8_0"   --->   Operation 247 'load' 'pool_acc_8_0_load' <Predicate = true> <Delay = 0.00>
ST_2 : Operation 248 [1/1] (0.00ns)   --->   "%pool_acc_9_0_load = load half* %pool_acc_9_0"   --->   Operation 248 'load' 'pool_acc_9_0_load' <Predicate = true> <Delay = 0.00>
ST_2 : Operation 249 [1/1] (0.00ns)   --->   "%pool_acc_10_0_load = load half* %pool_acc_10_0"   --->   Operation 249 'load' 'pool_acc_10_0_load' <Predicate = true> <Delay = 0.00>
ST_2 : Operation 250 [1/1] (0.00ns)   --->   "%pool_acc_11_0_load = load half* %pool_acc_11_0"   --->   Operation 250 'load' 'pool_acc_11_0_load' <Predicate = true> <Delay = 0.00>
ST_2 : Operation 251 [1/1] (0.00ns)   --->   "%pool_acc_12_0_load = load half* %pool_acc_12_0"   --->   Operation 251 'load' 'pool_acc_12_0_load' <Predicate = true> <Delay = 0.00>
ST_2 : Operation 252 [1/1] (0.00ns)   --->   "%pool_acc_13_0_load = load half* %pool_acc_13_0"   --->   Operation 252 'load' 'pool_acc_13_0_load' <Predicate = true> <Delay = 0.00>
ST_2 : Operation 253 [1/1] (0.00ns)   --->   "%pool_acc_14_0_load = load half* %pool_acc_14_0"   --->   Operation 253 'load' 'pool_acc_14_0_load' <Predicate = true> <Delay = 0.00>
ST_2 : Operation 254 [1/1] (0.00ns)   --->   "%pool_acc_15_0_load = load half* %pool_acc_15_0"   --->   Operation 254 'load' 'pool_acc_15_0_load' <Predicate = true> <Delay = 0.00>
ST_2 : Operation 255 [1/1] (0.00ns)   --->   "%pool_acc_16_0_load = load half* %pool_acc_16_0"   --->   Operation 255 'load' 'pool_acc_16_0_load' <Predicate = true> <Delay = 0.00>
ST_2 : Operation 256 [1/1] (0.00ns)   --->   "%pool_acc_17_0_load = load half* %pool_acc_17_0"   --->   Operation 256 'load' 'pool_acc_17_0_load' <Predicate = true> <Delay = 0.00>
ST_2 : Operation 257 [1/1] (0.00ns)   --->   "%pool_acc_18_0_load = load half* %pool_acc_18_0"   --->   Operation 257 'load' 'pool_acc_18_0_load' <Predicate = true> <Delay = 0.00>
ST_2 : Operation 258 [1/1] (0.00ns)   --->   "%pool_acc_19_0_load = load half* %pool_acc_19_0"   --->   Operation 258 'load' 'pool_acc_19_0_load' <Predicate = true> <Delay = 0.00>
ST_2 : Operation 259 [1/1] (0.00ns)   --->   "%pool_acc_20_0_load = load half* %pool_acc_20_0"   --->   Operation 259 'load' 'pool_acc_20_0_load' <Predicate = true> <Delay = 0.00>
ST_2 : Operation 260 [1/1] (0.00ns)   --->   "%pool_acc_21_0_load = load half* %pool_acc_21_0"   --->   Operation 260 'load' 'pool_acc_21_0_load' <Predicate = true> <Delay = 0.00>
ST_2 : Operation 261 [1/1] (0.00ns)   --->   "%pool_acc_22_0_load = load half* %pool_acc_22_0"   --->   Operation 261 'load' 'pool_acc_22_0_load' <Predicate = true> <Delay = 0.00>
ST_2 : Operation 262 [1/1] (0.00ns)   --->   "%pool_acc_23_0_load = load half* %pool_acc_23_0"   --->   Operation 262 'load' 'pool_acc_23_0_load' <Predicate = true> <Delay = 0.00>
ST_2 : Operation 263 [1/1] (0.00ns)   --->   "%pool_acc_24_0_load = load half* %pool_acc_24_0"   --->   Operation 263 'load' 'pool_acc_24_0_load' <Predicate = true> <Delay = 0.00>
ST_2 : Operation 264 [1/1] (0.00ns)   --->   "%pool_acc_25_0_load = load half* %pool_acc_25_0"   --->   Operation 264 'load' 'pool_acc_25_0_load' <Predicate = true> <Delay = 0.00>
ST_2 : Operation 265 [1/1] (0.00ns)   --->   "%pool_acc_26_0_load = load half* %pool_acc_26_0"   --->   Operation 265 'load' 'pool_acc_26_0_load' <Predicate = true> <Delay = 0.00>
ST_2 : Operation 266 [1/1] (0.00ns)   --->   "%pool_acc_27_0_load = load half* %pool_acc_27_0"   --->   Operation 266 'load' 'pool_acc_27_0_load' <Predicate = true> <Delay = 0.00>
ST_2 : Operation 267 [1/1] (0.00ns)   --->   "%pool_acc_28_0_load = load half* %pool_acc_28_0"   --->   Operation 267 'load' 'pool_acc_28_0_load' <Predicate = true> <Delay = 0.00>
ST_2 : Operation 268 [1/1] (0.00ns)   --->   "%pool_acc_29_0_load = load half* %pool_acc_29_0"   --->   Operation 268 'load' 'pool_acc_29_0_load' <Predicate = true> <Delay = 0.00>
ST_2 : Operation 269 [1/1] (0.00ns)   --->   "%pool_acc_30_0_load = load half* %pool_acc_30_0"   --->   Operation 269 'load' 'pool_acc_30_0_load' <Predicate = true> <Delay = 0.00>
ST_2 : Operation 270 [1/1] (0.00ns)   --->   "%pool_acc_31_0_load = load half* %pool_acc_31_0"   --->   Operation 270 'load' 'pool_acc_31_0_load' <Predicate = true> <Delay = 0.00>
ST_2 : Operation 271 [1/1] (1.42ns)   --->   "%icmp_ln98 = icmp eq i6 %f2_0, -32" [main_5_slices.cpp:98]   --->   Operation 271 'icmp' 'icmp_ln98' <Predicate = true> <Delay = 1.42> <Core = "Cmp">   --->   Core 25 'Cmp' <Latency = 0> <II = 1> <Delay = 1.42> <FuncUnit> <Opcode : 'icmp'> <InPorts = 2> <OutPorts = 1>
ST_2 : Operation 272 [1/1] (0.00ns)   --->   "%empty = call i32 (...)* @_ssdm_op_SpecLoopTripCount(i64 32, i64 32, i64 32)"   --->   Operation 272 'speclooptripcount' 'empty' <Predicate = true> <Delay = 0.00>
ST_2 : Operation 273 [1/1] (1.82ns)   --->   "%f = add i6 %f2_0, 1" [main_5_slices.cpp:98]   --->   Operation 273 'add' 'f' <Predicate = true> <Delay = 1.82> <Core = "AddSub">   --->   Core 14 'AddSub' <Latency = 0> <II = 1> <Delay = 2.55> <FuncUnit> <Opcode : 'add' 'sub'> <InPorts = 2> <OutPorts = 1>
ST_2 : Operation 274 [1/1] (0.00ns)   --->   "br i1 %icmp_ln98, label %.preheader2.preheader, label %0" [main_5_slices.cpp:98]   --->   Operation 274 'br' <Predicate = true> <Delay = 0.00>
ST_2 : Operation 275 [1/1] (0.00ns)   --->   "call void (...)* @_ssdm_op_SpecLoopName([12 x i8]* @p_str24) nounwind" [main_5_slices.cpp:98]   --->   Operation 275 'specloopname' <Predicate = (!icmp_ln98)> <Delay = 0.00>
ST_2 : Operation 276 [1/1] (0.00ns)   --->   "%trunc_ln98 = trunc i6 %f2_0 to i5" [main_5_slices.cpp:98]   --->   Operation 276 'trunc' 'trunc_ln98' <Predicate = (!icmp_ln98)> <Delay = 0.00>
ST_2 : Operation 277 [1/1] (1.48ns)   --->   "switch i5 %trunc_ln98, label %branch95 [
    i5 0, label %..preheader3.backedge_crit_edge
    i5 1, label %branch65
    i5 2, label %branch66
    i5 3, label %branch67
    i5 4, label %branch68
    i5 5, label %branch69
    i5 6, label %branch70
    i5 7, label %branch71
    i5 8, label %branch72
    i5 9, label %branch73
    i5 10, label %branch74
    i5 11, label %branch75
    i5 12, label %branch76
    i5 13, label %branch77
    i5 14, label %branch78
    i5 15, label %branch79
    i5 -16, label %branch80
    i5 -15, label %branch81
    i5 -14, label %branch82
    i5 -13, label %branch83
    i5 -12, label %branch84
    i5 -11, label %branch85
    i5 -10, label %branch86
    i5 -9, label %branch87
    i5 -8, label %branch88
    i5 -7, label %branch89
    i5 -6, label %branch90
    i5 -5, label %branch91
    i5 -4, label %branch92
    i5 -3, label %branch93
    i5 -2, label %branch94
  ]" [main_5_slices.cpp:98]   --->   Operation 277 'switch' <Predicate = (!icmp_ln98)> <Delay = 1.48>
ST_2 : Operation 278 [1/1] (0.00ns)   --->   "store half 0x0, half* %pool_acc_30_0" [main_5_slices.cpp:98]   --->   Operation 278 'store' <Predicate = (!icmp_ln98 & trunc_ln98 == 30)> <Delay = 0.00>
ST_2 : Operation 279 [1/1] (0.00ns)   --->   "br label %.preheader3.backedge" [main_5_slices.cpp:98]   --->   Operation 279 'br' <Predicate = (!icmp_ln98 & trunc_ln98 == 30)> <Delay = 0.00>
ST_2 : Operation 280 [1/1] (0.00ns)   --->   "store half 0x0, half* %pool_acc_29_0" [main_5_slices.cpp:98]   --->   Operation 280 'store' <Predicate = (!icmp_ln98 & trunc_ln98 == 29)> <Delay = 0.00>
ST_2 : Operation 281 [1/1] (0.00ns)   --->   "br label %.preheader3.backedge" [main_5_slices.cpp:98]   --->   Operation 281 'br' <Predicate = (!icmp_ln98 & trunc_ln98 == 29)> <Delay = 0.00>
ST_2 : Operation 282 [1/1] (0.00ns)   --->   "store half 0x0, half* %pool_acc_28_0" [main_5_slices.cpp:98]   --->   Operation 282 'store' <Predicate = (!icmp_ln98 & trunc_ln98 == 28)> <Delay = 0.00>
ST_2 : Operation 283 [1/1] (0.00ns)   --->   "br label %.preheader3.backedge" [main_5_slices.cpp:98]   --->   Operation 283 'br' <Predicate = (!icmp_ln98 & trunc_ln98 == 28)> <Delay = 0.00>
ST_2 : Operation 284 [1/1] (0.00ns)   --->   "store half 0x0, half* %pool_acc_27_0" [main_5_slices.cpp:98]   --->   Operation 284 'store' <Predicate = (!icmp_ln98 & trunc_ln98 == 27)> <Delay = 0.00>
ST_2 : Operation 285 [1/1] (0.00ns)   --->   "br label %.preheader3.backedge" [main_5_slices.cpp:98]   --->   Operation 285 'br' <Predicate = (!icmp_ln98 & trunc_ln98 == 27)> <Delay = 0.00>
ST_2 : Operation 286 [1/1] (0.00ns)   --->   "store half 0x0, half* %pool_acc_26_0" [main_5_slices.cpp:98]   --->   Operation 286 'store' <Predicate = (!icmp_ln98 & trunc_ln98 == 26)> <Delay = 0.00>
ST_2 : Operation 287 [1/1] (0.00ns)   --->   "br label %.preheader3.backedge" [main_5_slices.cpp:98]   --->   Operation 287 'br' <Predicate = (!icmp_ln98 & trunc_ln98 == 26)> <Delay = 0.00>
ST_2 : Operation 288 [1/1] (0.00ns)   --->   "store half 0x0, half* %pool_acc_25_0" [main_5_slices.cpp:98]   --->   Operation 288 'store' <Predicate = (!icmp_ln98 & trunc_ln98 == 25)> <Delay = 0.00>
ST_2 : Operation 289 [1/1] (0.00ns)   --->   "br label %.preheader3.backedge" [main_5_slices.cpp:98]   --->   Operation 289 'br' <Predicate = (!icmp_ln98 & trunc_ln98 == 25)> <Delay = 0.00>
ST_2 : Operation 290 [1/1] (0.00ns)   --->   "store half 0x0, half* %pool_acc_24_0" [main_5_slices.cpp:98]   --->   Operation 290 'store' <Predicate = (!icmp_ln98 & trunc_ln98 == 24)> <Delay = 0.00>
ST_2 : Operation 291 [1/1] (0.00ns)   --->   "br label %.preheader3.backedge" [main_5_slices.cpp:98]   --->   Operation 291 'br' <Predicate = (!icmp_ln98 & trunc_ln98 == 24)> <Delay = 0.00>
ST_2 : Operation 292 [1/1] (0.00ns)   --->   "store half 0x0, half* %pool_acc_23_0" [main_5_slices.cpp:98]   --->   Operation 292 'store' <Predicate = (!icmp_ln98 & trunc_ln98 == 23)> <Delay = 0.00>
ST_2 : Operation 293 [1/1] (0.00ns)   --->   "br label %.preheader3.backedge" [main_5_slices.cpp:98]   --->   Operation 293 'br' <Predicate = (!icmp_ln98 & trunc_ln98 == 23)> <Delay = 0.00>
ST_2 : Operation 294 [1/1] (0.00ns)   --->   "store half 0x0, half* %pool_acc_22_0" [main_5_slices.cpp:98]   --->   Operation 294 'store' <Predicate = (!icmp_ln98 & trunc_ln98 == 22)> <Delay = 0.00>
ST_2 : Operation 295 [1/1] (0.00ns)   --->   "br label %.preheader3.backedge" [main_5_slices.cpp:98]   --->   Operation 295 'br' <Predicate = (!icmp_ln98 & trunc_ln98 == 22)> <Delay = 0.00>
ST_2 : Operation 296 [1/1] (0.00ns)   --->   "store half 0x0, half* %pool_acc_21_0" [main_5_slices.cpp:98]   --->   Operation 296 'store' <Predicate = (!icmp_ln98 & trunc_ln98 == 21)> <Delay = 0.00>
ST_2 : Operation 297 [1/1] (0.00ns)   --->   "br label %.preheader3.backedge" [main_5_slices.cpp:98]   --->   Operation 297 'br' <Predicate = (!icmp_ln98 & trunc_ln98 == 21)> <Delay = 0.00>
ST_2 : Operation 298 [1/1] (0.00ns)   --->   "store half 0x0, half* %pool_acc_20_0" [main_5_slices.cpp:98]   --->   Operation 298 'store' <Predicate = (!icmp_ln98 & trunc_ln98 == 20)> <Delay = 0.00>
ST_2 : Operation 299 [1/1] (0.00ns)   --->   "br label %.preheader3.backedge" [main_5_slices.cpp:98]   --->   Operation 299 'br' <Predicate = (!icmp_ln98 & trunc_ln98 == 20)> <Delay = 0.00>
ST_2 : Operation 300 [1/1] (0.00ns)   --->   "store half 0x0, half* %pool_acc_19_0" [main_5_slices.cpp:98]   --->   Operation 300 'store' <Predicate = (!icmp_ln98 & trunc_ln98 == 19)> <Delay = 0.00>
ST_2 : Operation 301 [1/1] (0.00ns)   --->   "br label %.preheader3.backedge" [main_5_slices.cpp:98]   --->   Operation 301 'br' <Predicate = (!icmp_ln98 & trunc_ln98 == 19)> <Delay = 0.00>
ST_2 : Operation 302 [1/1] (0.00ns)   --->   "store half 0x0, half* %pool_acc_18_0" [main_5_slices.cpp:98]   --->   Operation 302 'store' <Predicate = (!icmp_ln98 & trunc_ln98 == 18)> <Delay = 0.00>
ST_2 : Operation 303 [1/1] (0.00ns)   --->   "br label %.preheader3.backedge" [main_5_slices.cpp:98]   --->   Operation 303 'br' <Predicate = (!icmp_ln98 & trunc_ln98 == 18)> <Delay = 0.00>
ST_2 : Operation 304 [1/1] (0.00ns)   --->   "store half 0x0, half* %pool_acc_17_0" [main_5_slices.cpp:98]   --->   Operation 304 'store' <Predicate = (!icmp_ln98 & trunc_ln98 == 17)> <Delay = 0.00>
ST_2 : Operation 305 [1/1] (0.00ns)   --->   "br label %.preheader3.backedge" [main_5_slices.cpp:98]   --->   Operation 305 'br' <Predicate = (!icmp_ln98 & trunc_ln98 == 17)> <Delay = 0.00>
ST_2 : Operation 306 [1/1] (0.00ns)   --->   "store half 0x0, half* %pool_acc_16_0" [main_5_slices.cpp:98]   --->   Operation 306 'store' <Predicate = (!icmp_ln98 & trunc_ln98 == 16)> <Delay = 0.00>
ST_2 : Operation 307 [1/1] (0.00ns)   --->   "br label %.preheader3.backedge" [main_5_slices.cpp:98]   --->   Operation 307 'br' <Predicate = (!icmp_ln98 & trunc_ln98 == 16)> <Delay = 0.00>
ST_2 : Operation 308 [1/1] (0.00ns)   --->   "store half 0x0, half* %pool_acc_15_0" [main_5_slices.cpp:98]   --->   Operation 308 'store' <Predicate = (!icmp_ln98 & trunc_ln98 == 15)> <Delay = 0.00>
ST_2 : Operation 309 [1/1] (0.00ns)   --->   "br label %.preheader3.backedge" [main_5_slices.cpp:98]   --->   Operation 309 'br' <Predicate = (!icmp_ln98 & trunc_ln98 == 15)> <Delay = 0.00>
ST_2 : Operation 310 [1/1] (0.00ns)   --->   "store half 0x0, half* %pool_acc_14_0" [main_5_slices.cpp:98]   --->   Operation 310 'store' <Predicate = (!icmp_ln98 & trunc_ln98 == 14)> <Delay = 0.00>
ST_2 : Operation 311 [1/1] (0.00ns)   --->   "br label %.preheader3.backedge" [main_5_slices.cpp:98]   --->   Operation 311 'br' <Predicate = (!icmp_ln98 & trunc_ln98 == 14)> <Delay = 0.00>
ST_2 : Operation 312 [1/1] (0.00ns)   --->   "store half 0x0, half* %pool_acc_13_0" [main_5_slices.cpp:98]   --->   Operation 312 'store' <Predicate = (!icmp_ln98 & trunc_ln98 == 13)> <Delay = 0.00>
ST_2 : Operation 313 [1/1] (0.00ns)   --->   "br label %.preheader3.backedge" [main_5_slices.cpp:98]   --->   Operation 313 'br' <Predicate = (!icmp_ln98 & trunc_ln98 == 13)> <Delay = 0.00>
ST_2 : Operation 314 [1/1] (0.00ns)   --->   "store half 0x0, half* %pool_acc_12_0" [main_5_slices.cpp:98]   --->   Operation 314 'store' <Predicate = (!icmp_ln98 & trunc_ln98 == 12)> <Delay = 0.00>
ST_2 : Operation 315 [1/1] (0.00ns)   --->   "br label %.preheader3.backedge" [main_5_slices.cpp:98]   --->   Operation 315 'br' <Predicate = (!icmp_ln98 & trunc_ln98 == 12)> <Delay = 0.00>
ST_2 : Operation 316 [1/1] (0.00ns)   --->   "store half 0x0, half* %pool_acc_11_0" [main_5_slices.cpp:98]   --->   Operation 316 'store' <Predicate = (!icmp_ln98 & trunc_ln98 == 11)> <Delay = 0.00>
ST_2 : Operation 317 [1/1] (0.00ns)   --->   "br label %.preheader3.backedge" [main_5_slices.cpp:98]   --->   Operation 317 'br' <Predicate = (!icmp_ln98 & trunc_ln98 == 11)> <Delay = 0.00>
ST_2 : Operation 318 [1/1] (0.00ns)   --->   "store half 0x0, half* %pool_acc_10_0" [main_5_slices.cpp:98]   --->   Operation 318 'store' <Predicate = (!icmp_ln98 & trunc_ln98 == 10)> <Delay = 0.00>
ST_2 : Operation 319 [1/1] (0.00ns)   --->   "br label %.preheader3.backedge" [main_5_slices.cpp:98]   --->   Operation 319 'br' <Predicate = (!icmp_ln98 & trunc_ln98 == 10)> <Delay = 0.00>
ST_2 : Operation 320 [1/1] (0.00ns)   --->   "store half 0x0, half* %pool_acc_9_0" [main_5_slices.cpp:98]   --->   Operation 320 'store' <Predicate = (!icmp_ln98 & trunc_ln98 == 9)> <Delay = 0.00>
ST_2 : Operation 321 [1/1] (0.00ns)   --->   "br label %.preheader3.backedge" [main_5_slices.cpp:98]   --->   Operation 321 'br' <Predicate = (!icmp_ln98 & trunc_ln98 == 9)> <Delay = 0.00>
ST_2 : Operation 322 [1/1] (0.00ns)   --->   "store half 0x0, half* %pool_acc_8_0" [main_5_slices.cpp:98]   --->   Operation 322 'store' <Predicate = (!icmp_ln98 & trunc_ln98 == 8)> <Delay = 0.00>
ST_2 : Operation 323 [1/1] (0.00ns)   --->   "br label %.preheader3.backedge" [main_5_slices.cpp:98]   --->   Operation 323 'br' <Predicate = (!icmp_ln98 & trunc_ln98 == 8)> <Delay = 0.00>
ST_2 : Operation 324 [1/1] (0.00ns)   --->   "store half 0x0, half* %pool_acc_7_0" [main_5_slices.cpp:98]   --->   Operation 324 'store' <Predicate = (!icmp_ln98 & trunc_ln98 == 7)> <Delay = 0.00>
ST_2 : Operation 325 [1/1] (0.00ns)   --->   "br label %.preheader3.backedge" [main_5_slices.cpp:98]   --->   Operation 325 'br' <Predicate = (!icmp_ln98 & trunc_ln98 == 7)> <Delay = 0.00>
ST_2 : Operation 326 [1/1] (0.00ns)   --->   "store half 0x0, half* %pool_acc_6_0" [main_5_slices.cpp:98]   --->   Operation 326 'store' <Predicate = (!icmp_ln98 & trunc_ln98 == 6)> <Delay = 0.00>
ST_2 : Operation 327 [1/1] (0.00ns)   --->   "br label %.preheader3.backedge" [main_5_slices.cpp:98]   --->   Operation 327 'br' <Predicate = (!icmp_ln98 & trunc_ln98 == 6)> <Delay = 0.00>
ST_2 : Operation 328 [1/1] (0.00ns)   --->   "store half 0x0, half* %pool_acc_5_0" [main_5_slices.cpp:98]   --->   Operation 328 'store' <Predicate = (!icmp_ln98 & trunc_ln98 == 5)> <Delay = 0.00>
ST_2 : Operation 329 [1/1] (0.00ns)   --->   "br label %.preheader3.backedge" [main_5_slices.cpp:98]   --->   Operation 329 'br' <Predicate = (!icmp_ln98 & trunc_ln98 == 5)> <Delay = 0.00>
ST_2 : Operation 330 [1/1] (0.00ns)   --->   "store half 0x0, half* %pool_acc_4_0" [main_5_slices.cpp:98]   --->   Operation 330 'store' <Predicate = (!icmp_ln98 & trunc_ln98 == 4)> <Delay = 0.00>
ST_2 : Operation 331 [1/1] (0.00ns)   --->   "br label %.preheader3.backedge" [main_5_slices.cpp:98]   --->   Operation 331 'br' <Predicate = (!icmp_ln98 & trunc_ln98 == 4)> <Delay = 0.00>
ST_2 : Operation 332 [1/1] (0.00ns)   --->   "store half 0x0, half* %pool_acc_3_0" [main_5_slices.cpp:98]   --->   Operation 332 'store' <Predicate = (!icmp_ln98 & trunc_ln98 == 3)> <Delay = 0.00>
ST_2 : Operation 333 [1/1] (0.00ns)   --->   "br label %.preheader3.backedge" [main_5_slices.cpp:98]   --->   Operation 333 'br' <Predicate = (!icmp_ln98 & trunc_ln98 == 3)> <Delay = 0.00>
ST_2 : Operation 334 [1/1] (0.00ns)   --->   "store half 0x0, half* %pool_acc_2_0" [main_5_slices.cpp:98]   --->   Operation 334 'store' <Predicate = (!icmp_ln98 & trunc_ln98 == 2)> <Delay = 0.00>
ST_2 : Operation 335 [1/1] (0.00ns)   --->   "br label %.preheader3.backedge" [main_5_slices.cpp:98]   --->   Operation 335 'br' <Predicate = (!icmp_ln98 & trunc_ln98 == 2)> <Delay = 0.00>
ST_2 : Operation 336 [1/1] (0.00ns)   --->   "store half 0x0, half* %pool_acc_1_0" [main_5_slices.cpp:98]   --->   Operation 336 'store' <Predicate = (!icmp_ln98 & trunc_ln98 == 1)> <Delay = 0.00>
ST_2 : Operation 337 [1/1] (0.00ns)   --->   "br label %.preheader3.backedge" [main_5_slices.cpp:98]   --->   Operation 337 'br' <Predicate = (!icmp_ln98 & trunc_ln98 == 1)> <Delay = 0.00>
ST_2 : Operation 338 [1/1] (0.00ns)   --->   "store half 0x0, half* %pool_acc_0_0" [main_5_slices.cpp:98]   --->   Operation 338 'store' <Predicate = (!icmp_ln98 & trunc_ln98 == 0)> <Delay = 0.00>
ST_2 : Operation 339 [1/1] (0.00ns)   --->   "br label %.preheader3.backedge" [main_5_slices.cpp:98]   --->   Operation 339 'br' <Predicate = (!icmp_ln98 & trunc_ln98 == 0)> <Delay = 0.00>
ST_2 : Operation 340 [1/1] (0.00ns)   --->   "store half 0x0, half* %pool_acc_31_0" [main_5_slices.cpp:98]   --->   Operation 340 'store' <Predicate = (!icmp_ln98 & trunc_ln98 == 31)> <Delay = 0.00>
ST_2 : Operation 341 [1/1] (0.00ns)   --->   "br label %.preheader3.backedge" [main_5_slices.cpp:98]   --->   Operation 341 'br' <Predicate = (!icmp_ln98 & trunc_ln98 == 31)> <Delay = 0.00>
ST_2 : Operation 342 [1/1] (0.00ns)   --->   "%pc_4 = alloca i32"   --->   Operation 342 'alloca' 'pc_4' <Predicate = (icmp_ln98)> <Delay = 0.00>
ST_2 : Operation 343 [1/1] (0.00ns)   --->   "%u_4 = alloca i32"   --->   Operation 343 'alloca' 'u_4' <Predicate = (icmp_ln98)> <Delay = 0.00>
ST_2 : Operation 344 [1/1] (1.76ns)   --->   "store i32 0, i32* %u_4"   --->   Operation 344 'store' <Predicate = (icmp_ln98)> <Delay = 1.76>
ST_2 : Operation 345 [1/1] (1.76ns)   --->   "store i32 0, i32* %pc_4"   --->   Operation 345 'store' <Predicate = (icmp_ln98)> <Delay = 1.76>
ST_2 : Operation 346 [1/1] (1.76ns)   --->   "br label %.preheader2"   --->   Operation 346 'br' <Predicate = (icmp_ln98)> <Delay = 1.76>

State 3 <SV = 2> <Delay = 0.00>
ST_3 : Operation 347 [1/1] (0.00ns)   --->   "br label %.preheader3"   --->   Operation 347 'br' <Predicate = true> <Delay = 0.00>

State 4 <SV = 2> <Delay = 1.82>
ST_4 : Operation 348 [1/1] (0.00ns)   --->   "%pool_acc_31_2 = phi half [ %pool_acc_31_7, %Loop1Big_end ], [ %pool_acc_31_0_load, %.preheader2.preheader ]" [main_5_slices.cpp:115]   --->   Operation 348 'phi' 'pool_acc_31_2' <Predicate = true> <Delay = 0.00>
ST_4 : Operation 349 [1/1] (0.00ns)   --->   "%pool_acc_30_2 = phi half [ %pool_acc_30_7, %Loop1Big_end ], [ %pool_acc_30_0_load, %.preheader2.preheader ]" [main_5_slices.cpp:115]   --->   Operation 349 'phi' 'pool_acc_30_2' <Predicate = true> <Delay = 0.00>
ST_4 : Operation 350 [1/1] (0.00ns)   --->   "%pool_acc_29_2 = phi half [ %pool_acc_29_7, %Loop1Big_end ], [ %pool_acc_29_0_load, %.preheader2.preheader ]" [main_5_slices.cpp:115]   --->   Operation 350 'phi' 'pool_acc_29_2' <Predicate = true> <Delay = 0.00>
ST_4 : Operation 351 [1/1] (0.00ns)   --->   "%pool_acc_28_2 = phi half [ %pool_acc_28_7, %Loop1Big_end ], [ %pool_acc_28_0_load, %.preheader2.preheader ]" [main_5_slices.cpp:115]   --->   Operation 351 'phi' 'pool_acc_28_2' <Predicate = true> <Delay = 0.00>
ST_4 : Operation 352 [1/1] (0.00ns)   --->   "%pool_acc_27_2 = phi half [ %pool_acc_27_7, %Loop1Big_end ], [ %pool_acc_27_0_load, %.preheader2.preheader ]" [main_5_slices.cpp:115]   --->   Operation 352 'phi' 'pool_acc_27_2' <Predicate = true> <Delay = 0.00>
ST_4 : Operation 353 [1/1] (0.00ns)   --->   "%pool_acc_26_2 = phi half [ %pool_acc_26_7, %Loop1Big_end ], [ %pool_acc_26_0_load, %.preheader2.preheader ]" [main_5_slices.cpp:115]   --->   Operation 353 'phi' 'pool_acc_26_2' <Predicate = true> <Delay = 0.00>
ST_4 : Operation 354 [1/1] (0.00ns)   --->   "%pool_acc_25_2 = phi half [ %pool_acc_25_7, %Loop1Big_end ], [ %pool_acc_25_0_load, %.preheader2.preheader ]" [main_5_slices.cpp:115]   --->   Operation 354 'phi' 'pool_acc_25_2' <Predicate = true> <Delay = 0.00>
ST_4 : Operation 355 [1/1] (0.00ns)   --->   "%pool_acc_24_2 = phi half [ %pool_acc_24_7, %Loop1Big_end ], [ %pool_acc_24_0_load, %.preheader2.preheader ]" [main_5_slices.cpp:115]   --->   Operation 355 'phi' 'pool_acc_24_2' <Predicate = true> <Delay = 0.00>
ST_4 : Operation 356 [1/1] (0.00ns)   --->   "%pool_acc_23_2 = phi half [ %pool_acc_23_7, %Loop1Big_end ], [ %pool_acc_23_0_load, %.preheader2.preheader ]" [main_5_slices.cpp:115]   --->   Operation 356 'phi' 'pool_acc_23_2' <Predicate = true> <Delay = 0.00>
ST_4 : Operation 357 [1/1] (0.00ns)   --->   "%pool_acc_22_2 = phi half [ %pool_acc_22_7, %Loop1Big_end ], [ %pool_acc_22_0_load, %.preheader2.preheader ]" [main_5_slices.cpp:115]   --->   Operation 357 'phi' 'pool_acc_22_2' <Predicate = true> <Delay = 0.00>
ST_4 : Operation 358 [1/1] (0.00ns)   --->   "%pool_acc_21_2 = phi half [ %pool_acc_21_7, %Loop1Big_end ], [ %pool_acc_21_0_load, %.preheader2.preheader ]" [main_5_slices.cpp:115]   --->   Operation 358 'phi' 'pool_acc_21_2' <Predicate = true> <Delay = 0.00>
ST_4 : Operation 359 [1/1] (0.00ns)   --->   "%pool_acc_20_2 = phi half [ %pool_acc_20_7, %Loop1Big_end ], [ %pool_acc_20_0_load, %.preheader2.preheader ]" [main_5_slices.cpp:115]   --->   Operation 359 'phi' 'pool_acc_20_2' <Predicate = true> <Delay = 0.00>
ST_4 : Operation 360 [1/1] (0.00ns)   --->   "%pool_acc_19_2 = phi half [ %pool_acc_19_7, %Loop1Big_end ], [ %pool_acc_19_0_load, %.preheader2.preheader ]" [main_5_slices.cpp:115]   --->   Operation 360 'phi' 'pool_acc_19_2' <Predicate = true> <Delay = 0.00>
ST_4 : Operation 361 [1/1] (0.00ns)   --->   "%pool_acc_18_2 = phi half [ %pool_acc_18_7, %Loop1Big_end ], [ %pool_acc_18_0_load, %.preheader2.preheader ]" [main_5_slices.cpp:115]   --->   Operation 361 'phi' 'pool_acc_18_2' <Predicate = true> <Delay = 0.00>
ST_4 : Operation 362 [1/1] (0.00ns)   --->   "%pool_acc_17_2 = phi half [ %pool_acc_17_7, %Loop1Big_end ], [ %pool_acc_17_0_load, %.preheader2.preheader ]" [main_5_slices.cpp:115]   --->   Operation 362 'phi' 'pool_acc_17_2' <Predicate = true> <Delay = 0.00>
ST_4 : Operation 363 [1/1] (0.00ns)   --->   "%pool_acc_16_2 = phi half [ %pool_acc_16_7, %Loop1Big_end ], [ %pool_acc_16_0_load, %.preheader2.preheader ]" [main_5_slices.cpp:115]   --->   Operation 363 'phi' 'pool_acc_16_2' <Predicate = true> <Delay = 0.00>
ST_4 : Operation 364 [1/1] (0.00ns)   --->   "%pool_acc_15_2 = phi half [ %pool_acc_15_7, %Loop1Big_end ], [ %pool_acc_15_0_load, %.preheader2.preheader ]" [main_5_slices.cpp:115]   --->   Operation 364 'phi' 'pool_acc_15_2' <Predicate = true> <Delay = 0.00>
ST_4 : Operation 365 [1/1] (0.00ns)   --->   "%pool_acc_14_2 = phi half [ %pool_acc_14_7, %Loop1Big_end ], [ %pool_acc_14_0_load, %.preheader2.preheader ]" [main_5_slices.cpp:115]   --->   Operation 365 'phi' 'pool_acc_14_2' <Predicate = true> <Delay = 0.00>
ST_4 : Operation 366 [1/1] (0.00ns)   --->   "%pool_acc_13_2 = phi half [ %pool_acc_13_7, %Loop1Big_end ], [ %pool_acc_13_0_load, %.preheader2.preheader ]" [main_5_slices.cpp:115]   --->   Operation 366 'phi' 'pool_acc_13_2' <Predicate = true> <Delay = 0.00>
ST_4 : Operation 367 [1/1] (0.00ns)   --->   "%pool_acc_12_2 = phi half [ %pool_acc_12_7, %Loop1Big_end ], [ %pool_acc_12_0_load, %.preheader2.preheader ]" [main_5_slices.cpp:115]   --->   Operation 367 'phi' 'pool_acc_12_2' <Predicate = true> <Delay = 0.00>
ST_4 : Operation 368 [1/1] (0.00ns)   --->   "%pool_acc_11_2 = phi half [ %pool_acc_11_7, %Loop1Big_end ], [ %pool_acc_11_0_load, %.preheader2.preheader ]" [main_5_slices.cpp:115]   --->   Operation 368 'phi' 'pool_acc_11_2' <Predicate = true> <Delay = 0.00>
ST_4 : Operation 369 [1/1] (0.00ns)   --->   "%pool_acc_10_2 = phi half [ %pool_acc_10_7, %Loop1Big_end ], [ %pool_acc_10_0_load, %.preheader2.preheader ]" [main_5_slices.cpp:115]   --->   Operation 369 'phi' 'pool_acc_10_2' <Predicate = true> <Delay = 0.00>
ST_4 : Operation 370 [1/1] (0.00ns)   --->   "%pool_acc_9_2 = phi half [ %pool_acc_9_7, %Loop1Big_end ], [ %pool_acc_9_0_load, %.preheader2.preheader ]" [main_5_slices.cpp:115]   --->   Operation 370 'phi' 'pool_acc_9_2' <Predicate = true> <Delay = 0.00>
ST_4 : Operation 371 [1/1] (0.00ns)   --->   "%pool_acc_8_2 = phi half [ %pool_acc_8_7, %Loop1Big_end ], [ %pool_acc_8_0_load, %.preheader2.preheader ]" [main_5_slices.cpp:115]   --->   Operation 371 'phi' 'pool_acc_8_2' <Predicate = true> <Delay = 0.00>
ST_4 : Operation 372 [1/1] (0.00ns)   --->   "%pool_acc_7_2 = phi half [ %pool_acc_7_7, %Loop1Big_end ], [ %pool_acc_7_0_load, %.preheader2.preheader ]" [main_5_slices.cpp:115]   --->   Operation 372 'phi' 'pool_acc_7_2' <Predicate = true> <Delay = 0.00>
ST_4 : Operation 373 [1/1] (0.00ns)   --->   "%pool_acc_6_2 = phi half [ %pool_acc_6_7, %Loop1Big_end ], [ %pool_acc_6_0_load, %.preheader2.preheader ]" [main_5_slices.cpp:115]   --->   Operation 373 'phi' 'pool_acc_6_2' <Predicate = true> <Delay = 0.00>
ST_4 : Operation 374 [1/1] (0.00ns)   --->   "%pool_acc_5_2 = phi half [ %pool_acc_5_7, %Loop1Big_end ], [ %pool_acc_5_0_load, %.preheader2.preheader ]" [main_5_slices.cpp:115]   --->   Operation 374 'phi' 'pool_acc_5_2' <Predicate = true> <Delay = 0.00>
ST_4 : Operation 375 [1/1] (0.00ns)   --->   "%pool_acc_4_2 = phi half [ %pool_acc_4_7, %Loop1Big_end ], [ %pool_acc_4_0_load, %.preheader2.preheader ]" [main_5_slices.cpp:115]   --->   Operation 375 'phi' 'pool_acc_4_2' <Predicate = true> <Delay = 0.00>
ST_4 : Operation 376 [1/1] (0.00ns)   --->   "%pool_acc_3_2 = phi half [ %pool_acc_3_7, %Loop1Big_end ], [ %pool_acc_3_0_load, %.preheader2.preheader ]" [main_5_slices.cpp:115]   --->   Operation 376 'phi' 'pool_acc_3_2' <Predicate = true> <Delay = 0.00>
ST_4 : Operation 377 [1/1] (0.00ns)   --->   "%pool_acc_2_2 = phi half [ %pool_acc_2_7, %Loop1Big_end ], [ %pool_acc_2_0_load, %.preheader2.preheader ]" [main_5_slices.cpp:115]   --->   Operation 377 'phi' 'pool_acc_2_2' <Predicate = true> <Delay = 0.00>
ST_4 : Operation 378 [1/1] (0.00ns)   --->   "%pool_acc_1_2 = phi half [ %pool_acc_1_7, %Loop1Big_end ], [ %pool_acc_1_0_load, %.preheader2.preheader ]" [main_5_slices.cpp:115]   --->   Operation 378 'phi' 'pool_acc_1_2' <Predicate = true> <Delay = 0.00>
ST_4 : Operation 379 [1/1] (0.00ns)   --->   "%pool_acc_0_2 = phi half [ %pool_acc_0_7, %Loop1Big_end ], [ %pool_acc_0_0_load, %.preheader2.preheader ]" [main_5_slices.cpp:115]   --->   Operation 379 'phi' 'pool_acc_0_2' <Predicate = true> <Delay = 0.00>
ST_4 : Operation 380 [1/1] (0.00ns)   --->   "%t_0 = phi i9 [ %t, %Loop1Big_end ], [ 0, %.preheader2.preheader ]"   --->   Operation 380 'phi' 't_0' <Predicate = true> <Delay = 0.00>
ST_4 : Operation 381 [1/1] (0.00ns)   --->   "%empty_54 = call i32 (...)* @_ssdm_op_SpecLoopTripCount(i64 288, i64 288, i64 288)"   --->   Operation 381 'speclooptripcount' 'empty_54' <Predicate = true> <Delay = 0.00>
ST_4 : Operation 382 [1/1] (1.66ns)   --->   "%icmp_ln101 = icmp eq i9 %t_0, -224" [main_5_slices.cpp:101]   --->   Operation 382 'icmp' 'icmp_ln101' <Predicate = true> <Delay = 1.66> <Core = "Cmp">   --->   Core 25 'Cmp' <Latency = 0> <II = 1> <Delay = 1.42> <FuncUnit> <Opcode : 'icmp'> <InPorts = 2> <OutPorts = 1>
ST_4 : Operation 383 [1/1] (1.82ns)   --->   "%t = add i9 %t_0, 1" [main_5_slices.cpp:101]   --->   Operation 383 'add' 't' <Predicate = true> <Delay = 1.82> <Core = "AddSub">   --->   Core 14 'AddSub' <Latency = 0> <II = 1> <Delay = 2.55> <FuncUnit> <Opcode : 'add' 'sub'> <InPorts = 2> <OutPorts = 1>
ST_4 : Operation 384 [1/1] (0.00ns)   --->   "br i1 %icmp_ln101, label %7, label %Loop1Big_begin" [main_5_slices.cpp:101]   --->   Operation 384 'br' <Predicate = true> <Delay = 0.00>
ST_4 : Operation 385 [1/1] (0.00ns)   --->   "call void (...)* @_ssdm_op_SpecLoopName([9 x i8]* @p_str25) nounwind" [main_5_slices.cpp:101]   --->   Operation 385 'specloopname' <Predicate = (!icmp_ln101)> <Delay = 0.00>
ST_4 : Operation 386 [1/1] (0.00ns)   --->   "%tmp = call i32 (...)* @_ssdm_op_SpecRegionBegin([9 x i8]* @p_str25)" [main_5_slices.cpp:101]   --->   Operation 386 'specregionbegin' 'tmp' <Predicate = (!icmp_ln101)> <Delay = 0.00>
ST_4 : Operation 387 [1/1] (1.76ns)   --->   "br label %1" [main_5_slices.cpp:102]   --->   Operation 387 'br' <Predicate = (!icmp_ln101)> <Delay = 1.76>
ST_4 : Operation 388 [1/1] (0.00ns)   --->   "ret void" [main_5_slices.cpp:126]   --->   Operation 388 'ret' <Predicate = (icmp_ln101)> <Delay = 0.00>

State 5 <SV = 3> <Delay = 5.02>
ST_5 : Operation 389 [1/1] (0.00ns)   --->   "%pool_acc_31_3 = phi half [ %pool_acc_31_2, %Loop1Big_begin ], [ %pool_acc_31_4, %Loop2Big_end ]" [main_5_slices.cpp:115]   --->   Operation 389 'phi' 'pool_acc_31_3' <Predicate = true> <Delay = 0.00>
ST_5 : Operation 390 [1/1] (0.00ns)   --->   "%pool_acc_30_3 = phi half [ %pool_acc_30_2, %Loop1Big_begin ], [ %pool_acc_30_4, %Loop2Big_end ]" [main_5_slices.cpp:115]   --->   Operation 390 'phi' 'pool_acc_30_3' <Predicate = true> <Delay = 0.00>
ST_5 : Operation 391 [1/1] (0.00ns)   --->   "%pool_acc_29_3 = phi half [ %pool_acc_29_2, %Loop1Big_begin ], [ %pool_acc_29_4, %Loop2Big_end ]" [main_5_slices.cpp:115]   --->   Operation 391 'phi' 'pool_acc_29_3' <Predicate = true> <Delay = 0.00>
ST_5 : Operation 392 [1/1] (0.00ns)   --->   "%pool_acc_28_3 = phi half [ %pool_acc_28_2, %Loop1Big_begin ], [ %pool_acc_28_4, %Loop2Big_end ]" [main_5_slices.cpp:115]   --->   Operation 392 'phi' 'pool_acc_28_3' <Predicate = true> <Delay = 0.00>
ST_5 : Operation 393 [1/1] (0.00ns)   --->   "%pool_acc_27_3 = phi half [ %pool_acc_27_2, %Loop1Big_begin ], [ %pool_acc_27_4, %Loop2Big_end ]" [main_5_slices.cpp:115]   --->   Operation 393 'phi' 'pool_acc_27_3' <Predicate = true> <Delay = 0.00>
ST_5 : Operation 394 [1/1] (0.00ns)   --->   "%pool_acc_26_3 = phi half [ %pool_acc_26_2, %Loop1Big_begin ], [ %pool_acc_26_4, %Loop2Big_end ]" [main_5_slices.cpp:115]   --->   Operation 394 'phi' 'pool_acc_26_3' <Predicate = true> <Delay = 0.00>
ST_5 : Operation 395 [1/1] (0.00ns)   --->   "%pool_acc_25_3 = phi half [ %pool_acc_25_2, %Loop1Big_begin ], [ %pool_acc_25_4, %Loop2Big_end ]" [main_5_slices.cpp:115]   --->   Operation 395 'phi' 'pool_acc_25_3' <Predicate = true> <Delay = 0.00>
ST_5 : Operation 396 [1/1] (0.00ns)   --->   "%pool_acc_24_3 = phi half [ %pool_acc_24_2, %Loop1Big_begin ], [ %pool_acc_24_4, %Loop2Big_end ]" [main_5_slices.cpp:115]   --->   Operation 396 'phi' 'pool_acc_24_3' <Predicate = true> <Delay = 0.00>
ST_5 : Operation 397 [1/1] (0.00ns)   --->   "%pool_acc_23_3 = phi half [ %pool_acc_23_2, %Loop1Big_begin ], [ %pool_acc_23_4, %Loop2Big_end ]" [main_5_slices.cpp:115]   --->   Operation 397 'phi' 'pool_acc_23_3' <Predicate = true> <Delay = 0.00>
ST_5 : Operation 398 [1/1] (0.00ns)   --->   "%pool_acc_22_3 = phi half [ %pool_acc_22_2, %Loop1Big_begin ], [ %pool_acc_22_4, %Loop2Big_end ]" [main_5_slices.cpp:115]   --->   Operation 398 'phi' 'pool_acc_22_3' <Predicate = true> <Delay = 0.00>
ST_5 : Operation 399 [1/1] (0.00ns)   --->   "%pool_acc_21_3 = phi half [ %pool_acc_21_2, %Loop1Big_begin ], [ %pool_acc_21_4, %Loop2Big_end ]" [main_5_slices.cpp:115]   --->   Operation 399 'phi' 'pool_acc_21_3' <Predicate = true> <Delay = 0.00>
ST_5 : Operation 400 [1/1] (0.00ns)   --->   "%pool_acc_20_3 = phi half [ %pool_acc_20_2, %Loop1Big_begin ], [ %pool_acc_20_4, %Loop2Big_end ]" [main_5_slices.cpp:115]   --->   Operation 400 'phi' 'pool_acc_20_3' <Predicate = true> <Delay = 0.00>
ST_5 : Operation 401 [1/1] (0.00ns)   --->   "%pool_acc_19_3 = phi half [ %pool_acc_19_2, %Loop1Big_begin ], [ %pool_acc_19_4, %Loop2Big_end ]" [main_5_slices.cpp:115]   --->   Operation 401 'phi' 'pool_acc_19_3' <Predicate = true> <Delay = 0.00>
ST_5 : Operation 402 [1/1] (0.00ns)   --->   "%pool_acc_18_3 = phi half [ %pool_acc_18_2, %Loop1Big_begin ], [ %pool_acc_18_4, %Loop2Big_end ]" [main_5_slices.cpp:115]   --->   Operation 402 'phi' 'pool_acc_18_3' <Predicate = true> <Delay = 0.00>
ST_5 : Operation 403 [1/1] (0.00ns)   --->   "%pool_acc_17_3 = phi half [ %pool_acc_17_2, %Loop1Big_begin ], [ %pool_acc_17_4, %Loop2Big_end ]" [main_5_slices.cpp:115]   --->   Operation 403 'phi' 'pool_acc_17_3' <Predicate = true> <Delay = 0.00>
ST_5 : Operation 404 [1/1] (0.00ns)   --->   "%pool_acc_16_3 = phi half [ %pool_acc_16_2, %Loop1Big_begin ], [ %pool_acc_16_4, %Loop2Big_end ]" [main_5_slices.cpp:115]   --->   Operation 404 'phi' 'pool_acc_16_3' <Predicate = true> <Delay = 0.00>
ST_5 : Operation 405 [1/1] (0.00ns)   --->   "%pool_acc_15_3 = phi half [ %pool_acc_15_2, %Loop1Big_begin ], [ %pool_acc_15_4, %Loop2Big_end ]" [main_5_slices.cpp:115]   --->   Operation 405 'phi' 'pool_acc_15_3' <Predicate = true> <Delay = 0.00>
ST_5 : Operation 406 [1/1] (0.00ns)   --->   "%pool_acc_14_3 = phi half [ %pool_acc_14_2, %Loop1Big_begin ], [ %pool_acc_14_4, %Loop2Big_end ]" [main_5_slices.cpp:115]   --->   Operation 406 'phi' 'pool_acc_14_3' <Predicate = true> <Delay = 0.00>
ST_5 : Operation 407 [1/1] (0.00ns)   --->   "%pool_acc_13_3 = phi half [ %pool_acc_13_2, %Loop1Big_begin ], [ %pool_acc_13_4, %Loop2Big_end ]" [main_5_slices.cpp:115]   --->   Operation 407 'phi' 'pool_acc_13_3' <Predicate = true> <Delay = 0.00>
ST_5 : Operation 408 [1/1] (0.00ns)   --->   "%pool_acc_12_3 = phi half [ %pool_acc_12_2, %Loop1Big_begin ], [ %pool_acc_12_4, %Loop2Big_end ]" [main_5_slices.cpp:115]   --->   Operation 408 'phi' 'pool_acc_12_3' <Predicate = true> <Delay = 0.00>
ST_5 : Operation 409 [1/1] (0.00ns)   --->   "%pool_acc_11_3 = phi half [ %pool_acc_11_2, %Loop1Big_begin ], [ %pool_acc_11_4, %Loop2Big_end ]" [main_5_slices.cpp:115]   --->   Operation 409 'phi' 'pool_acc_11_3' <Predicate = true> <Delay = 0.00>
ST_5 : Operation 410 [1/1] (0.00ns)   --->   "%pool_acc_10_3 = phi half [ %pool_acc_10_2, %Loop1Big_begin ], [ %pool_acc_10_4, %Loop2Big_end ]" [main_5_slices.cpp:115]   --->   Operation 410 'phi' 'pool_acc_10_3' <Predicate = true> <Delay = 0.00>
ST_5 : Operation 411 [1/1] (0.00ns)   --->   "%pool_acc_9_3 = phi half [ %pool_acc_9_2, %Loop1Big_begin ], [ %pool_acc_9_4, %Loop2Big_end ]" [main_5_slices.cpp:115]   --->   Operation 411 'phi' 'pool_acc_9_3' <Predicate = true> <Delay = 0.00>
ST_5 : Operation 412 [1/1] (0.00ns)   --->   "%pool_acc_8_3 = phi half [ %pool_acc_8_2, %Loop1Big_begin ], [ %pool_acc_8_4, %Loop2Big_end ]" [main_5_slices.cpp:115]   --->   Operation 412 'phi' 'pool_acc_8_3' <Predicate = true> <Delay = 0.00>
ST_5 : Operation 413 [1/1] (0.00ns)   --->   "%pool_acc_7_3 = phi half [ %pool_acc_7_2, %Loop1Big_begin ], [ %pool_acc_7_4, %Loop2Big_end ]" [main_5_slices.cpp:115]   --->   Operation 413 'phi' 'pool_acc_7_3' <Predicate = true> <Delay = 0.00>
ST_5 : Operation 414 [1/1] (0.00ns)   --->   "%pool_acc_6_3 = phi half [ %pool_acc_6_2, %Loop1Big_begin ], [ %pool_acc_6_4, %Loop2Big_end ]" [main_5_slices.cpp:115]   --->   Operation 414 'phi' 'pool_acc_6_3' <Predicate = true> <Delay = 0.00>
ST_5 : Operation 415 [1/1] (0.00ns)   --->   "%pool_acc_5_3 = phi half [ %pool_acc_5_2, %Loop1Big_begin ], [ %pool_acc_5_4, %Loop2Big_end ]" [main_5_slices.cpp:115]   --->   Operation 415 'phi' 'pool_acc_5_3' <Predicate = true> <Delay = 0.00>
ST_5 : Operation 416 [1/1] (0.00ns)   --->   "%pool_acc_4_3 = phi half [ %pool_acc_4_2, %Loop1Big_begin ], [ %pool_acc_4_4, %Loop2Big_end ]" [main_5_slices.cpp:115]   --->   Operation 416 'phi' 'pool_acc_4_3' <Predicate = true> <Delay = 0.00>
ST_5 : Operation 417 [1/1] (0.00ns)   --->   "%pool_acc_3_3 = phi half [ %pool_acc_3_2, %Loop1Big_begin ], [ %pool_acc_3_4, %Loop2Big_end ]" [main_5_slices.cpp:115]   --->   Operation 417 'phi' 'pool_acc_3_3' <Predicate = true> <Delay = 0.00>
ST_5 : Operation 418 [1/1] (0.00ns)   --->   "%pool_acc_2_3 = phi half [ %pool_acc_2_2, %Loop1Big_begin ], [ %pool_acc_2_4, %Loop2Big_end ]" [main_5_slices.cpp:115]   --->   Operation 418 'phi' 'pool_acc_2_3' <Predicate = true> <Delay = 0.00>
ST_5 : Operation 419 [1/1] (0.00ns)   --->   "%pool_acc_1_3 = phi half [ %pool_acc_1_2, %Loop1Big_begin ], [ %pool_acc_1_4, %Loop2Big_end ]" [main_5_slices.cpp:115]   --->   Operation 419 'phi' 'pool_acc_1_3' <Predicate = true> <Delay = 0.00>
ST_5 : Operation 420 [1/1] (0.00ns)   --->   "%pool_acc_0_3 = phi half [ %pool_acc_0_2, %Loop1Big_begin ], [ %pool_acc_0_4, %Loop2Big_end ]" [main_5_slices.cpp:115]   --->   Operation 420 'phi' 'pool_acc_0_3' <Predicate = true> <Delay = 0.00>
ST_5 : Operation 421 [1/1] (0.00ns)   --->   "%f_0 = phi i6 [ 0, %Loop1Big_begin ], [ %f_9, %Loop2Big_end ]"   --->   Operation 421 'phi' 'f_0' <Predicate = true> <Delay = 0.00>
ST_5 : Operation 422 [1/1] (1.42ns)   --->   "%icmp_ln102 = icmp eq i6 %f_0, -32" [main_5_slices.cpp:102]   --->   Operation 422 'icmp' 'icmp_ln102' <Predicate = true> <Delay = 1.42> <Core = "Cmp">   --->   Core 25 'Cmp' <Latency = 0> <II = 1> <Delay = 1.42> <FuncUnit> <Opcode : 'icmp'> <InPorts = 2> <OutPorts = 1>
ST_5 : Operation 423 [1/1] (0.00ns)   --->   "%empty_55 = call i32 (...)* @_ssdm_op_SpecLoopTripCount(i64 32, i64 32, i64 32)"   --->   Operation 423 'speclooptripcount' 'empty_55' <Predicate = true> <Delay = 0.00>
ST_5 : Operation 424 [1/1] (1.82ns)   --->   "%f_9 = add i6 %f_0, 1" [main_5_slices.cpp:102]   --->   Operation 424 'add' 'f_9' <Predicate = true> <Delay = 1.82> <Core = "AddSub">   --->   Core 14 'AddSub' <Latency = 0> <II = 1> <Delay = 2.55> <FuncUnit> <Opcode : 'add' 'sub'> <InPorts = 2> <OutPorts = 1>
ST_5 : Operation 425 [1/1] (0.00ns)   --->   "br i1 %icmp_ln102, label %4, label %Loop2Big_begin" [main_5_slices.cpp:102]   --->   Operation 425 'br' <Predicate = true> <Delay = 0.00>
ST_5 : Operation 426 [1/1] (0.00ns)   --->   "call void (...)* @_ssdm_op_SpecLoopName([9 x i8]* @p_str26) nounwind" [main_5_slices.cpp:102]   --->   Operation 426 'specloopname' <Predicate = (!icmp_ln102)> <Delay = 0.00>
ST_5 : Operation 427 [1/1] (0.00ns)   --->   "%tmp_18 = call i32 (...)* @_ssdm_op_SpecRegionBegin([9 x i8]* @p_str26)" [main_5_slices.cpp:102]   --->   Operation 427 'specregionbegin' 'tmp_18' <Predicate = (!icmp_ln102)> <Delay = 0.00>
ST_5 : Operation 428 [1/1] (1.76ns)   --->   "br label %.preheader1" [main_5_slices.cpp:104]   --->   Operation 428 'br' <Predicate = (!icmp_ln102)> <Delay = 1.76>
ST_5 : Operation 429 [1/1] (0.00ns)   --->   "%pc_4_load = load i32* %pc_4" [main_5_slices.cpp:117]   --->   Operation 429 'load' 'pc_4_load' <Predicate = (icmp_ln102)> <Delay = 0.00>
ST_5 : Operation 430 [1/1] (2.55ns)   --->   "%pc = add nsw i32 %pc_4_load, 1" [main_5_slices.cpp:117]   --->   Operation 430 'add' 'pc' <Predicate = (icmp_ln102)> <Delay = 2.55> <Core = "AddSub">   --->   Core 14 'AddSub' <Latency = 0> <II = 1> <Delay = 2.55> <FuncUnit> <Opcode : 'add' 'sub'> <InPorts = 2> <OutPorts = 1>
ST_5 : Operation 431 [1/1] (2.47ns)   --->   "%icmp_ln117 = icmp eq i32 %pc, 24" [main_5_slices.cpp:117]   --->   Operation 431 'icmp' 'icmp_ln117' <Predicate = (icmp_ln102)> <Delay = 2.47> <Core = "Cmp">   --->   Core 25 'Cmp' <Latency = 0> <II = 1> <Delay = 1.42> <FuncUnit> <Opcode : 'icmp'> <InPorts = 2> <OutPorts = 1>
ST_5 : Operation 432 [1/1] (0.00ns)   --->   "br i1 %icmp_ln117, label %.preheader.preheader, label %.Loop1Big_end_crit_edge" [main_5_slices.cpp:117]   --->   Operation 432 'br' <Predicate = (icmp_ln102)> <Delay = 0.00>
ST_5 : Operation 433 [1/1] (1.76ns)   --->   "store i32 %pc, i32* %pc_4" [main_5_slices.cpp:117]   --->   Operation 433 'store' <Predicate = (icmp_ln102 & !icmp_ln117)> <Delay = 1.76>
ST_5 : Operation 434 [1/1] (1.76ns)   --->   "br label %Loop1Big_end" [main_5_slices.cpp:117]   --->   Operation 434 'br' <Predicate = (icmp_ln102 & !icmp_ln117)> <Delay = 1.76>
ST_5 : Operation 435 [1/1] (0.00ns)   --->   "%u_4_load = load i32* %u_4" [main_5_slices.cpp:119]   --->   Operation 435 'load' 'u_4_load' <Predicate = (icmp_ln102 & icmp_ln117)> <Delay = 0.00>
ST_5 : Operation 436 [1/1] (0.00ns)   --->   "%shl_ln119 = shl i32 %u_4_load, 5" [main_5_slices.cpp:119]   --->   Operation 436 'shl' 'shl_ln119' <Predicate = (icmp_ln102 & icmp_ln117)> <Delay = 0.00>
ST_5 : Operation 437 [1/1] (1.76ns)   --->   "br label %.preheader" [main_5_slices.cpp:118]   --->   Operation 437 'br' <Predicate = (icmp_ln102 & icmp_ln117)> <Delay = 1.76>

State 6 <SV = 4> <Delay = 6.72>
ST_6 : Operation 438 [1/1] (0.00ns)   --->   "%k_0 = phi i3 [ %k, %2 ], [ 0, %Loop2Big_begin ]"   --->   Operation 438 'phi' 'k_0' <Predicate = true> <Delay = 0.00>
ST_6 : Operation 439 [1/1] (0.00ns)   --->   "%acc_0 = phi half [ %acc_31, %2 ], [ 0x0, %Loop2Big_begin ]" [main_5_slices.cpp:109]   --->   Operation 439 'phi' 'acc_0' <Predicate = true> <Delay = 0.00>
ST_6 : Operation 440 [1/1] (1.13ns)   --->   "%icmp_ln104 = icmp eq i3 %k_0, -1" [main_5_slices.cpp:104]   --->   Operation 440 'icmp' 'icmp_ln104' <Predicate = true> <Delay = 1.13> <Core = "Cmp">   --->   Core 25 'Cmp' <Latency = 0> <II = 1> <Delay = 1.42> <FuncUnit> <Opcode : 'icmp'> <InPorts = 2> <OutPorts = 1>
ST_6 : Operation 441 [1/1] (0.00ns)   --->   "%empty_56 = call i32 (...)* @_ssdm_op_SpecLoopTripCount(i64 7, i64 7, i64 7)"   --->   Operation 441 'speclooptripcount' 'empty_56' <Predicate = true> <Delay = 0.00>
ST_6 : Operation 442 [1/1] (1.65ns)   --->   "%k = add i3 %k_0, 1" [main_5_slices.cpp:104]   --->   Operation 442 'add' 'k' <Predicate = true> <Delay = 1.65> <Core = "AddSub">   --->   Core 14 'AddSub' <Latency = 0> <II = 1> <Delay = 2.55> <FuncUnit> <Opcode : 'add' 'sub'> <InPorts = 2> <OutPorts = 1>
ST_6 : Operation 443 [1/1] (0.00ns)   --->   "br i1 %icmp_ln104, label %3, label %2" [main_5_slices.cpp:104]   --->   Operation 443 'br' <Predicate = true> <Delay = 0.00>
ST_6 : Operation 444 [1/1] (0.00ns)   --->   "%zext_ln105 = zext i3 %k_0 to i9" [main_5_slices.cpp:105]   --->   Operation 444 'zext' 'zext_ln105' <Predicate = (!icmp_ln104)> <Delay = 0.00>
ST_6 : Operation 445 [1/1] (1.82ns)   --->   "%add_ln105 = add i9 %t_0, %zext_ln105" [main_5_slices.cpp:105]   --->   Operation 445 'add' 'add_ln105' <Predicate = (!icmp_ln104)> <Delay = 1.82> <Core = "AddSub">   --->   Core 14 'AddSub' <Latency = 0> <II = 1> <Delay = 2.55> <FuncUnit> <Opcode : 'add' 'sub'> <InPorts = 2> <OutPorts = 1>
ST_6 : Operation 446 [1/1] (0.00ns)   --->   "%shl_ln7 = call i14 @_ssdm_op_BitConcatenate.i14.i9.i5(i9 %add_ln105, i5 0)" [main_5_slices.cpp:105]   --->   Operation 446 'bitconcatenate' 'shl_ln7' <Predicate = (!icmp_ln104)> <Delay = 0.00>
ST_6 : Operation 447 [1/1] (0.00ns)   --->   "%zext_ln105_4 = zext i14 %shl_ln7 to i64" [main_5_slices.cpp:105]   --->   Operation 447 'zext' 'zext_ln105_4' <Predicate = (!icmp_ln104)> <Delay = 0.00>
ST_6 : Operation 448 [1/1] (0.00ns)   --->   "%X_slice3_addr = getelementptr [9408 x half]* @X_slice3, i64 0, i64 %zext_ln105_4" [main_5_slices.cpp:109]   --->   Operation 448 'getelementptr' 'X_slice3_addr' <Predicate = (!icmp_ln104)> <Delay = 0.00>
ST_6 : Operation 449 [2/2] (3.25ns)   --->   "%X_slice3_load = load half* %X_slice3_addr, align 16" [main_5_slices.cpp:109]   --->   Operation 449 'load' 'X_slice3_load' <Predicate = (!icmp_ln104)> <Delay = 3.25> <Core = "ROM_nP">   --->   Core 52 'ROM_nP' <Latency = 1> <II = 1> <Delay = 3.25> <Storage> <Opcode : 'load'> <Ports = 0> <Width = 16> <Depth = 9408> <ROM>
ST_6 : Operation 450 [1/1] (0.00ns)   --->   "%trunc_ln113 = trunc i6 %f_0 to i5" [main_5_slices.cpp:113]   --->   Operation 450 'trunc' 'trunc_ln113' <Predicate = (icmp_ln104)> <Delay = 0.00>
ST_6 : Operation 451 [1/1] (3.20ns)   --->   "%tmp_10 = call half @_ssdm_op_Mux.ap_auto.32half.i5(half 0x3FEFFC0000000000, half 0x3FEFFC0000000000, half 0x3FEFFC0000000000, half 0x3FEFFC0000000000, half 0x3FEFFC0000000000, half 0x3FEFFC0000000000, half 0x3FEFFC0000000000, half 0x3FEFFC0000000000, half 0x3FEFFC0000000000, half 0x3FEFFC0000000000, half 0x3FEFFC0000000000, half 0x3FEFFC0000000000, half 0x3FEFFC0000000000, half 0x3FEFFC0000000000, half 0x3FEFFC0000000000, half 0x3FEFFC0000000000, half 0x3FEFFC0000000000, half 0x3FEFFC0000000000, half 0x3FEFFC0000000000, half 0x3FEFFC0000000000, half 0x3FEFFC0000000000, half 0x3FEFFC0000000000, half 0x3FEFFC0000000000, half 0x3FEFFC0000000000, half 0x3FEFFC0000000000, half 0x3FEFFC0000000000, half 0x3FEFFC0000000000, half 0x3FEFFC0000000000, half 0x3FEFFC0000000000, half 0x3FEFFC0000000000, half 0x3FEFFC0000000000, half 0x3FEFFC0000000000, i5 %trunc_ln113)" [main_5_slices.cpp:113]   --->   Operation 451 'mux' 'tmp_10' <Predicate = (icmp_ln104)> <Delay = 3.20> <Core = "MuxnS">   --->   Core 31 'MuxnS' <Latency = 0> <II = 1> <Delay = 3.20> <FuncUnit> <Opcode : 'mux'> <InPorts = 2> <OutPorts = 1>
ST_6 : Operation 452 [2/2] (3.52ns)   --->   "%tmp_86 = fpext half %tmp_10 to float" [main_5_slices.cpp:113]   --->   Operation 452 'hptosp' 'tmp_86' <Predicate = (icmp_ln104)> <Delay = 3.52> <Core = "Half2Float">   --->   Core 93 'Half2Float' <Latency = 1> <II = 1> <Delay = 3.52> <FuncUnit> <Opcode : 'hptosp'> <InPorts = 1> <OutPorts = 1>
ST_6 : Operation 453 [2/2] (3.52ns)   --->   "%tmp_87 = fpext half %acc_0 to float" [main_5_slices.cpp:113]   --->   Operation 453 'hptosp' 'tmp_87' <Predicate = (icmp_ln104)> <Delay = 3.52> <Core = "Half2Float">   --->   Core 93 'Half2Float' <Latency = 1> <II = 1> <Delay = 3.52> <FuncUnit> <Opcode : 'hptosp'> <InPorts = 1> <OutPorts = 1>

State 7 <SV = 5> <Delay = 3.25>
ST_7 : Operation 454 [1/2] (3.25ns)   --->   "%X_slice3_load = load half* %X_slice3_addr, align 16" [main_5_slices.cpp:109]   --->   Operation 454 'load' 'X_slice3_load' <Predicate = true> <Delay = 3.25> <Core = "ROM_nP">   --->   Core 52 'ROM_nP' <Latency = 1> <II = 1> <Delay = 3.25> <Storage> <Opcode : 'load'> <Ports = 0> <Width = 16> <Depth = 9408> <ROM>

State 8 <SV = 6> <Delay = 7.86>
ST_8 : Operation 455 [1/1] (0.00ns)   --->   "%add_ln = call i13 @_ssdm_op_BitConcatenate.i13.i3.i4.i6(i3 %k_0, i4 0, i6 %f_0)" [main_5_slices.cpp:109]   --->   Operation 455 'bitconcatenate' 'add_ln' <Predicate = true> <Delay = 0.00>
ST_8 : Operation 456 [1/1] (0.00ns)   --->   "%zext_ln109 = zext i13 %add_ln to i64" [main_5_slices.cpp:109]   --->   Operation 456 'zext' 'zext_ln109' <Predicate = true> <Delay = 0.00>
ST_8 : Operation 457 [1/1] (0.00ns)   --->   "%ConvW3_addr = getelementptr [7168 x half]* @ConvW3, i64 0, i64 %zext_ln109" [main_5_slices.cpp:109]   --->   Operation 457 'getelementptr' 'ConvW3_addr' <Predicate = true> <Delay = 0.00>
ST_8 : Operation 458 [1/1] (1.00ns)   --->   "%ConvW3_load = load half* %ConvW3_addr, align 2" [main_5_slices.cpp:109]   --->   Operation 458 'load' 'ConvW3_load' <Predicate = true> <Delay = 1.00> <Core = "Register">   --->   Core 77 'Register' <Latency = 0> <II = 1> <Delay = 1.00> <Storage> <Opcode : 'load' 'store'> <Ports = 0> <Width = 16> <Depth = 1> <Register>
ST_8 : Operation 459 [4/4] (6.86ns)   --->   "%tmp_92 = fmul half %X_slice3_load, %ConvW3_load" [main_5_slices.cpp:109]   --->   Operation 459 'hmul' 'tmp_92' <Predicate = true> <Delay = 6.86> <Core = "HMul">   --->   Core 91 'HMul' <Latency = 3> <II = 1> <Delay = 6.86> <FuncUnit> <Opcode : 'hmul'> <InPorts = 2> <OutPorts = 1>

State 9 <SV = 7> <Delay = 6.86>
ST_9 : Operation 460 [3/4] (6.86ns)   --->   "%tmp_92 = fmul half %X_slice3_load, %ConvW3_load" [main_5_slices.cpp:109]   --->   Operation 460 'hmul' 'tmp_92' <Predicate = true> <Delay = 6.86> <Core = "HMul">   --->   Core 91 'HMul' <Latency = 3> <II = 1> <Delay = 6.86> <FuncUnit> <Opcode : 'hmul'> <InPorts = 2> <OutPorts = 1>

State 10 <SV = 8> <Delay = 6.86>
ST_10 : Operation 461 [2/4] (6.86ns)   --->   "%tmp_92 = fmul half %X_slice3_load, %ConvW3_load" [main_5_slices.cpp:109]   --->   Operation 461 'hmul' 'tmp_92' <Predicate = true> <Delay = 6.86> <Core = "HMul">   --->   Core 91 'HMul' <Latency = 3> <II = 1> <Delay = 6.86> <FuncUnit> <Opcode : 'hmul'> <InPorts = 2> <OutPorts = 1>

State 11 <SV = 9> <Delay = 6.86>
ST_11 : Operation 462 [1/4] (6.86ns)   --->   "%tmp_92 = fmul half %X_slice3_load, %ConvW3_load" [main_5_slices.cpp:109]   --->   Operation 462 'hmul' 'tmp_92' <Predicate = true> <Delay = 6.86> <Core = "HMul">   --->   Core 91 'HMul' <Latency = 3> <II = 1> <Delay = 6.86> <FuncUnit> <Opcode : 'hmul'> <InPorts = 2> <OutPorts = 1>
ST_11 : Operation 463 [1/1] (0.00ns)   --->   "%or_ln109 = or i14 %shl_ln7, 1" [main_5_slices.cpp:109]   --->   Operation 463 'or' 'or_ln109' <Predicate = true> <Delay = 0.00>
ST_11 : Operation 464 [1/1] (0.00ns)   --->   "%zext_ln109_187 = zext i14 %or_ln109 to i64" [main_5_slices.cpp:109]   --->   Operation 464 'zext' 'zext_ln109_187' <Predicate = true> <Delay = 0.00>
ST_11 : Operation 465 [1/1] (0.00ns)   --->   "%X_slice3_addr_1 = getelementptr [9408 x half]* @X_slice3, i64 0, i64 %zext_ln109_187" [main_5_slices.cpp:109]   --->   Operation 465 'getelementptr' 'X_slice3_addr_1' <Predicate = true> <Delay = 0.00>
ST_11 : Operation 466 [2/2] (3.25ns)   --->   "%X_slice3_load_1 = load half* %X_slice3_addr_1, align 2" [main_5_slices.cpp:109]   --->   Operation 466 'load' 'X_slice3_load_1' <Predicate = true> <Delay = 3.25> <Core = "ROM_nP">   --->   Core 52 'ROM_nP' <Latency = 1> <II = 1> <Delay = 3.25> <Storage> <Opcode : 'load'> <Ports = 0> <Width = 16> <Depth = 9408> <ROM>

State 12 <SV = 10> <Delay = 7.61>
ST_12 : Operation 467 [5/5] (7.61ns)   --->   "%acc_025 = fadd half %acc_0, %tmp_92" [main_5_slices.cpp:109]   --->   Operation 467 'hadd' 'acc_025' <Predicate = true> <Delay = 7.61> <Core = "HAddSub">   --->   Core 90 'HAddSub' <Latency = 4> <II = 1> <Delay = 7.61> <FuncUnit> <Opcode : 'hadd' 'hsub'> <InPorts = 2> <OutPorts = 1>
ST_12 : Operation 468 [1/2] (3.25ns)   --->   "%X_slice3_load_1 = load half* %X_slice3_addr_1, align 2" [main_5_slices.cpp:109]   --->   Operation 468 'load' 'X_slice3_load_1' <Predicate = true> <Delay = 3.25> <Core = "ROM_nP">   --->   Core 52 'ROM_nP' <Latency = 1> <II = 1> <Delay = 3.25> <Storage> <Opcode : 'load'> <Ports = 0> <Width = 16> <Depth = 9408> <ROM>
ST_12 : Operation 469 [1/1] (1.67ns)   --->   "%add_ln109 = add i13 %add_ln, 32" [main_5_slices.cpp:109]   --->   Operation 469 'add' 'add_ln109' <Predicate = true> <Delay = 1.67> <Core = "AddSub">   --->   Core 14 'AddSub' <Latency = 0> <II = 1> <Delay = 2.55> <FuncUnit> <Opcode : 'add' 'sub'> <InPorts = 2> <OutPorts = 1>

State 13 <SV = 11> <Delay = 7.86>
ST_13 : Operation 470 [4/5] (7.61ns)   --->   "%acc_025 = fadd half %acc_0, %tmp_92" [main_5_slices.cpp:109]   --->   Operation 470 'hadd' 'acc_025' <Predicate = true> <Delay = 7.61> <Core = "HAddSub">   --->   Core 90 'HAddSub' <Latency = 4> <II = 1> <Delay = 7.61> <FuncUnit> <Opcode : 'hadd' 'hsub'> <InPorts = 2> <OutPorts = 1>
ST_13 : Operation 471 [1/1] (0.00ns)   --->   "%zext_ln109_188 = zext i13 %add_ln109 to i64" [main_5_slices.cpp:109]   --->   Operation 471 'zext' 'zext_ln109_188' <Predicate = true> <Delay = 0.00>
ST_13 : Operation 472 [1/1] (0.00ns)   --->   "%ConvW3_addr_1 = getelementptr [7168 x half]* @ConvW3, i64 0, i64 %zext_ln109_188" [main_5_slices.cpp:109]   --->   Operation 472 'getelementptr' 'ConvW3_addr_1' <Predicate = true> <Delay = 0.00>
ST_13 : Operation 473 [1/1] (1.00ns)   --->   "%ConvW3_load_1 = load half* %ConvW3_addr_1, align 2" [main_5_slices.cpp:109]   --->   Operation 473 'load' 'ConvW3_load_1' <Predicate = true> <Delay = 1.00> <Core = "Register">   --->   Core 77 'Register' <Latency = 0> <II = 1> <Delay = 1.00> <Storage> <Opcode : 'load' 'store'> <Ports = 0> <Width = 16> <Depth = 1> <Register>
ST_13 : Operation 474 [4/4] (6.86ns)   --->   "%tmp_92_1 = fmul half %X_slice3_load_1, %ConvW3_load_1" [main_5_slices.cpp:109]   --->   Operation 474 'hmul' 'tmp_92_1' <Predicate = true> <Delay = 6.86> <Core = "HMul">   --->   Core 91 'HMul' <Latency = 3> <II = 1> <Delay = 6.86> <FuncUnit> <Opcode : 'hmul'> <InPorts = 2> <OutPorts = 1>

State 14 <SV = 12> <Delay = 7.61>
ST_14 : Operation 475 [3/5] (7.61ns)   --->   "%acc_025 = fadd half %acc_0, %tmp_92" [main_5_slices.cpp:109]   --->   Operation 475 'hadd' 'acc_025' <Predicate = true> <Delay = 7.61> <Core = "HAddSub">   --->   Core 90 'HAddSub' <Latency = 4> <II = 1> <Delay = 7.61> <FuncUnit> <Opcode : 'hadd' 'hsub'> <InPorts = 2> <OutPorts = 1>
ST_14 : Operation 476 [3/4] (6.86ns)   --->   "%tmp_92_1 = fmul half %X_slice3_load_1, %ConvW3_load_1" [main_5_slices.cpp:109]   --->   Operation 476 'hmul' 'tmp_92_1' <Predicate = true> <Delay = 6.86> <Core = "HMul">   --->   Core 91 'HMul' <Latency = 3> <II = 1> <Delay = 6.86> <FuncUnit> <Opcode : 'hmul'> <InPorts = 2> <OutPorts = 1>

State 15 <SV = 13> <Delay = 7.61>
ST_15 : Operation 477 [2/5] (7.61ns)   --->   "%acc_025 = fadd half %acc_0, %tmp_92" [main_5_slices.cpp:109]   --->   Operation 477 'hadd' 'acc_025' <Predicate = true> <Delay = 7.61> <Core = "HAddSub">   --->   Core 90 'HAddSub' <Latency = 4> <II = 1> <Delay = 7.61> <FuncUnit> <Opcode : 'hadd' 'hsub'> <InPorts = 2> <OutPorts = 1>
ST_15 : Operation 478 [2/4] (6.86ns)   --->   "%tmp_92_1 = fmul half %X_slice3_load_1, %ConvW3_load_1" [main_5_slices.cpp:109]   --->   Operation 478 'hmul' 'tmp_92_1' <Predicate = true> <Delay = 6.86> <Core = "HMul">   --->   Core 91 'HMul' <Latency = 3> <II = 1> <Delay = 6.86> <FuncUnit> <Opcode : 'hmul'> <InPorts = 2> <OutPorts = 1>

State 16 <SV = 14> <Delay = 7.61>
ST_16 : Operation 479 [1/5] (7.61ns)   --->   "%acc_025 = fadd half %acc_0, %tmp_92" [main_5_slices.cpp:109]   --->   Operation 479 'hadd' 'acc_025' <Predicate = true> <Delay = 7.61> <Core = "HAddSub">   --->   Core 90 'HAddSub' <Latency = 4> <II = 1> <Delay = 7.61> <FuncUnit> <Opcode : 'hadd' 'hsub'> <InPorts = 2> <OutPorts = 1>
ST_16 : Operation 480 [1/4] (6.86ns)   --->   "%tmp_92_1 = fmul half %X_slice3_load_1, %ConvW3_load_1" [main_5_slices.cpp:109]   --->   Operation 480 'hmul' 'tmp_92_1' <Predicate = true> <Delay = 6.86> <Core = "HMul">   --->   Core 91 'HMul' <Latency = 3> <II = 1> <Delay = 6.86> <FuncUnit> <Opcode : 'hmul'> <InPorts = 2> <OutPorts = 1>
ST_16 : Operation 481 [1/1] (0.00ns)   --->   "%or_ln109_91 = or i14 %shl_ln7, 2" [main_5_slices.cpp:109]   --->   Operation 481 'or' 'or_ln109_91' <Predicate = true> <Delay = 0.00>
ST_16 : Operation 482 [1/1] (0.00ns)   --->   "%zext_ln109_189 = zext i14 %or_ln109_91 to i64" [main_5_slices.cpp:109]   --->   Operation 482 'zext' 'zext_ln109_189' <Predicate = true> <Delay = 0.00>
ST_16 : Operation 483 [1/1] (0.00ns)   --->   "%X_slice3_addr_2 = getelementptr [9408 x half]* @X_slice3, i64 0, i64 %zext_ln109_189" [main_5_slices.cpp:109]   --->   Operation 483 'getelementptr' 'X_slice3_addr_2' <Predicate = true> <Delay = 0.00>
ST_16 : Operation 484 [2/2] (3.25ns)   --->   "%X_slice3_load_2 = load half* %X_slice3_addr_2, align 4" [main_5_slices.cpp:109]   --->   Operation 484 'load' 'X_slice3_load_2' <Predicate = true> <Delay = 3.25> <Core = "ROM_nP">   --->   Core 52 'ROM_nP' <Latency = 1> <II = 1> <Delay = 3.25> <Storage> <Opcode : 'load'> <Ports = 0> <Width = 16> <Depth = 9408> <ROM>

State 17 <SV = 15> <Delay = 7.61>
ST_17 : Operation 485 [5/5] (7.61ns)   --->   "%acc_s = fadd half %acc_025, %tmp_92_1" [main_5_slices.cpp:109]   --->   Operation 485 'hadd' 'acc_s' <Predicate = true> <Delay = 7.61> <Core = "HAddSub">   --->   Core 90 'HAddSub' <Latency = 4> <II = 1> <Delay = 7.61> <FuncUnit> <Opcode : 'hadd' 'hsub'> <InPorts = 2> <OutPorts = 1>
ST_17 : Operation 486 [1/2] (3.25ns)   --->   "%X_slice3_load_2 = load half* %X_slice3_addr_2, align 4" [main_5_slices.cpp:109]   --->   Operation 486 'load' 'X_slice3_load_2' <Predicate = true> <Delay = 3.25> <Core = "ROM_nP">   --->   Core 52 'ROM_nP' <Latency = 1> <II = 1> <Delay = 3.25> <Storage> <Opcode : 'load'> <Ports = 0> <Width = 16> <Depth = 9408> <ROM>

State 18 <SV = 16> <Delay = 7.86>
ST_18 : Operation 487 [4/5] (7.61ns)   --->   "%acc_s = fadd half %acc_025, %tmp_92_1" [main_5_slices.cpp:109]   --->   Operation 487 'hadd' 'acc_s' <Predicate = true> <Delay = 7.61> <Core = "HAddSub">   --->   Core 90 'HAddSub' <Latency = 4> <II = 1> <Delay = 7.61> <FuncUnit> <Opcode : 'hadd' 'hsub'> <InPorts = 2> <OutPorts = 1>
ST_18 : Operation 488 [1/1] (0.00ns)   --->   "%or_ln109_121 = or i13 %add_ln, 64" [main_5_slices.cpp:109]   --->   Operation 488 'or' 'or_ln109_121' <Predicate = true> <Delay = 0.00>
ST_18 : Operation 489 [1/1] (0.00ns)   --->   "%zext_ln109_190 = zext i13 %or_ln109_121 to i64" [main_5_slices.cpp:109]   --->   Operation 489 'zext' 'zext_ln109_190' <Predicate = true> <Delay = 0.00>
ST_18 : Operation 490 [1/1] (0.00ns)   --->   "%ConvW3_addr_2 = getelementptr [7168 x half]* @ConvW3, i64 0, i64 %zext_ln109_190" [main_5_slices.cpp:109]   --->   Operation 490 'getelementptr' 'ConvW3_addr_2' <Predicate = true> <Delay = 0.00>
ST_18 : Operation 491 [1/1] (1.00ns)   --->   "%ConvW3_load_2 = load half* %ConvW3_addr_2, align 2" [main_5_slices.cpp:109]   --->   Operation 491 'load' 'ConvW3_load_2' <Predicate = true> <Delay = 1.00> <Core = "Register">   --->   Core 77 'Register' <Latency = 0> <II = 1> <Delay = 1.00> <Storage> <Opcode : 'load' 'store'> <Ports = 0> <Width = 16> <Depth = 1> <Register>
ST_18 : Operation 492 [4/4] (6.86ns)   --->   "%tmp_92_2 = fmul half %X_slice3_load_2, %ConvW3_load_2" [main_5_slices.cpp:109]   --->   Operation 492 'hmul' 'tmp_92_2' <Predicate = true> <Delay = 6.86> <Core = "HMul">   --->   Core 91 'HMul' <Latency = 3> <II = 1> <Delay = 6.86> <FuncUnit> <Opcode : 'hmul'> <InPorts = 2> <OutPorts = 1>

State 19 <SV = 17> <Delay = 7.61>
ST_19 : Operation 493 [3/5] (7.61ns)   --->   "%acc_s = fadd half %acc_025, %tmp_92_1" [main_5_slices.cpp:109]   --->   Operation 493 'hadd' 'acc_s' <Predicate = true> <Delay = 7.61> <Core = "HAddSub">   --->   Core 90 'HAddSub' <Latency = 4> <II = 1> <Delay = 7.61> <FuncUnit> <Opcode : 'hadd' 'hsub'> <InPorts = 2> <OutPorts = 1>
ST_19 : Operation 494 [3/4] (6.86ns)   --->   "%tmp_92_2 = fmul half %X_slice3_load_2, %ConvW3_load_2" [main_5_slices.cpp:109]   --->   Operation 494 'hmul' 'tmp_92_2' <Predicate = true> <Delay = 6.86> <Core = "HMul">   --->   Core 91 'HMul' <Latency = 3> <II = 1> <Delay = 6.86> <FuncUnit> <Opcode : 'hmul'> <InPorts = 2> <OutPorts = 1>

State 20 <SV = 18> <Delay = 7.61>
ST_20 : Operation 495 [2/5] (7.61ns)   --->   "%acc_s = fadd half %acc_025, %tmp_92_1" [main_5_slices.cpp:109]   --->   Operation 495 'hadd' 'acc_s' <Predicate = true> <Delay = 7.61> <Core = "HAddSub">   --->   Core 90 'HAddSub' <Latency = 4> <II = 1> <Delay = 7.61> <FuncUnit> <Opcode : 'hadd' 'hsub'> <InPorts = 2> <OutPorts = 1>
ST_20 : Operation 496 [2/4] (6.86ns)   --->   "%tmp_92_2 = fmul half %X_slice3_load_2, %ConvW3_load_2" [main_5_slices.cpp:109]   --->   Operation 496 'hmul' 'tmp_92_2' <Predicate = true> <Delay = 6.86> <Core = "HMul">   --->   Core 91 'HMul' <Latency = 3> <II = 1> <Delay = 6.86> <FuncUnit> <Opcode : 'hmul'> <InPorts = 2> <OutPorts = 1>

State 21 <SV = 19> <Delay = 7.61>
ST_21 : Operation 497 [1/5] (7.61ns)   --->   "%acc_s = fadd half %acc_025, %tmp_92_1" [main_5_slices.cpp:109]   --->   Operation 497 'hadd' 'acc_s' <Predicate = true> <Delay = 7.61> <Core = "HAddSub">   --->   Core 90 'HAddSub' <Latency = 4> <II = 1> <Delay = 7.61> <FuncUnit> <Opcode : 'hadd' 'hsub'> <InPorts = 2> <OutPorts = 1>
ST_21 : Operation 498 [1/4] (6.86ns)   --->   "%tmp_92_2 = fmul half %X_slice3_load_2, %ConvW3_load_2" [main_5_slices.cpp:109]   --->   Operation 498 'hmul' 'tmp_92_2' <Predicate = true> <Delay = 6.86> <Core = "HMul">   --->   Core 91 'HMul' <Latency = 3> <II = 1> <Delay = 6.86> <FuncUnit> <Opcode : 'hmul'> <InPorts = 2> <OutPorts = 1>
ST_21 : Operation 499 [1/1] (0.00ns)   --->   "%or_ln109_92 = or i14 %shl_ln7, 3" [main_5_slices.cpp:109]   --->   Operation 499 'or' 'or_ln109_92' <Predicate = true> <Delay = 0.00>
ST_21 : Operation 500 [1/1] (0.00ns)   --->   "%zext_ln109_191 = zext i14 %or_ln109_92 to i64" [main_5_slices.cpp:109]   --->   Operation 500 'zext' 'zext_ln109_191' <Predicate = true> <Delay = 0.00>
ST_21 : Operation 501 [1/1] (0.00ns)   --->   "%X_slice3_addr_3 = getelementptr [9408 x half]* @X_slice3, i64 0, i64 %zext_ln109_191" [main_5_slices.cpp:109]   --->   Operation 501 'getelementptr' 'X_slice3_addr_3' <Predicate = true> <Delay = 0.00>
ST_21 : Operation 502 [2/2] (3.25ns)   --->   "%X_slice3_load_3 = load half* %X_slice3_addr_3, align 2" [main_5_slices.cpp:109]   --->   Operation 502 'load' 'X_slice3_load_3' <Predicate = true> <Delay = 3.25> <Core = "ROM_nP">   --->   Core 52 'ROM_nP' <Latency = 1> <II = 1> <Delay = 3.25> <Storage> <Opcode : 'load'> <Ports = 0> <Width = 16> <Depth = 9408> <ROM>

State 22 <SV = 20> <Delay = 7.61>
ST_22 : Operation 503 [5/5] (7.61ns)   --->   "%acc_2 = fadd half %acc_s, %tmp_92_2" [main_5_slices.cpp:109]   --->   Operation 503 'hadd' 'acc_2' <Predicate = true> <Delay = 7.61> <Core = "HAddSub">   --->   Core 90 'HAddSub' <Latency = 4> <II = 1> <Delay = 7.61> <FuncUnit> <Opcode : 'hadd' 'hsub'> <InPorts = 2> <OutPorts = 1>
ST_22 : Operation 504 [1/2] (3.25ns)   --->   "%X_slice3_load_3 = load half* %X_slice3_addr_3, align 2" [main_5_slices.cpp:109]   --->   Operation 504 'load' 'X_slice3_load_3' <Predicate = true> <Delay = 3.25> <Core = "ROM_nP">   --->   Core 52 'ROM_nP' <Latency = 1> <II = 1> <Delay = 3.25> <Storage> <Opcode : 'load'> <Ports = 0> <Width = 16> <Depth = 9408> <ROM>
ST_22 : Operation 505 [1/1] (1.67ns)   --->   "%add_ln109_46 = add i13 %add_ln, 96" [main_5_slices.cpp:109]   --->   Operation 505 'add' 'add_ln109_46' <Predicate = true> <Delay = 1.67> <Core = "AddSub">   --->   Core 14 'AddSub' <Latency = 0> <II = 1> <Delay = 2.55> <FuncUnit> <Opcode : 'add' 'sub'> <InPorts = 2> <OutPorts = 1>

State 23 <SV = 21> <Delay = 7.86>
ST_23 : Operation 506 [4/5] (7.61ns)   --->   "%acc_2 = fadd half %acc_s, %tmp_92_2" [main_5_slices.cpp:109]   --->   Operation 506 'hadd' 'acc_2' <Predicate = true> <Delay = 7.61> <Core = "HAddSub">   --->   Core 90 'HAddSub' <Latency = 4> <II = 1> <Delay = 7.61> <FuncUnit> <Opcode : 'hadd' 'hsub'> <InPorts = 2> <OutPorts = 1>
ST_23 : Operation 507 [1/1] (0.00ns)   --->   "%zext_ln109_192 = zext i13 %add_ln109_46 to i64" [main_5_slices.cpp:109]   --->   Operation 507 'zext' 'zext_ln109_192' <Predicate = true> <Delay = 0.00>
ST_23 : Operation 508 [1/1] (0.00ns)   --->   "%ConvW3_addr_3 = getelementptr [7168 x half]* @ConvW3, i64 0, i64 %zext_ln109_192" [main_5_slices.cpp:109]   --->   Operation 508 'getelementptr' 'ConvW3_addr_3' <Predicate = true> <Delay = 0.00>
ST_23 : Operation 509 [1/1] (1.00ns)   --->   "%ConvW3_load_3 = load half* %ConvW3_addr_3, align 2" [main_5_slices.cpp:109]   --->   Operation 509 'load' 'ConvW3_load_3' <Predicate = true> <Delay = 1.00> <Core = "Register">   --->   Core 77 'Register' <Latency = 0> <II = 1> <Delay = 1.00> <Storage> <Opcode : 'load' 'store'> <Ports = 0> <Width = 16> <Depth = 1> <Register>
ST_23 : Operation 510 [4/4] (6.86ns)   --->   "%tmp_92_3 = fmul half %X_slice3_load_3, %ConvW3_load_3" [main_5_slices.cpp:109]   --->   Operation 510 'hmul' 'tmp_92_3' <Predicate = true> <Delay = 6.86> <Core = "HMul">   --->   Core 91 'HMul' <Latency = 3> <II = 1> <Delay = 6.86> <FuncUnit> <Opcode : 'hmul'> <InPorts = 2> <OutPorts = 1>

State 24 <SV = 22> <Delay = 7.61>
ST_24 : Operation 511 [3/5] (7.61ns)   --->   "%acc_2 = fadd half %acc_s, %tmp_92_2" [main_5_slices.cpp:109]   --->   Operation 511 'hadd' 'acc_2' <Predicate = true> <Delay = 7.61> <Core = "HAddSub">   --->   Core 90 'HAddSub' <Latency = 4> <II = 1> <Delay = 7.61> <FuncUnit> <Opcode : 'hadd' 'hsub'> <InPorts = 2> <OutPorts = 1>
ST_24 : Operation 512 [3/4] (6.86ns)   --->   "%tmp_92_3 = fmul half %X_slice3_load_3, %ConvW3_load_3" [main_5_slices.cpp:109]   --->   Operation 512 'hmul' 'tmp_92_3' <Predicate = true> <Delay = 6.86> <Core = "HMul">   --->   Core 91 'HMul' <Latency = 3> <II = 1> <Delay = 6.86> <FuncUnit> <Opcode : 'hmul'> <InPorts = 2> <OutPorts = 1>

State 25 <SV = 23> <Delay = 7.61>
ST_25 : Operation 513 [2/5] (7.61ns)   --->   "%acc_2 = fadd half %acc_s, %tmp_92_2" [main_5_slices.cpp:109]   --->   Operation 513 'hadd' 'acc_2' <Predicate = true> <Delay = 7.61> <Core = "HAddSub">   --->   Core 90 'HAddSub' <Latency = 4> <II = 1> <Delay = 7.61> <FuncUnit> <Opcode : 'hadd' 'hsub'> <InPorts = 2> <OutPorts = 1>
ST_25 : Operation 514 [2/4] (6.86ns)   --->   "%tmp_92_3 = fmul half %X_slice3_load_3, %ConvW3_load_3" [main_5_slices.cpp:109]   --->   Operation 514 'hmul' 'tmp_92_3' <Predicate = true> <Delay = 6.86> <Core = "HMul">   --->   Core 91 'HMul' <Latency = 3> <II = 1> <Delay = 6.86> <FuncUnit> <Opcode : 'hmul'> <InPorts = 2> <OutPorts = 1>

State 26 <SV = 24> <Delay = 7.61>
ST_26 : Operation 515 [1/5] (7.61ns)   --->   "%acc_2 = fadd half %acc_s, %tmp_92_2" [main_5_slices.cpp:109]   --->   Operation 515 'hadd' 'acc_2' <Predicate = true> <Delay = 7.61> <Core = "HAddSub">   --->   Core 90 'HAddSub' <Latency = 4> <II = 1> <Delay = 7.61> <FuncUnit> <Opcode : 'hadd' 'hsub'> <InPorts = 2> <OutPorts = 1>
ST_26 : Operation 516 [1/4] (6.86ns)   --->   "%tmp_92_3 = fmul half %X_slice3_load_3, %ConvW3_load_3" [main_5_slices.cpp:109]   --->   Operation 516 'hmul' 'tmp_92_3' <Predicate = true> <Delay = 6.86> <Core = "HMul">   --->   Core 91 'HMul' <Latency = 3> <II = 1> <Delay = 6.86> <FuncUnit> <Opcode : 'hmul'> <InPorts = 2> <OutPorts = 1>
ST_26 : Operation 517 [1/1] (0.00ns)   --->   "%or_ln109_93 = or i14 %shl_ln7, 4" [main_5_slices.cpp:109]   --->   Operation 517 'or' 'or_ln109_93' <Predicate = true> <Delay = 0.00>
ST_26 : Operation 518 [1/1] (0.00ns)   --->   "%zext_ln109_193 = zext i14 %or_ln109_93 to i64" [main_5_slices.cpp:109]   --->   Operation 518 'zext' 'zext_ln109_193' <Predicate = true> <Delay = 0.00>
ST_26 : Operation 519 [1/1] (0.00ns)   --->   "%X_slice3_addr_4 = getelementptr [9408 x half]* @X_slice3, i64 0, i64 %zext_ln109_193" [main_5_slices.cpp:109]   --->   Operation 519 'getelementptr' 'X_slice3_addr_4' <Predicate = true> <Delay = 0.00>
ST_26 : Operation 520 [2/2] (3.25ns)   --->   "%X_slice3_load_4 = load half* %X_slice3_addr_4, align 8" [main_5_slices.cpp:109]   --->   Operation 520 'load' 'X_slice3_load_4' <Predicate = true> <Delay = 3.25> <Core = "ROM_nP">   --->   Core 52 'ROM_nP' <Latency = 1> <II = 1> <Delay = 3.25> <Storage> <Opcode : 'load'> <Ports = 0> <Width = 16> <Depth = 9408> <ROM>

State 27 <SV = 25> <Delay = 7.61>
ST_27 : Operation 521 [5/5] (7.61ns)   --->   "%acc_3 = fadd half %acc_2, %tmp_92_3" [main_5_slices.cpp:109]   --->   Operation 521 'hadd' 'acc_3' <Predicate = true> <Delay = 7.61> <Core = "HAddSub">   --->   Core 90 'HAddSub' <Latency = 4> <II = 1> <Delay = 7.61> <FuncUnit> <Opcode : 'hadd' 'hsub'> <InPorts = 2> <OutPorts = 1>
ST_27 : Operation 522 [1/2] (3.25ns)   --->   "%X_slice3_load_4 = load half* %X_slice3_addr_4, align 8" [main_5_slices.cpp:109]   --->   Operation 522 'load' 'X_slice3_load_4' <Predicate = true> <Delay = 3.25> <Core = "ROM_nP">   --->   Core 52 'ROM_nP' <Latency = 1> <II = 1> <Delay = 3.25> <Storage> <Opcode : 'load'> <Ports = 0> <Width = 16> <Depth = 9408> <ROM>

State 28 <SV = 26> <Delay = 7.86>
ST_28 : Operation 523 [4/5] (7.61ns)   --->   "%acc_3 = fadd half %acc_2, %tmp_92_3" [main_5_slices.cpp:109]   --->   Operation 523 'hadd' 'acc_3' <Predicate = true> <Delay = 7.61> <Core = "HAddSub">   --->   Core 90 'HAddSub' <Latency = 4> <II = 1> <Delay = 7.61> <FuncUnit> <Opcode : 'hadd' 'hsub'> <InPorts = 2> <OutPorts = 1>
ST_28 : Operation 524 [1/1] (0.00ns)   --->   "%or_ln109_122 = or i13 %add_ln, 128" [main_5_slices.cpp:109]   --->   Operation 524 'or' 'or_ln109_122' <Predicate = true> <Delay = 0.00>
ST_28 : Operation 525 [1/1] (0.00ns)   --->   "%zext_ln109_194 = zext i13 %or_ln109_122 to i64" [main_5_slices.cpp:109]   --->   Operation 525 'zext' 'zext_ln109_194' <Predicate = true> <Delay = 0.00>
ST_28 : Operation 526 [1/1] (0.00ns)   --->   "%ConvW3_addr_4 = getelementptr [7168 x half]* @ConvW3, i64 0, i64 %zext_ln109_194" [main_5_slices.cpp:109]   --->   Operation 526 'getelementptr' 'ConvW3_addr_4' <Predicate = true> <Delay = 0.00>
ST_28 : Operation 527 [1/1] (1.00ns)   --->   "%ConvW3_load_4 = load half* %ConvW3_addr_4, align 2" [main_5_slices.cpp:109]   --->   Operation 527 'load' 'ConvW3_load_4' <Predicate = true> <Delay = 1.00> <Core = "Register">   --->   Core 77 'Register' <Latency = 0> <II = 1> <Delay = 1.00> <Storage> <Opcode : 'load' 'store'> <Ports = 0> <Width = 16> <Depth = 1> <Register>
ST_28 : Operation 528 [4/4] (6.86ns)   --->   "%tmp_92_4 = fmul half %X_slice3_load_4, %ConvW3_load_4" [main_5_slices.cpp:109]   --->   Operation 528 'hmul' 'tmp_92_4' <Predicate = true> <Delay = 6.86> <Core = "HMul">   --->   Core 91 'HMul' <Latency = 3> <II = 1> <Delay = 6.86> <FuncUnit> <Opcode : 'hmul'> <InPorts = 2> <OutPorts = 1>

State 29 <SV = 27> <Delay = 7.61>
ST_29 : Operation 529 [3/5] (7.61ns)   --->   "%acc_3 = fadd half %acc_2, %tmp_92_3" [main_5_slices.cpp:109]   --->   Operation 529 'hadd' 'acc_3' <Predicate = true> <Delay = 7.61> <Core = "HAddSub">   --->   Core 90 'HAddSub' <Latency = 4> <II = 1> <Delay = 7.61> <FuncUnit> <Opcode : 'hadd' 'hsub'> <InPorts = 2> <OutPorts = 1>
ST_29 : Operation 530 [3/4] (6.86ns)   --->   "%tmp_92_4 = fmul half %X_slice3_load_4, %ConvW3_load_4" [main_5_slices.cpp:109]   --->   Operation 530 'hmul' 'tmp_92_4' <Predicate = true> <Delay = 6.86> <Core = "HMul">   --->   Core 91 'HMul' <Latency = 3> <II = 1> <Delay = 6.86> <FuncUnit> <Opcode : 'hmul'> <InPorts = 2> <OutPorts = 1>

State 30 <SV = 28> <Delay = 7.61>
ST_30 : Operation 531 [2/5] (7.61ns)   --->   "%acc_3 = fadd half %acc_2, %tmp_92_3" [main_5_slices.cpp:109]   --->   Operation 531 'hadd' 'acc_3' <Predicate = true> <Delay = 7.61> <Core = "HAddSub">   --->   Core 90 'HAddSub' <Latency = 4> <II = 1> <Delay = 7.61> <FuncUnit> <Opcode : 'hadd' 'hsub'> <InPorts = 2> <OutPorts = 1>
ST_30 : Operation 532 [2/4] (6.86ns)   --->   "%tmp_92_4 = fmul half %X_slice3_load_4, %ConvW3_load_4" [main_5_slices.cpp:109]   --->   Operation 532 'hmul' 'tmp_92_4' <Predicate = true> <Delay = 6.86> <Core = "HMul">   --->   Core 91 'HMul' <Latency = 3> <II = 1> <Delay = 6.86> <FuncUnit> <Opcode : 'hmul'> <InPorts = 2> <OutPorts = 1>

State 31 <SV = 29> <Delay = 7.61>
ST_31 : Operation 533 [1/5] (7.61ns)   --->   "%acc_3 = fadd half %acc_2, %tmp_92_3" [main_5_slices.cpp:109]   --->   Operation 533 'hadd' 'acc_3' <Predicate = true> <Delay = 7.61> <Core = "HAddSub">   --->   Core 90 'HAddSub' <Latency = 4> <II = 1> <Delay = 7.61> <FuncUnit> <Opcode : 'hadd' 'hsub'> <InPorts = 2> <OutPorts = 1>
ST_31 : Operation 534 [1/4] (6.86ns)   --->   "%tmp_92_4 = fmul half %X_slice3_load_4, %ConvW3_load_4" [main_5_slices.cpp:109]   --->   Operation 534 'hmul' 'tmp_92_4' <Predicate = true> <Delay = 6.86> <Core = "HMul">   --->   Core 91 'HMul' <Latency = 3> <II = 1> <Delay = 6.86> <FuncUnit> <Opcode : 'hmul'> <InPorts = 2> <OutPorts = 1>
ST_31 : Operation 535 [1/1] (0.00ns)   --->   "%or_ln109_94 = or i14 %shl_ln7, 5" [main_5_slices.cpp:109]   --->   Operation 535 'or' 'or_ln109_94' <Predicate = true> <Delay = 0.00>
ST_31 : Operation 536 [1/1] (0.00ns)   --->   "%zext_ln109_195 = zext i14 %or_ln109_94 to i64" [main_5_slices.cpp:109]   --->   Operation 536 'zext' 'zext_ln109_195' <Predicate = true> <Delay = 0.00>
ST_31 : Operation 537 [1/1] (0.00ns)   --->   "%X_slice3_addr_5 = getelementptr [9408 x half]* @X_slice3, i64 0, i64 %zext_ln109_195" [main_5_slices.cpp:109]   --->   Operation 537 'getelementptr' 'X_slice3_addr_5' <Predicate = true> <Delay = 0.00>
ST_31 : Operation 538 [2/2] (3.25ns)   --->   "%X_slice3_load_5 = load half* %X_slice3_addr_5, align 2" [main_5_slices.cpp:109]   --->   Operation 538 'load' 'X_slice3_load_5' <Predicate = true> <Delay = 3.25> <Core = "ROM_nP">   --->   Core 52 'ROM_nP' <Latency = 1> <II = 1> <Delay = 3.25> <Storage> <Opcode : 'load'> <Ports = 0> <Width = 16> <Depth = 9408> <ROM>

State 32 <SV = 30> <Delay = 7.61>
ST_32 : Operation 539 [5/5] (7.61ns)   --->   "%acc_4 = fadd half %acc_3, %tmp_92_4" [main_5_slices.cpp:109]   --->   Operation 539 'hadd' 'acc_4' <Predicate = true> <Delay = 7.61> <Core = "HAddSub">   --->   Core 90 'HAddSub' <Latency = 4> <II = 1> <Delay = 7.61> <FuncUnit> <Opcode : 'hadd' 'hsub'> <InPorts = 2> <OutPorts = 1>
ST_32 : Operation 540 [1/2] (3.25ns)   --->   "%X_slice3_load_5 = load half* %X_slice3_addr_5, align 2" [main_5_slices.cpp:109]   --->   Operation 540 'load' 'X_slice3_load_5' <Predicate = true> <Delay = 3.25> <Core = "ROM_nP">   --->   Core 52 'ROM_nP' <Latency = 1> <II = 1> <Delay = 3.25> <Storage> <Opcode : 'load'> <Ports = 0> <Width = 16> <Depth = 9408> <ROM>
ST_32 : Operation 541 [1/1] (1.67ns)   --->   "%add_ln109_47 = add i13 %add_ln, 160" [main_5_slices.cpp:109]   --->   Operation 541 'add' 'add_ln109_47' <Predicate = true> <Delay = 1.67> <Core = "AddSub">   --->   Core 14 'AddSub' <Latency = 0> <II = 1> <Delay = 2.55> <FuncUnit> <Opcode : 'add' 'sub'> <InPorts = 2> <OutPorts = 1>

State 33 <SV = 31> <Delay = 7.86>
ST_33 : Operation 542 [4/5] (7.61ns)   --->   "%acc_4 = fadd half %acc_3, %tmp_92_4" [main_5_slices.cpp:109]   --->   Operation 542 'hadd' 'acc_4' <Predicate = true> <Delay = 7.61> <Core = "HAddSub">   --->   Core 90 'HAddSub' <Latency = 4> <II = 1> <Delay = 7.61> <FuncUnit> <Opcode : 'hadd' 'hsub'> <InPorts = 2> <OutPorts = 1>
ST_33 : Operation 543 [1/1] (0.00ns)   --->   "%zext_ln109_196 = zext i13 %add_ln109_47 to i64" [main_5_slices.cpp:109]   --->   Operation 543 'zext' 'zext_ln109_196' <Predicate = true> <Delay = 0.00>
ST_33 : Operation 544 [1/1] (0.00ns)   --->   "%ConvW3_addr_5 = getelementptr [7168 x half]* @ConvW3, i64 0, i64 %zext_ln109_196" [main_5_slices.cpp:109]   --->   Operation 544 'getelementptr' 'ConvW3_addr_5' <Predicate = true> <Delay = 0.00>
ST_33 : Operation 545 [1/1] (1.00ns)   --->   "%ConvW3_load_5 = load half* %ConvW3_addr_5, align 2" [main_5_slices.cpp:109]   --->   Operation 545 'load' 'ConvW3_load_5' <Predicate = true> <Delay = 1.00> <Core = "Register">   --->   Core 77 'Register' <Latency = 0> <II = 1> <Delay = 1.00> <Storage> <Opcode : 'load' 'store'> <Ports = 0> <Width = 16> <Depth = 1> <Register>
ST_33 : Operation 546 [4/4] (6.86ns)   --->   "%tmp_92_5 = fmul half %X_slice3_load_5, %ConvW3_load_5" [main_5_slices.cpp:109]   --->   Operation 546 'hmul' 'tmp_92_5' <Predicate = true> <Delay = 6.86> <Core = "HMul">   --->   Core 91 'HMul' <Latency = 3> <II = 1> <Delay = 6.86> <FuncUnit> <Opcode : 'hmul'> <InPorts = 2> <OutPorts = 1>

State 34 <SV = 32> <Delay = 7.61>
ST_34 : Operation 547 [3/5] (7.61ns)   --->   "%acc_4 = fadd half %acc_3, %tmp_92_4" [main_5_slices.cpp:109]   --->   Operation 547 'hadd' 'acc_4' <Predicate = true> <Delay = 7.61> <Core = "HAddSub">   --->   Core 90 'HAddSub' <Latency = 4> <II = 1> <Delay = 7.61> <FuncUnit> <Opcode : 'hadd' 'hsub'> <InPorts = 2> <OutPorts = 1>
ST_34 : Operation 548 [3/4] (6.86ns)   --->   "%tmp_92_5 = fmul half %X_slice3_load_5, %ConvW3_load_5" [main_5_slices.cpp:109]   --->   Operation 548 'hmul' 'tmp_92_5' <Predicate = true> <Delay = 6.86> <Core = "HMul">   --->   Core 91 'HMul' <Latency = 3> <II = 1> <Delay = 6.86> <FuncUnit> <Opcode : 'hmul'> <InPorts = 2> <OutPorts = 1>

State 35 <SV = 33> <Delay = 7.61>
ST_35 : Operation 549 [2/5] (7.61ns)   --->   "%acc_4 = fadd half %acc_3, %tmp_92_4" [main_5_slices.cpp:109]   --->   Operation 549 'hadd' 'acc_4' <Predicate = true> <Delay = 7.61> <Core = "HAddSub">   --->   Core 90 'HAddSub' <Latency = 4> <II = 1> <Delay = 7.61> <FuncUnit> <Opcode : 'hadd' 'hsub'> <InPorts = 2> <OutPorts = 1>
ST_35 : Operation 550 [2/4] (6.86ns)   --->   "%tmp_92_5 = fmul half %X_slice3_load_5, %ConvW3_load_5" [main_5_slices.cpp:109]   --->   Operation 550 'hmul' 'tmp_92_5' <Predicate = true> <Delay = 6.86> <Core = "HMul">   --->   Core 91 'HMul' <Latency = 3> <II = 1> <Delay = 6.86> <FuncUnit> <Opcode : 'hmul'> <InPorts = 2> <OutPorts = 1>

State 36 <SV = 34> <Delay = 7.61>
ST_36 : Operation 551 [1/5] (7.61ns)   --->   "%acc_4 = fadd half %acc_3, %tmp_92_4" [main_5_slices.cpp:109]   --->   Operation 551 'hadd' 'acc_4' <Predicate = true> <Delay = 7.61> <Core = "HAddSub">   --->   Core 90 'HAddSub' <Latency = 4> <II = 1> <Delay = 7.61> <FuncUnit> <Opcode : 'hadd' 'hsub'> <InPorts = 2> <OutPorts = 1>
ST_36 : Operation 552 [1/4] (6.86ns)   --->   "%tmp_92_5 = fmul half %X_slice3_load_5, %ConvW3_load_5" [main_5_slices.cpp:109]   --->   Operation 552 'hmul' 'tmp_92_5' <Predicate = true> <Delay = 6.86> <Core = "HMul">   --->   Core 91 'HMul' <Latency = 3> <II = 1> <Delay = 6.86> <FuncUnit> <Opcode : 'hmul'> <InPorts = 2> <OutPorts = 1>
ST_36 : Operation 553 [1/1] (0.00ns)   --->   "%or_ln109_95 = or i14 %shl_ln7, 6" [main_5_slices.cpp:109]   --->   Operation 553 'or' 'or_ln109_95' <Predicate = true> <Delay = 0.00>
ST_36 : Operation 554 [1/1] (0.00ns)   --->   "%zext_ln109_197 = zext i14 %or_ln109_95 to i64" [main_5_slices.cpp:109]   --->   Operation 554 'zext' 'zext_ln109_197' <Predicate = true> <Delay = 0.00>
ST_36 : Operation 555 [1/1] (0.00ns)   --->   "%X_slice3_addr_6 = getelementptr [9408 x half]* @X_slice3, i64 0, i64 %zext_ln109_197" [main_5_slices.cpp:109]   --->   Operation 555 'getelementptr' 'X_slice3_addr_6' <Predicate = true> <Delay = 0.00>
ST_36 : Operation 556 [2/2] (3.25ns)   --->   "%X_slice3_load_6 = load half* %X_slice3_addr_6, align 4" [main_5_slices.cpp:109]   --->   Operation 556 'load' 'X_slice3_load_6' <Predicate = true> <Delay = 3.25> <Core = "ROM_nP">   --->   Core 52 'ROM_nP' <Latency = 1> <II = 1> <Delay = 3.25> <Storage> <Opcode : 'load'> <Ports = 0> <Width = 16> <Depth = 9408> <ROM>

State 37 <SV = 35> <Delay = 7.61>
ST_37 : Operation 557 [5/5] (7.61ns)   --->   "%acc_5 = fadd half %acc_4, %tmp_92_5" [main_5_slices.cpp:109]   --->   Operation 557 'hadd' 'acc_5' <Predicate = true> <Delay = 7.61> <Core = "HAddSub">   --->   Core 90 'HAddSub' <Latency = 4> <II = 1> <Delay = 7.61> <FuncUnit> <Opcode : 'hadd' 'hsub'> <InPorts = 2> <OutPorts = 1>
ST_37 : Operation 558 [1/2] (3.25ns)   --->   "%X_slice3_load_6 = load half* %X_slice3_addr_6, align 4" [main_5_slices.cpp:109]   --->   Operation 558 'load' 'X_slice3_load_6' <Predicate = true> <Delay = 3.25> <Core = "ROM_nP">   --->   Core 52 'ROM_nP' <Latency = 1> <II = 1> <Delay = 3.25> <Storage> <Opcode : 'load'> <Ports = 0> <Width = 16> <Depth = 9408> <ROM>

State 38 <SV = 36> <Delay = 7.86>
ST_38 : Operation 559 [4/5] (7.61ns)   --->   "%acc_5 = fadd half %acc_4, %tmp_92_5" [main_5_slices.cpp:109]   --->   Operation 559 'hadd' 'acc_5' <Predicate = true> <Delay = 7.61> <Core = "HAddSub">   --->   Core 90 'HAddSub' <Latency = 4> <II = 1> <Delay = 7.61> <FuncUnit> <Opcode : 'hadd' 'hsub'> <InPorts = 2> <OutPorts = 1>
ST_38 : Operation 560 [1/1] (0.00ns)   --->   "%or_ln109_123 = or i13 %add_ln, 192" [main_5_slices.cpp:109]   --->   Operation 560 'or' 'or_ln109_123' <Predicate = true> <Delay = 0.00>
ST_38 : Operation 561 [1/1] (0.00ns)   --->   "%zext_ln109_198 = zext i13 %or_ln109_123 to i64" [main_5_slices.cpp:109]   --->   Operation 561 'zext' 'zext_ln109_198' <Predicate = true> <Delay = 0.00>
ST_38 : Operation 562 [1/1] (0.00ns)   --->   "%ConvW3_addr_6 = getelementptr [7168 x half]* @ConvW3, i64 0, i64 %zext_ln109_198" [main_5_slices.cpp:109]   --->   Operation 562 'getelementptr' 'ConvW3_addr_6' <Predicate = true> <Delay = 0.00>
ST_38 : Operation 563 [1/1] (1.00ns)   --->   "%ConvW3_load_6 = load half* %ConvW3_addr_6, align 2" [main_5_slices.cpp:109]   --->   Operation 563 'load' 'ConvW3_load_6' <Predicate = true> <Delay = 1.00> <Core = "Register">   --->   Core 77 'Register' <Latency = 0> <II = 1> <Delay = 1.00> <Storage> <Opcode : 'load' 'store'> <Ports = 0> <Width = 16> <Depth = 1> <Register>
ST_38 : Operation 564 [4/4] (6.86ns)   --->   "%tmp_92_6 = fmul half %X_slice3_load_6, %ConvW3_load_6" [main_5_slices.cpp:109]   --->   Operation 564 'hmul' 'tmp_92_6' <Predicate = true> <Delay = 6.86> <Core = "HMul">   --->   Core 91 'HMul' <Latency = 3> <II = 1> <Delay = 6.86> <FuncUnit> <Opcode : 'hmul'> <InPorts = 2> <OutPorts = 1>

State 39 <SV = 37> <Delay = 7.61>
ST_39 : Operation 565 [3/5] (7.61ns)   --->   "%acc_5 = fadd half %acc_4, %tmp_92_5" [main_5_slices.cpp:109]   --->   Operation 565 'hadd' 'acc_5' <Predicate = true> <Delay = 7.61> <Core = "HAddSub">   --->   Core 90 'HAddSub' <Latency = 4> <II = 1> <Delay = 7.61> <FuncUnit> <Opcode : 'hadd' 'hsub'> <InPorts = 2> <OutPorts = 1>
ST_39 : Operation 566 [3/4] (6.86ns)   --->   "%tmp_92_6 = fmul half %X_slice3_load_6, %ConvW3_load_6" [main_5_slices.cpp:109]   --->   Operation 566 'hmul' 'tmp_92_6' <Predicate = true> <Delay = 6.86> <Core = "HMul">   --->   Core 91 'HMul' <Latency = 3> <II = 1> <Delay = 6.86> <FuncUnit> <Opcode : 'hmul'> <InPorts = 2> <OutPorts = 1>

State 40 <SV = 38> <Delay = 7.61>
ST_40 : Operation 567 [2/5] (7.61ns)   --->   "%acc_5 = fadd half %acc_4, %tmp_92_5" [main_5_slices.cpp:109]   --->   Operation 567 'hadd' 'acc_5' <Predicate = true> <Delay = 7.61> <Core = "HAddSub">   --->   Core 90 'HAddSub' <Latency = 4> <II = 1> <Delay = 7.61> <FuncUnit> <Opcode : 'hadd' 'hsub'> <InPorts = 2> <OutPorts = 1>
ST_40 : Operation 568 [2/4] (6.86ns)   --->   "%tmp_92_6 = fmul half %X_slice3_load_6, %ConvW3_load_6" [main_5_slices.cpp:109]   --->   Operation 568 'hmul' 'tmp_92_6' <Predicate = true> <Delay = 6.86> <Core = "HMul">   --->   Core 91 'HMul' <Latency = 3> <II = 1> <Delay = 6.86> <FuncUnit> <Opcode : 'hmul'> <InPorts = 2> <OutPorts = 1>

State 41 <SV = 39> <Delay = 7.61>
ST_41 : Operation 569 [1/5] (7.61ns)   --->   "%acc_5 = fadd half %acc_4, %tmp_92_5" [main_5_slices.cpp:109]   --->   Operation 569 'hadd' 'acc_5' <Predicate = true> <Delay = 7.61> <Core = "HAddSub">   --->   Core 90 'HAddSub' <Latency = 4> <II = 1> <Delay = 7.61> <FuncUnit> <Opcode : 'hadd' 'hsub'> <InPorts = 2> <OutPorts = 1>
ST_41 : Operation 570 [1/4] (6.86ns)   --->   "%tmp_92_6 = fmul half %X_slice3_load_6, %ConvW3_load_6" [main_5_slices.cpp:109]   --->   Operation 570 'hmul' 'tmp_92_6' <Predicate = true> <Delay = 6.86> <Core = "HMul">   --->   Core 91 'HMul' <Latency = 3> <II = 1> <Delay = 6.86> <FuncUnit> <Opcode : 'hmul'> <InPorts = 2> <OutPorts = 1>
ST_41 : Operation 571 [1/1] (0.00ns)   --->   "%or_ln109_96 = or i14 %shl_ln7, 7" [main_5_slices.cpp:109]   --->   Operation 571 'or' 'or_ln109_96' <Predicate = true> <Delay = 0.00>
ST_41 : Operation 572 [1/1] (0.00ns)   --->   "%zext_ln109_199 = zext i14 %or_ln109_96 to i64" [main_5_slices.cpp:109]   --->   Operation 572 'zext' 'zext_ln109_199' <Predicate = true> <Delay = 0.00>
ST_41 : Operation 573 [1/1] (0.00ns)   --->   "%X_slice3_addr_7 = getelementptr [9408 x half]* @X_slice3, i64 0, i64 %zext_ln109_199" [main_5_slices.cpp:109]   --->   Operation 573 'getelementptr' 'X_slice3_addr_7' <Predicate = true> <Delay = 0.00>
ST_41 : Operation 574 [2/2] (3.25ns)   --->   "%X_slice3_load_7 = load half* %X_slice3_addr_7, align 2" [main_5_slices.cpp:109]   --->   Operation 574 'load' 'X_slice3_load_7' <Predicate = true> <Delay = 3.25> <Core = "ROM_nP">   --->   Core 52 'ROM_nP' <Latency = 1> <II = 1> <Delay = 3.25> <Storage> <Opcode : 'load'> <Ports = 0> <Width = 16> <Depth = 9408> <ROM>

State 42 <SV = 40> <Delay = 7.61>
ST_42 : Operation 575 [5/5] (7.61ns)   --->   "%acc_6 = fadd half %acc_5, %tmp_92_6" [main_5_slices.cpp:109]   --->   Operation 575 'hadd' 'acc_6' <Predicate = true> <Delay = 7.61> <Core = "HAddSub">   --->   Core 90 'HAddSub' <Latency = 4> <II = 1> <Delay = 7.61> <FuncUnit> <Opcode : 'hadd' 'hsub'> <InPorts = 2> <OutPorts = 1>
ST_42 : Operation 576 [1/2] (3.25ns)   --->   "%X_slice3_load_7 = load half* %X_slice3_addr_7, align 2" [main_5_slices.cpp:109]   --->   Operation 576 'load' 'X_slice3_load_7' <Predicate = true> <Delay = 3.25> <Core = "ROM_nP">   --->   Core 52 'ROM_nP' <Latency = 1> <II = 1> <Delay = 3.25> <Storage> <Opcode : 'load'> <Ports = 0> <Width = 16> <Depth = 9408> <ROM>
ST_42 : Operation 577 [1/1] (1.67ns)   --->   "%add_ln109_48 = add i13 %add_ln, 224" [main_5_slices.cpp:109]   --->   Operation 577 'add' 'add_ln109_48' <Predicate = true> <Delay = 1.67> <Core = "AddSub">   --->   Core 14 'AddSub' <Latency = 0> <II = 1> <Delay = 2.55> <FuncUnit> <Opcode : 'add' 'sub'> <InPorts = 2> <OutPorts = 1>

State 43 <SV = 41> <Delay = 7.86>
ST_43 : Operation 578 [4/5] (7.61ns)   --->   "%acc_6 = fadd half %acc_5, %tmp_92_6" [main_5_slices.cpp:109]   --->   Operation 578 'hadd' 'acc_6' <Predicate = true> <Delay = 7.61> <Core = "HAddSub">   --->   Core 90 'HAddSub' <Latency = 4> <II = 1> <Delay = 7.61> <FuncUnit> <Opcode : 'hadd' 'hsub'> <InPorts = 2> <OutPorts = 1>
ST_43 : Operation 579 [1/1] (0.00ns)   --->   "%zext_ln109_200 = zext i13 %add_ln109_48 to i64" [main_5_slices.cpp:109]   --->   Operation 579 'zext' 'zext_ln109_200' <Predicate = true> <Delay = 0.00>
ST_43 : Operation 580 [1/1] (0.00ns)   --->   "%ConvW3_addr_7 = getelementptr [7168 x half]* @ConvW3, i64 0, i64 %zext_ln109_200" [main_5_slices.cpp:109]   --->   Operation 580 'getelementptr' 'ConvW3_addr_7' <Predicate = true> <Delay = 0.00>
ST_43 : Operation 581 [1/1] (1.00ns)   --->   "%ConvW3_load_7 = load half* %ConvW3_addr_7, align 2" [main_5_slices.cpp:109]   --->   Operation 581 'load' 'ConvW3_load_7' <Predicate = true> <Delay = 1.00> <Core = "Register">   --->   Core 77 'Register' <Latency = 0> <II = 1> <Delay = 1.00> <Storage> <Opcode : 'load' 'store'> <Ports = 0> <Width = 16> <Depth = 1> <Register>
ST_43 : Operation 582 [4/4] (6.86ns)   --->   "%tmp_92_7 = fmul half %X_slice3_load_7, %ConvW3_load_7" [main_5_slices.cpp:109]   --->   Operation 582 'hmul' 'tmp_92_7' <Predicate = true> <Delay = 6.86> <Core = "HMul">   --->   Core 91 'HMul' <Latency = 3> <II = 1> <Delay = 6.86> <FuncUnit> <Opcode : 'hmul'> <InPorts = 2> <OutPorts = 1>

State 44 <SV = 42> <Delay = 7.61>
ST_44 : Operation 583 [3/5] (7.61ns)   --->   "%acc_6 = fadd half %acc_5, %tmp_92_6" [main_5_slices.cpp:109]   --->   Operation 583 'hadd' 'acc_6' <Predicate = true> <Delay = 7.61> <Core = "HAddSub">   --->   Core 90 'HAddSub' <Latency = 4> <II = 1> <Delay = 7.61> <FuncUnit> <Opcode : 'hadd' 'hsub'> <InPorts = 2> <OutPorts = 1>
ST_44 : Operation 584 [3/4] (6.86ns)   --->   "%tmp_92_7 = fmul half %X_slice3_load_7, %ConvW3_load_7" [main_5_slices.cpp:109]   --->   Operation 584 'hmul' 'tmp_92_7' <Predicate = true> <Delay = 6.86> <Core = "HMul">   --->   Core 91 'HMul' <Latency = 3> <II = 1> <Delay = 6.86> <FuncUnit> <Opcode : 'hmul'> <InPorts = 2> <OutPorts = 1>

State 45 <SV = 43> <Delay = 7.61>
ST_45 : Operation 585 [2/5] (7.61ns)   --->   "%acc_6 = fadd half %acc_5, %tmp_92_6" [main_5_slices.cpp:109]   --->   Operation 585 'hadd' 'acc_6' <Predicate = true> <Delay = 7.61> <Core = "HAddSub">   --->   Core 90 'HAddSub' <Latency = 4> <II = 1> <Delay = 7.61> <FuncUnit> <Opcode : 'hadd' 'hsub'> <InPorts = 2> <OutPorts = 1>
ST_45 : Operation 586 [2/4] (6.86ns)   --->   "%tmp_92_7 = fmul half %X_slice3_load_7, %ConvW3_load_7" [main_5_slices.cpp:109]   --->   Operation 586 'hmul' 'tmp_92_7' <Predicate = true> <Delay = 6.86> <Core = "HMul">   --->   Core 91 'HMul' <Latency = 3> <II = 1> <Delay = 6.86> <FuncUnit> <Opcode : 'hmul'> <InPorts = 2> <OutPorts = 1>

State 46 <SV = 44> <Delay = 7.61>
ST_46 : Operation 587 [1/5] (7.61ns)   --->   "%acc_6 = fadd half %acc_5, %tmp_92_6" [main_5_slices.cpp:109]   --->   Operation 587 'hadd' 'acc_6' <Predicate = true> <Delay = 7.61> <Core = "HAddSub">   --->   Core 90 'HAddSub' <Latency = 4> <II = 1> <Delay = 7.61> <FuncUnit> <Opcode : 'hadd' 'hsub'> <InPorts = 2> <OutPorts = 1>
ST_46 : Operation 588 [1/4] (6.86ns)   --->   "%tmp_92_7 = fmul half %X_slice3_load_7, %ConvW3_load_7" [main_5_slices.cpp:109]   --->   Operation 588 'hmul' 'tmp_92_7' <Predicate = true> <Delay = 6.86> <Core = "HMul">   --->   Core 91 'HMul' <Latency = 3> <II = 1> <Delay = 6.86> <FuncUnit> <Opcode : 'hmul'> <InPorts = 2> <OutPorts = 1>
ST_46 : Operation 589 [1/1] (0.00ns)   --->   "%or_ln109_97 = or i14 %shl_ln7, 8" [main_5_slices.cpp:109]   --->   Operation 589 'or' 'or_ln109_97' <Predicate = true> <Delay = 0.00>
ST_46 : Operation 590 [1/1] (0.00ns)   --->   "%zext_ln109_201 = zext i14 %or_ln109_97 to i64" [main_5_slices.cpp:109]   --->   Operation 590 'zext' 'zext_ln109_201' <Predicate = true> <Delay = 0.00>
ST_46 : Operation 591 [1/1] (0.00ns)   --->   "%X_slice3_addr_8 = getelementptr [9408 x half]* @X_slice3, i64 0, i64 %zext_ln109_201" [main_5_slices.cpp:109]   --->   Operation 591 'getelementptr' 'X_slice3_addr_8' <Predicate = true> <Delay = 0.00>
ST_46 : Operation 592 [2/2] (3.25ns)   --->   "%X_slice3_load_8 = load half* %X_slice3_addr_8, align 16" [main_5_slices.cpp:109]   --->   Operation 592 'load' 'X_slice3_load_8' <Predicate = true> <Delay = 3.25> <Core = "ROM_nP">   --->   Core 52 'ROM_nP' <Latency = 1> <II = 1> <Delay = 3.25> <Storage> <Opcode : 'load'> <Ports = 0> <Width = 16> <Depth = 9408> <ROM>

State 47 <SV = 45> <Delay = 7.61>
ST_47 : Operation 593 [5/5] (7.61ns)   --->   "%acc_7 = fadd half %acc_6, %tmp_92_7" [main_5_slices.cpp:109]   --->   Operation 593 'hadd' 'acc_7' <Predicate = true> <Delay = 7.61> <Core = "HAddSub">   --->   Core 90 'HAddSub' <Latency = 4> <II = 1> <Delay = 7.61> <FuncUnit> <Opcode : 'hadd' 'hsub'> <InPorts = 2> <OutPorts = 1>
ST_47 : Operation 594 [1/2] (3.25ns)   --->   "%X_slice3_load_8 = load half* %X_slice3_addr_8, align 16" [main_5_slices.cpp:109]   --->   Operation 594 'load' 'X_slice3_load_8' <Predicate = true> <Delay = 3.25> <Core = "ROM_nP">   --->   Core 52 'ROM_nP' <Latency = 1> <II = 1> <Delay = 3.25> <Storage> <Opcode : 'load'> <Ports = 0> <Width = 16> <Depth = 9408> <ROM>

State 48 <SV = 46> <Delay = 7.86>
ST_48 : Operation 595 [4/5] (7.61ns)   --->   "%acc_7 = fadd half %acc_6, %tmp_92_7" [main_5_slices.cpp:109]   --->   Operation 595 'hadd' 'acc_7' <Predicate = true> <Delay = 7.61> <Core = "HAddSub">   --->   Core 90 'HAddSub' <Latency = 4> <II = 1> <Delay = 7.61> <FuncUnit> <Opcode : 'hadd' 'hsub'> <InPorts = 2> <OutPorts = 1>
ST_48 : Operation 596 [1/1] (0.00ns)   --->   "%or_ln109_124 = or i13 %add_ln, 256" [main_5_slices.cpp:109]   --->   Operation 596 'or' 'or_ln109_124' <Predicate = true> <Delay = 0.00>
ST_48 : Operation 597 [1/1] (0.00ns)   --->   "%zext_ln109_202 = zext i13 %or_ln109_124 to i64" [main_5_slices.cpp:109]   --->   Operation 597 'zext' 'zext_ln109_202' <Predicate = true> <Delay = 0.00>
ST_48 : Operation 598 [1/1] (0.00ns)   --->   "%ConvW3_addr_8 = getelementptr [7168 x half]* @ConvW3, i64 0, i64 %zext_ln109_202" [main_5_slices.cpp:109]   --->   Operation 598 'getelementptr' 'ConvW3_addr_8' <Predicate = true> <Delay = 0.00>
ST_48 : Operation 599 [1/1] (1.00ns)   --->   "%ConvW3_load_8 = load half* %ConvW3_addr_8, align 2" [main_5_slices.cpp:109]   --->   Operation 599 'load' 'ConvW3_load_8' <Predicate = true> <Delay = 1.00> <Core = "Register">   --->   Core 77 'Register' <Latency = 0> <II = 1> <Delay = 1.00> <Storage> <Opcode : 'load' 'store'> <Ports = 0> <Width = 16> <Depth = 1> <Register>
ST_48 : Operation 600 [4/4] (6.86ns)   --->   "%tmp_92_8 = fmul half %X_slice3_load_8, %ConvW3_load_8" [main_5_slices.cpp:109]   --->   Operation 600 'hmul' 'tmp_92_8' <Predicate = true> <Delay = 6.86> <Core = "HMul">   --->   Core 91 'HMul' <Latency = 3> <II = 1> <Delay = 6.86> <FuncUnit> <Opcode : 'hmul'> <InPorts = 2> <OutPorts = 1>

State 49 <SV = 47> <Delay = 7.61>
ST_49 : Operation 601 [3/5] (7.61ns)   --->   "%acc_7 = fadd half %acc_6, %tmp_92_7" [main_5_slices.cpp:109]   --->   Operation 601 'hadd' 'acc_7' <Predicate = true> <Delay = 7.61> <Core = "HAddSub">   --->   Core 90 'HAddSub' <Latency = 4> <II = 1> <Delay = 7.61> <FuncUnit> <Opcode : 'hadd' 'hsub'> <InPorts = 2> <OutPorts = 1>
ST_49 : Operation 602 [3/4] (6.86ns)   --->   "%tmp_92_8 = fmul half %X_slice3_load_8, %ConvW3_load_8" [main_5_slices.cpp:109]   --->   Operation 602 'hmul' 'tmp_92_8' <Predicate = true> <Delay = 6.86> <Core = "HMul">   --->   Core 91 'HMul' <Latency = 3> <II = 1> <Delay = 6.86> <FuncUnit> <Opcode : 'hmul'> <InPorts = 2> <OutPorts = 1>

State 50 <SV = 48> <Delay = 7.61>
ST_50 : Operation 603 [2/5] (7.61ns)   --->   "%acc_7 = fadd half %acc_6, %tmp_92_7" [main_5_slices.cpp:109]   --->   Operation 603 'hadd' 'acc_7' <Predicate = true> <Delay = 7.61> <Core = "HAddSub">   --->   Core 90 'HAddSub' <Latency = 4> <II = 1> <Delay = 7.61> <FuncUnit> <Opcode : 'hadd' 'hsub'> <InPorts = 2> <OutPorts = 1>
ST_50 : Operation 604 [2/4] (6.86ns)   --->   "%tmp_92_8 = fmul half %X_slice3_load_8, %ConvW3_load_8" [main_5_slices.cpp:109]   --->   Operation 604 'hmul' 'tmp_92_8' <Predicate = true> <Delay = 6.86> <Core = "HMul">   --->   Core 91 'HMul' <Latency = 3> <II = 1> <Delay = 6.86> <FuncUnit> <Opcode : 'hmul'> <InPorts = 2> <OutPorts = 1>

State 51 <SV = 49> <Delay = 7.61>
ST_51 : Operation 605 [1/5] (7.61ns)   --->   "%acc_7 = fadd half %acc_6, %tmp_92_7" [main_5_slices.cpp:109]   --->   Operation 605 'hadd' 'acc_7' <Predicate = true> <Delay = 7.61> <Core = "HAddSub">   --->   Core 90 'HAddSub' <Latency = 4> <II = 1> <Delay = 7.61> <FuncUnit> <Opcode : 'hadd' 'hsub'> <InPorts = 2> <OutPorts = 1>
ST_51 : Operation 606 [1/4] (6.86ns)   --->   "%tmp_92_8 = fmul half %X_slice3_load_8, %ConvW3_load_8" [main_5_slices.cpp:109]   --->   Operation 606 'hmul' 'tmp_92_8' <Predicate = true> <Delay = 6.86> <Core = "HMul">   --->   Core 91 'HMul' <Latency = 3> <II = 1> <Delay = 6.86> <FuncUnit> <Opcode : 'hmul'> <InPorts = 2> <OutPorts = 1>
ST_51 : Operation 607 [1/1] (0.00ns)   --->   "%or_ln109_98 = or i14 %shl_ln7, 9" [main_5_slices.cpp:109]   --->   Operation 607 'or' 'or_ln109_98' <Predicate = true> <Delay = 0.00>
ST_51 : Operation 608 [1/1] (0.00ns)   --->   "%zext_ln109_203 = zext i14 %or_ln109_98 to i64" [main_5_slices.cpp:109]   --->   Operation 608 'zext' 'zext_ln109_203' <Predicate = true> <Delay = 0.00>
ST_51 : Operation 609 [1/1] (0.00ns)   --->   "%X_slice3_addr_9 = getelementptr [9408 x half]* @X_slice3, i64 0, i64 %zext_ln109_203" [main_5_slices.cpp:109]   --->   Operation 609 'getelementptr' 'X_slice3_addr_9' <Predicate = true> <Delay = 0.00>
ST_51 : Operation 610 [2/2] (3.25ns)   --->   "%X_slice3_load_9 = load half* %X_slice3_addr_9, align 2" [main_5_slices.cpp:109]   --->   Operation 610 'load' 'X_slice3_load_9' <Predicate = true> <Delay = 3.25> <Core = "ROM_nP">   --->   Core 52 'ROM_nP' <Latency = 1> <II = 1> <Delay = 3.25> <Storage> <Opcode : 'load'> <Ports = 0> <Width = 16> <Depth = 9408> <ROM>

State 52 <SV = 50> <Delay = 7.61>
ST_52 : Operation 611 [5/5] (7.61ns)   --->   "%acc_8 = fadd half %acc_7, %tmp_92_8" [main_5_slices.cpp:109]   --->   Operation 611 'hadd' 'acc_8' <Predicate = true> <Delay = 7.61> <Core = "HAddSub">   --->   Core 90 'HAddSub' <Latency = 4> <II = 1> <Delay = 7.61> <FuncUnit> <Opcode : 'hadd' 'hsub'> <InPorts = 2> <OutPorts = 1>
ST_52 : Operation 612 [1/2] (3.25ns)   --->   "%X_slice3_load_9 = load half* %X_slice3_addr_9, align 2" [main_5_slices.cpp:109]   --->   Operation 612 'load' 'X_slice3_load_9' <Predicate = true> <Delay = 3.25> <Core = "ROM_nP">   --->   Core 52 'ROM_nP' <Latency = 1> <II = 1> <Delay = 3.25> <Storage> <Opcode : 'load'> <Ports = 0> <Width = 16> <Depth = 9408> <ROM>
ST_52 : Operation 613 [1/1] (1.67ns)   --->   "%add_ln109_49 = add i13 %add_ln, 288" [main_5_slices.cpp:109]   --->   Operation 613 'add' 'add_ln109_49' <Predicate = true> <Delay = 1.67> <Core = "AddSub">   --->   Core 14 'AddSub' <Latency = 0> <II = 1> <Delay = 2.55> <FuncUnit> <Opcode : 'add' 'sub'> <InPorts = 2> <OutPorts = 1>

State 53 <SV = 51> <Delay = 7.86>
ST_53 : Operation 614 [4/5] (7.61ns)   --->   "%acc_8 = fadd half %acc_7, %tmp_92_8" [main_5_slices.cpp:109]   --->   Operation 614 'hadd' 'acc_8' <Predicate = true> <Delay = 7.61> <Core = "HAddSub">   --->   Core 90 'HAddSub' <Latency = 4> <II = 1> <Delay = 7.61> <FuncUnit> <Opcode : 'hadd' 'hsub'> <InPorts = 2> <OutPorts = 1>
ST_53 : Operation 615 [1/1] (0.00ns)   --->   "%zext_ln109_204 = zext i13 %add_ln109_49 to i64" [main_5_slices.cpp:109]   --->   Operation 615 'zext' 'zext_ln109_204' <Predicate = true> <Delay = 0.00>
ST_53 : Operation 616 [1/1] (0.00ns)   --->   "%ConvW3_addr_9 = getelementptr [7168 x half]* @ConvW3, i64 0, i64 %zext_ln109_204" [main_5_slices.cpp:109]   --->   Operation 616 'getelementptr' 'ConvW3_addr_9' <Predicate = true> <Delay = 0.00>
ST_53 : Operation 617 [1/1] (1.00ns)   --->   "%ConvW3_load_9 = load half* %ConvW3_addr_9, align 2" [main_5_slices.cpp:109]   --->   Operation 617 'load' 'ConvW3_load_9' <Predicate = true> <Delay = 1.00> <Core = "Register">   --->   Core 77 'Register' <Latency = 0> <II = 1> <Delay = 1.00> <Storage> <Opcode : 'load' 'store'> <Ports = 0> <Width = 16> <Depth = 1> <Register>
ST_53 : Operation 618 [4/4] (6.86ns)   --->   "%tmp_92_9 = fmul half %X_slice3_load_9, %ConvW3_load_9" [main_5_slices.cpp:109]   --->   Operation 618 'hmul' 'tmp_92_9' <Predicate = true> <Delay = 6.86> <Core = "HMul">   --->   Core 91 'HMul' <Latency = 3> <II = 1> <Delay = 6.86> <FuncUnit> <Opcode : 'hmul'> <InPorts = 2> <OutPorts = 1>

State 54 <SV = 52> <Delay = 7.61>
ST_54 : Operation 619 [3/5] (7.61ns)   --->   "%acc_8 = fadd half %acc_7, %tmp_92_8" [main_5_slices.cpp:109]   --->   Operation 619 'hadd' 'acc_8' <Predicate = true> <Delay = 7.61> <Core = "HAddSub">   --->   Core 90 'HAddSub' <Latency = 4> <II = 1> <Delay = 7.61> <FuncUnit> <Opcode : 'hadd' 'hsub'> <InPorts = 2> <OutPorts = 1>
ST_54 : Operation 620 [3/4] (6.86ns)   --->   "%tmp_92_9 = fmul half %X_slice3_load_9, %ConvW3_load_9" [main_5_slices.cpp:109]   --->   Operation 620 'hmul' 'tmp_92_9' <Predicate = true> <Delay = 6.86> <Core = "HMul">   --->   Core 91 'HMul' <Latency = 3> <II = 1> <Delay = 6.86> <FuncUnit> <Opcode : 'hmul'> <InPorts = 2> <OutPorts = 1>

State 55 <SV = 53> <Delay = 7.61>
ST_55 : Operation 621 [2/5] (7.61ns)   --->   "%acc_8 = fadd half %acc_7, %tmp_92_8" [main_5_slices.cpp:109]   --->   Operation 621 'hadd' 'acc_8' <Predicate = true> <Delay = 7.61> <Core = "HAddSub">   --->   Core 90 'HAddSub' <Latency = 4> <II = 1> <Delay = 7.61> <FuncUnit> <Opcode : 'hadd' 'hsub'> <InPorts = 2> <OutPorts = 1>
ST_55 : Operation 622 [2/4] (6.86ns)   --->   "%tmp_92_9 = fmul half %X_slice3_load_9, %ConvW3_load_9" [main_5_slices.cpp:109]   --->   Operation 622 'hmul' 'tmp_92_9' <Predicate = true> <Delay = 6.86> <Core = "HMul">   --->   Core 91 'HMul' <Latency = 3> <II = 1> <Delay = 6.86> <FuncUnit> <Opcode : 'hmul'> <InPorts = 2> <OutPorts = 1>

State 56 <SV = 54> <Delay = 7.61>
ST_56 : Operation 623 [1/5] (7.61ns)   --->   "%acc_8 = fadd half %acc_7, %tmp_92_8" [main_5_slices.cpp:109]   --->   Operation 623 'hadd' 'acc_8' <Predicate = true> <Delay = 7.61> <Core = "HAddSub">   --->   Core 90 'HAddSub' <Latency = 4> <II = 1> <Delay = 7.61> <FuncUnit> <Opcode : 'hadd' 'hsub'> <InPorts = 2> <OutPorts = 1>
ST_56 : Operation 624 [1/4] (6.86ns)   --->   "%tmp_92_9 = fmul half %X_slice3_load_9, %ConvW3_load_9" [main_5_slices.cpp:109]   --->   Operation 624 'hmul' 'tmp_92_9' <Predicate = true> <Delay = 6.86> <Core = "HMul">   --->   Core 91 'HMul' <Latency = 3> <II = 1> <Delay = 6.86> <FuncUnit> <Opcode : 'hmul'> <InPorts = 2> <OutPorts = 1>
ST_56 : Operation 625 [1/1] (0.00ns)   --->   "%or_ln109_99 = or i14 %shl_ln7, 10" [main_5_slices.cpp:109]   --->   Operation 625 'or' 'or_ln109_99' <Predicate = true> <Delay = 0.00>
ST_56 : Operation 626 [1/1] (0.00ns)   --->   "%zext_ln109_205 = zext i14 %or_ln109_99 to i64" [main_5_slices.cpp:109]   --->   Operation 626 'zext' 'zext_ln109_205' <Predicate = true> <Delay = 0.00>
ST_56 : Operation 627 [1/1] (0.00ns)   --->   "%X_slice3_addr_10 = getelementptr [9408 x half]* @X_slice3, i64 0, i64 %zext_ln109_205" [main_5_slices.cpp:109]   --->   Operation 627 'getelementptr' 'X_slice3_addr_10' <Predicate = true> <Delay = 0.00>
ST_56 : Operation 628 [2/2] (3.25ns)   --->   "%X_slice3_load_10 = load half* %X_slice3_addr_10, align 4" [main_5_slices.cpp:109]   --->   Operation 628 'load' 'X_slice3_load_10' <Predicate = true> <Delay = 3.25> <Core = "ROM_nP">   --->   Core 52 'ROM_nP' <Latency = 1> <II = 1> <Delay = 3.25> <Storage> <Opcode : 'load'> <Ports = 0> <Width = 16> <Depth = 9408> <ROM>

State 57 <SV = 55> <Delay = 7.61>
ST_57 : Operation 629 [5/5] (7.61ns)   --->   "%acc_9 = fadd half %acc_8, %tmp_92_9" [main_5_slices.cpp:109]   --->   Operation 629 'hadd' 'acc_9' <Predicate = true> <Delay = 7.61> <Core = "HAddSub">   --->   Core 90 'HAddSub' <Latency = 4> <II = 1> <Delay = 7.61> <FuncUnit> <Opcode : 'hadd' 'hsub'> <InPorts = 2> <OutPorts = 1>
ST_57 : Operation 630 [1/2] (3.25ns)   --->   "%X_slice3_load_10 = load half* %X_slice3_addr_10, align 4" [main_5_slices.cpp:109]   --->   Operation 630 'load' 'X_slice3_load_10' <Predicate = true> <Delay = 3.25> <Core = "ROM_nP">   --->   Core 52 'ROM_nP' <Latency = 1> <II = 1> <Delay = 3.25> <Storage> <Opcode : 'load'> <Ports = 0> <Width = 16> <Depth = 9408> <ROM>

State 58 <SV = 56> <Delay = 7.86>
ST_58 : Operation 631 [4/5] (7.61ns)   --->   "%acc_9 = fadd half %acc_8, %tmp_92_9" [main_5_slices.cpp:109]   --->   Operation 631 'hadd' 'acc_9' <Predicate = true> <Delay = 7.61> <Core = "HAddSub">   --->   Core 90 'HAddSub' <Latency = 4> <II = 1> <Delay = 7.61> <FuncUnit> <Opcode : 'hadd' 'hsub'> <InPorts = 2> <OutPorts = 1>
ST_58 : Operation 632 [1/1] (0.00ns)   --->   "%or_ln109_125 = or i13 %add_ln, 320" [main_5_slices.cpp:109]   --->   Operation 632 'or' 'or_ln109_125' <Predicate = true> <Delay = 0.00>
ST_58 : Operation 633 [1/1] (0.00ns)   --->   "%zext_ln109_206 = zext i13 %or_ln109_125 to i64" [main_5_slices.cpp:109]   --->   Operation 633 'zext' 'zext_ln109_206' <Predicate = true> <Delay = 0.00>
ST_58 : Operation 634 [1/1] (0.00ns)   --->   "%ConvW3_addr_10 = getelementptr [7168 x half]* @ConvW3, i64 0, i64 %zext_ln109_206" [main_5_slices.cpp:109]   --->   Operation 634 'getelementptr' 'ConvW3_addr_10' <Predicate = true> <Delay = 0.00>
ST_58 : Operation 635 [1/1] (1.00ns)   --->   "%ConvW3_load_10 = load half* %ConvW3_addr_10, align 2" [main_5_slices.cpp:109]   --->   Operation 635 'load' 'ConvW3_load_10' <Predicate = true> <Delay = 1.00> <Core = "Register">   --->   Core 77 'Register' <Latency = 0> <II = 1> <Delay = 1.00> <Storage> <Opcode : 'load' 'store'> <Ports = 0> <Width = 16> <Depth = 1> <Register>
ST_58 : Operation 636 [4/4] (6.86ns)   --->   "%tmp_92_10 = fmul half %X_slice3_load_10, %ConvW3_load_10" [main_5_slices.cpp:109]   --->   Operation 636 'hmul' 'tmp_92_10' <Predicate = true> <Delay = 6.86> <Core = "HMul">   --->   Core 91 'HMul' <Latency = 3> <II = 1> <Delay = 6.86> <FuncUnit> <Opcode : 'hmul'> <InPorts = 2> <OutPorts = 1>

State 59 <SV = 57> <Delay = 7.61>
ST_59 : Operation 637 [3/5] (7.61ns)   --->   "%acc_9 = fadd half %acc_8, %tmp_92_9" [main_5_slices.cpp:109]   --->   Operation 637 'hadd' 'acc_9' <Predicate = true> <Delay = 7.61> <Core = "HAddSub">   --->   Core 90 'HAddSub' <Latency = 4> <II = 1> <Delay = 7.61> <FuncUnit> <Opcode : 'hadd' 'hsub'> <InPorts = 2> <OutPorts = 1>
ST_59 : Operation 638 [3/4] (6.86ns)   --->   "%tmp_92_10 = fmul half %X_slice3_load_10, %ConvW3_load_10" [main_5_slices.cpp:109]   --->   Operation 638 'hmul' 'tmp_92_10' <Predicate = true> <Delay = 6.86> <Core = "HMul">   --->   Core 91 'HMul' <Latency = 3> <II = 1> <Delay = 6.86> <FuncUnit> <Opcode : 'hmul'> <InPorts = 2> <OutPorts = 1>

State 60 <SV = 58> <Delay = 7.61>
ST_60 : Operation 639 [2/5] (7.61ns)   --->   "%acc_9 = fadd half %acc_8, %tmp_92_9" [main_5_slices.cpp:109]   --->   Operation 639 'hadd' 'acc_9' <Predicate = true> <Delay = 7.61> <Core = "HAddSub">   --->   Core 90 'HAddSub' <Latency = 4> <II = 1> <Delay = 7.61> <FuncUnit> <Opcode : 'hadd' 'hsub'> <InPorts = 2> <OutPorts = 1>
ST_60 : Operation 640 [2/4] (6.86ns)   --->   "%tmp_92_10 = fmul half %X_slice3_load_10, %ConvW3_load_10" [main_5_slices.cpp:109]   --->   Operation 640 'hmul' 'tmp_92_10' <Predicate = true> <Delay = 6.86> <Core = "HMul">   --->   Core 91 'HMul' <Latency = 3> <II = 1> <Delay = 6.86> <FuncUnit> <Opcode : 'hmul'> <InPorts = 2> <OutPorts = 1>

State 61 <SV = 59> <Delay = 7.61>
ST_61 : Operation 641 [1/5] (7.61ns)   --->   "%acc_9 = fadd half %acc_8, %tmp_92_9" [main_5_slices.cpp:109]   --->   Operation 641 'hadd' 'acc_9' <Predicate = true> <Delay = 7.61> <Core = "HAddSub">   --->   Core 90 'HAddSub' <Latency = 4> <II = 1> <Delay = 7.61> <FuncUnit> <Opcode : 'hadd' 'hsub'> <InPorts = 2> <OutPorts = 1>
ST_61 : Operation 642 [1/4] (6.86ns)   --->   "%tmp_92_10 = fmul half %X_slice3_load_10, %ConvW3_load_10" [main_5_slices.cpp:109]   --->   Operation 642 'hmul' 'tmp_92_10' <Predicate = true> <Delay = 6.86> <Core = "HMul">   --->   Core 91 'HMul' <Latency = 3> <II = 1> <Delay = 6.86> <FuncUnit> <Opcode : 'hmul'> <InPorts = 2> <OutPorts = 1>
ST_61 : Operation 643 [1/1] (0.00ns)   --->   "%or_ln109_100 = or i14 %shl_ln7, 11" [main_5_slices.cpp:109]   --->   Operation 643 'or' 'or_ln109_100' <Predicate = true> <Delay = 0.00>
ST_61 : Operation 644 [1/1] (0.00ns)   --->   "%zext_ln109_207 = zext i14 %or_ln109_100 to i64" [main_5_slices.cpp:109]   --->   Operation 644 'zext' 'zext_ln109_207' <Predicate = true> <Delay = 0.00>
ST_61 : Operation 645 [1/1] (0.00ns)   --->   "%X_slice3_addr_11 = getelementptr [9408 x half]* @X_slice3, i64 0, i64 %zext_ln109_207" [main_5_slices.cpp:109]   --->   Operation 645 'getelementptr' 'X_slice3_addr_11' <Predicate = true> <Delay = 0.00>
ST_61 : Operation 646 [2/2] (3.25ns)   --->   "%X_slice3_load_11 = load half* %X_slice3_addr_11, align 2" [main_5_slices.cpp:109]   --->   Operation 646 'load' 'X_slice3_load_11' <Predicate = true> <Delay = 3.25> <Core = "ROM_nP">   --->   Core 52 'ROM_nP' <Latency = 1> <II = 1> <Delay = 3.25> <Storage> <Opcode : 'load'> <Ports = 0> <Width = 16> <Depth = 9408> <ROM>

State 62 <SV = 60> <Delay = 7.61>
ST_62 : Operation 647 [5/5] (7.61ns)   --->   "%acc_10 = fadd half %acc_9, %tmp_92_10" [main_5_slices.cpp:109]   --->   Operation 647 'hadd' 'acc_10' <Predicate = true> <Delay = 7.61> <Core = "HAddSub">   --->   Core 90 'HAddSub' <Latency = 4> <II = 1> <Delay = 7.61> <FuncUnit> <Opcode : 'hadd' 'hsub'> <InPorts = 2> <OutPorts = 1>
ST_62 : Operation 648 [1/2] (3.25ns)   --->   "%X_slice3_load_11 = load half* %X_slice3_addr_11, align 2" [main_5_slices.cpp:109]   --->   Operation 648 'load' 'X_slice3_load_11' <Predicate = true> <Delay = 3.25> <Core = "ROM_nP">   --->   Core 52 'ROM_nP' <Latency = 1> <II = 1> <Delay = 3.25> <Storage> <Opcode : 'load'> <Ports = 0> <Width = 16> <Depth = 9408> <ROM>
ST_62 : Operation 649 [1/1] (1.67ns)   --->   "%add_ln109_50 = add i13 %add_ln, 352" [main_5_slices.cpp:109]   --->   Operation 649 'add' 'add_ln109_50' <Predicate = true> <Delay = 1.67> <Core = "AddSub">   --->   Core 14 'AddSub' <Latency = 0> <II = 1> <Delay = 2.55> <FuncUnit> <Opcode : 'add' 'sub'> <InPorts = 2> <OutPorts = 1>

State 63 <SV = 61> <Delay = 7.86>
ST_63 : Operation 650 [4/5] (7.61ns)   --->   "%acc_10 = fadd half %acc_9, %tmp_92_10" [main_5_slices.cpp:109]   --->   Operation 650 'hadd' 'acc_10' <Predicate = true> <Delay = 7.61> <Core = "HAddSub">   --->   Core 90 'HAddSub' <Latency = 4> <II = 1> <Delay = 7.61> <FuncUnit> <Opcode : 'hadd' 'hsub'> <InPorts = 2> <OutPorts = 1>
ST_63 : Operation 651 [1/1] (0.00ns)   --->   "%zext_ln109_208 = zext i13 %add_ln109_50 to i64" [main_5_slices.cpp:109]   --->   Operation 651 'zext' 'zext_ln109_208' <Predicate = true> <Delay = 0.00>
ST_63 : Operation 652 [1/1] (0.00ns)   --->   "%ConvW3_addr_11 = getelementptr [7168 x half]* @ConvW3, i64 0, i64 %zext_ln109_208" [main_5_slices.cpp:109]   --->   Operation 652 'getelementptr' 'ConvW3_addr_11' <Predicate = true> <Delay = 0.00>
ST_63 : Operation 653 [1/1] (1.00ns)   --->   "%ConvW3_load_11 = load half* %ConvW3_addr_11, align 2" [main_5_slices.cpp:109]   --->   Operation 653 'load' 'ConvW3_load_11' <Predicate = true> <Delay = 1.00> <Core = "Register">   --->   Core 77 'Register' <Latency = 0> <II = 1> <Delay = 1.00> <Storage> <Opcode : 'load' 'store'> <Ports = 0> <Width = 16> <Depth = 1> <Register>
ST_63 : Operation 654 [4/4] (6.86ns)   --->   "%tmp_92_11 = fmul half %X_slice3_load_11, %ConvW3_load_11" [main_5_slices.cpp:109]   --->   Operation 654 'hmul' 'tmp_92_11' <Predicate = true> <Delay = 6.86> <Core = "HMul">   --->   Core 91 'HMul' <Latency = 3> <II = 1> <Delay = 6.86> <FuncUnit> <Opcode : 'hmul'> <InPorts = 2> <OutPorts = 1>

State 64 <SV = 62> <Delay = 7.61>
ST_64 : Operation 655 [3/5] (7.61ns)   --->   "%acc_10 = fadd half %acc_9, %tmp_92_10" [main_5_slices.cpp:109]   --->   Operation 655 'hadd' 'acc_10' <Predicate = true> <Delay = 7.61> <Core = "HAddSub">   --->   Core 90 'HAddSub' <Latency = 4> <II = 1> <Delay = 7.61> <FuncUnit> <Opcode : 'hadd' 'hsub'> <InPorts = 2> <OutPorts = 1>
ST_64 : Operation 656 [3/4] (6.86ns)   --->   "%tmp_92_11 = fmul half %X_slice3_load_11, %ConvW3_load_11" [main_5_slices.cpp:109]   --->   Operation 656 'hmul' 'tmp_92_11' <Predicate = true> <Delay = 6.86> <Core = "HMul">   --->   Core 91 'HMul' <Latency = 3> <II = 1> <Delay = 6.86> <FuncUnit> <Opcode : 'hmul'> <InPorts = 2> <OutPorts = 1>

State 65 <SV = 63> <Delay = 7.61>
ST_65 : Operation 657 [2/5] (7.61ns)   --->   "%acc_10 = fadd half %acc_9, %tmp_92_10" [main_5_slices.cpp:109]   --->   Operation 657 'hadd' 'acc_10' <Predicate = true> <Delay = 7.61> <Core = "HAddSub">   --->   Core 90 'HAddSub' <Latency = 4> <II = 1> <Delay = 7.61> <FuncUnit> <Opcode : 'hadd' 'hsub'> <InPorts = 2> <OutPorts = 1>
ST_65 : Operation 658 [2/4] (6.86ns)   --->   "%tmp_92_11 = fmul half %X_slice3_load_11, %ConvW3_load_11" [main_5_slices.cpp:109]   --->   Operation 658 'hmul' 'tmp_92_11' <Predicate = true> <Delay = 6.86> <Core = "HMul">   --->   Core 91 'HMul' <Latency = 3> <II = 1> <Delay = 6.86> <FuncUnit> <Opcode : 'hmul'> <InPorts = 2> <OutPorts = 1>

State 66 <SV = 64> <Delay = 7.61>
ST_66 : Operation 659 [1/5] (7.61ns)   --->   "%acc_10 = fadd half %acc_9, %tmp_92_10" [main_5_slices.cpp:109]   --->   Operation 659 'hadd' 'acc_10' <Predicate = true> <Delay = 7.61> <Core = "HAddSub">   --->   Core 90 'HAddSub' <Latency = 4> <II = 1> <Delay = 7.61> <FuncUnit> <Opcode : 'hadd' 'hsub'> <InPorts = 2> <OutPorts = 1>
ST_66 : Operation 660 [1/4] (6.86ns)   --->   "%tmp_92_11 = fmul half %X_slice3_load_11, %ConvW3_load_11" [main_5_slices.cpp:109]   --->   Operation 660 'hmul' 'tmp_92_11' <Predicate = true> <Delay = 6.86> <Core = "HMul">   --->   Core 91 'HMul' <Latency = 3> <II = 1> <Delay = 6.86> <FuncUnit> <Opcode : 'hmul'> <InPorts = 2> <OutPorts = 1>
ST_66 : Operation 661 [1/1] (0.00ns)   --->   "%or_ln109_101 = or i14 %shl_ln7, 12" [main_5_slices.cpp:109]   --->   Operation 661 'or' 'or_ln109_101' <Predicate = true> <Delay = 0.00>
ST_66 : Operation 662 [1/1] (0.00ns)   --->   "%zext_ln109_209 = zext i14 %or_ln109_101 to i64" [main_5_slices.cpp:109]   --->   Operation 662 'zext' 'zext_ln109_209' <Predicate = true> <Delay = 0.00>
ST_66 : Operation 663 [1/1] (0.00ns)   --->   "%X_slice3_addr_12 = getelementptr [9408 x half]* @X_slice3, i64 0, i64 %zext_ln109_209" [main_5_slices.cpp:109]   --->   Operation 663 'getelementptr' 'X_slice3_addr_12' <Predicate = true> <Delay = 0.00>
ST_66 : Operation 664 [2/2] (3.25ns)   --->   "%X_slice3_load_12 = load half* %X_slice3_addr_12, align 8" [main_5_slices.cpp:109]   --->   Operation 664 'load' 'X_slice3_load_12' <Predicate = true> <Delay = 3.25> <Core = "ROM_nP">   --->   Core 52 'ROM_nP' <Latency = 1> <II = 1> <Delay = 3.25> <Storage> <Opcode : 'load'> <Ports = 0> <Width = 16> <Depth = 9408> <ROM>

State 67 <SV = 65> <Delay = 7.61>
ST_67 : Operation 665 [5/5] (7.61ns)   --->   "%acc_11 = fadd half %acc_10, %tmp_92_11" [main_5_slices.cpp:109]   --->   Operation 665 'hadd' 'acc_11' <Predicate = true> <Delay = 7.61> <Core = "HAddSub">   --->   Core 90 'HAddSub' <Latency = 4> <II = 1> <Delay = 7.61> <FuncUnit> <Opcode : 'hadd' 'hsub'> <InPorts = 2> <OutPorts = 1>
ST_67 : Operation 666 [1/2] (3.25ns)   --->   "%X_slice3_load_12 = load half* %X_slice3_addr_12, align 8" [main_5_slices.cpp:109]   --->   Operation 666 'load' 'X_slice3_load_12' <Predicate = true> <Delay = 3.25> <Core = "ROM_nP">   --->   Core 52 'ROM_nP' <Latency = 1> <II = 1> <Delay = 3.25> <Storage> <Opcode : 'load'> <Ports = 0> <Width = 16> <Depth = 9408> <ROM>

State 68 <SV = 66> <Delay = 7.86>
ST_68 : Operation 667 [4/5] (7.61ns)   --->   "%acc_11 = fadd half %acc_10, %tmp_92_11" [main_5_slices.cpp:109]   --->   Operation 667 'hadd' 'acc_11' <Predicate = true> <Delay = 7.61> <Core = "HAddSub">   --->   Core 90 'HAddSub' <Latency = 4> <II = 1> <Delay = 7.61> <FuncUnit> <Opcode : 'hadd' 'hsub'> <InPorts = 2> <OutPorts = 1>
ST_68 : Operation 668 [1/1] (0.00ns)   --->   "%or_ln109_126 = or i13 %add_ln, 384" [main_5_slices.cpp:109]   --->   Operation 668 'or' 'or_ln109_126' <Predicate = true> <Delay = 0.00>
ST_68 : Operation 669 [1/1] (0.00ns)   --->   "%zext_ln109_210 = zext i13 %or_ln109_126 to i64" [main_5_slices.cpp:109]   --->   Operation 669 'zext' 'zext_ln109_210' <Predicate = true> <Delay = 0.00>
ST_68 : Operation 670 [1/1] (0.00ns)   --->   "%ConvW3_addr_12 = getelementptr [7168 x half]* @ConvW3, i64 0, i64 %zext_ln109_210" [main_5_slices.cpp:109]   --->   Operation 670 'getelementptr' 'ConvW3_addr_12' <Predicate = true> <Delay = 0.00>
ST_68 : Operation 671 [1/1] (1.00ns)   --->   "%ConvW3_load_12 = load half* %ConvW3_addr_12, align 2" [main_5_slices.cpp:109]   --->   Operation 671 'load' 'ConvW3_load_12' <Predicate = true> <Delay = 1.00> <Core = "Register">   --->   Core 77 'Register' <Latency = 0> <II = 1> <Delay = 1.00> <Storage> <Opcode : 'load' 'store'> <Ports = 0> <Width = 16> <Depth = 1> <Register>
ST_68 : Operation 672 [4/4] (6.86ns)   --->   "%tmp_92_12 = fmul half %X_slice3_load_12, %ConvW3_load_12" [main_5_slices.cpp:109]   --->   Operation 672 'hmul' 'tmp_92_12' <Predicate = true> <Delay = 6.86> <Core = "HMul">   --->   Core 91 'HMul' <Latency = 3> <II = 1> <Delay = 6.86> <FuncUnit> <Opcode : 'hmul'> <InPorts = 2> <OutPorts = 1>

State 69 <SV = 67> <Delay = 7.61>
ST_69 : Operation 673 [3/5] (7.61ns)   --->   "%acc_11 = fadd half %acc_10, %tmp_92_11" [main_5_slices.cpp:109]   --->   Operation 673 'hadd' 'acc_11' <Predicate = true> <Delay = 7.61> <Core = "HAddSub">   --->   Core 90 'HAddSub' <Latency = 4> <II = 1> <Delay = 7.61> <FuncUnit> <Opcode : 'hadd' 'hsub'> <InPorts = 2> <OutPorts = 1>
ST_69 : Operation 674 [3/4] (6.86ns)   --->   "%tmp_92_12 = fmul half %X_slice3_load_12, %ConvW3_load_12" [main_5_slices.cpp:109]   --->   Operation 674 'hmul' 'tmp_92_12' <Predicate = true> <Delay = 6.86> <Core = "HMul">   --->   Core 91 'HMul' <Latency = 3> <II = 1> <Delay = 6.86> <FuncUnit> <Opcode : 'hmul'> <InPorts = 2> <OutPorts = 1>

State 70 <SV = 68> <Delay = 7.61>
ST_70 : Operation 675 [2/5] (7.61ns)   --->   "%acc_11 = fadd half %acc_10, %tmp_92_11" [main_5_slices.cpp:109]   --->   Operation 675 'hadd' 'acc_11' <Predicate = true> <Delay = 7.61> <Core = "HAddSub">   --->   Core 90 'HAddSub' <Latency = 4> <II = 1> <Delay = 7.61> <FuncUnit> <Opcode : 'hadd' 'hsub'> <InPorts = 2> <OutPorts = 1>
ST_70 : Operation 676 [2/4] (6.86ns)   --->   "%tmp_92_12 = fmul half %X_slice3_load_12, %ConvW3_load_12" [main_5_slices.cpp:109]   --->   Operation 676 'hmul' 'tmp_92_12' <Predicate = true> <Delay = 6.86> <Core = "HMul">   --->   Core 91 'HMul' <Latency = 3> <II = 1> <Delay = 6.86> <FuncUnit> <Opcode : 'hmul'> <InPorts = 2> <OutPorts = 1>

State 71 <SV = 69> <Delay = 7.61>
ST_71 : Operation 677 [1/5] (7.61ns)   --->   "%acc_11 = fadd half %acc_10, %tmp_92_11" [main_5_slices.cpp:109]   --->   Operation 677 'hadd' 'acc_11' <Predicate = true> <Delay = 7.61> <Core = "HAddSub">   --->   Core 90 'HAddSub' <Latency = 4> <II = 1> <Delay = 7.61> <FuncUnit> <Opcode : 'hadd' 'hsub'> <InPorts = 2> <OutPorts = 1>
ST_71 : Operation 678 [1/4] (6.86ns)   --->   "%tmp_92_12 = fmul half %X_slice3_load_12, %ConvW3_load_12" [main_5_slices.cpp:109]   --->   Operation 678 'hmul' 'tmp_92_12' <Predicate = true> <Delay = 6.86> <Core = "HMul">   --->   Core 91 'HMul' <Latency = 3> <II = 1> <Delay = 6.86> <FuncUnit> <Opcode : 'hmul'> <InPorts = 2> <OutPorts = 1>
ST_71 : Operation 679 [1/1] (0.00ns)   --->   "%or_ln109_102 = or i14 %shl_ln7, 13" [main_5_slices.cpp:109]   --->   Operation 679 'or' 'or_ln109_102' <Predicate = true> <Delay = 0.00>
ST_71 : Operation 680 [1/1] (0.00ns)   --->   "%zext_ln109_211 = zext i14 %or_ln109_102 to i64" [main_5_slices.cpp:109]   --->   Operation 680 'zext' 'zext_ln109_211' <Predicate = true> <Delay = 0.00>
ST_71 : Operation 681 [1/1] (0.00ns)   --->   "%X_slice3_addr_13 = getelementptr [9408 x half]* @X_slice3, i64 0, i64 %zext_ln109_211" [main_5_slices.cpp:109]   --->   Operation 681 'getelementptr' 'X_slice3_addr_13' <Predicate = true> <Delay = 0.00>
ST_71 : Operation 682 [2/2] (3.25ns)   --->   "%X_slice3_load_13 = load half* %X_slice3_addr_13, align 2" [main_5_slices.cpp:109]   --->   Operation 682 'load' 'X_slice3_load_13' <Predicate = true> <Delay = 3.25> <Core = "ROM_nP">   --->   Core 52 'ROM_nP' <Latency = 1> <II = 1> <Delay = 3.25> <Storage> <Opcode : 'load'> <Ports = 0> <Width = 16> <Depth = 9408> <ROM>

State 72 <SV = 70> <Delay = 7.61>
ST_72 : Operation 683 [5/5] (7.61ns)   --->   "%acc_12 = fadd half %acc_11, %tmp_92_12" [main_5_slices.cpp:109]   --->   Operation 683 'hadd' 'acc_12' <Predicate = true> <Delay = 7.61> <Core = "HAddSub">   --->   Core 90 'HAddSub' <Latency = 4> <II = 1> <Delay = 7.61> <FuncUnit> <Opcode : 'hadd' 'hsub'> <InPorts = 2> <OutPorts = 1>
ST_72 : Operation 684 [1/2] (3.25ns)   --->   "%X_slice3_load_13 = load half* %X_slice3_addr_13, align 2" [main_5_slices.cpp:109]   --->   Operation 684 'load' 'X_slice3_load_13' <Predicate = true> <Delay = 3.25> <Core = "ROM_nP">   --->   Core 52 'ROM_nP' <Latency = 1> <II = 1> <Delay = 3.25> <Storage> <Opcode : 'load'> <Ports = 0> <Width = 16> <Depth = 9408> <ROM>
ST_72 : Operation 685 [1/1] (1.67ns)   --->   "%add_ln109_51 = add i13 %add_ln, 416" [main_5_slices.cpp:109]   --->   Operation 685 'add' 'add_ln109_51' <Predicate = true> <Delay = 1.67> <Core = "AddSub">   --->   Core 14 'AddSub' <Latency = 0> <II = 1> <Delay = 2.55> <FuncUnit> <Opcode : 'add' 'sub'> <InPorts = 2> <OutPorts = 1>

State 73 <SV = 71> <Delay = 7.86>
ST_73 : Operation 686 [4/5] (7.61ns)   --->   "%acc_12 = fadd half %acc_11, %tmp_92_12" [main_5_slices.cpp:109]   --->   Operation 686 'hadd' 'acc_12' <Predicate = true> <Delay = 7.61> <Core = "HAddSub">   --->   Core 90 'HAddSub' <Latency = 4> <II = 1> <Delay = 7.61> <FuncUnit> <Opcode : 'hadd' 'hsub'> <InPorts = 2> <OutPorts = 1>
ST_73 : Operation 687 [1/1] (0.00ns)   --->   "%zext_ln109_212 = zext i13 %add_ln109_51 to i64" [main_5_slices.cpp:109]   --->   Operation 687 'zext' 'zext_ln109_212' <Predicate = true> <Delay = 0.00>
ST_73 : Operation 688 [1/1] (0.00ns)   --->   "%ConvW3_addr_13 = getelementptr [7168 x half]* @ConvW3, i64 0, i64 %zext_ln109_212" [main_5_slices.cpp:109]   --->   Operation 688 'getelementptr' 'ConvW3_addr_13' <Predicate = true> <Delay = 0.00>
ST_73 : Operation 689 [1/1] (1.00ns)   --->   "%ConvW3_load_13 = load half* %ConvW3_addr_13, align 2" [main_5_slices.cpp:109]   --->   Operation 689 'load' 'ConvW3_load_13' <Predicate = true> <Delay = 1.00> <Core = "Register">   --->   Core 77 'Register' <Latency = 0> <II = 1> <Delay = 1.00> <Storage> <Opcode : 'load' 'store'> <Ports = 0> <Width = 16> <Depth = 1> <Register>
ST_73 : Operation 690 [4/4] (6.86ns)   --->   "%tmp_92_13 = fmul half %X_slice3_load_13, %ConvW3_load_13" [main_5_slices.cpp:109]   --->   Operation 690 'hmul' 'tmp_92_13' <Predicate = true> <Delay = 6.86> <Core = "HMul">   --->   Core 91 'HMul' <Latency = 3> <II = 1> <Delay = 6.86> <FuncUnit> <Opcode : 'hmul'> <InPorts = 2> <OutPorts = 1>

State 74 <SV = 72> <Delay = 7.61>
ST_74 : Operation 691 [3/5] (7.61ns)   --->   "%acc_12 = fadd half %acc_11, %tmp_92_12" [main_5_slices.cpp:109]   --->   Operation 691 'hadd' 'acc_12' <Predicate = true> <Delay = 7.61> <Core = "HAddSub">   --->   Core 90 'HAddSub' <Latency = 4> <II = 1> <Delay = 7.61> <FuncUnit> <Opcode : 'hadd' 'hsub'> <InPorts = 2> <OutPorts = 1>
ST_74 : Operation 692 [3/4] (6.86ns)   --->   "%tmp_92_13 = fmul half %X_slice3_load_13, %ConvW3_load_13" [main_5_slices.cpp:109]   --->   Operation 692 'hmul' 'tmp_92_13' <Predicate = true> <Delay = 6.86> <Core = "HMul">   --->   Core 91 'HMul' <Latency = 3> <II = 1> <Delay = 6.86> <FuncUnit> <Opcode : 'hmul'> <InPorts = 2> <OutPorts = 1>

State 75 <SV = 73> <Delay = 7.61>
ST_75 : Operation 693 [2/5] (7.61ns)   --->   "%acc_12 = fadd half %acc_11, %tmp_92_12" [main_5_slices.cpp:109]   --->   Operation 693 'hadd' 'acc_12' <Predicate = true> <Delay = 7.61> <Core = "HAddSub">   --->   Core 90 'HAddSub' <Latency = 4> <II = 1> <Delay = 7.61> <FuncUnit> <Opcode : 'hadd' 'hsub'> <InPorts = 2> <OutPorts = 1>
ST_75 : Operation 694 [2/4] (6.86ns)   --->   "%tmp_92_13 = fmul half %X_slice3_load_13, %ConvW3_load_13" [main_5_slices.cpp:109]   --->   Operation 694 'hmul' 'tmp_92_13' <Predicate = true> <Delay = 6.86> <Core = "HMul">   --->   Core 91 'HMul' <Latency = 3> <II = 1> <Delay = 6.86> <FuncUnit> <Opcode : 'hmul'> <InPorts = 2> <OutPorts = 1>

State 76 <SV = 74> <Delay = 7.61>
ST_76 : Operation 695 [1/5] (7.61ns)   --->   "%acc_12 = fadd half %acc_11, %tmp_92_12" [main_5_slices.cpp:109]   --->   Operation 695 'hadd' 'acc_12' <Predicate = true> <Delay = 7.61> <Core = "HAddSub">   --->   Core 90 'HAddSub' <Latency = 4> <II = 1> <Delay = 7.61> <FuncUnit> <Opcode : 'hadd' 'hsub'> <InPorts = 2> <OutPorts = 1>
ST_76 : Operation 696 [1/4] (6.86ns)   --->   "%tmp_92_13 = fmul half %X_slice3_load_13, %ConvW3_load_13" [main_5_slices.cpp:109]   --->   Operation 696 'hmul' 'tmp_92_13' <Predicate = true> <Delay = 6.86> <Core = "HMul">   --->   Core 91 'HMul' <Latency = 3> <II = 1> <Delay = 6.86> <FuncUnit> <Opcode : 'hmul'> <InPorts = 2> <OutPorts = 1>
ST_76 : Operation 697 [1/1] (0.00ns)   --->   "%or_ln109_103 = or i14 %shl_ln7, 14" [main_5_slices.cpp:109]   --->   Operation 697 'or' 'or_ln109_103' <Predicate = true> <Delay = 0.00>
ST_76 : Operation 698 [1/1] (0.00ns)   --->   "%zext_ln109_213 = zext i14 %or_ln109_103 to i64" [main_5_slices.cpp:109]   --->   Operation 698 'zext' 'zext_ln109_213' <Predicate = true> <Delay = 0.00>
ST_76 : Operation 699 [1/1] (0.00ns)   --->   "%X_slice3_addr_14 = getelementptr [9408 x half]* @X_slice3, i64 0, i64 %zext_ln109_213" [main_5_slices.cpp:109]   --->   Operation 699 'getelementptr' 'X_slice3_addr_14' <Predicate = true> <Delay = 0.00>
ST_76 : Operation 700 [2/2] (3.25ns)   --->   "%X_slice3_load_14 = load half* %X_slice3_addr_14, align 4" [main_5_slices.cpp:109]   --->   Operation 700 'load' 'X_slice3_load_14' <Predicate = true> <Delay = 3.25> <Core = "ROM_nP">   --->   Core 52 'ROM_nP' <Latency = 1> <II = 1> <Delay = 3.25> <Storage> <Opcode : 'load'> <Ports = 0> <Width = 16> <Depth = 9408> <ROM>

State 77 <SV = 75> <Delay = 7.61>
ST_77 : Operation 701 [5/5] (7.61ns)   --->   "%acc_13 = fadd half %acc_12, %tmp_92_13" [main_5_slices.cpp:109]   --->   Operation 701 'hadd' 'acc_13' <Predicate = true> <Delay = 7.61> <Core = "HAddSub">   --->   Core 90 'HAddSub' <Latency = 4> <II = 1> <Delay = 7.61> <FuncUnit> <Opcode : 'hadd' 'hsub'> <InPorts = 2> <OutPorts = 1>
ST_77 : Operation 702 [1/2] (3.25ns)   --->   "%X_slice3_load_14 = load half* %X_slice3_addr_14, align 4" [main_5_slices.cpp:109]   --->   Operation 702 'load' 'X_slice3_load_14' <Predicate = true> <Delay = 3.25> <Core = "ROM_nP">   --->   Core 52 'ROM_nP' <Latency = 1> <II = 1> <Delay = 3.25> <Storage> <Opcode : 'load'> <Ports = 0> <Width = 16> <Depth = 9408> <ROM>

State 78 <SV = 76> <Delay = 7.86>
ST_78 : Operation 703 [4/5] (7.61ns)   --->   "%acc_13 = fadd half %acc_12, %tmp_92_13" [main_5_slices.cpp:109]   --->   Operation 703 'hadd' 'acc_13' <Predicate = true> <Delay = 7.61> <Core = "HAddSub">   --->   Core 90 'HAddSub' <Latency = 4> <II = 1> <Delay = 7.61> <FuncUnit> <Opcode : 'hadd' 'hsub'> <InPorts = 2> <OutPorts = 1>
ST_78 : Operation 704 [1/1] (0.00ns)   --->   "%or_ln109_127 = or i13 %add_ln, 448" [main_5_slices.cpp:109]   --->   Operation 704 'or' 'or_ln109_127' <Predicate = true> <Delay = 0.00>
ST_78 : Operation 705 [1/1] (0.00ns)   --->   "%zext_ln109_214 = zext i13 %or_ln109_127 to i64" [main_5_slices.cpp:109]   --->   Operation 705 'zext' 'zext_ln109_214' <Predicate = true> <Delay = 0.00>
ST_78 : Operation 706 [1/1] (0.00ns)   --->   "%ConvW3_addr_14 = getelementptr [7168 x half]* @ConvW3, i64 0, i64 %zext_ln109_214" [main_5_slices.cpp:109]   --->   Operation 706 'getelementptr' 'ConvW3_addr_14' <Predicate = true> <Delay = 0.00>
ST_78 : Operation 707 [1/1] (1.00ns)   --->   "%ConvW3_load_14 = load half* %ConvW3_addr_14, align 2" [main_5_slices.cpp:109]   --->   Operation 707 'load' 'ConvW3_load_14' <Predicate = true> <Delay = 1.00> <Core = "Register">   --->   Core 77 'Register' <Latency = 0> <II = 1> <Delay = 1.00> <Storage> <Opcode : 'load' 'store'> <Ports = 0> <Width = 16> <Depth = 1> <Register>
ST_78 : Operation 708 [4/4] (6.86ns)   --->   "%tmp_92_14 = fmul half %X_slice3_load_14, %ConvW3_load_14" [main_5_slices.cpp:109]   --->   Operation 708 'hmul' 'tmp_92_14' <Predicate = true> <Delay = 6.86> <Core = "HMul">   --->   Core 91 'HMul' <Latency = 3> <II = 1> <Delay = 6.86> <FuncUnit> <Opcode : 'hmul'> <InPorts = 2> <OutPorts = 1>

State 79 <SV = 77> <Delay = 7.61>
ST_79 : Operation 709 [3/5] (7.61ns)   --->   "%acc_13 = fadd half %acc_12, %tmp_92_13" [main_5_slices.cpp:109]   --->   Operation 709 'hadd' 'acc_13' <Predicate = true> <Delay = 7.61> <Core = "HAddSub">   --->   Core 90 'HAddSub' <Latency = 4> <II = 1> <Delay = 7.61> <FuncUnit> <Opcode : 'hadd' 'hsub'> <InPorts = 2> <OutPorts = 1>
ST_79 : Operation 710 [3/4] (6.86ns)   --->   "%tmp_92_14 = fmul half %X_slice3_load_14, %ConvW3_load_14" [main_5_slices.cpp:109]   --->   Operation 710 'hmul' 'tmp_92_14' <Predicate = true> <Delay = 6.86> <Core = "HMul">   --->   Core 91 'HMul' <Latency = 3> <II = 1> <Delay = 6.86> <FuncUnit> <Opcode : 'hmul'> <InPorts = 2> <OutPorts = 1>

State 80 <SV = 78> <Delay = 7.61>
ST_80 : Operation 711 [2/5] (7.61ns)   --->   "%acc_13 = fadd half %acc_12, %tmp_92_13" [main_5_slices.cpp:109]   --->   Operation 711 'hadd' 'acc_13' <Predicate = true> <Delay = 7.61> <Core = "HAddSub">   --->   Core 90 'HAddSub' <Latency = 4> <II = 1> <Delay = 7.61> <FuncUnit> <Opcode : 'hadd' 'hsub'> <InPorts = 2> <OutPorts = 1>
ST_80 : Operation 712 [2/4] (6.86ns)   --->   "%tmp_92_14 = fmul half %X_slice3_load_14, %ConvW3_load_14" [main_5_slices.cpp:109]   --->   Operation 712 'hmul' 'tmp_92_14' <Predicate = true> <Delay = 6.86> <Core = "HMul">   --->   Core 91 'HMul' <Latency = 3> <II = 1> <Delay = 6.86> <FuncUnit> <Opcode : 'hmul'> <InPorts = 2> <OutPorts = 1>

State 81 <SV = 79> <Delay = 7.61>
ST_81 : Operation 713 [1/5] (7.61ns)   --->   "%acc_13 = fadd half %acc_12, %tmp_92_13" [main_5_slices.cpp:109]   --->   Operation 713 'hadd' 'acc_13' <Predicate = true> <Delay = 7.61> <Core = "HAddSub">   --->   Core 90 'HAddSub' <Latency = 4> <II = 1> <Delay = 7.61> <FuncUnit> <Opcode : 'hadd' 'hsub'> <InPorts = 2> <OutPorts = 1>
ST_81 : Operation 714 [1/4] (6.86ns)   --->   "%tmp_92_14 = fmul half %X_slice3_load_14, %ConvW3_load_14" [main_5_slices.cpp:109]   --->   Operation 714 'hmul' 'tmp_92_14' <Predicate = true> <Delay = 6.86> <Core = "HMul">   --->   Core 91 'HMul' <Latency = 3> <II = 1> <Delay = 6.86> <FuncUnit> <Opcode : 'hmul'> <InPorts = 2> <OutPorts = 1>
ST_81 : Operation 715 [1/1] (0.00ns)   --->   "%or_ln109_104 = or i14 %shl_ln7, 15" [main_5_slices.cpp:109]   --->   Operation 715 'or' 'or_ln109_104' <Predicate = true> <Delay = 0.00>
ST_81 : Operation 716 [1/1] (0.00ns)   --->   "%zext_ln109_215 = zext i14 %or_ln109_104 to i64" [main_5_slices.cpp:109]   --->   Operation 716 'zext' 'zext_ln109_215' <Predicate = true> <Delay = 0.00>
ST_81 : Operation 717 [1/1] (0.00ns)   --->   "%X_slice3_addr_15 = getelementptr [9408 x half]* @X_slice3, i64 0, i64 %zext_ln109_215" [main_5_slices.cpp:109]   --->   Operation 717 'getelementptr' 'X_slice3_addr_15' <Predicate = true> <Delay = 0.00>
ST_81 : Operation 718 [2/2] (3.25ns)   --->   "%X_slice3_load_15 = load half* %X_slice3_addr_15, align 2" [main_5_slices.cpp:109]   --->   Operation 718 'load' 'X_slice3_load_15' <Predicate = true> <Delay = 3.25> <Core = "ROM_nP">   --->   Core 52 'ROM_nP' <Latency = 1> <II = 1> <Delay = 3.25> <Storage> <Opcode : 'load'> <Ports = 0> <Width = 16> <Depth = 9408> <ROM>

State 82 <SV = 80> <Delay = 7.61>
ST_82 : Operation 719 [5/5] (7.61ns)   --->   "%acc_14 = fadd half %acc_13, %tmp_92_14" [main_5_slices.cpp:109]   --->   Operation 719 'hadd' 'acc_14' <Predicate = true> <Delay = 7.61> <Core = "HAddSub">   --->   Core 90 'HAddSub' <Latency = 4> <II = 1> <Delay = 7.61> <FuncUnit> <Opcode : 'hadd' 'hsub'> <InPorts = 2> <OutPorts = 1>
ST_82 : Operation 720 [1/2] (3.25ns)   --->   "%X_slice3_load_15 = load half* %X_slice3_addr_15, align 2" [main_5_slices.cpp:109]   --->   Operation 720 'load' 'X_slice3_load_15' <Predicate = true> <Delay = 3.25> <Core = "ROM_nP">   --->   Core 52 'ROM_nP' <Latency = 1> <II = 1> <Delay = 3.25> <Storage> <Opcode : 'load'> <Ports = 0> <Width = 16> <Depth = 9408> <ROM>
ST_82 : Operation 721 [1/1] (1.67ns)   --->   "%add_ln109_52 = add i13 %add_ln, 480" [main_5_slices.cpp:109]   --->   Operation 721 'add' 'add_ln109_52' <Predicate = true> <Delay = 1.67> <Core = "AddSub">   --->   Core 14 'AddSub' <Latency = 0> <II = 1> <Delay = 2.55> <FuncUnit> <Opcode : 'add' 'sub'> <InPorts = 2> <OutPorts = 1>

State 83 <SV = 81> <Delay = 7.86>
ST_83 : Operation 722 [4/5] (7.61ns)   --->   "%acc_14 = fadd half %acc_13, %tmp_92_14" [main_5_slices.cpp:109]   --->   Operation 722 'hadd' 'acc_14' <Predicate = true> <Delay = 7.61> <Core = "HAddSub">   --->   Core 90 'HAddSub' <Latency = 4> <II = 1> <Delay = 7.61> <FuncUnit> <Opcode : 'hadd' 'hsub'> <InPorts = 2> <OutPorts = 1>
ST_83 : Operation 723 [1/1] (0.00ns)   --->   "%zext_ln109_216 = zext i13 %add_ln109_52 to i64" [main_5_slices.cpp:109]   --->   Operation 723 'zext' 'zext_ln109_216' <Predicate = true> <Delay = 0.00>
ST_83 : Operation 724 [1/1] (0.00ns)   --->   "%ConvW3_addr_15 = getelementptr [7168 x half]* @ConvW3, i64 0, i64 %zext_ln109_216" [main_5_slices.cpp:109]   --->   Operation 724 'getelementptr' 'ConvW3_addr_15' <Predicate = true> <Delay = 0.00>
ST_83 : Operation 725 [1/1] (1.00ns)   --->   "%ConvW3_load_15 = load half* %ConvW3_addr_15, align 2" [main_5_slices.cpp:109]   --->   Operation 725 'load' 'ConvW3_load_15' <Predicate = true> <Delay = 1.00> <Core = "Register">   --->   Core 77 'Register' <Latency = 0> <II = 1> <Delay = 1.00> <Storage> <Opcode : 'load' 'store'> <Ports = 0> <Width = 16> <Depth = 1> <Register>
ST_83 : Operation 726 [4/4] (6.86ns)   --->   "%tmp_92_15 = fmul half %X_slice3_load_15, %ConvW3_load_15" [main_5_slices.cpp:109]   --->   Operation 726 'hmul' 'tmp_92_15' <Predicate = true> <Delay = 6.86> <Core = "HMul">   --->   Core 91 'HMul' <Latency = 3> <II = 1> <Delay = 6.86> <FuncUnit> <Opcode : 'hmul'> <InPorts = 2> <OutPorts = 1>

State 84 <SV = 82> <Delay = 7.61>
ST_84 : Operation 727 [3/5] (7.61ns)   --->   "%acc_14 = fadd half %acc_13, %tmp_92_14" [main_5_slices.cpp:109]   --->   Operation 727 'hadd' 'acc_14' <Predicate = true> <Delay = 7.61> <Core = "HAddSub">   --->   Core 90 'HAddSub' <Latency = 4> <II = 1> <Delay = 7.61> <FuncUnit> <Opcode : 'hadd' 'hsub'> <InPorts = 2> <OutPorts = 1>
ST_84 : Operation 728 [3/4] (6.86ns)   --->   "%tmp_92_15 = fmul half %X_slice3_load_15, %ConvW3_load_15" [main_5_slices.cpp:109]   --->   Operation 728 'hmul' 'tmp_92_15' <Predicate = true> <Delay = 6.86> <Core = "HMul">   --->   Core 91 'HMul' <Latency = 3> <II = 1> <Delay = 6.86> <FuncUnit> <Opcode : 'hmul'> <InPorts = 2> <OutPorts = 1>

State 85 <SV = 83> <Delay = 7.61>
ST_85 : Operation 729 [2/5] (7.61ns)   --->   "%acc_14 = fadd half %acc_13, %tmp_92_14" [main_5_slices.cpp:109]   --->   Operation 729 'hadd' 'acc_14' <Predicate = true> <Delay = 7.61> <Core = "HAddSub">   --->   Core 90 'HAddSub' <Latency = 4> <II = 1> <Delay = 7.61> <FuncUnit> <Opcode : 'hadd' 'hsub'> <InPorts = 2> <OutPorts = 1>
ST_85 : Operation 730 [2/4] (6.86ns)   --->   "%tmp_92_15 = fmul half %X_slice3_load_15, %ConvW3_load_15" [main_5_slices.cpp:109]   --->   Operation 730 'hmul' 'tmp_92_15' <Predicate = true> <Delay = 6.86> <Core = "HMul">   --->   Core 91 'HMul' <Latency = 3> <II = 1> <Delay = 6.86> <FuncUnit> <Opcode : 'hmul'> <InPorts = 2> <OutPorts = 1>

State 86 <SV = 84> <Delay = 7.61>
ST_86 : Operation 731 [1/5] (7.61ns)   --->   "%acc_14 = fadd half %acc_13, %tmp_92_14" [main_5_slices.cpp:109]   --->   Operation 731 'hadd' 'acc_14' <Predicate = true> <Delay = 7.61> <Core = "HAddSub">   --->   Core 90 'HAddSub' <Latency = 4> <II = 1> <Delay = 7.61> <FuncUnit> <Opcode : 'hadd' 'hsub'> <InPorts = 2> <OutPorts = 1>
ST_86 : Operation 732 [1/4] (6.86ns)   --->   "%tmp_92_15 = fmul half %X_slice3_load_15, %ConvW3_load_15" [main_5_slices.cpp:109]   --->   Operation 732 'hmul' 'tmp_92_15' <Predicate = true> <Delay = 6.86> <Core = "HMul">   --->   Core 91 'HMul' <Latency = 3> <II = 1> <Delay = 6.86> <FuncUnit> <Opcode : 'hmul'> <InPorts = 2> <OutPorts = 1>
ST_86 : Operation 733 [1/1] (0.00ns)   --->   "%or_ln109_105 = or i14 %shl_ln7, 16" [main_5_slices.cpp:109]   --->   Operation 733 'or' 'or_ln109_105' <Predicate = true> <Delay = 0.00>
ST_86 : Operation 734 [1/1] (0.00ns)   --->   "%zext_ln109_217 = zext i14 %or_ln109_105 to i64" [main_5_slices.cpp:109]   --->   Operation 734 'zext' 'zext_ln109_217' <Predicate = true> <Delay = 0.00>
ST_86 : Operation 735 [1/1] (0.00ns)   --->   "%X_slice3_addr_16 = getelementptr [9408 x half]* @X_slice3, i64 0, i64 %zext_ln109_217" [main_5_slices.cpp:109]   --->   Operation 735 'getelementptr' 'X_slice3_addr_16' <Predicate = true> <Delay = 0.00>
ST_86 : Operation 736 [2/2] (3.25ns)   --->   "%X_slice3_load_16 = load half* %X_slice3_addr_16, align 16" [main_5_slices.cpp:109]   --->   Operation 736 'load' 'X_slice3_load_16' <Predicate = true> <Delay = 3.25> <Core = "ROM_nP">   --->   Core 52 'ROM_nP' <Latency = 1> <II = 1> <Delay = 3.25> <Storage> <Opcode : 'load'> <Ports = 0> <Width = 16> <Depth = 9408> <ROM>

State 87 <SV = 85> <Delay = 7.61>
ST_87 : Operation 737 [5/5] (7.61ns)   --->   "%acc_15 = fadd half %acc_14, %tmp_92_15" [main_5_slices.cpp:109]   --->   Operation 737 'hadd' 'acc_15' <Predicate = true> <Delay = 7.61> <Core = "HAddSub">   --->   Core 90 'HAddSub' <Latency = 4> <II = 1> <Delay = 7.61> <FuncUnit> <Opcode : 'hadd' 'hsub'> <InPorts = 2> <OutPorts = 1>
ST_87 : Operation 738 [1/2] (3.25ns)   --->   "%X_slice3_load_16 = load half* %X_slice3_addr_16, align 16" [main_5_slices.cpp:109]   --->   Operation 738 'load' 'X_slice3_load_16' <Predicate = true> <Delay = 3.25> <Core = "ROM_nP">   --->   Core 52 'ROM_nP' <Latency = 1> <II = 1> <Delay = 3.25> <Storage> <Opcode : 'load'> <Ports = 0> <Width = 16> <Depth = 9408> <ROM>

State 88 <SV = 86> <Delay = 7.86>
ST_88 : Operation 739 [4/5] (7.61ns)   --->   "%acc_15 = fadd half %acc_14, %tmp_92_15" [main_5_slices.cpp:109]   --->   Operation 739 'hadd' 'acc_15' <Predicate = true> <Delay = 7.61> <Core = "HAddSub">   --->   Core 90 'HAddSub' <Latency = 4> <II = 1> <Delay = 7.61> <FuncUnit> <Opcode : 'hadd' 'hsub'> <InPorts = 2> <OutPorts = 1>
ST_88 : Operation 740 [1/1] (0.00ns)   --->   "%or_ln109_128 = or i13 %add_ln, 512" [main_5_slices.cpp:109]   --->   Operation 740 'or' 'or_ln109_128' <Predicate = true> <Delay = 0.00>
ST_88 : Operation 741 [1/1] (0.00ns)   --->   "%zext_ln109_218 = zext i13 %or_ln109_128 to i64" [main_5_slices.cpp:109]   --->   Operation 741 'zext' 'zext_ln109_218' <Predicate = true> <Delay = 0.00>
ST_88 : Operation 742 [1/1] (0.00ns)   --->   "%ConvW3_addr_16 = getelementptr [7168 x half]* @ConvW3, i64 0, i64 %zext_ln109_218" [main_5_slices.cpp:109]   --->   Operation 742 'getelementptr' 'ConvW3_addr_16' <Predicate = true> <Delay = 0.00>
ST_88 : Operation 743 [1/1] (1.00ns)   --->   "%ConvW3_load_16 = load half* %ConvW3_addr_16, align 2" [main_5_slices.cpp:109]   --->   Operation 743 'load' 'ConvW3_load_16' <Predicate = true> <Delay = 1.00> <Core = "Register">   --->   Core 77 'Register' <Latency = 0> <II = 1> <Delay = 1.00> <Storage> <Opcode : 'load' 'store'> <Ports = 0> <Width = 16> <Depth = 1> <Register>
ST_88 : Operation 744 [4/4] (6.86ns)   --->   "%tmp_92_16 = fmul half %X_slice3_load_16, %ConvW3_load_16" [main_5_slices.cpp:109]   --->   Operation 744 'hmul' 'tmp_92_16' <Predicate = true> <Delay = 6.86> <Core = "HMul">   --->   Core 91 'HMul' <Latency = 3> <II = 1> <Delay = 6.86> <FuncUnit> <Opcode : 'hmul'> <InPorts = 2> <OutPorts = 1>

State 89 <SV = 87> <Delay = 7.61>
ST_89 : Operation 745 [3/5] (7.61ns)   --->   "%acc_15 = fadd half %acc_14, %tmp_92_15" [main_5_slices.cpp:109]   --->   Operation 745 'hadd' 'acc_15' <Predicate = true> <Delay = 7.61> <Core = "HAddSub">   --->   Core 90 'HAddSub' <Latency = 4> <II = 1> <Delay = 7.61> <FuncUnit> <Opcode : 'hadd' 'hsub'> <InPorts = 2> <OutPorts = 1>
ST_89 : Operation 746 [3/4] (6.86ns)   --->   "%tmp_92_16 = fmul half %X_slice3_load_16, %ConvW3_load_16" [main_5_slices.cpp:109]   --->   Operation 746 'hmul' 'tmp_92_16' <Predicate = true> <Delay = 6.86> <Core = "HMul">   --->   Core 91 'HMul' <Latency = 3> <II = 1> <Delay = 6.86> <FuncUnit> <Opcode : 'hmul'> <InPorts = 2> <OutPorts = 1>

State 90 <SV = 88> <Delay = 7.61>
ST_90 : Operation 747 [2/5] (7.61ns)   --->   "%acc_15 = fadd half %acc_14, %tmp_92_15" [main_5_slices.cpp:109]   --->   Operation 747 'hadd' 'acc_15' <Predicate = true> <Delay = 7.61> <Core = "HAddSub">   --->   Core 90 'HAddSub' <Latency = 4> <II = 1> <Delay = 7.61> <FuncUnit> <Opcode : 'hadd' 'hsub'> <InPorts = 2> <OutPorts = 1>
ST_90 : Operation 748 [2/4] (6.86ns)   --->   "%tmp_92_16 = fmul half %X_slice3_load_16, %ConvW3_load_16" [main_5_slices.cpp:109]   --->   Operation 748 'hmul' 'tmp_92_16' <Predicate = true> <Delay = 6.86> <Core = "HMul">   --->   Core 91 'HMul' <Latency = 3> <II = 1> <Delay = 6.86> <FuncUnit> <Opcode : 'hmul'> <InPorts = 2> <OutPorts = 1>

State 91 <SV = 89> <Delay = 7.61>
ST_91 : Operation 749 [1/5] (7.61ns)   --->   "%acc_15 = fadd half %acc_14, %tmp_92_15" [main_5_slices.cpp:109]   --->   Operation 749 'hadd' 'acc_15' <Predicate = true> <Delay = 7.61> <Core = "HAddSub">   --->   Core 90 'HAddSub' <Latency = 4> <II = 1> <Delay = 7.61> <FuncUnit> <Opcode : 'hadd' 'hsub'> <InPorts = 2> <OutPorts = 1>
ST_91 : Operation 750 [1/4] (6.86ns)   --->   "%tmp_92_16 = fmul half %X_slice3_load_16, %ConvW3_load_16" [main_5_slices.cpp:109]   --->   Operation 750 'hmul' 'tmp_92_16' <Predicate = true> <Delay = 6.86> <Core = "HMul">   --->   Core 91 'HMul' <Latency = 3> <II = 1> <Delay = 6.86> <FuncUnit> <Opcode : 'hmul'> <InPorts = 2> <OutPorts = 1>
ST_91 : Operation 751 [1/1] (0.00ns)   --->   "%or_ln109_106 = or i14 %shl_ln7, 17" [main_5_slices.cpp:109]   --->   Operation 751 'or' 'or_ln109_106' <Predicate = true> <Delay = 0.00>
ST_91 : Operation 752 [1/1] (0.00ns)   --->   "%zext_ln109_219 = zext i14 %or_ln109_106 to i64" [main_5_slices.cpp:109]   --->   Operation 752 'zext' 'zext_ln109_219' <Predicate = true> <Delay = 0.00>
ST_91 : Operation 753 [1/1] (0.00ns)   --->   "%X_slice3_addr_17 = getelementptr [9408 x half]* @X_slice3, i64 0, i64 %zext_ln109_219" [main_5_slices.cpp:109]   --->   Operation 753 'getelementptr' 'X_slice3_addr_17' <Predicate = true> <Delay = 0.00>
ST_91 : Operation 754 [2/2] (3.25ns)   --->   "%X_slice3_load_17 = load half* %X_slice3_addr_17, align 2" [main_5_slices.cpp:109]   --->   Operation 754 'load' 'X_slice3_load_17' <Predicate = true> <Delay = 3.25> <Core = "ROM_nP">   --->   Core 52 'ROM_nP' <Latency = 1> <II = 1> <Delay = 3.25> <Storage> <Opcode : 'load'> <Ports = 0> <Width = 16> <Depth = 9408> <ROM>

State 92 <SV = 90> <Delay = 7.61>
ST_92 : Operation 755 [5/5] (7.61ns)   --->   "%acc_16 = fadd half %acc_15, %tmp_92_16" [main_5_slices.cpp:109]   --->   Operation 755 'hadd' 'acc_16' <Predicate = true> <Delay = 7.61> <Core = "HAddSub">   --->   Core 90 'HAddSub' <Latency = 4> <II = 1> <Delay = 7.61> <FuncUnit> <Opcode : 'hadd' 'hsub'> <InPorts = 2> <OutPorts = 1>
ST_92 : Operation 756 [1/2] (3.25ns)   --->   "%X_slice3_load_17 = load half* %X_slice3_addr_17, align 2" [main_5_slices.cpp:109]   --->   Operation 756 'load' 'X_slice3_load_17' <Predicate = true> <Delay = 3.25> <Core = "ROM_nP">   --->   Core 52 'ROM_nP' <Latency = 1> <II = 1> <Delay = 3.25> <Storage> <Opcode : 'load'> <Ports = 0> <Width = 16> <Depth = 9408> <ROM>
ST_92 : Operation 757 [1/1] (1.67ns)   --->   "%add_ln109_53 = add i13 %add_ln, 544" [main_5_slices.cpp:109]   --->   Operation 757 'add' 'add_ln109_53' <Predicate = true> <Delay = 1.67> <Core = "AddSub">   --->   Core 14 'AddSub' <Latency = 0> <II = 1> <Delay = 2.55> <FuncUnit> <Opcode : 'add' 'sub'> <InPorts = 2> <OutPorts = 1>

State 93 <SV = 91> <Delay = 7.86>
ST_93 : Operation 758 [4/5] (7.61ns)   --->   "%acc_16 = fadd half %acc_15, %tmp_92_16" [main_5_slices.cpp:109]   --->   Operation 758 'hadd' 'acc_16' <Predicate = true> <Delay = 7.61> <Core = "HAddSub">   --->   Core 90 'HAddSub' <Latency = 4> <II = 1> <Delay = 7.61> <FuncUnit> <Opcode : 'hadd' 'hsub'> <InPorts = 2> <OutPorts = 1>
ST_93 : Operation 759 [1/1] (0.00ns)   --->   "%zext_ln109_220 = zext i13 %add_ln109_53 to i64" [main_5_slices.cpp:109]   --->   Operation 759 'zext' 'zext_ln109_220' <Predicate = true> <Delay = 0.00>
ST_93 : Operation 760 [1/1] (0.00ns)   --->   "%ConvW3_addr_17 = getelementptr [7168 x half]* @ConvW3, i64 0, i64 %zext_ln109_220" [main_5_slices.cpp:109]   --->   Operation 760 'getelementptr' 'ConvW3_addr_17' <Predicate = true> <Delay = 0.00>
ST_93 : Operation 761 [1/1] (1.00ns)   --->   "%ConvW3_load_17 = load half* %ConvW3_addr_17, align 2" [main_5_slices.cpp:109]   --->   Operation 761 'load' 'ConvW3_load_17' <Predicate = true> <Delay = 1.00> <Core = "Register">   --->   Core 77 'Register' <Latency = 0> <II = 1> <Delay = 1.00> <Storage> <Opcode : 'load' 'store'> <Ports = 0> <Width = 16> <Depth = 1> <Register>
ST_93 : Operation 762 [4/4] (6.86ns)   --->   "%tmp_92_17 = fmul half %X_slice3_load_17, %ConvW3_load_17" [main_5_slices.cpp:109]   --->   Operation 762 'hmul' 'tmp_92_17' <Predicate = true> <Delay = 6.86> <Core = "HMul">   --->   Core 91 'HMul' <Latency = 3> <II = 1> <Delay = 6.86> <FuncUnit> <Opcode : 'hmul'> <InPorts = 2> <OutPorts = 1>

State 94 <SV = 92> <Delay = 7.61>
ST_94 : Operation 763 [3/5] (7.61ns)   --->   "%acc_16 = fadd half %acc_15, %tmp_92_16" [main_5_slices.cpp:109]   --->   Operation 763 'hadd' 'acc_16' <Predicate = true> <Delay = 7.61> <Core = "HAddSub">   --->   Core 90 'HAddSub' <Latency = 4> <II = 1> <Delay = 7.61> <FuncUnit> <Opcode : 'hadd' 'hsub'> <InPorts = 2> <OutPorts = 1>
ST_94 : Operation 764 [3/4] (6.86ns)   --->   "%tmp_92_17 = fmul half %X_slice3_load_17, %ConvW3_load_17" [main_5_slices.cpp:109]   --->   Operation 764 'hmul' 'tmp_92_17' <Predicate = true> <Delay = 6.86> <Core = "HMul">   --->   Core 91 'HMul' <Latency = 3> <II = 1> <Delay = 6.86> <FuncUnit> <Opcode : 'hmul'> <InPorts = 2> <OutPorts = 1>

State 95 <SV = 93> <Delay = 7.61>
ST_95 : Operation 765 [2/5] (7.61ns)   --->   "%acc_16 = fadd half %acc_15, %tmp_92_16" [main_5_slices.cpp:109]   --->   Operation 765 'hadd' 'acc_16' <Predicate = true> <Delay = 7.61> <Core = "HAddSub">   --->   Core 90 'HAddSub' <Latency = 4> <II = 1> <Delay = 7.61> <FuncUnit> <Opcode : 'hadd' 'hsub'> <InPorts = 2> <OutPorts = 1>
ST_95 : Operation 766 [2/4] (6.86ns)   --->   "%tmp_92_17 = fmul half %X_slice3_load_17, %ConvW3_load_17" [main_5_slices.cpp:109]   --->   Operation 766 'hmul' 'tmp_92_17' <Predicate = true> <Delay = 6.86> <Core = "HMul">   --->   Core 91 'HMul' <Latency = 3> <II = 1> <Delay = 6.86> <FuncUnit> <Opcode : 'hmul'> <InPorts = 2> <OutPorts = 1>

State 96 <SV = 94> <Delay = 7.61>
ST_96 : Operation 767 [1/5] (7.61ns)   --->   "%acc_16 = fadd half %acc_15, %tmp_92_16" [main_5_slices.cpp:109]   --->   Operation 767 'hadd' 'acc_16' <Predicate = true> <Delay = 7.61> <Core = "HAddSub">   --->   Core 90 'HAddSub' <Latency = 4> <II = 1> <Delay = 7.61> <FuncUnit> <Opcode : 'hadd' 'hsub'> <InPorts = 2> <OutPorts = 1>
ST_96 : Operation 768 [1/4] (6.86ns)   --->   "%tmp_92_17 = fmul half %X_slice3_load_17, %ConvW3_load_17" [main_5_slices.cpp:109]   --->   Operation 768 'hmul' 'tmp_92_17' <Predicate = true> <Delay = 6.86> <Core = "HMul">   --->   Core 91 'HMul' <Latency = 3> <II = 1> <Delay = 6.86> <FuncUnit> <Opcode : 'hmul'> <InPorts = 2> <OutPorts = 1>
ST_96 : Operation 769 [1/1] (0.00ns)   --->   "%or_ln109_107 = or i14 %shl_ln7, 18" [main_5_slices.cpp:109]   --->   Operation 769 'or' 'or_ln109_107' <Predicate = true> <Delay = 0.00>
ST_96 : Operation 770 [1/1] (0.00ns)   --->   "%zext_ln109_221 = zext i14 %or_ln109_107 to i64" [main_5_slices.cpp:109]   --->   Operation 770 'zext' 'zext_ln109_221' <Predicate = true> <Delay = 0.00>
ST_96 : Operation 771 [1/1] (0.00ns)   --->   "%X_slice3_addr_18 = getelementptr [9408 x half]* @X_slice3, i64 0, i64 %zext_ln109_221" [main_5_slices.cpp:109]   --->   Operation 771 'getelementptr' 'X_slice3_addr_18' <Predicate = true> <Delay = 0.00>
ST_96 : Operation 772 [2/2] (3.25ns)   --->   "%X_slice3_load_18 = load half* %X_slice3_addr_18, align 4" [main_5_slices.cpp:109]   --->   Operation 772 'load' 'X_slice3_load_18' <Predicate = true> <Delay = 3.25> <Core = "ROM_nP">   --->   Core 52 'ROM_nP' <Latency = 1> <II = 1> <Delay = 3.25> <Storage> <Opcode : 'load'> <Ports = 0> <Width = 16> <Depth = 9408> <ROM>

State 97 <SV = 95> <Delay = 7.61>
ST_97 : Operation 773 [5/5] (7.61ns)   --->   "%acc_17 = fadd half %acc_16, %tmp_92_17" [main_5_slices.cpp:109]   --->   Operation 773 'hadd' 'acc_17' <Predicate = true> <Delay = 7.61> <Core = "HAddSub">   --->   Core 90 'HAddSub' <Latency = 4> <II = 1> <Delay = 7.61> <FuncUnit> <Opcode : 'hadd' 'hsub'> <InPorts = 2> <OutPorts = 1>
ST_97 : Operation 774 [1/2] (3.25ns)   --->   "%X_slice3_load_18 = load half* %X_slice3_addr_18, align 4" [main_5_slices.cpp:109]   --->   Operation 774 'load' 'X_slice3_load_18' <Predicate = true> <Delay = 3.25> <Core = "ROM_nP">   --->   Core 52 'ROM_nP' <Latency = 1> <II = 1> <Delay = 3.25> <Storage> <Opcode : 'load'> <Ports = 0> <Width = 16> <Depth = 9408> <ROM>

State 98 <SV = 96> <Delay = 7.86>
ST_98 : Operation 775 [4/5] (7.61ns)   --->   "%acc_17 = fadd half %acc_16, %tmp_92_17" [main_5_slices.cpp:109]   --->   Operation 775 'hadd' 'acc_17' <Predicate = true> <Delay = 7.61> <Core = "HAddSub">   --->   Core 90 'HAddSub' <Latency = 4> <II = 1> <Delay = 7.61> <FuncUnit> <Opcode : 'hadd' 'hsub'> <InPorts = 2> <OutPorts = 1>
ST_98 : Operation 776 [1/1] (0.00ns)   --->   "%or_ln109_129 = or i13 %add_ln, 576" [main_5_slices.cpp:109]   --->   Operation 776 'or' 'or_ln109_129' <Predicate = true> <Delay = 0.00>
ST_98 : Operation 777 [1/1] (0.00ns)   --->   "%zext_ln109_222 = zext i13 %or_ln109_129 to i64" [main_5_slices.cpp:109]   --->   Operation 777 'zext' 'zext_ln109_222' <Predicate = true> <Delay = 0.00>
ST_98 : Operation 778 [1/1] (0.00ns)   --->   "%ConvW3_addr_18 = getelementptr [7168 x half]* @ConvW3, i64 0, i64 %zext_ln109_222" [main_5_slices.cpp:109]   --->   Operation 778 'getelementptr' 'ConvW3_addr_18' <Predicate = true> <Delay = 0.00>
ST_98 : Operation 779 [1/1] (1.00ns)   --->   "%ConvW3_load_18 = load half* %ConvW3_addr_18, align 2" [main_5_slices.cpp:109]   --->   Operation 779 'load' 'ConvW3_load_18' <Predicate = true> <Delay = 1.00> <Core = "Register">   --->   Core 77 'Register' <Latency = 0> <II = 1> <Delay = 1.00> <Storage> <Opcode : 'load' 'store'> <Ports = 0> <Width = 16> <Depth = 1> <Register>
ST_98 : Operation 780 [4/4] (6.86ns)   --->   "%tmp_92_18 = fmul half %X_slice3_load_18, %ConvW3_load_18" [main_5_slices.cpp:109]   --->   Operation 780 'hmul' 'tmp_92_18' <Predicate = true> <Delay = 6.86> <Core = "HMul">   --->   Core 91 'HMul' <Latency = 3> <II = 1> <Delay = 6.86> <FuncUnit> <Opcode : 'hmul'> <InPorts = 2> <OutPorts = 1>

State 99 <SV = 97> <Delay = 7.61>
ST_99 : Operation 781 [3/5] (7.61ns)   --->   "%acc_17 = fadd half %acc_16, %tmp_92_17" [main_5_slices.cpp:109]   --->   Operation 781 'hadd' 'acc_17' <Predicate = true> <Delay = 7.61> <Core = "HAddSub">   --->   Core 90 'HAddSub' <Latency = 4> <II = 1> <Delay = 7.61> <FuncUnit> <Opcode : 'hadd' 'hsub'> <InPorts = 2> <OutPorts = 1>
ST_99 : Operation 782 [3/4] (6.86ns)   --->   "%tmp_92_18 = fmul half %X_slice3_load_18, %ConvW3_load_18" [main_5_slices.cpp:109]   --->   Operation 782 'hmul' 'tmp_92_18' <Predicate = true> <Delay = 6.86> <Core = "HMul">   --->   Core 91 'HMul' <Latency = 3> <II = 1> <Delay = 6.86> <FuncUnit> <Opcode : 'hmul'> <InPorts = 2> <OutPorts = 1>

State 100 <SV = 98> <Delay = 7.61>
ST_100 : Operation 783 [2/5] (7.61ns)   --->   "%acc_17 = fadd half %acc_16, %tmp_92_17" [main_5_slices.cpp:109]   --->   Operation 783 'hadd' 'acc_17' <Predicate = true> <Delay = 7.61> <Core = "HAddSub">   --->   Core 90 'HAddSub' <Latency = 4> <II = 1> <Delay = 7.61> <FuncUnit> <Opcode : 'hadd' 'hsub'> <InPorts = 2> <OutPorts = 1>
ST_100 : Operation 784 [2/4] (6.86ns)   --->   "%tmp_92_18 = fmul half %X_slice3_load_18, %ConvW3_load_18" [main_5_slices.cpp:109]   --->   Operation 784 'hmul' 'tmp_92_18' <Predicate = true> <Delay = 6.86> <Core = "HMul">   --->   Core 91 'HMul' <Latency = 3> <II = 1> <Delay = 6.86> <FuncUnit> <Opcode : 'hmul'> <InPorts = 2> <OutPorts = 1>

State 101 <SV = 99> <Delay = 7.61>
ST_101 : Operation 785 [1/5] (7.61ns)   --->   "%acc_17 = fadd half %acc_16, %tmp_92_17" [main_5_slices.cpp:109]   --->   Operation 785 'hadd' 'acc_17' <Predicate = true> <Delay = 7.61> <Core = "HAddSub">   --->   Core 90 'HAddSub' <Latency = 4> <II = 1> <Delay = 7.61> <FuncUnit> <Opcode : 'hadd' 'hsub'> <InPorts = 2> <OutPorts = 1>
ST_101 : Operation 786 [1/4] (6.86ns)   --->   "%tmp_92_18 = fmul half %X_slice3_load_18, %ConvW3_load_18" [main_5_slices.cpp:109]   --->   Operation 786 'hmul' 'tmp_92_18' <Predicate = true> <Delay = 6.86> <Core = "HMul">   --->   Core 91 'HMul' <Latency = 3> <II = 1> <Delay = 6.86> <FuncUnit> <Opcode : 'hmul'> <InPorts = 2> <OutPorts = 1>
ST_101 : Operation 787 [1/1] (0.00ns)   --->   "%or_ln109_108 = or i14 %shl_ln7, 19" [main_5_slices.cpp:109]   --->   Operation 787 'or' 'or_ln109_108' <Predicate = true> <Delay = 0.00>
ST_101 : Operation 788 [1/1] (0.00ns)   --->   "%zext_ln109_223 = zext i14 %or_ln109_108 to i64" [main_5_slices.cpp:109]   --->   Operation 788 'zext' 'zext_ln109_223' <Predicate = true> <Delay = 0.00>
ST_101 : Operation 789 [1/1] (0.00ns)   --->   "%X_slice3_addr_19 = getelementptr [9408 x half]* @X_slice3, i64 0, i64 %zext_ln109_223" [main_5_slices.cpp:109]   --->   Operation 789 'getelementptr' 'X_slice3_addr_19' <Predicate = true> <Delay = 0.00>
ST_101 : Operation 790 [2/2] (3.25ns)   --->   "%X_slice3_load_19 = load half* %X_slice3_addr_19, align 2" [main_5_slices.cpp:109]   --->   Operation 790 'load' 'X_slice3_load_19' <Predicate = true> <Delay = 3.25> <Core = "ROM_nP">   --->   Core 52 'ROM_nP' <Latency = 1> <II = 1> <Delay = 3.25> <Storage> <Opcode : 'load'> <Ports = 0> <Width = 16> <Depth = 9408> <ROM>

State 102 <SV = 100> <Delay = 7.61>
ST_102 : Operation 791 [5/5] (7.61ns)   --->   "%acc_18 = fadd half %acc_17, %tmp_92_18" [main_5_slices.cpp:109]   --->   Operation 791 'hadd' 'acc_18' <Predicate = true> <Delay = 7.61> <Core = "HAddSub">   --->   Core 90 'HAddSub' <Latency = 4> <II = 1> <Delay = 7.61> <FuncUnit> <Opcode : 'hadd' 'hsub'> <InPorts = 2> <OutPorts = 1>
ST_102 : Operation 792 [1/2] (3.25ns)   --->   "%X_slice3_load_19 = load half* %X_slice3_addr_19, align 2" [main_5_slices.cpp:109]   --->   Operation 792 'load' 'X_slice3_load_19' <Predicate = true> <Delay = 3.25> <Core = "ROM_nP">   --->   Core 52 'ROM_nP' <Latency = 1> <II = 1> <Delay = 3.25> <Storage> <Opcode : 'load'> <Ports = 0> <Width = 16> <Depth = 9408> <ROM>
ST_102 : Operation 793 [1/1] (1.67ns)   --->   "%add_ln109_54 = add i13 %add_ln, 608" [main_5_slices.cpp:109]   --->   Operation 793 'add' 'add_ln109_54' <Predicate = true> <Delay = 1.67> <Core = "AddSub">   --->   Core 14 'AddSub' <Latency = 0> <II = 1> <Delay = 2.55> <FuncUnit> <Opcode : 'add' 'sub'> <InPorts = 2> <OutPorts = 1>

State 103 <SV = 101> <Delay = 7.86>
ST_103 : Operation 794 [4/5] (7.61ns)   --->   "%acc_18 = fadd half %acc_17, %tmp_92_18" [main_5_slices.cpp:109]   --->   Operation 794 'hadd' 'acc_18' <Predicate = true> <Delay = 7.61> <Core = "HAddSub">   --->   Core 90 'HAddSub' <Latency = 4> <II = 1> <Delay = 7.61> <FuncUnit> <Opcode : 'hadd' 'hsub'> <InPorts = 2> <OutPorts = 1>
ST_103 : Operation 795 [1/1] (0.00ns)   --->   "%zext_ln109_224 = zext i13 %add_ln109_54 to i64" [main_5_slices.cpp:109]   --->   Operation 795 'zext' 'zext_ln109_224' <Predicate = true> <Delay = 0.00>
ST_103 : Operation 796 [1/1] (0.00ns)   --->   "%ConvW3_addr_19 = getelementptr [7168 x half]* @ConvW3, i64 0, i64 %zext_ln109_224" [main_5_slices.cpp:109]   --->   Operation 796 'getelementptr' 'ConvW3_addr_19' <Predicate = true> <Delay = 0.00>
ST_103 : Operation 797 [1/1] (1.00ns)   --->   "%ConvW3_load_19 = load half* %ConvW3_addr_19, align 2" [main_5_slices.cpp:109]   --->   Operation 797 'load' 'ConvW3_load_19' <Predicate = true> <Delay = 1.00> <Core = "Register">   --->   Core 77 'Register' <Latency = 0> <II = 1> <Delay = 1.00> <Storage> <Opcode : 'load' 'store'> <Ports = 0> <Width = 16> <Depth = 1> <Register>
ST_103 : Operation 798 [4/4] (6.86ns)   --->   "%tmp_92_19 = fmul half %X_slice3_load_19, %ConvW3_load_19" [main_5_slices.cpp:109]   --->   Operation 798 'hmul' 'tmp_92_19' <Predicate = true> <Delay = 6.86> <Core = "HMul">   --->   Core 91 'HMul' <Latency = 3> <II = 1> <Delay = 6.86> <FuncUnit> <Opcode : 'hmul'> <InPorts = 2> <OutPorts = 1>

State 104 <SV = 102> <Delay = 7.61>
ST_104 : Operation 799 [3/5] (7.61ns)   --->   "%acc_18 = fadd half %acc_17, %tmp_92_18" [main_5_slices.cpp:109]   --->   Operation 799 'hadd' 'acc_18' <Predicate = true> <Delay = 7.61> <Core = "HAddSub">   --->   Core 90 'HAddSub' <Latency = 4> <II = 1> <Delay = 7.61> <FuncUnit> <Opcode : 'hadd' 'hsub'> <InPorts = 2> <OutPorts = 1>
ST_104 : Operation 800 [3/4] (6.86ns)   --->   "%tmp_92_19 = fmul half %X_slice3_load_19, %ConvW3_load_19" [main_5_slices.cpp:109]   --->   Operation 800 'hmul' 'tmp_92_19' <Predicate = true> <Delay = 6.86> <Core = "HMul">   --->   Core 91 'HMul' <Latency = 3> <II = 1> <Delay = 6.86> <FuncUnit> <Opcode : 'hmul'> <InPorts = 2> <OutPorts = 1>

State 105 <SV = 103> <Delay = 7.61>
ST_105 : Operation 801 [2/5] (7.61ns)   --->   "%acc_18 = fadd half %acc_17, %tmp_92_18" [main_5_slices.cpp:109]   --->   Operation 801 'hadd' 'acc_18' <Predicate = true> <Delay = 7.61> <Core = "HAddSub">   --->   Core 90 'HAddSub' <Latency = 4> <II = 1> <Delay = 7.61> <FuncUnit> <Opcode : 'hadd' 'hsub'> <InPorts = 2> <OutPorts = 1>
ST_105 : Operation 802 [2/4] (6.86ns)   --->   "%tmp_92_19 = fmul half %X_slice3_load_19, %ConvW3_load_19" [main_5_slices.cpp:109]   --->   Operation 802 'hmul' 'tmp_92_19' <Predicate = true> <Delay = 6.86> <Core = "HMul">   --->   Core 91 'HMul' <Latency = 3> <II = 1> <Delay = 6.86> <FuncUnit> <Opcode : 'hmul'> <InPorts = 2> <OutPorts = 1>

State 106 <SV = 104> <Delay = 7.61>
ST_106 : Operation 803 [1/5] (7.61ns)   --->   "%acc_18 = fadd half %acc_17, %tmp_92_18" [main_5_slices.cpp:109]   --->   Operation 803 'hadd' 'acc_18' <Predicate = true> <Delay = 7.61> <Core = "HAddSub">   --->   Core 90 'HAddSub' <Latency = 4> <II = 1> <Delay = 7.61> <FuncUnit> <Opcode : 'hadd' 'hsub'> <InPorts = 2> <OutPorts = 1>
ST_106 : Operation 804 [1/4] (6.86ns)   --->   "%tmp_92_19 = fmul half %X_slice3_load_19, %ConvW3_load_19" [main_5_slices.cpp:109]   --->   Operation 804 'hmul' 'tmp_92_19' <Predicate = true> <Delay = 6.86> <Core = "HMul">   --->   Core 91 'HMul' <Latency = 3> <II = 1> <Delay = 6.86> <FuncUnit> <Opcode : 'hmul'> <InPorts = 2> <OutPorts = 1>
ST_106 : Operation 805 [1/1] (0.00ns)   --->   "%or_ln109_109 = or i14 %shl_ln7, 20" [main_5_slices.cpp:109]   --->   Operation 805 'or' 'or_ln109_109' <Predicate = true> <Delay = 0.00>
ST_106 : Operation 806 [1/1] (0.00ns)   --->   "%zext_ln109_225 = zext i14 %or_ln109_109 to i64" [main_5_slices.cpp:109]   --->   Operation 806 'zext' 'zext_ln109_225' <Predicate = true> <Delay = 0.00>
ST_106 : Operation 807 [1/1] (0.00ns)   --->   "%X_slice3_addr_20 = getelementptr [9408 x half]* @X_slice3, i64 0, i64 %zext_ln109_225" [main_5_slices.cpp:109]   --->   Operation 807 'getelementptr' 'X_slice3_addr_20' <Predicate = true> <Delay = 0.00>
ST_106 : Operation 808 [2/2] (3.25ns)   --->   "%X_slice3_load_20 = load half* %X_slice3_addr_20, align 8" [main_5_slices.cpp:109]   --->   Operation 808 'load' 'X_slice3_load_20' <Predicate = true> <Delay = 3.25> <Core = "ROM_nP">   --->   Core 52 'ROM_nP' <Latency = 1> <II = 1> <Delay = 3.25> <Storage> <Opcode : 'load'> <Ports = 0> <Width = 16> <Depth = 9408> <ROM>

State 107 <SV = 105> <Delay = 7.61>
ST_107 : Operation 809 [5/5] (7.61ns)   --->   "%acc_19 = fadd half %acc_18, %tmp_92_19" [main_5_slices.cpp:109]   --->   Operation 809 'hadd' 'acc_19' <Predicate = true> <Delay = 7.61> <Core = "HAddSub">   --->   Core 90 'HAddSub' <Latency = 4> <II = 1> <Delay = 7.61> <FuncUnit> <Opcode : 'hadd' 'hsub'> <InPorts = 2> <OutPorts = 1>
ST_107 : Operation 810 [1/2] (3.25ns)   --->   "%X_slice3_load_20 = load half* %X_slice3_addr_20, align 8" [main_5_slices.cpp:109]   --->   Operation 810 'load' 'X_slice3_load_20' <Predicate = true> <Delay = 3.25> <Core = "ROM_nP">   --->   Core 52 'ROM_nP' <Latency = 1> <II = 1> <Delay = 3.25> <Storage> <Opcode : 'load'> <Ports = 0> <Width = 16> <Depth = 9408> <ROM>

State 108 <SV = 106> <Delay = 7.86>
ST_108 : Operation 811 [4/5] (7.61ns)   --->   "%acc_19 = fadd half %acc_18, %tmp_92_19" [main_5_slices.cpp:109]   --->   Operation 811 'hadd' 'acc_19' <Predicate = true> <Delay = 7.61> <Core = "HAddSub">   --->   Core 90 'HAddSub' <Latency = 4> <II = 1> <Delay = 7.61> <FuncUnit> <Opcode : 'hadd' 'hsub'> <InPorts = 2> <OutPorts = 1>
ST_108 : Operation 812 [1/1] (0.00ns)   --->   "%or_ln109_130 = or i13 %add_ln, 640" [main_5_slices.cpp:109]   --->   Operation 812 'or' 'or_ln109_130' <Predicate = true> <Delay = 0.00>
ST_108 : Operation 813 [1/1] (0.00ns)   --->   "%zext_ln109_226 = zext i13 %or_ln109_130 to i64" [main_5_slices.cpp:109]   --->   Operation 813 'zext' 'zext_ln109_226' <Predicate = true> <Delay = 0.00>
ST_108 : Operation 814 [1/1] (0.00ns)   --->   "%ConvW3_addr_20 = getelementptr [7168 x half]* @ConvW3, i64 0, i64 %zext_ln109_226" [main_5_slices.cpp:109]   --->   Operation 814 'getelementptr' 'ConvW3_addr_20' <Predicate = true> <Delay = 0.00>
ST_108 : Operation 815 [1/1] (1.00ns)   --->   "%ConvW3_load_20 = load half* %ConvW3_addr_20, align 2" [main_5_slices.cpp:109]   --->   Operation 815 'load' 'ConvW3_load_20' <Predicate = true> <Delay = 1.00> <Core = "Register">   --->   Core 77 'Register' <Latency = 0> <II = 1> <Delay = 1.00> <Storage> <Opcode : 'load' 'store'> <Ports = 0> <Width = 16> <Depth = 1> <Register>
ST_108 : Operation 816 [4/4] (6.86ns)   --->   "%tmp_92_20 = fmul half %X_slice3_load_20, %ConvW3_load_20" [main_5_slices.cpp:109]   --->   Operation 816 'hmul' 'tmp_92_20' <Predicate = true> <Delay = 6.86> <Core = "HMul">   --->   Core 91 'HMul' <Latency = 3> <II = 1> <Delay = 6.86> <FuncUnit> <Opcode : 'hmul'> <InPorts = 2> <OutPorts = 1>

State 109 <SV = 107> <Delay = 7.61>
ST_109 : Operation 817 [3/5] (7.61ns)   --->   "%acc_19 = fadd half %acc_18, %tmp_92_19" [main_5_slices.cpp:109]   --->   Operation 817 'hadd' 'acc_19' <Predicate = true> <Delay = 7.61> <Core = "HAddSub">   --->   Core 90 'HAddSub' <Latency = 4> <II = 1> <Delay = 7.61> <FuncUnit> <Opcode : 'hadd' 'hsub'> <InPorts = 2> <OutPorts = 1>
ST_109 : Operation 818 [3/4] (6.86ns)   --->   "%tmp_92_20 = fmul half %X_slice3_load_20, %ConvW3_load_20" [main_5_slices.cpp:109]   --->   Operation 818 'hmul' 'tmp_92_20' <Predicate = true> <Delay = 6.86> <Core = "HMul">   --->   Core 91 'HMul' <Latency = 3> <II = 1> <Delay = 6.86> <FuncUnit> <Opcode : 'hmul'> <InPorts = 2> <OutPorts = 1>

State 110 <SV = 108> <Delay = 7.61>
ST_110 : Operation 819 [2/5] (7.61ns)   --->   "%acc_19 = fadd half %acc_18, %tmp_92_19" [main_5_slices.cpp:109]   --->   Operation 819 'hadd' 'acc_19' <Predicate = true> <Delay = 7.61> <Core = "HAddSub">   --->   Core 90 'HAddSub' <Latency = 4> <II = 1> <Delay = 7.61> <FuncUnit> <Opcode : 'hadd' 'hsub'> <InPorts = 2> <OutPorts = 1>
ST_110 : Operation 820 [2/4] (6.86ns)   --->   "%tmp_92_20 = fmul half %X_slice3_load_20, %ConvW3_load_20" [main_5_slices.cpp:109]   --->   Operation 820 'hmul' 'tmp_92_20' <Predicate = true> <Delay = 6.86> <Core = "HMul">   --->   Core 91 'HMul' <Latency = 3> <II = 1> <Delay = 6.86> <FuncUnit> <Opcode : 'hmul'> <InPorts = 2> <OutPorts = 1>

State 111 <SV = 109> <Delay = 7.61>
ST_111 : Operation 821 [1/5] (7.61ns)   --->   "%acc_19 = fadd half %acc_18, %tmp_92_19" [main_5_slices.cpp:109]   --->   Operation 821 'hadd' 'acc_19' <Predicate = true> <Delay = 7.61> <Core = "HAddSub">   --->   Core 90 'HAddSub' <Latency = 4> <II = 1> <Delay = 7.61> <FuncUnit> <Opcode : 'hadd' 'hsub'> <InPorts = 2> <OutPorts = 1>
ST_111 : Operation 822 [1/4] (6.86ns)   --->   "%tmp_92_20 = fmul half %X_slice3_load_20, %ConvW3_load_20" [main_5_slices.cpp:109]   --->   Operation 822 'hmul' 'tmp_92_20' <Predicate = true> <Delay = 6.86> <Core = "HMul">   --->   Core 91 'HMul' <Latency = 3> <II = 1> <Delay = 6.86> <FuncUnit> <Opcode : 'hmul'> <InPorts = 2> <OutPorts = 1>
ST_111 : Operation 823 [1/1] (0.00ns)   --->   "%or_ln109_110 = or i14 %shl_ln7, 21" [main_5_slices.cpp:109]   --->   Operation 823 'or' 'or_ln109_110' <Predicate = true> <Delay = 0.00>
ST_111 : Operation 824 [1/1] (0.00ns)   --->   "%zext_ln109_227 = zext i14 %or_ln109_110 to i64" [main_5_slices.cpp:109]   --->   Operation 824 'zext' 'zext_ln109_227' <Predicate = true> <Delay = 0.00>
ST_111 : Operation 825 [1/1] (0.00ns)   --->   "%X_slice3_addr_21 = getelementptr [9408 x half]* @X_slice3, i64 0, i64 %zext_ln109_227" [main_5_slices.cpp:109]   --->   Operation 825 'getelementptr' 'X_slice3_addr_21' <Predicate = true> <Delay = 0.00>
ST_111 : Operation 826 [2/2] (3.25ns)   --->   "%X_slice3_load_21 = load half* %X_slice3_addr_21, align 2" [main_5_slices.cpp:109]   --->   Operation 826 'load' 'X_slice3_load_21' <Predicate = true> <Delay = 3.25> <Core = "ROM_nP">   --->   Core 52 'ROM_nP' <Latency = 1> <II = 1> <Delay = 3.25> <Storage> <Opcode : 'load'> <Ports = 0> <Width = 16> <Depth = 9408> <ROM>

State 112 <SV = 110> <Delay = 7.61>
ST_112 : Operation 827 [5/5] (7.61ns)   --->   "%acc_20 = fadd half %acc_19, %tmp_92_20" [main_5_slices.cpp:109]   --->   Operation 827 'hadd' 'acc_20' <Predicate = true> <Delay = 7.61> <Core = "HAddSub">   --->   Core 90 'HAddSub' <Latency = 4> <II = 1> <Delay = 7.61> <FuncUnit> <Opcode : 'hadd' 'hsub'> <InPorts = 2> <OutPorts = 1>
ST_112 : Operation 828 [1/2] (3.25ns)   --->   "%X_slice3_load_21 = load half* %X_slice3_addr_21, align 2" [main_5_slices.cpp:109]   --->   Operation 828 'load' 'X_slice3_load_21' <Predicate = true> <Delay = 3.25> <Core = "ROM_nP">   --->   Core 52 'ROM_nP' <Latency = 1> <II = 1> <Delay = 3.25> <Storage> <Opcode : 'load'> <Ports = 0> <Width = 16> <Depth = 9408> <ROM>
ST_112 : Operation 829 [1/1] (1.67ns)   --->   "%add_ln109_55 = add i13 %add_ln, 672" [main_5_slices.cpp:109]   --->   Operation 829 'add' 'add_ln109_55' <Predicate = true> <Delay = 1.67> <Core = "AddSub">   --->   Core 14 'AddSub' <Latency = 0> <II = 1> <Delay = 2.55> <FuncUnit> <Opcode : 'add' 'sub'> <InPorts = 2> <OutPorts = 1>

State 113 <SV = 111> <Delay = 7.86>
ST_113 : Operation 830 [4/5] (7.61ns)   --->   "%acc_20 = fadd half %acc_19, %tmp_92_20" [main_5_slices.cpp:109]   --->   Operation 830 'hadd' 'acc_20' <Predicate = true> <Delay = 7.61> <Core = "HAddSub">   --->   Core 90 'HAddSub' <Latency = 4> <II = 1> <Delay = 7.61> <FuncUnit> <Opcode : 'hadd' 'hsub'> <InPorts = 2> <OutPorts = 1>
ST_113 : Operation 831 [1/1] (0.00ns)   --->   "%zext_ln109_228 = zext i13 %add_ln109_55 to i64" [main_5_slices.cpp:109]   --->   Operation 831 'zext' 'zext_ln109_228' <Predicate = true> <Delay = 0.00>
ST_113 : Operation 832 [1/1] (0.00ns)   --->   "%ConvW3_addr_21 = getelementptr [7168 x half]* @ConvW3, i64 0, i64 %zext_ln109_228" [main_5_slices.cpp:109]   --->   Operation 832 'getelementptr' 'ConvW3_addr_21' <Predicate = true> <Delay = 0.00>
ST_113 : Operation 833 [1/1] (1.00ns)   --->   "%ConvW3_load_21 = load half* %ConvW3_addr_21, align 2" [main_5_slices.cpp:109]   --->   Operation 833 'load' 'ConvW3_load_21' <Predicate = true> <Delay = 1.00> <Core = "Register">   --->   Core 77 'Register' <Latency = 0> <II = 1> <Delay = 1.00> <Storage> <Opcode : 'load' 'store'> <Ports = 0> <Width = 16> <Depth = 1> <Register>
ST_113 : Operation 834 [4/4] (6.86ns)   --->   "%tmp_92_21 = fmul half %X_slice3_load_21, %ConvW3_load_21" [main_5_slices.cpp:109]   --->   Operation 834 'hmul' 'tmp_92_21' <Predicate = true> <Delay = 6.86> <Core = "HMul">   --->   Core 91 'HMul' <Latency = 3> <II = 1> <Delay = 6.86> <FuncUnit> <Opcode : 'hmul'> <InPorts = 2> <OutPorts = 1>

State 114 <SV = 112> <Delay = 7.61>
ST_114 : Operation 835 [3/5] (7.61ns)   --->   "%acc_20 = fadd half %acc_19, %tmp_92_20" [main_5_slices.cpp:109]   --->   Operation 835 'hadd' 'acc_20' <Predicate = true> <Delay = 7.61> <Core = "HAddSub">   --->   Core 90 'HAddSub' <Latency = 4> <II = 1> <Delay = 7.61> <FuncUnit> <Opcode : 'hadd' 'hsub'> <InPorts = 2> <OutPorts = 1>
ST_114 : Operation 836 [3/4] (6.86ns)   --->   "%tmp_92_21 = fmul half %X_slice3_load_21, %ConvW3_load_21" [main_5_slices.cpp:109]   --->   Operation 836 'hmul' 'tmp_92_21' <Predicate = true> <Delay = 6.86> <Core = "HMul">   --->   Core 91 'HMul' <Latency = 3> <II = 1> <Delay = 6.86> <FuncUnit> <Opcode : 'hmul'> <InPorts = 2> <OutPorts = 1>

State 115 <SV = 113> <Delay = 7.61>
ST_115 : Operation 837 [2/5] (7.61ns)   --->   "%acc_20 = fadd half %acc_19, %tmp_92_20" [main_5_slices.cpp:109]   --->   Operation 837 'hadd' 'acc_20' <Predicate = true> <Delay = 7.61> <Core = "HAddSub">   --->   Core 90 'HAddSub' <Latency = 4> <II = 1> <Delay = 7.61> <FuncUnit> <Opcode : 'hadd' 'hsub'> <InPorts = 2> <OutPorts = 1>
ST_115 : Operation 838 [2/4] (6.86ns)   --->   "%tmp_92_21 = fmul half %X_slice3_load_21, %ConvW3_load_21" [main_5_slices.cpp:109]   --->   Operation 838 'hmul' 'tmp_92_21' <Predicate = true> <Delay = 6.86> <Core = "HMul">   --->   Core 91 'HMul' <Latency = 3> <II = 1> <Delay = 6.86> <FuncUnit> <Opcode : 'hmul'> <InPorts = 2> <OutPorts = 1>

State 116 <SV = 114> <Delay = 7.61>
ST_116 : Operation 839 [1/5] (7.61ns)   --->   "%acc_20 = fadd half %acc_19, %tmp_92_20" [main_5_slices.cpp:109]   --->   Operation 839 'hadd' 'acc_20' <Predicate = true> <Delay = 7.61> <Core = "HAddSub">   --->   Core 90 'HAddSub' <Latency = 4> <II = 1> <Delay = 7.61> <FuncUnit> <Opcode : 'hadd' 'hsub'> <InPorts = 2> <OutPorts = 1>
ST_116 : Operation 840 [1/4] (6.86ns)   --->   "%tmp_92_21 = fmul half %X_slice3_load_21, %ConvW3_load_21" [main_5_slices.cpp:109]   --->   Operation 840 'hmul' 'tmp_92_21' <Predicate = true> <Delay = 6.86> <Core = "HMul">   --->   Core 91 'HMul' <Latency = 3> <II = 1> <Delay = 6.86> <FuncUnit> <Opcode : 'hmul'> <InPorts = 2> <OutPorts = 1>
ST_116 : Operation 841 [1/1] (0.00ns)   --->   "%or_ln109_111 = or i14 %shl_ln7, 22" [main_5_slices.cpp:109]   --->   Operation 841 'or' 'or_ln109_111' <Predicate = true> <Delay = 0.00>
ST_116 : Operation 842 [1/1] (0.00ns)   --->   "%zext_ln109_229 = zext i14 %or_ln109_111 to i64" [main_5_slices.cpp:109]   --->   Operation 842 'zext' 'zext_ln109_229' <Predicate = true> <Delay = 0.00>
ST_116 : Operation 843 [1/1] (0.00ns)   --->   "%X_slice3_addr_22 = getelementptr [9408 x half]* @X_slice3, i64 0, i64 %zext_ln109_229" [main_5_slices.cpp:109]   --->   Operation 843 'getelementptr' 'X_slice3_addr_22' <Predicate = true> <Delay = 0.00>
ST_116 : Operation 844 [2/2] (3.25ns)   --->   "%X_slice3_load_22 = load half* %X_slice3_addr_22, align 4" [main_5_slices.cpp:109]   --->   Operation 844 'load' 'X_slice3_load_22' <Predicate = true> <Delay = 3.25> <Core = "ROM_nP">   --->   Core 52 'ROM_nP' <Latency = 1> <II = 1> <Delay = 3.25> <Storage> <Opcode : 'load'> <Ports = 0> <Width = 16> <Depth = 9408> <ROM>

State 117 <SV = 115> <Delay = 7.61>
ST_117 : Operation 845 [5/5] (7.61ns)   --->   "%acc_21 = fadd half %acc_20, %tmp_92_21" [main_5_slices.cpp:109]   --->   Operation 845 'hadd' 'acc_21' <Predicate = true> <Delay = 7.61> <Core = "HAddSub">   --->   Core 90 'HAddSub' <Latency = 4> <II = 1> <Delay = 7.61> <FuncUnit> <Opcode : 'hadd' 'hsub'> <InPorts = 2> <OutPorts = 1>
ST_117 : Operation 846 [1/2] (3.25ns)   --->   "%X_slice3_load_22 = load half* %X_slice3_addr_22, align 4" [main_5_slices.cpp:109]   --->   Operation 846 'load' 'X_slice3_load_22' <Predicate = true> <Delay = 3.25> <Core = "ROM_nP">   --->   Core 52 'ROM_nP' <Latency = 1> <II = 1> <Delay = 3.25> <Storage> <Opcode : 'load'> <Ports = 0> <Width = 16> <Depth = 9408> <ROM>

State 118 <SV = 116> <Delay = 7.86>
ST_118 : Operation 847 [4/5] (7.61ns)   --->   "%acc_21 = fadd half %acc_20, %tmp_92_21" [main_5_slices.cpp:109]   --->   Operation 847 'hadd' 'acc_21' <Predicate = true> <Delay = 7.61> <Core = "HAddSub">   --->   Core 90 'HAddSub' <Latency = 4> <II = 1> <Delay = 7.61> <FuncUnit> <Opcode : 'hadd' 'hsub'> <InPorts = 2> <OutPorts = 1>
ST_118 : Operation 848 [1/1] (0.00ns)   --->   "%or_ln109_131 = or i13 %add_ln, 704" [main_5_slices.cpp:109]   --->   Operation 848 'or' 'or_ln109_131' <Predicate = true> <Delay = 0.00>
ST_118 : Operation 849 [1/1] (0.00ns)   --->   "%zext_ln109_230 = zext i13 %or_ln109_131 to i64" [main_5_slices.cpp:109]   --->   Operation 849 'zext' 'zext_ln109_230' <Predicate = true> <Delay = 0.00>
ST_118 : Operation 850 [1/1] (0.00ns)   --->   "%ConvW3_addr_22 = getelementptr [7168 x half]* @ConvW3, i64 0, i64 %zext_ln109_230" [main_5_slices.cpp:109]   --->   Operation 850 'getelementptr' 'ConvW3_addr_22' <Predicate = true> <Delay = 0.00>
ST_118 : Operation 851 [1/1] (1.00ns)   --->   "%ConvW3_load_22 = load half* %ConvW3_addr_22, align 2" [main_5_slices.cpp:109]   --->   Operation 851 'load' 'ConvW3_load_22' <Predicate = true> <Delay = 1.00> <Core = "Register">   --->   Core 77 'Register' <Latency = 0> <II = 1> <Delay = 1.00> <Storage> <Opcode : 'load' 'store'> <Ports = 0> <Width = 16> <Depth = 1> <Register>
ST_118 : Operation 852 [4/4] (6.86ns)   --->   "%tmp_92_22 = fmul half %X_slice3_load_22, %ConvW3_load_22" [main_5_slices.cpp:109]   --->   Operation 852 'hmul' 'tmp_92_22' <Predicate = true> <Delay = 6.86> <Core = "HMul">   --->   Core 91 'HMul' <Latency = 3> <II = 1> <Delay = 6.86> <FuncUnit> <Opcode : 'hmul'> <InPorts = 2> <OutPorts = 1>

State 119 <SV = 117> <Delay = 7.61>
ST_119 : Operation 853 [3/5] (7.61ns)   --->   "%acc_21 = fadd half %acc_20, %tmp_92_21" [main_5_slices.cpp:109]   --->   Operation 853 'hadd' 'acc_21' <Predicate = true> <Delay = 7.61> <Core = "HAddSub">   --->   Core 90 'HAddSub' <Latency = 4> <II = 1> <Delay = 7.61> <FuncUnit> <Opcode : 'hadd' 'hsub'> <InPorts = 2> <OutPorts = 1>
ST_119 : Operation 854 [3/4] (6.86ns)   --->   "%tmp_92_22 = fmul half %X_slice3_load_22, %ConvW3_load_22" [main_5_slices.cpp:109]   --->   Operation 854 'hmul' 'tmp_92_22' <Predicate = true> <Delay = 6.86> <Core = "HMul">   --->   Core 91 'HMul' <Latency = 3> <II = 1> <Delay = 6.86> <FuncUnit> <Opcode : 'hmul'> <InPorts = 2> <OutPorts = 1>

State 120 <SV = 118> <Delay = 7.61>
ST_120 : Operation 855 [2/5] (7.61ns)   --->   "%acc_21 = fadd half %acc_20, %tmp_92_21" [main_5_slices.cpp:109]   --->   Operation 855 'hadd' 'acc_21' <Predicate = true> <Delay = 7.61> <Core = "HAddSub">   --->   Core 90 'HAddSub' <Latency = 4> <II = 1> <Delay = 7.61> <FuncUnit> <Opcode : 'hadd' 'hsub'> <InPorts = 2> <OutPorts = 1>
ST_120 : Operation 856 [2/4] (6.86ns)   --->   "%tmp_92_22 = fmul half %X_slice3_load_22, %ConvW3_load_22" [main_5_slices.cpp:109]   --->   Operation 856 'hmul' 'tmp_92_22' <Predicate = true> <Delay = 6.86> <Core = "HMul">   --->   Core 91 'HMul' <Latency = 3> <II = 1> <Delay = 6.86> <FuncUnit> <Opcode : 'hmul'> <InPorts = 2> <OutPorts = 1>

State 121 <SV = 119> <Delay = 7.61>
ST_121 : Operation 857 [1/5] (7.61ns)   --->   "%acc_21 = fadd half %acc_20, %tmp_92_21" [main_5_slices.cpp:109]   --->   Operation 857 'hadd' 'acc_21' <Predicate = true> <Delay = 7.61> <Core = "HAddSub">   --->   Core 90 'HAddSub' <Latency = 4> <II = 1> <Delay = 7.61> <FuncUnit> <Opcode : 'hadd' 'hsub'> <InPorts = 2> <OutPorts = 1>
ST_121 : Operation 858 [1/4] (6.86ns)   --->   "%tmp_92_22 = fmul half %X_slice3_load_22, %ConvW3_load_22" [main_5_slices.cpp:109]   --->   Operation 858 'hmul' 'tmp_92_22' <Predicate = true> <Delay = 6.86> <Core = "HMul">   --->   Core 91 'HMul' <Latency = 3> <II = 1> <Delay = 6.86> <FuncUnit> <Opcode : 'hmul'> <InPorts = 2> <OutPorts = 1>
ST_121 : Operation 859 [1/1] (0.00ns)   --->   "%or_ln109_112 = or i14 %shl_ln7, 23" [main_5_slices.cpp:109]   --->   Operation 859 'or' 'or_ln109_112' <Predicate = true> <Delay = 0.00>
ST_121 : Operation 860 [1/1] (0.00ns)   --->   "%zext_ln109_231 = zext i14 %or_ln109_112 to i64" [main_5_slices.cpp:109]   --->   Operation 860 'zext' 'zext_ln109_231' <Predicate = true> <Delay = 0.00>
ST_121 : Operation 861 [1/1] (0.00ns)   --->   "%X_slice3_addr_23 = getelementptr [9408 x half]* @X_slice3, i64 0, i64 %zext_ln109_231" [main_5_slices.cpp:109]   --->   Operation 861 'getelementptr' 'X_slice3_addr_23' <Predicate = true> <Delay = 0.00>
ST_121 : Operation 862 [2/2] (3.25ns)   --->   "%X_slice3_load_23 = load half* %X_slice3_addr_23, align 2" [main_5_slices.cpp:109]   --->   Operation 862 'load' 'X_slice3_load_23' <Predicate = true> <Delay = 3.25> <Core = "ROM_nP">   --->   Core 52 'ROM_nP' <Latency = 1> <II = 1> <Delay = 3.25> <Storage> <Opcode : 'load'> <Ports = 0> <Width = 16> <Depth = 9408> <ROM>

State 122 <SV = 120> <Delay = 7.61>
ST_122 : Operation 863 [5/5] (7.61ns)   --->   "%acc_22 = fadd half %acc_21, %tmp_92_22" [main_5_slices.cpp:109]   --->   Operation 863 'hadd' 'acc_22' <Predicate = true> <Delay = 7.61> <Core = "HAddSub">   --->   Core 90 'HAddSub' <Latency = 4> <II = 1> <Delay = 7.61> <FuncUnit> <Opcode : 'hadd' 'hsub'> <InPorts = 2> <OutPorts = 1>
ST_122 : Operation 864 [1/2] (3.25ns)   --->   "%X_slice3_load_23 = load half* %X_slice3_addr_23, align 2" [main_5_slices.cpp:109]   --->   Operation 864 'load' 'X_slice3_load_23' <Predicate = true> <Delay = 3.25> <Core = "ROM_nP">   --->   Core 52 'ROM_nP' <Latency = 1> <II = 1> <Delay = 3.25> <Storage> <Opcode : 'load'> <Ports = 0> <Width = 16> <Depth = 9408> <ROM>
ST_122 : Operation 865 [1/1] (1.67ns)   --->   "%add_ln109_56 = add i13 %add_ln, 736" [main_5_slices.cpp:109]   --->   Operation 865 'add' 'add_ln109_56' <Predicate = true> <Delay = 1.67> <Core = "AddSub">   --->   Core 14 'AddSub' <Latency = 0> <II = 1> <Delay = 2.55> <FuncUnit> <Opcode : 'add' 'sub'> <InPorts = 2> <OutPorts = 1>

State 123 <SV = 121> <Delay = 7.86>
ST_123 : Operation 866 [4/5] (7.61ns)   --->   "%acc_22 = fadd half %acc_21, %tmp_92_22" [main_5_slices.cpp:109]   --->   Operation 866 'hadd' 'acc_22' <Predicate = true> <Delay = 7.61> <Core = "HAddSub">   --->   Core 90 'HAddSub' <Latency = 4> <II = 1> <Delay = 7.61> <FuncUnit> <Opcode : 'hadd' 'hsub'> <InPorts = 2> <OutPorts = 1>
ST_123 : Operation 867 [1/1] (0.00ns)   --->   "%zext_ln109_232 = zext i13 %add_ln109_56 to i64" [main_5_slices.cpp:109]   --->   Operation 867 'zext' 'zext_ln109_232' <Predicate = true> <Delay = 0.00>
ST_123 : Operation 868 [1/1] (0.00ns)   --->   "%ConvW3_addr_23 = getelementptr [7168 x half]* @ConvW3, i64 0, i64 %zext_ln109_232" [main_5_slices.cpp:109]   --->   Operation 868 'getelementptr' 'ConvW3_addr_23' <Predicate = true> <Delay = 0.00>
ST_123 : Operation 869 [1/1] (1.00ns)   --->   "%ConvW3_load_23 = load half* %ConvW3_addr_23, align 2" [main_5_slices.cpp:109]   --->   Operation 869 'load' 'ConvW3_load_23' <Predicate = true> <Delay = 1.00> <Core = "Register">   --->   Core 77 'Register' <Latency = 0> <II = 1> <Delay = 1.00> <Storage> <Opcode : 'load' 'store'> <Ports = 0> <Width = 16> <Depth = 1> <Register>
ST_123 : Operation 870 [4/4] (6.86ns)   --->   "%tmp_92_23 = fmul half %X_slice3_load_23, %ConvW3_load_23" [main_5_slices.cpp:109]   --->   Operation 870 'hmul' 'tmp_92_23' <Predicate = true> <Delay = 6.86> <Core = "HMul">   --->   Core 91 'HMul' <Latency = 3> <II = 1> <Delay = 6.86> <FuncUnit> <Opcode : 'hmul'> <InPorts = 2> <OutPorts = 1>

State 124 <SV = 122> <Delay = 7.61>
ST_124 : Operation 871 [3/5] (7.61ns)   --->   "%acc_22 = fadd half %acc_21, %tmp_92_22" [main_5_slices.cpp:109]   --->   Operation 871 'hadd' 'acc_22' <Predicate = true> <Delay = 7.61> <Core = "HAddSub">   --->   Core 90 'HAddSub' <Latency = 4> <II = 1> <Delay = 7.61> <FuncUnit> <Opcode : 'hadd' 'hsub'> <InPorts = 2> <OutPorts = 1>
ST_124 : Operation 872 [3/4] (6.86ns)   --->   "%tmp_92_23 = fmul half %X_slice3_load_23, %ConvW3_load_23" [main_5_slices.cpp:109]   --->   Operation 872 'hmul' 'tmp_92_23' <Predicate = true> <Delay = 6.86> <Core = "HMul">   --->   Core 91 'HMul' <Latency = 3> <II = 1> <Delay = 6.86> <FuncUnit> <Opcode : 'hmul'> <InPorts = 2> <OutPorts = 1>

State 125 <SV = 123> <Delay = 7.61>
ST_125 : Operation 873 [2/5] (7.61ns)   --->   "%acc_22 = fadd half %acc_21, %tmp_92_22" [main_5_slices.cpp:109]   --->   Operation 873 'hadd' 'acc_22' <Predicate = true> <Delay = 7.61> <Core = "HAddSub">   --->   Core 90 'HAddSub' <Latency = 4> <II = 1> <Delay = 7.61> <FuncUnit> <Opcode : 'hadd' 'hsub'> <InPorts = 2> <OutPorts = 1>
ST_125 : Operation 874 [2/4] (6.86ns)   --->   "%tmp_92_23 = fmul half %X_slice3_load_23, %ConvW3_load_23" [main_5_slices.cpp:109]   --->   Operation 874 'hmul' 'tmp_92_23' <Predicate = true> <Delay = 6.86> <Core = "HMul">   --->   Core 91 'HMul' <Latency = 3> <II = 1> <Delay = 6.86> <FuncUnit> <Opcode : 'hmul'> <InPorts = 2> <OutPorts = 1>

State 126 <SV = 124> <Delay = 7.61>
ST_126 : Operation 875 [1/5] (7.61ns)   --->   "%acc_22 = fadd half %acc_21, %tmp_92_22" [main_5_slices.cpp:109]   --->   Operation 875 'hadd' 'acc_22' <Predicate = true> <Delay = 7.61> <Core = "HAddSub">   --->   Core 90 'HAddSub' <Latency = 4> <II = 1> <Delay = 7.61> <FuncUnit> <Opcode : 'hadd' 'hsub'> <InPorts = 2> <OutPorts = 1>
ST_126 : Operation 876 [1/4] (6.86ns)   --->   "%tmp_92_23 = fmul half %X_slice3_load_23, %ConvW3_load_23" [main_5_slices.cpp:109]   --->   Operation 876 'hmul' 'tmp_92_23' <Predicate = true> <Delay = 6.86> <Core = "HMul">   --->   Core 91 'HMul' <Latency = 3> <II = 1> <Delay = 6.86> <FuncUnit> <Opcode : 'hmul'> <InPorts = 2> <OutPorts = 1>
ST_126 : Operation 877 [1/1] (0.00ns)   --->   "%or_ln109_113 = or i14 %shl_ln7, 24" [main_5_slices.cpp:109]   --->   Operation 877 'or' 'or_ln109_113' <Predicate = true> <Delay = 0.00>
ST_126 : Operation 878 [1/1] (0.00ns)   --->   "%zext_ln109_233 = zext i14 %or_ln109_113 to i64" [main_5_slices.cpp:109]   --->   Operation 878 'zext' 'zext_ln109_233' <Predicate = true> <Delay = 0.00>
ST_126 : Operation 879 [1/1] (0.00ns)   --->   "%X_slice3_addr_24 = getelementptr [9408 x half]* @X_slice3, i64 0, i64 %zext_ln109_233" [main_5_slices.cpp:109]   --->   Operation 879 'getelementptr' 'X_slice3_addr_24' <Predicate = true> <Delay = 0.00>
ST_126 : Operation 880 [2/2] (3.25ns)   --->   "%X_slice3_load_24 = load half* %X_slice3_addr_24, align 16" [main_5_slices.cpp:109]   --->   Operation 880 'load' 'X_slice3_load_24' <Predicate = true> <Delay = 3.25> <Core = "ROM_nP">   --->   Core 52 'ROM_nP' <Latency = 1> <II = 1> <Delay = 3.25> <Storage> <Opcode : 'load'> <Ports = 0> <Width = 16> <Depth = 9408> <ROM>

State 127 <SV = 125> <Delay = 7.61>
ST_127 : Operation 881 [5/5] (7.61ns)   --->   "%acc_23 = fadd half %acc_22, %tmp_92_23" [main_5_slices.cpp:109]   --->   Operation 881 'hadd' 'acc_23' <Predicate = true> <Delay = 7.61> <Core = "HAddSub">   --->   Core 90 'HAddSub' <Latency = 4> <II = 1> <Delay = 7.61> <FuncUnit> <Opcode : 'hadd' 'hsub'> <InPorts = 2> <OutPorts = 1>
ST_127 : Operation 882 [1/2] (3.25ns)   --->   "%X_slice3_load_24 = load half* %X_slice3_addr_24, align 16" [main_5_slices.cpp:109]   --->   Operation 882 'load' 'X_slice3_load_24' <Predicate = true> <Delay = 3.25> <Core = "ROM_nP">   --->   Core 52 'ROM_nP' <Latency = 1> <II = 1> <Delay = 3.25> <Storage> <Opcode : 'load'> <Ports = 0> <Width = 16> <Depth = 9408> <ROM>

State 128 <SV = 126> <Delay = 7.86>
ST_128 : Operation 883 [4/5] (7.61ns)   --->   "%acc_23 = fadd half %acc_22, %tmp_92_23" [main_5_slices.cpp:109]   --->   Operation 883 'hadd' 'acc_23' <Predicate = true> <Delay = 7.61> <Core = "HAddSub">   --->   Core 90 'HAddSub' <Latency = 4> <II = 1> <Delay = 7.61> <FuncUnit> <Opcode : 'hadd' 'hsub'> <InPorts = 2> <OutPorts = 1>
ST_128 : Operation 884 [1/1] (0.00ns)   --->   "%or_ln109_132 = or i13 %add_ln, 768" [main_5_slices.cpp:109]   --->   Operation 884 'or' 'or_ln109_132' <Predicate = true> <Delay = 0.00>
ST_128 : Operation 885 [1/1] (0.00ns)   --->   "%zext_ln109_234 = zext i13 %or_ln109_132 to i64" [main_5_slices.cpp:109]   --->   Operation 885 'zext' 'zext_ln109_234' <Predicate = true> <Delay = 0.00>
ST_128 : Operation 886 [1/1] (0.00ns)   --->   "%ConvW3_addr_24 = getelementptr [7168 x half]* @ConvW3, i64 0, i64 %zext_ln109_234" [main_5_slices.cpp:109]   --->   Operation 886 'getelementptr' 'ConvW3_addr_24' <Predicate = true> <Delay = 0.00>
ST_128 : Operation 887 [1/1] (1.00ns)   --->   "%ConvW3_load_24 = load half* %ConvW3_addr_24, align 2" [main_5_slices.cpp:109]   --->   Operation 887 'load' 'ConvW3_load_24' <Predicate = true> <Delay = 1.00> <Core = "Register">   --->   Core 77 'Register' <Latency = 0> <II = 1> <Delay = 1.00> <Storage> <Opcode : 'load' 'store'> <Ports = 0> <Width = 16> <Depth = 1> <Register>
ST_128 : Operation 888 [4/4] (6.86ns)   --->   "%tmp_92_24 = fmul half %X_slice3_load_24, %ConvW3_load_24" [main_5_slices.cpp:109]   --->   Operation 888 'hmul' 'tmp_92_24' <Predicate = true> <Delay = 6.86> <Core = "HMul">   --->   Core 91 'HMul' <Latency = 3> <II = 1> <Delay = 6.86> <FuncUnit> <Opcode : 'hmul'> <InPorts = 2> <OutPorts = 1>

State 129 <SV = 127> <Delay = 7.61>
ST_129 : Operation 889 [3/5] (7.61ns)   --->   "%acc_23 = fadd half %acc_22, %tmp_92_23" [main_5_slices.cpp:109]   --->   Operation 889 'hadd' 'acc_23' <Predicate = true> <Delay = 7.61> <Core = "HAddSub">   --->   Core 90 'HAddSub' <Latency = 4> <II = 1> <Delay = 7.61> <FuncUnit> <Opcode : 'hadd' 'hsub'> <InPorts = 2> <OutPorts = 1>
ST_129 : Operation 890 [3/4] (6.86ns)   --->   "%tmp_92_24 = fmul half %X_slice3_load_24, %ConvW3_load_24" [main_5_slices.cpp:109]   --->   Operation 890 'hmul' 'tmp_92_24' <Predicate = true> <Delay = 6.86> <Core = "HMul">   --->   Core 91 'HMul' <Latency = 3> <II = 1> <Delay = 6.86> <FuncUnit> <Opcode : 'hmul'> <InPorts = 2> <OutPorts = 1>

State 130 <SV = 128> <Delay = 7.61>
ST_130 : Operation 891 [2/5] (7.61ns)   --->   "%acc_23 = fadd half %acc_22, %tmp_92_23" [main_5_slices.cpp:109]   --->   Operation 891 'hadd' 'acc_23' <Predicate = true> <Delay = 7.61> <Core = "HAddSub">   --->   Core 90 'HAddSub' <Latency = 4> <II = 1> <Delay = 7.61> <FuncUnit> <Opcode : 'hadd' 'hsub'> <InPorts = 2> <OutPorts = 1>
ST_130 : Operation 892 [2/4] (6.86ns)   --->   "%tmp_92_24 = fmul half %X_slice3_load_24, %ConvW3_load_24" [main_5_slices.cpp:109]   --->   Operation 892 'hmul' 'tmp_92_24' <Predicate = true> <Delay = 6.86> <Core = "HMul">   --->   Core 91 'HMul' <Latency = 3> <II = 1> <Delay = 6.86> <FuncUnit> <Opcode : 'hmul'> <InPorts = 2> <OutPorts = 1>

State 131 <SV = 129> <Delay = 7.61>
ST_131 : Operation 893 [1/5] (7.61ns)   --->   "%acc_23 = fadd half %acc_22, %tmp_92_23" [main_5_slices.cpp:109]   --->   Operation 893 'hadd' 'acc_23' <Predicate = true> <Delay = 7.61> <Core = "HAddSub">   --->   Core 90 'HAddSub' <Latency = 4> <II = 1> <Delay = 7.61> <FuncUnit> <Opcode : 'hadd' 'hsub'> <InPorts = 2> <OutPorts = 1>
ST_131 : Operation 894 [1/4] (6.86ns)   --->   "%tmp_92_24 = fmul half %X_slice3_load_24, %ConvW3_load_24" [main_5_slices.cpp:109]   --->   Operation 894 'hmul' 'tmp_92_24' <Predicate = true> <Delay = 6.86> <Core = "HMul">   --->   Core 91 'HMul' <Latency = 3> <II = 1> <Delay = 6.86> <FuncUnit> <Opcode : 'hmul'> <InPorts = 2> <OutPorts = 1>
ST_131 : Operation 895 [1/1] (0.00ns)   --->   "%or_ln109_114 = or i14 %shl_ln7, 25" [main_5_slices.cpp:109]   --->   Operation 895 'or' 'or_ln109_114' <Predicate = true> <Delay = 0.00>
ST_131 : Operation 896 [1/1] (0.00ns)   --->   "%zext_ln109_235 = zext i14 %or_ln109_114 to i64" [main_5_slices.cpp:109]   --->   Operation 896 'zext' 'zext_ln109_235' <Predicate = true> <Delay = 0.00>
ST_131 : Operation 897 [1/1] (0.00ns)   --->   "%X_slice3_addr_25 = getelementptr [9408 x half]* @X_slice3, i64 0, i64 %zext_ln109_235" [main_5_slices.cpp:109]   --->   Operation 897 'getelementptr' 'X_slice3_addr_25' <Predicate = true> <Delay = 0.00>
ST_131 : Operation 898 [2/2] (3.25ns)   --->   "%X_slice3_load_25 = load half* %X_slice3_addr_25, align 2" [main_5_slices.cpp:109]   --->   Operation 898 'load' 'X_slice3_load_25' <Predicate = true> <Delay = 3.25> <Core = "ROM_nP">   --->   Core 52 'ROM_nP' <Latency = 1> <II = 1> <Delay = 3.25> <Storage> <Opcode : 'load'> <Ports = 0> <Width = 16> <Depth = 9408> <ROM>

State 132 <SV = 130> <Delay = 7.61>
ST_132 : Operation 899 [5/5] (7.61ns)   --->   "%acc_24 = fadd half %acc_23, %tmp_92_24" [main_5_slices.cpp:109]   --->   Operation 899 'hadd' 'acc_24' <Predicate = true> <Delay = 7.61> <Core = "HAddSub">   --->   Core 90 'HAddSub' <Latency = 4> <II = 1> <Delay = 7.61> <FuncUnit> <Opcode : 'hadd' 'hsub'> <InPorts = 2> <OutPorts = 1>
ST_132 : Operation 900 [1/2] (3.25ns)   --->   "%X_slice3_load_25 = load half* %X_slice3_addr_25, align 2" [main_5_slices.cpp:109]   --->   Operation 900 'load' 'X_slice3_load_25' <Predicate = true> <Delay = 3.25> <Core = "ROM_nP">   --->   Core 52 'ROM_nP' <Latency = 1> <II = 1> <Delay = 3.25> <Storage> <Opcode : 'load'> <Ports = 0> <Width = 16> <Depth = 9408> <ROM>
ST_132 : Operation 901 [1/1] (1.67ns)   --->   "%add_ln109_57 = add i13 %add_ln, 800" [main_5_slices.cpp:109]   --->   Operation 901 'add' 'add_ln109_57' <Predicate = true> <Delay = 1.67> <Core = "AddSub">   --->   Core 14 'AddSub' <Latency = 0> <II = 1> <Delay = 2.55> <FuncUnit> <Opcode : 'add' 'sub'> <InPorts = 2> <OutPorts = 1>

State 133 <SV = 131> <Delay = 7.86>
ST_133 : Operation 902 [4/5] (7.61ns)   --->   "%acc_24 = fadd half %acc_23, %tmp_92_24" [main_5_slices.cpp:109]   --->   Operation 902 'hadd' 'acc_24' <Predicate = true> <Delay = 7.61> <Core = "HAddSub">   --->   Core 90 'HAddSub' <Latency = 4> <II = 1> <Delay = 7.61> <FuncUnit> <Opcode : 'hadd' 'hsub'> <InPorts = 2> <OutPorts = 1>
ST_133 : Operation 903 [1/1] (0.00ns)   --->   "%zext_ln109_236 = zext i13 %add_ln109_57 to i64" [main_5_slices.cpp:109]   --->   Operation 903 'zext' 'zext_ln109_236' <Predicate = true> <Delay = 0.00>
ST_133 : Operation 904 [1/1] (0.00ns)   --->   "%ConvW3_addr_25 = getelementptr [7168 x half]* @ConvW3, i64 0, i64 %zext_ln109_236" [main_5_slices.cpp:109]   --->   Operation 904 'getelementptr' 'ConvW3_addr_25' <Predicate = true> <Delay = 0.00>
ST_133 : Operation 905 [1/1] (1.00ns)   --->   "%ConvW3_load_25 = load half* %ConvW3_addr_25, align 2" [main_5_slices.cpp:109]   --->   Operation 905 'load' 'ConvW3_load_25' <Predicate = true> <Delay = 1.00> <Core = "Register">   --->   Core 77 'Register' <Latency = 0> <II = 1> <Delay = 1.00> <Storage> <Opcode : 'load' 'store'> <Ports = 0> <Width = 16> <Depth = 1> <Register>
ST_133 : Operation 906 [4/4] (6.86ns)   --->   "%tmp_92_25 = fmul half %X_slice3_load_25, %ConvW3_load_25" [main_5_slices.cpp:109]   --->   Operation 906 'hmul' 'tmp_92_25' <Predicate = true> <Delay = 6.86> <Core = "HMul">   --->   Core 91 'HMul' <Latency = 3> <II = 1> <Delay = 6.86> <FuncUnit> <Opcode : 'hmul'> <InPorts = 2> <OutPorts = 1>

State 134 <SV = 132> <Delay = 7.61>
ST_134 : Operation 907 [3/5] (7.61ns)   --->   "%acc_24 = fadd half %acc_23, %tmp_92_24" [main_5_slices.cpp:109]   --->   Operation 907 'hadd' 'acc_24' <Predicate = true> <Delay = 7.61> <Core = "HAddSub">   --->   Core 90 'HAddSub' <Latency = 4> <II = 1> <Delay = 7.61> <FuncUnit> <Opcode : 'hadd' 'hsub'> <InPorts = 2> <OutPorts = 1>
ST_134 : Operation 908 [3/4] (6.86ns)   --->   "%tmp_92_25 = fmul half %X_slice3_load_25, %ConvW3_load_25" [main_5_slices.cpp:109]   --->   Operation 908 'hmul' 'tmp_92_25' <Predicate = true> <Delay = 6.86> <Core = "HMul">   --->   Core 91 'HMul' <Latency = 3> <II = 1> <Delay = 6.86> <FuncUnit> <Opcode : 'hmul'> <InPorts = 2> <OutPorts = 1>

State 135 <SV = 133> <Delay = 7.61>
ST_135 : Operation 909 [2/5] (7.61ns)   --->   "%acc_24 = fadd half %acc_23, %tmp_92_24" [main_5_slices.cpp:109]   --->   Operation 909 'hadd' 'acc_24' <Predicate = true> <Delay = 7.61> <Core = "HAddSub">   --->   Core 90 'HAddSub' <Latency = 4> <II = 1> <Delay = 7.61> <FuncUnit> <Opcode : 'hadd' 'hsub'> <InPorts = 2> <OutPorts = 1>
ST_135 : Operation 910 [2/4] (6.86ns)   --->   "%tmp_92_25 = fmul half %X_slice3_load_25, %ConvW3_load_25" [main_5_slices.cpp:109]   --->   Operation 910 'hmul' 'tmp_92_25' <Predicate = true> <Delay = 6.86> <Core = "HMul">   --->   Core 91 'HMul' <Latency = 3> <II = 1> <Delay = 6.86> <FuncUnit> <Opcode : 'hmul'> <InPorts = 2> <OutPorts = 1>

State 136 <SV = 134> <Delay = 7.61>
ST_136 : Operation 911 [1/5] (7.61ns)   --->   "%acc_24 = fadd half %acc_23, %tmp_92_24" [main_5_slices.cpp:109]   --->   Operation 911 'hadd' 'acc_24' <Predicate = true> <Delay = 7.61> <Core = "HAddSub">   --->   Core 90 'HAddSub' <Latency = 4> <II = 1> <Delay = 7.61> <FuncUnit> <Opcode : 'hadd' 'hsub'> <InPorts = 2> <OutPorts = 1>
ST_136 : Operation 912 [1/4] (6.86ns)   --->   "%tmp_92_25 = fmul half %X_slice3_load_25, %ConvW3_load_25" [main_5_slices.cpp:109]   --->   Operation 912 'hmul' 'tmp_92_25' <Predicate = true> <Delay = 6.86> <Core = "HMul">   --->   Core 91 'HMul' <Latency = 3> <II = 1> <Delay = 6.86> <FuncUnit> <Opcode : 'hmul'> <InPorts = 2> <OutPorts = 1>
ST_136 : Operation 913 [1/1] (0.00ns)   --->   "%or_ln109_115 = or i14 %shl_ln7, 26" [main_5_slices.cpp:109]   --->   Operation 913 'or' 'or_ln109_115' <Predicate = true> <Delay = 0.00>
ST_136 : Operation 914 [1/1] (0.00ns)   --->   "%zext_ln109_237 = zext i14 %or_ln109_115 to i64" [main_5_slices.cpp:109]   --->   Operation 914 'zext' 'zext_ln109_237' <Predicate = true> <Delay = 0.00>
ST_136 : Operation 915 [1/1] (0.00ns)   --->   "%X_slice3_addr_26 = getelementptr [9408 x half]* @X_slice3, i64 0, i64 %zext_ln109_237" [main_5_slices.cpp:109]   --->   Operation 915 'getelementptr' 'X_slice3_addr_26' <Predicate = true> <Delay = 0.00>
ST_136 : Operation 916 [2/2] (3.25ns)   --->   "%X_slice3_load_26 = load half* %X_slice3_addr_26, align 4" [main_5_slices.cpp:109]   --->   Operation 916 'load' 'X_slice3_load_26' <Predicate = true> <Delay = 3.25> <Core = "ROM_nP">   --->   Core 52 'ROM_nP' <Latency = 1> <II = 1> <Delay = 3.25> <Storage> <Opcode : 'load'> <Ports = 0> <Width = 16> <Depth = 9408> <ROM>

State 137 <SV = 135> <Delay = 7.61>
ST_137 : Operation 917 [5/5] (7.61ns)   --->   "%acc_25 = fadd half %acc_24, %tmp_92_25" [main_5_slices.cpp:109]   --->   Operation 917 'hadd' 'acc_25' <Predicate = true> <Delay = 7.61> <Core = "HAddSub">   --->   Core 90 'HAddSub' <Latency = 4> <II = 1> <Delay = 7.61> <FuncUnit> <Opcode : 'hadd' 'hsub'> <InPorts = 2> <OutPorts = 1>
ST_137 : Operation 918 [1/2] (3.25ns)   --->   "%X_slice3_load_26 = load half* %X_slice3_addr_26, align 4" [main_5_slices.cpp:109]   --->   Operation 918 'load' 'X_slice3_load_26' <Predicate = true> <Delay = 3.25> <Core = "ROM_nP">   --->   Core 52 'ROM_nP' <Latency = 1> <II = 1> <Delay = 3.25> <Storage> <Opcode : 'load'> <Ports = 0> <Width = 16> <Depth = 9408> <ROM>

State 138 <SV = 136> <Delay = 7.86>
ST_138 : Operation 919 [4/5] (7.61ns)   --->   "%acc_25 = fadd half %acc_24, %tmp_92_25" [main_5_slices.cpp:109]   --->   Operation 919 'hadd' 'acc_25' <Predicate = true> <Delay = 7.61> <Core = "HAddSub">   --->   Core 90 'HAddSub' <Latency = 4> <II = 1> <Delay = 7.61> <FuncUnit> <Opcode : 'hadd' 'hsub'> <InPorts = 2> <OutPorts = 1>
ST_138 : Operation 920 [1/1] (0.00ns)   --->   "%or_ln109_133 = or i13 %add_ln, 832" [main_5_slices.cpp:109]   --->   Operation 920 'or' 'or_ln109_133' <Predicate = true> <Delay = 0.00>
ST_138 : Operation 921 [1/1] (0.00ns)   --->   "%zext_ln109_238 = zext i13 %or_ln109_133 to i64" [main_5_slices.cpp:109]   --->   Operation 921 'zext' 'zext_ln109_238' <Predicate = true> <Delay = 0.00>
ST_138 : Operation 922 [1/1] (0.00ns)   --->   "%ConvW3_addr_26 = getelementptr [7168 x half]* @ConvW3, i64 0, i64 %zext_ln109_238" [main_5_slices.cpp:109]   --->   Operation 922 'getelementptr' 'ConvW3_addr_26' <Predicate = true> <Delay = 0.00>
ST_138 : Operation 923 [1/1] (1.00ns)   --->   "%ConvW3_load_26 = load half* %ConvW3_addr_26, align 2" [main_5_slices.cpp:109]   --->   Operation 923 'load' 'ConvW3_load_26' <Predicate = true> <Delay = 1.00> <Core = "Register">   --->   Core 77 'Register' <Latency = 0> <II = 1> <Delay = 1.00> <Storage> <Opcode : 'load' 'store'> <Ports = 0> <Width = 16> <Depth = 1> <Register>
ST_138 : Operation 924 [4/4] (6.86ns)   --->   "%tmp_92_26 = fmul half %X_slice3_load_26, %ConvW3_load_26" [main_5_slices.cpp:109]   --->   Operation 924 'hmul' 'tmp_92_26' <Predicate = true> <Delay = 6.86> <Core = "HMul">   --->   Core 91 'HMul' <Latency = 3> <II = 1> <Delay = 6.86> <FuncUnit> <Opcode : 'hmul'> <InPorts = 2> <OutPorts = 1>

State 139 <SV = 137> <Delay = 7.61>
ST_139 : Operation 925 [3/5] (7.61ns)   --->   "%acc_25 = fadd half %acc_24, %tmp_92_25" [main_5_slices.cpp:109]   --->   Operation 925 'hadd' 'acc_25' <Predicate = true> <Delay = 7.61> <Core = "HAddSub">   --->   Core 90 'HAddSub' <Latency = 4> <II = 1> <Delay = 7.61> <FuncUnit> <Opcode : 'hadd' 'hsub'> <InPorts = 2> <OutPorts = 1>
ST_139 : Operation 926 [3/4] (6.86ns)   --->   "%tmp_92_26 = fmul half %X_slice3_load_26, %ConvW3_load_26" [main_5_slices.cpp:109]   --->   Operation 926 'hmul' 'tmp_92_26' <Predicate = true> <Delay = 6.86> <Core = "HMul">   --->   Core 91 'HMul' <Latency = 3> <II = 1> <Delay = 6.86> <FuncUnit> <Opcode : 'hmul'> <InPorts = 2> <OutPorts = 1>

State 140 <SV = 138> <Delay = 7.61>
ST_140 : Operation 927 [2/5] (7.61ns)   --->   "%acc_25 = fadd half %acc_24, %tmp_92_25" [main_5_slices.cpp:109]   --->   Operation 927 'hadd' 'acc_25' <Predicate = true> <Delay = 7.61> <Core = "HAddSub">   --->   Core 90 'HAddSub' <Latency = 4> <II = 1> <Delay = 7.61> <FuncUnit> <Opcode : 'hadd' 'hsub'> <InPorts = 2> <OutPorts = 1>
ST_140 : Operation 928 [2/4] (6.86ns)   --->   "%tmp_92_26 = fmul half %X_slice3_load_26, %ConvW3_load_26" [main_5_slices.cpp:109]   --->   Operation 928 'hmul' 'tmp_92_26' <Predicate = true> <Delay = 6.86> <Core = "HMul">   --->   Core 91 'HMul' <Latency = 3> <II = 1> <Delay = 6.86> <FuncUnit> <Opcode : 'hmul'> <InPorts = 2> <OutPorts = 1>

State 141 <SV = 139> <Delay = 7.61>
ST_141 : Operation 929 [1/5] (7.61ns)   --->   "%acc_25 = fadd half %acc_24, %tmp_92_25" [main_5_slices.cpp:109]   --->   Operation 929 'hadd' 'acc_25' <Predicate = true> <Delay = 7.61> <Core = "HAddSub">   --->   Core 90 'HAddSub' <Latency = 4> <II = 1> <Delay = 7.61> <FuncUnit> <Opcode : 'hadd' 'hsub'> <InPorts = 2> <OutPorts = 1>
ST_141 : Operation 930 [1/4] (6.86ns)   --->   "%tmp_92_26 = fmul half %X_slice3_load_26, %ConvW3_load_26" [main_5_slices.cpp:109]   --->   Operation 930 'hmul' 'tmp_92_26' <Predicate = true> <Delay = 6.86> <Core = "HMul">   --->   Core 91 'HMul' <Latency = 3> <II = 1> <Delay = 6.86> <FuncUnit> <Opcode : 'hmul'> <InPorts = 2> <OutPorts = 1>
ST_141 : Operation 931 [1/1] (0.00ns)   --->   "%or_ln109_116 = or i14 %shl_ln7, 27" [main_5_slices.cpp:109]   --->   Operation 931 'or' 'or_ln109_116' <Predicate = true> <Delay = 0.00>
ST_141 : Operation 932 [1/1] (0.00ns)   --->   "%zext_ln109_239 = zext i14 %or_ln109_116 to i64" [main_5_slices.cpp:109]   --->   Operation 932 'zext' 'zext_ln109_239' <Predicate = true> <Delay = 0.00>
ST_141 : Operation 933 [1/1] (0.00ns)   --->   "%X_slice3_addr_27 = getelementptr [9408 x half]* @X_slice3, i64 0, i64 %zext_ln109_239" [main_5_slices.cpp:109]   --->   Operation 933 'getelementptr' 'X_slice3_addr_27' <Predicate = true> <Delay = 0.00>
ST_141 : Operation 934 [2/2] (3.25ns)   --->   "%X_slice3_load_27 = load half* %X_slice3_addr_27, align 2" [main_5_slices.cpp:109]   --->   Operation 934 'load' 'X_slice3_load_27' <Predicate = true> <Delay = 3.25> <Core = "ROM_nP">   --->   Core 52 'ROM_nP' <Latency = 1> <II = 1> <Delay = 3.25> <Storage> <Opcode : 'load'> <Ports = 0> <Width = 16> <Depth = 9408> <ROM>

State 142 <SV = 140> <Delay = 7.61>
ST_142 : Operation 935 [5/5] (7.61ns)   --->   "%acc_26 = fadd half %acc_25, %tmp_92_26" [main_5_slices.cpp:109]   --->   Operation 935 'hadd' 'acc_26' <Predicate = true> <Delay = 7.61> <Core = "HAddSub">   --->   Core 90 'HAddSub' <Latency = 4> <II = 1> <Delay = 7.61> <FuncUnit> <Opcode : 'hadd' 'hsub'> <InPorts = 2> <OutPorts = 1>
ST_142 : Operation 936 [1/2] (3.25ns)   --->   "%X_slice3_load_27 = load half* %X_slice3_addr_27, align 2" [main_5_slices.cpp:109]   --->   Operation 936 'load' 'X_slice3_load_27' <Predicate = true> <Delay = 3.25> <Core = "ROM_nP">   --->   Core 52 'ROM_nP' <Latency = 1> <II = 1> <Delay = 3.25> <Storage> <Opcode : 'load'> <Ports = 0> <Width = 16> <Depth = 9408> <ROM>
ST_142 : Operation 937 [1/1] (1.67ns)   --->   "%add_ln109_58 = add i13 %add_ln, 864" [main_5_slices.cpp:109]   --->   Operation 937 'add' 'add_ln109_58' <Predicate = true> <Delay = 1.67> <Core = "AddSub">   --->   Core 14 'AddSub' <Latency = 0> <II = 1> <Delay = 2.55> <FuncUnit> <Opcode : 'add' 'sub'> <InPorts = 2> <OutPorts = 1>

State 143 <SV = 141> <Delay = 7.86>
ST_143 : Operation 938 [4/5] (7.61ns)   --->   "%acc_26 = fadd half %acc_25, %tmp_92_26" [main_5_slices.cpp:109]   --->   Operation 938 'hadd' 'acc_26' <Predicate = true> <Delay = 7.61> <Core = "HAddSub">   --->   Core 90 'HAddSub' <Latency = 4> <II = 1> <Delay = 7.61> <FuncUnit> <Opcode : 'hadd' 'hsub'> <InPorts = 2> <OutPorts = 1>
ST_143 : Operation 939 [1/1] (0.00ns)   --->   "%zext_ln109_240 = zext i13 %add_ln109_58 to i64" [main_5_slices.cpp:109]   --->   Operation 939 'zext' 'zext_ln109_240' <Predicate = true> <Delay = 0.00>
ST_143 : Operation 940 [1/1] (0.00ns)   --->   "%ConvW3_addr_27 = getelementptr [7168 x half]* @ConvW3, i64 0, i64 %zext_ln109_240" [main_5_slices.cpp:109]   --->   Operation 940 'getelementptr' 'ConvW3_addr_27' <Predicate = true> <Delay = 0.00>
ST_143 : Operation 941 [1/1] (1.00ns)   --->   "%ConvW3_load_27 = load half* %ConvW3_addr_27, align 2" [main_5_slices.cpp:109]   --->   Operation 941 'load' 'ConvW3_load_27' <Predicate = true> <Delay = 1.00> <Core = "Register">   --->   Core 77 'Register' <Latency = 0> <II = 1> <Delay = 1.00> <Storage> <Opcode : 'load' 'store'> <Ports = 0> <Width = 16> <Depth = 1> <Register>
ST_143 : Operation 942 [4/4] (6.86ns)   --->   "%tmp_92_27 = fmul half %X_slice3_load_27, %ConvW3_load_27" [main_5_slices.cpp:109]   --->   Operation 942 'hmul' 'tmp_92_27' <Predicate = true> <Delay = 6.86> <Core = "HMul">   --->   Core 91 'HMul' <Latency = 3> <II = 1> <Delay = 6.86> <FuncUnit> <Opcode : 'hmul'> <InPorts = 2> <OutPorts = 1>

State 144 <SV = 142> <Delay = 7.61>
ST_144 : Operation 943 [3/5] (7.61ns)   --->   "%acc_26 = fadd half %acc_25, %tmp_92_26" [main_5_slices.cpp:109]   --->   Operation 943 'hadd' 'acc_26' <Predicate = true> <Delay = 7.61> <Core = "HAddSub">   --->   Core 90 'HAddSub' <Latency = 4> <II = 1> <Delay = 7.61> <FuncUnit> <Opcode : 'hadd' 'hsub'> <InPorts = 2> <OutPorts = 1>
ST_144 : Operation 944 [3/4] (6.86ns)   --->   "%tmp_92_27 = fmul half %X_slice3_load_27, %ConvW3_load_27" [main_5_slices.cpp:109]   --->   Operation 944 'hmul' 'tmp_92_27' <Predicate = true> <Delay = 6.86> <Core = "HMul">   --->   Core 91 'HMul' <Latency = 3> <II = 1> <Delay = 6.86> <FuncUnit> <Opcode : 'hmul'> <InPorts = 2> <OutPorts = 1>

State 145 <SV = 143> <Delay = 7.61>
ST_145 : Operation 945 [2/5] (7.61ns)   --->   "%acc_26 = fadd half %acc_25, %tmp_92_26" [main_5_slices.cpp:109]   --->   Operation 945 'hadd' 'acc_26' <Predicate = true> <Delay = 7.61> <Core = "HAddSub">   --->   Core 90 'HAddSub' <Latency = 4> <II = 1> <Delay = 7.61> <FuncUnit> <Opcode : 'hadd' 'hsub'> <InPorts = 2> <OutPorts = 1>
ST_145 : Operation 946 [2/4] (6.86ns)   --->   "%tmp_92_27 = fmul half %X_slice3_load_27, %ConvW3_load_27" [main_5_slices.cpp:109]   --->   Operation 946 'hmul' 'tmp_92_27' <Predicate = true> <Delay = 6.86> <Core = "HMul">   --->   Core 91 'HMul' <Latency = 3> <II = 1> <Delay = 6.86> <FuncUnit> <Opcode : 'hmul'> <InPorts = 2> <OutPorts = 1>

State 146 <SV = 144> <Delay = 7.61>
ST_146 : Operation 947 [1/5] (7.61ns)   --->   "%acc_26 = fadd half %acc_25, %tmp_92_26" [main_5_slices.cpp:109]   --->   Operation 947 'hadd' 'acc_26' <Predicate = true> <Delay = 7.61> <Core = "HAddSub">   --->   Core 90 'HAddSub' <Latency = 4> <II = 1> <Delay = 7.61> <FuncUnit> <Opcode : 'hadd' 'hsub'> <InPorts = 2> <OutPorts = 1>
ST_146 : Operation 948 [1/4] (6.86ns)   --->   "%tmp_92_27 = fmul half %X_slice3_load_27, %ConvW3_load_27" [main_5_slices.cpp:109]   --->   Operation 948 'hmul' 'tmp_92_27' <Predicate = true> <Delay = 6.86> <Core = "HMul">   --->   Core 91 'HMul' <Latency = 3> <II = 1> <Delay = 6.86> <FuncUnit> <Opcode : 'hmul'> <InPorts = 2> <OutPorts = 1>
ST_146 : Operation 949 [1/1] (0.00ns)   --->   "%or_ln109_117 = or i14 %shl_ln7, 28" [main_5_slices.cpp:109]   --->   Operation 949 'or' 'or_ln109_117' <Predicate = true> <Delay = 0.00>
ST_146 : Operation 950 [1/1] (0.00ns)   --->   "%zext_ln109_241 = zext i14 %or_ln109_117 to i64" [main_5_slices.cpp:109]   --->   Operation 950 'zext' 'zext_ln109_241' <Predicate = true> <Delay = 0.00>
ST_146 : Operation 951 [1/1] (0.00ns)   --->   "%X_slice3_addr_28 = getelementptr [9408 x half]* @X_slice3, i64 0, i64 %zext_ln109_241" [main_5_slices.cpp:109]   --->   Operation 951 'getelementptr' 'X_slice3_addr_28' <Predicate = true> <Delay = 0.00>
ST_146 : Operation 952 [2/2] (3.25ns)   --->   "%X_slice3_load_28 = load half* %X_slice3_addr_28, align 8" [main_5_slices.cpp:109]   --->   Operation 952 'load' 'X_slice3_load_28' <Predicate = true> <Delay = 3.25> <Core = "ROM_nP">   --->   Core 52 'ROM_nP' <Latency = 1> <II = 1> <Delay = 3.25> <Storage> <Opcode : 'load'> <Ports = 0> <Width = 16> <Depth = 9408> <ROM>

State 147 <SV = 145> <Delay = 7.61>
ST_147 : Operation 953 [5/5] (7.61ns)   --->   "%acc_27 = fadd half %acc_26, %tmp_92_27" [main_5_slices.cpp:109]   --->   Operation 953 'hadd' 'acc_27' <Predicate = true> <Delay = 7.61> <Core = "HAddSub">   --->   Core 90 'HAddSub' <Latency = 4> <II = 1> <Delay = 7.61> <FuncUnit> <Opcode : 'hadd' 'hsub'> <InPorts = 2> <OutPorts = 1>
ST_147 : Operation 954 [1/2] (3.25ns)   --->   "%X_slice3_load_28 = load half* %X_slice3_addr_28, align 8" [main_5_slices.cpp:109]   --->   Operation 954 'load' 'X_slice3_load_28' <Predicate = true> <Delay = 3.25> <Core = "ROM_nP">   --->   Core 52 'ROM_nP' <Latency = 1> <II = 1> <Delay = 3.25> <Storage> <Opcode : 'load'> <Ports = 0> <Width = 16> <Depth = 9408> <ROM>

State 148 <SV = 146> <Delay = 7.86>
ST_148 : Operation 955 [4/5] (7.61ns)   --->   "%acc_27 = fadd half %acc_26, %tmp_92_27" [main_5_slices.cpp:109]   --->   Operation 955 'hadd' 'acc_27' <Predicate = true> <Delay = 7.61> <Core = "HAddSub">   --->   Core 90 'HAddSub' <Latency = 4> <II = 1> <Delay = 7.61> <FuncUnit> <Opcode : 'hadd' 'hsub'> <InPorts = 2> <OutPorts = 1>
ST_148 : Operation 956 [1/1] (0.00ns)   --->   "%or_ln109_134 = or i13 %add_ln, 896" [main_5_slices.cpp:109]   --->   Operation 956 'or' 'or_ln109_134' <Predicate = true> <Delay = 0.00>
ST_148 : Operation 957 [1/1] (0.00ns)   --->   "%zext_ln109_242 = zext i13 %or_ln109_134 to i64" [main_5_slices.cpp:109]   --->   Operation 957 'zext' 'zext_ln109_242' <Predicate = true> <Delay = 0.00>
ST_148 : Operation 958 [1/1] (0.00ns)   --->   "%ConvW3_addr_28 = getelementptr [7168 x half]* @ConvW3, i64 0, i64 %zext_ln109_242" [main_5_slices.cpp:109]   --->   Operation 958 'getelementptr' 'ConvW3_addr_28' <Predicate = true> <Delay = 0.00>
ST_148 : Operation 959 [1/1] (1.00ns)   --->   "%ConvW3_load_28 = load half* %ConvW3_addr_28, align 2" [main_5_slices.cpp:109]   --->   Operation 959 'load' 'ConvW3_load_28' <Predicate = true> <Delay = 1.00> <Core = "Register">   --->   Core 77 'Register' <Latency = 0> <II = 1> <Delay = 1.00> <Storage> <Opcode : 'load' 'store'> <Ports = 0> <Width = 16> <Depth = 1> <Register>
ST_148 : Operation 960 [4/4] (6.86ns)   --->   "%tmp_92_28 = fmul half %X_slice3_load_28, %ConvW3_load_28" [main_5_slices.cpp:109]   --->   Operation 960 'hmul' 'tmp_92_28' <Predicate = true> <Delay = 6.86> <Core = "HMul">   --->   Core 91 'HMul' <Latency = 3> <II = 1> <Delay = 6.86> <FuncUnit> <Opcode : 'hmul'> <InPorts = 2> <OutPorts = 1>

State 149 <SV = 147> <Delay = 7.61>
ST_149 : Operation 961 [3/5] (7.61ns)   --->   "%acc_27 = fadd half %acc_26, %tmp_92_27" [main_5_slices.cpp:109]   --->   Operation 961 'hadd' 'acc_27' <Predicate = true> <Delay = 7.61> <Core = "HAddSub">   --->   Core 90 'HAddSub' <Latency = 4> <II = 1> <Delay = 7.61> <FuncUnit> <Opcode : 'hadd' 'hsub'> <InPorts = 2> <OutPorts = 1>
ST_149 : Operation 962 [3/4] (6.86ns)   --->   "%tmp_92_28 = fmul half %X_slice3_load_28, %ConvW3_load_28" [main_5_slices.cpp:109]   --->   Operation 962 'hmul' 'tmp_92_28' <Predicate = true> <Delay = 6.86> <Core = "HMul">   --->   Core 91 'HMul' <Latency = 3> <II = 1> <Delay = 6.86> <FuncUnit> <Opcode : 'hmul'> <InPorts = 2> <OutPorts = 1>

State 150 <SV = 148> <Delay = 7.61>
ST_150 : Operation 963 [2/5] (7.61ns)   --->   "%acc_27 = fadd half %acc_26, %tmp_92_27" [main_5_slices.cpp:109]   --->   Operation 963 'hadd' 'acc_27' <Predicate = true> <Delay = 7.61> <Core = "HAddSub">   --->   Core 90 'HAddSub' <Latency = 4> <II = 1> <Delay = 7.61> <FuncUnit> <Opcode : 'hadd' 'hsub'> <InPorts = 2> <OutPorts = 1>
ST_150 : Operation 964 [2/4] (6.86ns)   --->   "%tmp_92_28 = fmul half %X_slice3_load_28, %ConvW3_load_28" [main_5_slices.cpp:109]   --->   Operation 964 'hmul' 'tmp_92_28' <Predicate = true> <Delay = 6.86> <Core = "HMul">   --->   Core 91 'HMul' <Latency = 3> <II = 1> <Delay = 6.86> <FuncUnit> <Opcode : 'hmul'> <InPorts = 2> <OutPorts = 1>

State 151 <SV = 149> <Delay = 7.61>
ST_151 : Operation 965 [1/5] (7.61ns)   --->   "%acc_27 = fadd half %acc_26, %tmp_92_27" [main_5_slices.cpp:109]   --->   Operation 965 'hadd' 'acc_27' <Predicate = true> <Delay = 7.61> <Core = "HAddSub">   --->   Core 90 'HAddSub' <Latency = 4> <II = 1> <Delay = 7.61> <FuncUnit> <Opcode : 'hadd' 'hsub'> <InPorts = 2> <OutPorts = 1>
ST_151 : Operation 966 [1/4] (6.86ns)   --->   "%tmp_92_28 = fmul half %X_slice3_load_28, %ConvW3_load_28" [main_5_slices.cpp:109]   --->   Operation 966 'hmul' 'tmp_92_28' <Predicate = true> <Delay = 6.86> <Core = "HMul">   --->   Core 91 'HMul' <Latency = 3> <II = 1> <Delay = 6.86> <FuncUnit> <Opcode : 'hmul'> <InPorts = 2> <OutPorts = 1>
ST_151 : Operation 967 [1/1] (0.00ns)   --->   "%or_ln109_118 = or i14 %shl_ln7, 29" [main_5_slices.cpp:109]   --->   Operation 967 'or' 'or_ln109_118' <Predicate = true> <Delay = 0.00>
ST_151 : Operation 968 [1/1] (0.00ns)   --->   "%zext_ln109_243 = zext i14 %or_ln109_118 to i64" [main_5_slices.cpp:109]   --->   Operation 968 'zext' 'zext_ln109_243' <Predicate = true> <Delay = 0.00>
ST_151 : Operation 969 [1/1] (0.00ns)   --->   "%X_slice3_addr_29 = getelementptr [9408 x half]* @X_slice3, i64 0, i64 %zext_ln109_243" [main_5_slices.cpp:109]   --->   Operation 969 'getelementptr' 'X_slice3_addr_29' <Predicate = true> <Delay = 0.00>
ST_151 : Operation 970 [2/2] (3.25ns)   --->   "%X_slice3_load_29 = load half* %X_slice3_addr_29, align 2" [main_5_slices.cpp:109]   --->   Operation 970 'load' 'X_slice3_load_29' <Predicate = true> <Delay = 3.25> <Core = "ROM_nP">   --->   Core 52 'ROM_nP' <Latency = 1> <II = 1> <Delay = 3.25> <Storage> <Opcode : 'load'> <Ports = 0> <Width = 16> <Depth = 9408> <ROM>

State 152 <SV = 150> <Delay = 7.61>
ST_152 : Operation 971 [5/5] (7.61ns)   --->   "%acc_28 = fadd half %acc_27, %tmp_92_28" [main_5_slices.cpp:109]   --->   Operation 971 'hadd' 'acc_28' <Predicate = true> <Delay = 7.61> <Core = "HAddSub">   --->   Core 90 'HAddSub' <Latency = 4> <II = 1> <Delay = 7.61> <FuncUnit> <Opcode : 'hadd' 'hsub'> <InPorts = 2> <OutPorts = 1>
ST_152 : Operation 972 [1/2] (3.25ns)   --->   "%X_slice3_load_29 = load half* %X_slice3_addr_29, align 2" [main_5_slices.cpp:109]   --->   Operation 972 'load' 'X_slice3_load_29' <Predicate = true> <Delay = 3.25> <Core = "ROM_nP">   --->   Core 52 'ROM_nP' <Latency = 1> <II = 1> <Delay = 3.25> <Storage> <Opcode : 'load'> <Ports = 0> <Width = 16> <Depth = 9408> <ROM>
ST_152 : Operation 973 [1/1] (1.67ns)   --->   "%add_ln109_59 = add i13 %add_ln, 928" [main_5_slices.cpp:109]   --->   Operation 973 'add' 'add_ln109_59' <Predicate = true> <Delay = 1.67> <Core = "AddSub">   --->   Core 14 'AddSub' <Latency = 0> <II = 1> <Delay = 2.55> <FuncUnit> <Opcode : 'add' 'sub'> <InPorts = 2> <OutPorts = 1>

State 153 <SV = 151> <Delay = 7.86>
ST_153 : Operation 974 [4/5] (7.61ns)   --->   "%acc_28 = fadd half %acc_27, %tmp_92_28" [main_5_slices.cpp:109]   --->   Operation 974 'hadd' 'acc_28' <Predicate = true> <Delay = 7.61> <Core = "HAddSub">   --->   Core 90 'HAddSub' <Latency = 4> <II = 1> <Delay = 7.61> <FuncUnit> <Opcode : 'hadd' 'hsub'> <InPorts = 2> <OutPorts = 1>
ST_153 : Operation 975 [1/1] (0.00ns)   --->   "%zext_ln109_244 = zext i13 %add_ln109_59 to i64" [main_5_slices.cpp:109]   --->   Operation 975 'zext' 'zext_ln109_244' <Predicate = true> <Delay = 0.00>
ST_153 : Operation 976 [1/1] (0.00ns)   --->   "%ConvW3_addr_29 = getelementptr [7168 x half]* @ConvW3, i64 0, i64 %zext_ln109_244" [main_5_slices.cpp:109]   --->   Operation 976 'getelementptr' 'ConvW3_addr_29' <Predicate = true> <Delay = 0.00>
ST_153 : Operation 977 [1/1] (1.00ns)   --->   "%ConvW3_load_29 = load half* %ConvW3_addr_29, align 2" [main_5_slices.cpp:109]   --->   Operation 977 'load' 'ConvW3_load_29' <Predicate = true> <Delay = 1.00> <Core = "Register">   --->   Core 77 'Register' <Latency = 0> <II = 1> <Delay = 1.00> <Storage> <Opcode : 'load' 'store'> <Ports = 0> <Width = 16> <Depth = 1> <Register>
ST_153 : Operation 978 [4/4] (6.86ns)   --->   "%tmp_92_29 = fmul half %X_slice3_load_29, %ConvW3_load_29" [main_5_slices.cpp:109]   --->   Operation 978 'hmul' 'tmp_92_29' <Predicate = true> <Delay = 6.86> <Core = "HMul">   --->   Core 91 'HMul' <Latency = 3> <II = 1> <Delay = 6.86> <FuncUnit> <Opcode : 'hmul'> <InPorts = 2> <OutPorts = 1>

State 154 <SV = 152> <Delay = 7.61>
ST_154 : Operation 979 [3/5] (7.61ns)   --->   "%acc_28 = fadd half %acc_27, %tmp_92_28" [main_5_slices.cpp:109]   --->   Operation 979 'hadd' 'acc_28' <Predicate = true> <Delay = 7.61> <Core = "HAddSub">   --->   Core 90 'HAddSub' <Latency = 4> <II = 1> <Delay = 7.61> <FuncUnit> <Opcode : 'hadd' 'hsub'> <InPorts = 2> <OutPorts = 1>
ST_154 : Operation 980 [3/4] (6.86ns)   --->   "%tmp_92_29 = fmul half %X_slice3_load_29, %ConvW3_load_29" [main_5_slices.cpp:109]   --->   Operation 980 'hmul' 'tmp_92_29' <Predicate = true> <Delay = 6.86> <Core = "HMul">   --->   Core 91 'HMul' <Latency = 3> <II = 1> <Delay = 6.86> <FuncUnit> <Opcode : 'hmul'> <InPorts = 2> <OutPorts = 1>

State 155 <SV = 153> <Delay = 7.61>
ST_155 : Operation 981 [2/5] (7.61ns)   --->   "%acc_28 = fadd half %acc_27, %tmp_92_28" [main_5_slices.cpp:109]   --->   Operation 981 'hadd' 'acc_28' <Predicate = true> <Delay = 7.61> <Core = "HAddSub">   --->   Core 90 'HAddSub' <Latency = 4> <II = 1> <Delay = 7.61> <FuncUnit> <Opcode : 'hadd' 'hsub'> <InPorts = 2> <OutPorts = 1>
ST_155 : Operation 982 [2/4] (6.86ns)   --->   "%tmp_92_29 = fmul half %X_slice3_load_29, %ConvW3_load_29" [main_5_slices.cpp:109]   --->   Operation 982 'hmul' 'tmp_92_29' <Predicate = true> <Delay = 6.86> <Core = "HMul">   --->   Core 91 'HMul' <Latency = 3> <II = 1> <Delay = 6.86> <FuncUnit> <Opcode : 'hmul'> <InPorts = 2> <OutPorts = 1>

State 156 <SV = 154> <Delay = 7.61>
ST_156 : Operation 983 [1/5] (7.61ns)   --->   "%acc_28 = fadd half %acc_27, %tmp_92_28" [main_5_slices.cpp:109]   --->   Operation 983 'hadd' 'acc_28' <Predicate = true> <Delay = 7.61> <Core = "HAddSub">   --->   Core 90 'HAddSub' <Latency = 4> <II = 1> <Delay = 7.61> <FuncUnit> <Opcode : 'hadd' 'hsub'> <InPorts = 2> <OutPorts = 1>
ST_156 : Operation 984 [1/4] (6.86ns)   --->   "%tmp_92_29 = fmul half %X_slice3_load_29, %ConvW3_load_29" [main_5_slices.cpp:109]   --->   Operation 984 'hmul' 'tmp_92_29' <Predicate = true> <Delay = 6.86> <Core = "HMul">   --->   Core 91 'HMul' <Latency = 3> <II = 1> <Delay = 6.86> <FuncUnit> <Opcode : 'hmul'> <InPorts = 2> <OutPorts = 1>
ST_156 : Operation 985 [1/1] (0.00ns)   --->   "%or_ln109_119 = or i14 %shl_ln7, 30" [main_5_slices.cpp:109]   --->   Operation 985 'or' 'or_ln109_119' <Predicate = true> <Delay = 0.00>
ST_156 : Operation 986 [1/1] (0.00ns)   --->   "%zext_ln109_245 = zext i14 %or_ln109_119 to i64" [main_5_slices.cpp:109]   --->   Operation 986 'zext' 'zext_ln109_245' <Predicate = true> <Delay = 0.00>
ST_156 : Operation 987 [1/1] (0.00ns)   --->   "%X_slice3_addr_30 = getelementptr [9408 x half]* @X_slice3, i64 0, i64 %zext_ln109_245" [main_5_slices.cpp:109]   --->   Operation 987 'getelementptr' 'X_slice3_addr_30' <Predicate = true> <Delay = 0.00>
ST_156 : Operation 988 [2/2] (3.25ns)   --->   "%X_slice3_load_30 = load half* %X_slice3_addr_30, align 4" [main_5_slices.cpp:109]   --->   Operation 988 'load' 'X_slice3_load_30' <Predicate = true> <Delay = 3.25> <Core = "ROM_nP">   --->   Core 52 'ROM_nP' <Latency = 1> <II = 1> <Delay = 3.25> <Storage> <Opcode : 'load'> <Ports = 0> <Width = 16> <Depth = 9408> <ROM>

State 157 <SV = 155> <Delay = 7.61>
ST_157 : Operation 989 [5/5] (7.61ns)   --->   "%acc_29 = fadd half %acc_28, %tmp_92_29" [main_5_slices.cpp:109]   --->   Operation 989 'hadd' 'acc_29' <Predicate = true> <Delay = 7.61> <Core = "HAddSub">   --->   Core 90 'HAddSub' <Latency = 4> <II = 1> <Delay = 7.61> <FuncUnit> <Opcode : 'hadd' 'hsub'> <InPorts = 2> <OutPorts = 1>
ST_157 : Operation 990 [1/2] (3.25ns)   --->   "%X_slice3_load_30 = load half* %X_slice3_addr_30, align 4" [main_5_slices.cpp:109]   --->   Operation 990 'load' 'X_slice3_load_30' <Predicate = true> <Delay = 3.25> <Core = "ROM_nP">   --->   Core 52 'ROM_nP' <Latency = 1> <II = 1> <Delay = 3.25> <Storage> <Opcode : 'load'> <Ports = 0> <Width = 16> <Depth = 9408> <ROM>
ST_157 : Operation 991 [1/1] (0.00ns)   --->   "%or_ln109_120 = or i14 %shl_ln7, 31" [main_5_slices.cpp:109]   --->   Operation 991 'or' 'or_ln109_120' <Predicate = true> <Delay = 0.00>
ST_157 : Operation 992 [1/1] (0.00ns)   --->   "%zext_ln109_247 = zext i14 %or_ln109_120 to i64" [main_5_slices.cpp:109]   --->   Operation 992 'zext' 'zext_ln109_247' <Predicate = true> <Delay = 0.00>
ST_157 : Operation 993 [1/1] (0.00ns)   --->   "%X_slice3_addr_31 = getelementptr [9408 x half]* @X_slice3, i64 0, i64 %zext_ln109_247" [main_5_slices.cpp:109]   --->   Operation 993 'getelementptr' 'X_slice3_addr_31' <Predicate = true> <Delay = 0.00>
ST_157 : Operation 994 [2/2] (3.25ns)   --->   "%X_slice3_load_31 = load half* %X_slice3_addr_31, align 2" [main_5_slices.cpp:109]   --->   Operation 994 'load' 'X_slice3_load_31' <Predicate = true> <Delay = 3.25> <Core = "ROM_nP">   --->   Core 52 'ROM_nP' <Latency = 1> <II = 1> <Delay = 3.25> <Storage> <Opcode : 'load'> <Ports = 0> <Width = 16> <Depth = 9408> <ROM>

State 158 <SV = 156> <Delay = 7.86>
ST_158 : Operation 995 [4/5] (7.61ns)   --->   "%acc_29 = fadd half %acc_28, %tmp_92_29" [main_5_slices.cpp:109]   --->   Operation 995 'hadd' 'acc_29' <Predicate = true> <Delay = 7.61> <Core = "HAddSub">   --->   Core 90 'HAddSub' <Latency = 4> <II = 1> <Delay = 7.61> <FuncUnit> <Opcode : 'hadd' 'hsub'> <InPorts = 2> <OutPorts = 1>
ST_158 : Operation 996 [1/1] (0.00ns)   --->   "%or_ln109_135 = or i13 %add_ln, 960" [main_5_slices.cpp:109]   --->   Operation 996 'or' 'or_ln109_135' <Predicate = true> <Delay = 0.00>
ST_158 : Operation 997 [1/1] (0.00ns)   --->   "%zext_ln109_246 = zext i13 %or_ln109_135 to i64" [main_5_slices.cpp:109]   --->   Operation 997 'zext' 'zext_ln109_246' <Predicate = true> <Delay = 0.00>
ST_158 : Operation 998 [1/1] (0.00ns)   --->   "%ConvW3_addr_30 = getelementptr [7168 x half]* @ConvW3, i64 0, i64 %zext_ln109_246" [main_5_slices.cpp:109]   --->   Operation 998 'getelementptr' 'ConvW3_addr_30' <Predicate = true> <Delay = 0.00>
ST_158 : Operation 999 [1/1] (1.00ns)   --->   "%ConvW3_load_30 = load half* %ConvW3_addr_30, align 2" [main_5_slices.cpp:109]   --->   Operation 999 'load' 'ConvW3_load_30' <Predicate = true> <Delay = 1.00> <Core = "Register">   --->   Core 77 'Register' <Latency = 0> <II = 1> <Delay = 1.00> <Storage> <Opcode : 'load' 'store'> <Ports = 0> <Width = 16> <Depth = 1> <Register>
ST_158 : Operation 1000 [4/4] (6.86ns)   --->   "%tmp_92_30 = fmul half %X_slice3_load_30, %ConvW3_load_30" [main_5_slices.cpp:109]   --->   Operation 1000 'hmul' 'tmp_92_30' <Predicate = true> <Delay = 6.86> <Core = "HMul">   --->   Core 91 'HMul' <Latency = 3> <II = 1> <Delay = 6.86> <FuncUnit> <Opcode : 'hmul'> <InPorts = 2> <OutPorts = 1>
ST_158 : Operation 1001 [1/2] (3.25ns)   --->   "%X_slice3_load_31 = load half* %X_slice3_addr_31, align 2" [main_5_slices.cpp:109]   --->   Operation 1001 'load' 'X_slice3_load_31' <Predicate = true> <Delay = 3.25> <Core = "ROM_nP">   --->   Core 52 'ROM_nP' <Latency = 1> <II = 1> <Delay = 3.25> <Storage> <Opcode : 'load'> <Ports = 0> <Width = 16> <Depth = 9408> <ROM>
ST_158 : Operation 1002 [1/1] (1.67ns)   --->   "%add_ln109_60 = add i13 %add_ln, 992" [main_5_slices.cpp:109]   --->   Operation 1002 'add' 'add_ln109_60' <Predicate = true> <Delay = 1.67> <Core = "AddSub">   --->   Core 14 'AddSub' <Latency = 0> <II = 1> <Delay = 2.55> <FuncUnit> <Opcode : 'add' 'sub'> <InPorts = 2> <OutPorts = 1>

State 159 <SV = 157> <Delay = 7.86>
ST_159 : Operation 1003 [3/5] (7.61ns)   --->   "%acc_29 = fadd half %acc_28, %tmp_92_29" [main_5_slices.cpp:109]   --->   Operation 1003 'hadd' 'acc_29' <Predicate = true> <Delay = 7.61> <Core = "HAddSub">   --->   Core 90 'HAddSub' <Latency = 4> <II = 1> <Delay = 7.61> <FuncUnit> <Opcode : 'hadd' 'hsub'> <InPorts = 2> <OutPorts = 1>
ST_159 : Operation 1004 [3/4] (6.86ns)   --->   "%tmp_92_30 = fmul half %X_slice3_load_30, %ConvW3_load_30" [main_5_slices.cpp:109]   --->   Operation 1004 'hmul' 'tmp_92_30' <Predicate = true> <Delay = 6.86> <Core = "HMul">   --->   Core 91 'HMul' <Latency = 3> <II = 1> <Delay = 6.86> <FuncUnit> <Opcode : 'hmul'> <InPorts = 2> <OutPorts = 1>
ST_159 : Operation 1005 [1/1] (0.00ns)   --->   "%zext_ln109_248 = zext i13 %add_ln109_60 to i64" [main_5_slices.cpp:109]   --->   Operation 1005 'zext' 'zext_ln109_248' <Predicate = true> <Delay = 0.00>
ST_159 : Operation 1006 [1/1] (0.00ns)   --->   "%ConvW3_addr_31 = getelementptr [7168 x half]* @ConvW3, i64 0, i64 %zext_ln109_248" [main_5_slices.cpp:109]   --->   Operation 1006 'getelementptr' 'ConvW3_addr_31' <Predicate = true> <Delay = 0.00>
ST_159 : Operation 1007 [1/1] (1.00ns)   --->   "%ConvW3_load_31 = load half* %ConvW3_addr_31, align 2" [main_5_slices.cpp:109]   --->   Operation 1007 'load' 'ConvW3_load_31' <Predicate = true> <Delay = 1.00> <Core = "Register">   --->   Core 77 'Register' <Latency = 0> <II = 1> <Delay = 1.00> <Storage> <Opcode : 'load' 'store'> <Ports = 0> <Width = 16> <Depth = 1> <Register>
ST_159 : Operation 1008 [4/4] (6.86ns)   --->   "%tmp_92_s = fmul half %X_slice3_load_31, %ConvW3_load_31" [main_5_slices.cpp:109]   --->   Operation 1008 'hmul' 'tmp_92_s' <Predicate = true> <Delay = 6.86> <Core = "HMul">   --->   Core 91 'HMul' <Latency = 3> <II = 1> <Delay = 6.86> <FuncUnit> <Opcode : 'hmul'> <InPorts = 2> <OutPorts = 1>

State 160 <SV = 158> <Delay = 7.61>
ST_160 : Operation 1009 [2/5] (7.61ns)   --->   "%acc_29 = fadd half %acc_28, %tmp_92_29" [main_5_slices.cpp:109]   --->   Operation 1009 'hadd' 'acc_29' <Predicate = true> <Delay = 7.61> <Core = "HAddSub">   --->   Core 90 'HAddSub' <Latency = 4> <II = 1> <Delay = 7.61> <FuncUnit> <Opcode : 'hadd' 'hsub'> <InPorts = 2> <OutPorts = 1>
ST_160 : Operation 1010 [2/4] (6.86ns)   --->   "%tmp_92_30 = fmul half %X_slice3_load_30, %ConvW3_load_30" [main_5_slices.cpp:109]   --->   Operation 1010 'hmul' 'tmp_92_30' <Predicate = true> <Delay = 6.86> <Core = "HMul">   --->   Core 91 'HMul' <Latency = 3> <II = 1> <Delay = 6.86> <FuncUnit> <Opcode : 'hmul'> <InPorts = 2> <OutPorts = 1>
ST_160 : Operation 1011 [3/4] (6.86ns)   --->   "%tmp_92_s = fmul half %X_slice3_load_31, %ConvW3_load_31" [main_5_slices.cpp:109]   --->   Operation 1011 'hmul' 'tmp_92_s' <Predicate = true> <Delay = 6.86> <Core = "HMul">   --->   Core 91 'HMul' <Latency = 3> <II = 1> <Delay = 6.86> <FuncUnit> <Opcode : 'hmul'> <InPorts = 2> <OutPorts = 1>

State 161 <SV = 159> <Delay = 7.61>
ST_161 : Operation 1012 [1/5] (7.61ns)   --->   "%acc_29 = fadd half %acc_28, %tmp_92_29" [main_5_slices.cpp:109]   --->   Operation 1012 'hadd' 'acc_29' <Predicate = true> <Delay = 7.61> <Core = "HAddSub">   --->   Core 90 'HAddSub' <Latency = 4> <II = 1> <Delay = 7.61> <FuncUnit> <Opcode : 'hadd' 'hsub'> <InPorts = 2> <OutPorts = 1>
ST_161 : Operation 1013 [1/4] (6.86ns)   --->   "%tmp_92_30 = fmul half %X_slice3_load_30, %ConvW3_load_30" [main_5_slices.cpp:109]   --->   Operation 1013 'hmul' 'tmp_92_30' <Predicate = true> <Delay = 6.86> <Core = "HMul">   --->   Core 91 'HMul' <Latency = 3> <II = 1> <Delay = 6.86> <FuncUnit> <Opcode : 'hmul'> <InPorts = 2> <OutPorts = 1>
ST_161 : Operation 1014 [2/4] (6.86ns)   --->   "%tmp_92_s = fmul half %X_slice3_load_31, %ConvW3_load_31" [main_5_slices.cpp:109]   --->   Operation 1014 'hmul' 'tmp_92_s' <Predicate = true> <Delay = 6.86> <Core = "HMul">   --->   Core 91 'HMul' <Latency = 3> <II = 1> <Delay = 6.86> <FuncUnit> <Opcode : 'hmul'> <InPorts = 2> <OutPorts = 1>

State 162 <SV = 160> <Delay = 7.61>
ST_162 : Operation 1015 [5/5] (7.61ns)   --->   "%acc_30 = fadd half %acc_29, %tmp_92_30" [main_5_slices.cpp:109]   --->   Operation 1015 'hadd' 'acc_30' <Predicate = true> <Delay = 7.61> <Core = "HAddSub">   --->   Core 90 'HAddSub' <Latency = 4> <II = 1> <Delay = 7.61> <FuncUnit> <Opcode : 'hadd' 'hsub'> <InPorts = 2> <OutPorts = 1>
ST_162 : Operation 1016 [1/4] (6.86ns)   --->   "%tmp_92_s = fmul half %X_slice3_load_31, %ConvW3_load_31" [main_5_slices.cpp:109]   --->   Operation 1016 'hmul' 'tmp_92_s' <Predicate = true> <Delay = 6.86> <Core = "HMul">   --->   Core 91 'HMul' <Latency = 3> <II = 1> <Delay = 6.86> <FuncUnit> <Opcode : 'hmul'> <InPorts = 2> <OutPorts = 1>

State 163 <SV = 161> <Delay = 7.61>
ST_163 : Operation 1017 [4/5] (7.61ns)   --->   "%acc_30 = fadd half %acc_29, %tmp_92_30" [main_5_slices.cpp:109]   --->   Operation 1017 'hadd' 'acc_30' <Predicate = true> <Delay = 7.61> <Core = "HAddSub">   --->   Core 90 'HAddSub' <Latency = 4> <II = 1> <Delay = 7.61> <FuncUnit> <Opcode : 'hadd' 'hsub'> <InPorts = 2> <OutPorts = 1>

State 164 <SV = 162> <Delay = 7.61>
ST_164 : Operation 1018 [3/5] (7.61ns)   --->   "%acc_30 = fadd half %acc_29, %tmp_92_30" [main_5_slices.cpp:109]   --->   Operation 1018 'hadd' 'acc_30' <Predicate = true> <Delay = 7.61> <Core = "HAddSub">   --->   Core 90 'HAddSub' <Latency = 4> <II = 1> <Delay = 7.61> <FuncUnit> <Opcode : 'hadd' 'hsub'> <InPorts = 2> <OutPorts = 1>

State 165 <SV = 163> <Delay = 7.61>
ST_165 : Operation 1019 [2/5] (7.61ns)   --->   "%acc_30 = fadd half %acc_29, %tmp_92_30" [main_5_slices.cpp:109]   --->   Operation 1019 'hadd' 'acc_30' <Predicate = true> <Delay = 7.61> <Core = "HAddSub">   --->   Core 90 'HAddSub' <Latency = 4> <II = 1> <Delay = 7.61> <FuncUnit> <Opcode : 'hadd' 'hsub'> <InPorts = 2> <OutPorts = 1>

State 166 <SV = 164> <Delay = 7.61>
ST_166 : Operation 1020 [1/5] (7.61ns)   --->   "%acc_30 = fadd half %acc_29, %tmp_92_30" [main_5_slices.cpp:109]   --->   Operation 1020 'hadd' 'acc_30' <Predicate = true> <Delay = 7.61> <Core = "HAddSub">   --->   Core 90 'HAddSub' <Latency = 4> <II = 1> <Delay = 7.61> <FuncUnit> <Opcode : 'hadd' 'hsub'> <InPorts = 2> <OutPorts = 1>

State 167 <SV = 165> <Delay = 7.61>
ST_167 : Operation 1021 [5/5] (7.61ns)   --->   "%acc_31 = fadd half %acc_30, %tmp_92_s" [main_5_slices.cpp:109]   --->   Operation 1021 'hadd' 'acc_31' <Predicate = true> <Delay = 7.61> <Core = "HAddSub">   --->   Core 90 'HAddSub' <Latency = 4> <II = 1> <Delay = 7.61> <FuncUnit> <Opcode : 'hadd' 'hsub'> <InPorts = 2> <OutPorts = 1>

State 168 <SV = 166> <Delay = 7.61>
ST_168 : Operation 1022 [4/5] (7.61ns)   --->   "%acc_31 = fadd half %acc_30, %tmp_92_s" [main_5_slices.cpp:109]   --->   Operation 1022 'hadd' 'acc_31' <Predicate = true> <Delay = 7.61> <Core = "HAddSub">   --->   Core 90 'HAddSub' <Latency = 4> <II = 1> <Delay = 7.61> <FuncUnit> <Opcode : 'hadd' 'hsub'> <InPorts = 2> <OutPorts = 1>

State 169 <SV = 167> <Delay = 7.61>
ST_169 : Operation 1023 [3/5] (7.61ns)   --->   "%acc_31 = fadd half %acc_30, %tmp_92_s" [main_5_slices.cpp:109]   --->   Operation 1023 'hadd' 'acc_31' <Predicate = true> <Delay = 7.61> <Core = "HAddSub">   --->   Core 90 'HAddSub' <Latency = 4> <II = 1> <Delay = 7.61> <FuncUnit> <Opcode : 'hadd' 'hsub'> <InPorts = 2> <OutPorts = 1>

State 170 <SV = 168> <Delay = 7.61>
ST_170 : Operation 1024 [2/5] (7.61ns)   --->   "%acc_31 = fadd half %acc_30, %tmp_92_s" [main_5_slices.cpp:109]   --->   Operation 1024 'hadd' 'acc_31' <Predicate = true> <Delay = 7.61> <Core = "HAddSub">   --->   Core 90 'HAddSub' <Latency = 4> <II = 1> <Delay = 7.61> <FuncUnit> <Opcode : 'hadd' 'hsub'> <InPorts = 2> <OutPorts = 1>

State 171 <SV = 169> <Delay = 7.61>
ST_171 : Operation 1025 [1/1] (0.00ns)   --->   "call void (...)* @_ssdm_op_SpecLoopName([11 x i8]* @p_str27) nounwind" [main_5_slices.cpp:104]   --->   Operation 1025 'specloopname' <Predicate = true> <Delay = 0.00>
ST_171 : Operation 1026 [1/5] (7.61ns)   --->   "%acc_31 = fadd half %acc_30, %tmp_92_s" [main_5_slices.cpp:109]   --->   Operation 1026 'hadd' 'acc_31' <Predicate = true> <Delay = 7.61> <Core = "HAddSub">   --->   Core 90 'HAddSub' <Latency = 4> <II = 1> <Delay = 7.61> <FuncUnit> <Opcode : 'hadd' 'hsub'> <InPorts = 2> <OutPorts = 1>
ST_171 : Operation 1027 [1/1] (0.00ns)   --->   "br label %.preheader1" [main_5_slices.cpp:104]   --->   Operation 1027 'br' <Predicate = true> <Delay = 0.00>

State 172 <SV = 5> <Delay = 3.52>
ST_172 : Operation 1028 [1/2] (3.52ns)   --->   "%tmp_86 = fpext half %tmp_10 to float" [main_5_slices.cpp:113]   --->   Operation 1028 'hptosp' 'tmp_86' <Predicate = true> <Delay = 3.52> <Core = "Half2Float">   --->   Core 93 'Half2Float' <Latency = 1> <II = 1> <Delay = 3.52> <FuncUnit> <Opcode : 'hptosp'> <InPorts = 1> <OutPorts = 1>
ST_172 : Operation 1029 [1/2] (3.52ns)   --->   "%tmp_87 = fpext half %acc_0 to float" [main_5_slices.cpp:113]   --->   Operation 1029 'hptosp' 'tmp_87' <Predicate = true> <Delay = 3.52> <Core = "Half2Float">   --->   Core 93 'Half2Float' <Latency = 1> <II = 1> <Delay = 3.52> <FuncUnit> <Opcode : 'hptosp'> <InPorts = 1> <OutPorts = 1>

State 173 <SV = 6> <Delay = 5.70>
ST_173 : Operation 1030 [4/4] (5.70ns)   --->   "%tmp_88 = fmul float %tmp_86, %tmp_87" [main_5_slices.cpp:113]   --->   Operation 1030 'fmul' 'tmp_88' <Predicate = true> <Delay = 5.70> <Core = "FMul">   --->   Core 106 'FMul' <Latency = 3> <II = 1> <Delay = 5.70> <FuncUnit> <Opcode : 'fmul'> <InPorts = 2> <OutPorts = 1>

State 174 <SV = 7> <Delay = 5.70>
ST_174 : Operation 1031 [3/4] (5.70ns)   --->   "%tmp_88 = fmul float %tmp_86, %tmp_87" [main_5_slices.cpp:113]   --->   Operation 1031 'fmul' 'tmp_88' <Predicate = true> <Delay = 5.70> <Core = "FMul">   --->   Core 106 'FMul' <Latency = 3> <II = 1> <Delay = 5.70> <FuncUnit> <Opcode : 'fmul'> <InPorts = 2> <OutPorts = 1>

State 175 <SV = 8> <Delay = 5.70>
ST_175 : Operation 1032 [2/4] (5.70ns)   --->   "%tmp_88 = fmul float %tmp_86, %tmp_87" [main_5_slices.cpp:113]   --->   Operation 1032 'fmul' 'tmp_88' <Predicate = true> <Delay = 5.70> <Core = "FMul">   --->   Core 106 'FMul' <Latency = 3> <II = 1> <Delay = 5.70> <FuncUnit> <Opcode : 'fmul'> <InPorts = 2> <OutPorts = 1>

State 176 <SV = 9> <Delay = 5.70>
ST_176 : Operation 1033 [1/4] (5.70ns)   --->   "%tmp_88 = fmul float %tmp_86, %tmp_87" [main_5_slices.cpp:113]   --->   Operation 1033 'fmul' 'tmp_88' <Predicate = true> <Delay = 5.70> <Core = "FMul">   --->   Core 106 'FMul' <Latency = 3> <II = 1> <Delay = 5.70> <FuncUnit> <Opcode : 'fmul'> <InPorts = 2> <OutPorts = 1>

State 177 <SV = 10> <Delay = 7.25>
ST_177 : Operation 1034 [5/5] (7.25ns)   --->   "%tmp_89 = fadd float %tmp_88, 0.000000e+00" [main_5_slices.cpp:113]   --->   Operation 1034 'fadd' 'tmp_89' <Predicate = true> <Delay = 7.25> <Core = "FAddSub">   --->   Core 105 'FAddSub' <Latency = 4> <II = 1> <Delay = 7.25> <FuncUnit> <Opcode : 'fadd' 'fsub'> <InPorts = 2> <OutPorts = 1>

State 178 <SV = 11> <Delay = 7.25>
ST_178 : Operation 1035 [4/5] (7.25ns)   --->   "%tmp_89 = fadd float %tmp_88, 0.000000e+00" [main_5_slices.cpp:113]   --->   Operation 1035 'fadd' 'tmp_89' <Predicate = true> <Delay = 7.25> <Core = "FAddSub">   --->   Core 105 'FAddSub' <Latency = 4> <II = 1> <Delay = 7.25> <FuncUnit> <Opcode : 'fadd' 'fsub'> <InPorts = 2> <OutPorts = 1>

State 179 <SV = 12> <Delay = 7.25>
ST_179 : Operation 1036 [3/5] (7.25ns)   --->   "%tmp_89 = fadd float %tmp_88, 0.000000e+00" [main_5_slices.cpp:113]   --->   Operation 1036 'fadd' 'tmp_89' <Predicate = true> <Delay = 7.25> <Core = "FAddSub">   --->   Core 105 'FAddSub' <Latency = 4> <II = 1> <Delay = 7.25> <FuncUnit> <Opcode : 'fadd' 'fsub'> <InPorts = 2> <OutPorts = 1>

State 180 <SV = 13> <Delay = 7.25>
ST_180 : Operation 1037 [2/5] (7.25ns)   --->   "%tmp_89 = fadd float %tmp_88, 0.000000e+00" [main_5_slices.cpp:113]   --->   Operation 1037 'fadd' 'tmp_89' <Predicate = true> <Delay = 7.25> <Core = "FAddSub">   --->   Core 105 'FAddSub' <Latency = 4> <II = 1> <Delay = 7.25> <FuncUnit> <Opcode : 'fadd' 'fsub'> <InPorts = 2> <OutPorts = 1>

State 181 <SV = 14> <Delay = 7.25>
ST_181 : Operation 1038 [1/5] (7.25ns)   --->   "%tmp_89 = fadd float %tmp_88, 0.000000e+00" [main_5_slices.cpp:113]   --->   Operation 1038 'fadd' 'tmp_89' <Predicate = true> <Delay = 7.25> <Core = "FAddSub">   --->   Core 105 'FAddSub' <Latency = 4> <II = 1> <Delay = 7.25> <FuncUnit> <Opcode : 'fadd' 'fsub'> <InPorts = 2> <OutPorts = 1>

State 182 <SV = 15> <Delay = 5.22>
ST_182 : Operation 1039 [2/2] (5.22ns)   --->   "%y = fptrunc float %tmp_89 to half" [main_5_slices.cpp:113]   --->   Operation 1039 'sptohp' 'y' <Predicate = true> <Delay = 5.22> <Core = "Float2Half">   --->   Core 94 'Float2Half' <Latency = 1> <II = 1> <Delay = 5.22> <FuncUnit> <Opcode : 'sptohp'> <InPorts = 1> <OutPorts = 1>

State 183 <SV = 16> <Delay = 5.22>
ST_183 : Operation 1040 [1/2] (5.22ns)   --->   "%y = fptrunc float %tmp_89 to half" [main_5_slices.cpp:113]   --->   Operation 1040 'sptohp' 'y' <Predicate = true> <Delay = 5.22> <Core = "Float2Half">   --->   Core 94 'Float2Half' <Latency = 1> <II = 1> <Delay = 5.22> <FuncUnit> <Opcode : 'sptohp'> <InPorts = 1> <OutPorts = 1>

State 184 <SV = 17> <Delay = 5.18>
ST_184 : Operation 1041 [2/2] (5.18ns)   --->   "%tmp_90 = fcmp ogt half %y, 0x0" [main_5_slices.cpp:53->main_5_slices.cpp:114]   --->   Operation 1041 'hcmp' 'tmp_90' <Predicate = true> <Delay = 5.18> <Core = "HCmp">   --->   Core 98 'HCmp' <Latency = 1> <II = 1> <Delay = 5.18> <FuncUnit> <Opcode : 'hcmp'> <InPorts = 2> <OutPorts = 1>

State 185 <SV = 18> <Delay = 5.99>
ST_185 : Operation 1042 [1/2] (5.18ns)   --->   "%tmp_90 = fcmp ogt half %y, 0x0" [main_5_slices.cpp:53->main_5_slices.cpp:114]   --->   Operation 1042 'hcmp' 'tmp_90' <Predicate = true> <Delay = 5.18> <Core = "HCmp">   --->   Core 98 'HCmp' <Latency = 1> <II = 1> <Delay = 5.18> <FuncUnit> <Opcode : 'hcmp'> <InPorts = 2> <OutPorts = 1>
ST_185 : Operation 1043 [1/1] (0.80ns)   --->   "%y_4 = select i1 %tmp_90, half %y, half 0x0" [main_5_slices.cpp:53->main_5_slices.cpp:114]   --->   Operation 1043 'select' 'y_4' <Predicate = true> <Delay = 0.80> <Core = "Sel">   --->   Core 26 'Sel' <Latency = 0> <II = 1> <Delay = 0.80> <FuncUnit> <Opcode : 'select'> <InPorts = 3> <OutPorts = 1>
ST_185 : Operation 1044 [1/1] (3.20ns)   --->   "%tmp_11 = call half @_ssdm_op_Mux.ap_auto.32half.i5(half %pool_acc_0_3, half %pool_acc_1_3, half %pool_acc_2_3, half %pool_acc_3_3, half %pool_acc_4_3, half %pool_acc_5_3, half %pool_acc_6_3, half %pool_acc_7_3, half %pool_acc_8_3, half %pool_acc_9_3, half %pool_acc_10_3, half %pool_acc_11_3, half %pool_acc_12_3, half %pool_acc_13_3, half %pool_acc_14_3, half %pool_acc_15_3, half %pool_acc_16_3, half %pool_acc_17_3, half %pool_acc_18_3, half %pool_acc_19_3, half %pool_acc_20_3, half %pool_acc_21_3, half %pool_acc_22_3, half %pool_acc_23_3, half %pool_acc_24_3, half %pool_acc_25_3, half %pool_acc_26_3, half %pool_acc_27_3, half %pool_acc_28_3, half %pool_acc_29_3, half %pool_acc_30_3, half %pool_acc_31_3, i5 %trunc_ln113)" [main_5_slices.cpp:115]   --->   Operation 1044 'mux' 'tmp_11' <Predicate = true> <Delay = 3.20> <Core = "MuxnS">   --->   Core 31 'MuxnS' <Latency = 0> <II = 1> <Delay = 3.20> <FuncUnit> <Opcode : 'mux'> <InPorts = 2> <OutPorts = 1>

State 186 <SV = 19> <Delay = 7.61>
ST_186 : Operation 1045 [5/5] (7.61ns)   --->   "%pool_acc_0 = fadd half %tmp_11, %y_4" [main_5_slices.cpp:115]   --->   Operation 1045 'hadd' 'pool_acc_0' <Predicate = true> <Delay = 7.61> <Core = "HAddSub">   --->   Core 90 'HAddSub' <Latency = 4> <II = 1> <Delay = 7.61> <FuncUnit> <Opcode : 'hadd' 'hsub'> <InPorts = 2> <OutPorts = 1>

State 187 <SV = 20> <Delay = 7.61>
ST_187 : Operation 1046 [4/5] (7.61ns)   --->   "%pool_acc_0 = fadd half %tmp_11, %y_4" [main_5_slices.cpp:115]   --->   Operation 1046 'hadd' 'pool_acc_0' <Predicate = true> <Delay = 7.61> <Core = "HAddSub">   --->   Core 90 'HAddSub' <Latency = 4> <II = 1> <Delay = 7.61> <FuncUnit> <Opcode : 'hadd' 'hsub'> <InPorts = 2> <OutPorts = 1>

State 188 <SV = 21> <Delay = 7.61>
ST_188 : Operation 1047 [3/5] (7.61ns)   --->   "%pool_acc_0 = fadd half %tmp_11, %y_4" [main_5_slices.cpp:115]   --->   Operation 1047 'hadd' 'pool_acc_0' <Predicate = true> <Delay = 7.61> <Core = "HAddSub">   --->   Core 90 'HAddSub' <Latency = 4> <II = 1> <Delay = 7.61> <FuncUnit> <Opcode : 'hadd' 'hsub'> <InPorts = 2> <OutPorts = 1>

State 189 <SV = 22> <Delay = 7.61>
ST_189 : Operation 1048 [2/5] (7.61ns)   --->   "%pool_acc_0 = fadd half %tmp_11, %y_4" [main_5_slices.cpp:115]   --->   Operation 1048 'hadd' 'pool_acc_0' <Predicate = true> <Delay = 7.61> <Core = "HAddSub">   --->   Core 90 'HAddSub' <Latency = 4> <II = 1> <Delay = 7.61> <FuncUnit> <Opcode : 'hadd' 'hsub'> <InPorts = 2> <OutPorts = 1>

State 190 <SV = 23> <Delay = 7.61>
ST_190 : Operation 1049 [1/5] (7.61ns)   --->   "%pool_acc_0 = fadd half %tmp_11, %y_4" [main_5_slices.cpp:115]   --->   Operation 1049 'hadd' 'pool_acc_0' <Predicate = true> <Delay = 7.61> <Core = "HAddSub">   --->   Core 90 'HAddSub' <Latency = 4> <II = 1> <Delay = 7.61> <FuncUnit> <Opcode : 'hadd' 'hsub'> <InPorts = 2> <OutPorts = 1>

State 191 <SV = 24> <Delay = 1.76>
ST_191 : Operation 1050 [1/1] (1.76ns)   --->   "switch i5 %trunc_ln113, label %branch63 [
    i5 0, label %Loop2Big_end
    i5 1, label %branch33
    i5 2, label %branch34
    i5 3, label %branch35
    i5 4, label %branch36
    i5 5, label %branch37
    i5 6, label %branch38
    i5 7, label %branch39
    i5 8, label %branch40
    i5 9, label %branch41
    i5 10, label %branch42
    i5 11, label %branch43
    i5 12, label %branch44
    i5 13, label %branch45
    i5 14, label %branch46
    i5 15, label %branch47
    i5 -16, label %branch48
    i5 -15, label %branch49
    i5 -14, label %branch50
    i5 -13, label %branch51
    i5 -12, label %branch52
    i5 -11, label %branch53
    i5 -10, label %branch54
    i5 -9, label %branch55
    i5 -8, label %branch56
    i5 -7, label %branch57
    i5 -6, label %branch58
    i5 -5, label %branch59
    i5 -4, label %branch60
    i5 -3, label %branch61
    i5 -2, label %branch62
  ]" [main_5_slices.cpp:115]   --->   Operation 1050 'switch' <Predicate = true> <Delay = 1.76>
ST_191 : Operation 1051 [1/1] (1.76ns)   --->   "br label %Loop2Big_end" [main_5_slices.cpp:115]   --->   Operation 1051 'br' <Predicate = (trunc_ln113 == 30)> <Delay = 1.76>
ST_191 : Operation 1052 [1/1] (1.76ns)   --->   "br label %Loop2Big_end" [main_5_slices.cpp:115]   --->   Operation 1052 'br' <Predicate = (trunc_ln113 == 29)> <Delay = 1.76>
ST_191 : Operation 1053 [1/1] (1.76ns)   --->   "br label %Loop2Big_end" [main_5_slices.cpp:115]   --->   Operation 1053 'br' <Predicate = (trunc_ln113 == 28)> <Delay = 1.76>
ST_191 : Operation 1054 [1/1] (1.76ns)   --->   "br label %Loop2Big_end" [main_5_slices.cpp:115]   --->   Operation 1054 'br' <Predicate = (trunc_ln113 == 27)> <Delay = 1.76>
ST_191 : Operation 1055 [1/1] (1.76ns)   --->   "br label %Loop2Big_end" [main_5_slices.cpp:115]   --->   Operation 1055 'br' <Predicate = (trunc_ln113 == 26)> <Delay = 1.76>
ST_191 : Operation 1056 [1/1] (1.76ns)   --->   "br label %Loop2Big_end" [main_5_slices.cpp:115]   --->   Operation 1056 'br' <Predicate = (trunc_ln113 == 25)> <Delay = 1.76>
ST_191 : Operation 1057 [1/1] (1.76ns)   --->   "br label %Loop2Big_end" [main_5_slices.cpp:115]   --->   Operation 1057 'br' <Predicate = (trunc_ln113 == 24)> <Delay = 1.76>
ST_191 : Operation 1058 [1/1] (1.76ns)   --->   "br label %Loop2Big_end" [main_5_slices.cpp:115]   --->   Operation 1058 'br' <Predicate = (trunc_ln113 == 23)> <Delay = 1.76>
ST_191 : Operation 1059 [1/1] (1.76ns)   --->   "br label %Loop2Big_end" [main_5_slices.cpp:115]   --->   Operation 1059 'br' <Predicate = (trunc_ln113 == 22)> <Delay = 1.76>
ST_191 : Operation 1060 [1/1] (1.76ns)   --->   "br label %Loop2Big_end" [main_5_slices.cpp:115]   --->   Operation 1060 'br' <Predicate = (trunc_ln113 == 21)> <Delay = 1.76>
ST_191 : Operation 1061 [1/1] (1.76ns)   --->   "br label %Loop2Big_end" [main_5_slices.cpp:115]   --->   Operation 1061 'br' <Predicate = (trunc_ln113 == 20)> <Delay = 1.76>
ST_191 : Operation 1062 [1/1] (1.76ns)   --->   "br label %Loop2Big_end" [main_5_slices.cpp:115]   --->   Operation 1062 'br' <Predicate = (trunc_ln113 == 19)> <Delay = 1.76>
ST_191 : Operation 1063 [1/1] (1.76ns)   --->   "br label %Loop2Big_end" [main_5_slices.cpp:115]   --->   Operation 1063 'br' <Predicate = (trunc_ln113 == 18)> <Delay = 1.76>
ST_191 : Operation 1064 [1/1] (1.76ns)   --->   "br label %Loop2Big_end" [main_5_slices.cpp:115]   --->   Operation 1064 'br' <Predicate = (trunc_ln113 == 17)> <Delay = 1.76>
ST_191 : Operation 1065 [1/1] (1.76ns)   --->   "br label %Loop2Big_end" [main_5_slices.cpp:115]   --->   Operation 1065 'br' <Predicate = (trunc_ln113 == 16)> <Delay = 1.76>
ST_191 : Operation 1066 [1/1] (1.76ns)   --->   "br label %Loop2Big_end" [main_5_slices.cpp:115]   --->   Operation 1066 'br' <Predicate = (trunc_ln113 == 15)> <Delay = 1.76>
ST_191 : Operation 1067 [1/1] (1.76ns)   --->   "br label %Loop2Big_end" [main_5_slices.cpp:115]   --->   Operation 1067 'br' <Predicate = (trunc_ln113 == 14)> <Delay = 1.76>
ST_191 : Operation 1068 [1/1] (1.76ns)   --->   "br label %Loop2Big_end" [main_5_slices.cpp:115]   --->   Operation 1068 'br' <Predicate = (trunc_ln113 == 13)> <Delay = 1.76>
ST_191 : Operation 1069 [1/1] (1.76ns)   --->   "br label %Loop2Big_end" [main_5_slices.cpp:115]   --->   Operation 1069 'br' <Predicate = (trunc_ln113 == 12)> <Delay = 1.76>
ST_191 : Operation 1070 [1/1] (1.76ns)   --->   "br label %Loop2Big_end" [main_5_slices.cpp:115]   --->   Operation 1070 'br' <Predicate = (trunc_ln113 == 11)> <Delay = 1.76>
ST_191 : Operation 1071 [1/1] (1.76ns)   --->   "br label %Loop2Big_end" [main_5_slices.cpp:115]   --->   Operation 1071 'br' <Predicate = (trunc_ln113 == 10)> <Delay = 1.76>
ST_191 : Operation 1072 [1/1] (1.76ns)   --->   "br label %Loop2Big_end" [main_5_slices.cpp:115]   --->   Operation 1072 'br' <Predicate = (trunc_ln113 == 9)> <Delay = 1.76>
ST_191 : Operation 1073 [1/1] (1.76ns)   --->   "br label %Loop2Big_end" [main_5_slices.cpp:115]   --->   Operation 1073 'br' <Predicate = (trunc_ln113 == 8)> <Delay = 1.76>
ST_191 : Operation 1074 [1/1] (1.76ns)   --->   "br label %Loop2Big_end" [main_5_slices.cpp:115]   --->   Operation 1074 'br' <Predicate = (trunc_ln113 == 7)> <Delay = 1.76>
ST_191 : Operation 1075 [1/1] (1.76ns)   --->   "br label %Loop2Big_end" [main_5_slices.cpp:115]   --->   Operation 1075 'br' <Predicate = (trunc_ln113 == 6)> <Delay = 1.76>
ST_191 : Operation 1076 [1/1] (1.76ns)   --->   "br label %Loop2Big_end" [main_5_slices.cpp:115]   --->   Operation 1076 'br' <Predicate = (trunc_ln113 == 5)> <Delay = 1.76>
ST_191 : Operation 1077 [1/1] (1.76ns)   --->   "br label %Loop2Big_end" [main_5_slices.cpp:115]   --->   Operation 1077 'br' <Predicate = (trunc_ln113 == 4)> <Delay = 1.76>
ST_191 : Operation 1078 [1/1] (1.76ns)   --->   "br label %Loop2Big_end" [main_5_slices.cpp:115]   --->   Operation 1078 'br' <Predicate = (trunc_ln113 == 3)> <Delay = 1.76>
ST_191 : Operation 1079 [1/1] (1.76ns)   --->   "br label %Loop2Big_end" [main_5_slices.cpp:115]   --->   Operation 1079 'br' <Predicate = (trunc_ln113 == 2)> <Delay = 1.76>
ST_191 : Operation 1080 [1/1] (1.76ns)   --->   "br label %Loop2Big_end" [main_5_slices.cpp:115]   --->   Operation 1080 'br' <Predicate = (trunc_ln113 == 1)> <Delay = 1.76>
ST_191 : Operation 1081 [1/1] (1.76ns)   --->   "br label %Loop2Big_end" [main_5_slices.cpp:115]   --->   Operation 1081 'br' <Predicate = (trunc_ln113 == 31)> <Delay = 1.76>

State 192 <SV = 25> <Delay = 0.00>
ST_192 : Operation 1082 [1/1] (0.00ns)   --->   "%pool_acc_31_4 = phi half [ %pool_acc_0, %branch63 ], [ %pool_acc_31_3, %branch62 ], [ %pool_acc_31_3, %branch61 ], [ %pool_acc_31_3, %branch60 ], [ %pool_acc_31_3, %branch59 ], [ %pool_acc_31_3, %branch58 ], [ %pool_acc_31_3, %branch57 ], [ %pool_acc_31_3, %branch56 ], [ %pool_acc_31_3, %branch55 ], [ %pool_acc_31_3, %branch54 ], [ %pool_acc_31_3, %branch53 ], [ %pool_acc_31_3, %branch52 ], [ %pool_acc_31_3, %branch51 ], [ %pool_acc_31_3, %branch50 ], [ %pool_acc_31_3, %branch49 ], [ %pool_acc_31_3, %branch48 ], [ %pool_acc_31_3, %branch47 ], [ %pool_acc_31_3, %branch46 ], [ %pool_acc_31_3, %branch45 ], [ %pool_acc_31_3, %branch44 ], [ %pool_acc_31_3, %branch43 ], [ %pool_acc_31_3, %branch42 ], [ %pool_acc_31_3, %branch41 ], [ %pool_acc_31_3, %branch40 ], [ %pool_acc_31_3, %branch39 ], [ %pool_acc_31_3, %branch38 ], [ %pool_acc_31_3, %branch37 ], [ %pool_acc_31_3, %branch36 ], [ %pool_acc_31_3, %branch35 ], [ %pool_acc_31_3, %branch34 ], [ %pool_acc_31_3, %branch33 ], [ %pool_acc_31_3, %3 ]"   --->   Operation 1082 'phi' 'pool_acc_31_4' <Predicate = true> <Delay = 0.00>
ST_192 : Operation 1083 [1/1] (0.00ns)   --->   "%pool_acc_30_4 = phi half [ %pool_acc_30_3, %branch63 ], [ %pool_acc_0, %branch62 ], [ %pool_acc_30_3, %branch61 ], [ %pool_acc_30_3, %branch60 ], [ %pool_acc_30_3, %branch59 ], [ %pool_acc_30_3, %branch58 ], [ %pool_acc_30_3, %branch57 ], [ %pool_acc_30_3, %branch56 ], [ %pool_acc_30_3, %branch55 ], [ %pool_acc_30_3, %branch54 ], [ %pool_acc_30_3, %branch53 ], [ %pool_acc_30_3, %branch52 ], [ %pool_acc_30_3, %branch51 ], [ %pool_acc_30_3, %branch50 ], [ %pool_acc_30_3, %branch49 ], [ %pool_acc_30_3, %branch48 ], [ %pool_acc_30_3, %branch47 ], [ %pool_acc_30_3, %branch46 ], [ %pool_acc_30_3, %branch45 ], [ %pool_acc_30_3, %branch44 ], [ %pool_acc_30_3, %branch43 ], [ %pool_acc_30_3, %branch42 ], [ %pool_acc_30_3, %branch41 ], [ %pool_acc_30_3, %branch40 ], [ %pool_acc_30_3, %branch39 ], [ %pool_acc_30_3, %branch38 ], [ %pool_acc_30_3, %branch37 ], [ %pool_acc_30_3, %branch36 ], [ %pool_acc_30_3, %branch35 ], [ %pool_acc_30_3, %branch34 ], [ %pool_acc_30_3, %branch33 ], [ %pool_acc_30_3, %3 ]"   --->   Operation 1083 'phi' 'pool_acc_30_4' <Predicate = true> <Delay = 0.00>
ST_192 : Operation 1084 [1/1] (0.00ns)   --->   "%pool_acc_29_4 = phi half [ %pool_acc_29_3, %branch63 ], [ %pool_acc_29_3, %branch62 ], [ %pool_acc_0, %branch61 ], [ %pool_acc_29_3, %branch60 ], [ %pool_acc_29_3, %branch59 ], [ %pool_acc_29_3, %branch58 ], [ %pool_acc_29_3, %branch57 ], [ %pool_acc_29_3, %branch56 ], [ %pool_acc_29_3, %branch55 ], [ %pool_acc_29_3, %branch54 ], [ %pool_acc_29_3, %branch53 ], [ %pool_acc_29_3, %branch52 ], [ %pool_acc_29_3, %branch51 ], [ %pool_acc_29_3, %branch50 ], [ %pool_acc_29_3, %branch49 ], [ %pool_acc_29_3, %branch48 ], [ %pool_acc_29_3, %branch47 ], [ %pool_acc_29_3, %branch46 ], [ %pool_acc_29_3, %branch45 ], [ %pool_acc_29_3, %branch44 ], [ %pool_acc_29_3, %branch43 ], [ %pool_acc_29_3, %branch42 ], [ %pool_acc_29_3, %branch41 ], [ %pool_acc_29_3, %branch40 ], [ %pool_acc_29_3, %branch39 ], [ %pool_acc_29_3, %branch38 ], [ %pool_acc_29_3, %branch37 ], [ %pool_acc_29_3, %branch36 ], [ %pool_acc_29_3, %branch35 ], [ %pool_acc_29_3, %branch34 ], [ %pool_acc_29_3, %branch33 ], [ %pool_acc_29_3, %3 ]"   --->   Operation 1084 'phi' 'pool_acc_29_4' <Predicate = true> <Delay = 0.00>
ST_192 : Operation 1085 [1/1] (0.00ns)   --->   "%pool_acc_28_4 = phi half [ %pool_acc_28_3, %branch63 ], [ %pool_acc_28_3, %branch62 ], [ %pool_acc_28_3, %branch61 ], [ %pool_acc_0, %branch60 ], [ %pool_acc_28_3, %branch59 ], [ %pool_acc_28_3, %branch58 ], [ %pool_acc_28_3, %branch57 ], [ %pool_acc_28_3, %branch56 ], [ %pool_acc_28_3, %branch55 ], [ %pool_acc_28_3, %branch54 ], [ %pool_acc_28_3, %branch53 ], [ %pool_acc_28_3, %branch52 ], [ %pool_acc_28_3, %branch51 ], [ %pool_acc_28_3, %branch50 ], [ %pool_acc_28_3, %branch49 ], [ %pool_acc_28_3, %branch48 ], [ %pool_acc_28_3, %branch47 ], [ %pool_acc_28_3, %branch46 ], [ %pool_acc_28_3, %branch45 ], [ %pool_acc_28_3, %branch44 ], [ %pool_acc_28_3, %branch43 ], [ %pool_acc_28_3, %branch42 ], [ %pool_acc_28_3, %branch41 ], [ %pool_acc_28_3, %branch40 ], [ %pool_acc_28_3, %branch39 ], [ %pool_acc_28_3, %branch38 ], [ %pool_acc_28_3, %branch37 ], [ %pool_acc_28_3, %branch36 ], [ %pool_acc_28_3, %branch35 ], [ %pool_acc_28_3, %branch34 ], [ %pool_acc_28_3, %branch33 ], [ %pool_acc_28_3, %3 ]"   --->   Operation 1085 'phi' 'pool_acc_28_4' <Predicate = true> <Delay = 0.00>
ST_192 : Operation 1086 [1/1] (0.00ns)   --->   "%pool_acc_27_4 = phi half [ %pool_acc_27_3, %branch63 ], [ %pool_acc_27_3, %branch62 ], [ %pool_acc_27_3, %branch61 ], [ %pool_acc_27_3, %branch60 ], [ %pool_acc_0, %branch59 ], [ %pool_acc_27_3, %branch58 ], [ %pool_acc_27_3, %branch57 ], [ %pool_acc_27_3, %branch56 ], [ %pool_acc_27_3, %branch55 ], [ %pool_acc_27_3, %branch54 ], [ %pool_acc_27_3, %branch53 ], [ %pool_acc_27_3, %branch52 ], [ %pool_acc_27_3, %branch51 ], [ %pool_acc_27_3, %branch50 ], [ %pool_acc_27_3, %branch49 ], [ %pool_acc_27_3, %branch48 ], [ %pool_acc_27_3, %branch47 ], [ %pool_acc_27_3, %branch46 ], [ %pool_acc_27_3, %branch45 ], [ %pool_acc_27_3, %branch44 ], [ %pool_acc_27_3, %branch43 ], [ %pool_acc_27_3, %branch42 ], [ %pool_acc_27_3, %branch41 ], [ %pool_acc_27_3, %branch40 ], [ %pool_acc_27_3, %branch39 ], [ %pool_acc_27_3, %branch38 ], [ %pool_acc_27_3, %branch37 ], [ %pool_acc_27_3, %branch36 ], [ %pool_acc_27_3, %branch35 ], [ %pool_acc_27_3, %branch34 ], [ %pool_acc_27_3, %branch33 ], [ %pool_acc_27_3, %3 ]"   --->   Operation 1086 'phi' 'pool_acc_27_4' <Predicate = true> <Delay = 0.00>
ST_192 : Operation 1087 [1/1] (0.00ns)   --->   "%pool_acc_26_4 = phi half [ %pool_acc_26_3, %branch63 ], [ %pool_acc_26_3, %branch62 ], [ %pool_acc_26_3, %branch61 ], [ %pool_acc_26_3, %branch60 ], [ %pool_acc_26_3, %branch59 ], [ %pool_acc_0, %branch58 ], [ %pool_acc_26_3, %branch57 ], [ %pool_acc_26_3, %branch56 ], [ %pool_acc_26_3, %branch55 ], [ %pool_acc_26_3, %branch54 ], [ %pool_acc_26_3, %branch53 ], [ %pool_acc_26_3, %branch52 ], [ %pool_acc_26_3, %branch51 ], [ %pool_acc_26_3, %branch50 ], [ %pool_acc_26_3, %branch49 ], [ %pool_acc_26_3, %branch48 ], [ %pool_acc_26_3, %branch47 ], [ %pool_acc_26_3, %branch46 ], [ %pool_acc_26_3, %branch45 ], [ %pool_acc_26_3, %branch44 ], [ %pool_acc_26_3, %branch43 ], [ %pool_acc_26_3, %branch42 ], [ %pool_acc_26_3, %branch41 ], [ %pool_acc_26_3, %branch40 ], [ %pool_acc_26_3, %branch39 ], [ %pool_acc_26_3, %branch38 ], [ %pool_acc_26_3, %branch37 ], [ %pool_acc_26_3, %branch36 ], [ %pool_acc_26_3, %branch35 ], [ %pool_acc_26_3, %branch34 ], [ %pool_acc_26_3, %branch33 ], [ %pool_acc_26_3, %3 ]"   --->   Operation 1087 'phi' 'pool_acc_26_4' <Predicate = true> <Delay = 0.00>
ST_192 : Operation 1088 [1/1] (0.00ns)   --->   "%pool_acc_25_4 = phi half [ %pool_acc_25_3, %branch63 ], [ %pool_acc_25_3, %branch62 ], [ %pool_acc_25_3, %branch61 ], [ %pool_acc_25_3, %branch60 ], [ %pool_acc_25_3, %branch59 ], [ %pool_acc_25_3, %branch58 ], [ %pool_acc_0, %branch57 ], [ %pool_acc_25_3, %branch56 ], [ %pool_acc_25_3, %branch55 ], [ %pool_acc_25_3, %branch54 ], [ %pool_acc_25_3, %branch53 ], [ %pool_acc_25_3, %branch52 ], [ %pool_acc_25_3, %branch51 ], [ %pool_acc_25_3, %branch50 ], [ %pool_acc_25_3, %branch49 ], [ %pool_acc_25_3, %branch48 ], [ %pool_acc_25_3, %branch47 ], [ %pool_acc_25_3, %branch46 ], [ %pool_acc_25_3, %branch45 ], [ %pool_acc_25_3, %branch44 ], [ %pool_acc_25_3, %branch43 ], [ %pool_acc_25_3, %branch42 ], [ %pool_acc_25_3, %branch41 ], [ %pool_acc_25_3, %branch40 ], [ %pool_acc_25_3, %branch39 ], [ %pool_acc_25_3, %branch38 ], [ %pool_acc_25_3, %branch37 ], [ %pool_acc_25_3, %branch36 ], [ %pool_acc_25_3, %branch35 ], [ %pool_acc_25_3, %branch34 ], [ %pool_acc_25_3, %branch33 ], [ %pool_acc_25_3, %3 ]"   --->   Operation 1088 'phi' 'pool_acc_25_4' <Predicate = true> <Delay = 0.00>
ST_192 : Operation 1089 [1/1] (0.00ns)   --->   "%pool_acc_24_4 = phi half [ %pool_acc_24_3, %branch63 ], [ %pool_acc_24_3, %branch62 ], [ %pool_acc_24_3, %branch61 ], [ %pool_acc_24_3, %branch60 ], [ %pool_acc_24_3, %branch59 ], [ %pool_acc_24_3, %branch58 ], [ %pool_acc_24_3, %branch57 ], [ %pool_acc_0, %branch56 ], [ %pool_acc_24_3, %branch55 ], [ %pool_acc_24_3, %branch54 ], [ %pool_acc_24_3, %branch53 ], [ %pool_acc_24_3, %branch52 ], [ %pool_acc_24_3, %branch51 ], [ %pool_acc_24_3, %branch50 ], [ %pool_acc_24_3, %branch49 ], [ %pool_acc_24_3, %branch48 ], [ %pool_acc_24_3, %branch47 ], [ %pool_acc_24_3, %branch46 ], [ %pool_acc_24_3, %branch45 ], [ %pool_acc_24_3, %branch44 ], [ %pool_acc_24_3, %branch43 ], [ %pool_acc_24_3, %branch42 ], [ %pool_acc_24_3, %branch41 ], [ %pool_acc_24_3, %branch40 ], [ %pool_acc_24_3, %branch39 ], [ %pool_acc_24_3, %branch38 ], [ %pool_acc_24_3, %branch37 ], [ %pool_acc_24_3, %branch36 ], [ %pool_acc_24_3, %branch35 ], [ %pool_acc_24_3, %branch34 ], [ %pool_acc_24_3, %branch33 ], [ %pool_acc_24_3, %3 ]"   --->   Operation 1089 'phi' 'pool_acc_24_4' <Predicate = true> <Delay = 0.00>
ST_192 : Operation 1090 [1/1] (0.00ns)   --->   "%pool_acc_23_4 = phi half [ %pool_acc_23_3, %branch63 ], [ %pool_acc_23_3, %branch62 ], [ %pool_acc_23_3, %branch61 ], [ %pool_acc_23_3, %branch60 ], [ %pool_acc_23_3, %branch59 ], [ %pool_acc_23_3, %branch58 ], [ %pool_acc_23_3, %branch57 ], [ %pool_acc_23_3, %branch56 ], [ %pool_acc_0, %branch55 ], [ %pool_acc_23_3, %branch54 ], [ %pool_acc_23_3, %branch53 ], [ %pool_acc_23_3, %branch52 ], [ %pool_acc_23_3, %branch51 ], [ %pool_acc_23_3, %branch50 ], [ %pool_acc_23_3, %branch49 ], [ %pool_acc_23_3, %branch48 ], [ %pool_acc_23_3, %branch47 ], [ %pool_acc_23_3, %branch46 ], [ %pool_acc_23_3, %branch45 ], [ %pool_acc_23_3, %branch44 ], [ %pool_acc_23_3, %branch43 ], [ %pool_acc_23_3, %branch42 ], [ %pool_acc_23_3, %branch41 ], [ %pool_acc_23_3, %branch40 ], [ %pool_acc_23_3, %branch39 ], [ %pool_acc_23_3, %branch38 ], [ %pool_acc_23_3, %branch37 ], [ %pool_acc_23_3, %branch36 ], [ %pool_acc_23_3, %branch35 ], [ %pool_acc_23_3, %branch34 ], [ %pool_acc_23_3, %branch33 ], [ %pool_acc_23_3, %3 ]"   --->   Operation 1090 'phi' 'pool_acc_23_4' <Predicate = true> <Delay = 0.00>
ST_192 : Operation 1091 [1/1] (0.00ns)   --->   "%pool_acc_22_4 = phi half [ %pool_acc_22_3, %branch63 ], [ %pool_acc_22_3, %branch62 ], [ %pool_acc_22_3, %branch61 ], [ %pool_acc_22_3, %branch60 ], [ %pool_acc_22_3, %branch59 ], [ %pool_acc_22_3, %branch58 ], [ %pool_acc_22_3, %branch57 ], [ %pool_acc_22_3, %branch56 ], [ %pool_acc_22_3, %branch55 ], [ %pool_acc_0, %branch54 ], [ %pool_acc_22_3, %branch53 ], [ %pool_acc_22_3, %branch52 ], [ %pool_acc_22_3, %branch51 ], [ %pool_acc_22_3, %branch50 ], [ %pool_acc_22_3, %branch49 ], [ %pool_acc_22_3, %branch48 ], [ %pool_acc_22_3, %branch47 ], [ %pool_acc_22_3, %branch46 ], [ %pool_acc_22_3, %branch45 ], [ %pool_acc_22_3, %branch44 ], [ %pool_acc_22_3, %branch43 ], [ %pool_acc_22_3, %branch42 ], [ %pool_acc_22_3, %branch41 ], [ %pool_acc_22_3, %branch40 ], [ %pool_acc_22_3, %branch39 ], [ %pool_acc_22_3, %branch38 ], [ %pool_acc_22_3, %branch37 ], [ %pool_acc_22_3, %branch36 ], [ %pool_acc_22_3, %branch35 ], [ %pool_acc_22_3, %branch34 ], [ %pool_acc_22_3, %branch33 ], [ %pool_acc_22_3, %3 ]"   --->   Operation 1091 'phi' 'pool_acc_22_4' <Predicate = true> <Delay = 0.00>
ST_192 : Operation 1092 [1/1] (0.00ns)   --->   "%pool_acc_21_4 = phi half [ %pool_acc_21_3, %branch63 ], [ %pool_acc_21_3, %branch62 ], [ %pool_acc_21_3, %branch61 ], [ %pool_acc_21_3, %branch60 ], [ %pool_acc_21_3, %branch59 ], [ %pool_acc_21_3, %branch58 ], [ %pool_acc_21_3, %branch57 ], [ %pool_acc_21_3, %branch56 ], [ %pool_acc_21_3, %branch55 ], [ %pool_acc_21_3, %branch54 ], [ %pool_acc_0, %branch53 ], [ %pool_acc_21_3, %branch52 ], [ %pool_acc_21_3, %branch51 ], [ %pool_acc_21_3, %branch50 ], [ %pool_acc_21_3, %branch49 ], [ %pool_acc_21_3, %branch48 ], [ %pool_acc_21_3, %branch47 ], [ %pool_acc_21_3, %branch46 ], [ %pool_acc_21_3, %branch45 ], [ %pool_acc_21_3, %branch44 ], [ %pool_acc_21_3, %branch43 ], [ %pool_acc_21_3, %branch42 ], [ %pool_acc_21_3, %branch41 ], [ %pool_acc_21_3, %branch40 ], [ %pool_acc_21_3, %branch39 ], [ %pool_acc_21_3, %branch38 ], [ %pool_acc_21_3, %branch37 ], [ %pool_acc_21_3, %branch36 ], [ %pool_acc_21_3, %branch35 ], [ %pool_acc_21_3, %branch34 ], [ %pool_acc_21_3, %branch33 ], [ %pool_acc_21_3, %3 ]"   --->   Operation 1092 'phi' 'pool_acc_21_4' <Predicate = true> <Delay = 0.00>
ST_192 : Operation 1093 [1/1] (0.00ns)   --->   "%pool_acc_20_4 = phi half [ %pool_acc_20_3, %branch63 ], [ %pool_acc_20_3, %branch62 ], [ %pool_acc_20_3, %branch61 ], [ %pool_acc_20_3, %branch60 ], [ %pool_acc_20_3, %branch59 ], [ %pool_acc_20_3, %branch58 ], [ %pool_acc_20_3, %branch57 ], [ %pool_acc_20_3, %branch56 ], [ %pool_acc_20_3, %branch55 ], [ %pool_acc_20_3, %branch54 ], [ %pool_acc_20_3, %branch53 ], [ %pool_acc_0, %branch52 ], [ %pool_acc_20_3, %branch51 ], [ %pool_acc_20_3, %branch50 ], [ %pool_acc_20_3, %branch49 ], [ %pool_acc_20_3, %branch48 ], [ %pool_acc_20_3, %branch47 ], [ %pool_acc_20_3, %branch46 ], [ %pool_acc_20_3, %branch45 ], [ %pool_acc_20_3, %branch44 ], [ %pool_acc_20_3, %branch43 ], [ %pool_acc_20_3, %branch42 ], [ %pool_acc_20_3, %branch41 ], [ %pool_acc_20_3, %branch40 ], [ %pool_acc_20_3, %branch39 ], [ %pool_acc_20_3, %branch38 ], [ %pool_acc_20_3, %branch37 ], [ %pool_acc_20_3, %branch36 ], [ %pool_acc_20_3, %branch35 ], [ %pool_acc_20_3, %branch34 ], [ %pool_acc_20_3, %branch33 ], [ %pool_acc_20_3, %3 ]"   --->   Operation 1093 'phi' 'pool_acc_20_4' <Predicate = true> <Delay = 0.00>
ST_192 : Operation 1094 [1/1] (0.00ns)   --->   "%pool_acc_19_4 = phi half [ %pool_acc_19_3, %branch63 ], [ %pool_acc_19_3, %branch62 ], [ %pool_acc_19_3, %branch61 ], [ %pool_acc_19_3, %branch60 ], [ %pool_acc_19_3, %branch59 ], [ %pool_acc_19_3, %branch58 ], [ %pool_acc_19_3, %branch57 ], [ %pool_acc_19_3, %branch56 ], [ %pool_acc_19_3, %branch55 ], [ %pool_acc_19_3, %branch54 ], [ %pool_acc_19_3, %branch53 ], [ %pool_acc_19_3, %branch52 ], [ %pool_acc_0, %branch51 ], [ %pool_acc_19_3, %branch50 ], [ %pool_acc_19_3, %branch49 ], [ %pool_acc_19_3, %branch48 ], [ %pool_acc_19_3, %branch47 ], [ %pool_acc_19_3, %branch46 ], [ %pool_acc_19_3, %branch45 ], [ %pool_acc_19_3, %branch44 ], [ %pool_acc_19_3, %branch43 ], [ %pool_acc_19_3, %branch42 ], [ %pool_acc_19_3, %branch41 ], [ %pool_acc_19_3, %branch40 ], [ %pool_acc_19_3, %branch39 ], [ %pool_acc_19_3, %branch38 ], [ %pool_acc_19_3, %branch37 ], [ %pool_acc_19_3, %branch36 ], [ %pool_acc_19_3, %branch35 ], [ %pool_acc_19_3, %branch34 ], [ %pool_acc_19_3, %branch33 ], [ %pool_acc_19_3, %3 ]"   --->   Operation 1094 'phi' 'pool_acc_19_4' <Predicate = true> <Delay = 0.00>
ST_192 : Operation 1095 [1/1] (0.00ns)   --->   "%pool_acc_18_4 = phi half [ %pool_acc_18_3, %branch63 ], [ %pool_acc_18_3, %branch62 ], [ %pool_acc_18_3, %branch61 ], [ %pool_acc_18_3, %branch60 ], [ %pool_acc_18_3, %branch59 ], [ %pool_acc_18_3, %branch58 ], [ %pool_acc_18_3, %branch57 ], [ %pool_acc_18_3, %branch56 ], [ %pool_acc_18_3, %branch55 ], [ %pool_acc_18_3, %branch54 ], [ %pool_acc_18_3, %branch53 ], [ %pool_acc_18_3, %branch52 ], [ %pool_acc_18_3, %branch51 ], [ %pool_acc_0, %branch50 ], [ %pool_acc_18_3, %branch49 ], [ %pool_acc_18_3, %branch48 ], [ %pool_acc_18_3, %branch47 ], [ %pool_acc_18_3, %branch46 ], [ %pool_acc_18_3, %branch45 ], [ %pool_acc_18_3, %branch44 ], [ %pool_acc_18_3, %branch43 ], [ %pool_acc_18_3, %branch42 ], [ %pool_acc_18_3, %branch41 ], [ %pool_acc_18_3, %branch40 ], [ %pool_acc_18_3, %branch39 ], [ %pool_acc_18_3, %branch38 ], [ %pool_acc_18_3, %branch37 ], [ %pool_acc_18_3, %branch36 ], [ %pool_acc_18_3, %branch35 ], [ %pool_acc_18_3, %branch34 ], [ %pool_acc_18_3, %branch33 ], [ %pool_acc_18_3, %3 ]"   --->   Operation 1095 'phi' 'pool_acc_18_4' <Predicate = true> <Delay = 0.00>
ST_192 : Operation 1096 [1/1] (0.00ns)   --->   "%pool_acc_17_4 = phi half [ %pool_acc_17_3, %branch63 ], [ %pool_acc_17_3, %branch62 ], [ %pool_acc_17_3, %branch61 ], [ %pool_acc_17_3, %branch60 ], [ %pool_acc_17_3, %branch59 ], [ %pool_acc_17_3, %branch58 ], [ %pool_acc_17_3, %branch57 ], [ %pool_acc_17_3, %branch56 ], [ %pool_acc_17_3, %branch55 ], [ %pool_acc_17_3, %branch54 ], [ %pool_acc_17_3, %branch53 ], [ %pool_acc_17_3, %branch52 ], [ %pool_acc_17_3, %branch51 ], [ %pool_acc_17_3, %branch50 ], [ %pool_acc_0, %branch49 ], [ %pool_acc_17_3, %branch48 ], [ %pool_acc_17_3, %branch47 ], [ %pool_acc_17_3, %branch46 ], [ %pool_acc_17_3, %branch45 ], [ %pool_acc_17_3, %branch44 ], [ %pool_acc_17_3, %branch43 ], [ %pool_acc_17_3, %branch42 ], [ %pool_acc_17_3, %branch41 ], [ %pool_acc_17_3, %branch40 ], [ %pool_acc_17_3, %branch39 ], [ %pool_acc_17_3, %branch38 ], [ %pool_acc_17_3, %branch37 ], [ %pool_acc_17_3, %branch36 ], [ %pool_acc_17_3, %branch35 ], [ %pool_acc_17_3, %branch34 ], [ %pool_acc_17_3, %branch33 ], [ %pool_acc_17_3, %3 ]"   --->   Operation 1096 'phi' 'pool_acc_17_4' <Predicate = true> <Delay = 0.00>
ST_192 : Operation 1097 [1/1] (0.00ns)   --->   "%pool_acc_16_4 = phi half [ %pool_acc_16_3, %branch63 ], [ %pool_acc_16_3, %branch62 ], [ %pool_acc_16_3, %branch61 ], [ %pool_acc_16_3, %branch60 ], [ %pool_acc_16_3, %branch59 ], [ %pool_acc_16_3, %branch58 ], [ %pool_acc_16_3, %branch57 ], [ %pool_acc_16_3, %branch56 ], [ %pool_acc_16_3, %branch55 ], [ %pool_acc_16_3, %branch54 ], [ %pool_acc_16_3, %branch53 ], [ %pool_acc_16_3, %branch52 ], [ %pool_acc_16_3, %branch51 ], [ %pool_acc_16_3, %branch50 ], [ %pool_acc_16_3, %branch49 ], [ %pool_acc_0, %branch48 ], [ %pool_acc_16_3, %branch47 ], [ %pool_acc_16_3, %branch46 ], [ %pool_acc_16_3, %branch45 ], [ %pool_acc_16_3, %branch44 ], [ %pool_acc_16_3, %branch43 ], [ %pool_acc_16_3, %branch42 ], [ %pool_acc_16_3, %branch41 ], [ %pool_acc_16_3, %branch40 ], [ %pool_acc_16_3, %branch39 ], [ %pool_acc_16_3, %branch38 ], [ %pool_acc_16_3, %branch37 ], [ %pool_acc_16_3, %branch36 ], [ %pool_acc_16_3, %branch35 ], [ %pool_acc_16_3, %branch34 ], [ %pool_acc_16_3, %branch33 ], [ %pool_acc_16_3, %3 ]"   --->   Operation 1097 'phi' 'pool_acc_16_4' <Predicate = true> <Delay = 0.00>
ST_192 : Operation 1098 [1/1] (0.00ns)   --->   "%pool_acc_15_4 = phi half [ %pool_acc_15_3, %branch63 ], [ %pool_acc_15_3, %branch62 ], [ %pool_acc_15_3, %branch61 ], [ %pool_acc_15_3, %branch60 ], [ %pool_acc_15_3, %branch59 ], [ %pool_acc_15_3, %branch58 ], [ %pool_acc_15_3, %branch57 ], [ %pool_acc_15_3, %branch56 ], [ %pool_acc_15_3, %branch55 ], [ %pool_acc_15_3, %branch54 ], [ %pool_acc_15_3, %branch53 ], [ %pool_acc_15_3, %branch52 ], [ %pool_acc_15_3, %branch51 ], [ %pool_acc_15_3, %branch50 ], [ %pool_acc_15_3, %branch49 ], [ %pool_acc_15_3, %branch48 ], [ %pool_acc_0, %branch47 ], [ %pool_acc_15_3, %branch46 ], [ %pool_acc_15_3, %branch45 ], [ %pool_acc_15_3, %branch44 ], [ %pool_acc_15_3, %branch43 ], [ %pool_acc_15_3, %branch42 ], [ %pool_acc_15_3, %branch41 ], [ %pool_acc_15_3, %branch40 ], [ %pool_acc_15_3, %branch39 ], [ %pool_acc_15_3, %branch38 ], [ %pool_acc_15_3, %branch37 ], [ %pool_acc_15_3, %branch36 ], [ %pool_acc_15_3, %branch35 ], [ %pool_acc_15_3, %branch34 ], [ %pool_acc_15_3, %branch33 ], [ %pool_acc_15_3, %3 ]"   --->   Operation 1098 'phi' 'pool_acc_15_4' <Predicate = true> <Delay = 0.00>
ST_192 : Operation 1099 [1/1] (0.00ns)   --->   "%pool_acc_14_4 = phi half [ %pool_acc_14_3, %branch63 ], [ %pool_acc_14_3, %branch62 ], [ %pool_acc_14_3, %branch61 ], [ %pool_acc_14_3, %branch60 ], [ %pool_acc_14_3, %branch59 ], [ %pool_acc_14_3, %branch58 ], [ %pool_acc_14_3, %branch57 ], [ %pool_acc_14_3, %branch56 ], [ %pool_acc_14_3, %branch55 ], [ %pool_acc_14_3, %branch54 ], [ %pool_acc_14_3, %branch53 ], [ %pool_acc_14_3, %branch52 ], [ %pool_acc_14_3, %branch51 ], [ %pool_acc_14_3, %branch50 ], [ %pool_acc_14_3, %branch49 ], [ %pool_acc_14_3, %branch48 ], [ %pool_acc_14_3, %branch47 ], [ %pool_acc_0, %branch46 ], [ %pool_acc_14_3, %branch45 ], [ %pool_acc_14_3, %branch44 ], [ %pool_acc_14_3, %branch43 ], [ %pool_acc_14_3, %branch42 ], [ %pool_acc_14_3, %branch41 ], [ %pool_acc_14_3, %branch40 ], [ %pool_acc_14_3, %branch39 ], [ %pool_acc_14_3, %branch38 ], [ %pool_acc_14_3, %branch37 ], [ %pool_acc_14_3, %branch36 ], [ %pool_acc_14_3, %branch35 ], [ %pool_acc_14_3, %branch34 ], [ %pool_acc_14_3, %branch33 ], [ %pool_acc_14_3, %3 ]"   --->   Operation 1099 'phi' 'pool_acc_14_4' <Predicate = true> <Delay = 0.00>
ST_192 : Operation 1100 [1/1] (0.00ns)   --->   "%pool_acc_13_4 = phi half [ %pool_acc_13_3, %branch63 ], [ %pool_acc_13_3, %branch62 ], [ %pool_acc_13_3, %branch61 ], [ %pool_acc_13_3, %branch60 ], [ %pool_acc_13_3, %branch59 ], [ %pool_acc_13_3, %branch58 ], [ %pool_acc_13_3, %branch57 ], [ %pool_acc_13_3, %branch56 ], [ %pool_acc_13_3, %branch55 ], [ %pool_acc_13_3, %branch54 ], [ %pool_acc_13_3, %branch53 ], [ %pool_acc_13_3, %branch52 ], [ %pool_acc_13_3, %branch51 ], [ %pool_acc_13_3, %branch50 ], [ %pool_acc_13_3, %branch49 ], [ %pool_acc_13_3, %branch48 ], [ %pool_acc_13_3, %branch47 ], [ %pool_acc_13_3, %branch46 ], [ %pool_acc_0, %branch45 ], [ %pool_acc_13_3, %branch44 ], [ %pool_acc_13_3, %branch43 ], [ %pool_acc_13_3, %branch42 ], [ %pool_acc_13_3, %branch41 ], [ %pool_acc_13_3, %branch40 ], [ %pool_acc_13_3, %branch39 ], [ %pool_acc_13_3, %branch38 ], [ %pool_acc_13_3, %branch37 ], [ %pool_acc_13_3, %branch36 ], [ %pool_acc_13_3, %branch35 ], [ %pool_acc_13_3, %branch34 ], [ %pool_acc_13_3, %branch33 ], [ %pool_acc_13_3, %3 ]"   --->   Operation 1100 'phi' 'pool_acc_13_4' <Predicate = true> <Delay = 0.00>
ST_192 : Operation 1101 [1/1] (0.00ns)   --->   "%pool_acc_12_4 = phi half [ %pool_acc_12_3, %branch63 ], [ %pool_acc_12_3, %branch62 ], [ %pool_acc_12_3, %branch61 ], [ %pool_acc_12_3, %branch60 ], [ %pool_acc_12_3, %branch59 ], [ %pool_acc_12_3, %branch58 ], [ %pool_acc_12_3, %branch57 ], [ %pool_acc_12_3, %branch56 ], [ %pool_acc_12_3, %branch55 ], [ %pool_acc_12_3, %branch54 ], [ %pool_acc_12_3, %branch53 ], [ %pool_acc_12_3, %branch52 ], [ %pool_acc_12_3, %branch51 ], [ %pool_acc_12_3, %branch50 ], [ %pool_acc_12_3, %branch49 ], [ %pool_acc_12_3, %branch48 ], [ %pool_acc_12_3, %branch47 ], [ %pool_acc_12_3, %branch46 ], [ %pool_acc_12_3, %branch45 ], [ %pool_acc_0, %branch44 ], [ %pool_acc_12_3, %branch43 ], [ %pool_acc_12_3, %branch42 ], [ %pool_acc_12_3, %branch41 ], [ %pool_acc_12_3, %branch40 ], [ %pool_acc_12_3, %branch39 ], [ %pool_acc_12_3, %branch38 ], [ %pool_acc_12_3, %branch37 ], [ %pool_acc_12_3, %branch36 ], [ %pool_acc_12_3, %branch35 ], [ %pool_acc_12_3, %branch34 ], [ %pool_acc_12_3, %branch33 ], [ %pool_acc_12_3, %3 ]"   --->   Operation 1101 'phi' 'pool_acc_12_4' <Predicate = true> <Delay = 0.00>
ST_192 : Operation 1102 [1/1] (0.00ns)   --->   "%pool_acc_11_4 = phi half [ %pool_acc_11_3, %branch63 ], [ %pool_acc_11_3, %branch62 ], [ %pool_acc_11_3, %branch61 ], [ %pool_acc_11_3, %branch60 ], [ %pool_acc_11_3, %branch59 ], [ %pool_acc_11_3, %branch58 ], [ %pool_acc_11_3, %branch57 ], [ %pool_acc_11_3, %branch56 ], [ %pool_acc_11_3, %branch55 ], [ %pool_acc_11_3, %branch54 ], [ %pool_acc_11_3, %branch53 ], [ %pool_acc_11_3, %branch52 ], [ %pool_acc_11_3, %branch51 ], [ %pool_acc_11_3, %branch50 ], [ %pool_acc_11_3, %branch49 ], [ %pool_acc_11_3, %branch48 ], [ %pool_acc_11_3, %branch47 ], [ %pool_acc_11_3, %branch46 ], [ %pool_acc_11_3, %branch45 ], [ %pool_acc_11_3, %branch44 ], [ %pool_acc_0, %branch43 ], [ %pool_acc_11_3, %branch42 ], [ %pool_acc_11_3, %branch41 ], [ %pool_acc_11_3, %branch40 ], [ %pool_acc_11_3, %branch39 ], [ %pool_acc_11_3, %branch38 ], [ %pool_acc_11_3, %branch37 ], [ %pool_acc_11_3, %branch36 ], [ %pool_acc_11_3, %branch35 ], [ %pool_acc_11_3, %branch34 ], [ %pool_acc_11_3, %branch33 ], [ %pool_acc_11_3, %3 ]"   --->   Operation 1102 'phi' 'pool_acc_11_4' <Predicate = true> <Delay = 0.00>
ST_192 : Operation 1103 [1/1] (0.00ns)   --->   "%pool_acc_10_4 = phi half [ %pool_acc_10_3, %branch63 ], [ %pool_acc_10_3, %branch62 ], [ %pool_acc_10_3, %branch61 ], [ %pool_acc_10_3, %branch60 ], [ %pool_acc_10_3, %branch59 ], [ %pool_acc_10_3, %branch58 ], [ %pool_acc_10_3, %branch57 ], [ %pool_acc_10_3, %branch56 ], [ %pool_acc_10_3, %branch55 ], [ %pool_acc_10_3, %branch54 ], [ %pool_acc_10_3, %branch53 ], [ %pool_acc_10_3, %branch52 ], [ %pool_acc_10_3, %branch51 ], [ %pool_acc_10_3, %branch50 ], [ %pool_acc_10_3, %branch49 ], [ %pool_acc_10_3, %branch48 ], [ %pool_acc_10_3, %branch47 ], [ %pool_acc_10_3, %branch46 ], [ %pool_acc_10_3, %branch45 ], [ %pool_acc_10_3, %branch44 ], [ %pool_acc_10_3, %branch43 ], [ %pool_acc_0, %branch42 ], [ %pool_acc_10_3, %branch41 ], [ %pool_acc_10_3, %branch40 ], [ %pool_acc_10_3, %branch39 ], [ %pool_acc_10_3, %branch38 ], [ %pool_acc_10_3, %branch37 ], [ %pool_acc_10_3, %branch36 ], [ %pool_acc_10_3, %branch35 ], [ %pool_acc_10_3, %branch34 ], [ %pool_acc_10_3, %branch33 ], [ %pool_acc_10_3, %3 ]"   --->   Operation 1103 'phi' 'pool_acc_10_4' <Predicate = true> <Delay = 0.00>
ST_192 : Operation 1104 [1/1] (0.00ns)   --->   "%pool_acc_9_4 = phi half [ %pool_acc_9_3, %branch63 ], [ %pool_acc_9_3, %branch62 ], [ %pool_acc_9_3, %branch61 ], [ %pool_acc_9_3, %branch60 ], [ %pool_acc_9_3, %branch59 ], [ %pool_acc_9_3, %branch58 ], [ %pool_acc_9_3, %branch57 ], [ %pool_acc_9_3, %branch56 ], [ %pool_acc_9_3, %branch55 ], [ %pool_acc_9_3, %branch54 ], [ %pool_acc_9_3, %branch53 ], [ %pool_acc_9_3, %branch52 ], [ %pool_acc_9_3, %branch51 ], [ %pool_acc_9_3, %branch50 ], [ %pool_acc_9_3, %branch49 ], [ %pool_acc_9_3, %branch48 ], [ %pool_acc_9_3, %branch47 ], [ %pool_acc_9_3, %branch46 ], [ %pool_acc_9_3, %branch45 ], [ %pool_acc_9_3, %branch44 ], [ %pool_acc_9_3, %branch43 ], [ %pool_acc_9_3, %branch42 ], [ %pool_acc_0, %branch41 ], [ %pool_acc_9_3, %branch40 ], [ %pool_acc_9_3, %branch39 ], [ %pool_acc_9_3, %branch38 ], [ %pool_acc_9_3, %branch37 ], [ %pool_acc_9_3, %branch36 ], [ %pool_acc_9_3, %branch35 ], [ %pool_acc_9_3, %branch34 ], [ %pool_acc_9_3, %branch33 ], [ %pool_acc_9_3, %3 ]"   --->   Operation 1104 'phi' 'pool_acc_9_4' <Predicate = true> <Delay = 0.00>
ST_192 : Operation 1105 [1/1] (0.00ns)   --->   "%pool_acc_8_4 = phi half [ %pool_acc_8_3, %branch63 ], [ %pool_acc_8_3, %branch62 ], [ %pool_acc_8_3, %branch61 ], [ %pool_acc_8_3, %branch60 ], [ %pool_acc_8_3, %branch59 ], [ %pool_acc_8_3, %branch58 ], [ %pool_acc_8_3, %branch57 ], [ %pool_acc_8_3, %branch56 ], [ %pool_acc_8_3, %branch55 ], [ %pool_acc_8_3, %branch54 ], [ %pool_acc_8_3, %branch53 ], [ %pool_acc_8_3, %branch52 ], [ %pool_acc_8_3, %branch51 ], [ %pool_acc_8_3, %branch50 ], [ %pool_acc_8_3, %branch49 ], [ %pool_acc_8_3, %branch48 ], [ %pool_acc_8_3, %branch47 ], [ %pool_acc_8_3, %branch46 ], [ %pool_acc_8_3, %branch45 ], [ %pool_acc_8_3, %branch44 ], [ %pool_acc_8_3, %branch43 ], [ %pool_acc_8_3, %branch42 ], [ %pool_acc_8_3, %branch41 ], [ %pool_acc_0, %branch40 ], [ %pool_acc_8_3, %branch39 ], [ %pool_acc_8_3, %branch38 ], [ %pool_acc_8_3, %branch37 ], [ %pool_acc_8_3, %branch36 ], [ %pool_acc_8_3, %branch35 ], [ %pool_acc_8_3, %branch34 ], [ %pool_acc_8_3, %branch33 ], [ %pool_acc_8_3, %3 ]"   --->   Operation 1105 'phi' 'pool_acc_8_4' <Predicate = true> <Delay = 0.00>
ST_192 : Operation 1106 [1/1] (0.00ns)   --->   "%pool_acc_7_4 = phi half [ %pool_acc_7_3, %branch63 ], [ %pool_acc_7_3, %branch62 ], [ %pool_acc_7_3, %branch61 ], [ %pool_acc_7_3, %branch60 ], [ %pool_acc_7_3, %branch59 ], [ %pool_acc_7_3, %branch58 ], [ %pool_acc_7_3, %branch57 ], [ %pool_acc_7_3, %branch56 ], [ %pool_acc_7_3, %branch55 ], [ %pool_acc_7_3, %branch54 ], [ %pool_acc_7_3, %branch53 ], [ %pool_acc_7_3, %branch52 ], [ %pool_acc_7_3, %branch51 ], [ %pool_acc_7_3, %branch50 ], [ %pool_acc_7_3, %branch49 ], [ %pool_acc_7_3, %branch48 ], [ %pool_acc_7_3, %branch47 ], [ %pool_acc_7_3, %branch46 ], [ %pool_acc_7_3, %branch45 ], [ %pool_acc_7_3, %branch44 ], [ %pool_acc_7_3, %branch43 ], [ %pool_acc_7_3, %branch42 ], [ %pool_acc_7_3, %branch41 ], [ %pool_acc_7_3, %branch40 ], [ %pool_acc_0, %branch39 ], [ %pool_acc_7_3, %branch38 ], [ %pool_acc_7_3, %branch37 ], [ %pool_acc_7_3, %branch36 ], [ %pool_acc_7_3, %branch35 ], [ %pool_acc_7_3, %branch34 ], [ %pool_acc_7_3, %branch33 ], [ %pool_acc_7_3, %3 ]"   --->   Operation 1106 'phi' 'pool_acc_7_4' <Predicate = true> <Delay = 0.00>
ST_192 : Operation 1107 [1/1] (0.00ns)   --->   "%pool_acc_6_4 = phi half [ %pool_acc_6_3, %branch63 ], [ %pool_acc_6_3, %branch62 ], [ %pool_acc_6_3, %branch61 ], [ %pool_acc_6_3, %branch60 ], [ %pool_acc_6_3, %branch59 ], [ %pool_acc_6_3, %branch58 ], [ %pool_acc_6_3, %branch57 ], [ %pool_acc_6_3, %branch56 ], [ %pool_acc_6_3, %branch55 ], [ %pool_acc_6_3, %branch54 ], [ %pool_acc_6_3, %branch53 ], [ %pool_acc_6_3, %branch52 ], [ %pool_acc_6_3, %branch51 ], [ %pool_acc_6_3, %branch50 ], [ %pool_acc_6_3, %branch49 ], [ %pool_acc_6_3, %branch48 ], [ %pool_acc_6_3, %branch47 ], [ %pool_acc_6_3, %branch46 ], [ %pool_acc_6_3, %branch45 ], [ %pool_acc_6_3, %branch44 ], [ %pool_acc_6_3, %branch43 ], [ %pool_acc_6_3, %branch42 ], [ %pool_acc_6_3, %branch41 ], [ %pool_acc_6_3, %branch40 ], [ %pool_acc_6_3, %branch39 ], [ %pool_acc_0, %branch38 ], [ %pool_acc_6_3, %branch37 ], [ %pool_acc_6_3, %branch36 ], [ %pool_acc_6_3, %branch35 ], [ %pool_acc_6_3, %branch34 ], [ %pool_acc_6_3, %branch33 ], [ %pool_acc_6_3, %3 ]"   --->   Operation 1107 'phi' 'pool_acc_6_4' <Predicate = true> <Delay = 0.00>
ST_192 : Operation 1108 [1/1] (0.00ns)   --->   "%pool_acc_5_4 = phi half [ %pool_acc_5_3, %branch63 ], [ %pool_acc_5_3, %branch62 ], [ %pool_acc_5_3, %branch61 ], [ %pool_acc_5_3, %branch60 ], [ %pool_acc_5_3, %branch59 ], [ %pool_acc_5_3, %branch58 ], [ %pool_acc_5_3, %branch57 ], [ %pool_acc_5_3, %branch56 ], [ %pool_acc_5_3, %branch55 ], [ %pool_acc_5_3, %branch54 ], [ %pool_acc_5_3, %branch53 ], [ %pool_acc_5_3, %branch52 ], [ %pool_acc_5_3, %branch51 ], [ %pool_acc_5_3, %branch50 ], [ %pool_acc_5_3, %branch49 ], [ %pool_acc_5_3, %branch48 ], [ %pool_acc_5_3, %branch47 ], [ %pool_acc_5_3, %branch46 ], [ %pool_acc_5_3, %branch45 ], [ %pool_acc_5_3, %branch44 ], [ %pool_acc_5_3, %branch43 ], [ %pool_acc_5_3, %branch42 ], [ %pool_acc_5_3, %branch41 ], [ %pool_acc_5_3, %branch40 ], [ %pool_acc_5_3, %branch39 ], [ %pool_acc_5_3, %branch38 ], [ %pool_acc_0, %branch37 ], [ %pool_acc_5_3, %branch36 ], [ %pool_acc_5_3, %branch35 ], [ %pool_acc_5_3, %branch34 ], [ %pool_acc_5_3, %branch33 ], [ %pool_acc_5_3, %3 ]"   --->   Operation 1108 'phi' 'pool_acc_5_4' <Predicate = true> <Delay = 0.00>
ST_192 : Operation 1109 [1/1] (0.00ns)   --->   "%pool_acc_4_4 = phi half [ %pool_acc_4_3, %branch63 ], [ %pool_acc_4_3, %branch62 ], [ %pool_acc_4_3, %branch61 ], [ %pool_acc_4_3, %branch60 ], [ %pool_acc_4_3, %branch59 ], [ %pool_acc_4_3, %branch58 ], [ %pool_acc_4_3, %branch57 ], [ %pool_acc_4_3, %branch56 ], [ %pool_acc_4_3, %branch55 ], [ %pool_acc_4_3, %branch54 ], [ %pool_acc_4_3, %branch53 ], [ %pool_acc_4_3, %branch52 ], [ %pool_acc_4_3, %branch51 ], [ %pool_acc_4_3, %branch50 ], [ %pool_acc_4_3, %branch49 ], [ %pool_acc_4_3, %branch48 ], [ %pool_acc_4_3, %branch47 ], [ %pool_acc_4_3, %branch46 ], [ %pool_acc_4_3, %branch45 ], [ %pool_acc_4_3, %branch44 ], [ %pool_acc_4_3, %branch43 ], [ %pool_acc_4_3, %branch42 ], [ %pool_acc_4_3, %branch41 ], [ %pool_acc_4_3, %branch40 ], [ %pool_acc_4_3, %branch39 ], [ %pool_acc_4_3, %branch38 ], [ %pool_acc_4_3, %branch37 ], [ %pool_acc_0, %branch36 ], [ %pool_acc_4_3, %branch35 ], [ %pool_acc_4_3, %branch34 ], [ %pool_acc_4_3, %branch33 ], [ %pool_acc_4_3, %3 ]"   --->   Operation 1109 'phi' 'pool_acc_4_4' <Predicate = true> <Delay = 0.00>
ST_192 : Operation 1110 [1/1] (0.00ns)   --->   "%pool_acc_3_4 = phi half [ %pool_acc_3_3, %branch63 ], [ %pool_acc_3_3, %branch62 ], [ %pool_acc_3_3, %branch61 ], [ %pool_acc_3_3, %branch60 ], [ %pool_acc_3_3, %branch59 ], [ %pool_acc_3_3, %branch58 ], [ %pool_acc_3_3, %branch57 ], [ %pool_acc_3_3, %branch56 ], [ %pool_acc_3_3, %branch55 ], [ %pool_acc_3_3, %branch54 ], [ %pool_acc_3_3, %branch53 ], [ %pool_acc_3_3, %branch52 ], [ %pool_acc_3_3, %branch51 ], [ %pool_acc_3_3, %branch50 ], [ %pool_acc_3_3, %branch49 ], [ %pool_acc_3_3, %branch48 ], [ %pool_acc_3_3, %branch47 ], [ %pool_acc_3_3, %branch46 ], [ %pool_acc_3_3, %branch45 ], [ %pool_acc_3_3, %branch44 ], [ %pool_acc_3_3, %branch43 ], [ %pool_acc_3_3, %branch42 ], [ %pool_acc_3_3, %branch41 ], [ %pool_acc_3_3, %branch40 ], [ %pool_acc_3_3, %branch39 ], [ %pool_acc_3_3, %branch38 ], [ %pool_acc_3_3, %branch37 ], [ %pool_acc_3_3, %branch36 ], [ %pool_acc_0, %branch35 ], [ %pool_acc_3_3, %branch34 ], [ %pool_acc_3_3, %branch33 ], [ %pool_acc_3_3, %3 ]"   --->   Operation 1110 'phi' 'pool_acc_3_4' <Predicate = true> <Delay = 0.00>
ST_192 : Operation 1111 [1/1] (0.00ns)   --->   "%pool_acc_2_4 = phi half [ %pool_acc_2_3, %branch63 ], [ %pool_acc_2_3, %branch62 ], [ %pool_acc_2_3, %branch61 ], [ %pool_acc_2_3, %branch60 ], [ %pool_acc_2_3, %branch59 ], [ %pool_acc_2_3, %branch58 ], [ %pool_acc_2_3, %branch57 ], [ %pool_acc_2_3, %branch56 ], [ %pool_acc_2_3, %branch55 ], [ %pool_acc_2_3, %branch54 ], [ %pool_acc_2_3, %branch53 ], [ %pool_acc_2_3, %branch52 ], [ %pool_acc_2_3, %branch51 ], [ %pool_acc_2_3, %branch50 ], [ %pool_acc_2_3, %branch49 ], [ %pool_acc_2_3, %branch48 ], [ %pool_acc_2_3, %branch47 ], [ %pool_acc_2_3, %branch46 ], [ %pool_acc_2_3, %branch45 ], [ %pool_acc_2_3, %branch44 ], [ %pool_acc_2_3, %branch43 ], [ %pool_acc_2_3, %branch42 ], [ %pool_acc_2_3, %branch41 ], [ %pool_acc_2_3, %branch40 ], [ %pool_acc_2_3, %branch39 ], [ %pool_acc_2_3, %branch38 ], [ %pool_acc_2_3, %branch37 ], [ %pool_acc_2_3, %branch36 ], [ %pool_acc_2_3, %branch35 ], [ %pool_acc_0, %branch34 ], [ %pool_acc_2_3, %branch33 ], [ %pool_acc_2_3, %3 ]"   --->   Operation 1111 'phi' 'pool_acc_2_4' <Predicate = true> <Delay = 0.00>
ST_192 : Operation 1112 [1/1] (0.00ns)   --->   "%pool_acc_1_4 = phi half [ %pool_acc_1_3, %branch63 ], [ %pool_acc_1_3, %branch62 ], [ %pool_acc_1_3, %branch61 ], [ %pool_acc_1_3, %branch60 ], [ %pool_acc_1_3, %branch59 ], [ %pool_acc_1_3, %branch58 ], [ %pool_acc_1_3, %branch57 ], [ %pool_acc_1_3, %branch56 ], [ %pool_acc_1_3, %branch55 ], [ %pool_acc_1_3, %branch54 ], [ %pool_acc_1_3, %branch53 ], [ %pool_acc_1_3, %branch52 ], [ %pool_acc_1_3, %branch51 ], [ %pool_acc_1_3, %branch50 ], [ %pool_acc_1_3, %branch49 ], [ %pool_acc_1_3, %branch48 ], [ %pool_acc_1_3, %branch47 ], [ %pool_acc_1_3, %branch46 ], [ %pool_acc_1_3, %branch45 ], [ %pool_acc_1_3, %branch44 ], [ %pool_acc_1_3, %branch43 ], [ %pool_acc_1_3, %branch42 ], [ %pool_acc_1_3, %branch41 ], [ %pool_acc_1_3, %branch40 ], [ %pool_acc_1_3, %branch39 ], [ %pool_acc_1_3, %branch38 ], [ %pool_acc_1_3, %branch37 ], [ %pool_acc_1_3, %branch36 ], [ %pool_acc_1_3, %branch35 ], [ %pool_acc_1_3, %branch34 ], [ %pool_acc_0, %branch33 ], [ %pool_acc_1_3, %3 ]"   --->   Operation 1112 'phi' 'pool_acc_1_4' <Predicate = true> <Delay = 0.00>
ST_192 : Operation 1113 [1/1] (0.00ns)   --->   "%pool_acc_0_4 = phi half [ %pool_acc_0_3, %branch63 ], [ %pool_acc_0_3, %branch62 ], [ %pool_acc_0_3, %branch61 ], [ %pool_acc_0_3, %branch60 ], [ %pool_acc_0_3, %branch59 ], [ %pool_acc_0_3, %branch58 ], [ %pool_acc_0_3, %branch57 ], [ %pool_acc_0_3, %branch56 ], [ %pool_acc_0_3, %branch55 ], [ %pool_acc_0_3, %branch54 ], [ %pool_acc_0_3, %branch53 ], [ %pool_acc_0_3, %branch52 ], [ %pool_acc_0_3, %branch51 ], [ %pool_acc_0_3, %branch50 ], [ %pool_acc_0_3, %branch49 ], [ %pool_acc_0_3, %branch48 ], [ %pool_acc_0_3, %branch47 ], [ %pool_acc_0_3, %branch46 ], [ %pool_acc_0_3, %branch45 ], [ %pool_acc_0_3, %branch44 ], [ %pool_acc_0_3, %branch43 ], [ %pool_acc_0_3, %branch42 ], [ %pool_acc_0_3, %branch41 ], [ %pool_acc_0_3, %branch40 ], [ %pool_acc_0_3, %branch39 ], [ %pool_acc_0_3, %branch38 ], [ %pool_acc_0_3, %branch37 ], [ %pool_acc_0_3, %branch36 ], [ %pool_acc_0_3, %branch35 ], [ %pool_acc_0_3, %branch34 ], [ %pool_acc_0_3, %branch33 ], [ %pool_acc_0, %3 ]"   --->   Operation 1113 'phi' 'pool_acc_0_4' <Predicate = true> <Delay = 0.00>
ST_192 : Operation 1114 [1/1] (0.00ns)   --->   "%empty_57 = call i32 (...)* @_ssdm_op_SpecRegionEnd([9 x i8]* @p_str26, i32 %tmp_18)" [main_5_slices.cpp:116]   --->   Operation 1114 'specregionend' 'empty_57' <Predicate = true> <Delay = 0.00>
ST_192 : Operation 1115 [1/1] (0.00ns)   --->   "br label %1" [main_5_slices.cpp:102]   --->   Operation 1115 'br' <Predicate = true> <Delay = 0.00>

State 193 <SV = 4> <Delay = 4.32>
ST_193 : Operation 1116 [1/1] (0.00ns)   --->   "%pool_acc_31_5 = phi half [ %pool_acc_31_3, %.preheader.preheader ], [ %pool_acc_31_5_be, %.preheader.backedge ]" [main_5_slices.cpp:115]   --->   Operation 1116 'phi' 'pool_acc_31_5' <Predicate = true> <Delay = 0.00>
ST_193 : Operation 1117 [1/1] (0.00ns)   --->   "%pool_acc_30_5 = phi half [ %pool_acc_30_3, %.preheader.preheader ], [ %pool_acc_30_5_be, %.preheader.backedge ]" [main_5_slices.cpp:115]   --->   Operation 1117 'phi' 'pool_acc_30_5' <Predicate = true> <Delay = 0.00>
ST_193 : Operation 1118 [1/1] (0.00ns)   --->   "%pool_acc_29_5 = phi half [ %pool_acc_29_3, %.preheader.preheader ], [ %pool_acc_29_5_be, %.preheader.backedge ]" [main_5_slices.cpp:115]   --->   Operation 1118 'phi' 'pool_acc_29_5' <Predicate = true> <Delay = 0.00>
ST_193 : Operation 1119 [1/1] (0.00ns)   --->   "%pool_acc_28_5 = phi half [ %pool_acc_28_3, %.preheader.preheader ], [ %pool_acc_28_5_be, %.preheader.backedge ]" [main_5_slices.cpp:115]   --->   Operation 1119 'phi' 'pool_acc_28_5' <Predicate = true> <Delay = 0.00>
ST_193 : Operation 1120 [1/1] (0.00ns)   --->   "%pool_acc_27_5 = phi half [ %pool_acc_27_3, %.preheader.preheader ], [ %pool_acc_27_5_be, %.preheader.backedge ]" [main_5_slices.cpp:115]   --->   Operation 1120 'phi' 'pool_acc_27_5' <Predicate = true> <Delay = 0.00>
ST_193 : Operation 1121 [1/1] (0.00ns)   --->   "%pool_acc_26_5 = phi half [ %pool_acc_26_3, %.preheader.preheader ], [ %pool_acc_26_5_be, %.preheader.backedge ]" [main_5_slices.cpp:115]   --->   Operation 1121 'phi' 'pool_acc_26_5' <Predicate = true> <Delay = 0.00>
ST_193 : Operation 1122 [1/1] (0.00ns)   --->   "%pool_acc_25_5 = phi half [ %pool_acc_25_3, %.preheader.preheader ], [ %pool_acc_25_5_be, %.preheader.backedge ]" [main_5_slices.cpp:115]   --->   Operation 1122 'phi' 'pool_acc_25_5' <Predicate = true> <Delay = 0.00>
ST_193 : Operation 1123 [1/1] (0.00ns)   --->   "%pool_acc_24_5 = phi half [ %pool_acc_24_3, %.preheader.preheader ], [ %pool_acc_24_5_be, %.preheader.backedge ]" [main_5_slices.cpp:115]   --->   Operation 1123 'phi' 'pool_acc_24_5' <Predicate = true> <Delay = 0.00>
ST_193 : Operation 1124 [1/1] (0.00ns)   --->   "%pool_acc_23_5 = phi half [ %pool_acc_23_3, %.preheader.preheader ], [ %pool_acc_23_5_be, %.preheader.backedge ]" [main_5_slices.cpp:115]   --->   Operation 1124 'phi' 'pool_acc_23_5' <Predicate = true> <Delay = 0.00>
ST_193 : Operation 1125 [1/1] (0.00ns)   --->   "%pool_acc_22_5 = phi half [ %pool_acc_22_3, %.preheader.preheader ], [ %pool_acc_22_5_be, %.preheader.backedge ]" [main_5_slices.cpp:115]   --->   Operation 1125 'phi' 'pool_acc_22_5' <Predicate = true> <Delay = 0.00>
ST_193 : Operation 1126 [1/1] (0.00ns)   --->   "%pool_acc_21_5 = phi half [ %pool_acc_21_3, %.preheader.preheader ], [ %pool_acc_21_5_be, %.preheader.backedge ]" [main_5_slices.cpp:115]   --->   Operation 1126 'phi' 'pool_acc_21_5' <Predicate = true> <Delay = 0.00>
ST_193 : Operation 1127 [1/1] (0.00ns)   --->   "%pool_acc_20_5 = phi half [ %pool_acc_20_3, %.preheader.preheader ], [ %pool_acc_20_5_be, %.preheader.backedge ]" [main_5_slices.cpp:115]   --->   Operation 1127 'phi' 'pool_acc_20_5' <Predicate = true> <Delay = 0.00>
ST_193 : Operation 1128 [1/1] (0.00ns)   --->   "%pool_acc_19_5 = phi half [ %pool_acc_19_3, %.preheader.preheader ], [ %pool_acc_19_5_be, %.preheader.backedge ]" [main_5_slices.cpp:115]   --->   Operation 1128 'phi' 'pool_acc_19_5' <Predicate = true> <Delay = 0.00>
ST_193 : Operation 1129 [1/1] (0.00ns)   --->   "%pool_acc_18_5 = phi half [ %pool_acc_18_3, %.preheader.preheader ], [ %pool_acc_18_5_be, %.preheader.backedge ]" [main_5_slices.cpp:115]   --->   Operation 1129 'phi' 'pool_acc_18_5' <Predicate = true> <Delay = 0.00>
ST_193 : Operation 1130 [1/1] (0.00ns)   --->   "%pool_acc_17_5 = phi half [ %pool_acc_17_3, %.preheader.preheader ], [ %pool_acc_17_5_be, %.preheader.backedge ]" [main_5_slices.cpp:115]   --->   Operation 1130 'phi' 'pool_acc_17_5' <Predicate = true> <Delay = 0.00>
ST_193 : Operation 1131 [1/1] (0.00ns)   --->   "%pool_acc_16_5 = phi half [ %pool_acc_16_3, %.preheader.preheader ], [ %pool_acc_16_5_be, %.preheader.backedge ]" [main_5_slices.cpp:115]   --->   Operation 1131 'phi' 'pool_acc_16_5' <Predicate = true> <Delay = 0.00>
ST_193 : Operation 1132 [1/1] (0.00ns)   --->   "%pool_acc_15_5 = phi half [ %pool_acc_15_3, %.preheader.preheader ], [ %pool_acc_15_5_be, %.preheader.backedge ]" [main_5_slices.cpp:115]   --->   Operation 1132 'phi' 'pool_acc_15_5' <Predicate = true> <Delay = 0.00>
ST_193 : Operation 1133 [1/1] (0.00ns)   --->   "%pool_acc_14_5 = phi half [ %pool_acc_14_3, %.preheader.preheader ], [ %pool_acc_14_5_be, %.preheader.backedge ]" [main_5_slices.cpp:115]   --->   Operation 1133 'phi' 'pool_acc_14_5' <Predicate = true> <Delay = 0.00>
ST_193 : Operation 1134 [1/1] (0.00ns)   --->   "%pool_acc_13_5 = phi half [ %pool_acc_13_3, %.preheader.preheader ], [ %pool_acc_13_5_be, %.preheader.backedge ]" [main_5_slices.cpp:115]   --->   Operation 1134 'phi' 'pool_acc_13_5' <Predicate = true> <Delay = 0.00>
ST_193 : Operation 1135 [1/1] (0.00ns)   --->   "%pool_acc_12_5 = phi half [ %pool_acc_12_3, %.preheader.preheader ], [ %pool_acc_12_5_be, %.preheader.backedge ]" [main_5_slices.cpp:115]   --->   Operation 1135 'phi' 'pool_acc_12_5' <Predicate = true> <Delay = 0.00>
ST_193 : Operation 1136 [1/1] (0.00ns)   --->   "%pool_acc_11_5 = phi half [ %pool_acc_11_3, %.preheader.preheader ], [ %pool_acc_11_5_be, %.preheader.backedge ]" [main_5_slices.cpp:115]   --->   Operation 1136 'phi' 'pool_acc_11_5' <Predicate = true> <Delay = 0.00>
ST_193 : Operation 1137 [1/1] (0.00ns)   --->   "%pool_acc_10_5 = phi half [ %pool_acc_10_3, %.preheader.preheader ], [ %pool_acc_10_5_be, %.preheader.backedge ]" [main_5_slices.cpp:115]   --->   Operation 1137 'phi' 'pool_acc_10_5' <Predicate = true> <Delay = 0.00>
ST_193 : Operation 1138 [1/1] (0.00ns)   --->   "%pool_acc_9_5 = phi half [ %pool_acc_9_3, %.preheader.preheader ], [ %pool_acc_9_5_be, %.preheader.backedge ]" [main_5_slices.cpp:115]   --->   Operation 1138 'phi' 'pool_acc_9_5' <Predicate = true> <Delay = 0.00>
ST_193 : Operation 1139 [1/1] (0.00ns)   --->   "%pool_acc_8_5 = phi half [ %pool_acc_8_3, %.preheader.preheader ], [ %pool_acc_8_5_be, %.preheader.backedge ]" [main_5_slices.cpp:115]   --->   Operation 1139 'phi' 'pool_acc_8_5' <Predicate = true> <Delay = 0.00>
ST_193 : Operation 1140 [1/1] (0.00ns)   --->   "%pool_acc_7_5 = phi half [ %pool_acc_7_3, %.preheader.preheader ], [ %pool_acc_7_5_be, %.preheader.backedge ]" [main_5_slices.cpp:115]   --->   Operation 1140 'phi' 'pool_acc_7_5' <Predicate = true> <Delay = 0.00>
ST_193 : Operation 1141 [1/1] (0.00ns)   --->   "%pool_acc_6_5 = phi half [ %pool_acc_6_3, %.preheader.preheader ], [ %pool_acc_6_5_be, %.preheader.backedge ]" [main_5_slices.cpp:115]   --->   Operation 1141 'phi' 'pool_acc_6_5' <Predicate = true> <Delay = 0.00>
ST_193 : Operation 1142 [1/1] (0.00ns)   --->   "%pool_acc_5_5 = phi half [ %pool_acc_5_3, %.preheader.preheader ], [ %pool_acc_5_5_be, %.preheader.backedge ]" [main_5_slices.cpp:115]   --->   Operation 1142 'phi' 'pool_acc_5_5' <Predicate = true> <Delay = 0.00>
ST_193 : Operation 1143 [1/1] (0.00ns)   --->   "%pool_acc_4_5 = phi half [ %pool_acc_4_3, %.preheader.preheader ], [ %pool_acc_4_5_be, %.preheader.backedge ]" [main_5_slices.cpp:115]   --->   Operation 1143 'phi' 'pool_acc_4_5' <Predicate = true> <Delay = 0.00>
ST_193 : Operation 1144 [1/1] (0.00ns)   --->   "%pool_acc_3_5 = phi half [ %pool_acc_3_3, %.preheader.preheader ], [ %pool_acc_3_5_be, %.preheader.backedge ]" [main_5_slices.cpp:115]   --->   Operation 1144 'phi' 'pool_acc_3_5' <Predicate = true> <Delay = 0.00>
ST_193 : Operation 1145 [1/1] (0.00ns)   --->   "%pool_acc_2_5 = phi half [ %pool_acc_2_3, %.preheader.preheader ], [ %pool_acc_2_5_be, %.preheader.backedge ]" [main_5_slices.cpp:115]   --->   Operation 1145 'phi' 'pool_acc_2_5' <Predicate = true> <Delay = 0.00>
ST_193 : Operation 1146 [1/1] (0.00ns)   --->   "%pool_acc_1_5 = phi half [ %pool_acc_1_3, %.preheader.preheader ], [ %pool_acc_1_5_be, %.preheader.backedge ]" [main_5_slices.cpp:115]   --->   Operation 1146 'phi' 'pool_acc_1_5' <Predicate = true> <Delay = 0.00>
ST_193 : Operation 1147 [1/1] (0.00ns)   --->   "%pool_acc_0_5 = phi half [ %pool_acc_0_3, %.preheader.preheader ], [ %pool_acc_0_5_be, %.preheader.backedge ]" [main_5_slices.cpp:115]   --->   Operation 1147 'phi' 'pool_acc_0_5' <Predicate = true> <Delay = 0.00>
ST_193 : Operation 1148 [1/1] (0.00ns)   --->   "%f_1 = phi i6 [ 0, %.preheader.preheader ], [ %f_8, %.preheader.backedge ]"   --->   Operation 1148 'phi' 'f_1' <Predicate = true> <Delay = 0.00>
ST_193 : Operation 1149 [1/1] (0.00ns)   --->   "%zext_ln118 = zext i6 %f_1 to i32" [main_5_slices.cpp:118]   --->   Operation 1149 'zext' 'zext_ln118' <Predicate = true> <Delay = 0.00>
ST_193 : Operation 1150 [1/1] (1.42ns)   --->   "%icmp_ln118 = icmp eq i6 %f_1, -32" [main_5_slices.cpp:118]   --->   Operation 1150 'icmp' 'icmp_ln118' <Predicate = true> <Delay = 1.42> <Core = "Cmp">   --->   Core 25 'Cmp' <Latency = 0> <II = 1> <Delay = 1.42> <FuncUnit> <Opcode : 'icmp'> <InPorts = 2> <OutPorts = 1>
ST_193 : Operation 1151 [1/1] (0.00ns)   --->   "%empty_58 = call i32 (...)* @_ssdm_op_SpecLoopTripCount(i64 32, i64 32, i64 32)"   --->   Operation 1151 'speclooptripcount' 'empty_58' <Predicate = true> <Delay = 0.00>
ST_193 : Operation 1152 [1/1] (1.82ns)   --->   "%f_8 = add i6 %f_1, 1" [main_5_slices.cpp:118]   --->   Operation 1152 'add' 'f_8' <Predicate = true> <Delay = 1.82> <Core = "AddSub">   --->   Core 14 'AddSub' <Latency = 0> <II = 1> <Delay = 2.55> <FuncUnit> <Opcode : 'add' 'sub'> <InPorts = 2> <OutPorts = 1>
ST_193 : Operation 1153 [1/1] (0.00ns)   --->   "br i1 %icmp_ln118, label %6, label %5" [main_5_slices.cpp:118]   --->   Operation 1153 'br' <Predicate = true> <Delay = 0.00>
ST_193 : Operation 1154 [1/1] (0.00ns)   --->   "%trunc_ln119 = trunc i6 %f_1 to i5" [main_5_slices.cpp:119]   --->   Operation 1154 'trunc' 'trunc_ln119' <Predicate = (!icmp_ln118)> <Delay = 0.00>
ST_193 : Operation 1155 [1/1] (3.20ns)   --->   "%tmp_12 = call half @_ssdm_op_Mux.ap_auto.32half.i5(half %pool_acc_0_5, half %pool_acc_1_5, half %pool_acc_2_5, half %pool_acc_3_5, half %pool_acc_4_5, half %pool_acc_5_5, half %pool_acc_6_5, half %pool_acc_7_5, half %pool_acc_8_5, half %pool_acc_9_5, half %pool_acc_10_5, half %pool_acc_11_5, half %pool_acc_12_5, half %pool_acc_13_5, half %pool_acc_14_5, half %pool_acc_15_5, half %pool_acc_16_5, half %pool_acc_17_5, half %pool_acc_18_5, half %pool_acc_19_5, half %pool_acc_20_5, half %pool_acc_21_5, half %pool_acc_22_5, half %pool_acc_23_5, half %pool_acc_24_5, half %pool_acc_25_5, half %pool_acc_26_5, half %pool_acc_27_5, half %pool_acc_28_5, half %pool_acc_29_5, half %pool_acc_30_5, half %pool_acc_31_5, i5 %trunc_ln119)" [main_5_slices.cpp:119]   --->   Operation 1155 'mux' 'tmp_12' <Predicate = (!icmp_ln118)> <Delay = 3.20> <Core = "MuxnS">   --->   Core 31 'MuxnS' <Latency = 0> <II = 1> <Delay = 3.20> <FuncUnit> <Opcode : 'mux'> <InPorts = 2> <OutPorts = 1>
ST_193 : Operation 1156 [1/1] (2.55ns)   --->   "%add_ln119 = add nsw i32 %shl_ln119, %zext_ln118" [main_5_slices.cpp:119]   --->   Operation 1156 'add' 'add_ln119' <Predicate = (!icmp_ln118)> <Delay = 2.55> <Core = "AddSub">   --->   Core 14 'AddSub' <Latency = 0> <II = 1> <Delay = 2.55> <FuncUnit> <Opcode : 'add' 'sub'> <InPorts = 2> <OutPorts = 1>
ST_193 : Operation 1157 [1/1] (0.00ns)   --->   "%u_4_load_1 = load i32* %u_4" [main_5_slices.cpp:123]   --->   Operation 1157 'load' 'u_4_load_1' <Predicate = (icmp_ln118)> <Delay = 0.00>
ST_193 : Operation 1158 [1/1] (2.55ns)   --->   "%u = add nsw i32 %u_4_load_1, 1" [main_5_slices.cpp:123]   --->   Operation 1158 'add' 'u' <Predicate = (icmp_ln118)> <Delay = 2.55> <Core = "AddSub">   --->   Core 14 'AddSub' <Latency = 0> <II = 1> <Delay = 2.55> <FuncUnit> <Opcode : 'add' 'sub'> <InPorts = 2> <OutPorts = 1>
ST_193 : Operation 1159 [1/1] (1.76ns)   --->   "store i32 %u, i32* %u_4" [main_5_slices.cpp:124]   --->   Operation 1159 'store' <Predicate = (icmp_ln118)> <Delay = 1.76>
ST_193 : Operation 1160 [1/1] (1.76ns)   --->   "store i32 0, i32* %pc_4" [main_5_slices.cpp:124]   --->   Operation 1160 'store' <Predicate = (icmp_ln118)> <Delay = 1.76>
ST_193 : Operation 1161 [1/1] (1.76ns)   --->   "br label %Loop1Big_end" [main_5_slices.cpp:124]   --->   Operation 1161 'br' <Predicate = (icmp_ln118)> <Delay = 1.76>

State 194 <SV = 5> <Delay = 7.97>
ST_194 : Operation 1162 [7/7] (7.97ns)   --->   "%tmp_s = fdiv half %tmp_12, 0x4038000000000000" [main_5_slices.cpp:119]   --->   Operation 1162 'hdiv' 'tmp_s' <Predicate = true> <Delay = 7.97> <Core = "HDiv">   --->   Core 92 'HDiv' <Latency = 6> <II = 1> <Delay = 7.97> <FuncUnit> <Opcode : 'hdiv'> <InPorts = 2> <OutPorts = 1>

State 195 <SV = 6> <Delay = 7.97>
ST_195 : Operation 1163 [6/7] (7.97ns)   --->   "%tmp_s = fdiv half %tmp_12, 0x4038000000000000" [main_5_slices.cpp:119]   --->   Operation 1163 'hdiv' 'tmp_s' <Predicate = true> <Delay = 7.97> <Core = "HDiv">   --->   Core 92 'HDiv' <Latency = 6> <II = 1> <Delay = 7.97> <FuncUnit> <Opcode : 'hdiv'> <InPorts = 2> <OutPorts = 1>

State 196 <SV = 7> <Delay = 7.97>
ST_196 : Operation 1164 [5/7] (7.97ns)   --->   "%tmp_s = fdiv half %tmp_12, 0x4038000000000000" [main_5_slices.cpp:119]   --->   Operation 1164 'hdiv' 'tmp_s' <Predicate = true> <Delay = 7.97> <Core = "HDiv">   --->   Core 92 'HDiv' <Latency = 6> <II = 1> <Delay = 7.97> <FuncUnit> <Opcode : 'hdiv'> <InPorts = 2> <OutPorts = 1>

State 197 <SV = 8> <Delay = 7.97>
ST_197 : Operation 1165 [4/7] (7.97ns)   --->   "%tmp_s = fdiv half %tmp_12, 0x4038000000000000" [main_5_slices.cpp:119]   --->   Operation 1165 'hdiv' 'tmp_s' <Predicate = true> <Delay = 7.97> <Core = "HDiv">   --->   Core 92 'HDiv' <Latency = 6> <II = 1> <Delay = 7.97> <FuncUnit> <Opcode : 'hdiv'> <InPorts = 2> <OutPorts = 1>

State 198 <SV = 9> <Delay = 7.97>
ST_198 : Operation 1166 [3/7] (7.97ns)   --->   "%tmp_s = fdiv half %tmp_12, 0x4038000000000000" [main_5_slices.cpp:119]   --->   Operation 1166 'hdiv' 'tmp_s' <Predicate = true> <Delay = 7.97> <Core = "HDiv">   --->   Core 92 'HDiv' <Latency = 6> <II = 1> <Delay = 7.97> <FuncUnit> <Opcode : 'hdiv'> <InPorts = 2> <OutPorts = 1>

State 199 <SV = 10> <Delay = 7.97>
ST_199 : Operation 1167 [2/7] (7.97ns)   --->   "%tmp_s = fdiv half %tmp_12, 0x4038000000000000" [main_5_slices.cpp:119]   --->   Operation 1167 'hdiv' 'tmp_s' <Predicate = true> <Delay = 7.97> <Core = "HDiv">   --->   Core 92 'HDiv' <Latency = 6> <II = 1> <Delay = 7.97> <FuncUnit> <Opcode : 'hdiv'> <InPorts = 2> <OutPorts = 1>

State 200 <SV = 11> <Delay = 7.97>
ST_200 : Operation 1168 [1/7] (7.97ns)   --->   "%tmp_s = fdiv half %tmp_12, 0x4038000000000000" [main_5_slices.cpp:119]   --->   Operation 1168 'hdiv' 'tmp_s' <Predicate = true> <Delay = 7.97> <Core = "HDiv">   --->   Core 92 'HDiv' <Latency = 6> <II = 1> <Delay = 7.97> <FuncUnit> <Opcode : 'hdiv'> <InPorts = 2> <OutPorts = 1>

State 201 <SV = 12> <Delay = 3.25>
ST_201 : Operation 1169 [1/1] (0.00ns)   --->   "call void (...)* @_ssdm_op_SpecLoopName([11 x i8]* @p_str29) nounwind" [main_5_slices.cpp:118]   --->   Operation 1169 'specloopname' <Predicate = true> <Delay = 0.00>
ST_201 : Operation 1170 [1/1] (0.00ns)   --->   "%sext_ln119 = sext i32 %add_ln119 to i64" [main_5_slices.cpp:119]   --->   Operation 1170 'sext' 'sext_ln119' <Predicate = true> <Delay = 0.00>
ST_201 : Operation 1171 [1/1] (0.00ns)   --->   "%U_addr = getelementptr [384 x half]* %U, i64 0, i64 %sext_ln119" [main_5_slices.cpp:119]   --->   Operation 1171 'getelementptr' 'U_addr' <Predicate = true> <Delay = 0.00>
ST_201 : Operation 1172 [1/1] (3.25ns)   --->   "store half %tmp_s, half* %U_addr, align 2" [main_5_slices.cpp:119]   --->   Operation 1172 'store' <Predicate = true> <Delay = 3.25> <Core = "RAM">   --->   Core 37 'RAM' <Latency = 1> <II = 1> <Delay = 3.25> <Storage> <Opcode : 'load' 'store'> <Ports = 2> <Width = 16> <Depth = 384> <RAM>
ST_201 : Operation 1173 [1/1] (1.76ns)   --->   "switch i5 %trunc_ln119, label %branch31 [
    i5 0, label %.preheader.backedge
    i5 1, label %branch1
    i5 2, label %branch2
    i5 3, label %branch3
    i5 4, label %branch4
    i5 5, label %branch5
    i5 6, label %branch6
    i5 7, label %branch7
    i5 8, label %branch8
    i5 9, label %branch9
    i5 10, label %branch10
    i5 11, label %branch11
    i5 12, label %branch12
    i5 13, label %branch13
    i5 14, label %branch14
    i5 15, label %branch15
    i5 -16, label %branch16
    i5 -15, label %branch17
    i5 -14, label %branch18
    i5 -13, label %branch19
    i5 -12, label %branch20
    i5 -11, label %branch21
    i5 -10, label %branch22
    i5 -9, label %branch23
    i5 -8, label %branch24
    i5 -7, label %branch25
    i5 -6, label %branch26
    i5 -5, label %branch27
    i5 -4, label %branch28
    i5 -3, label %branch29
    i5 -2, label %branch30
  ]" [main_5_slices.cpp:120]   --->   Operation 1173 'switch' <Predicate = true> <Delay = 1.76>
ST_201 : Operation 1174 [1/1] (1.76ns)   --->   "br label %.preheader.backedge" [main_5_slices.cpp:120]   --->   Operation 1174 'br' <Predicate = (trunc_ln119 == 30)> <Delay = 1.76>
ST_201 : Operation 1175 [1/1] (1.76ns)   --->   "br label %.preheader.backedge" [main_5_slices.cpp:120]   --->   Operation 1175 'br' <Predicate = (trunc_ln119 == 29)> <Delay = 1.76>
ST_201 : Operation 1176 [1/1] (1.76ns)   --->   "br label %.preheader.backedge" [main_5_slices.cpp:120]   --->   Operation 1176 'br' <Predicate = (trunc_ln119 == 28)> <Delay = 1.76>
ST_201 : Operation 1177 [1/1] (1.76ns)   --->   "br label %.preheader.backedge" [main_5_slices.cpp:120]   --->   Operation 1177 'br' <Predicate = (trunc_ln119 == 27)> <Delay = 1.76>
ST_201 : Operation 1178 [1/1] (1.76ns)   --->   "br label %.preheader.backedge" [main_5_slices.cpp:120]   --->   Operation 1178 'br' <Predicate = (trunc_ln119 == 26)> <Delay = 1.76>
ST_201 : Operation 1179 [1/1] (1.76ns)   --->   "br label %.preheader.backedge" [main_5_slices.cpp:120]   --->   Operation 1179 'br' <Predicate = (trunc_ln119 == 25)> <Delay = 1.76>
ST_201 : Operation 1180 [1/1] (1.76ns)   --->   "br label %.preheader.backedge" [main_5_slices.cpp:120]   --->   Operation 1180 'br' <Predicate = (trunc_ln119 == 24)> <Delay = 1.76>
ST_201 : Operation 1181 [1/1] (1.76ns)   --->   "br label %.preheader.backedge" [main_5_slices.cpp:120]   --->   Operation 1181 'br' <Predicate = (trunc_ln119 == 23)> <Delay = 1.76>
ST_201 : Operation 1182 [1/1] (1.76ns)   --->   "br label %.preheader.backedge" [main_5_slices.cpp:120]   --->   Operation 1182 'br' <Predicate = (trunc_ln119 == 22)> <Delay = 1.76>
ST_201 : Operation 1183 [1/1] (1.76ns)   --->   "br label %.preheader.backedge" [main_5_slices.cpp:120]   --->   Operation 1183 'br' <Predicate = (trunc_ln119 == 21)> <Delay = 1.76>
ST_201 : Operation 1184 [1/1] (1.76ns)   --->   "br label %.preheader.backedge" [main_5_slices.cpp:120]   --->   Operation 1184 'br' <Predicate = (trunc_ln119 == 20)> <Delay = 1.76>
ST_201 : Operation 1185 [1/1] (1.76ns)   --->   "br label %.preheader.backedge" [main_5_slices.cpp:120]   --->   Operation 1185 'br' <Predicate = (trunc_ln119 == 19)> <Delay = 1.76>
ST_201 : Operation 1186 [1/1] (1.76ns)   --->   "br label %.preheader.backedge" [main_5_slices.cpp:120]   --->   Operation 1186 'br' <Predicate = (trunc_ln119 == 18)> <Delay = 1.76>
ST_201 : Operation 1187 [1/1] (1.76ns)   --->   "br label %.preheader.backedge" [main_5_slices.cpp:120]   --->   Operation 1187 'br' <Predicate = (trunc_ln119 == 17)> <Delay = 1.76>
ST_201 : Operation 1188 [1/1] (1.76ns)   --->   "br label %.preheader.backedge" [main_5_slices.cpp:120]   --->   Operation 1188 'br' <Predicate = (trunc_ln119 == 16)> <Delay = 1.76>
ST_201 : Operation 1189 [1/1] (1.76ns)   --->   "br label %.preheader.backedge" [main_5_slices.cpp:120]   --->   Operation 1189 'br' <Predicate = (trunc_ln119 == 15)> <Delay = 1.76>
ST_201 : Operation 1190 [1/1] (1.76ns)   --->   "br label %.preheader.backedge" [main_5_slices.cpp:120]   --->   Operation 1190 'br' <Predicate = (trunc_ln119 == 14)> <Delay = 1.76>
ST_201 : Operation 1191 [1/1] (1.76ns)   --->   "br label %.preheader.backedge" [main_5_slices.cpp:120]   --->   Operation 1191 'br' <Predicate = (trunc_ln119 == 13)> <Delay = 1.76>
ST_201 : Operation 1192 [1/1] (1.76ns)   --->   "br label %.preheader.backedge" [main_5_slices.cpp:120]   --->   Operation 1192 'br' <Predicate = (trunc_ln119 == 12)> <Delay = 1.76>
ST_201 : Operation 1193 [1/1] (1.76ns)   --->   "br label %.preheader.backedge" [main_5_slices.cpp:120]   --->   Operation 1193 'br' <Predicate = (trunc_ln119 == 11)> <Delay = 1.76>
ST_201 : Operation 1194 [1/1] (1.76ns)   --->   "br label %.preheader.backedge" [main_5_slices.cpp:120]   --->   Operation 1194 'br' <Predicate = (trunc_ln119 == 10)> <Delay = 1.76>
ST_201 : Operation 1195 [1/1] (1.76ns)   --->   "br label %.preheader.backedge" [main_5_slices.cpp:120]   --->   Operation 1195 'br' <Predicate = (trunc_ln119 == 9)> <Delay = 1.76>
ST_201 : Operation 1196 [1/1] (1.76ns)   --->   "br label %.preheader.backedge" [main_5_slices.cpp:120]   --->   Operation 1196 'br' <Predicate = (trunc_ln119 == 8)> <Delay = 1.76>
ST_201 : Operation 1197 [1/1] (1.76ns)   --->   "br label %.preheader.backedge" [main_5_slices.cpp:120]   --->   Operation 1197 'br' <Predicate = (trunc_ln119 == 7)> <Delay = 1.76>
ST_201 : Operation 1198 [1/1] (1.76ns)   --->   "br label %.preheader.backedge" [main_5_slices.cpp:120]   --->   Operation 1198 'br' <Predicate = (trunc_ln119 == 6)> <Delay = 1.76>
ST_201 : Operation 1199 [1/1] (1.76ns)   --->   "br label %.preheader.backedge" [main_5_slices.cpp:120]   --->   Operation 1199 'br' <Predicate = (trunc_ln119 == 5)> <Delay = 1.76>
ST_201 : Operation 1200 [1/1] (1.76ns)   --->   "br label %.preheader.backedge" [main_5_slices.cpp:120]   --->   Operation 1200 'br' <Predicate = (trunc_ln119 == 4)> <Delay = 1.76>
ST_201 : Operation 1201 [1/1] (1.76ns)   --->   "br label %.preheader.backedge" [main_5_slices.cpp:120]   --->   Operation 1201 'br' <Predicate = (trunc_ln119 == 3)> <Delay = 1.76>
ST_201 : Operation 1202 [1/1] (1.76ns)   --->   "br label %.preheader.backedge" [main_5_slices.cpp:120]   --->   Operation 1202 'br' <Predicate = (trunc_ln119 == 2)> <Delay = 1.76>
ST_201 : Operation 1203 [1/1] (1.76ns)   --->   "br label %.preheader.backedge" [main_5_slices.cpp:120]   --->   Operation 1203 'br' <Predicate = (trunc_ln119 == 1)> <Delay = 1.76>
ST_201 : Operation 1204 [1/1] (1.76ns)   --->   "br label %.preheader.backedge" [main_5_slices.cpp:120]   --->   Operation 1204 'br' <Predicate = (trunc_ln119 == 31)> <Delay = 1.76>

State 202 <SV = 13> <Delay = 0.00>
ST_202 : Operation 1205 [1/1] (0.00ns)   --->   "%pool_acc_31_5_be = phi half [ 0x0, %branch31 ], [ %pool_acc_31_5, %branch30 ], [ %pool_acc_31_5, %branch29 ], [ %pool_acc_31_5, %branch28 ], [ %pool_acc_31_5, %branch27 ], [ %pool_acc_31_5, %branch26 ], [ %pool_acc_31_5, %branch25 ], [ %pool_acc_31_5, %branch24 ], [ %pool_acc_31_5, %branch23 ], [ %pool_acc_31_5, %branch22 ], [ %pool_acc_31_5, %branch21 ], [ %pool_acc_31_5, %branch20 ], [ %pool_acc_31_5, %branch19 ], [ %pool_acc_31_5, %branch18 ], [ %pool_acc_31_5, %branch17 ], [ %pool_acc_31_5, %branch16 ], [ %pool_acc_31_5, %branch15 ], [ %pool_acc_31_5, %branch14 ], [ %pool_acc_31_5, %branch13 ], [ %pool_acc_31_5, %branch12 ], [ %pool_acc_31_5, %branch11 ], [ %pool_acc_31_5, %branch10 ], [ %pool_acc_31_5, %branch9 ], [ %pool_acc_31_5, %branch8 ], [ %pool_acc_31_5, %branch7 ], [ %pool_acc_31_5, %branch6 ], [ %pool_acc_31_5, %branch5 ], [ %pool_acc_31_5, %branch4 ], [ %pool_acc_31_5, %branch3 ], [ %pool_acc_31_5, %branch2 ], [ %pool_acc_31_5, %branch1 ], [ %pool_acc_31_5, %5 ]" [main_5_slices.cpp:115]   --->   Operation 1205 'phi' 'pool_acc_31_5_be' <Predicate = true> <Delay = 0.00>
ST_202 : Operation 1206 [1/1] (0.00ns)   --->   "%pool_acc_30_5_be = phi half [ %pool_acc_30_5, %branch31 ], [ 0x0, %branch30 ], [ %pool_acc_30_5, %branch29 ], [ %pool_acc_30_5, %branch28 ], [ %pool_acc_30_5, %branch27 ], [ %pool_acc_30_5, %branch26 ], [ %pool_acc_30_5, %branch25 ], [ %pool_acc_30_5, %branch24 ], [ %pool_acc_30_5, %branch23 ], [ %pool_acc_30_5, %branch22 ], [ %pool_acc_30_5, %branch21 ], [ %pool_acc_30_5, %branch20 ], [ %pool_acc_30_5, %branch19 ], [ %pool_acc_30_5, %branch18 ], [ %pool_acc_30_5, %branch17 ], [ %pool_acc_30_5, %branch16 ], [ %pool_acc_30_5, %branch15 ], [ %pool_acc_30_5, %branch14 ], [ %pool_acc_30_5, %branch13 ], [ %pool_acc_30_5, %branch12 ], [ %pool_acc_30_5, %branch11 ], [ %pool_acc_30_5, %branch10 ], [ %pool_acc_30_5, %branch9 ], [ %pool_acc_30_5, %branch8 ], [ %pool_acc_30_5, %branch7 ], [ %pool_acc_30_5, %branch6 ], [ %pool_acc_30_5, %branch5 ], [ %pool_acc_30_5, %branch4 ], [ %pool_acc_30_5, %branch3 ], [ %pool_acc_30_5, %branch2 ], [ %pool_acc_30_5, %branch1 ], [ %pool_acc_30_5, %5 ]" [main_5_slices.cpp:115]   --->   Operation 1206 'phi' 'pool_acc_30_5_be' <Predicate = true> <Delay = 0.00>
ST_202 : Operation 1207 [1/1] (0.00ns)   --->   "%pool_acc_29_5_be = phi half [ %pool_acc_29_5, %branch31 ], [ %pool_acc_29_5, %branch30 ], [ 0x0, %branch29 ], [ %pool_acc_29_5, %branch28 ], [ %pool_acc_29_5, %branch27 ], [ %pool_acc_29_5, %branch26 ], [ %pool_acc_29_5, %branch25 ], [ %pool_acc_29_5, %branch24 ], [ %pool_acc_29_5, %branch23 ], [ %pool_acc_29_5, %branch22 ], [ %pool_acc_29_5, %branch21 ], [ %pool_acc_29_5, %branch20 ], [ %pool_acc_29_5, %branch19 ], [ %pool_acc_29_5, %branch18 ], [ %pool_acc_29_5, %branch17 ], [ %pool_acc_29_5, %branch16 ], [ %pool_acc_29_5, %branch15 ], [ %pool_acc_29_5, %branch14 ], [ %pool_acc_29_5, %branch13 ], [ %pool_acc_29_5, %branch12 ], [ %pool_acc_29_5, %branch11 ], [ %pool_acc_29_5, %branch10 ], [ %pool_acc_29_5, %branch9 ], [ %pool_acc_29_5, %branch8 ], [ %pool_acc_29_5, %branch7 ], [ %pool_acc_29_5, %branch6 ], [ %pool_acc_29_5, %branch5 ], [ %pool_acc_29_5, %branch4 ], [ %pool_acc_29_5, %branch3 ], [ %pool_acc_29_5, %branch2 ], [ %pool_acc_29_5, %branch1 ], [ %pool_acc_29_5, %5 ]" [main_5_slices.cpp:115]   --->   Operation 1207 'phi' 'pool_acc_29_5_be' <Predicate = true> <Delay = 0.00>
ST_202 : Operation 1208 [1/1] (0.00ns)   --->   "%pool_acc_28_5_be = phi half [ %pool_acc_28_5, %branch31 ], [ %pool_acc_28_5, %branch30 ], [ %pool_acc_28_5, %branch29 ], [ 0x0, %branch28 ], [ %pool_acc_28_5, %branch27 ], [ %pool_acc_28_5, %branch26 ], [ %pool_acc_28_5, %branch25 ], [ %pool_acc_28_5, %branch24 ], [ %pool_acc_28_5, %branch23 ], [ %pool_acc_28_5, %branch22 ], [ %pool_acc_28_5, %branch21 ], [ %pool_acc_28_5, %branch20 ], [ %pool_acc_28_5, %branch19 ], [ %pool_acc_28_5, %branch18 ], [ %pool_acc_28_5, %branch17 ], [ %pool_acc_28_5, %branch16 ], [ %pool_acc_28_5, %branch15 ], [ %pool_acc_28_5, %branch14 ], [ %pool_acc_28_5, %branch13 ], [ %pool_acc_28_5, %branch12 ], [ %pool_acc_28_5, %branch11 ], [ %pool_acc_28_5, %branch10 ], [ %pool_acc_28_5, %branch9 ], [ %pool_acc_28_5, %branch8 ], [ %pool_acc_28_5, %branch7 ], [ %pool_acc_28_5, %branch6 ], [ %pool_acc_28_5, %branch5 ], [ %pool_acc_28_5, %branch4 ], [ %pool_acc_28_5, %branch3 ], [ %pool_acc_28_5, %branch2 ], [ %pool_acc_28_5, %branch1 ], [ %pool_acc_28_5, %5 ]" [main_5_slices.cpp:115]   --->   Operation 1208 'phi' 'pool_acc_28_5_be' <Predicate = true> <Delay = 0.00>
ST_202 : Operation 1209 [1/1] (0.00ns)   --->   "%pool_acc_27_5_be = phi half [ %pool_acc_27_5, %branch31 ], [ %pool_acc_27_5, %branch30 ], [ %pool_acc_27_5, %branch29 ], [ %pool_acc_27_5, %branch28 ], [ 0x0, %branch27 ], [ %pool_acc_27_5, %branch26 ], [ %pool_acc_27_5, %branch25 ], [ %pool_acc_27_5, %branch24 ], [ %pool_acc_27_5, %branch23 ], [ %pool_acc_27_5, %branch22 ], [ %pool_acc_27_5, %branch21 ], [ %pool_acc_27_5, %branch20 ], [ %pool_acc_27_5, %branch19 ], [ %pool_acc_27_5, %branch18 ], [ %pool_acc_27_5, %branch17 ], [ %pool_acc_27_5, %branch16 ], [ %pool_acc_27_5, %branch15 ], [ %pool_acc_27_5, %branch14 ], [ %pool_acc_27_5, %branch13 ], [ %pool_acc_27_5, %branch12 ], [ %pool_acc_27_5, %branch11 ], [ %pool_acc_27_5, %branch10 ], [ %pool_acc_27_5, %branch9 ], [ %pool_acc_27_5, %branch8 ], [ %pool_acc_27_5, %branch7 ], [ %pool_acc_27_5, %branch6 ], [ %pool_acc_27_5, %branch5 ], [ %pool_acc_27_5, %branch4 ], [ %pool_acc_27_5, %branch3 ], [ %pool_acc_27_5, %branch2 ], [ %pool_acc_27_5, %branch1 ], [ %pool_acc_27_5, %5 ]" [main_5_slices.cpp:115]   --->   Operation 1209 'phi' 'pool_acc_27_5_be' <Predicate = true> <Delay = 0.00>
ST_202 : Operation 1210 [1/1] (0.00ns)   --->   "%pool_acc_26_5_be = phi half [ %pool_acc_26_5, %branch31 ], [ %pool_acc_26_5, %branch30 ], [ %pool_acc_26_5, %branch29 ], [ %pool_acc_26_5, %branch28 ], [ %pool_acc_26_5, %branch27 ], [ 0x0, %branch26 ], [ %pool_acc_26_5, %branch25 ], [ %pool_acc_26_5, %branch24 ], [ %pool_acc_26_5, %branch23 ], [ %pool_acc_26_5, %branch22 ], [ %pool_acc_26_5, %branch21 ], [ %pool_acc_26_5, %branch20 ], [ %pool_acc_26_5, %branch19 ], [ %pool_acc_26_5, %branch18 ], [ %pool_acc_26_5, %branch17 ], [ %pool_acc_26_5, %branch16 ], [ %pool_acc_26_5, %branch15 ], [ %pool_acc_26_5, %branch14 ], [ %pool_acc_26_5, %branch13 ], [ %pool_acc_26_5, %branch12 ], [ %pool_acc_26_5, %branch11 ], [ %pool_acc_26_5, %branch10 ], [ %pool_acc_26_5, %branch9 ], [ %pool_acc_26_5, %branch8 ], [ %pool_acc_26_5, %branch7 ], [ %pool_acc_26_5, %branch6 ], [ %pool_acc_26_5, %branch5 ], [ %pool_acc_26_5, %branch4 ], [ %pool_acc_26_5, %branch3 ], [ %pool_acc_26_5, %branch2 ], [ %pool_acc_26_5, %branch1 ], [ %pool_acc_26_5, %5 ]" [main_5_slices.cpp:115]   --->   Operation 1210 'phi' 'pool_acc_26_5_be' <Predicate = true> <Delay = 0.00>
ST_202 : Operation 1211 [1/1] (0.00ns)   --->   "%pool_acc_25_5_be = phi half [ %pool_acc_25_5, %branch31 ], [ %pool_acc_25_5, %branch30 ], [ %pool_acc_25_5, %branch29 ], [ %pool_acc_25_5, %branch28 ], [ %pool_acc_25_5, %branch27 ], [ %pool_acc_25_5, %branch26 ], [ 0x0, %branch25 ], [ %pool_acc_25_5, %branch24 ], [ %pool_acc_25_5, %branch23 ], [ %pool_acc_25_5, %branch22 ], [ %pool_acc_25_5, %branch21 ], [ %pool_acc_25_5, %branch20 ], [ %pool_acc_25_5, %branch19 ], [ %pool_acc_25_5, %branch18 ], [ %pool_acc_25_5, %branch17 ], [ %pool_acc_25_5, %branch16 ], [ %pool_acc_25_5, %branch15 ], [ %pool_acc_25_5, %branch14 ], [ %pool_acc_25_5, %branch13 ], [ %pool_acc_25_5, %branch12 ], [ %pool_acc_25_5, %branch11 ], [ %pool_acc_25_5, %branch10 ], [ %pool_acc_25_5, %branch9 ], [ %pool_acc_25_5, %branch8 ], [ %pool_acc_25_5, %branch7 ], [ %pool_acc_25_5, %branch6 ], [ %pool_acc_25_5, %branch5 ], [ %pool_acc_25_5, %branch4 ], [ %pool_acc_25_5, %branch3 ], [ %pool_acc_25_5, %branch2 ], [ %pool_acc_25_5, %branch1 ], [ %pool_acc_25_5, %5 ]" [main_5_slices.cpp:115]   --->   Operation 1211 'phi' 'pool_acc_25_5_be' <Predicate = true> <Delay = 0.00>
ST_202 : Operation 1212 [1/1] (0.00ns)   --->   "%pool_acc_24_5_be = phi half [ %pool_acc_24_5, %branch31 ], [ %pool_acc_24_5, %branch30 ], [ %pool_acc_24_5, %branch29 ], [ %pool_acc_24_5, %branch28 ], [ %pool_acc_24_5, %branch27 ], [ %pool_acc_24_5, %branch26 ], [ %pool_acc_24_5, %branch25 ], [ 0x0, %branch24 ], [ %pool_acc_24_5, %branch23 ], [ %pool_acc_24_5, %branch22 ], [ %pool_acc_24_5, %branch21 ], [ %pool_acc_24_5, %branch20 ], [ %pool_acc_24_5, %branch19 ], [ %pool_acc_24_5, %branch18 ], [ %pool_acc_24_5, %branch17 ], [ %pool_acc_24_5, %branch16 ], [ %pool_acc_24_5, %branch15 ], [ %pool_acc_24_5, %branch14 ], [ %pool_acc_24_5, %branch13 ], [ %pool_acc_24_5, %branch12 ], [ %pool_acc_24_5, %branch11 ], [ %pool_acc_24_5, %branch10 ], [ %pool_acc_24_5, %branch9 ], [ %pool_acc_24_5, %branch8 ], [ %pool_acc_24_5, %branch7 ], [ %pool_acc_24_5, %branch6 ], [ %pool_acc_24_5, %branch5 ], [ %pool_acc_24_5, %branch4 ], [ %pool_acc_24_5, %branch3 ], [ %pool_acc_24_5, %branch2 ], [ %pool_acc_24_5, %branch1 ], [ %pool_acc_24_5, %5 ]" [main_5_slices.cpp:115]   --->   Operation 1212 'phi' 'pool_acc_24_5_be' <Predicate = true> <Delay = 0.00>
ST_202 : Operation 1213 [1/1] (0.00ns)   --->   "%pool_acc_23_5_be = phi half [ %pool_acc_23_5, %branch31 ], [ %pool_acc_23_5, %branch30 ], [ %pool_acc_23_5, %branch29 ], [ %pool_acc_23_5, %branch28 ], [ %pool_acc_23_5, %branch27 ], [ %pool_acc_23_5, %branch26 ], [ %pool_acc_23_5, %branch25 ], [ %pool_acc_23_5, %branch24 ], [ 0x0, %branch23 ], [ %pool_acc_23_5, %branch22 ], [ %pool_acc_23_5, %branch21 ], [ %pool_acc_23_5, %branch20 ], [ %pool_acc_23_5, %branch19 ], [ %pool_acc_23_5, %branch18 ], [ %pool_acc_23_5, %branch17 ], [ %pool_acc_23_5, %branch16 ], [ %pool_acc_23_5, %branch15 ], [ %pool_acc_23_5, %branch14 ], [ %pool_acc_23_5, %branch13 ], [ %pool_acc_23_5, %branch12 ], [ %pool_acc_23_5, %branch11 ], [ %pool_acc_23_5, %branch10 ], [ %pool_acc_23_5, %branch9 ], [ %pool_acc_23_5, %branch8 ], [ %pool_acc_23_5, %branch7 ], [ %pool_acc_23_5, %branch6 ], [ %pool_acc_23_5, %branch5 ], [ %pool_acc_23_5, %branch4 ], [ %pool_acc_23_5, %branch3 ], [ %pool_acc_23_5, %branch2 ], [ %pool_acc_23_5, %branch1 ], [ %pool_acc_23_5, %5 ]" [main_5_slices.cpp:115]   --->   Operation 1213 'phi' 'pool_acc_23_5_be' <Predicate = true> <Delay = 0.00>
ST_202 : Operation 1214 [1/1] (0.00ns)   --->   "%pool_acc_22_5_be = phi half [ %pool_acc_22_5, %branch31 ], [ %pool_acc_22_5, %branch30 ], [ %pool_acc_22_5, %branch29 ], [ %pool_acc_22_5, %branch28 ], [ %pool_acc_22_5, %branch27 ], [ %pool_acc_22_5, %branch26 ], [ %pool_acc_22_5, %branch25 ], [ %pool_acc_22_5, %branch24 ], [ %pool_acc_22_5, %branch23 ], [ 0x0, %branch22 ], [ %pool_acc_22_5, %branch21 ], [ %pool_acc_22_5, %branch20 ], [ %pool_acc_22_5, %branch19 ], [ %pool_acc_22_5, %branch18 ], [ %pool_acc_22_5, %branch17 ], [ %pool_acc_22_5, %branch16 ], [ %pool_acc_22_5, %branch15 ], [ %pool_acc_22_5, %branch14 ], [ %pool_acc_22_5, %branch13 ], [ %pool_acc_22_5, %branch12 ], [ %pool_acc_22_5, %branch11 ], [ %pool_acc_22_5, %branch10 ], [ %pool_acc_22_5, %branch9 ], [ %pool_acc_22_5, %branch8 ], [ %pool_acc_22_5, %branch7 ], [ %pool_acc_22_5, %branch6 ], [ %pool_acc_22_5, %branch5 ], [ %pool_acc_22_5, %branch4 ], [ %pool_acc_22_5, %branch3 ], [ %pool_acc_22_5, %branch2 ], [ %pool_acc_22_5, %branch1 ], [ %pool_acc_22_5, %5 ]" [main_5_slices.cpp:115]   --->   Operation 1214 'phi' 'pool_acc_22_5_be' <Predicate = true> <Delay = 0.00>
ST_202 : Operation 1215 [1/1] (0.00ns)   --->   "%pool_acc_21_5_be = phi half [ %pool_acc_21_5, %branch31 ], [ %pool_acc_21_5, %branch30 ], [ %pool_acc_21_5, %branch29 ], [ %pool_acc_21_5, %branch28 ], [ %pool_acc_21_5, %branch27 ], [ %pool_acc_21_5, %branch26 ], [ %pool_acc_21_5, %branch25 ], [ %pool_acc_21_5, %branch24 ], [ %pool_acc_21_5, %branch23 ], [ %pool_acc_21_5, %branch22 ], [ 0x0, %branch21 ], [ %pool_acc_21_5, %branch20 ], [ %pool_acc_21_5, %branch19 ], [ %pool_acc_21_5, %branch18 ], [ %pool_acc_21_5, %branch17 ], [ %pool_acc_21_5, %branch16 ], [ %pool_acc_21_5, %branch15 ], [ %pool_acc_21_5, %branch14 ], [ %pool_acc_21_5, %branch13 ], [ %pool_acc_21_5, %branch12 ], [ %pool_acc_21_5, %branch11 ], [ %pool_acc_21_5, %branch10 ], [ %pool_acc_21_5, %branch9 ], [ %pool_acc_21_5, %branch8 ], [ %pool_acc_21_5, %branch7 ], [ %pool_acc_21_5, %branch6 ], [ %pool_acc_21_5, %branch5 ], [ %pool_acc_21_5, %branch4 ], [ %pool_acc_21_5, %branch3 ], [ %pool_acc_21_5, %branch2 ], [ %pool_acc_21_5, %branch1 ], [ %pool_acc_21_5, %5 ]" [main_5_slices.cpp:115]   --->   Operation 1215 'phi' 'pool_acc_21_5_be' <Predicate = true> <Delay = 0.00>
ST_202 : Operation 1216 [1/1] (0.00ns)   --->   "%pool_acc_20_5_be = phi half [ %pool_acc_20_5, %branch31 ], [ %pool_acc_20_5, %branch30 ], [ %pool_acc_20_5, %branch29 ], [ %pool_acc_20_5, %branch28 ], [ %pool_acc_20_5, %branch27 ], [ %pool_acc_20_5, %branch26 ], [ %pool_acc_20_5, %branch25 ], [ %pool_acc_20_5, %branch24 ], [ %pool_acc_20_5, %branch23 ], [ %pool_acc_20_5, %branch22 ], [ %pool_acc_20_5, %branch21 ], [ 0x0, %branch20 ], [ %pool_acc_20_5, %branch19 ], [ %pool_acc_20_5, %branch18 ], [ %pool_acc_20_5, %branch17 ], [ %pool_acc_20_5, %branch16 ], [ %pool_acc_20_5, %branch15 ], [ %pool_acc_20_5, %branch14 ], [ %pool_acc_20_5, %branch13 ], [ %pool_acc_20_5, %branch12 ], [ %pool_acc_20_5, %branch11 ], [ %pool_acc_20_5, %branch10 ], [ %pool_acc_20_5, %branch9 ], [ %pool_acc_20_5, %branch8 ], [ %pool_acc_20_5, %branch7 ], [ %pool_acc_20_5, %branch6 ], [ %pool_acc_20_5, %branch5 ], [ %pool_acc_20_5, %branch4 ], [ %pool_acc_20_5, %branch3 ], [ %pool_acc_20_5, %branch2 ], [ %pool_acc_20_5, %branch1 ], [ %pool_acc_20_5, %5 ]" [main_5_slices.cpp:115]   --->   Operation 1216 'phi' 'pool_acc_20_5_be' <Predicate = true> <Delay = 0.00>
ST_202 : Operation 1217 [1/1] (0.00ns)   --->   "%pool_acc_19_5_be = phi half [ %pool_acc_19_5, %branch31 ], [ %pool_acc_19_5, %branch30 ], [ %pool_acc_19_5, %branch29 ], [ %pool_acc_19_5, %branch28 ], [ %pool_acc_19_5, %branch27 ], [ %pool_acc_19_5, %branch26 ], [ %pool_acc_19_5, %branch25 ], [ %pool_acc_19_5, %branch24 ], [ %pool_acc_19_5, %branch23 ], [ %pool_acc_19_5, %branch22 ], [ %pool_acc_19_5, %branch21 ], [ %pool_acc_19_5, %branch20 ], [ 0x0, %branch19 ], [ %pool_acc_19_5, %branch18 ], [ %pool_acc_19_5, %branch17 ], [ %pool_acc_19_5, %branch16 ], [ %pool_acc_19_5, %branch15 ], [ %pool_acc_19_5, %branch14 ], [ %pool_acc_19_5, %branch13 ], [ %pool_acc_19_5, %branch12 ], [ %pool_acc_19_5, %branch11 ], [ %pool_acc_19_5, %branch10 ], [ %pool_acc_19_5, %branch9 ], [ %pool_acc_19_5, %branch8 ], [ %pool_acc_19_5, %branch7 ], [ %pool_acc_19_5, %branch6 ], [ %pool_acc_19_5, %branch5 ], [ %pool_acc_19_5, %branch4 ], [ %pool_acc_19_5, %branch3 ], [ %pool_acc_19_5, %branch2 ], [ %pool_acc_19_5, %branch1 ], [ %pool_acc_19_5, %5 ]" [main_5_slices.cpp:115]   --->   Operation 1217 'phi' 'pool_acc_19_5_be' <Predicate = true> <Delay = 0.00>
ST_202 : Operation 1218 [1/1] (0.00ns)   --->   "%pool_acc_18_5_be = phi half [ %pool_acc_18_5, %branch31 ], [ %pool_acc_18_5, %branch30 ], [ %pool_acc_18_5, %branch29 ], [ %pool_acc_18_5, %branch28 ], [ %pool_acc_18_5, %branch27 ], [ %pool_acc_18_5, %branch26 ], [ %pool_acc_18_5, %branch25 ], [ %pool_acc_18_5, %branch24 ], [ %pool_acc_18_5, %branch23 ], [ %pool_acc_18_5, %branch22 ], [ %pool_acc_18_5, %branch21 ], [ %pool_acc_18_5, %branch20 ], [ %pool_acc_18_5, %branch19 ], [ 0x0, %branch18 ], [ %pool_acc_18_5, %branch17 ], [ %pool_acc_18_5, %branch16 ], [ %pool_acc_18_5, %branch15 ], [ %pool_acc_18_5, %branch14 ], [ %pool_acc_18_5, %branch13 ], [ %pool_acc_18_5, %branch12 ], [ %pool_acc_18_5, %branch11 ], [ %pool_acc_18_5, %branch10 ], [ %pool_acc_18_5, %branch9 ], [ %pool_acc_18_5, %branch8 ], [ %pool_acc_18_5, %branch7 ], [ %pool_acc_18_5, %branch6 ], [ %pool_acc_18_5, %branch5 ], [ %pool_acc_18_5, %branch4 ], [ %pool_acc_18_5, %branch3 ], [ %pool_acc_18_5, %branch2 ], [ %pool_acc_18_5, %branch1 ], [ %pool_acc_18_5, %5 ]" [main_5_slices.cpp:115]   --->   Operation 1218 'phi' 'pool_acc_18_5_be' <Predicate = true> <Delay = 0.00>
ST_202 : Operation 1219 [1/1] (0.00ns)   --->   "%pool_acc_17_5_be = phi half [ %pool_acc_17_5, %branch31 ], [ %pool_acc_17_5, %branch30 ], [ %pool_acc_17_5, %branch29 ], [ %pool_acc_17_5, %branch28 ], [ %pool_acc_17_5, %branch27 ], [ %pool_acc_17_5, %branch26 ], [ %pool_acc_17_5, %branch25 ], [ %pool_acc_17_5, %branch24 ], [ %pool_acc_17_5, %branch23 ], [ %pool_acc_17_5, %branch22 ], [ %pool_acc_17_5, %branch21 ], [ %pool_acc_17_5, %branch20 ], [ %pool_acc_17_5, %branch19 ], [ %pool_acc_17_5, %branch18 ], [ 0x0, %branch17 ], [ %pool_acc_17_5, %branch16 ], [ %pool_acc_17_5, %branch15 ], [ %pool_acc_17_5, %branch14 ], [ %pool_acc_17_5, %branch13 ], [ %pool_acc_17_5, %branch12 ], [ %pool_acc_17_5, %branch11 ], [ %pool_acc_17_5, %branch10 ], [ %pool_acc_17_5, %branch9 ], [ %pool_acc_17_5, %branch8 ], [ %pool_acc_17_5, %branch7 ], [ %pool_acc_17_5, %branch6 ], [ %pool_acc_17_5, %branch5 ], [ %pool_acc_17_5, %branch4 ], [ %pool_acc_17_5, %branch3 ], [ %pool_acc_17_5, %branch2 ], [ %pool_acc_17_5, %branch1 ], [ %pool_acc_17_5, %5 ]" [main_5_slices.cpp:115]   --->   Operation 1219 'phi' 'pool_acc_17_5_be' <Predicate = true> <Delay = 0.00>
ST_202 : Operation 1220 [1/1] (0.00ns)   --->   "%pool_acc_16_5_be = phi half [ %pool_acc_16_5, %branch31 ], [ %pool_acc_16_5, %branch30 ], [ %pool_acc_16_5, %branch29 ], [ %pool_acc_16_5, %branch28 ], [ %pool_acc_16_5, %branch27 ], [ %pool_acc_16_5, %branch26 ], [ %pool_acc_16_5, %branch25 ], [ %pool_acc_16_5, %branch24 ], [ %pool_acc_16_5, %branch23 ], [ %pool_acc_16_5, %branch22 ], [ %pool_acc_16_5, %branch21 ], [ %pool_acc_16_5, %branch20 ], [ %pool_acc_16_5, %branch19 ], [ %pool_acc_16_5, %branch18 ], [ %pool_acc_16_5, %branch17 ], [ 0x0, %branch16 ], [ %pool_acc_16_5, %branch15 ], [ %pool_acc_16_5, %branch14 ], [ %pool_acc_16_5, %branch13 ], [ %pool_acc_16_5, %branch12 ], [ %pool_acc_16_5, %branch11 ], [ %pool_acc_16_5, %branch10 ], [ %pool_acc_16_5, %branch9 ], [ %pool_acc_16_5, %branch8 ], [ %pool_acc_16_5, %branch7 ], [ %pool_acc_16_5, %branch6 ], [ %pool_acc_16_5, %branch5 ], [ %pool_acc_16_5, %branch4 ], [ %pool_acc_16_5, %branch3 ], [ %pool_acc_16_5, %branch2 ], [ %pool_acc_16_5, %branch1 ], [ %pool_acc_16_5, %5 ]" [main_5_slices.cpp:115]   --->   Operation 1220 'phi' 'pool_acc_16_5_be' <Predicate = true> <Delay = 0.00>
ST_202 : Operation 1221 [1/1] (0.00ns)   --->   "%pool_acc_15_5_be = phi half [ %pool_acc_15_5, %branch31 ], [ %pool_acc_15_5, %branch30 ], [ %pool_acc_15_5, %branch29 ], [ %pool_acc_15_5, %branch28 ], [ %pool_acc_15_5, %branch27 ], [ %pool_acc_15_5, %branch26 ], [ %pool_acc_15_5, %branch25 ], [ %pool_acc_15_5, %branch24 ], [ %pool_acc_15_5, %branch23 ], [ %pool_acc_15_5, %branch22 ], [ %pool_acc_15_5, %branch21 ], [ %pool_acc_15_5, %branch20 ], [ %pool_acc_15_5, %branch19 ], [ %pool_acc_15_5, %branch18 ], [ %pool_acc_15_5, %branch17 ], [ %pool_acc_15_5, %branch16 ], [ 0x0, %branch15 ], [ %pool_acc_15_5, %branch14 ], [ %pool_acc_15_5, %branch13 ], [ %pool_acc_15_5, %branch12 ], [ %pool_acc_15_5, %branch11 ], [ %pool_acc_15_5, %branch10 ], [ %pool_acc_15_5, %branch9 ], [ %pool_acc_15_5, %branch8 ], [ %pool_acc_15_5, %branch7 ], [ %pool_acc_15_5, %branch6 ], [ %pool_acc_15_5, %branch5 ], [ %pool_acc_15_5, %branch4 ], [ %pool_acc_15_5, %branch3 ], [ %pool_acc_15_5, %branch2 ], [ %pool_acc_15_5, %branch1 ], [ %pool_acc_15_5, %5 ]" [main_5_slices.cpp:115]   --->   Operation 1221 'phi' 'pool_acc_15_5_be' <Predicate = true> <Delay = 0.00>
ST_202 : Operation 1222 [1/1] (0.00ns)   --->   "%pool_acc_14_5_be = phi half [ %pool_acc_14_5, %branch31 ], [ %pool_acc_14_5, %branch30 ], [ %pool_acc_14_5, %branch29 ], [ %pool_acc_14_5, %branch28 ], [ %pool_acc_14_5, %branch27 ], [ %pool_acc_14_5, %branch26 ], [ %pool_acc_14_5, %branch25 ], [ %pool_acc_14_5, %branch24 ], [ %pool_acc_14_5, %branch23 ], [ %pool_acc_14_5, %branch22 ], [ %pool_acc_14_5, %branch21 ], [ %pool_acc_14_5, %branch20 ], [ %pool_acc_14_5, %branch19 ], [ %pool_acc_14_5, %branch18 ], [ %pool_acc_14_5, %branch17 ], [ %pool_acc_14_5, %branch16 ], [ %pool_acc_14_5, %branch15 ], [ 0x0, %branch14 ], [ %pool_acc_14_5, %branch13 ], [ %pool_acc_14_5, %branch12 ], [ %pool_acc_14_5, %branch11 ], [ %pool_acc_14_5, %branch10 ], [ %pool_acc_14_5, %branch9 ], [ %pool_acc_14_5, %branch8 ], [ %pool_acc_14_5, %branch7 ], [ %pool_acc_14_5, %branch6 ], [ %pool_acc_14_5, %branch5 ], [ %pool_acc_14_5, %branch4 ], [ %pool_acc_14_5, %branch3 ], [ %pool_acc_14_5, %branch2 ], [ %pool_acc_14_5, %branch1 ], [ %pool_acc_14_5, %5 ]" [main_5_slices.cpp:115]   --->   Operation 1222 'phi' 'pool_acc_14_5_be' <Predicate = true> <Delay = 0.00>
ST_202 : Operation 1223 [1/1] (0.00ns)   --->   "%pool_acc_13_5_be = phi half [ %pool_acc_13_5, %branch31 ], [ %pool_acc_13_5, %branch30 ], [ %pool_acc_13_5, %branch29 ], [ %pool_acc_13_5, %branch28 ], [ %pool_acc_13_5, %branch27 ], [ %pool_acc_13_5, %branch26 ], [ %pool_acc_13_5, %branch25 ], [ %pool_acc_13_5, %branch24 ], [ %pool_acc_13_5, %branch23 ], [ %pool_acc_13_5, %branch22 ], [ %pool_acc_13_5, %branch21 ], [ %pool_acc_13_5, %branch20 ], [ %pool_acc_13_5, %branch19 ], [ %pool_acc_13_5, %branch18 ], [ %pool_acc_13_5, %branch17 ], [ %pool_acc_13_5, %branch16 ], [ %pool_acc_13_5, %branch15 ], [ %pool_acc_13_5, %branch14 ], [ 0x0, %branch13 ], [ %pool_acc_13_5, %branch12 ], [ %pool_acc_13_5, %branch11 ], [ %pool_acc_13_5, %branch10 ], [ %pool_acc_13_5, %branch9 ], [ %pool_acc_13_5, %branch8 ], [ %pool_acc_13_5, %branch7 ], [ %pool_acc_13_5, %branch6 ], [ %pool_acc_13_5, %branch5 ], [ %pool_acc_13_5, %branch4 ], [ %pool_acc_13_5, %branch3 ], [ %pool_acc_13_5, %branch2 ], [ %pool_acc_13_5, %branch1 ], [ %pool_acc_13_5, %5 ]" [main_5_slices.cpp:115]   --->   Operation 1223 'phi' 'pool_acc_13_5_be' <Predicate = true> <Delay = 0.00>
ST_202 : Operation 1224 [1/1] (0.00ns)   --->   "%pool_acc_12_5_be = phi half [ %pool_acc_12_5, %branch31 ], [ %pool_acc_12_5, %branch30 ], [ %pool_acc_12_5, %branch29 ], [ %pool_acc_12_5, %branch28 ], [ %pool_acc_12_5, %branch27 ], [ %pool_acc_12_5, %branch26 ], [ %pool_acc_12_5, %branch25 ], [ %pool_acc_12_5, %branch24 ], [ %pool_acc_12_5, %branch23 ], [ %pool_acc_12_5, %branch22 ], [ %pool_acc_12_5, %branch21 ], [ %pool_acc_12_5, %branch20 ], [ %pool_acc_12_5, %branch19 ], [ %pool_acc_12_5, %branch18 ], [ %pool_acc_12_5, %branch17 ], [ %pool_acc_12_5, %branch16 ], [ %pool_acc_12_5, %branch15 ], [ %pool_acc_12_5, %branch14 ], [ %pool_acc_12_5, %branch13 ], [ 0x0, %branch12 ], [ %pool_acc_12_5, %branch11 ], [ %pool_acc_12_5, %branch10 ], [ %pool_acc_12_5, %branch9 ], [ %pool_acc_12_5, %branch8 ], [ %pool_acc_12_5, %branch7 ], [ %pool_acc_12_5, %branch6 ], [ %pool_acc_12_5, %branch5 ], [ %pool_acc_12_5, %branch4 ], [ %pool_acc_12_5, %branch3 ], [ %pool_acc_12_5, %branch2 ], [ %pool_acc_12_5, %branch1 ], [ %pool_acc_12_5, %5 ]" [main_5_slices.cpp:115]   --->   Operation 1224 'phi' 'pool_acc_12_5_be' <Predicate = true> <Delay = 0.00>
ST_202 : Operation 1225 [1/1] (0.00ns)   --->   "%pool_acc_11_5_be = phi half [ %pool_acc_11_5, %branch31 ], [ %pool_acc_11_5, %branch30 ], [ %pool_acc_11_5, %branch29 ], [ %pool_acc_11_5, %branch28 ], [ %pool_acc_11_5, %branch27 ], [ %pool_acc_11_5, %branch26 ], [ %pool_acc_11_5, %branch25 ], [ %pool_acc_11_5, %branch24 ], [ %pool_acc_11_5, %branch23 ], [ %pool_acc_11_5, %branch22 ], [ %pool_acc_11_5, %branch21 ], [ %pool_acc_11_5, %branch20 ], [ %pool_acc_11_5, %branch19 ], [ %pool_acc_11_5, %branch18 ], [ %pool_acc_11_5, %branch17 ], [ %pool_acc_11_5, %branch16 ], [ %pool_acc_11_5, %branch15 ], [ %pool_acc_11_5, %branch14 ], [ %pool_acc_11_5, %branch13 ], [ %pool_acc_11_5, %branch12 ], [ 0x0, %branch11 ], [ %pool_acc_11_5, %branch10 ], [ %pool_acc_11_5, %branch9 ], [ %pool_acc_11_5, %branch8 ], [ %pool_acc_11_5, %branch7 ], [ %pool_acc_11_5, %branch6 ], [ %pool_acc_11_5, %branch5 ], [ %pool_acc_11_5, %branch4 ], [ %pool_acc_11_5, %branch3 ], [ %pool_acc_11_5, %branch2 ], [ %pool_acc_11_5, %branch1 ], [ %pool_acc_11_5, %5 ]" [main_5_slices.cpp:115]   --->   Operation 1225 'phi' 'pool_acc_11_5_be' <Predicate = true> <Delay = 0.00>
ST_202 : Operation 1226 [1/1] (0.00ns)   --->   "%pool_acc_10_5_be = phi half [ %pool_acc_10_5, %branch31 ], [ %pool_acc_10_5, %branch30 ], [ %pool_acc_10_5, %branch29 ], [ %pool_acc_10_5, %branch28 ], [ %pool_acc_10_5, %branch27 ], [ %pool_acc_10_5, %branch26 ], [ %pool_acc_10_5, %branch25 ], [ %pool_acc_10_5, %branch24 ], [ %pool_acc_10_5, %branch23 ], [ %pool_acc_10_5, %branch22 ], [ %pool_acc_10_5, %branch21 ], [ %pool_acc_10_5, %branch20 ], [ %pool_acc_10_5, %branch19 ], [ %pool_acc_10_5, %branch18 ], [ %pool_acc_10_5, %branch17 ], [ %pool_acc_10_5, %branch16 ], [ %pool_acc_10_5, %branch15 ], [ %pool_acc_10_5, %branch14 ], [ %pool_acc_10_5, %branch13 ], [ %pool_acc_10_5, %branch12 ], [ %pool_acc_10_5, %branch11 ], [ 0x0, %branch10 ], [ %pool_acc_10_5, %branch9 ], [ %pool_acc_10_5, %branch8 ], [ %pool_acc_10_5, %branch7 ], [ %pool_acc_10_5, %branch6 ], [ %pool_acc_10_5, %branch5 ], [ %pool_acc_10_5, %branch4 ], [ %pool_acc_10_5, %branch3 ], [ %pool_acc_10_5, %branch2 ], [ %pool_acc_10_5, %branch1 ], [ %pool_acc_10_5, %5 ]" [main_5_slices.cpp:115]   --->   Operation 1226 'phi' 'pool_acc_10_5_be' <Predicate = true> <Delay = 0.00>
ST_202 : Operation 1227 [1/1] (0.00ns)   --->   "%pool_acc_9_5_be = phi half [ %pool_acc_9_5, %branch31 ], [ %pool_acc_9_5, %branch30 ], [ %pool_acc_9_5, %branch29 ], [ %pool_acc_9_5, %branch28 ], [ %pool_acc_9_5, %branch27 ], [ %pool_acc_9_5, %branch26 ], [ %pool_acc_9_5, %branch25 ], [ %pool_acc_9_5, %branch24 ], [ %pool_acc_9_5, %branch23 ], [ %pool_acc_9_5, %branch22 ], [ %pool_acc_9_5, %branch21 ], [ %pool_acc_9_5, %branch20 ], [ %pool_acc_9_5, %branch19 ], [ %pool_acc_9_5, %branch18 ], [ %pool_acc_9_5, %branch17 ], [ %pool_acc_9_5, %branch16 ], [ %pool_acc_9_5, %branch15 ], [ %pool_acc_9_5, %branch14 ], [ %pool_acc_9_5, %branch13 ], [ %pool_acc_9_5, %branch12 ], [ %pool_acc_9_5, %branch11 ], [ %pool_acc_9_5, %branch10 ], [ 0x0, %branch9 ], [ %pool_acc_9_5, %branch8 ], [ %pool_acc_9_5, %branch7 ], [ %pool_acc_9_5, %branch6 ], [ %pool_acc_9_5, %branch5 ], [ %pool_acc_9_5, %branch4 ], [ %pool_acc_9_5, %branch3 ], [ %pool_acc_9_5, %branch2 ], [ %pool_acc_9_5, %branch1 ], [ %pool_acc_9_5, %5 ]" [main_5_slices.cpp:115]   --->   Operation 1227 'phi' 'pool_acc_9_5_be' <Predicate = true> <Delay = 0.00>
ST_202 : Operation 1228 [1/1] (0.00ns)   --->   "%pool_acc_8_5_be = phi half [ %pool_acc_8_5, %branch31 ], [ %pool_acc_8_5, %branch30 ], [ %pool_acc_8_5, %branch29 ], [ %pool_acc_8_5, %branch28 ], [ %pool_acc_8_5, %branch27 ], [ %pool_acc_8_5, %branch26 ], [ %pool_acc_8_5, %branch25 ], [ %pool_acc_8_5, %branch24 ], [ %pool_acc_8_5, %branch23 ], [ %pool_acc_8_5, %branch22 ], [ %pool_acc_8_5, %branch21 ], [ %pool_acc_8_5, %branch20 ], [ %pool_acc_8_5, %branch19 ], [ %pool_acc_8_5, %branch18 ], [ %pool_acc_8_5, %branch17 ], [ %pool_acc_8_5, %branch16 ], [ %pool_acc_8_5, %branch15 ], [ %pool_acc_8_5, %branch14 ], [ %pool_acc_8_5, %branch13 ], [ %pool_acc_8_5, %branch12 ], [ %pool_acc_8_5, %branch11 ], [ %pool_acc_8_5, %branch10 ], [ %pool_acc_8_5, %branch9 ], [ 0x0, %branch8 ], [ %pool_acc_8_5, %branch7 ], [ %pool_acc_8_5, %branch6 ], [ %pool_acc_8_5, %branch5 ], [ %pool_acc_8_5, %branch4 ], [ %pool_acc_8_5, %branch3 ], [ %pool_acc_8_5, %branch2 ], [ %pool_acc_8_5, %branch1 ], [ %pool_acc_8_5, %5 ]" [main_5_slices.cpp:115]   --->   Operation 1228 'phi' 'pool_acc_8_5_be' <Predicate = true> <Delay = 0.00>
ST_202 : Operation 1229 [1/1] (0.00ns)   --->   "%pool_acc_7_5_be = phi half [ %pool_acc_7_5, %branch31 ], [ %pool_acc_7_5, %branch30 ], [ %pool_acc_7_5, %branch29 ], [ %pool_acc_7_5, %branch28 ], [ %pool_acc_7_5, %branch27 ], [ %pool_acc_7_5, %branch26 ], [ %pool_acc_7_5, %branch25 ], [ %pool_acc_7_5, %branch24 ], [ %pool_acc_7_5, %branch23 ], [ %pool_acc_7_5, %branch22 ], [ %pool_acc_7_5, %branch21 ], [ %pool_acc_7_5, %branch20 ], [ %pool_acc_7_5, %branch19 ], [ %pool_acc_7_5, %branch18 ], [ %pool_acc_7_5, %branch17 ], [ %pool_acc_7_5, %branch16 ], [ %pool_acc_7_5, %branch15 ], [ %pool_acc_7_5, %branch14 ], [ %pool_acc_7_5, %branch13 ], [ %pool_acc_7_5, %branch12 ], [ %pool_acc_7_5, %branch11 ], [ %pool_acc_7_5, %branch10 ], [ %pool_acc_7_5, %branch9 ], [ %pool_acc_7_5, %branch8 ], [ 0x0, %branch7 ], [ %pool_acc_7_5, %branch6 ], [ %pool_acc_7_5, %branch5 ], [ %pool_acc_7_5, %branch4 ], [ %pool_acc_7_5, %branch3 ], [ %pool_acc_7_5, %branch2 ], [ %pool_acc_7_5, %branch1 ], [ %pool_acc_7_5, %5 ]" [main_5_slices.cpp:115]   --->   Operation 1229 'phi' 'pool_acc_7_5_be' <Predicate = true> <Delay = 0.00>
ST_202 : Operation 1230 [1/1] (0.00ns)   --->   "%pool_acc_6_5_be = phi half [ %pool_acc_6_5, %branch31 ], [ %pool_acc_6_5, %branch30 ], [ %pool_acc_6_5, %branch29 ], [ %pool_acc_6_5, %branch28 ], [ %pool_acc_6_5, %branch27 ], [ %pool_acc_6_5, %branch26 ], [ %pool_acc_6_5, %branch25 ], [ %pool_acc_6_5, %branch24 ], [ %pool_acc_6_5, %branch23 ], [ %pool_acc_6_5, %branch22 ], [ %pool_acc_6_5, %branch21 ], [ %pool_acc_6_5, %branch20 ], [ %pool_acc_6_5, %branch19 ], [ %pool_acc_6_5, %branch18 ], [ %pool_acc_6_5, %branch17 ], [ %pool_acc_6_5, %branch16 ], [ %pool_acc_6_5, %branch15 ], [ %pool_acc_6_5, %branch14 ], [ %pool_acc_6_5, %branch13 ], [ %pool_acc_6_5, %branch12 ], [ %pool_acc_6_5, %branch11 ], [ %pool_acc_6_5, %branch10 ], [ %pool_acc_6_5, %branch9 ], [ %pool_acc_6_5, %branch8 ], [ %pool_acc_6_5, %branch7 ], [ 0x0, %branch6 ], [ %pool_acc_6_5, %branch5 ], [ %pool_acc_6_5, %branch4 ], [ %pool_acc_6_5, %branch3 ], [ %pool_acc_6_5, %branch2 ], [ %pool_acc_6_5, %branch1 ], [ %pool_acc_6_5, %5 ]" [main_5_slices.cpp:115]   --->   Operation 1230 'phi' 'pool_acc_6_5_be' <Predicate = true> <Delay = 0.00>
ST_202 : Operation 1231 [1/1] (0.00ns)   --->   "%pool_acc_5_5_be = phi half [ %pool_acc_5_5, %branch31 ], [ %pool_acc_5_5, %branch30 ], [ %pool_acc_5_5, %branch29 ], [ %pool_acc_5_5, %branch28 ], [ %pool_acc_5_5, %branch27 ], [ %pool_acc_5_5, %branch26 ], [ %pool_acc_5_5, %branch25 ], [ %pool_acc_5_5, %branch24 ], [ %pool_acc_5_5, %branch23 ], [ %pool_acc_5_5, %branch22 ], [ %pool_acc_5_5, %branch21 ], [ %pool_acc_5_5, %branch20 ], [ %pool_acc_5_5, %branch19 ], [ %pool_acc_5_5, %branch18 ], [ %pool_acc_5_5, %branch17 ], [ %pool_acc_5_5, %branch16 ], [ %pool_acc_5_5, %branch15 ], [ %pool_acc_5_5, %branch14 ], [ %pool_acc_5_5, %branch13 ], [ %pool_acc_5_5, %branch12 ], [ %pool_acc_5_5, %branch11 ], [ %pool_acc_5_5, %branch10 ], [ %pool_acc_5_5, %branch9 ], [ %pool_acc_5_5, %branch8 ], [ %pool_acc_5_5, %branch7 ], [ %pool_acc_5_5, %branch6 ], [ 0x0, %branch5 ], [ %pool_acc_5_5, %branch4 ], [ %pool_acc_5_5, %branch3 ], [ %pool_acc_5_5, %branch2 ], [ %pool_acc_5_5, %branch1 ], [ %pool_acc_5_5, %5 ]" [main_5_slices.cpp:115]   --->   Operation 1231 'phi' 'pool_acc_5_5_be' <Predicate = true> <Delay = 0.00>
ST_202 : Operation 1232 [1/1] (0.00ns)   --->   "%pool_acc_4_5_be = phi half [ %pool_acc_4_5, %branch31 ], [ %pool_acc_4_5, %branch30 ], [ %pool_acc_4_5, %branch29 ], [ %pool_acc_4_5, %branch28 ], [ %pool_acc_4_5, %branch27 ], [ %pool_acc_4_5, %branch26 ], [ %pool_acc_4_5, %branch25 ], [ %pool_acc_4_5, %branch24 ], [ %pool_acc_4_5, %branch23 ], [ %pool_acc_4_5, %branch22 ], [ %pool_acc_4_5, %branch21 ], [ %pool_acc_4_5, %branch20 ], [ %pool_acc_4_5, %branch19 ], [ %pool_acc_4_5, %branch18 ], [ %pool_acc_4_5, %branch17 ], [ %pool_acc_4_5, %branch16 ], [ %pool_acc_4_5, %branch15 ], [ %pool_acc_4_5, %branch14 ], [ %pool_acc_4_5, %branch13 ], [ %pool_acc_4_5, %branch12 ], [ %pool_acc_4_5, %branch11 ], [ %pool_acc_4_5, %branch10 ], [ %pool_acc_4_5, %branch9 ], [ %pool_acc_4_5, %branch8 ], [ %pool_acc_4_5, %branch7 ], [ %pool_acc_4_5, %branch6 ], [ %pool_acc_4_5, %branch5 ], [ 0x0, %branch4 ], [ %pool_acc_4_5, %branch3 ], [ %pool_acc_4_5, %branch2 ], [ %pool_acc_4_5, %branch1 ], [ %pool_acc_4_5, %5 ]" [main_5_slices.cpp:115]   --->   Operation 1232 'phi' 'pool_acc_4_5_be' <Predicate = true> <Delay = 0.00>
ST_202 : Operation 1233 [1/1] (0.00ns)   --->   "%pool_acc_3_5_be = phi half [ %pool_acc_3_5, %branch31 ], [ %pool_acc_3_5, %branch30 ], [ %pool_acc_3_5, %branch29 ], [ %pool_acc_3_5, %branch28 ], [ %pool_acc_3_5, %branch27 ], [ %pool_acc_3_5, %branch26 ], [ %pool_acc_3_5, %branch25 ], [ %pool_acc_3_5, %branch24 ], [ %pool_acc_3_5, %branch23 ], [ %pool_acc_3_5, %branch22 ], [ %pool_acc_3_5, %branch21 ], [ %pool_acc_3_5, %branch20 ], [ %pool_acc_3_5, %branch19 ], [ %pool_acc_3_5, %branch18 ], [ %pool_acc_3_5, %branch17 ], [ %pool_acc_3_5, %branch16 ], [ %pool_acc_3_5, %branch15 ], [ %pool_acc_3_5, %branch14 ], [ %pool_acc_3_5, %branch13 ], [ %pool_acc_3_5, %branch12 ], [ %pool_acc_3_5, %branch11 ], [ %pool_acc_3_5, %branch10 ], [ %pool_acc_3_5, %branch9 ], [ %pool_acc_3_5, %branch8 ], [ %pool_acc_3_5, %branch7 ], [ %pool_acc_3_5, %branch6 ], [ %pool_acc_3_5, %branch5 ], [ %pool_acc_3_5, %branch4 ], [ 0x0, %branch3 ], [ %pool_acc_3_5, %branch2 ], [ %pool_acc_3_5, %branch1 ], [ %pool_acc_3_5, %5 ]" [main_5_slices.cpp:115]   --->   Operation 1233 'phi' 'pool_acc_3_5_be' <Predicate = true> <Delay = 0.00>
ST_202 : Operation 1234 [1/1] (0.00ns)   --->   "%pool_acc_2_5_be = phi half [ %pool_acc_2_5, %branch31 ], [ %pool_acc_2_5, %branch30 ], [ %pool_acc_2_5, %branch29 ], [ %pool_acc_2_5, %branch28 ], [ %pool_acc_2_5, %branch27 ], [ %pool_acc_2_5, %branch26 ], [ %pool_acc_2_5, %branch25 ], [ %pool_acc_2_5, %branch24 ], [ %pool_acc_2_5, %branch23 ], [ %pool_acc_2_5, %branch22 ], [ %pool_acc_2_5, %branch21 ], [ %pool_acc_2_5, %branch20 ], [ %pool_acc_2_5, %branch19 ], [ %pool_acc_2_5, %branch18 ], [ %pool_acc_2_5, %branch17 ], [ %pool_acc_2_5, %branch16 ], [ %pool_acc_2_5, %branch15 ], [ %pool_acc_2_5, %branch14 ], [ %pool_acc_2_5, %branch13 ], [ %pool_acc_2_5, %branch12 ], [ %pool_acc_2_5, %branch11 ], [ %pool_acc_2_5, %branch10 ], [ %pool_acc_2_5, %branch9 ], [ %pool_acc_2_5, %branch8 ], [ %pool_acc_2_5, %branch7 ], [ %pool_acc_2_5, %branch6 ], [ %pool_acc_2_5, %branch5 ], [ %pool_acc_2_5, %branch4 ], [ %pool_acc_2_5, %branch3 ], [ 0x0, %branch2 ], [ %pool_acc_2_5, %branch1 ], [ %pool_acc_2_5, %5 ]" [main_5_slices.cpp:115]   --->   Operation 1234 'phi' 'pool_acc_2_5_be' <Predicate = true> <Delay = 0.00>
ST_202 : Operation 1235 [1/1] (0.00ns)   --->   "%pool_acc_1_5_be = phi half [ %pool_acc_1_5, %branch31 ], [ %pool_acc_1_5, %branch30 ], [ %pool_acc_1_5, %branch29 ], [ %pool_acc_1_5, %branch28 ], [ %pool_acc_1_5, %branch27 ], [ %pool_acc_1_5, %branch26 ], [ %pool_acc_1_5, %branch25 ], [ %pool_acc_1_5, %branch24 ], [ %pool_acc_1_5, %branch23 ], [ %pool_acc_1_5, %branch22 ], [ %pool_acc_1_5, %branch21 ], [ %pool_acc_1_5, %branch20 ], [ %pool_acc_1_5, %branch19 ], [ %pool_acc_1_5, %branch18 ], [ %pool_acc_1_5, %branch17 ], [ %pool_acc_1_5, %branch16 ], [ %pool_acc_1_5, %branch15 ], [ %pool_acc_1_5, %branch14 ], [ %pool_acc_1_5, %branch13 ], [ %pool_acc_1_5, %branch12 ], [ %pool_acc_1_5, %branch11 ], [ %pool_acc_1_5, %branch10 ], [ %pool_acc_1_5, %branch9 ], [ %pool_acc_1_5, %branch8 ], [ %pool_acc_1_5, %branch7 ], [ %pool_acc_1_5, %branch6 ], [ %pool_acc_1_5, %branch5 ], [ %pool_acc_1_5, %branch4 ], [ %pool_acc_1_5, %branch3 ], [ %pool_acc_1_5, %branch2 ], [ 0x0, %branch1 ], [ %pool_acc_1_5, %5 ]" [main_5_slices.cpp:115]   --->   Operation 1235 'phi' 'pool_acc_1_5_be' <Predicate = true> <Delay = 0.00>
ST_202 : Operation 1236 [1/1] (0.00ns)   --->   "%pool_acc_0_5_be = phi half [ %pool_acc_0_5, %branch31 ], [ %pool_acc_0_5, %branch30 ], [ %pool_acc_0_5, %branch29 ], [ %pool_acc_0_5, %branch28 ], [ %pool_acc_0_5, %branch27 ], [ %pool_acc_0_5, %branch26 ], [ %pool_acc_0_5, %branch25 ], [ %pool_acc_0_5, %branch24 ], [ %pool_acc_0_5, %branch23 ], [ %pool_acc_0_5, %branch22 ], [ %pool_acc_0_5, %branch21 ], [ %pool_acc_0_5, %branch20 ], [ %pool_acc_0_5, %branch19 ], [ %pool_acc_0_5, %branch18 ], [ %pool_acc_0_5, %branch17 ], [ %pool_acc_0_5, %branch16 ], [ %pool_acc_0_5, %branch15 ], [ %pool_acc_0_5, %branch14 ], [ %pool_acc_0_5, %branch13 ], [ %pool_acc_0_5, %branch12 ], [ %pool_acc_0_5, %branch11 ], [ %pool_acc_0_5, %branch10 ], [ %pool_acc_0_5, %branch9 ], [ %pool_acc_0_5, %branch8 ], [ %pool_acc_0_5, %branch7 ], [ %pool_acc_0_5, %branch6 ], [ %pool_acc_0_5, %branch5 ], [ %pool_acc_0_5, %branch4 ], [ %pool_acc_0_5, %branch3 ], [ %pool_acc_0_5, %branch2 ], [ %pool_acc_0_5, %branch1 ], [ 0x0, %5 ]" [main_5_slices.cpp:115]   --->   Operation 1236 'phi' 'pool_acc_0_5_be' <Predicate = true> <Delay = 0.00>
ST_202 : Operation 1237 [1/1] (0.00ns)   --->   "br label %.preheader"   --->   Operation 1237 'br' <Predicate = true> <Delay = 0.00>

State 203 <SV = 5> <Delay = 0.00>
ST_203 : Operation 1238 [1/1] (0.00ns)   --->   "%pool_acc_31_7 = phi half [ %pool_acc_31_5, %6 ], [ %pool_acc_31_3, %.Loop1Big_end_crit_edge ]" [main_5_slices.cpp:115]   --->   Operation 1238 'phi' 'pool_acc_31_7' <Predicate = true> <Delay = 0.00>
ST_203 : Operation 1239 [1/1] (0.00ns)   --->   "%pool_acc_30_7 = phi half [ %pool_acc_30_5, %6 ], [ %pool_acc_30_3, %.Loop1Big_end_crit_edge ]" [main_5_slices.cpp:115]   --->   Operation 1239 'phi' 'pool_acc_30_7' <Predicate = true> <Delay = 0.00>
ST_203 : Operation 1240 [1/1] (0.00ns)   --->   "%pool_acc_29_7 = phi half [ %pool_acc_29_5, %6 ], [ %pool_acc_29_3, %.Loop1Big_end_crit_edge ]" [main_5_slices.cpp:115]   --->   Operation 1240 'phi' 'pool_acc_29_7' <Predicate = true> <Delay = 0.00>
ST_203 : Operation 1241 [1/1] (0.00ns)   --->   "%pool_acc_28_7 = phi half [ %pool_acc_28_5, %6 ], [ %pool_acc_28_3, %.Loop1Big_end_crit_edge ]" [main_5_slices.cpp:115]   --->   Operation 1241 'phi' 'pool_acc_28_7' <Predicate = true> <Delay = 0.00>
ST_203 : Operation 1242 [1/1] (0.00ns)   --->   "%pool_acc_27_7 = phi half [ %pool_acc_27_5, %6 ], [ %pool_acc_27_3, %.Loop1Big_end_crit_edge ]" [main_5_slices.cpp:115]   --->   Operation 1242 'phi' 'pool_acc_27_7' <Predicate = true> <Delay = 0.00>
ST_203 : Operation 1243 [1/1] (0.00ns)   --->   "%pool_acc_26_7 = phi half [ %pool_acc_26_5, %6 ], [ %pool_acc_26_3, %.Loop1Big_end_crit_edge ]" [main_5_slices.cpp:115]   --->   Operation 1243 'phi' 'pool_acc_26_7' <Predicate = true> <Delay = 0.00>
ST_203 : Operation 1244 [1/1] (0.00ns)   --->   "%pool_acc_25_7 = phi half [ %pool_acc_25_5, %6 ], [ %pool_acc_25_3, %.Loop1Big_end_crit_edge ]" [main_5_slices.cpp:115]   --->   Operation 1244 'phi' 'pool_acc_25_7' <Predicate = true> <Delay = 0.00>
ST_203 : Operation 1245 [1/1] (0.00ns)   --->   "%pool_acc_24_7 = phi half [ %pool_acc_24_5, %6 ], [ %pool_acc_24_3, %.Loop1Big_end_crit_edge ]" [main_5_slices.cpp:115]   --->   Operation 1245 'phi' 'pool_acc_24_7' <Predicate = true> <Delay = 0.00>
ST_203 : Operation 1246 [1/1] (0.00ns)   --->   "%pool_acc_23_7 = phi half [ %pool_acc_23_5, %6 ], [ %pool_acc_23_3, %.Loop1Big_end_crit_edge ]" [main_5_slices.cpp:115]   --->   Operation 1246 'phi' 'pool_acc_23_7' <Predicate = true> <Delay = 0.00>
ST_203 : Operation 1247 [1/1] (0.00ns)   --->   "%pool_acc_22_7 = phi half [ %pool_acc_22_5, %6 ], [ %pool_acc_22_3, %.Loop1Big_end_crit_edge ]" [main_5_slices.cpp:115]   --->   Operation 1247 'phi' 'pool_acc_22_7' <Predicate = true> <Delay = 0.00>
ST_203 : Operation 1248 [1/1] (0.00ns)   --->   "%pool_acc_21_7 = phi half [ %pool_acc_21_5, %6 ], [ %pool_acc_21_3, %.Loop1Big_end_crit_edge ]" [main_5_slices.cpp:115]   --->   Operation 1248 'phi' 'pool_acc_21_7' <Predicate = true> <Delay = 0.00>
ST_203 : Operation 1249 [1/1] (0.00ns)   --->   "%pool_acc_20_7 = phi half [ %pool_acc_20_5, %6 ], [ %pool_acc_20_3, %.Loop1Big_end_crit_edge ]" [main_5_slices.cpp:115]   --->   Operation 1249 'phi' 'pool_acc_20_7' <Predicate = true> <Delay = 0.00>
ST_203 : Operation 1250 [1/1] (0.00ns)   --->   "%pool_acc_19_7 = phi half [ %pool_acc_19_5, %6 ], [ %pool_acc_19_3, %.Loop1Big_end_crit_edge ]" [main_5_slices.cpp:115]   --->   Operation 1250 'phi' 'pool_acc_19_7' <Predicate = true> <Delay = 0.00>
ST_203 : Operation 1251 [1/1] (0.00ns)   --->   "%pool_acc_18_7 = phi half [ %pool_acc_18_5, %6 ], [ %pool_acc_18_3, %.Loop1Big_end_crit_edge ]" [main_5_slices.cpp:115]   --->   Operation 1251 'phi' 'pool_acc_18_7' <Predicate = true> <Delay = 0.00>
ST_203 : Operation 1252 [1/1] (0.00ns)   --->   "%pool_acc_17_7 = phi half [ %pool_acc_17_5, %6 ], [ %pool_acc_17_3, %.Loop1Big_end_crit_edge ]" [main_5_slices.cpp:115]   --->   Operation 1252 'phi' 'pool_acc_17_7' <Predicate = true> <Delay = 0.00>
ST_203 : Operation 1253 [1/1] (0.00ns)   --->   "%pool_acc_16_7 = phi half [ %pool_acc_16_5, %6 ], [ %pool_acc_16_3, %.Loop1Big_end_crit_edge ]" [main_5_slices.cpp:115]   --->   Operation 1253 'phi' 'pool_acc_16_7' <Predicate = true> <Delay = 0.00>
ST_203 : Operation 1254 [1/1] (0.00ns)   --->   "%pool_acc_15_7 = phi half [ %pool_acc_15_5, %6 ], [ %pool_acc_15_3, %.Loop1Big_end_crit_edge ]" [main_5_slices.cpp:115]   --->   Operation 1254 'phi' 'pool_acc_15_7' <Predicate = true> <Delay = 0.00>
ST_203 : Operation 1255 [1/1] (0.00ns)   --->   "%pool_acc_14_7 = phi half [ %pool_acc_14_5, %6 ], [ %pool_acc_14_3, %.Loop1Big_end_crit_edge ]" [main_5_slices.cpp:115]   --->   Operation 1255 'phi' 'pool_acc_14_7' <Predicate = true> <Delay = 0.00>
ST_203 : Operation 1256 [1/1] (0.00ns)   --->   "%pool_acc_13_7 = phi half [ %pool_acc_13_5, %6 ], [ %pool_acc_13_3, %.Loop1Big_end_crit_edge ]" [main_5_slices.cpp:115]   --->   Operation 1256 'phi' 'pool_acc_13_7' <Predicate = true> <Delay = 0.00>
ST_203 : Operation 1257 [1/1] (0.00ns)   --->   "%pool_acc_12_7 = phi half [ %pool_acc_12_5, %6 ], [ %pool_acc_12_3, %.Loop1Big_end_crit_edge ]" [main_5_slices.cpp:115]   --->   Operation 1257 'phi' 'pool_acc_12_7' <Predicate = true> <Delay = 0.00>
ST_203 : Operation 1258 [1/1] (0.00ns)   --->   "%pool_acc_11_7 = phi half [ %pool_acc_11_5, %6 ], [ %pool_acc_11_3, %.Loop1Big_end_crit_edge ]" [main_5_slices.cpp:115]   --->   Operation 1258 'phi' 'pool_acc_11_7' <Predicate = true> <Delay = 0.00>
ST_203 : Operation 1259 [1/1] (0.00ns)   --->   "%pool_acc_10_7 = phi half [ %pool_acc_10_5, %6 ], [ %pool_acc_10_3, %.Loop1Big_end_crit_edge ]" [main_5_slices.cpp:115]   --->   Operation 1259 'phi' 'pool_acc_10_7' <Predicate = true> <Delay = 0.00>
ST_203 : Operation 1260 [1/1] (0.00ns)   --->   "%pool_acc_9_7 = phi half [ %pool_acc_9_5, %6 ], [ %pool_acc_9_3, %.Loop1Big_end_crit_edge ]" [main_5_slices.cpp:115]   --->   Operation 1260 'phi' 'pool_acc_9_7' <Predicate = true> <Delay = 0.00>
ST_203 : Operation 1261 [1/1] (0.00ns)   --->   "%pool_acc_8_7 = phi half [ %pool_acc_8_5, %6 ], [ %pool_acc_8_3, %.Loop1Big_end_crit_edge ]" [main_5_slices.cpp:115]   --->   Operation 1261 'phi' 'pool_acc_8_7' <Predicate = true> <Delay = 0.00>
ST_203 : Operation 1262 [1/1] (0.00ns)   --->   "%pool_acc_7_7 = phi half [ %pool_acc_7_5, %6 ], [ %pool_acc_7_3, %.Loop1Big_end_crit_edge ]" [main_5_slices.cpp:115]   --->   Operation 1262 'phi' 'pool_acc_7_7' <Predicate = true> <Delay = 0.00>
ST_203 : Operation 1263 [1/1] (0.00ns)   --->   "%pool_acc_6_7 = phi half [ %pool_acc_6_5, %6 ], [ %pool_acc_6_3, %.Loop1Big_end_crit_edge ]" [main_5_slices.cpp:115]   --->   Operation 1263 'phi' 'pool_acc_6_7' <Predicate = true> <Delay = 0.00>
ST_203 : Operation 1264 [1/1] (0.00ns)   --->   "%pool_acc_5_7 = phi half [ %pool_acc_5_5, %6 ], [ %pool_acc_5_3, %.Loop1Big_end_crit_edge ]" [main_5_slices.cpp:115]   --->   Operation 1264 'phi' 'pool_acc_5_7' <Predicate = true> <Delay = 0.00>
ST_203 : Operation 1265 [1/1] (0.00ns)   --->   "%pool_acc_4_7 = phi half [ %pool_acc_4_5, %6 ], [ %pool_acc_4_3, %.Loop1Big_end_crit_edge ]" [main_5_slices.cpp:115]   --->   Operation 1265 'phi' 'pool_acc_4_7' <Predicate = true> <Delay = 0.00>
ST_203 : Operation 1266 [1/1] (0.00ns)   --->   "%pool_acc_3_7 = phi half [ %pool_acc_3_5, %6 ], [ %pool_acc_3_3, %.Loop1Big_end_crit_edge ]" [main_5_slices.cpp:115]   --->   Operation 1266 'phi' 'pool_acc_3_7' <Predicate = true> <Delay = 0.00>
ST_203 : Operation 1267 [1/1] (0.00ns)   --->   "%pool_acc_2_7 = phi half [ %pool_acc_2_5, %6 ], [ %pool_acc_2_3, %.Loop1Big_end_crit_edge ]" [main_5_slices.cpp:115]   --->   Operation 1267 'phi' 'pool_acc_2_7' <Predicate = true> <Delay = 0.00>
ST_203 : Operation 1268 [1/1] (0.00ns)   --->   "%pool_acc_1_7 = phi half [ %pool_acc_1_5, %6 ], [ %pool_acc_1_3, %.Loop1Big_end_crit_edge ]" [main_5_slices.cpp:115]   --->   Operation 1268 'phi' 'pool_acc_1_7' <Predicate = true> <Delay = 0.00>
ST_203 : Operation 1269 [1/1] (0.00ns)   --->   "%pool_acc_0_7 = phi half [ %pool_acc_0_5, %6 ], [ %pool_acc_0_3, %.Loop1Big_end_crit_edge ]" [main_5_slices.cpp:115]   --->   Operation 1269 'phi' 'pool_acc_0_7' <Predicate = true> <Delay = 0.00>
ST_203 : Operation 1270 [1/1] (0.00ns)   --->   "%empty_59 = call i32 (...)* @_ssdm_op_SpecRegionEnd([9 x i8]* @p_str25, i32 %tmp)" [main_5_slices.cpp:125]   --->   Operation 1270 'specregionend' 'empty_59' <Predicate = true> <Delay = 0.00>
ST_203 : Operation 1271 [1/1] (0.00ns)   --->   "br label %.preheader2" [main_5_slices.cpp:101]   --->   Operation 1271 'br' <Predicate = true> <Delay = 0.00>


============================================================
+ Verbose Summary: Timing violations
============================================================
Target clock period: 10ns, clock uncertainty: 1.25ns.

 <State 1>: 1.77ns
The critical path consists of the following:
	multiplexor before 'phi' operation ('f') with incoming values : ('f', main_5_slices.cpp:98) [39]  (1.77 ns)

 <State 2>: 1.83ns
The critical path consists of the following:
	'phi' operation ('f') with incoming values : ('f', main_5_slices.cpp:98) [39]  (0 ns)
	'add' operation ('f', main_5_slices.cpp:98) [74]  (1.83 ns)

 <State 3>: 0ns
The critical path consists of the following:

 <State 4>: 1.82ns
The critical path consists of the following:
	'phi' operation ('t') with incoming values : ('t', main_5_slices.cpp:101) [217]  (0 ns)
	'add' operation ('t', main_5_slices.cpp:101) [220]  (1.82 ns)

 <State 5>: 5.03ns
The critical path consists of the following:
	'load' operation ('pc_4_load', main_5_slices.cpp:117) on local variable 'pc' [711]  (0 ns)
	'add' operation ('pc', main_5_slices.cpp:117) [712]  (2.55 ns)
	'icmp' operation ('icmp_ln117', main_5_slices.cpp:117) [713]  (2.47 ns)

 <State 6>: 6.73ns
The critical path consists of the following:
	'mux' operation ('tmp_10', main_5_slices.cpp:113) [602]  (3.21 ns)
	'hptosp' operation ('tmp_86', main_5_slices.cpp:113) [603]  (3.52 ns)

 <State 7>: 3.25ns
The critical path consists of the following:
	'load' operation ('X_slice3_load', main_5_slices.cpp:109) on array 'X_slice3' [282]  (3.25 ns)

 <State 8>: 7.87ns
The critical path consists of the following:
	'getelementptr' operation ('ConvW3_addr', main_5_slices.cpp:109) [285]  (0 ns)
	'load' operation ('ConvW3_load', main_5_slices.cpp:109) on array 'ConvW3' [286]  (1 ns)
	'hmul' operation ('tmp_92', main_5_slices.cpp:109) [287]  (6.87 ns)

 <State 9>: 6.87ns
The critical path consists of the following:
	'hmul' operation ('tmp_92', main_5_slices.cpp:109) [287]  (6.87 ns)

 <State 10>: 6.87ns
The critical path consists of the following:
	'hmul' operation ('tmp_92', main_5_slices.cpp:109) [287]  (6.87 ns)

 <State 11>: 6.87ns
The critical path consists of the following:
	'hmul' operation ('tmp_92', main_5_slices.cpp:109) [287]  (6.87 ns)

 <State 12>: 7.61ns
The critical path consists of the following:
	'hadd' operation ('acc_025', main_5_slices.cpp:109) [288]  (7.61 ns)

 <State 13>: 7.87ns
The critical path consists of the following:
	'getelementptr' operation ('ConvW3_addr_1', main_5_slices.cpp:109) [295]  (0 ns)
	'load' operation ('ConvW3_load_1', main_5_slices.cpp:109) on array 'ConvW3' [296]  (1 ns)
	'hmul' operation ('tmp_92_1', main_5_slices.cpp:109) [297]  (6.87 ns)

 <State 14>: 7.61ns
The critical path consists of the following:
	'hadd' operation ('acc_025', main_5_slices.cpp:109) [288]  (7.61 ns)

 <State 15>: 7.61ns
The critical path consists of the following:
	'hadd' operation ('acc_025', main_5_slices.cpp:109) [288]  (7.61 ns)

 <State 16>: 7.61ns
The critical path consists of the following:
	'hadd' operation ('acc_025', main_5_slices.cpp:109) [288]  (7.61 ns)

 <State 17>: 7.61ns
The critical path consists of the following:
	'hadd' operation ('acc_s', main_5_slices.cpp:109) [298]  (7.61 ns)

 <State 18>: 7.87ns
The critical path consists of the following:
	'or' operation ('or_ln109_121', main_5_slices.cpp:109) [303]  (0 ns)
	'getelementptr' operation ('ConvW3_addr_2', main_5_slices.cpp:109) [305]  (0 ns)
	'load' operation ('ConvW3_load_2', main_5_slices.cpp:109) on array 'ConvW3' [306]  (1 ns)
	'hmul' operation ('tmp_92_2', main_5_slices.cpp:109) [307]  (6.87 ns)

 <State 19>: 7.61ns
The critical path consists of the following:
	'hadd' operation ('acc_s', main_5_slices.cpp:109) [298]  (7.61 ns)

 <State 20>: 7.61ns
The critical path consists of the following:
	'hadd' operation ('acc_s', main_5_slices.cpp:109) [298]  (7.61 ns)

 <State 21>: 7.61ns
The critical path consists of the following:
	'hadd' operation ('acc_s', main_5_slices.cpp:109) [298]  (7.61 ns)

 <State 22>: 7.61ns
The critical path consists of the following:
	'hadd' operation ('acc_2', main_5_slices.cpp:109) [308]  (7.61 ns)

 <State 23>: 7.87ns
The critical path consists of the following:
	'getelementptr' operation ('ConvW3_addr_3', main_5_slices.cpp:109) [315]  (0 ns)
	'load' operation ('ConvW3_load_3', main_5_slices.cpp:109) on array 'ConvW3' [316]  (1 ns)
	'hmul' operation ('tmp_92_3', main_5_slices.cpp:109) [317]  (6.87 ns)

 <State 24>: 7.61ns
The critical path consists of the following:
	'hadd' operation ('acc_2', main_5_slices.cpp:109) [308]  (7.61 ns)

 <State 25>: 7.61ns
The critical path consists of the following:
	'hadd' operation ('acc_2', main_5_slices.cpp:109) [308]  (7.61 ns)

 <State 26>: 7.61ns
The critical path consists of the following:
	'hadd' operation ('acc_2', main_5_slices.cpp:109) [308]  (7.61 ns)

 <State 27>: 7.61ns
The critical path consists of the following:
	'hadd' operation ('acc_3', main_5_slices.cpp:109) [318]  (7.61 ns)

 <State 28>: 7.87ns
The critical path consists of the following:
	'or' operation ('or_ln109_122', main_5_slices.cpp:109) [323]  (0 ns)
	'getelementptr' operation ('ConvW3_addr_4', main_5_slices.cpp:109) [325]  (0 ns)
	'load' operation ('ConvW3_load_4', main_5_slices.cpp:109) on array 'ConvW3' [326]  (1 ns)
	'hmul' operation ('tmp_92_4', main_5_slices.cpp:109) [327]  (6.87 ns)

 <State 29>: 7.61ns
The critical path consists of the following:
	'hadd' operation ('acc_3', main_5_slices.cpp:109) [318]  (7.61 ns)

 <State 30>: 7.61ns
The critical path consists of the following:
	'hadd' operation ('acc_3', main_5_slices.cpp:109) [318]  (7.61 ns)

 <State 31>: 7.61ns
The critical path consists of the following:
	'hadd' operation ('acc_3', main_5_slices.cpp:109) [318]  (7.61 ns)

 <State 32>: 7.61ns
The critical path consists of the following:
	'hadd' operation ('acc_4', main_5_slices.cpp:109) [328]  (7.61 ns)

 <State 33>: 7.87ns
The critical path consists of the following:
	'getelementptr' operation ('ConvW3_addr_5', main_5_slices.cpp:109) [335]  (0 ns)
	'load' operation ('ConvW3_load_5', main_5_slices.cpp:109) on array 'ConvW3' [336]  (1 ns)
	'hmul' operation ('tmp_92_5', main_5_slices.cpp:109) [337]  (6.87 ns)

 <State 34>: 7.61ns
The critical path consists of the following:
	'hadd' operation ('acc_4', main_5_slices.cpp:109) [328]  (7.61 ns)

 <State 35>: 7.61ns
The critical path consists of the following:
	'hadd' operation ('acc_4', main_5_slices.cpp:109) [328]  (7.61 ns)

 <State 36>: 7.61ns
The critical path consists of the following:
	'hadd' operation ('acc_4', main_5_slices.cpp:109) [328]  (7.61 ns)

 <State 37>: 7.61ns
The critical path consists of the following:
	'hadd' operation ('acc_5', main_5_slices.cpp:109) [338]  (7.61 ns)

 <State 38>: 7.87ns
The critical path consists of the following:
	'or' operation ('or_ln109_123', main_5_slices.cpp:109) [343]  (0 ns)
	'getelementptr' operation ('ConvW3_addr_6', main_5_slices.cpp:109) [345]  (0 ns)
	'load' operation ('ConvW3_load_6', main_5_slices.cpp:109) on array 'ConvW3' [346]  (1 ns)
	'hmul' operation ('tmp_92_6', main_5_slices.cpp:109) [347]  (6.87 ns)

 <State 39>: 7.61ns
The critical path consists of the following:
	'hadd' operation ('acc_5', main_5_slices.cpp:109) [338]  (7.61 ns)

 <State 40>: 7.61ns
The critical path consists of the following:
	'hadd' operation ('acc_5', main_5_slices.cpp:109) [338]  (7.61 ns)

 <State 41>: 7.61ns
The critical path consists of the following:
	'hadd' operation ('acc_5', main_5_slices.cpp:109) [338]  (7.61 ns)

 <State 42>: 7.61ns
The critical path consists of the following:
	'hadd' operation ('acc_6', main_5_slices.cpp:109) [348]  (7.61 ns)

 <State 43>: 7.87ns
The critical path consists of the following:
	'getelementptr' operation ('ConvW3_addr_7', main_5_slices.cpp:109) [355]  (0 ns)
	'load' operation ('ConvW3_load_7', main_5_slices.cpp:109) on array 'ConvW3' [356]  (1 ns)
	'hmul' operation ('tmp_92_7', main_5_slices.cpp:109) [357]  (6.87 ns)

 <State 44>: 7.61ns
The critical path consists of the following:
	'hadd' operation ('acc_6', main_5_slices.cpp:109) [348]  (7.61 ns)

 <State 45>: 7.61ns
The critical path consists of the following:
	'hadd' operation ('acc_6', main_5_slices.cpp:109) [348]  (7.61 ns)

 <State 46>: 7.61ns
The critical path consists of the following:
	'hadd' operation ('acc_6', main_5_slices.cpp:109) [348]  (7.61 ns)

 <State 47>: 7.61ns
The critical path consists of the following:
	'hadd' operation ('acc_7', main_5_slices.cpp:109) [358]  (7.61 ns)

 <State 48>: 7.87ns
The critical path consists of the following:
	'or' operation ('or_ln109_124', main_5_slices.cpp:109) [363]  (0 ns)
	'getelementptr' operation ('ConvW3_addr_8', main_5_slices.cpp:109) [365]  (0 ns)
	'load' operation ('ConvW3_load_8', main_5_slices.cpp:109) on array 'ConvW3' [366]  (1 ns)
	'hmul' operation ('tmp_92_8', main_5_slices.cpp:109) [367]  (6.87 ns)

 <State 49>: 7.61ns
The critical path consists of the following:
	'hadd' operation ('acc_7', main_5_slices.cpp:109) [358]  (7.61 ns)

 <State 50>: 7.61ns
The critical path consists of the following:
	'hadd' operation ('acc_7', main_5_slices.cpp:109) [358]  (7.61 ns)

 <State 51>: 7.61ns
The critical path consists of the following:
	'hadd' operation ('acc_7', main_5_slices.cpp:109) [358]  (7.61 ns)

 <State 52>: 7.61ns
The critical path consists of the following:
	'hadd' operation ('acc_8', main_5_slices.cpp:109) [368]  (7.61 ns)

 <State 53>: 7.87ns
The critical path consists of the following:
	'getelementptr' operation ('ConvW3_addr_9', main_5_slices.cpp:109) [375]  (0 ns)
	'load' operation ('ConvW3_load_9', main_5_slices.cpp:109) on array 'ConvW3' [376]  (1 ns)
	'hmul' operation ('tmp_92_9', main_5_slices.cpp:109) [377]  (6.87 ns)

 <State 54>: 7.61ns
The critical path consists of the following:
	'hadd' operation ('acc_8', main_5_slices.cpp:109) [368]  (7.61 ns)

 <State 55>: 7.61ns
The critical path consists of the following:
	'hadd' operation ('acc_8', main_5_slices.cpp:109) [368]  (7.61 ns)

 <State 56>: 7.61ns
The critical path consists of the following:
	'hadd' operation ('acc_8', main_5_slices.cpp:109) [368]  (7.61 ns)

 <State 57>: 7.61ns
The critical path consists of the following:
	'hadd' operation ('acc_9', main_5_slices.cpp:109) [378]  (7.61 ns)

 <State 58>: 7.87ns
The critical path consists of the following:
	'or' operation ('or_ln109_125', main_5_slices.cpp:109) [383]  (0 ns)
	'getelementptr' operation ('ConvW3_addr_10', main_5_slices.cpp:109) [385]  (0 ns)
	'load' operation ('ConvW3_load_10', main_5_slices.cpp:109) on array 'ConvW3' [386]  (1 ns)
	'hmul' operation ('tmp_92_10', main_5_slices.cpp:109) [387]  (6.87 ns)

 <State 59>: 7.61ns
The critical path consists of the following:
	'hadd' operation ('acc_9', main_5_slices.cpp:109) [378]  (7.61 ns)

 <State 60>: 7.61ns
The critical path consists of the following:
	'hadd' operation ('acc_9', main_5_slices.cpp:109) [378]  (7.61 ns)

 <State 61>: 7.61ns
The critical path consists of the following:
	'hadd' operation ('acc_9', main_5_slices.cpp:109) [378]  (7.61 ns)

 <State 62>: 7.61ns
The critical path consists of the following:
	'hadd' operation ('acc_10', main_5_slices.cpp:109) [388]  (7.61 ns)

 <State 63>: 7.87ns
The critical path consists of the following:
	'getelementptr' operation ('ConvW3_addr_11', main_5_slices.cpp:109) [395]  (0 ns)
	'load' operation ('ConvW3_load_11', main_5_slices.cpp:109) on array 'ConvW3' [396]  (1 ns)
	'hmul' operation ('tmp_92_11', main_5_slices.cpp:109) [397]  (6.87 ns)

 <State 64>: 7.61ns
The critical path consists of the following:
	'hadd' operation ('acc_10', main_5_slices.cpp:109) [388]  (7.61 ns)

 <State 65>: 7.61ns
The critical path consists of the following:
	'hadd' operation ('acc_10', main_5_slices.cpp:109) [388]  (7.61 ns)

 <State 66>: 7.61ns
The critical path consists of the following:
	'hadd' operation ('acc_10', main_5_slices.cpp:109) [388]  (7.61 ns)

 <State 67>: 7.61ns
The critical path consists of the following:
	'hadd' operation ('acc_11', main_5_slices.cpp:109) [398]  (7.61 ns)

 <State 68>: 7.87ns
The critical path consists of the following:
	'or' operation ('or_ln109_126', main_5_slices.cpp:109) [403]  (0 ns)
	'getelementptr' operation ('ConvW3_addr_12', main_5_slices.cpp:109) [405]  (0 ns)
	'load' operation ('ConvW3_load_12', main_5_slices.cpp:109) on array 'ConvW3' [406]  (1 ns)
	'hmul' operation ('tmp_92_12', main_5_slices.cpp:109) [407]  (6.87 ns)

 <State 69>: 7.61ns
The critical path consists of the following:
	'hadd' operation ('acc_11', main_5_slices.cpp:109) [398]  (7.61 ns)

 <State 70>: 7.61ns
The critical path consists of the following:
	'hadd' operation ('acc_11', main_5_slices.cpp:109) [398]  (7.61 ns)

 <State 71>: 7.61ns
The critical path consists of the following:
	'hadd' operation ('acc_11', main_5_slices.cpp:109) [398]  (7.61 ns)

 <State 72>: 7.61ns
The critical path consists of the following:
	'hadd' operation ('acc_12', main_5_slices.cpp:109) [408]  (7.61 ns)

 <State 73>: 7.87ns
The critical path consists of the following:
	'getelementptr' operation ('ConvW3_addr_13', main_5_slices.cpp:109) [415]  (0 ns)
	'load' operation ('ConvW3_load_13', main_5_slices.cpp:109) on array 'ConvW3' [416]  (1 ns)
	'hmul' operation ('tmp_92_13', main_5_slices.cpp:109) [417]  (6.87 ns)

 <State 74>: 7.61ns
The critical path consists of the following:
	'hadd' operation ('acc_12', main_5_slices.cpp:109) [408]  (7.61 ns)

 <State 75>: 7.61ns
The critical path consists of the following:
	'hadd' operation ('acc_12', main_5_slices.cpp:109) [408]  (7.61 ns)

 <State 76>: 7.61ns
The critical path consists of the following:
	'hadd' operation ('acc_12', main_5_slices.cpp:109) [408]  (7.61 ns)

 <State 77>: 7.61ns
The critical path consists of the following:
	'hadd' operation ('acc_13', main_5_slices.cpp:109) [418]  (7.61 ns)

 <State 78>: 7.87ns
The critical path consists of the following:
	'or' operation ('or_ln109_127', main_5_slices.cpp:109) [423]  (0 ns)
	'getelementptr' operation ('ConvW3_addr_14', main_5_slices.cpp:109) [425]  (0 ns)
	'load' operation ('ConvW3_load_14', main_5_slices.cpp:109) on array 'ConvW3' [426]  (1 ns)
	'hmul' operation ('tmp_92_14', main_5_slices.cpp:109) [427]  (6.87 ns)

 <State 79>: 7.61ns
The critical path consists of the following:
	'hadd' operation ('acc_13', main_5_slices.cpp:109) [418]  (7.61 ns)

 <State 80>: 7.61ns
The critical path consists of the following:
	'hadd' operation ('acc_13', main_5_slices.cpp:109) [418]  (7.61 ns)

 <State 81>: 7.61ns
The critical path consists of the following:
	'hadd' operation ('acc_13', main_5_slices.cpp:109) [418]  (7.61 ns)

 <State 82>: 7.61ns
The critical path consists of the following:
	'hadd' operation ('acc_14', main_5_slices.cpp:109) [428]  (7.61 ns)

 <State 83>: 7.87ns
The critical path consists of the following:
	'getelementptr' operation ('ConvW3_addr_15', main_5_slices.cpp:109) [435]  (0 ns)
	'load' operation ('ConvW3_load_15', main_5_slices.cpp:109) on array 'ConvW3' [436]  (1 ns)
	'hmul' operation ('tmp_92_15', main_5_slices.cpp:109) [437]  (6.87 ns)

 <State 84>: 7.61ns
The critical path consists of the following:
	'hadd' operation ('acc_14', main_5_slices.cpp:109) [428]  (7.61 ns)

 <State 85>: 7.61ns
The critical path consists of the following:
	'hadd' operation ('acc_14', main_5_slices.cpp:109) [428]  (7.61 ns)

 <State 86>: 7.61ns
The critical path consists of the following:
	'hadd' operation ('acc_14', main_5_slices.cpp:109) [428]  (7.61 ns)

 <State 87>: 7.61ns
The critical path consists of the following:
	'hadd' operation ('acc_15', main_5_slices.cpp:109) [438]  (7.61 ns)

 <State 88>: 7.87ns
The critical path consists of the following:
	'or' operation ('or_ln109_128', main_5_slices.cpp:109) [443]  (0 ns)
	'getelementptr' operation ('ConvW3_addr_16', main_5_slices.cpp:109) [445]  (0 ns)
	'load' operation ('ConvW3_load_16', main_5_slices.cpp:109) on array 'ConvW3' [446]  (1 ns)
	'hmul' operation ('tmp_92_16', main_5_slices.cpp:109) [447]  (6.87 ns)

 <State 89>: 7.61ns
The critical path consists of the following:
	'hadd' operation ('acc_15', main_5_slices.cpp:109) [438]  (7.61 ns)

 <State 90>: 7.61ns
The critical path consists of the following:
	'hadd' operation ('acc_15', main_5_slices.cpp:109) [438]  (7.61 ns)

 <State 91>: 7.61ns
The critical path consists of the following:
	'hadd' operation ('acc_15', main_5_slices.cpp:109) [438]  (7.61 ns)

 <State 92>: 7.61ns
The critical path consists of the following:
	'hadd' operation ('acc_16', main_5_slices.cpp:109) [448]  (7.61 ns)

 <State 93>: 7.87ns
The critical path consists of the following:
	'getelementptr' operation ('ConvW3_addr_17', main_5_slices.cpp:109) [455]  (0 ns)
	'load' operation ('ConvW3_load_17', main_5_slices.cpp:109) on array 'ConvW3' [456]  (1 ns)
	'hmul' operation ('tmp_92_17', main_5_slices.cpp:109) [457]  (6.87 ns)

 <State 94>: 7.61ns
The critical path consists of the following:
	'hadd' operation ('acc_16', main_5_slices.cpp:109) [448]  (7.61 ns)

 <State 95>: 7.61ns
The critical path consists of the following:
	'hadd' operation ('acc_16', main_5_slices.cpp:109) [448]  (7.61 ns)

 <State 96>: 7.61ns
The critical path consists of the following:
	'hadd' operation ('acc_16', main_5_slices.cpp:109) [448]  (7.61 ns)

 <State 97>: 7.61ns
The critical path consists of the following:
	'hadd' operation ('acc_17', main_5_slices.cpp:109) [458]  (7.61 ns)

 <State 98>: 7.87ns
The critical path consists of the following:
	'or' operation ('or_ln109_129', main_5_slices.cpp:109) [463]  (0 ns)
	'getelementptr' operation ('ConvW3_addr_18', main_5_slices.cpp:109) [465]  (0 ns)
	'load' operation ('ConvW3_load_18', main_5_slices.cpp:109) on array 'ConvW3' [466]  (1 ns)
	'hmul' operation ('tmp_92_18', main_5_slices.cpp:109) [467]  (6.87 ns)

 <State 99>: 7.61ns
The critical path consists of the following:
	'hadd' operation ('acc_17', main_5_slices.cpp:109) [458]  (7.61 ns)

 <State 100>: 7.61ns
The critical path consists of the following:
	'hadd' operation ('acc_17', main_5_slices.cpp:109) [458]  (7.61 ns)

 <State 101>: 7.61ns
The critical path consists of the following:
	'hadd' operation ('acc_17', main_5_slices.cpp:109) [458]  (7.61 ns)

 <State 102>: 7.61ns
The critical path consists of the following:
	'hadd' operation ('acc_18', main_5_slices.cpp:109) [468]  (7.61 ns)

 <State 103>: 7.87ns
The critical path consists of the following:
	'getelementptr' operation ('ConvW3_addr_19', main_5_slices.cpp:109) [475]  (0 ns)
	'load' operation ('ConvW3_load_19', main_5_slices.cpp:109) on array 'ConvW3' [476]  (1 ns)
	'hmul' operation ('tmp_92_19', main_5_slices.cpp:109) [477]  (6.87 ns)

 <State 104>: 7.61ns
The critical path consists of the following:
	'hadd' operation ('acc_18', main_5_slices.cpp:109) [468]  (7.61 ns)

 <State 105>: 7.61ns
The critical path consists of the following:
	'hadd' operation ('acc_18', main_5_slices.cpp:109) [468]  (7.61 ns)

 <State 106>: 7.61ns
The critical path consists of the following:
	'hadd' operation ('acc_18', main_5_slices.cpp:109) [468]  (7.61 ns)

 <State 107>: 7.61ns
The critical path consists of the following:
	'hadd' operation ('acc_19', main_5_slices.cpp:109) [478]  (7.61 ns)

 <State 108>: 7.87ns
The critical path consists of the following:
	'or' operation ('or_ln109_130', main_5_slices.cpp:109) [483]  (0 ns)
	'getelementptr' operation ('ConvW3_addr_20', main_5_slices.cpp:109) [485]  (0 ns)
	'load' operation ('ConvW3_load_20', main_5_slices.cpp:109) on array 'ConvW3' [486]  (1 ns)
	'hmul' operation ('tmp_92_20', main_5_slices.cpp:109) [487]  (6.87 ns)

 <State 109>: 7.61ns
The critical path consists of the following:
	'hadd' operation ('acc_19', main_5_slices.cpp:109) [478]  (7.61 ns)

 <State 110>: 7.61ns
The critical path consists of the following:
	'hadd' operation ('acc_19', main_5_slices.cpp:109) [478]  (7.61 ns)

 <State 111>: 7.61ns
The critical path consists of the following:
	'hadd' operation ('acc_19', main_5_slices.cpp:109) [478]  (7.61 ns)

 <State 112>: 7.61ns
The critical path consists of the following:
	'hadd' operation ('acc_20', main_5_slices.cpp:109) [488]  (7.61 ns)

 <State 113>: 7.87ns
The critical path consists of the following:
	'getelementptr' operation ('ConvW3_addr_21', main_5_slices.cpp:109) [495]  (0 ns)
	'load' operation ('ConvW3_load_21', main_5_slices.cpp:109) on array 'ConvW3' [496]  (1 ns)
	'hmul' operation ('tmp_92_21', main_5_slices.cpp:109) [497]  (6.87 ns)

 <State 114>: 7.61ns
The critical path consists of the following:
	'hadd' operation ('acc_20', main_5_slices.cpp:109) [488]  (7.61 ns)

 <State 115>: 7.61ns
The critical path consists of the following:
	'hadd' operation ('acc_20', main_5_slices.cpp:109) [488]  (7.61 ns)

 <State 116>: 7.61ns
The critical path consists of the following:
	'hadd' operation ('acc_20', main_5_slices.cpp:109) [488]  (7.61 ns)

 <State 117>: 7.61ns
The critical path consists of the following:
	'hadd' operation ('acc_21', main_5_slices.cpp:109) [498]  (7.61 ns)

 <State 118>: 7.87ns
The critical path consists of the following:
	'or' operation ('or_ln109_131', main_5_slices.cpp:109) [503]  (0 ns)
	'getelementptr' operation ('ConvW3_addr_22', main_5_slices.cpp:109) [505]  (0 ns)
	'load' operation ('ConvW3_load_22', main_5_slices.cpp:109) on array 'ConvW3' [506]  (1 ns)
	'hmul' operation ('tmp_92_22', main_5_slices.cpp:109) [507]  (6.87 ns)

 <State 119>: 7.61ns
The critical path consists of the following:
	'hadd' operation ('acc_21', main_5_slices.cpp:109) [498]  (7.61 ns)

 <State 120>: 7.61ns
The critical path consists of the following:
	'hadd' operation ('acc_21', main_5_slices.cpp:109) [498]  (7.61 ns)

 <State 121>: 7.61ns
The critical path consists of the following:
	'hadd' operation ('acc_21', main_5_slices.cpp:109) [498]  (7.61 ns)

 <State 122>: 7.61ns
The critical path consists of the following:
	'hadd' operation ('acc_22', main_5_slices.cpp:109) [508]  (7.61 ns)

 <State 123>: 7.87ns
The critical path consists of the following:
	'getelementptr' operation ('ConvW3_addr_23', main_5_slices.cpp:109) [515]  (0 ns)
	'load' operation ('ConvW3_load_23', main_5_slices.cpp:109) on array 'ConvW3' [516]  (1 ns)
	'hmul' operation ('tmp_92_23', main_5_slices.cpp:109) [517]  (6.87 ns)

 <State 124>: 7.61ns
The critical path consists of the following:
	'hadd' operation ('acc_22', main_5_slices.cpp:109) [508]  (7.61 ns)

 <State 125>: 7.61ns
The critical path consists of the following:
	'hadd' operation ('acc_22', main_5_slices.cpp:109) [508]  (7.61 ns)

 <State 126>: 7.61ns
The critical path consists of the following:
	'hadd' operation ('acc_22', main_5_slices.cpp:109) [508]  (7.61 ns)

 <State 127>: 7.61ns
The critical path consists of the following:
	'hadd' operation ('acc_23', main_5_slices.cpp:109) [518]  (7.61 ns)

 <State 128>: 7.87ns
The critical path consists of the following:
	'or' operation ('or_ln109_132', main_5_slices.cpp:109) [523]  (0 ns)
	'getelementptr' operation ('ConvW3_addr_24', main_5_slices.cpp:109) [525]  (0 ns)
	'load' operation ('ConvW3_load_24', main_5_slices.cpp:109) on array 'ConvW3' [526]  (1 ns)
	'hmul' operation ('tmp_92_24', main_5_slices.cpp:109) [527]  (6.87 ns)

 <State 129>: 7.61ns
The critical path consists of the following:
	'hadd' operation ('acc_23', main_5_slices.cpp:109) [518]  (7.61 ns)

 <State 130>: 7.61ns
The critical path consists of the following:
	'hadd' operation ('acc_23', main_5_slices.cpp:109) [518]  (7.61 ns)

 <State 131>: 7.61ns
The critical path consists of the following:
	'hadd' operation ('acc_23', main_5_slices.cpp:109) [518]  (7.61 ns)

 <State 132>: 7.61ns
The critical path consists of the following:
	'hadd' operation ('acc_24', main_5_slices.cpp:109) [528]  (7.61 ns)

 <State 133>: 7.87ns
The critical path consists of the following:
	'getelementptr' operation ('ConvW3_addr_25', main_5_slices.cpp:109) [535]  (0 ns)
	'load' operation ('ConvW3_load_25', main_5_slices.cpp:109) on array 'ConvW3' [536]  (1 ns)
	'hmul' operation ('tmp_92_25', main_5_slices.cpp:109) [537]  (6.87 ns)

 <State 134>: 7.61ns
The critical path consists of the following:
	'hadd' operation ('acc_24', main_5_slices.cpp:109) [528]  (7.61 ns)

 <State 135>: 7.61ns
The critical path consists of the following:
	'hadd' operation ('acc_24', main_5_slices.cpp:109) [528]  (7.61 ns)

 <State 136>: 7.61ns
The critical path consists of the following:
	'hadd' operation ('acc_24', main_5_slices.cpp:109) [528]  (7.61 ns)

 <State 137>: 7.61ns
The critical path consists of the following:
	'hadd' operation ('acc_25', main_5_slices.cpp:109) [538]  (7.61 ns)

 <State 138>: 7.87ns
The critical path consists of the following:
	'or' operation ('or_ln109_133', main_5_slices.cpp:109) [543]  (0 ns)
	'getelementptr' operation ('ConvW3_addr_26', main_5_slices.cpp:109) [545]  (0 ns)
	'load' operation ('ConvW3_load_26', main_5_slices.cpp:109) on array 'ConvW3' [546]  (1 ns)
	'hmul' operation ('tmp_92_26', main_5_slices.cpp:109) [547]  (6.87 ns)

 <State 139>: 7.61ns
The critical path consists of the following:
	'hadd' operation ('acc_25', main_5_slices.cpp:109) [538]  (7.61 ns)

 <State 140>: 7.61ns
The critical path consists of the following:
	'hadd' operation ('acc_25', main_5_slices.cpp:109) [538]  (7.61 ns)

 <State 141>: 7.61ns
The critical path consists of the following:
	'hadd' operation ('acc_25', main_5_slices.cpp:109) [538]  (7.61 ns)

 <State 142>: 7.61ns
The critical path consists of the following:
	'hadd' operation ('acc_26', main_5_slices.cpp:109) [548]  (7.61 ns)

 <State 143>: 7.87ns
The critical path consists of the following:
	'getelementptr' operation ('ConvW3_addr_27', main_5_slices.cpp:109) [555]  (0 ns)
	'load' operation ('ConvW3_load_27', main_5_slices.cpp:109) on array 'ConvW3' [556]  (1 ns)
	'hmul' operation ('tmp_92_27', main_5_slices.cpp:109) [557]  (6.87 ns)

 <State 144>: 7.61ns
The critical path consists of the following:
	'hadd' operation ('acc_26', main_5_slices.cpp:109) [548]  (7.61 ns)

 <State 145>: 7.61ns
The critical path consists of the following:
	'hadd' operation ('acc_26', main_5_slices.cpp:109) [548]  (7.61 ns)

 <State 146>: 7.61ns
The critical path consists of the following:
	'hadd' operation ('acc_26', main_5_slices.cpp:109) [548]  (7.61 ns)

 <State 147>: 7.61ns
The critical path consists of the following:
	'hadd' operation ('acc_27', main_5_slices.cpp:109) [558]  (7.61 ns)

 <State 148>: 7.87ns
The critical path consists of the following:
	'or' operation ('or_ln109_134', main_5_slices.cpp:109) [563]  (0 ns)
	'getelementptr' operation ('ConvW3_addr_28', main_5_slices.cpp:109) [565]  (0 ns)
	'load' operation ('ConvW3_load_28', main_5_slices.cpp:109) on array 'ConvW3' [566]  (1 ns)
	'hmul' operation ('tmp_92_28', main_5_slices.cpp:109) [567]  (6.87 ns)

 <State 149>: 7.61ns
The critical path consists of the following:
	'hadd' operation ('acc_27', main_5_slices.cpp:109) [558]  (7.61 ns)

 <State 150>: 7.61ns
The critical path consists of the following:
	'hadd' operation ('acc_27', main_5_slices.cpp:109) [558]  (7.61 ns)

 <State 151>: 7.61ns
The critical path consists of the following:
	'hadd' operation ('acc_27', main_5_slices.cpp:109) [558]  (7.61 ns)

 <State 152>: 7.61ns
The critical path consists of the following:
	'hadd' operation ('acc_28', main_5_slices.cpp:109) [568]  (7.61 ns)

 <State 153>: 7.87ns
The critical path consists of the following:
	'getelementptr' operation ('ConvW3_addr_29', main_5_slices.cpp:109) [575]  (0 ns)
	'load' operation ('ConvW3_load_29', main_5_slices.cpp:109) on array 'ConvW3' [576]  (1 ns)
	'hmul' operation ('tmp_92_29', main_5_slices.cpp:109) [577]  (6.87 ns)

 <State 154>: 7.61ns
The critical path consists of the following:
	'hadd' operation ('acc_28', main_5_slices.cpp:109) [568]  (7.61 ns)

 <State 155>: 7.61ns
The critical path consists of the following:
	'hadd' operation ('acc_28', main_5_slices.cpp:109) [568]  (7.61 ns)

 <State 156>: 7.61ns
The critical path consists of the following:
	'hadd' operation ('acc_28', main_5_slices.cpp:109) [568]  (7.61 ns)

 <State 157>: 7.61ns
The critical path consists of the following:
	'hadd' operation ('acc_29', main_5_slices.cpp:109) [578]  (7.61 ns)

 <State 158>: 7.87ns
The critical path consists of the following:
	'or' operation ('or_ln109_135', main_5_slices.cpp:109) [583]  (0 ns)
	'getelementptr' operation ('ConvW3_addr_30', main_5_slices.cpp:109) [585]  (0 ns)
	'load' operation ('ConvW3_load_30', main_5_slices.cpp:109) on array 'ConvW3' [586]  (1 ns)
	'hmul' operation ('tmp_92_30', main_5_slices.cpp:109) [587]  (6.87 ns)

 <State 159>: 7.87ns
The critical path consists of the following:
	'getelementptr' operation ('ConvW3_addr_31', main_5_slices.cpp:109) [595]  (0 ns)
	'load' operation ('ConvW3_load_31', main_5_slices.cpp:109) on array 'ConvW3' [596]  (1 ns)
	'hmul' operation ('tmp_92_s', main_5_slices.cpp:109) [597]  (6.87 ns)

 <State 160>: 7.61ns
The critical path consists of the following:
	'hadd' operation ('acc_29', main_5_slices.cpp:109) [578]  (7.61 ns)

 <State 161>: 7.61ns
The critical path consists of the following:
	'hadd' operation ('acc_29', main_5_slices.cpp:109) [578]  (7.61 ns)

 <State 162>: 7.61ns
The critical path consists of the following:
	'hadd' operation ('acc_30', main_5_slices.cpp:109) [588]  (7.61 ns)

 <State 163>: 7.61ns
The critical path consists of the following:
	'hadd' operation ('acc_30', main_5_slices.cpp:109) [588]  (7.61 ns)

 <State 164>: 7.61ns
The critical path consists of the following:
	'hadd' operation ('acc_30', main_5_slices.cpp:109) [588]  (7.61 ns)

 <State 165>: 7.61ns
The critical path consists of the following:
	'hadd' operation ('acc_30', main_5_slices.cpp:109) [588]  (7.61 ns)

 <State 166>: 7.61ns
The critical path consists of the following:
	'hadd' operation ('acc_30', main_5_slices.cpp:109) [588]  (7.61 ns)

 <State 167>: 7.61ns
The critical path consists of the following:
	'hadd' operation ('acc_31', main_5_slices.cpp:109) [598]  (7.61 ns)

 <State 168>: 7.61ns
The critical path consists of the following:
	'hadd' operation ('acc_31', main_5_slices.cpp:109) [598]  (7.61 ns)

 <State 169>: 7.61ns
The critical path consists of the following:
	'hadd' operation ('acc_31', main_5_slices.cpp:109) [598]  (7.61 ns)

 <State 170>: 7.61ns
The critical path consists of the following:
	'hadd' operation ('acc_31', main_5_slices.cpp:109) [598]  (7.61 ns)

 <State 171>: 7.61ns
The critical path consists of the following:
	'hadd' operation ('acc_31', main_5_slices.cpp:109) [598]  (7.61 ns)

 <State 172>: 3.52ns
The critical path consists of the following:
	'hptosp' operation ('tmp_86', main_5_slices.cpp:113) [603]  (3.52 ns)

 <State 173>: 5.7ns
The critical path consists of the following:
	'fmul' operation ('tmp_88', main_5_slices.cpp:113) [605]  (5.7 ns)

 <State 174>: 5.7ns
The critical path consists of the following:
	'fmul' operation ('tmp_88', main_5_slices.cpp:113) [605]  (5.7 ns)

 <State 175>: 5.7ns
The critical path consists of the following:
	'fmul' operation ('tmp_88', main_5_slices.cpp:113) [605]  (5.7 ns)

 <State 176>: 5.7ns
The critical path consists of the following:
	'fmul' operation ('tmp_88', main_5_slices.cpp:113) [605]  (5.7 ns)

 <State 177>: 7.26ns
The critical path consists of the following:
	'fadd' operation ('tmp_89', main_5_slices.cpp:113) [606]  (7.26 ns)

 <State 178>: 7.26ns
The critical path consists of the following:
	'fadd' operation ('tmp_89', main_5_slices.cpp:113) [606]  (7.26 ns)

 <State 179>: 7.26ns
The critical path consists of the following:
	'fadd' operation ('tmp_89', main_5_slices.cpp:113) [606]  (7.26 ns)

 <State 180>: 7.26ns
The critical path consists of the following:
	'fadd' operation ('tmp_89', main_5_slices.cpp:113) [606]  (7.26 ns)

 <State 181>: 7.26ns
The critical path consists of the following:
	'fadd' operation ('tmp_89', main_5_slices.cpp:113) [606]  (7.26 ns)

 <State 182>: 5.23ns
The critical path consists of the following:
	'sptohp' operation ('y', main_5_slices.cpp:113) [607]  (5.23 ns)

 <State 183>: 5.23ns
The critical path consists of the following:
	'sptohp' operation ('y', main_5_slices.cpp:113) [607]  (5.23 ns)

 <State 184>: 5.19ns
The critical path consists of the following:
	'hcmp' operation ('tmp_90', main_5_slices.cpp:53->main_5_slices.cpp:114) [608]  (5.19 ns)

 <State 185>: 5.99ns
The critical path consists of the following:
	'hcmp' operation ('tmp_90', main_5_slices.cpp:53->main_5_slices.cpp:114) [608]  (5.19 ns)
	'select' operation ('x', main_5_slices.cpp:53->main_5_slices.cpp:114) [609]  (0.805 ns)

 <State 186>: 7.61ns
The critical path consists of the following:
	'hadd' operation ('pool_acc[0]', main_5_slices.cpp:115) [611]  (7.61 ns)

 <State 187>: 7.61ns
The critical path consists of the following:
	'hadd' operation ('pool_acc[0]', main_5_slices.cpp:115) [611]  (7.61 ns)

 <State 188>: 7.61ns
The critical path consists of the following:
	'hadd' operation ('pool_acc[0]', main_5_slices.cpp:115) [611]  (7.61 ns)

 <State 189>: 7.61ns
The critical path consists of the following:
	'hadd' operation ('pool_acc[0]', main_5_slices.cpp:115) [611]  (7.61 ns)

 <State 190>: 7.61ns
The critical path consists of the following:
	'hadd' operation ('pool_acc[0]', main_5_slices.cpp:115) [611]  (7.61 ns)

 <State 191>: 1.77ns
The critical path consists of the following:
	multiplexor before 'phi' operation ('pool_acc[31]') with incoming values : ('pool_acc_31_0_load') ('pool_acc[0]', main_5_slices.cpp:115) [676]  (1.77 ns)

 <State 192>: 0ns
The critical path consists of the following:

 <State 193>: 4.32ns
The critical path consists of the following:
	'load' operation ('u_4_load_1', main_5_slices.cpp:123) on local variable 'u' [868]  (0 ns)
	'add' operation ('u', main_5_slices.cpp:123) [869]  (2.55 ns)
	'store' operation ('store_ln124', main_5_slices.cpp:124) of variable 'u', main_5_slices.cpp:123 on local variable 'u' [870]  (1.77 ns)

 <State 194>: 7.98ns
The critical path consists of the following:
	'hdiv' operation ('tmp_s', main_5_slices.cpp:119) [765]  (7.98 ns)

 <State 195>: 7.98ns
The critical path consists of the following:
	'hdiv' operation ('tmp_s', main_5_slices.cpp:119) [765]  (7.98 ns)

 <State 196>: 7.98ns
The critical path consists of the following:
	'hdiv' operation ('tmp_s', main_5_slices.cpp:119) [765]  (7.98 ns)

 <State 197>: 7.98ns
The critical path consists of the following:
	'hdiv' operation ('tmp_s', main_5_slices.cpp:119) [765]  (7.98 ns)

 <State 198>: 7.98ns
The critical path consists of the following:
	'hdiv' operation ('tmp_s', main_5_slices.cpp:119) [765]  (7.98 ns)

 <State 199>: 7.98ns
The critical path consists of the following:
	'hdiv' operation ('tmp_s', main_5_slices.cpp:119) [765]  (7.98 ns)

 <State 200>: 7.98ns
The critical path consists of the following:
	'hdiv' operation ('tmp_s', main_5_slices.cpp:119) [765]  (7.98 ns)

 <State 201>: 3.25ns
The critical path consists of the following:
	'getelementptr' operation ('U_addr', main_5_slices.cpp:119) [768]  (0 ns)
	'store' operation ('store_ln119', main_5_slices.cpp:119) of variable 'tmp_s', main_5_slices.cpp:119 on array 'U' [769]  (3.25 ns)

 <State 202>: 0ns
The critical path consists of the following:

 <State 203>: 0ns
The critical path consists of the following:


============================================================
+ Verbose Summary: Binding
============================================================
N/A
* FSMD analyzer results:
  - Output states:
 - Input state : 
  - Chain level:
	State 1
	State 2
	State 3
	State 4
	State 5
	State 6
	State 7
	State 8
	State 9
	State 10
	State 11
	State 12
	State 13
	State 14
	State 15
	State 16
	State 17
	State 18
	State 19
	State 20
	State 21
	State 22
	State 23
	State 24
	State 25
	State 26
	State 27
	State 28
	State 29
	State 30
	State 31
	State 32
	State 33
	State 34
	State 35
	State 36
	State 37
	State 38
	State 39
	State 40
	State 41
	State 42
	State 43
	State 44
	State 45
	State 46
	State 47
	State 48
	State 49
	State 50
	State 51
	State 52
	State 53
	State 54
	State 55
	State 56
	State 57
	State 58
	State 59
	State 60
	State 61
	State 62
	State 63
	State 64
	State 65
	State 66
	State 67
	State 68
	State 69
	State 70
	State 71
	State 72
	State 73
	State 74
	State 75
	State 76
	State 77
	State 78
	State 79
	State 80
	State 81
	State 82
	State 83
	State 84
	State 85
	State 86
	State 87
	State 88
	State 89
	State 90
	State 91
	State 92
	State 93
	State 94
	State 95
	State 96
	State 97
	State 98
	State 99
	State 100
	State 101
	State 102
	State 103
	State 104
	State 105
	State 106
	State 107
	State 108
	State 109
	State 110
	State 111
	State 112
	State 113
	State 114
	State 115
	State 116
	State 117
	State 118
	State 119
	State 120
	State 121
	State 122
	State 123
	State 124
	State 125
	State 126
	State 127
	State 128
	State 129
	State 130
	State 131
	State 132
	State 133
	State 134
	State 135
	State 136
	State 137
	State 138
	State 139
	State 140
	State 141
	State 142
	State 143
	State 144
	State 145
	State 146
	State 147
	State 148
	State 149
	State 150
	State 151
	State 152
	State 153
	State 154
	State 155
	State 156
	State 157
	State 158
	State 159
	State 160
	State 161
	State 162
	State 163
	State 164
	State 165
	State 166
	State 167
	State 168
	State 169
	State 170
	State 171
	State 172
	State 173
	State 174
	State 175
	State 176
	State 177
	State 178
	State 179
	State 180
	State 181
	State 182
	State 183
	State 184
	State 185
	State 186
	State 187
	State 188
	State 189
	State 190
	State 191
	State 192
	State 193
	State 194
	State 195
	State 196
	State 197
	State 198
	State 199
	State 200
	State 201
	State 202
	State 203


============================================================
+ Verbose Summary: Datapath Resource usage 
============================================================
N/A
