

================================================================
== Vivado HLS Report for 'embedding_forward_dy'
================================================================
* Date:           Fri Sep  5 12:54:17 2025

* Version:        2019.1 (Build 2552052 on Fri May 24 15:28:33 MDT 2019)
* Project:        BranchPredictionAI
* Solution:       solution1
* Product family: zynq
* Target device:  xc7z020-clg484-1


================================================================
== Performance Estimates
================================================================
+ Timing (ns): 
    * Summary: 
    +--------+-------+----------+------------+
    |  Clock | Target| Estimated| Uncertainty|
    +--------+-------+----------+------------+
    |ap_clk  |  10.00|     5.199|        1.25|
    +--------+-------+----------+------------+

+ Latency (clock cycles): 
    * Summary: 
    +-------+-------+-------+-------+---------+
    |    Latency    |    Interval   | Pipeline|
    |  min  |  max  |  min  |  max  |   Type  |
    +-------+-------+-------+-------+---------+
    |  57619|  57619|  57619|  57619|   none  |
    +-------+-------+-------+-------+---------+

    + Detail: 
        * Instance: 
        N/A

        * Loop: 
        +-------------+-------+-------+----------+-----------+-----------+------+----------+
        |             |    Latency    | Iteration|  Initiation Interval  | Trip |          |
        |  Loop Name  |  min  |  max  |  Latency |  achieved |   target  | Count| Pipelined|
        +-------------+-------+-------+----------+-----------+-----------+------+----------+
        |- Loop 1     |  57618|  57618|        99|          -|          -|   582|    no    |
        | + Loop 1.1  |     96|     96|         3|          -|          -|    32|    no    |
        +-------------+-------+-------+----------+-----------+-----------+------+----------+



================================================================
== Utilization Estimates
================================================================
* Summary: 
+-----------------+---------+-------+--------+-------+-----+
|       Name      | BRAM_18K| DSP48E|   FF   |  LUT  | URAM|
+-----------------+---------+-------+--------+-------+-----+
|DSP              |        -|      -|       -|      -|    -|
|Expression       |        -|      -|       0|    111|    -|
|FIFO             |        -|      -|       -|      -|    -|
|Instance         |        -|      -|       -|      -|    -|
|Memory           |       20|      -|       0|      0|    -|
|Multiplexer      |        -|      -|       -|    149|    -|
|Register         |        -|      -|      90|      -|    -|
+-----------------+---------+-------+--------+-------+-----+
|Total            |       20|      0|      90|    260|    0|
+-----------------+---------+-------+--------+-------+-----+
|Available        |      280|    220|  106400|  53200|    0|
+-----------------+---------+-------+--------+-------+-----+
|Utilization (%)  |        7|      0|   ~0   |   ~0  |    0|
+-----------------+---------+-------+--------+-------+-----+

+ Detail: 
    * Instance: 
    N/A

    * DSP48E: 
    N/A

    * Memory: 
    +-----------+------------------------------+---------+---+----+-----+------+-----+------+-------------+
    |   Memory  |            Module            | BRAM_18K| FF| LUT| URAM| Words| Bits| Banks| W*Bits*Banks|
    +-----------+------------------------------+---------+---+----+-----+------+-----+------+-------------+
    |Emb4_0_U   |embedding_forward_dy_Emb4_0   |        1|  0|   0|    0|  1024|   16|     1|        16384|
    |Emb4_1_U   |embedding_forward_dy_Emb4_1   |        1|  0|   0|    0|  1024|   16|     1|        16384|
    |Emb4_10_U  |embedding_forward_dy_Emb4_10  |        1|  0|   0|    0|  1024|   16|     1|        16384|
    |Emb4_11_U  |embedding_forward_dy_Emb4_11  |        1|  0|   0|    0|  1024|   16|     1|        16384|
    |Emb4_12_U  |embedding_forward_dy_Emb4_12  |        1|  0|   0|    0|  1024|   16|     1|        16384|
    |Emb4_13_U  |embedding_forward_dy_Emb4_13  |        1|  0|   0|    0|  1024|   16|     1|        16384|
    |Emb4_14_U  |embedding_forward_dy_Emb4_14  |        1|  0|   0|    0|  1024|   16|     1|        16384|
    |Emb4_15_U  |embedding_forward_dy_Emb4_15  |        1|  0|   0|    0|  1024|   16|     1|        16384|
    |Emb4_16_U  |embedding_forward_dy_Emb4_16  |        1|  0|   0|    0|  1024|   16|     1|        16384|
    |Emb4_17_U  |embedding_forward_dy_Emb4_17  |        1|  0|   0|    0|  1024|   16|     1|        16384|
    |Emb4_18_U  |embedding_forward_dy_Emb4_18  |        1|  0|   0|    0|  1024|   16|     1|        16384|
    |Emb4_2_U   |embedding_forward_dy_Emb4_2   |        1|  0|   0|    0|  1024|   16|     1|        16384|
    |Emb4_3_U   |embedding_forward_dy_Emb4_3   |        1|  0|   0|    0|  1024|   16|     1|        16384|
    |Emb4_4_U   |embedding_forward_dy_Emb4_4   |        1|  0|   0|    0|  1024|   16|     1|        16384|
    |Emb4_5_U   |embedding_forward_dy_Emb4_5   |        1|  0|   0|    0|  1024|   16|     1|        16384|
    |Emb4_6_U   |embedding_forward_dy_Emb4_6   |        1|  0|   0|    0|  1024|   16|     1|        16384|
    |Emb4_7_U   |embedding_forward_dy_Emb4_7   |        1|  0|   0|    0|  1024|   16|     1|        16384|
    |Emb4_8_U   |embedding_forward_dy_Emb4_8   |        1|  0|   0|    0|  1024|   16|     1|        16384|
    |Emb4_9_U   |embedding_forward_dy_Emb4_9   |        1|  0|   0|    0|  1024|   16|     1|        16384|
    |tokens4_U  |embedding_forward_dy_tokens4  |        1|  0|   0|    0|   582|   10|     1|         5820|
    +-----------+------------------------------+---------+---+----+-----+------+-----+------+-------------+
    |Total      |                              |       20|  0|   0|    0| 20038|  314|    20|       317116|
    +-----------+------------------------------+---------+---+----+-----+------+-----+------+-------------+

    * FIFO: 
    N/A

    * Expression: 
    +----------------------+----------+-------+---+----+------------+------------+
    |     Variable Name    | Operation| DSP48E| FF| LUT| Bitwidth P0| Bitwidth P1|
    +----------------------+----------+-------+---+----+------------+------------+
    |add_ln68_1_fu_550_p2  |     +    |      0|  0|  21|          15|          15|
    |add_ln68_2_fu_522_p2  |     +    |      0|  0|  14|          10|          10|
    |add_ln68_fu_507_p2    |     +    |      0|  0|  21|          15|          15|
    |e_fu_493_p2           |     +    |      0|  0|  15|           6|           1|
    |t_fu_454_p2           |     +    |      0|  0|  14|          10|           1|
    |icmp_ln61_fu_448_p2   |   icmp   |      0|  0|  13|          10|          10|
    |icmp_ln67_fu_487_p2   |   icmp   |      0|  0|  11|           6|           7|
    |ap_condition_367      |    or    |      0|  0|   2|           1|           1|
    +----------------------+----------+-------+---+----+------------+------------+
    |Total                 |          |      0|  0| 111|          73|          60|
    +----------------------+----------+-------+---+----+------------+------------+

    * Multiplexer: 
    +------------------+----+-----------+-----+-----------+
    |       Name       | LUT| Input Size| Bits| Total Bits|
    +------------------+----+-----------+-----+-----------+
    |ap_NS_fsm         |  38|          7|    1|          7|
    |e_0_reg_393       |   9|          2|    6|         12|
    |phi_ln68_reg_404  |  93|         19|   16|        304|
    |t_0_reg_381       |   9|          2|   10|         20|
    +------------------+----+-----------+-----+-----------+
    |Total             | 149|         30|   33|        343|
    +------------------+----+-----------+-----+-----------+

    * Register: 
    +-------------------+----+----+-----+-----------+
    |        Name       | FF | LUT| Bits| Const Bits|
    +-------------------+----+----+-----+-----------+
    |ap_CS_fsm          |   6|   0|    6|          0|
    |e_0_reg_393        |   6|   0|    6|          0|
    |e_reg_590          |   6|   0|    6|          0|
    |phi_ln68_reg_404   |  16|   0|   16|          0|
    |shl_ln3_reg_577    |  10|   0|   15|          5|
    |shl_ln68_reg_582   |   5|   0|   10|          5|
    |shl_ln_reg_572     |  10|   0|   15|          5|
    |t_0_reg_381        |  10|   0|   10|          0|
    |t_reg_562          |  10|   0|   10|          0|
    |tmp_5_reg_600      |   5|   0|    5|          0|
    |zext_ln68_reg_595  |   6|   0|   15|          9|
    +-------------------+----+----+-----+-----------+
    |Total              |  90|   0|  114|         24|
    +-------------------+----+----+-----+-----------+



================================================================
== Interface
================================================================
* Summary: 
+------------+-----+-----+------------+----------------------+--------------+
|  RTL Ports | Dir | Bits|  Protocol  |     Source Object    |    C Type    |
+------------+-----+-----+------------+----------------------+--------------+
|ap_clk      |  in |    1| ap_ctrl_hs | embedding_forward_dy | return value |
|ap_rst      |  in |    1| ap_ctrl_hs | embedding_forward_dy | return value |
|ap_start    |  in |    1| ap_ctrl_hs | embedding_forward_dy | return value |
|ap_done     | out |    1| ap_ctrl_hs | embedding_forward_dy | return value |
|ap_idle     | out |    1| ap_ctrl_hs | embedding_forward_dy | return value |
|ap_ready    | out |    1| ap_ctrl_hs | embedding_forward_dy | return value |
|X_address0  | out |   15|  ap_memory |           X          |     array    |
|X_ce0       | out |    1|  ap_memory |           X          |     array    |
|X_we0       | out |    1|  ap_memory |           X          |     array    |
|X_d0        | out |   16|  ap_memory |           X          |     array    |
+------------+-----+-----+------------+----------------------+--------------+

============================================================
+ Verbose Summary: Synthesis Manager
============================================================
InlineROM: 1
ExposeGlobal: 0
============================================================
+ Verbose Summary: CDFG Model
============================================================
IsTopModel: 0
ResetActiveHigh: 1
IsCombinational: 2
IsDatapathOnly: 2
HasWiredReturn: 1
HasMFsm: 0
HasVarLatency: 1
IsPipeline: 0
IsRtlPipelined: 0
IsInstanceOverlapped: 0
IsDontTouch: 0
HasImplIP: 0
IsGatedGlobalClock: 0


============================================================
+ Verbose Summary: Schedule
============================================================
* Number of FSM states : 6
* Pipeline : 0
* Dataflow Pipeline: 0

* FSM state transitions: 
1 --> 2 
2 --> 3 
3 --> 4 
4 --> 5 2 
5 --> 6 
6 --> 4 

* FSM state operations: 

State 1 <SV = 0> <Delay = 1.76>
ST_1 : Operation 7 [1/1] (1.76ns)   --->   "br label %.loopexit" [main_5_slices.cpp:61]   --->   Operation 7 'br' <Predicate = true> <Delay = 1.76>

State 2 <SV = 1> <Delay = 3.25>
ST_2 : Operation 8 [1/1] (0.00ns)   --->   "%t_0 = phi i10 [ 0, %0 ], [ %t, %.loopexit.loopexit ]"   --->   Operation 8 'phi' 't_0' <Predicate = true> <Delay = 0.00>
ST_2 : Operation 9 [1/1] (1.77ns)   --->   "%icmp_ln61 = icmp eq i10 %t_0, -442" [main_5_slices.cpp:61]   --->   Operation 9 'icmp' 'icmp_ln61' <Predicate = true> <Delay = 1.77> <Core = "Cmp">   --->   Core 25 'Cmp' <Latency = 0> <II = 1> <Delay = 1.48> <FuncUnit> <Opcode : 'icmp'> <InPorts = 2> <OutPorts = 1>
ST_2 : Operation 10 [1/1] (0.00ns)   --->   "%empty = call i32 (...)* @_ssdm_op_SpecLoopTripCount(i64 582, i64 582, i64 582)"   --->   Operation 10 'speclooptripcount' 'empty' <Predicate = true> <Delay = 0.00>
ST_2 : Operation 11 [1/1] (1.73ns)   --->   "%t = add i10 %t_0, 1" [main_5_slices.cpp:61]   --->   Operation 11 'add' 't' <Predicate = true> <Delay = 1.73> <Core = "AddSub">   --->   Core 14 'AddSub' <Latency = 0> <II = 1> <Delay = 1.73> <FuncUnit> <Opcode : 'add' 'sub'> <InPorts = 2> <OutPorts = 1>
ST_2 : Operation 12 [1/1] (0.00ns)   --->   "br i1 %icmp_ln61, label %5, label %1" [main_5_slices.cpp:61]   --->   Operation 12 'br' <Predicate = true> <Delay = 0.00>
ST_2 : Operation 13 [1/1] (0.00ns)   --->   "%zext_ln63 = zext i10 %t_0 to i64" [main_5_slices.cpp:63]   --->   Operation 13 'zext' 'zext_ln63' <Predicate = (!icmp_ln61)> <Delay = 0.00>
ST_2 : Operation 14 [1/1] (0.00ns)   --->   "%tokens4_addr = getelementptr [582 x i10]* @tokens4, i64 0, i64 %zext_ln63" [main_5_slices.cpp:62]   --->   Operation 14 'getelementptr' 'tokens4_addr' <Predicate = (!icmp_ln61)> <Delay = 0.00>
ST_2 : Operation 15 [2/2] (3.25ns)   --->   "%tokens4_load = load i10* %tokens4_addr, align 2" [main_5_slices.cpp:62]   --->   Operation 15 'load' 'tokens4_load' <Predicate = (!icmp_ln61)> <Delay = 3.25> <Core = "ROM_nP">   --->   Core 52 'ROM_nP' <Latency = 1> <II = 1> <Delay = 3.25> <Storage> <Opcode : 'load'> <Ports = 0> <Width = 16> <Depth = 1024> <ROM>
ST_2 : Operation 16 [1/1] (0.00ns)   --->   "ret void" [main_5_slices.cpp:71]   --->   Operation 16 'ret' <Predicate = (icmp_ln61)> <Delay = 0.00>

State 3 <SV = 2> <Delay = 3.25>
ST_3 : Operation 17 [1/2] (3.25ns)   --->   "%tokens4_load = load i10* %tokens4_addr, align 2" [main_5_slices.cpp:62]   --->   Operation 17 'load' 'tokens4_load' <Predicate = true> <Delay = 3.25> <Core = "ROM_nP">   --->   Core 52 'ROM_nP' <Latency = 1> <II = 1> <Delay = 3.25> <Storage> <Opcode : 'load'> <Ports = 0> <Width = 16> <Depth = 1024> <ROM>
ST_3 : Operation 18 [1/1] (0.00ns)   --->   "%shl_ln = call i15 @_ssdm_op_BitConcatenate.i15.i10.i5(i10 %tokens4_load, i5 0)" [main_5_slices.cpp:65]   --->   Operation 18 'bitconcatenate' 'shl_ln' <Predicate = true> <Delay = 0.00>
ST_3 : Operation 19 [1/1] (0.00ns)   --->   "%shl_ln3 = call i15 @_ssdm_op_BitConcatenate.i15.i10.i5(i10 %t_0, i5 0)" [main_5_slices.cpp:66]   --->   Operation 19 'bitconcatenate' 'shl_ln3' <Predicate = true> <Delay = 0.00>
ST_3 : Operation 20 [1/1] (0.00ns)   --->   "%shl_ln68 = shl i10 %tokens4_load, 5" [main_5_slices.cpp:68]   --->   Operation 20 'shl' 'shl_ln68' <Predicate = true> <Delay = 0.00>
ST_3 : Operation 21 [1/1] (1.76ns)   --->   "br label %2" [main_5_slices.cpp:67]   --->   Operation 21 'br' <Predicate = true> <Delay = 1.76>

State 4 <SV = 3> <Delay = 4.98>
ST_4 : Operation 22 [1/1] (0.00ns)   --->   "%e_0 = phi i6 [ 0, %1 ], [ %e, %4 ]"   --->   Operation 22 'phi' 'e_0' <Predicate = true> <Delay = 0.00>
ST_4 : Operation 23 [1/1] (1.42ns)   --->   "%icmp_ln67 = icmp eq i6 %e_0, -32" [main_5_slices.cpp:67]   --->   Operation 23 'icmp' 'icmp_ln67' <Predicate = true> <Delay = 1.42> <Core = "Cmp">   --->   Core 25 'Cmp' <Latency = 0> <II = 1> <Delay = 1.48> <FuncUnit> <Opcode : 'icmp'> <InPorts = 2> <OutPorts = 1>
ST_4 : Operation 24 [1/1] (0.00ns)   --->   "%empty_29 = call i32 (...)* @_ssdm_op_SpecLoopTripCount(i64 32, i64 32, i64 32)"   --->   Operation 24 'speclooptripcount' 'empty_29' <Predicate = true> <Delay = 0.00>
ST_4 : Operation 25 [1/1] (1.82ns)   --->   "%e = add i6 %e_0, 1" [main_5_slices.cpp:67]   --->   Operation 25 'add' 'e' <Predicate = true> <Delay = 1.82> <Core = "AddSub">   --->   Core 14 'AddSub' <Latency = 0> <II = 1> <Delay = 1.73> <FuncUnit> <Opcode : 'add' 'sub'> <InPorts = 2> <OutPorts = 1>
ST_4 : Operation 26 [1/1] (0.00ns)   --->   "br i1 %icmp_ln67, label %.loopexit.loopexit, label %3" [main_5_slices.cpp:67]   --->   Operation 26 'br' <Predicate = true> <Delay = 0.00>
ST_4 : Operation 27 [1/1] (0.00ns)   --->   "%zext_ln68 = zext i6 %e_0 to i15" [main_5_slices.cpp:68]   --->   Operation 27 'zext' 'zext_ln68' <Predicate = (!icmp_ln67)> <Delay = 0.00>
ST_4 : Operation 28 [1/1] (0.00ns)   --->   "%zext_ln68_2 = zext i6 %e_0 to i10" [main_5_slices.cpp:68]   --->   Operation 28 'zext' 'zext_ln68_2' <Predicate = (!icmp_ln67)> <Delay = 0.00>
ST_4 : Operation 29 [1/1] (1.94ns)   --->   "%add_ln68 = add i15 %zext_ln68, %shl_ln" [main_5_slices.cpp:68]   --->   Operation 29 'add' 'add_ln68' <Predicate = (!icmp_ln67)> <Delay = 1.94> <Core = "AddSub">   --->   Core 14 'AddSub' <Latency = 0> <II = 1> <Delay = 1.73> <FuncUnit> <Opcode : 'add' 'sub'> <InPorts = 2> <OutPorts = 1>
ST_4 : Operation 30 [1/1] (0.00ns)   --->   "%tmp_5 = call i5 @_ssdm_op_PartSelect.i5.i15.i32.i32(i15 %add_ln68, i32 10, i32 14)" [main_5_slices.cpp:68]   --->   Operation 30 'partselect' 'tmp_5' <Predicate = (!icmp_ln67)> <Delay = 0.00>
ST_4 : Operation 31 [1/1] (1.73ns)   --->   "%add_ln68_2 = add i10 %shl_ln68, %zext_ln68_2" [main_5_slices.cpp:68]   --->   Operation 31 'add' 'add_ln68_2' <Predicate = (!icmp_ln67)> <Delay = 1.73> <Core = "AddSub">   --->   Core 14 'AddSub' <Latency = 0> <II = 1> <Delay = 1.73> <FuncUnit> <Opcode : 'add' 'sub'> <InPorts = 2> <OutPorts = 1>
ST_4 : Operation 32 [1/1] (0.00ns)   --->   "%zext_ln68_1 = zext i10 %add_ln68_2 to i64" [main_5_slices.cpp:68]   --->   Operation 32 'zext' 'zext_ln68_1' <Predicate = (!icmp_ln67)> <Delay = 0.00>
ST_4 : Operation 33 [1/1] (0.00ns)   --->   "%Emb4_0_addr = getelementptr [1024 x half]* @Emb4_0, i64 0, i64 %zext_ln68_1" [main_5_slices.cpp:68]   --->   Operation 33 'getelementptr' 'Emb4_0_addr' <Predicate = (!icmp_ln67)> <Delay = 0.00>
ST_4 : Operation 34 [1/1] (0.00ns)   --->   "%Emb4_1_addr = getelementptr [1024 x half]* @Emb4_1, i64 0, i64 %zext_ln68_1" [main_5_slices.cpp:68]   --->   Operation 34 'getelementptr' 'Emb4_1_addr' <Predicate = (!icmp_ln67)> <Delay = 0.00>
ST_4 : Operation 35 [1/1] (0.00ns)   --->   "%Emb4_2_addr = getelementptr [1024 x half]* @Emb4_2, i64 0, i64 %zext_ln68_1" [main_5_slices.cpp:68]   --->   Operation 35 'getelementptr' 'Emb4_2_addr' <Predicate = (!icmp_ln67)> <Delay = 0.00>
ST_4 : Operation 36 [1/1] (0.00ns)   --->   "%Emb4_3_addr = getelementptr [1024 x half]* @Emb4_3, i64 0, i64 %zext_ln68_1" [main_5_slices.cpp:68]   --->   Operation 36 'getelementptr' 'Emb4_3_addr' <Predicate = (!icmp_ln67)> <Delay = 0.00>
ST_4 : Operation 37 [1/1] (0.00ns)   --->   "%Emb4_4_addr = getelementptr [1024 x half]* @Emb4_4, i64 0, i64 %zext_ln68_1" [main_5_slices.cpp:68]   --->   Operation 37 'getelementptr' 'Emb4_4_addr' <Predicate = (!icmp_ln67)> <Delay = 0.00>
ST_4 : Operation 38 [1/1] (0.00ns)   --->   "%Emb4_5_addr = getelementptr [1024 x half]* @Emb4_5, i64 0, i64 %zext_ln68_1" [main_5_slices.cpp:68]   --->   Operation 38 'getelementptr' 'Emb4_5_addr' <Predicate = (!icmp_ln67)> <Delay = 0.00>
ST_4 : Operation 39 [1/1] (0.00ns)   --->   "%Emb4_6_addr = getelementptr [1024 x half]* @Emb4_6, i64 0, i64 %zext_ln68_1" [main_5_slices.cpp:68]   --->   Operation 39 'getelementptr' 'Emb4_6_addr' <Predicate = (!icmp_ln67)> <Delay = 0.00>
ST_4 : Operation 40 [1/1] (0.00ns)   --->   "%Emb4_7_addr = getelementptr [1024 x half]* @Emb4_7, i64 0, i64 %zext_ln68_1" [main_5_slices.cpp:68]   --->   Operation 40 'getelementptr' 'Emb4_7_addr' <Predicate = (!icmp_ln67)> <Delay = 0.00>
ST_4 : Operation 41 [1/1] (0.00ns)   --->   "%Emb4_8_addr = getelementptr [1024 x half]* @Emb4_8, i64 0, i64 %zext_ln68_1" [main_5_slices.cpp:68]   --->   Operation 41 'getelementptr' 'Emb4_8_addr' <Predicate = (!icmp_ln67)> <Delay = 0.00>
ST_4 : Operation 42 [1/1] (0.00ns)   --->   "%Emb4_9_addr = getelementptr [1024 x half]* @Emb4_9, i64 0, i64 %zext_ln68_1" [main_5_slices.cpp:68]   --->   Operation 42 'getelementptr' 'Emb4_9_addr' <Predicate = (!icmp_ln67)> <Delay = 0.00>
ST_4 : Operation 43 [1/1] (0.00ns)   --->   "%Emb4_10_addr = getelementptr [1024 x half]* @Emb4_10, i64 0, i64 %zext_ln68_1" [main_5_slices.cpp:68]   --->   Operation 43 'getelementptr' 'Emb4_10_addr' <Predicate = (!icmp_ln67)> <Delay = 0.00>
ST_4 : Operation 44 [1/1] (0.00ns)   --->   "%Emb4_11_addr = getelementptr [1024 x half]* @Emb4_11, i64 0, i64 %zext_ln68_1" [main_5_slices.cpp:68]   --->   Operation 44 'getelementptr' 'Emb4_11_addr' <Predicate = (!icmp_ln67)> <Delay = 0.00>
ST_4 : Operation 45 [1/1] (0.00ns)   --->   "%Emb4_12_addr = getelementptr [1024 x half]* @Emb4_12, i64 0, i64 %zext_ln68_1" [main_5_slices.cpp:68]   --->   Operation 45 'getelementptr' 'Emb4_12_addr' <Predicate = (!icmp_ln67)> <Delay = 0.00>
ST_4 : Operation 46 [1/1] (0.00ns)   --->   "%Emb4_13_addr = getelementptr [1024 x half]* @Emb4_13, i64 0, i64 %zext_ln68_1" [main_5_slices.cpp:68]   --->   Operation 46 'getelementptr' 'Emb4_13_addr' <Predicate = (!icmp_ln67)> <Delay = 0.00>
ST_4 : Operation 47 [1/1] (0.00ns)   --->   "%Emb4_14_addr = getelementptr [1024 x half]* @Emb4_14, i64 0, i64 %zext_ln68_1" [main_5_slices.cpp:68]   --->   Operation 47 'getelementptr' 'Emb4_14_addr' <Predicate = (!icmp_ln67)> <Delay = 0.00>
ST_4 : Operation 48 [1/1] (0.00ns)   --->   "%Emb4_15_addr = getelementptr [1024 x half]* @Emb4_15, i64 0, i64 %zext_ln68_1" [main_5_slices.cpp:68]   --->   Operation 48 'getelementptr' 'Emb4_15_addr' <Predicate = (!icmp_ln67)> <Delay = 0.00>
ST_4 : Operation 49 [1/1] (0.00ns)   --->   "%Emb4_16_addr = getelementptr [1024 x half]* @Emb4_16, i64 0, i64 %zext_ln68_1" [main_5_slices.cpp:68]   --->   Operation 49 'getelementptr' 'Emb4_16_addr' <Predicate = (!icmp_ln67)> <Delay = 0.00>
ST_4 : Operation 50 [1/1] (0.00ns)   --->   "%Emb4_17_addr = getelementptr [1024 x half]* @Emb4_17, i64 0, i64 %zext_ln68_1" [main_5_slices.cpp:68]   --->   Operation 50 'getelementptr' 'Emb4_17_addr' <Predicate = (!icmp_ln67)> <Delay = 0.00>
ST_4 : Operation 51 [1/1] (0.00ns)   --->   "%Emb4_18_addr = getelementptr [1024 x half]* @Emb4_18, i64 0, i64 %zext_ln68_1" [main_5_slices.cpp:68]   --->   Operation 51 'getelementptr' 'Emb4_18_addr' <Predicate = (!icmp_ln67)> <Delay = 0.00>
ST_4 : Operation 52 [1/1] (1.42ns)   --->   "switch i5 %tmp_5, label %branch18 [
    i5 0, label %branch0
    i5 1, label %branch1
    i5 2, label %branch2
    i5 3, label %branch3
    i5 4, label %branch4
    i5 5, label %branch5
    i5 6, label %branch6
    i5 7, label %branch7
    i5 8, label %branch8
    i5 9, label %branch9
    i5 10, label %branch10
    i5 11, label %branch11
    i5 12, label %branch12
    i5 13, label %branch13
    i5 14, label %branch14
    i5 15, label %branch15
    i5 -16, label %branch16
    i5 -15, label %branch17
  ]" [main_5_slices.cpp:68]   --->   Operation 52 'switch' <Predicate = (!icmp_ln67)> <Delay = 1.42>
ST_4 : Operation 53 [2/2] (3.25ns)   --->   "%Emb4_17_load = load half* %Emb4_17_addr, align 2" [main_5_slices.cpp:68]   --->   Operation 53 'load' 'Emb4_17_load' <Predicate = (!icmp_ln67 & tmp_5 == 17)> <Delay = 3.25> <Core = "ROM_nP">   --->   Core 52 'ROM_nP' <Latency = 1> <II = 1> <Delay = 3.25> <Storage> <Opcode : 'load'> <Ports = 0> <Width = 16> <Depth = 1024> <ROM>
ST_4 : Operation 54 [2/2] (3.25ns)   --->   "%Emb4_16_load = load half* %Emb4_16_addr, align 2" [main_5_slices.cpp:68]   --->   Operation 54 'load' 'Emb4_16_load' <Predicate = (!icmp_ln67 & tmp_5 == 16)> <Delay = 3.25> <Core = "ROM_nP">   --->   Core 52 'ROM_nP' <Latency = 1> <II = 1> <Delay = 3.25> <Storage> <Opcode : 'load'> <Ports = 0> <Width = 16> <Depth = 1024> <ROM>
ST_4 : Operation 55 [2/2] (3.25ns)   --->   "%Emb4_15_load = load half* %Emb4_15_addr, align 2" [main_5_slices.cpp:68]   --->   Operation 55 'load' 'Emb4_15_load' <Predicate = (!icmp_ln67 & tmp_5 == 15)> <Delay = 3.25> <Core = "ROM_nP">   --->   Core 52 'ROM_nP' <Latency = 1> <II = 1> <Delay = 3.25> <Storage> <Opcode : 'load'> <Ports = 0> <Width = 16> <Depth = 1024> <ROM>
ST_4 : Operation 56 [2/2] (3.25ns)   --->   "%Emb4_14_load = load half* %Emb4_14_addr, align 2" [main_5_slices.cpp:68]   --->   Operation 56 'load' 'Emb4_14_load' <Predicate = (!icmp_ln67 & tmp_5 == 14)> <Delay = 3.25> <Core = "ROM_nP">   --->   Core 52 'ROM_nP' <Latency = 1> <II = 1> <Delay = 3.25> <Storage> <Opcode : 'load'> <Ports = 0> <Width = 16> <Depth = 1024> <ROM>
ST_4 : Operation 57 [2/2] (3.25ns)   --->   "%Emb4_13_load = load half* %Emb4_13_addr, align 2" [main_5_slices.cpp:68]   --->   Operation 57 'load' 'Emb4_13_load' <Predicate = (!icmp_ln67 & tmp_5 == 13)> <Delay = 3.25> <Core = "ROM_nP">   --->   Core 52 'ROM_nP' <Latency = 1> <II = 1> <Delay = 3.25> <Storage> <Opcode : 'load'> <Ports = 0> <Width = 16> <Depth = 1024> <ROM>
ST_4 : Operation 58 [2/2] (3.25ns)   --->   "%Emb4_12_load = load half* %Emb4_12_addr, align 2" [main_5_slices.cpp:68]   --->   Operation 58 'load' 'Emb4_12_load' <Predicate = (!icmp_ln67 & tmp_5 == 12)> <Delay = 3.25> <Core = "ROM_nP">   --->   Core 52 'ROM_nP' <Latency = 1> <II = 1> <Delay = 3.25> <Storage> <Opcode : 'load'> <Ports = 0> <Width = 16> <Depth = 1024> <ROM>
ST_4 : Operation 59 [2/2] (3.25ns)   --->   "%Emb4_11_load = load half* %Emb4_11_addr, align 2" [main_5_slices.cpp:68]   --->   Operation 59 'load' 'Emb4_11_load' <Predicate = (!icmp_ln67 & tmp_5 == 11)> <Delay = 3.25> <Core = "ROM_nP">   --->   Core 52 'ROM_nP' <Latency = 1> <II = 1> <Delay = 3.25> <Storage> <Opcode : 'load'> <Ports = 0> <Width = 16> <Depth = 1024> <ROM>
ST_4 : Operation 60 [2/2] (3.25ns)   --->   "%Emb4_10_load = load half* %Emb4_10_addr, align 2" [main_5_slices.cpp:68]   --->   Operation 60 'load' 'Emb4_10_load' <Predicate = (!icmp_ln67 & tmp_5 == 10)> <Delay = 3.25> <Core = "ROM_nP">   --->   Core 52 'ROM_nP' <Latency = 1> <II = 1> <Delay = 3.25> <Storage> <Opcode : 'load'> <Ports = 0> <Width = 16> <Depth = 1024> <ROM>
ST_4 : Operation 61 [2/2] (3.25ns)   --->   "%Emb4_9_load = load half* %Emb4_9_addr, align 2" [main_5_slices.cpp:68]   --->   Operation 61 'load' 'Emb4_9_load' <Predicate = (!icmp_ln67 & tmp_5 == 9)> <Delay = 3.25> <Core = "ROM_nP">   --->   Core 52 'ROM_nP' <Latency = 1> <II = 1> <Delay = 3.25> <Storage> <Opcode : 'load'> <Ports = 0> <Width = 16> <Depth = 1024> <ROM>
ST_4 : Operation 62 [2/2] (3.25ns)   --->   "%Emb4_8_load = load half* %Emb4_8_addr, align 2" [main_5_slices.cpp:68]   --->   Operation 62 'load' 'Emb4_8_load' <Predicate = (!icmp_ln67 & tmp_5 == 8)> <Delay = 3.25> <Core = "ROM_nP">   --->   Core 52 'ROM_nP' <Latency = 1> <II = 1> <Delay = 3.25> <Storage> <Opcode : 'load'> <Ports = 0> <Width = 16> <Depth = 1024> <ROM>
ST_4 : Operation 63 [2/2] (3.25ns)   --->   "%Emb4_7_load = load half* %Emb4_7_addr, align 2" [main_5_slices.cpp:68]   --->   Operation 63 'load' 'Emb4_7_load' <Predicate = (!icmp_ln67 & tmp_5 == 7)> <Delay = 3.25> <Core = "ROM_nP">   --->   Core 52 'ROM_nP' <Latency = 1> <II = 1> <Delay = 3.25> <Storage> <Opcode : 'load'> <Ports = 0> <Width = 16> <Depth = 1024> <ROM>
ST_4 : Operation 64 [2/2] (3.25ns)   --->   "%Emb4_6_load = load half* %Emb4_6_addr, align 2" [main_5_slices.cpp:68]   --->   Operation 64 'load' 'Emb4_6_load' <Predicate = (!icmp_ln67 & tmp_5 == 6)> <Delay = 3.25> <Core = "ROM_nP">   --->   Core 52 'ROM_nP' <Latency = 1> <II = 1> <Delay = 3.25> <Storage> <Opcode : 'load'> <Ports = 0> <Width = 16> <Depth = 1024> <ROM>
ST_4 : Operation 65 [2/2] (3.25ns)   --->   "%Emb4_5_load = load half* %Emb4_5_addr, align 2" [main_5_slices.cpp:68]   --->   Operation 65 'load' 'Emb4_5_load' <Predicate = (!icmp_ln67 & tmp_5 == 5)> <Delay = 3.25> <Core = "ROM_nP">   --->   Core 52 'ROM_nP' <Latency = 1> <II = 1> <Delay = 3.25> <Storage> <Opcode : 'load'> <Ports = 0> <Width = 16> <Depth = 1024> <ROM>
ST_4 : Operation 66 [2/2] (3.25ns)   --->   "%Emb4_4_load = load half* %Emb4_4_addr, align 2" [main_5_slices.cpp:68]   --->   Operation 66 'load' 'Emb4_4_load' <Predicate = (!icmp_ln67 & tmp_5 == 4)> <Delay = 3.25> <Core = "ROM_nP">   --->   Core 52 'ROM_nP' <Latency = 1> <II = 1> <Delay = 3.25> <Storage> <Opcode : 'load'> <Ports = 0> <Width = 16> <Depth = 1024> <ROM>
ST_4 : Operation 67 [2/2] (3.25ns)   --->   "%Emb4_3_load = load half* %Emb4_3_addr, align 2" [main_5_slices.cpp:68]   --->   Operation 67 'load' 'Emb4_3_load' <Predicate = (!icmp_ln67 & tmp_5 == 3)> <Delay = 3.25> <Core = "ROM_nP">   --->   Core 52 'ROM_nP' <Latency = 1> <II = 1> <Delay = 3.25> <Storage> <Opcode : 'load'> <Ports = 0> <Width = 16> <Depth = 1024> <ROM>
ST_4 : Operation 68 [2/2] (3.25ns)   --->   "%Emb4_2_load = load half* %Emb4_2_addr, align 2" [main_5_slices.cpp:68]   --->   Operation 68 'load' 'Emb4_2_load' <Predicate = (!icmp_ln67 & tmp_5 == 2)> <Delay = 3.25> <Core = "ROM_nP">   --->   Core 52 'ROM_nP' <Latency = 1> <II = 1> <Delay = 3.25> <Storage> <Opcode : 'load'> <Ports = 0> <Width = 16> <Depth = 1024> <ROM>
ST_4 : Operation 69 [2/2] (3.25ns)   --->   "%Emb4_1_load = load half* %Emb4_1_addr, align 2" [main_5_slices.cpp:68]   --->   Operation 69 'load' 'Emb4_1_load' <Predicate = (!icmp_ln67 & tmp_5 == 1)> <Delay = 3.25> <Core = "ROM_nP">   --->   Core 52 'ROM_nP' <Latency = 1> <II = 1> <Delay = 3.25> <Storage> <Opcode : 'load'> <Ports = 0> <Width = 16> <Depth = 1024> <ROM>
ST_4 : Operation 70 [2/2] (3.25ns)   --->   "%Emb4_0_load = load half* %Emb4_0_addr, align 2" [main_5_slices.cpp:68]   --->   Operation 70 'load' 'Emb4_0_load' <Predicate = (!icmp_ln67 & tmp_5 == 0)> <Delay = 3.25> <Core = "ROM_nP">   --->   Core 52 'ROM_nP' <Latency = 1> <II = 1> <Delay = 3.25> <Storage> <Opcode : 'load'> <Ports = 0> <Width = 16> <Depth = 1024> <ROM>
ST_4 : Operation 71 [2/2] (3.25ns)   --->   "%Emb4_18_load = load half* %Emb4_18_addr, align 2" [main_5_slices.cpp:68]   --->   Operation 71 'load' 'Emb4_18_load' <Predicate = (!icmp_ln67 & tmp_5 != 0 & tmp_5 != 1 & tmp_5 != 2 & tmp_5 != 3 & tmp_5 != 4 & tmp_5 != 5 & tmp_5 != 6 & tmp_5 != 7 & tmp_5 != 8 & tmp_5 != 9 & tmp_5 != 10 & tmp_5 != 11 & tmp_5 != 12 & tmp_5 != 13 & tmp_5 != 14 & tmp_5 != 15 & tmp_5 != 16 & tmp_5 != 17)> <Delay = 3.25> <Core = "ROM_nP">   --->   Core 52 'ROM_nP' <Latency = 1> <II = 1> <Delay = 3.25> <Storage> <Opcode : 'load'> <Ports = 0> <Width = 16> <Depth = 1024> <ROM>
ST_4 : Operation 72 [1/1] (0.00ns)   --->   "br label %.loopexit"   --->   Operation 72 'br' <Predicate = (icmp_ln67)> <Delay = 0.00>

State 5 <SV = 4> <Delay = 3.25>
ST_5 : Operation 73 [1/2] (3.25ns)   --->   "%Emb4_17_load = load half* %Emb4_17_addr, align 2" [main_5_slices.cpp:68]   --->   Operation 73 'load' 'Emb4_17_load' <Predicate = (tmp_5 == 17)> <Delay = 3.25> <Core = "ROM_nP">   --->   Core 52 'ROM_nP' <Latency = 1> <II = 1> <Delay = 3.25> <Storage> <Opcode : 'load'> <Ports = 0> <Width = 16> <Depth = 1024> <ROM>
ST_5 : Operation 74 [1/1] (2.29ns)   --->   "br label %4" [main_5_slices.cpp:68]   --->   Operation 74 'br' <Predicate = (tmp_5 == 17)> <Delay = 2.29>
ST_5 : Operation 75 [1/2] (3.25ns)   --->   "%Emb4_16_load = load half* %Emb4_16_addr, align 2" [main_5_slices.cpp:68]   --->   Operation 75 'load' 'Emb4_16_load' <Predicate = (tmp_5 == 16)> <Delay = 3.25> <Core = "ROM_nP">   --->   Core 52 'ROM_nP' <Latency = 1> <II = 1> <Delay = 3.25> <Storage> <Opcode : 'load'> <Ports = 0> <Width = 16> <Depth = 1024> <ROM>
ST_5 : Operation 76 [1/1] (2.29ns)   --->   "br label %4" [main_5_slices.cpp:68]   --->   Operation 76 'br' <Predicate = (tmp_5 == 16)> <Delay = 2.29>
ST_5 : Operation 77 [1/2] (3.25ns)   --->   "%Emb4_15_load = load half* %Emb4_15_addr, align 2" [main_5_slices.cpp:68]   --->   Operation 77 'load' 'Emb4_15_load' <Predicate = (tmp_5 == 15)> <Delay = 3.25> <Core = "ROM_nP">   --->   Core 52 'ROM_nP' <Latency = 1> <II = 1> <Delay = 3.25> <Storage> <Opcode : 'load'> <Ports = 0> <Width = 16> <Depth = 1024> <ROM>
ST_5 : Operation 78 [1/1] (2.29ns)   --->   "br label %4" [main_5_slices.cpp:68]   --->   Operation 78 'br' <Predicate = (tmp_5 == 15)> <Delay = 2.29>
ST_5 : Operation 79 [1/2] (3.25ns)   --->   "%Emb4_14_load = load half* %Emb4_14_addr, align 2" [main_5_slices.cpp:68]   --->   Operation 79 'load' 'Emb4_14_load' <Predicate = (tmp_5 == 14)> <Delay = 3.25> <Core = "ROM_nP">   --->   Core 52 'ROM_nP' <Latency = 1> <II = 1> <Delay = 3.25> <Storage> <Opcode : 'load'> <Ports = 0> <Width = 16> <Depth = 1024> <ROM>
ST_5 : Operation 80 [1/1] (2.29ns)   --->   "br label %4" [main_5_slices.cpp:68]   --->   Operation 80 'br' <Predicate = (tmp_5 == 14)> <Delay = 2.29>
ST_5 : Operation 81 [1/2] (3.25ns)   --->   "%Emb4_13_load = load half* %Emb4_13_addr, align 2" [main_5_slices.cpp:68]   --->   Operation 81 'load' 'Emb4_13_load' <Predicate = (tmp_5 == 13)> <Delay = 3.25> <Core = "ROM_nP">   --->   Core 52 'ROM_nP' <Latency = 1> <II = 1> <Delay = 3.25> <Storage> <Opcode : 'load'> <Ports = 0> <Width = 16> <Depth = 1024> <ROM>
ST_5 : Operation 82 [1/1] (2.29ns)   --->   "br label %4" [main_5_slices.cpp:68]   --->   Operation 82 'br' <Predicate = (tmp_5 == 13)> <Delay = 2.29>
ST_5 : Operation 83 [1/2] (3.25ns)   --->   "%Emb4_12_load = load half* %Emb4_12_addr, align 2" [main_5_slices.cpp:68]   --->   Operation 83 'load' 'Emb4_12_load' <Predicate = (tmp_5 == 12)> <Delay = 3.25> <Core = "ROM_nP">   --->   Core 52 'ROM_nP' <Latency = 1> <II = 1> <Delay = 3.25> <Storage> <Opcode : 'load'> <Ports = 0> <Width = 16> <Depth = 1024> <ROM>
ST_5 : Operation 84 [1/1] (2.29ns)   --->   "br label %4" [main_5_slices.cpp:68]   --->   Operation 84 'br' <Predicate = (tmp_5 == 12)> <Delay = 2.29>
ST_5 : Operation 85 [1/2] (3.25ns)   --->   "%Emb4_11_load = load half* %Emb4_11_addr, align 2" [main_5_slices.cpp:68]   --->   Operation 85 'load' 'Emb4_11_load' <Predicate = (tmp_5 == 11)> <Delay = 3.25> <Core = "ROM_nP">   --->   Core 52 'ROM_nP' <Latency = 1> <II = 1> <Delay = 3.25> <Storage> <Opcode : 'load'> <Ports = 0> <Width = 16> <Depth = 1024> <ROM>
ST_5 : Operation 86 [1/1] (2.29ns)   --->   "br label %4" [main_5_slices.cpp:68]   --->   Operation 86 'br' <Predicate = (tmp_5 == 11)> <Delay = 2.29>
ST_5 : Operation 87 [1/2] (3.25ns)   --->   "%Emb4_10_load = load half* %Emb4_10_addr, align 2" [main_5_slices.cpp:68]   --->   Operation 87 'load' 'Emb4_10_load' <Predicate = (tmp_5 == 10)> <Delay = 3.25> <Core = "ROM_nP">   --->   Core 52 'ROM_nP' <Latency = 1> <II = 1> <Delay = 3.25> <Storage> <Opcode : 'load'> <Ports = 0> <Width = 16> <Depth = 1024> <ROM>
ST_5 : Operation 88 [1/1] (2.29ns)   --->   "br label %4" [main_5_slices.cpp:68]   --->   Operation 88 'br' <Predicate = (tmp_5 == 10)> <Delay = 2.29>
ST_5 : Operation 89 [1/2] (3.25ns)   --->   "%Emb4_9_load = load half* %Emb4_9_addr, align 2" [main_5_slices.cpp:68]   --->   Operation 89 'load' 'Emb4_9_load' <Predicate = (tmp_5 == 9)> <Delay = 3.25> <Core = "ROM_nP">   --->   Core 52 'ROM_nP' <Latency = 1> <II = 1> <Delay = 3.25> <Storage> <Opcode : 'load'> <Ports = 0> <Width = 16> <Depth = 1024> <ROM>
ST_5 : Operation 90 [1/1] (2.29ns)   --->   "br label %4" [main_5_slices.cpp:68]   --->   Operation 90 'br' <Predicate = (tmp_5 == 9)> <Delay = 2.29>
ST_5 : Operation 91 [1/2] (3.25ns)   --->   "%Emb4_8_load = load half* %Emb4_8_addr, align 2" [main_5_slices.cpp:68]   --->   Operation 91 'load' 'Emb4_8_load' <Predicate = (tmp_5 == 8)> <Delay = 3.25> <Core = "ROM_nP">   --->   Core 52 'ROM_nP' <Latency = 1> <II = 1> <Delay = 3.25> <Storage> <Opcode : 'load'> <Ports = 0> <Width = 16> <Depth = 1024> <ROM>
ST_5 : Operation 92 [1/1] (2.29ns)   --->   "br label %4" [main_5_slices.cpp:68]   --->   Operation 92 'br' <Predicate = (tmp_5 == 8)> <Delay = 2.29>
ST_5 : Operation 93 [1/2] (3.25ns)   --->   "%Emb4_7_load = load half* %Emb4_7_addr, align 2" [main_5_slices.cpp:68]   --->   Operation 93 'load' 'Emb4_7_load' <Predicate = (tmp_5 == 7)> <Delay = 3.25> <Core = "ROM_nP">   --->   Core 52 'ROM_nP' <Latency = 1> <II = 1> <Delay = 3.25> <Storage> <Opcode : 'load'> <Ports = 0> <Width = 16> <Depth = 1024> <ROM>
ST_5 : Operation 94 [1/1] (2.29ns)   --->   "br label %4" [main_5_slices.cpp:68]   --->   Operation 94 'br' <Predicate = (tmp_5 == 7)> <Delay = 2.29>
ST_5 : Operation 95 [1/2] (3.25ns)   --->   "%Emb4_6_load = load half* %Emb4_6_addr, align 2" [main_5_slices.cpp:68]   --->   Operation 95 'load' 'Emb4_6_load' <Predicate = (tmp_5 == 6)> <Delay = 3.25> <Core = "ROM_nP">   --->   Core 52 'ROM_nP' <Latency = 1> <II = 1> <Delay = 3.25> <Storage> <Opcode : 'load'> <Ports = 0> <Width = 16> <Depth = 1024> <ROM>
ST_5 : Operation 96 [1/1] (2.29ns)   --->   "br label %4" [main_5_slices.cpp:68]   --->   Operation 96 'br' <Predicate = (tmp_5 == 6)> <Delay = 2.29>
ST_5 : Operation 97 [1/2] (3.25ns)   --->   "%Emb4_5_load = load half* %Emb4_5_addr, align 2" [main_5_slices.cpp:68]   --->   Operation 97 'load' 'Emb4_5_load' <Predicate = (tmp_5 == 5)> <Delay = 3.25> <Core = "ROM_nP">   --->   Core 52 'ROM_nP' <Latency = 1> <II = 1> <Delay = 3.25> <Storage> <Opcode : 'load'> <Ports = 0> <Width = 16> <Depth = 1024> <ROM>
ST_5 : Operation 98 [1/1] (2.29ns)   --->   "br label %4" [main_5_slices.cpp:68]   --->   Operation 98 'br' <Predicate = (tmp_5 == 5)> <Delay = 2.29>
ST_5 : Operation 99 [1/2] (3.25ns)   --->   "%Emb4_4_load = load half* %Emb4_4_addr, align 2" [main_5_slices.cpp:68]   --->   Operation 99 'load' 'Emb4_4_load' <Predicate = (tmp_5 == 4)> <Delay = 3.25> <Core = "ROM_nP">   --->   Core 52 'ROM_nP' <Latency = 1> <II = 1> <Delay = 3.25> <Storage> <Opcode : 'load'> <Ports = 0> <Width = 16> <Depth = 1024> <ROM>
ST_5 : Operation 100 [1/1] (2.29ns)   --->   "br label %4" [main_5_slices.cpp:68]   --->   Operation 100 'br' <Predicate = (tmp_5 == 4)> <Delay = 2.29>
ST_5 : Operation 101 [1/2] (3.25ns)   --->   "%Emb4_3_load = load half* %Emb4_3_addr, align 2" [main_5_slices.cpp:68]   --->   Operation 101 'load' 'Emb4_3_load' <Predicate = (tmp_5 == 3)> <Delay = 3.25> <Core = "ROM_nP">   --->   Core 52 'ROM_nP' <Latency = 1> <II = 1> <Delay = 3.25> <Storage> <Opcode : 'load'> <Ports = 0> <Width = 16> <Depth = 1024> <ROM>
ST_5 : Operation 102 [1/1] (2.29ns)   --->   "br label %4" [main_5_slices.cpp:68]   --->   Operation 102 'br' <Predicate = (tmp_5 == 3)> <Delay = 2.29>
ST_5 : Operation 103 [1/2] (3.25ns)   --->   "%Emb4_2_load = load half* %Emb4_2_addr, align 2" [main_5_slices.cpp:68]   --->   Operation 103 'load' 'Emb4_2_load' <Predicate = (tmp_5 == 2)> <Delay = 3.25> <Core = "ROM_nP">   --->   Core 52 'ROM_nP' <Latency = 1> <II = 1> <Delay = 3.25> <Storage> <Opcode : 'load'> <Ports = 0> <Width = 16> <Depth = 1024> <ROM>
ST_5 : Operation 104 [1/1] (2.29ns)   --->   "br label %4" [main_5_slices.cpp:68]   --->   Operation 104 'br' <Predicate = (tmp_5 == 2)> <Delay = 2.29>
ST_5 : Operation 105 [1/2] (3.25ns)   --->   "%Emb4_1_load = load half* %Emb4_1_addr, align 2" [main_5_slices.cpp:68]   --->   Operation 105 'load' 'Emb4_1_load' <Predicate = (tmp_5 == 1)> <Delay = 3.25> <Core = "ROM_nP">   --->   Core 52 'ROM_nP' <Latency = 1> <II = 1> <Delay = 3.25> <Storage> <Opcode : 'load'> <Ports = 0> <Width = 16> <Depth = 1024> <ROM>
ST_5 : Operation 106 [1/1] (2.29ns)   --->   "br label %4" [main_5_slices.cpp:68]   --->   Operation 106 'br' <Predicate = (tmp_5 == 1)> <Delay = 2.29>
ST_5 : Operation 107 [1/2] (3.25ns)   --->   "%Emb4_0_load = load half* %Emb4_0_addr, align 2" [main_5_slices.cpp:68]   --->   Operation 107 'load' 'Emb4_0_load' <Predicate = (tmp_5 == 0)> <Delay = 3.25> <Core = "ROM_nP">   --->   Core 52 'ROM_nP' <Latency = 1> <II = 1> <Delay = 3.25> <Storage> <Opcode : 'load'> <Ports = 0> <Width = 16> <Depth = 1024> <ROM>
ST_5 : Operation 108 [1/1] (2.29ns)   --->   "br label %4" [main_5_slices.cpp:68]   --->   Operation 108 'br' <Predicate = (tmp_5 == 0)> <Delay = 2.29>
ST_5 : Operation 109 [1/2] (3.25ns)   --->   "%Emb4_18_load = load half* %Emb4_18_addr, align 2" [main_5_slices.cpp:68]   --->   Operation 109 'load' 'Emb4_18_load' <Predicate = (tmp_5 == 31) | (tmp_5 == 30) | (tmp_5 == 29) | (tmp_5 == 28) | (tmp_5 == 27) | (tmp_5 == 26) | (tmp_5 == 25) | (tmp_5 == 24) | (tmp_5 == 23) | (tmp_5 == 22) | (tmp_5 == 21) | (tmp_5 == 20) | (tmp_5 == 19) | (tmp_5 == 18)> <Delay = 3.25> <Core = "ROM_nP">   --->   Core 52 'ROM_nP' <Latency = 1> <II = 1> <Delay = 3.25> <Storage> <Opcode : 'load'> <Ports = 0> <Width = 16> <Depth = 1024> <ROM>
ST_5 : Operation 110 [1/1] (2.29ns)   --->   "br label %4" [main_5_slices.cpp:68]   --->   Operation 110 'br' <Predicate = (tmp_5 == 31) | (tmp_5 == 30) | (tmp_5 == 29) | (tmp_5 == 28) | (tmp_5 == 27) | (tmp_5 == 26) | (tmp_5 == 25) | (tmp_5 == 24) | (tmp_5 == 23) | (tmp_5 == 22) | (tmp_5 == 21) | (tmp_5 == 20) | (tmp_5 == 19) | (tmp_5 == 18)> <Delay = 2.29>

State 6 <SV = 5> <Delay = 5.19>
ST_6 : Operation 111 [1/1] (0.00ns)   --->   "%phi_ln68 = phi half [ %Emb4_0_load, %branch0 ], [ %Emb4_1_load, %branch1 ], [ %Emb4_2_load, %branch2 ], [ %Emb4_3_load, %branch3 ], [ %Emb4_4_load, %branch4 ], [ %Emb4_5_load, %branch5 ], [ %Emb4_6_load, %branch6 ], [ %Emb4_7_load, %branch7 ], [ %Emb4_8_load, %branch8 ], [ %Emb4_9_load, %branch9 ], [ %Emb4_10_load, %branch10 ], [ %Emb4_11_load, %branch11 ], [ %Emb4_12_load, %branch12 ], [ %Emb4_13_load, %branch13 ], [ %Emb4_14_load, %branch14 ], [ %Emb4_15_load, %branch15 ], [ %Emb4_16_load, %branch16 ], [ %Emb4_17_load, %branch17 ], [ %Emb4_18_load, %branch18 ]" [main_5_slices.cpp:68]   --->   Operation 111 'phi' 'phi_ln68' <Predicate = true> <Delay = 0.00>
ST_6 : Operation 112 [1/1] (1.94ns)   --->   "%add_ln68_1 = add i15 %shl_ln3, %zext_ln68" [main_5_slices.cpp:68]   --->   Operation 112 'add' 'add_ln68_1' <Predicate = true> <Delay = 1.94> <Core = "AddSub">   --->   Core 14 'AddSub' <Latency = 0> <II = 1> <Delay = 1.73> <FuncUnit> <Opcode : 'add' 'sub'> <InPorts = 2> <OutPorts = 1>
ST_6 : Operation 113 [1/1] (0.00ns)   --->   "%zext_ln68_3 = zext i15 %add_ln68_1 to i64" [main_5_slices.cpp:68]   --->   Operation 113 'zext' 'zext_ln68_3' <Predicate = true> <Delay = 0.00>
ST_6 : Operation 114 [1/1] (0.00ns)   --->   "%X_addr = getelementptr [18624 x half]* %X, i64 0, i64 %zext_ln68_3" [main_5_slices.cpp:68]   --->   Operation 114 'getelementptr' 'X_addr' <Predicate = true> <Delay = 0.00>
ST_6 : Operation 115 [1/1] (3.25ns)   --->   "store half %phi_ln68, half* %X_addr, align 2" [main_5_slices.cpp:68]   --->   Operation 115 'store' <Predicate = true> <Delay = 3.25> <Core = "RAM">   --->   Core 37 'RAM' <Latency = 1> <II = 1> <Delay = 3.25> <Storage> <Opcode : 'load' 'store'> <Ports = 2> <Width = 16> <Depth = 128> <RAM>
ST_6 : Operation 116 [1/1] (0.00ns)   --->   "br label %2" [main_5_slices.cpp:67]   --->   Operation 116 'br' <Predicate = true> <Delay = 0.00>


============================================================
+ Verbose Summary: Binding
============================================================
STG Binding: 
---------------- STG Properties BEGIN ----------------
- Is combinational: 0
- Is one-state seq: 0
- Is datapath-only: 0
- Is pipelined: 0
- Is top level: 0
Port [ Return ] is wired: 1; IO mode=ap_ctrl_hs:ce=0
Port [ X]:  wired=1; compound=1; hidden=0; nouse=0; global=0; static=0; extern=0; dir=1; type=1; pingpong=0; private_global=0; MemPort=[03]; IO mode=ap_memory:ce=0
Port [ tokens4]:  wired=0; compound=1; hidden=1; nouse=0; global=1; static=1; extern=0; dir=0; type=1; pingpong=0; private_global=1; linkage=7; visibility=0; MemPort=[1]; IO mode=ap_memory:ce=0
Port [ Emb4_0]:  wired=0; compound=1; hidden=1; nouse=0; global=1; static=1; extern=0; dir=0; type=1; pingpong=0; private_global=1; linkage=7; visibility=0; MemPort=[1]; IO mode=ap_memory:ce=0
Port [ Emb4_1]:  wired=0; compound=1; hidden=1; nouse=0; global=1; static=1; extern=0; dir=0; type=1; pingpong=0; private_global=1; linkage=7; visibility=0; MemPort=[1]; IO mode=ap_memory:ce=0
Port [ Emb4_2]:  wired=0; compound=1; hidden=1; nouse=0; global=1; static=1; extern=0; dir=0; type=1; pingpong=0; private_global=1; linkage=7; visibility=0; MemPort=[1]; IO mode=ap_memory:ce=0
Port [ Emb4_3]:  wired=0; compound=1; hidden=1; nouse=0; global=1; static=1; extern=0; dir=0; type=1; pingpong=0; private_global=1; linkage=7; visibility=0; MemPort=[1]; IO mode=ap_memory:ce=0
Port [ Emb4_4]:  wired=0; compound=1; hidden=1; nouse=0; global=1; static=1; extern=0; dir=0; type=1; pingpong=0; private_global=1; linkage=7; visibility=0; MemPort=[1]; IO mode=ap_memory:ce=0
Port [ Emb4_5]:  wired=0; compound=1; hidden=1; nouse=0; global=1; static=1; extern=0; dir=0; type=1; pingpong=0; private_global=1; linkage=7; visibility=0; MemPort=[1]; IO mode=ap_memory:ce=0
Port [ Emb4_6]:  wired=0; compound=1; hidden=1; nouse=0; global=1; static=1; extern=0; dir=0; type=1; pingpong=0; private_global=1; linkage=7; visibility=0; MemPort=[1]; IO mode=ap_memory:ce=0
Port [ Emb4_7]:  wired=0; compound=1; hidden=1; nouse=0; global=1; static=1; extern=0; dir=0; type=1; pingpong=0; private_global=1; linkage=7; visibility=0; MemPort=[1]; IO mode=ap_memory:ce=0
Port [ Emb4_8]:  wired=0; compound=1; hidden=1; nouse=0; global=1; static=1; extern=0; dir=0; type=1; pingpong=0; private_global=1; linkage=7; visibility=0; MemPort=[1]; IO mode=ap_memory:ce=0
Port [ Emb4_9]:  wired=0; compound=1; hidden=1; nouse=0; global=1; static=1; extern=0; dir=0; type=1; pingpong=0; private_global=1; linkage=7; visibility=0; MemPort=[1]; IO mode=ap_memory:ce=0
Port [ Emb4_10]:  wired=0; compound=1; hidden=1; nouse=0; global=1; static=1; extern=0; dir=0; type=1; pingpong=0; private_global=1; linkage=7; visibility=0; MemPort=[1]; IO mode=ap_memory:ce=0
Port [ Emb4_11]:  wired=0; compound=1; hidden=1; nouse=0; global=1; static=1; extern=0; dir=0; type=1; pingpong=0; private_global=1; linkage=7; visibility=0; MemPort=[1]; IO mode=ap_memory:ce=0
Port [ Emb4_12]:  wired=0; compound=1; hidden=1; nouse=0; global=1; static=1; extern=0; dir=0; type=1; pingpong=0; private_global=1; linkage=7; visibility=0; MemPort=[1]; IO mode=ap_memory:ce=0
Port [ Emb4_13]:  wired=0; compound=1; hidden=1; nouse=0; global=1; static=1; extern=0; dir=0; type=1; pingpong=0; private_global=1; linkage=7; visibility=0; MemPort=[1]; IO mode=ap_memory:ce=0
Port [ Emb4_14]:  wired=0; compound=1; hidden=1; nouse=0; global=1; static=1; extern=0; dir=0; type=1; pingpong=0; private_global=1; linkage=7; visibility=0; MemPort=[1]; IO mode=ap_memory:ce=0
Port [ Emb4_15]:  wired=0; compound=1; hidden=1; nouse=0; global=1; static=1; extern=0; dir=0; type=1; pingpong=0; private_global=1; linkage=7; visibility=0; MemPort=[1]; IO mode=ap_memory:ce=0
Port [ Emb4_16]:  wired=0; compound=1; hidden=1; nouse=0; global=1; static=1; extern=0; dir=0; type=1; pingpong=0; private_global=1; linkage=7; visibility=0; MemPort=[1]; IO mode=ap_memory:ce=0
Port [ Emb4_17]:  wired=0; compound=1; hidden=1; nouse=0; global=1; static=1; extern=0; dir=0; type=1; pingpong=0; private_global=1; linkage=7; visibility=0; MemPort=[1]; IO mode=ap_memory:ce=0
Port [ Emb4_18]:  wired=0; compound=1; hidden=1; nouse=0; global=1; static=1; extern=0; dir=0; type=1; pingpong=0; private_global=1; linkage=7; visibility=0; MemPort=[1]; IO mode=ap_memory:ce=0
---------------- STG Properties END ------------------

---------------- Datapath Model BEGIN ----------------

<LifeTime>
<method=bitvector/>
br_ln61      (br               ) [ 0111111]
t_0          (phi              ) [ 0011000]
icmp_ln61    (icmp             ) [ 0011111]
empty        (speclooptripcount) [ 0000000]
t            (add              ) [ 0111111]
br_ln61      (br               ) [ 0000000]
zext_ln63    (zext             ) [ 0000000]
tokens4_addr (getelementptr    ) [ 0001000]
ret_ln71     (ret              ) [ 0000000]
tokens4_load (load             ) [ 0000000]
shl_ln       (bitconcatenate   ) [ 0000111]
shl_ln3      (bitconcatenate   ) [ 0000111]
shl_ln68     (shl              ) [ 0000111]
br_ln67      (br               ) [ 0011111]
e_0          (phi              ) [ 0000100]
icmp_ln67    (icmp             ) [ 0011111]
empty_29     (speclooptripcount) [ 0000000]
e            (add              ) [ 0011111]
br_ln67      (br               ) [ 0000000]
zext_ln68    (zext             ) [ 0000011]
zext_ln68_2  (zext             ) [ 0000000]
add_ln68     (add              ) [ 0000000]
tmp_5        (partselect       ) [ 0011111]
add_ln68_2   (add              ) [ 0000000]
zext_ln68_1  (zext             ) [ 0000000]
Emb4_0_addr  (getelementptr    ) [ 0000010]
Emb4_1_addr  (getelementptr    ) [ 0000010]
Emb4_2_addr  (getelementptr    ) [ 0000010]
Emb4_3_addr  (getelementptr    ) [ 0000010]
Emb4_4_addr  (getelementptr    ) [ 0000010]
Emb4_5_addr  (getelementptr    ) [ 0000010]
Emb4_6_addr  (getelementptr    ) [ 0000010]
Emb4_7_addr  (getelementptr    ) [ 0000010]
Emb4_8_addr  (getelementptr    ) [ 0000010]
Emb4_9_addr  (getelementptr    ) [ 0000010]
Emb4_10_addr (getelementptr    ) [ 0000010]
Emb4_11_addr (getelementptr    ) [ 0000010]
Emb4_12_addr (getelementptr    ) [ 0000010]
Emb4_13_addr (getelementptr    ) [ 0000010]
Emb4_14_addr (getelementptr    ) [ 0000010]
Emb4_15_addr (getelementptr    ) [ 0000010]
Emb4_16_addr (getelementptr    ) [ 0000010]
Emb4_17_addr (getelementptr    ) [ 0000010]
Emb4_18_addr (getelementptr    ) [ 0000010]
switch_ln68  (switch           ) [ 0000000]
br_ln0       (br               ) [ 0111111]
Emb4_17_load (load             ) [ 0011111]
br_ln68      (br               ) [ 0011111]
Emb4_16_load (load             ) [ 0011111]
br_ln68      (br               ) [ 0011111]
Emb4_15_load (load             ) [ 0011111]
br_ln68      (br               ) [ 0011111]
Emb4_14_load (load             ) [ 0011111]
br_ln68      (br               ) [ 0011111]
Emb4_13_load (load             ) [ 0011111]
br_ln68      (br               ) [ 0011111]
Emb4_12_load (load             ) [ 0011111]
br_ln68      (br               ) [ 0011111]
Emb4_11_load (load             ) [ 0011111]
br_ln68      (br               ) [ 0011111]
Emb4_10_load (load             ) [ 0011111]
br_ln68      (br               ) [ 0011111]
Emb4_9_load  (load             ) [ 0011111]
br_ln68      (br               ) [ 0011111]
Emb4_8_load  (load             ) [ 0011111]
br_ln68      (br               ) [ 0011111]
Emb4_7_load  (load             ) [ 0011111]
br_ln68      (br               ) [ 0011111]
Emb4_6_load  (load             ) [ 0011111]
br_ln68      (br               ) [ 0011111]
Emb4_5_load  (load             ) [ 0011111]
br_ln68      (br               ) [ 0011111]
Emb4_4_load  (load             ) [ 0011111]
br_ln68      (br               ) [ 0011111]
Emb4_3_load  (load             ) [ 0011111]
br_ln68      (br               ) [ 0011111]
Emb4_2_load  (load             ) [ 0011111]
br_ln68      (br               ) [ 0011111]
Emb4_1_load  (load             ) [ 0011111]
br_ln68      (br               ) [ 0011111]
Emb4_0_load  (load             ) [ 0011111]
br_ln68      (br               ) [ 0011111]
Emb4_18_load (load             ) [ 0011111]
br_ln68      (br               ) [ 0011111]
phi_ln68     (phi              ) [ 0000001]
add_ln68_1   (add              ) [ 0000000]
zext_ln68_3  (zext             ) [ 0000000]
X_addr       (getelementptr    ) [ 0000000]
store_ln68   (store            ) [ 0000000]
br_ln67      (br               ) [ 0011111]
</LifeTime>

<model>

<comp_list>
<comp id="0" class="1000" name="X">
<pin_list>
<pin id="1" dir="1" index="0" bw="1" slack="0"/>
</pin_list>
<bind>
<StgValue><ssdm name="X"/><MemPortTyVec>0 3 </MemPortTyVec>
</StgValue>
</bind>
</comp>

<comp id="2" class="1000" name="tokens4">
<pin_list>
<pin id="3" dir="1" index="0" bw="1" slack="0"/>
</pin_list>
<bind>
<StgValue><ssdm name="tokens4"/><MemPortTyVec>1 </MemPortTyVec>
</StgValue>
</bind>
</comp>

<comp id="4" class="1000" name="Emb4_0">
<pin_list>
<pin id="5" dir="1" index="0" bw="1" slack="0"/>
</pin_list>
<bind>
<StgValue><ssdm name="Emb4_0"/><MemPortTyVec>1 </MemPortTyVec>
</StgValue>
</bind>
</comp>

<comp id="6" class="1000" name="Emb4_1">
<pin_list>
<pin id="7" dir="1" index="0" bw="1" slack="0"/>
</pin_list>
<bind>
<StgValue><ssdm name="Emb4_1"/><MemPortTyVec>1 </MemPortTyVec>
</StgValue>
</bind>
</comp>

<comp id="8" class="1000" name="Emb4_2">
<pin_list>
<pin id="9" dir="1" index="0" bw="1" slack="0"/>
</pin_list>
<bind>
<StgValue><ssdm name="Emb4_2"/><MemPortTyVec>1 </MemPortTyVec>
</StgValue>
</bind>
</comp>

<comp id="10" class="1000" name="Emb4_3">
<pin_list>
<pin id="11" dir="1" index="0" bw="1" slack="0"/>
</pin_list>
<bind>
<StgValue><ssdm name="Emb4_3"/><MemPortTyVec>1 </MemPortTyVec>
</StgValue>
</bind>
</comp>

<comp id="12" class="1000" name="Emb4_4">
<pin_list>
<pin id="13" dir="1" index="0" bw="1" slack="0"/>
</pin_list>
<bind>
<StgValue><ssdm name="Emb4_4"/><MemPortTyVec>1 </MemPortTyVec>
</StgValue>
</bind>
</comp>

<comp id="14" class="1000" name="Emb4_5">
<pin_list>
<pin id="15" dir="1" index="0" bw="1" slack="0"/>
</pin_list>
<bind>
<StgValue><ssdm name="Emb4_5"/><MemPortTyVec>1 </MemPortTyVec>
</StgValue>
</bind>
</comp>

<comp id="16" class="1000" name="Emb4_6">
<pin_list>
<pin id="17" dir="1" index="0" bw="1" slack="0"/>
</pin_list>
<bind>
<StgValue><ssdm name="Emb4_6"/><MemPortTyVec>1 </MemPortTyVec>
</StgValue>
</bind>
</comp>

<comp id="18" class="1000" name="Emb4_7">
<pin_list>
<pin id="19" dir="1" index="0" bw="1" slack="0"/>
</pin_list>
<bind>
<StgValue><ssdm name="Emb4_7"/><MemPortTyVec>1 </MemPortTyVec>
</StgValue>
</bind>
</comp>

<comp id="20" class="1000" name="Emb4_8">
<pin_list>
<pin id="21" dir="1" index="0" bw="1" slack="0"/>
</pin_list>
<bind>
<StgValue><ssdm name="Emb4_8"/><MemPortTyVec>1 </MemPortTyVec>
</StgValue>
</bind>
</comp>

<comp id="22" class="1000" name="Emb4_9">
<pin_list>
<pin id="23" dir="1" index="0" bw="1" slack="0"/>
</pin_list>
<bind>
<StgValue><ssdm name="Emb4_9"/><MemPortTyVec>1 </MemPortTyVec>
</StgValue>
</bind>
</comp>

<comp id="24" class="1000" name="Emb4_10">
<pin_list>
<pin id="25" dir="1" index="0" bw="1" slack="0"/>
</pin_list>
<bind>
<StgValue><ssdm name="Emb4_10"/><MemPortTyVec>1 </MemPortTyVec>
</StgValue>
</bind>
</comp>

<comp id="26" class="1000" name="Emb4_11">
<pin_list>
<pin id="27" dir="1" index="0" bw="1" slack="0"/>
</pin_list>
<bind>
<StgValue><ssdm name="Emb4_11"/><MemPortTyVec>1 </MemPortTyVec>
</StgValue>
</bind>
</comp>

<comp id="28" class="1000" name="Emb4_12">
<pin_list>
<pin id="29" dir="1" index="0" bw="1" slack="0"/>
</pin_list>
<bind>
<StgValue><ssdm name="Emb4_12"/><MemPortTyVec>1 </MemPortTyVec>
</StgValue>
</bind>
</comp>

<comp id="30" class="1000" name="Emb4_13">
<pin_list>
<pin id="31" dir="1" index="0" bw="1" slack="0"/>
</pin_list>
<bind>
<StgValue><ssdm name="Emb4_13"/><MemPortTyVec>1 </MemPortTyVec>
</StgValue>
</bind>
</comp>

<comp id="32" class="1000" name="Emb4_14">
<pin_list>
<pin id="33" dir="1" index="0" bw="1" slack="0"/>
</pin_list>
<bind>
<StgValue><ssdm name="Emb4_14"/><MemPortTyVec>1 </MemPortTyVec>
</StgValue>
</bind>
</comp>

<comp id="34" class="1000" name="Emb4_15">
<pin_list>
<pin id="35" dir="1" index="0" bw="1" slack="0"/>
</pin_list>
<bind>
<StgValue><ssdm name="Emb4_15"/><MemPortTyVec>1 </MemPortTyVec>
</StgValue>
</bind>
</comp>

<comp id="36" class="1000" name="Emb4_16">
<pin_list>
<pin id="37" dir="1" index="0" bw="1" slack="0"/>
</pin_list>
<bind>
<StgValue><ssdm name="Emb4_16"/><MemPortTyVec>1 </MemPortTyVec>
</StgValue>
</bind>
</comp>

<comp id="38" class="1000" name="Emb4_17">
<pin_list>
<pin id="39" dir="1" index="0" bw="1" slack="0"/>
</pin_list>
<bind>
<StgValue><ssdm name="Emb4_17"/><MemPortTyVec>1 </MemPortTyVec>
</StgValue>
</bind>
</comp>

<comp id="40" class="1000" name="Emb4_18">
<pin_list>
<pin id="41" dir="1" index="0" bw="1" slack="0"/>
</pin_list>
<bind>
<StgValue><ssdm name="Emb4_18"/><MemPortTyVec>1 </MemPortTyVec>
</StgValue>
</bind>
</comp>

<comp id="42" class="1001" name="const_42">
<pin_list>
<pin id="43" dir="1" index="0" bw="1" slack="1"/>
</pin_list>
<bind>
<StgValue><ssdm name=""/></StgValue>
</bind>
</comp>

<comp id="44" class="1001" name="const_44">
<pin_list>
<pin id="45" dir="1" index="0" bw="1" slack="0"/>
</pin_list>
<bind>
<StgValue><ssdm name=""/></StgValue>
</bind>
</comp>

<comp id="46" class="1001" name="const_46">
<pin_list>
<pin id="47" dir="1" index="0" bw="1" slack="2147483647"/>
</pin_list>
<bind>
<StgValue><ssdm name="_ssdm_op_SpecLoopTripCount"/></StgValue>
</bind>
</comp>

<comp id="48" class="1001" name="const_48">
<pin_list>
<pin id="49" dir="1" index="0" bw="1" slack="2147483647"/>
</pin_list>
<bind>
<StgValue><ssdm name=""/></StgValue>
</bind>
</comp>

<comp id="50" class="1001" name="const_50">
<pin_list>
<pin id="51" dir="1" index="0" bw="1" slack="0"/>
</pin_list>
<bind>
<StgValue><ssdm name=""/></StgValue>
</bind>
</comp>

<comp id="52" class="1001" name="const_52">
<pin_list>
<pin id="53" dir="1" index="0" bw="1" slack="0"/>
</pin_list>
<bind>
<StgValue><ssdm name=""/></StgValue>
</bind>
</comp>

<comp id="54" class="1001" name="const_54">
<pin_list>
<pin id="55" dir="1" index="0" bw="1" slack="0"/>
</pin_list>
<bind>
<StgValue><ssdm name="_ssdm_op_BitConcatenate.i15.i10.i5"/></StgValue>
</bind>
</comp>

<comp id="56" class="1001" name="const_56">
<pin_list>
<pin id="57" dir="1" index="0" bw="1" slack="0"/>
</pin_list>
<bind>
<StgValue><ssdm name=""/></StgValue>
</bind>
</comp>

<comp id="58" class="1001" name="const_58">
<pin_list>
<pin id="59" dir="1" index="0" bw="1" slack="0"/>
</pin_list>
<bind>
<StgValue><ssdm name=""/></StgValue>
</bind>
</comp>

<comp id="60" class="1001" name="const_60">
<pin_list>
<pin id="61" dir="1" index="0" bw="1" slack="1"/>
</pin_list>
<bind>
<StgValue><ssdm name=""/></StgValue>
</bind>
</comp>

<comp id="62" class="1001" name="const_62">
<pin_list>
<pin id="63" dir="1" index="0" bw="1" slack="0"/>
</pin_list>
<bind>
<StgValue><ssdm name=""/></StgValue>
</bind>
</comp>

<comp id="64" class="1001" name="const_64">
<pin_list>
<pin id="65" dir="1" index="0" bw="1" slack="2147483647"/>
</pin_list>
<bind>
<StgValue><ssdm name=""/></StgValue>
</bind>
</comp>

<comp id="66" class="1001" name="const_66">
<pin_list>
<pin id="67" dir="1" index="0" bw="1" slack="0"/>
</pin_list>
<bind>
<StgValue><ssdm name=""/></StgValue>
</bind>
</comp>

<comp id="68" class="1001" name="const_68">
<pin_list>
<pin id="69" dir="1" index="0" bw="1" slack="0"/>
</pin_list>
<bind>
<StgValue><ssdm name="_ssdm_op_PartSelect.i5.i15.i32.i32"/></StgValue>
</bind>
</comp>

<comp id="70" class="1001" name="const_70">
<pin_list>
<pin id="71" dir="1" index="0" bw="1" slack="0"/>
</pin_list>
<bind>
<StgValue><ssdm name=""/></StgValue>
</bind>
</comp>

<comp id="72" class="1001" name="const_72">
<pin_list>
<pin id="73" dir="1" index="0" bw="1" slack="0"/>
</pin_list>
<bind>
<StgValue><ssdm name=""/></StgValue>
</bind>
</comp>

<comp id="74" class="1001" name="const_74">
<pin_list>
<pin id="75" dir="1" index="0" bw="1" slack="2147483647"/>
</pin_list>
<bind>
<StgValue><ssdm name=""/></StgValue>
</bind>
</comp>

<comp id="76" class="1001" name="const_76">
<pin_list>
<pin id="77" dir="1" index="0" bw="1" slack="2147483647"/>
</pin_list>
<bind>
<StgValue><ssdm name=""/></StgValue>
</bind>
</comp>

<comp id="78" class="1001" name="const_78">
<pin_list>
<pin id="79" dir="1" index="0" bw="1" slack="2147483647"/>
</pin_list>
<bind>
<StgValue><ssdm name=""/></StgValue>
</bind>
</comp>

<comp id="80" class="1001" name="const_80">
<pin_list>
<pin id="81" dir="1" index="0" bw="1" slack="2147483647"/>
</pin_list>
<bind>
<StgValue><ssdm name=""/></StgValue>
</bind>
</comp>

<comp id="82" class="1001" name="const_82">
<pin_list>
<pin id="83" dir="1" index="0" bw="1" slack="2147483647"/>
</pin_list>
<bind>
<StgValue><ssdm name=""/></StgValue>
</bind>
</comp>

<comp id="84" class="1001" name="const_84">
<pin_list>
<pin id="85" dir="1" index="0" bw="1" slack="2147483647"/>
</pin_list>
<bind>
<StgValue><ssdm name=""/></StgValue>
</bind>
</comp>

<comp id="86" class="1001" name="const_86">
<pin_list>
<pin id="87" dir="1" index="0" bw="1" slack="2147483647"/>
</pin_list>
<bind>
<StgValue><ssdm name=""/></StgValue>
</bind>
</comp>

<comp id="88" class="1001" name="const_88">
<pin_list>
<pin id="89" dir="1" index="0" bw="1" slack="2147483647"/>
</pin_list>
<bind>
<StgValue><ssdm name=""/></StgValue>
</bind>
</comp>

<comp id="90" class="1001" name="const_90">
<pin_list>
<pin id="91" dir="1" index="0" bw="1" slack="2147483647"/>
</pin_list>
<bind>
<StgValue><ssdm name=""/></StgValue>
</bind>
</comp>

<comp id="92" class="1001" name="const_92">
<pin_list>
<pin id="93" dir="1" index="0" bw="1" slack="2147483647"/>
</pin_list>
<bind>
<StgValue><ssdm name=""/></StgValue>
</bind>
</comp>

<comp id="94" class="1001" name="const_94">
<pin_list>
<pin id="95" dir="1" index="0" bw="1" slack="2147483647"/>
</pin_list>
<bind>
<StgValue><ssdm name=""/></StgValue>
</bind>
</comp>

<comp id="96" class="1001" name="const_96">
<pin_list>
<pin id="97" dir="1" index="0" bw="1" slack="2147483647"/>
</pin_list>
<bind>
<StgValue><ssdm name=""/></StgValue>
</bind>
</comp>

<comp id="98" class="1001" name="const_98">
<pin_list>
<pin id="99" dir="1" index="0" bw="1" slack="2147483647"/>
</pin_list>
<bind>
<StgValue><ssdm name=""/></StgValue>
</bind>
</comp>

<comp id="100" class="1001" name="const_100">
<pin_list>
<pin id="101" dir="1" index="0" bw="1" slack="2147483647"/>
</pin_list>
<bind>
<StgValue><ssdm name=""/></StgValue>
</bind>
</comp>

<comp id="102" class="1001" name="const_102">
<pin_list>
<pin id="103" dir="1" index="0" bw="1" slack="2147483647"/>
</pin_list>
<bind>
<StgValue><ssdm name=""/></StgValue>
</bind>
</comp>

<comp id="104" class="1001" name="const_104">
<pin_list>
<pin id="105" dir="1" index="0" bw="1" slack="2147483647"/>
</pin_list>
<bind>
<StgValue><ssdm name=""/></StgValue>
</bind>
</comp>

<comp id="106" class="1001" name="const_106">
<pin_list>
<pin id="107" dir="1" index="0" bw="1" slack="2147483647"/>
</pin_list>
<bind>
<StgValue><ssdm name=""/></StgValue>
</bind>
</comp>

<comp id="108" class="1004" name="tokens4_addr_gep_fu_108">
<pin_list>
<pin id="109" dir="0" index="0" bw="10" slack="0"/>
<pin id="110" dir="0" index="1" bw="1" slack="0"/>
<pin id="111" dir="0" index="2" bw="10" slack="0"/>
<pin id="112" dir="1" index="3" bw="10" slack="0"/>
</pin_list>
<bind>
<opcode="getelementptr(29) " fcode="getelementptr"/>
<opset="tokens4_addr/2 "/>
</bind>
</comp>

<comp id="115" class="1004" name="grp_access_fu_115">
<pin_list>
<pin id="116" dir="0" index="0" bw="10" slack="0"/>
<pin id="117" dir="0" index="1" bw="10" slack="2147483647"/>
<pin id="118" dir="0" index="2" bw="0" slack="2147483647"/>
<pin id="119" dir="1" index="3" bw="10" slack="0"/>
</pin_list>
<bind>
<opcode="load(27) " fcode="load"/>
<opset="tokens4_load/2 "/>
</bind>
</comp>

<comp id="121" class="1004" name="Emb4_0_addr_gep_fu_121">
<pin_list>
<pin id="122" dir="0" index="0" bw="16" slack="0"/>
<pin id="123" dir="0" index="1" bw="1" slack="0"/>
<pin id="124" dir="0" index="2" bw="10" slack="0"/>
<pin id="125" dir="1" index="3" bw="10" slack="0"/>
</pin_list>
<bind>
<opcode="getelementptr(29) " fcode="getelementptr"/>
<opset="Emb4_0_addr/4 "/>
</bind>
</comp>

<comp id="128" class="1004" name="Emb4_1_addr_gep_fu_128">
<pin_list>
<pin id="129" dir="0" index="0" bw="16" slack="0"/>
<pin id="130" dir="0" index="1" bw="1" slack="0"/>
<pin id="131" dir="0" index="2" bw="10" slack="0"/>
<pin id="132" dir="1" index="3" bw="10" slack="0"/>
</pin_list>
<bind>
<opcode="getelementptr(29) " fcode="getelementptr"/>
<opset="Emb4_1_addr/4 "/>
</bind>
</comp>

<comp id="135" class="1004" name="Emb4_2_addr_gep_fu_135">
<pin_list>
<pin id="136" dir="0" index="0" bw="16" slack="0"/>
<pin id="137" dir="0" index="1" bw="1" slack="0"/>
<pin id="138" dir="0" index="2" bw="10" slack="0"/>
<pin id="139" dir="1" index="3" bw="10" slack="0"/>
</pin_list>
<bind>
<opcode="getelementptr(29) " fcode="getelementptr"/>
<opset="Emb4_2_addr/4 "/>
</bind>
</comp>

<comp id="142" class="1004" name="Emb4_3_addr_gep_fu_142">
<pin_list>
<pin id="143" dir="0" index="0" bw="16" slack="0"/>
<pin id="144" dir="0" index="1" bw="1" slack="0"/>
<pin id="145" dir="0" index="2" bw="10" slack="0"/>
<pin id="146" dir="1" index="3" bw="10" slack="0"/>
</pin_list>
<bind>
<opcode="getelementptr(29) " fcode="getelementptr"/>
<opset="Emb4_3_addr/4 "/>
</bind>
</comp>

<comp id="149" class="1004" name="Emb4_4_addr_gep_fu_149">
<pin_list>
<pin id="150" dir="0" index="0" bw="16" slack="0"/>
<pin id="151" dir="0" index="1" bw="1" slack="0"/>
<pin id="152" dir="0" index="2" bw="10" slack="0"/>
<pin id="153" dir="1" index="3" bw="10" slack="0"/>
</pin_list>
<bind>
<opcode="getelementptr(29) " fcode="getelementptr"/>
<opset="Emb4_4_addr/4 "/>
</bind>
</comp>

<comp id="156" class="1004" name="Emb4_5_addr_gep_fu_156">
<pin_list>
<pin id="157" dir="0" index="0" bw="16" slack="0"/>
<pin id="158" dir="0" index="1" bw="1" slack="0"/>
<pin id="159" dir="0" index="2" bw="10" slack="0"/>
<pin id="160" dir="1" index="3" bw="10" slack="0"/>
</pin_list>
<bind>
<opcode="getelementptr(29) " fcode="getelementptr"/>
<opset="Emb4_5_addr/4 "/>
</bind>
</comp>

<comp id="163" class="1004" name="Emb4_6_addr_gep_fu_163">
<pin_list>
<pin id="164" dir="0" index="0" bw="16" slack="0"/>
<pin id="165" dir="0" index="1" bw="1" slack="0"/>
<pin id="166" dir="0" index="2" bw="10" slack="0"/>
<pin id="167" dir="1" index="3" bw="10" slack="0"/>
</pin_list>
<bind>
<opcode="getelementptr(29) " fcode="getelementptr"/>
<opset="Emb4_6_addr/4 "/>
</bind>
</comp>

<comp id="170" class="1004" name="Emb4_7_addr_gep_fu_170">
<pin_list>
<pin id="171" dir="0" index="0" bw="16" slack="0"/>
<pin id="172" dir="0" index="1" bw="1" slack="0"/>
<pin id="173" dir="0" index="2" bw="10" slack="0"/>
<pin id="174" dir="1" index="3" bw="10" slack="0"/>
</pin_list>
<bind>
<opcode="getelementptr(29) " fcode="getelementptr"/>
<opset="Emb4_7_addr/4 "/>
</bind>
</comp>

<comp id="177" class="1004" name="Emb4_8_addr_gep_fu_177">
<pin_list>
<pin id="178" dir="0" index="0" bw="16" slack="0"/>
<pin id="179" dir="0" index="1" bw="1" slack="0"/>
<pin id="180" dir="0" index="2" bw="10" slack="0"/>
<pin id="181" dir="1" index="3" bw="10" slack="0"/>
</pin_list>
<bind>
<opcode="getelementptr(29) " fcode="getelementptr"/>
<opset="Emb4_8_addr/4 "/>
</bind>
</comp>

<comp id="184" class="1004" name="Emb4_9_addr_gep_fu_184">
<pin_list>
<pin id="185" dir="0" index="0" bw="16" slack="0"/>
<pin id="186" dir="0" index="1" bw="1" slack="0"/>
<pin id="187" dir="0" index="2" bw="10" slack="0"/>
<pin id="188" dir="1" index="3" bw="10" slack="0"/>
</pin_list>
<bind>
<opcode="getelementptr(29) " fcode="getelementptr"/>
<opset="Emb4_9_addr/4 "/>
</bind>
</comp>

<comp id="191" class="1004" name="Emb4_10_addr_gep_fu_191">
<pin_list>
<pin id="192" dir="0" index="0" bw="16" slack="0"/>
<pin id="193" dir="0" index="1" bw="1" slack="0"/>
<pin id="194" dir="0" index="2" bw="10" slack="0"/>
<pin id="195" dir="1" index="3" bw="10" slack="0"/>
</pin_list>
<bind>
<opcode="getelementptr(29) " fcode="getelementptr"/>
<opset="Emb4_10_addr/4 "/>
</bind>
</comp>

<comp id="198" class="1004" name="Emb4_11_addr_gep_fu_198">
<pin_list>
<pin id="199" dir="0" index="0" bw="16" slack="0"/>
<pin id="200" dir="0" index="1" bw="1" slack="0"/>
<pin id="201" dir="0" index="2" bw="10" slack="0"/>
<pin id="202" dir="1" index="3" bw="10" slack="0"/>
</pin_list>
<bind>
<opcode="getelementptr(29) " fcode="getelementptr"/>
<opset="Emb4_11_addr/4 "/>
</bind>
</comp>

<comp id="205" class="1004" name="Emb4_12_addr_gep_fu_205">
<pin_list>
<pin id="206" dir="0" index="0" bw="16" slack="0"/>
<pin id="207" dir="0" index="1" bw="1" slack="0"/>
<pin id="208" dir="0" index="2" bw="10" slack="0"/>
<pin id="209" dir="1" index="3" bw="10" slack="0"/>
</pin_list>
<bind>
<opcode="getelementptr(29) " fcode="getelementptr"/>
<opset="Emb4_12_addr/4 "/>
</bind>
</comp>

<comp id="212" class="1004" name="Emb4_13_addr_gep_fu_212">
<pin_list>
<pin id="213" dir="0" index="0" bw="16" slack="0"/>
<pin id="214" dir="0" index="1" bw="1" slack="0"/>
<pin id="215" dir="0" index="2" bw="10" slack="0"/>
<pin id="216" dir="1" index="3" bw="10" slack="0"/>
</pin_list>
<bind>
<opcode="getelementptr(29) " fcode="getelementptr"/>
<opset="Emb4_13_addr/4 "/>
</bind>
</comp>

<comp id="219" class="1004" name="Emb4_14_addr_gep_fu_219">
<pin_list>
<pin id="220" dir="0" index="0" bw="16" slack="0"/>
<pin id="221" dir="0" index="1" bw="1" slack="0"/>
<pin id="222" dir="0" index="2" bw="10" slack="0"/>
<pin id="223" dir="1" index="3" bw="10" slack="0"/>
</pin_list>
<bind>
<opcode="getelementptr(29) " fcode="getelementptr"/>
<opset="Emb4_14_addr/4 "/>
</bind>
</comp>

<comp id="226" class="1004" name="Emb4_15_addr_gep_fu_226">
<pin_list>
<pin id="227" dir="0" index="0" bw="16" slack="0"/>
<pin id="228" dir="0" index="1" bw="1" slack="0"/>
<pin id="229" dir="0" index="2" bw="10" slack="0"/>
<pin id="230" dir="1" index="3" bw="10" slack="0"/>
</pin_list>
<bind>
<opcode="getelementptr(29) " fcode="getelementptr"/>
<opset="Emb4_15_addr/4 "/>
</bind>
</comp>

<comp id="233" class="1004" name="Emb4_16_addr_gep_fu_233">
<pin_list>
<pin id="234" dir="0" index="0" bw="16" slack="0"/>
<pin id="235" dir="0" index="1" bw="1" slack="0"/>
<pin id="236" dir="0" index="2" bw="10" slack="0"/>
<pin id="237" dir="1" index="3" bw="10" slack="0"/>
</pin_list>
<bind>
<opcode="getelementptr(29) " fcode="getelementptr"/>
<opset="Emb4_16_addr/4 "/>
</bind>
</comp>

<comp id="240" class="1004" name="Emb4_17_addr_gep_fu_240">
<pin_list>
<pin id="241" dir="0" index="0" bw="16" slack="0"/>
<pin id="242" dir="0" index="1" bw="1" slack="0"/>
<pin id="243" dir="0" index="2" bw="10" slack="0"/>
<pin id="244" dir="1" index="3" bw="10" slack="0"/>
</pin_list>
<bind>
<opcode="getelementptr(29) " fcode="getelementptr"/>
<opset="Emb4_17_addr/4 "/>
</bind>
</comp>

<comp id="247" class="1004" name="Emb4_18_addr_gep_fu_247">
<pin_list>
<pin id="248" dir="0" index="0" bw="16" slack="0"/>
<pin id="249" dir="0" index="1" bw="1" slack="0"/>
<pin id="250" dir="0" index="2" bw="10" slack="0"/>
<pin id="251" dir="1" index="3" bw="10" slack="0"/>
</pin_list>
<bind>
<opcode="getelementptr(29) " fcode="getelementptr"/>
<opset="Emb4_18_addr/4 "/>
</bind>
</comp>

<comp id="254" class="1004" name="grp_access_fu_254">
<pin_list>
<pin id="255" dir="0" index="0" bw="10" slack="0"/>
<pin id="256" dir="0" index="1" bw="16" slack="2147483647"/>
<pin id="257" dir="0" index="2" bw="0" slack="2147483647"/>
<pin id="258" dir="1" index="3" bw="16" slack="1"/>
</pin_list>
<bind>
<opcode="load(27) " fcode="load"/>
<opset="Emb4_17_load/4 "/>
</bind>
</comp>

<comp id="260" class="1004" name="grp_access_fu_260">
<pin_list>
<pin id="261" dir="0" index="0" bw="10" slack="0"/>
<pin id="262" dir="0" index="1" bw="16" slack="2147483647"/>
<pin id="263" dir="0" index="2" bw="0" slack="2147483647"/>
<pin id="264" dir="1" index="3" bw="16" slack="1"/>
</pin_list>
<bind>
<opcode="load(27) " fcode="load"/>
<opset="Emb4_16_load/4 "/>
</bind>
</comp>

<comp id="266" class="1004" name="grp_access_fu_266">
<pin_list>
<pin id="267" dir="0" index="0" bw="10" slack="0"/>
<pin id="268" dir="0" index="1" bw="16" slack="2147483647"/>
<pin id="269" dir="0" index="2" bw="0" slack="2147483647"/>
<pin id="270" dir="1" index="3" bw="16" slack="1"/>
</pin_list>
<bind>
<opcode="load(27) " fcode="load"/>
<opset="Emb4_15_load/4 "/>
</bind>
</comp>

<comp id="272" class="1004" name="grp_access_fu_272">
<pin_list>
<pin id="273" dir="0" index="0" bw="10" slack="0"/>
<pin id="274" dir="0" index="1" bw="16" slack="2147483647"/>
<pin id="275" dir="0" index="2" bw="0" slack="2147483647"/>
<pin id="276" dir="1" index="3" bw="16" slack="1"/>
</pin_list>
<bind>
<opcode="load(27) " fcode="load"/>
<opset="Emb4_14_load/4 "/>
</bind>
</comp>

<comp id="278" class="1004" name="grp_access_fu_278">
<pin_list>
<pin id="279" dir="0" index="0" bw="10" slack="0"/>
<pin id="280" dir="0" index="1" bw="16" slack="2147483647"/>
<pin id="281" dir="0" index="2" bw="0" slack="2147483647"/>
<pin id="282" dir="1" index="3" bw="16" slack="1"/>
</pin_list>
<bind>
<opcode="load(27) " fcode="load"/>
<opset="Emb4_13_load/4 "/>
</bind>
</comp>

<comp id="284" class="1004" name="grp_access_fu_284">
<pin_list>
<pin id="285" dir="0" index="0" bw="10" slack="0"/>
<pin id="286" dir="0" index="1" bw="16" slack="2147483647"/>
<pin id="287" dir="0" index="2" bw="0" slack="2147483647"/>
<pin id="288" dir="1" index="3" bw="16" slack="1"/>
</pin_list>
<bind>
<opcode="load(27) " fcode="load"/>
<opset="Emb4_12_load/4 "/>
</bind>
</comp>

<comp id="290" class="1004" name="grp_access_fu_290">
<pin_list>
<pin id="291" dir="0" index="0" bw="10" slack="0"/>
<pin id="292" dir="0" index="1" bw="16" slack="2147483647"/>
<pin id="293" dir="0" index="2" bw="0" slack="2147483647"/>
<pin id="294" dir="1" index="3" bw="16" slack="1"/>
</pin_list>
<bind>
<opcode="load(27) " fcode="load"/>
<opset="Emb4_11_load/4 "/>
</bind>
</comp>

<comp id="296" class="1004" name="grp_access_fu_296">
<pin_list>
<pin id="297" dir="0" index="0" bw="10" slack="0"/>
<pin id="298" dir="0" index="1" bw="16" slack="2147483647"/>
<pin id="299" dir="0" index="2" bw="0" slack="2147483647"/>
<pin id="300" dir="1" index="3" bw="16" slack="1"/>
</pin_list>
<bind>
<opcode="load(27) " fcode="load"/>
<opset="Emb4_10_load/4 "/>
</bind>
</comp>

<comp id="302" class="1004" name="grp_access_fu_302">
<pin_list>
<pin id="303" dir="0" index="0" bw="10" slack="0"/>
<pin id="304" dir="0" index="1" bw="16" slack="2147483647"/>
<pin id="305" dir="0" index="2" bw="0" slack="2147483647"/>
<pin id="306" dir="1" index="3" bw="16" slack="1"/>
</pin_list>
<bind>
<opcode="load(27) " fcode="load"/>
<opset="Emb4_9_load/4 "/>
</bind>
</comp>

<comp id="308" class="1004" name="grp_access_fu_308">
<pin_list>
<pin id="309" dir="0" index="0" bw="10" slack="0"/>
<pin id="310" dir="0" index="1" bw="16" slack="2147483647"/>
<pin id="311" dir="0" index="2" bw="0" slack="2147483647"/>
<pin id="312" dir="1" index="3" bw="16" slack="1"/>
</pin_list>
<bind>
<opcode="load(27) " fcode="load"/>
<opset="Emb4_8_load/4 "/>
</bind>
</comp>

<comp id="314" class="1004" name="grp_access_fu_314">
<pin_list>
<pin id="315" dir="0" index="0" bw="10" slack="0"/>
<pin id="316" dir="0" index="1" bw="16" slack="2147483647"/>
<pin id="317" dir="0" index="2" bw="0" slack="2147483647"/>
<pin id="318" dir="1" index="3" bw="16" slack="1"/>
</pin_list>
<bind>
<opcode="load(27) " fcode="load"/>
<opset="Emb4_7_load/4 "/>
</bind>
</comp>

<comp id="320" class="1004" name="grp_access_fu_320">
<pin_list>
<pin id="321" dir="0" index="0" bw="10" slack="0"/>
<pin id="322" dir="0" index="1" bw="16" slack="2147483647"/>
<pin id="323" dir="0" index="2" bw="0" slack="2147483647"/>
<pin id="324" dir="1" index="3" bw="16" slack="1"/>
</pin_list>
<bind>
<opcode="load(27) " fcode="load"/>
<opset="Emb4_6_load/4 "/>
</bind>
</comp>

<comp id="326" class="1004" name="grp_access_fu_326">
<pin_list>
<pin id="327" dir="0" index="0" bw="10" slack="0"/>
<pin id="328" dir="0" index="1" bw="16" slack="2147483647"/>
<pin id="329" dir="0" index="2" bw="0" slack="2147483647"/>
<pin id="330" dir="1" index="3" bw="16" slack="1"/>
</pin_list>
<bind>
<opcode="load(27) " fcode="load"/>
<opset="Emb4_5_load/4 "/>
</bind>
</comp>

<comp id="332" class="1004" name="grp_access_fu_332">
<pin_list>
<pin id="333" dir="0" index="0" bw="10" slack="0"/>
<pin id="334" dir="0" index="1" bw="16" slack="2147483647"/>
<pin id="335" dir="0" index="2" bw="0" slack="2147483647"/>
<pin id="336" dir="1" index="3" bw="16" slack="1"/>
</pin_list>
<bind>
<opcode="load(27) " fcode="load"/>
<opset="Emb4_4_load/4 "/>
</bind>
</comp>

<comp id="338" class="1004" name="grp_access_fu_338">
<pin_list>
<pin id="339" dir="0" index="0" bw="10" slack="0"/>
<pin id="340" dir="0" index="1" bw="16" slack="2147483647"/>
<pin id="341" dir="0" index="2" bw="0" slack="2147483647"/>
<pin id="342" dir="1" index="3" bw="16" slack="1"/>
</pin_list>
<bind>
<opcode="load(27) " fcode="load"/>
<opset="Emb4_3_load/4 "/>
</bind>
</comp>

<comp id="344" class="1004" name="grp_access_fu_344">
<pin_list>
<pin id="345" dir="0" index="0" bw="10" slack="0"/>
<pin id="346" dir="0" index="1" bw="16" slack="2147483647"/>
<pin id="347" dir="0" index="2" bw="0" slack="2147483647"/>
<pin id="348" dir="1" index="3" bw="16" slack="1"/>
</pin_list>
<bind>
<opcode="load(27) " fcode="load"/>
<opset="Emb4_2_load/4 "/>
</bind>
</comp>

<comp id="350" class="1004" name="grp_access_fu_350">
<pin_list>
<pin id="351" dir="0" index="0" bw="10" slack="0"/>
<pin id="352" dir="0" index="1" bw="16" slack="2147483647"/>
<pin id="353" dir="0" index="2" bw="0" slack="2147483647"/>
<pin id="354" dir="1" index="3" bw="16" slack="1"/>
</pin_list>
<bind>
<opcode="load(27) " fcode="load"/>
<opset="Emb4_1_load/4 "/>
</bind>
</comp>

<comp id="356" class="1004" name="grp_access_fu_356">
<pin_list>
<pin id="357" dir="0" index="0" bw="10" slack="0"/>
<pin id="358" dir="0" index="1" bw="16" slack="2147483647"/>
<pin id="359" dir="0" index="2" bw="0" slack="2147483647"/>
<pin id="360" dir="1" index="3" bw="16" slack="1"/>
</pin_list>
<bind>
<opcode="load(27) " fcode="load"/>
<opset="Emb4_0_load/4 "/>
</bind>
</comp>

<comp id="362" class="1004" name="grp_access_fu_362">
<pin_list>
<pin id="363" dir="0" index="0" bw="10" slack="0"/>
<pin id="364" dir="0" index="1" bw="16" slack="2147483647"/>
<pin id="365" dir="0" index="2" bw="0" slack="2147483647"/>
<pin id="366" dir="1" index="3" bw="16" slack="1"/>
</pin_list>
<bind>
<opcode="load(27) " fcode="load"/>
<opset="Emb4_18_load/4 "/>
</bind>
</comp>

<comp id="368" class="1004" name="X_addr_gep_fu_368">
<pin_list>
<pin id="369" dir="0" index="0" bw="16" slack="0"/>
<pin id="370" dir="0" index="1" bw="1" slack="0"/>
<pin id="371" dir="0" index="2" bw="15" slack="0"/>
<pin id="372" dir="1" index="3" bw="15" slack="0"/>
</pin_list>
<bind>
<opcode="getelementptr(29) " fcode="getelementptr"/>
<opset="X_addr/6 "/>
</bind>
</comp>

<comp id="375" class="1004" name="store_ln68_access_fu_375">
<pin_list>
<pin id="376" dir="0" index="0" bw="15" slack="0"/>
<pin id="377" dir="0" index="1" bw="16" slack="0"/>
<pin id="378" dir="0" index="2" bw="0" slack="2147483647"/>
<pin id="379" dir="1" index="3" bw="16" slack="2147483647"/>
</pin_list>
<bind>
<opcode="store(28) " fcode="store"/>
<opset="store_ln68/6 "/>
</bind>
</comp>

<comp id="381" class="1005" name="t_0_reg_381">
<pin_list>
<pin id="382" dir="0" index="0" bw="10" slack="1"/>
<pin id="383" dir="1" index="1" bw="10" slack="1"/>
</pin_list>
<bind>
<opset="t_0 (phireg) "/>
</bind>
</comp>

<comp id="385" class="1004" name="t_0_phi_fu_385">
<pin_list>
<pin id="386" dir="0" index="0" bw="1" slack="1"/>
<pin id="387" dir="0" index="1" bw="0" slack="2147483647"/>
<pin id="388" dir="0" index="2" bw="10" slack="0"/>
<pin id="389" dir="0" index="3" bw="0" slack="2147483647"/>
<pin id="390" dir="1" index="4" bw="10" slack="0"/>
</pin_list>
<bind>
<opcode="phi(47) " fcode="phi"/>
<opset="t_0/2 "/>
</bind>
</comp>

<comp id="393" class="1005" name="e_0_reg_393">
<pin_list>
<pin id="394" dir="0" index="0" bw="6" slack="1"/>
<pin id="395" dir="1" index="1" bw="6" slack="1"/>
</pin_list>
<bind>
<opset="e_0 (phireg) "/>
</bind>
</comp>

<comp id="397" class="1004" name="e_0_phi_fu_397">
<pin_list>
<pin id="398" dir="0" index="0" bw="1" slack="1"/>
<pin id="399" dir="0" index="1" bw="0" slack="2147483647"/>
<pin id="400" dir="0" index="2" bw="6" slack="0"/>
<pin id="401" dir="0" index="3" bw="0" slack="2147483647"/>
<pin id="402" dir="1" index="4" bw="6" slack="0"/>
</pin_list>
<bind>
<opcode="phi(47) " fcode="phi"/>
<opset="e_0/4 "/>
</bind>
</comp>

<comp id="404" class="1005" name="phi_ln68_reg_404">
<pin_list>
<pin id="405" dir="0" index="0" bw="16" slack="2147483647"/>
<pin id="406" dir="1" index="1" bw="16" slack="2147483647"/>
</pin_list>
<bind>
<opset="phi_ln68 (phireg) "/>
</bind>
</comp>

<comp id="407" class="1004" name="phi_ln68_phi_fu_407">
<pin_list>
<pin id="408" dir="0" index="0" bw="16" slack="1"/>
<pin id="409" dir="0" index="1" bw="0" slack="2147483647"/>
<pin id="410" dir="0" index="2" bw="16" slack="1"/>
<pin id="411" dir="0" index="3" bw="0" slack="2147483647"/>
<pin id="412" dir="0" index="4" bw="16" slack="1"/>
<pin id="413" dir="0" index="5" bw="0" slack="2147483647"/>
<pin id="414" dir="0" index="6" bw="16" slack="1"/>
<pin id="415" dir="0" index="7" bw="0" slack="2147483647"/>
<pin id="416" dir="0" index="8" bw="16" slack="1"/>
<pin id="417" dir="0" index="9" bw="0" slack="2147483647"/>
<pin id="418" dir="0" index="10" bw="16" slack="1"/>
<pin id="419" dir="0" index="11" bw="0" slack="2147483647"/>
<pin id="420" dir="0" index="12" bw="16" slack="1"/>
<pin id="421" dir="0" index="13" bw="0" slack="2147483647"/>
<pin id="422" dir="0" index="14" bw="16" slack="1"/>
<pin id="423" dir="0" index="15" bw="0" slack="2147483647"/>
<pin id="424" dir="0" index="16" bw="16" slack="1"/>
<pin id="425" dir="0" index="17" bw="0" slack="2147483647"/>
<pin id="426" dir="0" index="18" bw="16" slack="1"/>
<pin id="427" dir="0" index="19" bw="0" slack="2147483647"/>
<pin id="428" dir="0" index="20" bw="16" slack="1"/>
<pin id="429" dir="0" index="21" bw="0" slack="2147483647"/>
<pin id="430" dir="0" index="22" bw="16" slack="1"/>
<pin id="431" dir="0" index="23" bw="0" slack="2147483647"/>
<pin id="432" dir="0" index="24" bw="16" slack="1"/>
<pin id="433" dir="0" index="25" bw="0" slack="2147483647"/>
<pin id="434" dir="0" index="26" bw="16" slack="1"/>
<pin id="435" dir="0" index="27" bw="0" slack="2147483647"/>
<pin id="436" dir="0" index="28" bw="16" slack="1"/>
<pin id="437" dir="0" index="29" bw="0" slack="2147483647"/>
<pin id="438" dir="0" index="30" bw="16" slack="1"/>
<pin id="439" dir="0" index="31" bw="0" slack="2147483647"/>
<pin id="440" dir="0" index="32" bw="16" slack="1"/>
<pin id="441" dir="0" index="33" bw="0" slack="2147483647"/>
<pin id="442" dir="0" index="34" bw="16" slack="1"/>
<pin id="443" dir="0" index="35" bw="0" slack="2147483647"/>
<pin id="444" dir="0" index="36" bw="16" slack="1"/>
<pin id="445" dir="0" index="37" bw="0" slack="2147483647"/>
<pin id="446" dir="1" index="38" bw="16" slack="0"/>
</pin_list>
<bind>
<opcode="phi(47) " fcode="phi"/>
<opset="phi_ln68/6 "/>
</bind>
</comp>

<comp id="448" class="1004" name="icmp_ln61_fu_448">
<pin_list>
<pin id="449" dir="0" index="0" bw="10" slack="0"/>
<pin id="450" dir="0" index="1" bw="10" slack="0"/>
<pin id="451" dir="1" index="2" bw="1" slack="2147483647"/>
</pin_list>
<bind>
<opcode="icmp(45) " fcode="icmp"/>
<opset="icmp_ln61/2 "/>
</bind>
</comp>

<comp id="454" class="1004" name="t_fu_454">
<pin_list>
<pin id="455" dir="0" index="0" bw="10" slack="0"/>
<pin id="456" dir="0" index="1" bw="1" slack="0"/>
<pin id="457" dir="1" index="2" bw="10" slack="0"/>
</pin_list>
<bind>
<opcode="add(8) " fcode="add"/>
<opset="t/2 "/>
</bind>
</comp>

<comp id="460" class="1004" name="zext_ln63_fu_460">
<pin_list>
<pin id="461" dir="0" index="0" bw="10" slack="0"/>
<pin id="462" dir="1" index="1" bw="64" slack="0"/>
</pin_list>
<bind>
<opcode="zext(34) " fcode="zext"/>
<opset="zext_ln63/2 "/>
</bind>
</comp>

<comp id="465" class="1004" name="shl_ln_fu_465">
<pin_list>
<pin id="466" dir="0" index="0" bw="15" slack="0"/>
<pin id="467" dir="0" index="1" bw="10" slack="0"/>
<pin id="468" dir="0" index="2" bw="1" slack="0"/>
<pin id="469" dir="1" index="3" bw="15" slack="1"/>
</pin_list>
<bind>
<opcode="bitconcatenate(1004) " fcode="bitconcatenate"/>
<opset="shl_ln/3 "/>
</bind>
</comp>

<comp id="473" class="1004" name="shl_ln3_fu_473">
<pin_list>
<pin id="474" dir="0" index="0" bw="15" slack="0"/>
<pin id="475" dir="0" index="1" bw="10" slack="1"/>
<pin id="476" dir="0" index="2" bw="1" slack="0"/>
<pin id="477" dir="1" index="3" bw="15" slack="3"/>
</pin_list>
<bind>
<opcode="bitconcatenate(1004) " fcode="bitconcatenate"/>
<opset="shl_ln3/3 "/>
</bind>
</comp>

<comp id="481" class="1004" name="shl_ln68_fu_481">
<pin_list>
<pin id="482" dir="0" index="0" bw="10" slack="0"/>
<pin id="483" dir="0" index="1" bw="4" slack="0"/>
<pin id="484" dir="1" index="2" bw="10" slack="1"/>
</pin_list>
<bind>
<opcode="shl(20) " fcode="shl"/>
<opset="shl_ln68/3 "/>
</bind>
</comp>

<comp id="487" class="1004" name="icmp_ln67_fu_487">
<pin_list>
<pin id="488" dir="0" index="0" bw="6" slack="0"/>
<pin id="489" dir="0" index="1" bw="6" slack="0"/>
<pin id="490" dir="1" index="2" bw="1" slack="2147483647"/>
</pin_list>
<bind>
<opcode="icmp(45) " fcode="icmp"/>
<opset="icmp_ln67/4 "/>
</bind>
</comp>

<comp id="493" class="1004" name="e_fu_493">
<pin_list>
<pin id="494" dir="0" index="0" bw="6" slack="0"/>
<pin id="495" dir="0" index="1" bw="1" slack="0"/>
<pin id="496" dir="1" index="2" bw="6" slack="0"/>
</pin_list>
<bind>
<opcode="add(8) " fcode="add"/>
<opset="e/4 "/>
</bind>
</comp>

<comp id="499" class="1004" name="zext_ln68_fu_499">
<pin_list>
<pin id="500" dir="0" index="0" bw="6" slack="0"/>
<pin id="501" dir="1" index="1" bw="15" slack="0"/>
</pin_list>
<bind>
<opcode="zext(34) " fcode="zext"/>
<opset="zext_ln68/4 "/>
</bind>
</comp>

<comp id="503" class="1004" name="zext_ln68_2_fu_503">
<pin_list>
<pin id="504" dir="0" index="0" bw="6" slack="0"/>
<pin id="505" dir="1" index="1" bw="10" slack="0"/>
</pin_list>
<bind>
<opcode="zext(34) " fcode="zext"/>
<opset="zext_ln68_2/4 "/>
</bind>
</comp>

<comp id="507" class="1004" name="add_ln68_fu_507">
<pin_list>
<pin id="508" dir="0" index="0" bw="6" slack="0"/>
<pin id="509" dir="0" index="1" bw="15" slack="1"/>
<pin id="510" dir="1" index="2" bw="15" slack="0"/>
</pin_list>
<bind>
<opcode="add(8) " fcode="add"/>
<opset="add_ln68/4 "/>
</bind>
</comp>

<comp id="512" class="1004" name="tmp_5_fu_512">
<pin_list>
<pin id="513" dir="0" index="0" bw="5" slack="0"/>
<pin id="514" dir="0" index="1" bw="15" slack="0"/>
<pin id="515" dir="0" index="2" bw="5" slack="0"/>
<pin id="516" dir="0" index="3" bw="5" slack="0"/>
<pin id="517" dir="1" index="4" bw="5" slack="1"/>
</pin_list>
<bind>
<opcode="partselect(1002) " fcode="partselect"/>
<opset="tmp_5/4 "/>
</bind>
</comp>

<comp id="522" class="1004" name="add_ln68_2_fu_522">
<pin_list>
<pin id="523" dir="0" index="0" bw="10" slack="1"/>
<pin id="524" dir="0" index="1" bw="6" slack="0"/>
<pin id="525" dir="1" index="2" bw="10" slack="0"/>
</pin_list>
<bind>
<opcode="add(8) " fcode="add"/>
<opset="add_ln68_2/4 "/>
</bind>
</comp>

<comp id="527" class="1004" name="zext_ln68_1_fu_527">
<pin_list>
<pin id="528" dir="0" index="0" bw="10" slack="0"/>
<pin id="529" dir="1" index="1" bw="64" slack="0"/>
</pin_list>
<bind>
<opcode="zext(34) " fcode="zext"/>
<opset="zext_ln68_1/4 "/>
</bind>
</comp>

<comp id="550" class="1004" name="add_ln68_1_fu_550">
<pin_list>
<pin id="551" dir="0" index="0" bw="15" slack="3"/>
<pin id="552" dir="0" index="1" bw="6" slack="2"/>
<pin id="553" dir="1" index="2" bw="15" slack="0"/>
</pin_list>
<bind>
<opcode="add(8) " fcode="add"/>
<opset="add_ln68_1/6 "/>
</bind>
</comp>

<comp id="554" class="1004" name="zext_ln68_3_fu_554">
<pin_list>
<pin id="555" dir="0" index="0" bw="15" slack="0"/>
<pin id="556" dir="1" index="1" bw="64" slack="0"/>
</pin_list>
<bind>
<opcode="zext(34) " fcode="zext"/>
<opset="zext_ln68_3/6 "/>
</bind>
</comp>

<comp id="562" class="1005" name="t_reg_562">
<pin_list>
<pin id="563" dir="0" index="0" bw="10" slack="0"/>
<pin id="564" dir="1" index="1" bw="10" slack="0"/>
</pin_list>
<bind>
<opset="t "/>
</bind>
</comp>

<comp id="567" class="1005" name="tokens4_addr_reg_567">
<pin_list>
<pin id="568" dir="0" index="0" bw="10" slack="1"/>
<pin id="569" dir="1" index="1" bw="10" slack="1"/>
</pin_list>
<bind>
<opset="tokens4_addr "/>
</bind>
</comp>

<comp id="572" class="1005" name="shl_ln_reg_572">
<pin_list>
<pin id="573" dir="0" index="0" bw="15" slack="1"/>
<pin id="574" dir="1" index="1" bw="15" slack="1"/>
</pin_list>
<bind>
<opset="shl_ln "/>
</bind>
</comp>

<comp id="577" class="1005" name="shl_ln3_reg_577">
<pin_list>
<pin id="578" dir="0" index="0" bw="15" slack="3"/>
<pin id="579" dir="1" index="1" bw="15" slack="3"/>
</pin_list>
<bind>
<opset="shl_ln3 "/>
</bind>
</comp>

<comp id="582" class="1005" name="shl_ln68_reg_582">
<pin_list>
<pin id="583" dir="0" index="0" bw="10" slack="1"/>
<pin id="584" dir="1" index="1" bw="10" slack="1"/>
</pin_list>
<bind>
<opset="shl_ln68 "/>
</bind>
</comp>

<comp id="590" class="1005" name="e_reg_590">
<pin_list>
<pin id="591" dir="0" index="0" bw="6" slack="0"/>
<pin id="592" dir="1" index="1" bw="6" slack="0"/>
</pin_list>
<bind>
<opset="e "/>
</bind>
</comp>

<comp id="595" class="1005" name="zext_ln68_reg_595">
<pin_list>
<pin id="596" dir="0" index="0" bw="15" slack="2"/>
<pin id="597" dir="1" index="1" bw="15" slack="2"/>
</pin_list>
<bind>
<opset="zext_ln68 "/>
</bind>
</comp>

<comp id="600" class="1005" name="tmp_5_reg_600">
<pin_list>
<pin id="601" dir="0" index="0" bw="5" slack="1"/>
<pin id="602" dir="1" index="1" bw="5" slack="2147483647"/>
</pin_list>
<bind>
<opset="tmp_5 "/>
</bind>
</comp>

<comp id="604" class="1005" name="Emb4_0_addr_reg_604">
<pin_list>
<pin id="605" dir="0" index="0" bw="10" slack="1"/>
<pin id="606" dir="1" index="1" bw="10" slack="1"/>
</pin_list>
<bind>
<opset="Emb4_0_addr "/>
</bind>
</comp>

<comp id="609" class="1005" name="Emb4_1_addr_reg_609">
<pin_list>
<pin id="610" dir="0" index="0" bw="10" slack="1"/>
<pin id="611" dir="1" index="1" bw="10" slack="1"/>
</pin_list>
<bind>
<opset="Emb4_1_addr "/>
</bind>
</comp>

<comp id="614" class="1005" name="Emb4_2_addr_reg_614">
<pin_list>
<pin id="615" dir="0" index="0" bw="10" slack="1"/>
<pin id="616" dir="1" index="1" bw="10" slack="1"/>
</pin_list>
<bind>
<opset="Emb4_2_addr "/>
</bind>
</comp>

<comp id="619" class="1005" name="Emb4_3_addr_reg_619">
<pin_list>
<pin id="620" dir="0" index="0" bw="10" slack="1"/>
<pin id="621" dir="1" index="1" bw="10" slack="1"/>
</pin_list>
<bind>
<opset="Emb4_3_addr "/>
</bind>
</comp>

<comp id="624" class="1005" name="Emb4_4_addr_reg_624">
<pin_list>
<pin id="625" dir="0" index="0" bw="10" slack="1"/>
<pin id="626" dir="1" index="1" bw="10" slack="1"/>
</pin_list>
<bind>
<opset="Emb4_4_addr "/>
</bind>
</comp>

<comp id="629" class="1005" name="Emb4_5_addr_reg_629">
<pin_list>
<pin id="630" dir="0" index="0" bw="10" slack="1"/>
<pin id="631" dir="1" index="1" bw="10" slack="1"/>
</pin_list>
<bind>
<opset="Emb4_5_addr "/>
</bind>
</comp>

<comp id="634" class="1005" name="Emb4_6_addr_reg_634">
<pin_list>
<pin id="635" dir="0" index="0" bw="10" slack="1"/>
<pin id="636" dir="1" index="1" bw="10" slack="1"/>
</pin_list>
<bind>
<opset="Emb4_6_addr "/>
</bind>
</comp>

<comp id="639" class="1005" name="Emb4_7_addr_reg_639">
<pin_list>
<pin id="640" dir="0" index="0" bw="10" slack="1"/>
<pin id="641" dir="1" index="1" bw="10" slack="1"/>
</pin_list>
<bind>
<opset="Emb4_7_addr "/>
</bind>
</comp>

<comp id="644" class="1005" name="Emb4_8_addr_reg_644">
<pin_list>
<pin id="645" dir="0" index="0" bw="10" slack="1"/>
<pin id="646" dir="1" index="1" bw="10" slack="1"/>
</pin_list>
<bind>
<opset="Emb4_8_addr "/>
</bind>
</comp>

<comp id="649" class="1005" name="Emb4_9_addr_reg_649">
<pin_list>
<pin id="650" dir="0" index="0" bw="10" slack="1"/>
<pin id="651" dir="1" index="1" bw="10" slack="1"/>
</pin_list>
<bind>
<opset="Emb4_9_addr "/>
</bind>
</comp>

<comp id="654" class="1005" name="Emb4_10_addr_reg_654">
<pin_list>
<pin id="655" dir="0" index="0" bw="10" slack="1"/>
<pin id="656" dir="1" index="1" bw="10" slack="1"/>
</pin_list>
<bind>
<opset="Emb4_10_addr "/>
</bind>
</comp>

<comp id="659" class="1005" name="Emb4_11_addr_reg_659">
<pin_list>
<pin id="660" dir="0" index="0" bw="10" slack="1"/>
<pin id="661" dir="1" index="1" bw="10" slack="1"/>
</pin_list>
<bind>
<opset="Emb4_11_addr "/>
</bind>
</comp>

<comp id="664" class="1005" name="Emb4_12_addr_reg_664">
<pin_list>
<pin id="665" dir="0" index="0" bw="10" slack="1"/>
<pin id="666" dir="1" index="1" bw="10" slack="1"/>
</pin_list>
<bind>
<opset="Emb4_12_addr "/>
</bind>
</comp>

<comp id="669" class="1005" name="Emb4_13_addr_reg_669">
<pin_list>
<pin id="670" dir="0" index="0" bw="10" slack="1"/>
<pin id="671" dir="1" index="1" bw="10" slack="1"/>
</pin_list>
<bind>
<opset="Emb4_13_addr "/>
</bind>
</comp>

<comp id="674" class="1005" name="Emb4_14_addr_reg_674">
<pin_list>
<pin id="675" dir="0" index="0" bw="10" slack="1"/>
<pin id="676" dir="1" index="1" bw="10" slack="1"/>
</pin_list>
<bind>
<opset="Emb4_14_addr "/>
</bind>
</comp>

<comp id="679" class="1005" name="Emb4_15_addr_reg_679">
<pin_list>
<pin id="680" dir="0" index="0" bw="10" slack="1"/>
<pin id="681" dir="1" index="1" bw="10" slack="1"/>
</pin_list>
<bind>
<opset="Emb4_15_addr "/>
</bind>
</comp>

<comp id="684" class="1005" name="Emb4_16_addr_reg_684">
<pin_list>
<pin id="685" dir="0" index="0" bw="10" slack="1"/>
<pin id="686" dir="1" index="1" bw="10" slack="1"/>
</pin_list>
<bind>
<opset="Emb4_16_addr "/>
</bind>
</comp>

<comp id="689" class="1005" name="Emb4_17_addr_reg_689">
<pin_list>
<pin id="690" dir="0" index="0" bw="10" slack="1"/>
<pin id="691" dir="1" index="1" bw="10" slack="1"/>
</pin_list>
<bind>
<opset="Emb4_17_addr "/>
</bind>
</comp>

<comp id="694" class="1005" name="Emb4_18_addr_reg_694">
<pin_list>
<pin id="695" dir="0" index="0" bw="10" slack="1"/>
<pin id="696" dir="1" index="1" bw="10" slack="1"/>
</pin_list>
<bind>
<opset="Emb4_18_addr "/>
</bind>
</comp>

<comp id="699" class="1005" name="Emb4_17_load_reg_699">
<pin_list>
<pin id="700" dir="0" index="0" bw="16" slack="1"/>
<pin id="701" dir="1" index="1" bw="16" slack="1"/>
</pin_list>
<bind>
<opset="Emb4_17_load "/>
</bind>
</comp>

<comp id="704" class="1005" name="Emb4_16_load_reg_704">
<pin_list>
<pin id="705" dir="0" index="0" bw="16" slack="1"/>
<pin id="706" dir="1" index="1" bw="16" slack="1"/>
</pin_list>
<bind>
<opset="Emb4_16_load "/>
</bind>
</comp>

<comp id="709" class="1005" name="Emb4_15_load_reg_709">
<pin_list>
<pin id="710" dir="0" index="0" bw="16" slack="1"/>
<pin id="711" dir="1" index="1" bw="16" slack="1"/>
</pin_list>
<bind>
<opset="Emb4_15_load "/>
</bind>
</comp>

<comp id="714" class="1005" name="Emb4_14_load_reg_714">
<pin_list>
<pin id="715" dir="0" index="0" bw="16" slack="1"/>
<pin id="716" dir="1" index="1" bw="16" slack="1"/>
</pin_list>
<bind>
<opset="Emb4_14_load "/>
</bind>
</comp>

<comp id="719" class="1005" name="Emb4_13_load_reg_719">
<pin_list>
<pin id="720" dir="0" index="0" bw="16" slack="1"/>
<pin id="721" dir="1" index="1" bw="16" slack="1"/>
</pin_list>
<bind>
<opset="Emb4_13_load "/>
</bind>
</comp>

<comp id="724" class="1005" name="Emb4_12_load_reg_724">
<pin_list>
<pin id="725" dir="0" index="0" bw="16" slack="1"/>
<pin id="726" dir="1" index="1" bw="16" slack="1"/>
</pin_list>
<bind>
<opset="Emb4_12_load "/>
</bind>
</comp>

<comp id="729" class="1005" name="Emb4_11_load_reg_729">
<pin_list>
<pin id="730" dir="0" index="0" bw="16" slack="1"/>
<pin id="731" dir="1" index="1" bw="16" slack="1"/>
</pin_list>
<bind>
<opset="Emb4_11_load "/>
</bind>
</comp>

<comp id="734" class="1005" name="Emb4_10_load_reg_734">
<pin_list>
<pin id="735" dir="0" index="0" bw="16" slack="1"/>
<pin id="736" dir="1" index="1" bw="16" slack="1"/>
</pin_list>
<bind>
<opset="Emb4_10_load "/>
</bind>
</comp>

<comp id="739" class="1005" name="Emb4_9_load_reg_739">
<pin_list>
<pin id="740" dir="0" index="0" bw="16" slack="1"/>
<pin id="741" dir="1" index="1" bw="16" slack="1"/>
</pin_list>
<bind>
<opset="Emb4_9_load "/>
</bind>
</comp>

<comp id="744" class="1005" name="Emb4_8_load_reg_744">
<pin_list>
<pin id="745" dir="0" index="0" bw="16" slack="1"/>
<pin id="746" dir="1" index="1" bw="16" slack="1"/>
</pin_list>
<bind>
<opset="Emb4_8_load "/>
</bind>
</comp>

<comp id="749" class="1005" name="Emb4_7_load_reg_749">
<pin_list>
<pin id="750" dir="0" index="0" bw="16" slack="1"/>
<pin id="751" dir="1" index="1" bw="16" slack="1"/>
</pin_list>
<bind>
<opset="Emb4_7_load "/>
</bind>
</comp>

<comp id="754" class="1005" name="Emb4_6_load_reg_754">
<pin_list>
<pin id="755" dir="0" index="0" bw="16" slack="1"/>
<pin id="756" dir="1" index="1" bw="16" slack="1"/>
</pin_list>
<bind>
<opset="Emb4_6_load "/>
</bind>
</comp>

<comp id="759" class="1005" name="Emb4_5_load_reg_759">
<pin_list>
<pin id="760" dir="0" index="0" bw="16" slack="1"/>
<pin id="761" dir="1" index="1" bw="16" slack="1"/>
</pin_list>
<bind>
<opset="Emb4_5_load "/>
</bind>
</comp>

<comp id="764" class="1005" name="Emb4_4_load_reg_764">
<pin_list>
<pin id="765" dir="0" index="0" bw="16" slack="1"/>
<pin id="766" dir="1" index="1" bw="16" slack="1"/>
</pin_list>
<bind>
<opset="Emb4_4_load "/>
</bind>
</comp>

<comp id="769" class="1005" name="Emb4_3_load_reg_769">
<pin_list>
<pin id="770" dir="0" index="0" bw="16" slack="1"/>
<pin id="771" dir="1" index="1" bw="16" slack="1"/>
</pin_list>
<bind>
<opset="Emb4_3_load "/>
</bind>
</comp>

<comp id="774" class="1005" name="Emb4_2_load_reg_774">
<pin_list>
<pin id="775" dir="0" index="0" bw="16" slack="1"/>
<pin id="776" dir="1" index="1" bw="16" slack="1"/>
</pin_list>
<bind>
<opset="Emb4_2_load "/>
</bind>
</comp>

<comp id="779" class="1005" name="Emb4_1_load_reg_779">
<pin_list>
<pin id="780" dir="0" index="0" bw="16" slack="1"/>
<pin id="781" dir="1" index="1" bw="16" slack="1"/>
</pin_list>
<bind>
<opset="Emb4_1_load "/>
</bind>
</comp>

<comp id="784" class="1005" name="Emb4_0_load_reg_784">
<pin_list>
<pin id="785" dir="0" index="0" bw="16" slack="1"/>
<pin id="786" dir="1" index="1" bw="16" slack="1"/>
</pin_list>
<bind>
<opset="Emb4_0_load "/>
</bind>
</comp>

<comp id="789" class="1005" name="Emb4_18_load_reg_789">
<pin_list>
<pin id="790" dir="0" index="0" bw="16" slack="1"/>
<pin id="791" dir="1" index="1" bw="16" slack="1"/>
</pin_list>
<bind>
<opset="Emb4_18_load "/>
</bind>
</comp>

</comp_list>

<net_list>
<net id="113"><net_src comp="2" pin="0"/><net_sink comp="108" pin=0"/></net>

<net id="114"><net_src comp="52" pin="0"/><net_sink comp="108" pin=1"/></net>

<net id="120"><net_src comp="108" pin="3"/><net_sink comp="115" pin=0"/></net>

<net id="126"><net_src comp="4" pin="0"/><net_sink comp="121" pin=0"/></net>

<net id="127"><net_src comp="52" pin="0"/><net_sink comp="121" pin=1"/></net>

<net id="133"><net_src comp="6" pin="0"/><net_sink comp="128" pin=0"/></net>

<net id="134"><net_src comp="52" pin="0"/><net_sink comp="128" pin=1"/></net>

<net id="140"><net_src comp="8" pin="0"/><net_sink comp="135" pin=0"/></net>

<net id="141"><net_src comp="52" pin="0"/><net_sink comp="135" pin=1"/></net>

<net id="147"><net_src comp="10" pin="0"/><net_sink comp="142" pin=0"/></net>

<net id="148"><net_src comp="52" pin="0"/><net_sink comp="142" pin=1"/></net>

<net id="154"><net_src comp="12" pin="0"/><net_sink comp="149" pin=0"/></net>

<net id="155"><net_src comp="52" pin="0"/><net_sink comp="149" pin=1"/></net>

<net id="161"><net_src comp="14" pin="0"/><net_sink comp="156" pin=0"/></net>

<net id="162"><net_src comp="52" pin="0"/><net_sink comp="156" pin=1"/></net>

<net id="168"><net_src comp="16" pin="0"/><net_sink comp="163" pin=0"/></net>

<net id="169"><net_src comp="52" pin="0"/><net_sink comp="163" pin=1"/></net>

<net id="175"><net_src comp="18" pin="0"/><net_sink comp="170" pin=0"/></net>

<net id="176"><net_src comp="52" pin="0"/><net_sink comp="170" pin=1"/></net>

<net id="182"><net_src comp="20" pin="0"/><net_sink comp="177" pin=0"/></net>

<net id="183"><net_src comp="52" pin="0"/><net_sink comp="177" pin=1"/></net>

<net id="189"><net_src comp="22" pin="0"/><net_sink comp="184" pin=0"/></net>

<net id="190"><net_src comp="52" pin="0"/><net_sink comp="184" pin=1"/></net>

<net id="196"><net_src comp="24" pin="0"/><net_sink comp="191" pin=0"/></net>

<net id="197"><net_src comp="52" pin="0"/><net_sink comp="191" pin=1"/></net>

<net id="203"><net_src comp="26" pin="0"/><net_sink comp="198" pin=0"/></net>

<net id="204"><net_src comp="52" pin="0"/><net_sink comp="198" pin=1"/></net>

<net id="210"><net_src comp="28" pin="0"/><net_sink comp="205" pin=0"/></net>

<net id="211"><net_src comp="52" pin="0"/><net_sink comp="205" pin=1"/></net>

<net id="217"><net_src comp="30" pin="0"/><net_sink comp="212" pin=0"/></net>

<net id="218"><net_src comp="52" pin="0"/><net_sink comp="212" pin=1"/></net>

<net id="224"><net_src comp="32" pin="0"/><net_sink comp="219" pin=0"/></net>

<net id="225"><net_src comp="52" pin="0"/><net_sink comp="219" pin=1"/></net>

<net id="231"><net_src comp="34" pin="0"/><net_sink comp="226" pin=0"/></net>

<net id="232"><net_src comp="52" pin="0"/><net_sink comp="226" pin=1"/></net>

<net id="238"><net_src comp="36" pin="0"/><net_sink comp="233" pin=0"/></net>

<net id="239"><net_src comp="52" pin="0"/><net_sink comp="233" pin=1"/></net>

<net id="245"><net_src comp="38" pin="0"/><net_sink comp="240" pin=0"/></net>

<net id="246"><net_src comp="52" pin="0"/><net_sink comp="240" pin=1"/></net>

<net id="252"><net_src comp="40" pin="0"/><net_sink comp="247" pin=0"/></net>

<net id="253"><net_src comp="52" pin="0"/><net_sink comp="247" pin=1"/></net>

<net id="259"><net_src comp="240" pin="3"/><net_sink comp="254" pin=0"/></net>

<net id="265"><net_src comp="233" pin="3"/><net_sink comp="260" pin=0"/></net>

<net id="271"><net_src comp="226" pin="3"/><net_sink comp="266" pin=0"/></net>

<net id="277"><net_src comp="219" pin="3"/><net_sink comp="272" pin=0"/></net>

<net id="283"><net_src comp="212" pin="3"/><net_sink comp="278" pin=0"/></net>

<net id="289"><net_src comp="205" pin="3"/><net_sink comp="284" pin=0"/></net>

<net id="295"><net_src comp="198" pin="3"/><net_sink comp="290" pin=0"/></net>

<net id="301"><net_src comp="191" pin="3"/><net_sink comp="296" pin=0"/></net>

<net id="307"><net_src comp="184" pin="3"/><net_sink comp="302" pin=0"/></net>

<net id="313"><net_src comp="177" pin="3"/><net_sink comp="308" pin=0"/></net>

<net id="319"><net_src comp="170" pin="3"/><net_sink comp="314" pin=0"/></net>

<net id="325"><net_src comp="163" pin="3"/><net_sink comp="320" pin=0"/></net>

<net id="331"><net_src comp="156" pin="3"/><net_sink comp="326" pin=0"/></net>

<net id="337"><net_src comp="149" pin="3"/><net_sink comp="332" pin=0"/></net>

<net id="343"><net_src comp="142" pin="3"/><net_sink comp="338" pin=0"/></net>

<net id="349"><net_src comp="135" pin="3"/><net_sink comp="344" pin=0"/></net>

<net id="355"><net_src comp="128" pin="3"/><net_sink comp="350" pin=0"/></net>

<net id="361"><net_src comp="121" pin="3"/><net_sink comp="356" pin=0"/></net>

<net id="367"><net_src comp="247" pin="3"/><net_sink comp="362" pin=0"/></net>

<net id="373"><net_src comp="0" pin="0"/><net_sink comp="368" pin=0"/></net>

<net id="374"><net_src comp="52" pin="0"/><net_sink comp="368" pin=1"/></net>

<net id="380"><net_src comp="368" pin="3"/><net_sink comp="375" pin=0"/></net>

<net id="384"><net_src comp="42" pin="0"/><net_sink comp="381" pin=0"/></net>

<net id="391"><net_src comp="381" pin="1"/><net_sink comp="385" pin=0"/></net>

<net id="392"><net_src comp="385" pin="4"/><net_sink comp="381" pin=0"/></net>

<net id="396"><net_src comp="60" pin="0"/><net_sink comp="393" pin=0"/></net>

<net id="403"><net_src comp="393" pin="1"/><net_sink comp="397" pin=0"/></net>

<net id="447"><net_src comp="407" pin="38"/><net_sink comp="375" pin=1"/></net>

<net id="452"><net_src comp="385" pin="4"/><net_sink comp="448" pin=0"/></net>

<net id="453"><net_src comp="44" pin="0"/><net_sink comp="448" pin=1"/></net>

<net id="458"><net_src comp="385" pin="4"/><net_sink comp="454" pin=0"/></net>

<net id="459"><net_src comp="50" pin="0"/><net_sink comp="454" pin=1"/></net>

<net id="463"><net_src comp="385" pin="4"/><net_sink comp="460" pin=0"/></net>

<net id="464"><net_src comp="460" pin="1"/><net_sink comp="108" pin=2"/></net>

<net id="470"><net_src comp="54" pin="0"/><net_sink comp="465" pin=0"/></net>

<net id="471"><net_src comp="115" pin="3"/><net_sink comp="465" pin=1"/></net>

<net id="472"><net_src comp="56" pin="0"/><net_sink comp="465" pin=2"/></net>

<net id="478"><net_src comp="54" pin="0"/><net_sink comp="473" pin=0"/></net>

<net id="479"><net_src comp="381" pin="1"/><net_sink comp="473" pin=1"/></net>

<net id="480"><net_src comp="56" pin="0"/><net_sink comp="473" pin=2"/></net>

<net id="485"><net_src comp="115" pin="3"/><net_sink comp="481" pin=0"/></net>

<net id="486"><net_src comp="58" pin="0"/><net_sink comp="481" pin=1"/></net>

<net id="491"><net_src comp="397" pin="4"/><net_sink comp="487" pin=0"/></net>

<net id="492"><net_src comp="62" pin="0"/><net_sink comp="487" pin=1"/></net>

<net id="497"><net_src comp="397" pin="4"/><net_sink comp="493" pin=0"/></net>

<net id="498"><net_src comp="66" pin="0"/><net_sink comp="493" pin=1"/></net>

<net id="502"><net_src comp="397" pin="4"/><net_sink comp="499" pin=0"/></net>

<net id="506"><net_src comp="397" pin="4"/><net_sink comp="503" pin=0"/></net>

<net id="511"><net_src comp="499" pin="1"/><net_sink comp="507" pin=0"/></net>

<net id="518"><net_src comp="68" pin="0"/><net_sink comp="512" pin=0"/></net>

<net id="519"><net_src comp="507" pin="2"/><net_sink comp="512" pin=1"/></net>

<net id="520"><net_src comp="70" pin="0"/><net_sink comp="512" pin=2"/></net>

<net id="521"><net_src comp="72" pin="0"/><net_sink comp="512" pin=3"/></net>

<net id="526"><net_src comp="503" pin="1"/><net_sink comp="522" pin=1"/></net>

<net id="530"><net_src comp="522" pin="2"/><net_sink comp="527" pin=0"/></net>

<net id="531"><net_src comp="527" pin="1"/><net_sink comp="121" pin=2"/></net>

<net id="532"><net_src comp="527" pin="1"/><net_sink comp="128" pin=2"/></net>

<net id="533"><net_src comp="527" pin="1"/><net_sink comp="135" pin=2"/></net>

<net id="534"><net_src comp="527" pin="1"/><net_sink comp="142" pin=2"/></net>

<net id="535"><net_src comp="527" pin="1"/><net_sink comp="149" pin=2"/></net>

<net id="536"><net_src comp="527" pin="1"/><net_sink comp="156" pin=2"/></net>

<net id="537"><net_src comp="527" pin="1"/><net_sink comp="163" pin=2"/></net>

<net id="538"><net_src comp="527" pin="1"/><net_sink comp="170" pin=2"/></net>

<net id="539"><net_src comp="527" pin="1"/><net_sink comp="177" pin=2"/></net>

<net id="540"><net_src comp="527" pin="1"/><net_sink comp="184" pin=2"/></net>

<net id="541"><net_src comp="527" pin="1"/><net_sink comp="191" pin=2"/></net>

<net id="542"><net_src comp="527" pin="1"/><net_sink comp="198" pin=2"/></net>

<net id="543"><net_src comp="527" pin="1"/><net_sink comp="205" pin=2"/></net>

<net id="544"><net_src comp="527" pin="1"/><net_sink comp="212" pin=2"/></net>

<net id="545"><net_src comp="527" pin="1"/><net_sink comp="219" pin=2"/></net>

<net id="546"><net_src comp="527" pin="1"/><net_sink comp="226" pin=2"/></net>

<net id="547"><net_src comp="527" pin="1"/><net_sink comp="233" pin=2"/></net>

<net id="548"><net_src comp="527" pin="1"/><net_sink comp="240" pin=2"/></net>

<net id="549"><net_src comp="527" pin="1"/><net_sink comp="247" pin=2"/></net>

<net id="557"><net_src comp="550" pin="2"/><net_sink comp="554" pin=0"/></net>

<net id="558"><net_src comp="554" pin="1"/><net_sink comp="368" pin=2"/></net>

<net id="565"><net_src comp="454" pin="2"/><net_sink comp="562" pin=0"/></net>

<net id="566"><net_src comp="562" pin="1"/><net_sink comp="385" pin=2"/></net>

<net id="570"><net_src comp="108" pin="3"/><net_sink comp="567" pin=0"/></net>

<net id="571"><net_src comp="567" pin="1"/><net_sink comp="115" pin=0"/></net>

<net id="575"><net_src comp="465" pin="3"/><net_sink comp="572" pin=0"/></net>

<net id="576"><net_src comp="572" pin="1"/><net_sink comp="507" pin=1"/></net>

<net id="580"><net_src comp="473" pin="3"/><net_sink comp="577" pin=0"/></net>

<net id="581"><net_src comp="577" pin="1"/><net_sink comp="550" pin=0"/></net>

<net id="585"><net_src comp="481" pin="2"/><net_sink comp="582" pin=0"/></net>

<net id="586"><net_src comp="582" pin="1"/><net_sink comp="522" pin=0"/></net>

<net id="593"><net_src comp="493" pin="2"/><net_sink comp="590" pin=0"/></net>

<net id="594"><net_src comp="590" pin="1"/><net_sink comp="397" pin=2"/></net>

<net id="598"><net_src comp="499" pin="1"/><net_sink comp="595" pin=0"/></net>

<net id="599"><net_src comp="595" pin="1"/><net_sink comp="550" pin=1"/></net>

<net id="603"><net_src comp="512" pin="4"/><net_sink comp="600" pin=0"/></net>

<net id="607"><net_src comp="121" pin="3"/><net_sink comp="604" pin=0"/></net>

<net id="608"><net_src comp="604" pin="1"/><net_sink comp="356" pin=0"/></net>

<net id="612"><net_src comp="128" pin="3"/><net_sink comp="609" pin=0"/></net>

<net id="613"><net_src comp="609" pin="1"/><net_sink comp="350" pin=0"/></net>

<net id="617"><net_src comp="135" pin="3"/><net_sink comp="614" pin=0"/></net>

<net id="618"><net_src comp="614" pin="1"/><net_sink comp="344" pin=0"/></net>

<net id="622"><net_src comp="142" pin="3"/><net_sink comp="619" pin=0"/></net>

<net id="623"><net_src comp="619" pin="1"/><net_sink comp="338" pin=0"/></net>

<net id="627"><net_src comp="149" pin="3"/><net_sink comp="624" pin=0"/></net>

<net id="628"><net_src comp="624" pin="1"/><net_sink comp="332" pin=0"/></net>

<net id="632"><net_src comp="156" pin="3"/><net_sink comp="629" pin=0"/></net>

<net id="633"><net_src comp="629" pin="1"/><net_sink comp="326" pin=0"/></net>

<net id="637"><net_src comp="163" pin="3"/><net_sink comp="634" pin=0"/></net>

<net id="638"><net_src comp="634" pin="1"/><net_sink comp="320" pin=0"/></net>

<net id="642"><net_src comp="170" pin="3"/><net_sink comp="639" pin=0"/></net>

<net id="643"><net_src comp="639" pin="1"/><net_sink comp="314" pin=0"/></net>

<net id="647"><net_src comp="177" pin="3"/><net_sink comp="644" pin=0"/></net>

<net id="648"><net_src comp="644" pin="1"/><net_sink comp="308" pin=0"/></net>

<net id="652"><net_src comp="184" pin="3"/><net_sink comp="649" pin=0"/></net>

<net id="653"><net_src comp="649" pin="1"/><net_sink comp="302" pin=0"/></net>

<net id="657"><net_src comp="191" pin="3"/><net_sink comp="654" pin=0"/></net>

<net id="658"><net_src comp="654" pin="1"/><net_sink comp="296" pin=0"/></net>

<net id="662"><net_src comp="198" pin="3"/><net_sink comp="659" pin=0"/></net>

<net id="663"><net_src comp="659" pin="1"/><net_sink comp="290" pin=0"/></net>

<net id="667"><net_src comp="205" pin="3"/><net_sink comp="664" pin=0"/></net>

<net id="668"><net_src comp="664" pin="1"/><net_sink comp="284" pin=0"/></net>

<net id="672"><net_src comp="212" pin="3"/><net_sink comp="669" pin=0"/></net>

<net id="673"><net_src comp="669" pin="1"/><net_sink comp="278" pin=0"/></net>

<net id="677"><net_src comp="219" pin="3"/><net_sink comp="674" pin=0"/></net>

<net id="678"><net_src comp="674" pin="1"/><net_sink comp="272" pin=0"/></net>

<net id="682"><net_src comp="226" pin="3"/><net_sink comp="679" pin=0"/></net>

<net id="683"><net_src comp="679" pin="1"/><net_sink comp="266" pin=0"/></net>

<net id="687"><net_src comp="233" pin="3"/><net_sink comp="684" pin=0"/></net>

<net id="688"><net_src comp="684" pin="1"/><net_sink comp="260" pin=0"/></net>

<net id="692"><net_src comp="240" pin="3"/><net_sink comp="689" pin=0"/></net>

<net id="693"><net_src comp="689" pin="1"/><net_sink comp="254" pin=0"/></net>

<net id="697"><net_src comp="247" pin="3"/><net_sink comp="694" pin=0"/></net>

<net id="698"><net_src comp="694" pin="1"/><net_sink comp="362" pin=0"/></net>

<net id="702"><net_src comp="254" pin="3"/><net_sink comp="699" pin=0"/></net>

<net id="703"><net_src comp="699" pin="1"/><net_sink comp="407" pin=34"/></net>

<net id="707"><net_src comp="260" pin="3"/><net_sink comp="704" pin=0"/></net>

<net id="708"><net_src comp="704" pin="1"/><net_sink comp="407" pin=32"/></net>

<net id="712"><net_src comp="266" pin="3"/><net_sink comp="709" pin=0"/></net>

<net id="713"><net_src comp="709" pin="1"/><net_sink comp="407" pin=30"/></net>

<net id="717"><net_src comp="272" pin="3"/><net_sink comp="714" pin=0"/></net>

<net id="718"><net_src comp="714" pin="1"/><net_sink comp="407" pin=28"/></net>

<net id="722"><net_src comp="278" pin="3"/><net_sink comp="719" pin=0"/></net>

<net id="723"><net_src comp="719" pin="1"/><net_sink comp="407" pin=26"/></net>

<net id="727"><net_src comp="284" pin="3"/><net_sink comp="724" pin=0"/></net>

<net id="728"><net_src comp="724" pin="1"/><net_sink comp="407" pin=24"/></net>

<net id="732"><net_src comp="290" pin="3"/><net_sink comp="729" pin=0"/></net>

<net id="733"><net_src comp="729" pin="1"/><net_sink comp="407" pin=22"/></net>

<net id="737"><net_src comp="296" pin="3"/><net_sink comp="734" pin=0"/></net>

<net id="738"><net_src comp="734" pin="1"/><net_sink comp="407" pin=20"/></net>

<net id="742"><net_src comp="302" pin="3"/><net_sink comp="739" pin=0"/></net>

<net id="743"><net_src comp="739" pin="1"/><net_sink comp="407" pin=18"/></net>

<net id="747"><net_src comp="308" pin="3"/><net_sink comp="744" pin=0"/></net>

<net id="748"><net_src comp="744" pin="1"/><net_sink comp="407" pin=16"/></net>

<net id="752"><net_src comp="314" pin="3"/><net_sink comp="749" pin=0"/></net>

<net id="753"><net_src comp="749" pin="1"/><net_sink comp="407" pin=14"/></net>

<net id="757"><net_src comp="320" pin="3"/><net_sink comp="754" pin=0"/></net>

<net id="758"><net_src comp="754" pin="1"/><net_sink comp="407" pin=12"/></net>

<net id="762"><net_src comp="326" pin="3"/><net_sink comp="759" pin=0"/></net>

<net id="763"><net_src comp="759" pin="1"/><net_sink comp="407" pin=10"/></net>

<net id="767"><net_src comp="332" pin="3"/><net_sink comp="764" pin=0"/></net>

<net id="768"><net_src comp="764" pin="1"/><net_sink comp="407" pin=8"/></net>

<net id="772"><net_src comp="338" pin="3"/><net_sink comp="769" pin=0"/></net>

<net id="773"><net_src comp="769" pin="1"/><net_sink comp="407" pin=6"/></net>

<net id="777"><net_src comp="344" pin="3"/><net_sink comp="774" pin=0"/></net>

<net id="778"><net_src comp="774" pin="1"/><net_sink comp="407" pin=4"/></net>

<net id="782"><net_src comp="350" pin="3"/><net_sink comp="779" pin=0"/></net>

<net id="783"><net_src comp="779" pin="1"/><net_sink comp="407" pin=2"/></net>

<net id="787"><net_src comp="356" pin="3"/><net_sink comp="784" pin=0"/></net>

<net id="788"><net_src comp="784" pin="1"/><net_sink comp="407" pin=0"/></net>

<net id="792"><net_src comp="362" pin="3"/><net_sink comp="789" pin=0"/></net>

<net id="793"><net_src comp="789" pin="1"/><net_sink comp="407" pin=36"/></net>

</net_list>

</model> 
---------------- Datapath Model END ------------------

* FSMD analyzer results:
  - Output states:
	Port: X | {6 }
	Port: tokens4 | {}
	Port: Emb4_0 | {}
	Port: Emb4_1 | {}
	Port: Emb4_2 | {}
	Port: Emb4_3 | {}
	Port: Emb4_4 | {}
	Port: Emb4_5 | {}
	Port: Emb4_6 | {}
	Port: Emb4_7 | {}
	Port: Emb4_8 | {}
	Port: Emb4_9 | {}
	Port: Emb4_10 | {}
	Port: Emb4_11 | {}
	Port: Emb4_12 | {}
	Port: Emb4_13 | {}
	Port: Emb4_14 | {}
	Port: Emb4_15 | {}
	Port: Emb4_16 | {}
	Port: Emb4_17 | {}
	Port: Emb4_18 | {}
 - Input state : 
	Port: embedding_forward_dy : tokens4 | {2 3 }
	Port: embedding_forward_dy : Emb4_0 | {4 5 }
	Port: embedding_forward_dy : Emb4_1 | {4 5 }
	Port: embedding_forward_dy : Emb4_2 | {4 5 }
	Port: embedding_forward_dy : Emb4_3 | {4 5 }
	Port: embedding_forward_dy : Emb4_4 | {4 5 }
	Port: embedding_forward_dy : Emb4_5 | {4 5 }
	Port: embedding_forward_dy : Emb4_6 | {4 5 }
	Port: embedding_forward_dy : Emb4_7 | {4 5 }
	Port: embedding_forward_dy : Emb4_8 | {4 5 }
	Port: embedding_forward_dy : Emb4_9 | {4 5 }
	Port: embedding_forward_dy : Emb4_10 | {4 5 }
	Port: embedding_forward_dy : Emb4_11 | {4 5 }
	Port: embedding_forward_dy : Emb4_12 | {4 5 }
	Port: embedding_forward_dy : Emb4_13 | {4 5 }
	Port: embedding_forward_dy : Emb4_14 | {4 5 }
	Port: embedding_forward_dy : Emb4_15 | {4 5 }
	Port: embedding_forward_dy : Emb4_16 | {4 5 }
	Port: embedding_forward_dy : Emb4_17 | {4 5 }
	Port: embedding_forward_dy : Emb4_18 | {4 5 }
  - Chain level:
	State 1
	State 2
		icmp_ln61 : 1
		t : 1
		br_ln61 : 2
		zext_ln63 : 1
		tokens4_addr : 2
		tokens4_load : 3
	State 3
		shl_ln : 1
		shl_ln68 : 1
	State 4
		icmp_ln67 : 1
		e : 1
		br_ln67 : 2
		zext_ln68 : 1
		zext_ln68_2 : 1
		add_ln68 : 2
		tmp_5 : 3
		add_ln68_2 : 2
		zext_ln68_1 : 3
		Emb4_0_addr : 4
		Emb4_1_addr : 4
		Emb4_2_addr : 4
		Emb4_3_addr : 4
		Emb4_4_addr : 4
		Emb4_5_addr : 4
		Emb4_6_addr : 4
		Emb4_7_addr : 4
		Emb4_8_addr : 4
		Emb4_9_addr : 4
		Emb4_10_addr : 4
		Emb4_11_addr : 4
		Emb4_12_addr : 4
		Emb4_13_addr : 4
		Emb4_14_addr : 4
		Emb4_15_addr : 4
		Emb4_16_addr : 4
		Emb4_17_addr : 4
		Emb4_18_addr : 4
		switch_ln68 : 4
		Emb4_17_load : 5
		Emb4_16_load : 5
		Emb4_15_load : 5
		Emb4_14_load : 5
		Emb4_13_load : 5
		Emb4_12_load : 5
		Emb4_11_load : 5
		Emb4_10_load : 5
		Emb4_9_load : 5
		Emb4_8_load : 5
		Emb4_7_load : 5
		Emb4_6_load : 5
		Emb4_5_load : 5
		Emb4_4_load : 5
		Emb4_3_load : 5
		Emb4_2_load : 5
		Emb4_1_load : 5
		Emb4_0_load : 5
		Emb4_18_load : 5
	State 5
	State 6
		zext_ln68_3 : 1
		X_addr : 2
		store_ln68 : 3


============================================================
+ Verbose Summary: Datapath Resource usage 
============================================================

* Functional unit list:
|----------|--------------------|---------|---------|
| Operation|   Functional Unit  |    FF   |   LUT   |
|----------|--------------------|---------|---------|
|          |      t_fu_454      |    0    |    14   |
|          |      e_fu_493      |    0    |    15   |
|    add   |   add_ln68_fu_507  |    0    |    21   |
|          |  add_ln68_2_fu_522 |    0    |    14   |
|          |  add_ln68_1_fu_550 |    0    |    21   |
|----------|--------------------|---------|---------|
|   icmp   |  icmp_ln61_fu_448  |    0    |    13   |
|          |  icmp_ln67_fu_487  |    0    |    11   |
|----------|--------------------|---------|---------|
|          |  zext_ln63_fu_460  |    0    |    0    |
|          |  zext_ln68_fu_499  |    0    |    0    |
|   zext   | zext_ln68_2_fu_503 |    0    |    0    |
|          | zext_ln68_1_fu_527 |    0    |    0    |
|          | zext_ln68_3_fu_554 |    0    |    0    |
|----------|--------------------|---------|---------|
|bitconcatenate|    shl_ln_fu_465   |    0    |    0    |
|          |   shl_ln3_fu_473   |    0    |    0    |
|----------|--------------------|---------|---------|
|    shl   |   shl_ln68_fu_481  |    0    |    0    |
|----------|--------------------|---------|---------|
|partselect|    tmp_5_fu_512    |    0    |    0    |
|----------|--------------------|---------|---------|
|   Total  |                    |    0    |   109   |
|----------|--------------------|---------|---------|

Memories:
N/A

* Register list:
+--------------------+--------+
|                    |   FF   |
+--------------------+--------+
| Emb4_0_addr_reg_604|   10   |
| Emb4_0_load_reg_784|   16   |
|Emb4_10_addr_reg_654|   10   |
|Emb4_10_load_reg_734|   16   |
|Emb4_11_addr_reg_659|   10   |
|Emb4_11_load_reg_729|   16   |
|Emb4_12_addr_reg_664|   10   |
|Emb4_12_load_reg_724|   16   |
|Emb4_13_addr_reg_669|   10   |
|Emb4_13_load_reg_719|   16   |
|Emb4_14_addr_reg_674|   10   |
|Emb4_14_load_reg_714|   16   |
|Emb4_15_addr_reg_679|   10   |
|Emb4_15_load_reg_709|   16   |
|Emb4_16_addr_reg_684|   10   |
|Emb4_16_load_reg_704|   16   |
|Emb4_17_addr_reg_689|   10   |
|Emb4_17_load_reg_699|   16   |
|Emb4_18_addr_reg_694|   10   |
|Emb4_18_load_reg_789|   16   |
| Emb4_1_addr_reg_609|   10   |
| Emb4_1_load_reg_779|   16   |
| Emb4_2_addr_reg_614|   10   |
| Emb4_2_load_reg_774|   16   |
| Emb4_3_addr_reg_619|   10   |
| Emb4_3_load_reg_769|   16   |
| Emb4_4_addr_reg_624|   10   |
| Emb4_4_load_reg_764|   16   |
| Emb4_5_addr_reg_629|   10   |
| Emb4_5_load_reg_759|   16   |
| Emb4_6_addr_reg_634|   10   |
| Emb4_6_load_reg_754|   16   |
| Emb4_7_addr_reg_639|   10   |
| Emb4_7_load_reg_749|   16   |
| Emb4_8_addr_reg_644|   10   |
| Emb4_8_load_reg_744|   16   |
| Emb4_9_addr_reg_649|   10   |
| Emb4_9_load_reg_739|   16   |
|     e_0_reg_393    |    6   |
|      e_reg_590     |    6   |
|  phi_ln68_reg_404  |   16   |
|   shl_ln3_reg_577  |   15   |
|  shl_ln68_reg_582  |   10   |
|   shl_ln_reg_572   |   15   |
|     t_0_reg_381    |   10   |
|      t_reg_562     |   10   |
|    tmp_5_reg_600   |    5   |
|tokens4_addr_reg_567|   10   |
|  zext_ln68_reg_595 |   15   |
+--------------------+--------+
|        Total       |   612  |
+--------------------+--------+

* Multiplexer (MUX) list: 
|-------------------|------|------|------|--------||---------||---------|
|        Comp       |  Pin | Size |  BW  | S x BW ||  Delay  ||   LUT   |
|-------------------|------|------|------|--------||---------||---------|
| grp_access_fu_115 |  p0  |   2  |  10  |   20   ||    9    |
| grp_access_fu_254 |  p0  |   2  |  10  |   20   ||    9    |
| grp_access_fu_260 |  p0  |   2  |  10  |   20   ||    9    |
| grp_access_fu_266 |  p0  |   2  |  10  |   20   ||    9    |
| grp_access_fu_272 |  p0  |   2  |  10  |   20   ||    9    |
| grp_access_fu_278 |  p0  |   2  |  10  |   20   ||    9    |
| grp_access_fu_284 |  p0  |   2  |  10  |   20   ||    9    |
| grp_access_fu_290 |  p0  |   2  |  10  |   20   ||    9    |
| grp_access_fu_296 |  p0  |   2  |  10  |   20   ||    9    |
| grp_access_fu_302 |  p0  |   2  |  10  |   20   ||    9    |
| grp_access_fu_308 |  p0  |   2  |  10  |   20   ||    9    |
| grp_access_fu_314 |  p0  |   2  |  10  |   20   ||    9    |
| grp_access_fu_320 |  p0  |   2  |  10  |   20   ||    9    |
| grp_access_fu_326 |  p0  |   2  |  10  |   20   ||    9    |
| grp_access_fu_332 |  p0  |   2  |  10  |   20   ||    9    |
| grp_access_fu_338 |  p0  |   2  |  10  |   20   ||    9    |
| grp_access_fu_344 |  p0  |   2  |  10  |   20   ||    9    |
| grp_access_fu_350 |  p0  |   2  |  10  |   20   ||    9    |
| grp_access_fu_356 |  p0  |   2  |  10  |   20   ||    9    |
| grp_access_fu_362 |  p0  |   2  |  10  |   20   ||    9    |
|    t_0_reg_381    |  p0  |   2  |  10  |   20   ||    9    |
|-------------------|------|------|------|--------||---------||---------|
|       Total       |      |      |      |   420  ||  37.149 ||   189   |
|-------------------|------|------|------|--------||---------||---------|



* Summary:
+-----------+--------+--------+--------+
|           |  Delay |   FF   |   LUT  |
+-----------+--------+--------+--------+
|  Function |    -   |    0   |   109  |
|   Memory  |    -   |    -   |    -   |
|Multiplexer|   37   |    -   |   189  |
|  Register |    -   |   612  |    -   |
+-----------+--------+--------+--------+
|   Total   |   37   |   612  |   298  |
+-----------+--------+--------+--------+
