

================================================================
== Vivado HLS Report for 'lstm_forward_unidir'
================================================================
* Date:           Fri Sep  5 12:53:12 2025

* Version:        2019.1 (Build 2552052 on Fri May 24 15:28:33 MDT 2019)
* Project:        BranchPredictionAI
* Solution:       solution1
* Product family: zynq
* Target device:  xc7z020-clg484-1


================================================================
== Performance Estimates
================================================================
+ Timing (ns): 
    * Summary: 
    +--------+-------+----------+------------+
    |  Clock | Target| Estimated| Uncertainty|
    +--------+-------+----------+------------+
    |ap_clk  |  10.00|     8.440|        1.25|
    +--------+-------+----------+------------+

+ Latency (clock cycles): 
    * Summary: 
    +---------+---------+---------+---------+---------+
    |      Latency      |      Interval     | Pipeline|
    |   min   |   max   |   min   |   max   |   Type  |
    +---------+---------+---------+---------+---------+
    |  1107166|  1107166|  1107166|  1107166|   none  |
    +---------+---------+---------+---------+---------+

    + Detail: 
        * Instance: 
        N/A

        * Loop: 
        +-----------------+---------+---------+----------+-----------+-----------+------+----------+
        |                 |      Latency      | Iteration|  Initiation Interval  | Trip |          |
        |    Loop Name    |   min   |   max   |  Latency |  achieved |   target  | Count| Pipelined|
        +-----------------+---------+---------+----------+-----------+-----------+------+----------+
        |- Loop 1         |       32|       32|         1|          -|          -|    32|    no    |
        |- Loop 2         |  1107132|  1107132|     92261|          -|          -|    12|    no    |
        | + Loop 2.1      |      128|      128|         1|          -|          -|   128|    no    |
        | + Loop 2.2      |    45152|    45152|      1411|          -|          -|    32|    no    |
        |  ++ Loop 2.2.1  |     1408|     1408|        11|          -|          -|   128|    no    |
        | + Loop 2.3      |    45152|    45152|      1411|          -|          -|    32|    no    |
        |  ++ Loop 2.3.1  |     1408|     1408|        11|          -|          -|   128|    no    |
        | + Loop 2.4      |     1824|     1824|        57|          -|          -|    32|    no    |
        +-----------------+---------+---------+----------+-----------+-----------+------+----------+

============================================================
+ Verbose Summary: Synthesis Manager
============================================================
InlineROM: 1
ExposeGlobal: 0
============================================================
+ Verbose Summary: CDFG Model
============================================================
IsTopModel: 0
ResetActiveHigh: 1
IsCombinational: 0
IsDatapathOnly: 0
HasWiredReturn: 1
HasMFsm: 0
HasVarLatency: 1
IsPipeline: 0
IsRtlPipelined: 0
IsInstanceOverlapped: 0
IsDontTouch: 0
HasImplIP: 0
IsGatedGlobalClock: 0


============================================================
+ Verbose Summary: Schedule
============================================================
* Number of FSM states : 87
* Pipeline : 0
* Dataflow Pipeline: 0

* FSM state transitions: 
1 --> 2 
2 --> 2 3 
3 --> 4 
4 --> 4 5 
5 --> 6 18 
6 --> 7 
7 --> 8 5 
8 --> 9 
9 --> 10 
10 --> 11 
11 --> 12 
12 --> 13 
13 --> 14 
14 --> 15 
15 --> 16 
16 --> 17 
17 --> 7 
18 --> 19 31 
19 --> 20 
20 --> 21 18 
21 --> 22 
22 --> 23 
23 --> 24 
24 --> 25 
25 --> 26 
26 --> 27 
27 --> 28 
28 --> 29 
29 --> 30 
30 --> 20 
31 --> 32 3 
32 --> 33 
33 --> 34 
34 --> 35 
35 --> 36 
36 --> 37 
37 --> 38 
38 --> 39 
39 --> 40 
40 --> 41 
41 --> 42 
42 --> 43 
43 --> 44 
44 --> 45 
45 --> 46 
46 --> 47 
47 --> 48 
48 --> 49 
49 --> 50 
50 --> 51 
51 --> 52 
52 --> 53 
53 --> 54 
54 --> 55 
55 --> 56 
56 --> 57 
57 --> 58 
58 --> 59 
59 --> 60 
60 --> 61 
61 --> 62 
62 --> 63 
63 --> 64 
64 --> 65 
65 --> 66 
66 --> 67 
67 --> 68 
68 --> 69 
69 --> 70 
70 --> 71 
71 --> 72 
72 --> 73 
73 --> 74 
74 --> 75 
75 --> 76 
76 --> 77 
77 --> 78 
78 --> 79 
79 --> 80 
80 --> 81 
81 --> 82 
82 --> 83 
83 --> 84 
84 --> 85 
85 --> 86 
86 --> 87 
87 --> 31 

* FSM state operations: 

State 1 <SV = 0> <Delay = 3.25>
ST_1 : Operation 88 [1/1] (0.00ns)   --->   "call void (...)* @_ssdm_op_SpecMemCore([4096 x half]* %W_ifog, [1 x i8]* @p_str1, [9 x i8]* @p_str3, [1 x i8]* @p_str1, i32 -1, [1 x i8]* @p_str1, [1 x i8]* @p_str1, [1 x i8]* @p_str1, [1 x i8]* @p_str1, [1 x i8]* @p_str1)"   --->   Operation 88 'specmemcore' <Predicate = true> <Delay = 0.00>
ST_1 : Operation 89 [1/1] (0.00ns)   --->   "call void (...)* @_ssdm_op_SpecMemCore([4096 x half]* %R_ifog, [1 x i8]* @p_str1, [9 x i8]* @p_str3, [1 x i8]* @p_str1, i32 -1, [1 x i8]* @p_str1, [1 x i8]* @p_str1, [1 x i8]* @p_str1, [1 x i8]* @p_str1, [1 x i8]* @p_str1)"   --->   Operation 89 'specmemcore' <Predicate = true> <Delay = 0.00>
ST_1 : Operation 90 [1/1] (0.00ns)   --->   "call void (...)* @_ssdm_op_SpecMemCore([128 x half]* %b_ifog, [1 x i8]* @p_str1, [9 x i8]* @p_str3, [1 x i8]* @p_str1, i32 -1, [1 x i8]* @p_str1, [1 x i8]* @p_str1, [1 x i8]* @p_str1, [1 x i8]* @p_str1, [1 x i8]* @p_str1)"   --->   Operation 90 'specmemcore' <Predicate = true> <Delay = 0.00>
ST_1 : Operation 91 [1/1] (3.25ns)   --->   "%z = alloca [128 x half], align 16" [main_5_slices.cpp:129]   --->   Operation 91 'alloca' 'z' <Predicate = true> <Delay = 3.25> <Core = "RAM">   --->   Core 37 'RAM' <Latency = 1> <II = 1> <Delay = 3.25> <Storage> <Opcode : 'load' 'store'> <Ports = 2> <Width = 16> <Depth = 128> <RAM>
ST_1 : Operation 92 [1/1] (1.76ns)   --->   "br label %1" [main_5_slices.cpp:125]   --->   Operation 92 'br' <Predicate = true> <Delay = 1.76>

State 2 <SV = 1> <Delay = 2.32>
ST_2 : Operation 93 [1/1] (0.00ns)   --->   "%j_0 = phi i6 [ 0, %0 ], [ %j, %2 ]"   --->   Operation 93 'phi' 'j_0' <Predicate = true> <Delay = 0.00>
ST_2 : Operation 94 [1/1] (1.42ns)   --->   "%icmp_ln125 = icmp eq i6 %j_0, -32" [main_5_slices.cpp:125]   --->   Operation 94 'icmp' 'icmp_ln125' <Predicate = true> <Delay = 1.42> <Core = "Cmp">   --->   Core 25 'Cmp' <Latency = 0> <II = 1> <Delay = 1.42> <FuncUnit> <Opcode : 'icmp'> <InPorts = 2> <OutPorts = 1>
ST_2 : Operation 95 [1/1] (0.00ns)   --->   "%empty = call i32 (...)* @_ssdm_op_SpecLoopTripCount(i64 32, i64 32, i64 32)"   --->   Operation 95 'speclooptripcount' 'empty' <Predicate = true> <Delay = 0.00>
ST_2 : Operation 96 [1/1] (1.82ns)   --->   "%j = add i6 %j_0, 1" [main_5_slices.cpp:125]   --->   Operation 96 'add' 'j' <Predicate = true> <Delay = 1.82> <Core = "AddSub">   --->   Core 14 'AddSub' <Latency = 0> <II = 1> <Delay = 1.82> <FuncUnit> <Opcode : 'add' 'sub'> <InPorts = 2> <OutPorts = 1>
ST_2 : Operation 97 [1/1] (0.00ns)   --->   "br i1 %icmp_ln125, label %.preheader3.preheader, label %2" [main_5_slices.cpp:125]   --->   Operation 97 'br' <Predicate = true> <Delay = 0.00>
ST_2 : Operation 98 [1/1] (0.00ns)   --->   "%zext_ln126 = zext i6 %j_0 to i64" [main_5_slices.cpp:126]   --->   Operation 98 'zext' 'zext_ln126' <Predicate = (!icmp_ln125)> <Delay = 0.00>
ST_2 : Operation 99 [1/1] (0.00ns)   --->   "%h_last_addr = getelementptr [32 x half]* %h_last, i64 0, i64 %zext_ln126" [main_5_slices.cpp:126]   --->   Operation 99 'getelementptr' 'h_last_addr' <Predicate = (!icmp_ln125)> <Delay = 0.00>
ST_2 : Operation 100 [1/1] (2.32ns)   --->   "store half 0x0, half* %h_last_addr, align 2" [main_5_slices.cpp:126]   --->   Operation 100 'store' <Predicate = (!icmp_ln125)> <Delay = 2.32> <Core = "RAM">   --->   Core 37 'RAM' <Latency = 1> <II = 1> <Delay = 3.25> <Storage> <Opcode : 'load' 'store'> <Ports = 2> <Width = 16> <Depth = 128> <RAM>
ST_2 : Operation 101 [1/1] (0.00ns)   --->   "%c_slice_addr = getelementptr [32 x half]* @c_slice, i64 0, i64 %zext_ln126" [main_5_slices.cpp:127]   --->   Operation 101 'getelementptr' 'c_slice_addr' <Predicate = (!icmp_ln125)> <Delay = 0.00>
ST_2 : Operation 102 [1/1] (2.32ns)   --->   "store half 0x0, half* %c_slice_addr, align 2" [main_5_slices.cpp:127]   --->   Operation 102 'store' <Predicate = (!icmp_ln125)> <Delay = 2.32> <Core = "RAM">   --->   Core 37 'RAM' <Latency = 1> <II = 1> <Delay = 3.25> <Storage> <Opcode : 'load' 'store'> <Ports = 2> <Width = 16> <Depth = 128> <RAM>
ST_2 : Operation 103 [1/1] (0.00ns)   --->   "br label %1" [main_5_slices.cpp:125]   --->   Operation 103 'br' <Predicate = (!icmp_ln125)> <Delay = 0.00>
ST_2 : Operation 104 [1/1] (1.76ns)   --->   "br label %.preheader3" [main_5_slices.cpp:131]   --->   Operation 104 'br' <Predicate = (icmp_ln125)> <Delay = 1.76>

State 3 <SV = 2> <Delay = 1.76>
ST_3 : Operation 105 [1/1] (0.00ns)   --->   "%t_0 = phi i4 [ %t, %.preheader3.loopexit ], [ 0, %.preheader3.preheader ]"   --->   Operation 105 'phi' 't_0' <Predicate = true> <Delay = 0.00>
ST_3 : Operation 106 [1/1] (1.30ns)   --->   "%icmp_ln131 = icmp eq i4 %t_0, -4" [main_5_slices.cpp:131]   --->   Operation 106 'icmp' 'icmp_ln131' <Predicate = true> <Delay = 1.30> <Core = "Cmp">   --->   Core 25 'Cmp' <Latency = 0> <II = 1> <Delay = 1.42> <FuncUnit> <Opcode : 'icmp'> <InPorts = 2> <OutPorts = 1>
ST_3 : Operation 107 [1/1] (0.00ns)   --->   "%empty_22 = call i32 (...)* @_ssdm_op_SpecLoopTripCount(i64 12, i64 12, i64 12)"   --->   Operation 107 'speclooptripcount' 'empty_22' <Predicate = true> <Delay = 0.00>
ST_3 : Operation 108 [1/1] (1.73ns)   --->   "%t = add i4 %t_0, 1" [main_5_slices.cpp:131]   --->   Operation 108 'add' 't' <Predicate = true> <Delay = 1.73> <Core = "AddSub">   --->   Core 14 'AddSub' <Latency = 0> <II = 1> <Delay = 1.82> <FuncUnit> <Opcode : 'add' 'sub'> <InPorts = 2> <OutPorts = 1>
ST_3 : Operation 109 [1/1] (0.00ns)   --->   "br i1 %icmp_ln131, label %11, label %.preheader2.preheader" [main_5_slices.cpp:131]   --->   Operation 109 'br' <Predicate = true> <Delay = 0.00>
ST_3 : Operation 110 [1/1] (1.76ns)   --->   "br label %.preheader2" [main_5_slices.cpp:133]   --->   Operation 110 'br' <Predicate = (!icmp_ln131)> <Delay = 1.76>
ST_3 : Operation 111 [1/1] (0.00ns)   --->   "ret void" [main_5_slices.cpp:159]   --->   Operation 111 'ret' <Predicate = (icmp_ln131)> <Delay = 0.00>

State 4 <SV = 3> <Delay = 4.25>
ST_4 : Operation 112 [1/1] (0.00ns)   --->   "%g_0 = phi i8 [ %g, %3 ], [ 0, %.preheader2.preheader ]"   --->   Operation 112 'phi' 'g_0' <Predicate = true> <Delay = 0.00>
ST_4 : Operation 113 [1/1] (1.55ns)   --->   "%icmp_ln133 = icmp eq i8 %g_0, -128" [main_5_slices.cpp:133]   --->   Operation 113 'icmp' 'icmp_ln133' <Predicate = true> <Delay = 1.55> <Core = "Cmp">   --->   Core 25 'Cmp' <Latency = 0> <II = 1> <Delay = 1.42> <FuncUnit> <Opcode : 'icmp'> <InPorts = 2> <OutPorts = 1>
ST_4 : Operation 114 [1/1] (0.00ns)   --->   "%empty_23 = call i32 (...)* @_ssdm_op_SpecLoopTripCount(i64 128, i64 128, i64 128)"   --->   Operation 114 'speclooptripcount' 'empty_23' <Predicate = true> <Delay = 0.00>
ST_4 : Operation 115 [1/1] (1.91ns)   --->   "%g = add i8 %g_0, 1" [main_5_slices.cpp:133]   --->   Operation 115 'add' 'g' <Predicate = true> <Delay = 1.91> <Core = "AddSub">   --->   Core 14 'AddSub' <Latency = 0> <II = 1> <Delay = 1.82> <FuncUnit> <Opcode : 'add' 'sub'> <InPorts = 2> <OutPorts = 1>
ST_4 : Operation 116 [1/1] (0.00ns)   --->   "br i1 %icmp_ln133, label %4, label %3" [main_5_slices.cpp:133]   --->   Operation 116 'br' <Predicate = true> <Delay = 0.00>
ST_4 : Operation 117 [1/1] (0.00ns)   --->   "%zext_ln133 = zext i8 %g_0 to i64" [main_5_slices.cpp:133]   --->   Operation 117 'zext' 'zext_ln133' <Predicate = (!icmp_ln133)> <Delay = 0.00>
ST_4 : Operation 118 [1/1] (0.00ns)   --->   "%b_ifog_addr = getelementptr [128 x half]* %b_ifog, i64 0, i64 %zext_ln133" [main_5_slices.cpp:133]   --->   Operation 118 'getelementptr' 'b_ifog_addr' <Predicate = (!icmp_ln133)> <Delay = 0.00>
ST_4 : Operation 119 [1/1] (1.00ns)   --->   "%b_ifog_load = load half* %b_ifog_addr, align 2" [main_5_slices.cpp:133]   --->   Operation 119 'load' 'b_ifog_load' <Predicate = (!icmp_ln133)> <Delay = 1.00> <Core = "Register">   --->   Core 77 'Register' <Latency = 0> <II = 1> <Delay = 1.00> <Storage> <Opcode : 'load' 'store'> <Ports = 0> <Width = 16> <Depth = 1> <Register>
ST_4 : Operation 120 [1/1] (0.00ns)   --->   "%z_addr = getelementptr inbounds [128 x half]* %z, i64 0, i64 %zext_ln133" [main_5_slices.cpp:133]   --->   Operation 120 'getelementptr' 'z_addr' <Predicate = (!icmp_ln133)> <Delay = 0.00>
ST_4 : Operation 121 [1/1] (3.25ns)   --->   "store half %b_ifog_load, half* %z_addr, align 2" [main_5_slices.cpp:133]   --->   Operation 121 'store' <Predicate = (!icmp_ln133)> <Delay = 3.25> <Core = "RAM">   --->   Core 37 'RAM' <Latency = 1> <II = 1> <Delay = 3.25> <Storage> <Opcode : 'load' 'store'> <Ports = 2> <Width = 16> <Depth = 128> <RAM>
ST_4 : Operation 122 [1/1] (0.00ns)   --->   "br label %.preheader2" [main_5_slices.cpp:133]   --->   Operation 122 'br' <Predicate = (!icmp_ln133)> <Delay = 0.00>
ST_4 : Operation 123 [1/1] (0.00ns)   --->   "%shl_ln = call i9 @_ssdm_op_BitConcatenate.i9.i4.i5(i4 %t_0, i5 0)" [main_5_slices.cpp:136]   --->   Operation 123 'bitconcatenate' 'shl_ln' <Predicate = (icmp_ln133)> <Delay = 0.00>
ST_4 : Operation 124 [1/1] (1.76ns)   --->   "br label %.loopexit" [main_5_slices.cpp:137]   --->   Operation 124 'br' <Predicate = (icmp_ln133)> <Delay = 1.76>

State 5 <SV = 4> <Delay = 5.07>
ST_5 : Operation 125 [1/1] (0.00ns)   --->   "%d_0 = phi i6 [ 0, %4 ], [ %d, %.loopexit.loopexit ]"   --->   Operation 125 'phi' 'd_0' <Predicate = true> <Delay = 0.00>
ST_5 : Operation 126 [1/1] (1.42ns)   --->   "%icmp_ln137 = icmp eq i6 %d_0, -32" [main_5_slices.cpp:137]   --->   Operation 126 'icmp' 'icmp_ln137' <Predicate = true> <Delay = 1.42> <Core = "Cmp">   --->   Core 25 'Cmp' <Latency = 0> <II = 1> <Delay = 1.42> <FuncUnit> <Opcode : 'icmp'> <InPorts = 2> <OutPorts = 1>
ST_5 : Operation 127 [1/1] (0.00ns)   --->   "%empty_24 = call i32 (...)* @_ssdm_op_SpecLoopTripCount(i64 32, i64 32, i64 32)"   --->   Operation 127 'speclooptripcount' 'empty_24' <Predicate = true> <Delay = 0.00>
ST_5 : Operation 128 [1/1] (1.82ns)   --->   "%d = add i6 %d_0, 1" [main_5_slices.cpp:137]   --->   Operation 128 'add' 'd' <Predicate = true> <Delay = 1.82> <Core = "AddSub">   --->   Core 14 'AddSub' <Latency = 0> <II = 1> <Delay = 1.82> <FuncUnit> <Opcode : 'add' 'sub'> <InPorts = 2> <OutPorts = 1>
ST_5 : Operation 129 [1/1] (0.00ns)   --->   "br i1 %icmp_ln137, label %.preheader1.preheader, label %5" [main_5_slices.cpp:137]   --->   Operation 129 'br' <Predicate = true> <Delay = 0.00>
ST_5 : Operation 130 [1/1] (0.00ns)   --->   "%zext_ln138 = zext i6 %d_0 to i9" [main_5_slices.cpp:138]   --->   Operation 130 'zext' 'zext_ln138' <Predicate = (!icmp_ln137)> <Delay = 0.00>
ST_5 : Operation 131 [1/1] (1.82ns)   --->   "%add_ln138 = add i9 %zext_ln138, %shl_ln" [main_5_slices.cpp:138]   --->   Operation 131 'add' 'add_ln138' <Predicate = (!icmp_ln137)> <Delay = 1.82> <Core = "AddSub">   --->   Core 14 'AddSub' <Latency = 0> <II = 1> <Delay = 1.82> <FuncUnit> <Opcode : 'add' 'sub'> <InPorts = 2> <OutPorts = 1>
ST_5 : Operation 132 [1/1] (0.00ns)   --->   "%zext_ln138_1 = zext i9 %add_ln138 to i64" [main_5_slices.cpp:138]   --->   Operation 132 'zext' 'zext_ln138_1' <Predicate = (!icmp_ln137)> <Delay = 0.00>
ST_5 : Operation 133 [1/1] (0.00ns)   --->   "%U_slice_addr = getelementptr [384 x half]* @U_slice, i64 0, i64 %zext_ln138_1" [main_5_slices.cpp:138]   --->   Operation 133 'getelementptr' 'U_slice_addr' <Predicate = (!icmp_ln137)> <Delay = 0.00>
ST_5 : Operation 134 [2/2] (3.25ns)   --->   "%xv = load half* %U_slice_addr, align 2" [main_5_slices.cpp:138]   --->   Operation 134 'load' 'xv' <Predicate = (!icmp_ln137)> <Delay = 3.25> <Core = "RAM">   --->   Core 37 'RAM' <Latency = 1> <II = 1> <Delay = 3.25> <Storage> <Opcode : 'load' 'store'> <Ports = 2> <Width = 16> <Depth = 128> <RAM>
ST_5 : Operation 135 [1/1] (0.00ns)   --->   "%trunc_ln139 = trunc i6 %d_0 to i5" [main_5_slices.cpp:139]   --->   Operation 135 'trunc' 'trunc_ln139' <Predicate = (!icmp_ln137)> <Delay = 0.00>
ST_5 : Operation 136 [1/1] (1.76ns)   --->   "br label %.preheader1" [main_5_slices.cpp:143]   --->   Operation 136 'br' <Predicate = (icmp_ln137)> <Delay = 1.76>

State 6 <SV = 5> <Delay = 3.25>
ST_6 : Operation 137 [1/2] (3.25ns)   --->   "%xv = load half* %U_slice_addr, align 2" [main_5_slices.cpp:138]   --->   Operation 137 'load' 'xv' <Predicate = true> <Delay = 3.25> <Core = "RAM">   --->   Core 37 'RAM' <Latency = 1> <II = 1> <Delay = 3.25> <Storage> <Opcode : 'load' 'store'> <Ports = 2> <Width = 16> <Depth = 128> <RAM>
ST_6 : Operation 138 [1/1] (0.00ns)   --->   "%shl_ln1 = call i12 @_ssdm_op_BitConcatenate.i12.i5.i7(i5 %trunc_ln139, i7 0)" [main_5_slices.cpp:139]   --->   Operation 138 'bitconcatenate' 'shl_ln1' <Predicate = true> <Delay = 0.00>
ST_6 : Operation 139 [1/1] (1.76ns)   --->   "br label %6" [main_5_slices.cpp:140]   --->   Operation 139 'br' <Predicate = true> <Delay = 1.76>

State 7 <SV = 6> <Delay = 1.91>
ST_7 : Operation 140 [1/1] (0.00ns)   --->   "%g1_0 = phi i8 [ 0, %5 ], [ %g_1, %7 ]"   --->   Operation 140 'phi' 'g1_0' <Predicate = true> <Delay = 0.00>
ST_7 : Operation 141 [1/1] (1.55ns)   --->   "%icmp_ln140 = icmp eq i8 %g1_0, -128" [main_5_slices.cpp:140]   --->   Operation 141 'icmp' 'icmp_ln140' <Predicate = true> <Delay = 1.55> <Core = "Cmp">   --->   Core 25 'Cmp' <Latency = 0> <II = 1> <Delay = 1.42> <FuncUnit> <Opcode : 'icmp'> <InPorts = 2> <OutPorts = 1>
ST_7 : Operation 142 [1/1] (0.00ns)   --->   "%empty_25 = call i32 (...)* @_ssdm_op_SpecLoopTripCount(i64 128, i64 128, i64 128)"   --->   Operation 142 'speclooptripcount' 'empty_25' <Predicate = true> <Delay = 0.00>
ST_7 : Operation 143 [1/1] (1.91ns)   --->   "%g_1 = add i8 %g1_0, 1" [main_5_slices.cpp:140]   --->   Operation 143 'add' 'g_1' <Predicate = true> <Delay = 1.91> <Core = "AddSub">   --->   Core 14 'AddSub' <Latency = 0> <II = 1> <Delay = 1.82> <FuncUnit> <Opcode : 'add' 'sub'> <InPorts = 2> <OutPorts = 1>
ST_7 : Operation 144 [1/1] (0.00ns)   --->   "br i1 %icmp_ln140, label %.loopexit.loopexit, label %7" [main_5_slices.cpp:140]   --->   Operation 144 'br' <Predicate = true> <Delay = 0.00>
ST_7 : Operation 145 [1/1] (0.00ns)   --->   "%zext_ln140 = zext i8 %g1_0 to i64" [main_5_slices.cpp:140]   --->   Operation 145 'zext' 'zext_ln140' <Predicate = (!icmp_ln140)> <Delay = 0.00>
ST_7 : Operation 146 [1/1] (0.00ns)   --->   "%zext_ln140_1 = zext i8 %g1_0 to i12" [main_5_slices.cpp:140]   --->   Operation 146 'zext' 'zext_ln140_1' <Predicate = (!icmp_ln140)> <Delay = 0.00>
ST_7 : Operation 147 [1/1] (1.54ns)   --->   "%add_ln140 = add i12 %shl_ln1, %zext_ln140_1" [main_5_slices.cpp:140]   --->   Operation 147 'add' 'add_ln140' <Predicate = (!icmp_ln140)> <Delay = 1.54> <Core = "AddSub">   --->   Core 14 'AddSub' <Latency = 0> <II = 1> <Delay = 1.82> <FuncUnit> <Opcode : 'add' 'sub'> <InPorts = 2> <OutPorts = 1>
ST_7 : Operation 148 [1/1] (0.00ns)   --->   "%z_addr_1 = getelementptr inbounds [128 x half]* %z, i64 0, i64 %zext_ln140" [main_5_slices.cpp:140]   --->   Operation 148 'getelementptr' 'z_addr_1' <Predicate = (!icmp_ln140)> <Delay = 0.00>
ST_7 : Operation 149 [1/1] (0.00ns)   --->   "br label %.loopexit"   --->   Operation 149 'br' <Predicate = (icmp_ln140)> <Delay = 0.00>

State 8 <SV = 7> <Delay = 7.86>
ST_8 : Operation 150 [1/1] (0.00ns)   --->   "%zext_ln140_2 = zext i12 %add_ln140 to i64" [main_5_slices.cpp:140]   --->   Operation 150 'zext' 'zext_ln140_2' <Predicate = true> <Delay = 0.00>
ST_8 : Operation 151 [1/1] (0.00ns)   --->   "%W_ifog_addr = getelementptr [4096 x half]* %W_ifog, i64 0, i64 %zext_ln140_2" [main_5_slices.cpp:140]   --->   Operation 151 'getelementptr' 'W_ifog_addr' <Predicate = true> <Delay = 0.00>
ST_8 : Operation 152 [1/1] (1.00ns)   --->   "%W_ifog_load = load half* %W_ifog_addr, align 2" [main_5_slices.cpp:140]   --->   Operation 152 'load' 'W_ifog_load' <Predicate = true> <Delay = 1.00> <Core = "Register">   --->   Core 77 'Register' <Latency = 0> <II = 1> <Delay = 1.00> <Storage> <Opcode : 'load' 'store'> <Ports = 0> <Width = 16> <Depth = 1> <Register>
ST_8 : Operation 153 [4/4] (6.86ns)   --->   "%tmp = fmul half %xv, %W_ifog_load" [main_5_slices.cpp:140]   --->   Operation 153 'hmul' 'tmp' <Predicate = true> <Delay = 6.86> <Core = "HMul">   --->   Core 91 'HMul' <Latency = 3> <II = 1> <Delay = 6.86> <FuncUnit> <Opcode : 'hmul'> <InPorts = 2> <OutPorts = 1>

State 9 <SV = 8> <Delay = 6.86>
ST_9 : Operation 154 [3/4] (6.86ns)   --->   "%tmp = fmul half %xv, %W_ifog_load" [main_5_slices.cpp:140]   --->   Operation 154 'hmul' 'tmp' <Predicate = true> <Delay = 6.86> <Core = "HMul">   --->   Core 91 'HMul' <Latency = 3> <II = 1> <Delay = 6.86> <FuncUnit> <Opcode : 'hmul'> <InPorts = 2> <OutPorts = 1>

State 10 <SV = 9> <Delay = 6.86>
ST_10 : Operation 155 [2/4] (6.86ns)   --->   "%tmp = fmul half %xv, %W_ifog_load" [main_5_slices.cpp:140]   --->   Operation 155 'hmul' 'tmp' <Predicate = true> <Delay = 6.86> <Core = "HMul">   --->   Core 91 'HMul' <Latency = 3> <II = 1> <Delay = 6.86> <FuncUnit> <Opcode : 'hmul'> <InPorts = 2> <OutPorts = 1>
ST_10 : Operation 156 [2/2] (3.25ns)   --->   "%z_load = load half* %z_addr_1, align 2" [main_5_slices.cpp:140]   --->   Operation 156 'load' 'z_load' <Predicate = true> <Delay = 3.25> <Core = "RAM">   --->   Core 37 'RAM' <Latency = 1> <II = 1> <Delay = 3.25> <Storage> <Opcode : 'load' 'store'> <Ports = 2> <Width = 16> <Depth = 128> <RAM>

State 11 <SV = 10> <Delay = 6.86>
ST_11 : Operation 157 [1/4] (6.86ns)   --->   "%tmp = fmul half %xv, %W_ifog_load" [main_5_slices.cpp:140]   --->   Operation 157 'hmul' 'tmp' <Predicate = true> <Delay = 6.86> <Core = "HMul">   --->   Core 91 'HMul' <Latency = 3> <II = 1> <Delay = 6.86> <FuncUnit> <Opcode : 'hmul'> <InPorts = 2> <OutPorts = 1>
ST_11 : Operation 158 [1/2] (3.25ns)   --->   "%z_load = load half* %z_addr_1, align 2" [main_5_slices.cpp:140]   --->   Operation 158 'load' 'z_load' <Predicate = true> <Delay = 3.25> <Core = "RAM">   --->   Core 37 'RAM' <Latency = 1> <II = 1> <Delay = 3.25> <Storage> <Opcode : 'load' 'store'> <Ports = 2> <Width = 16> <Depth = 128> <RAM>

State 12 <SV = 11> <Delay = 7.61>
ST_12 : Operation 159 [5/5] (7.61ns)   --->   "%tmp_s = fadd half %z_load, %tmp" [main_5_slices.cpp:140]   --->   Operation 159 'hadd' 'tmp_s' <Predicate = true> <Delay = 7.61> <Core = "HAddSub">   --->   Core 90 'HAddSub' <Latency = 4> <II = 1> <Delay = 7.61> <FuncUnit> <Opcode : 'hadd' 'hsub'> <InPorts = 2> <OutPorts = 1>

State 13 <SV = 12> <Delay = 7.61>
ST_13 : Operation 160 [4/5] (7.61ns)   --->   "%tmp_s = fadd half %z_load, %tmp" [main_5_slices.cpp:140]   --->   Operation 160 'hadd' 'tmp_s' <Predicate = true> <Delay = 7.61> <Core = "HAddSub">   --->   Core 90 'HAddSub' <Latency = 4> <II = 1> <Delay = 7.61> <FuncUnit> <Opcode : 'hadd' 'hsub'> <InPorts = 2> <OutPorts = 1>

State 14 <SV = 13> <Delay = 7.61>
ST_14 : Operation 161 [3/5] (7.61ns)   --->   "%tmp_s = fadd half %z_load, %tmp" [main_5_slices.cpp:140]   --->   Operation 161 'hadd' 'tmp_s' <Predicate = true> <Delay = 7.61> <Core = "HAddSub">   --->   Core 90 'HAddSub' <Latency = 4> <II = 1> <Delay = 7.61> <FuncUnit> <Opcode : 'hadd' 'hsub'> <InPorts = 2> <OutPorts = 1>

State 15 <SV = 14> <Delay = 7.61>
ST_15 : Operation 162 [2/5] (7.61ns)   --->   "%tmp_s = fadd half %z_load, %tmp" [main_5_slices.cpp:140]   --->   Operation 162 'hadd' 'tmp_s' <Predicate = true> <Delay = 7.61> <Core = "HAddSub">   --->   Core 90 'HAddSub' <Latency = 4> <II = 1> <Delay = 7.61> <FuncUnit> <Opcode : 'hadd' 'hsub'> <InPorts = 2> <OutPorts = 1>

State 16 <SV = 15> <Delay = 7.61>
ST_16 : Operation 163 [1/5] (7.61ns)   --->   "%tmp_s = fadd half %z_load, %tmp" [main_5_slices.cpp:140]   --->   Operation 163 'hadd' 'tmp_s' <Predicate = true> <Delay = 7.61> <Core = "HAddSub">   --->   Core 90 'HAddSub' <Latency = 4> <II = 1> <Delay = 7.61> <FuncUnit> <Opcode : 'hadd' 'hsub'> <InPorts = 2> <OutPorts = 1>

State 17 <SV = 16> <Delay = 3.25>
ST_17 : Operation 164 [1/1] (3.25ns)   --->   "store half %tmp_s, half* %z_addr_1, align 2" [main_5_slices.cpp:140]   --->   Operation 164 'store' <Predicate = true> <Delay = 3.25> <Core = "RAM">   --->   Core 37 'RAM' <Latency = 1> <II = 1> <Delay = 3.25> <Storage> <Opcode : 'load' 'store'> <Ports = 2> <Width = 16> <Depth = 128> <RAM>
ST_17 : Operation 165 [1/1] (0.00ns)   --->   "br label %6" [main_5_slices.cpp:140]   --->   Operation 165 'br' <Predicate = true> <Delay = 0.00>

State 18 <SV = 5> <Delay = 2.32>
ST_18 : Operation 166 [1/1] (0.00ns)   --->   "%hp_0 = phi i6 [ %hp, %.preheader1.loopexit ], [ 0, %.preheader1.preheader ]"   --->   Operation 166 'phi' 'hp_0' <Predicate = true> <Delay = 0.00>
ST_18 : Operation 167 [1/1] (1.42ns)   --->   "%icmp_ln143 = icmp eq i6 %hp_0, -32" [main_5_slices.cpp:143]   --->   Operation 167 'icmp' 'icmp_ln143' <Predicate = true> <Delay = 1.42> <Core = "Cmp">   --->   Core 25 'Cmp' <Latency = 0> <II = 1> <Delay = 1.42> <FuncUnit> <Opcode : 'icmp'> <InPorts = 2> <OutPorts = 1>
ST_18 : Operation 168 [1/1] (0.00ns)   --->   "%empty_26 = call i32 (...)* @_ssdm_op_SpecLoopTripCount(i64 32, i64 32, i64 32)"   --->   Operation 168 'speclooptripcount' 'empty_26' <Predicate = true> <Delay = 0.00>
ST_18 : Operation 169 [1/1] (1.82ns)   --->   "%hp = add i6 %hp_0, 1" [main_5_slices.cpp:143]   --->   Operation 169 'add' 'hp' <Predicate = true> <Delay = 1.82> <Core = "AddSub">   --->   Core 14 'AddSub' <Latency = 0> <II = 1> <Delay = 1.82> <FuncUnit> <Opcode : 'add' 'sub'> <InPorts = 2> <OutPorts = 1>
ST_18 : Operation 170 [1/1] (0.00ns)   --->   "br i1 %icmp_ln143, label %.preheader.preheader, label %8" [main_5_slices.cpp:143]   --->   Operation 170 'br' <Predicate = true> <Delay = 0.00>
ST_18 : Operation 171 [1/1] (0.00ns)   --->   "%zext_ln144 = zext i6 %hp_0 to i64" [main_5_slices.cpp:144]   --->   Operation 171 'zext' 'zext_ln144' <Predicate = (!icmp_ln143)> <Delay = 0.00>
ST_18 : Operation 172 [1/1] (0.00ns)   --->   "%h_last_addr_1 = getelementptr [32 x half]* %h_last, i64 0, i64 %zext_ln144" [main_5_slices.cpp:144]   --->   Operation 172 'getelementptr' 'h_last_addr_1' <Predicate = (!icmp_ln143)> <Delay = 0.00>
ST_18 : Operation 173 [2/2] (2.32ns)   --->   "%hv = load half* %h_last_addr_1, align 2" [main_5_slices.cpp:144]   --->   Operation 173 'load' 'hv' <Predicate = (!icmp_ln143)> <Delay = 2.32> <Core = "RAM">   --->   Core 37 'RAM' <Latency = 1> <II = 1> <Delay = 3.25> <Storage> <Opcode : 'load' 'store'> <Ports = 2> <Width = 16> <Depth = 128> <RAM>
ST_18 : Operation 174 [1/1] (0.00ns)   --->   "%trunc_ln145 = trunc i6 %hp_0 to i5" [main_5_slices.cpp:145]   --->   Operation 174 'trunc' 'trunc_ln145' <Predicate = (!icmp_ln143)> <Delay = 0.00>
ST_18 : Operation 175 [1/1] (1.76ns)   --->   "br label %.preheader" [main_5_slices.cpp:149]   --->   Operation 175 'br' <Predicate = (icmp_ln143)> <Delay = 1.76>

State 19 <SV = 6> <Delay = 2.32>
ST_19 : Operation 176 [1/2] (2.32ns)   --->   "%hv = load half* %h_last_addr_1, align 2" [main_5_slices.cpp:144]   --->   Operation 176 'load' 'hv' <Predicate = true> <Delay = 2.32> <Core = "RAM">   --->   Core 37 'RAM' <Latency = 1> <II = 1> <Delay = 3.25> <Storage> <Opcode : 'load' 'store'> <Ports = 2> <Width = 16> <Depth = 128> <RAM>
ST_19 : Operation 177 [1/1] (0.00ns)   --->   "%shl_ln2 = call i12 @_ssdm_op_BitConcatenate.i12.i5.i7(i5 %trunc_ln145, i7 0)" [main_5_slices.cpp:145]   --->   Operation 177 'bitconcatenate' 'shl_ln2' <Predicate = true> <Delay = 0.00>
ST_19 : Operation 178 [1/1] (1.76ns)   --->   "br label %9" [main_5_slices.cpp:146]   --->   Operation 178 'br' <Predicate = true> <Delay = 1.76>

State 20 <SV = 7> <Delay = 1.91>
ST_20 : Operation 179 [1/1] (0.00ns)   --->   "%g2_0 = phi i8 [ 0, %8 ], [ %g_3, %10 ]"   --->   Operation 179 'phi' 'g2_0' <Predicate = true> <Delay = 0.00>
ST_20 : Operation 180 [1/1] (1.55ns)   --->   "%icmp_ln146 = icmp eq i8 %g2_0, -128" [main_5_slices.cpp:146]   --->   Operation 180 'icmp' 'icmp_ln146' <Predicate = true> <Delay = 1.55> <Core = "Cmp">   --->   Core 25 'Cmp' <Latency = 0> <II = 1> <Delay = 1.42> <FuncUnit> <Opcode : 'icmp'> <InPorts = 2> <OutPorts = 1>
ST_20 : Operation 181 [1/1] (0.00ns)   --->   "%empty_27 = call i32 (...)* @_ssdm_op_SpecLoopTripCount(i64 128, i64 128, i64 128)"   --->   Operation 181 'speclooptripcount' 'empty_27' <Predicate = true> <Delay = 0.00>
ST_20 : Operation 182 [1/1] (1.91ns)   --->   "%g_3 = add i8 %g2_0, 1" [main_5_slices.cpp:146]   --->   Operation 182 'add' 'g_3' <Predicate = true> <Delay = 1.91> <Core = "AddSub">   --->   Core 14 'AddSub' <Latency = 0> <II = 1> <Delay = 1.82> <FuncUnit> <Opcode : 'add' 'sub'> <InPorts = 2> <OutPorts = 1>
ST_20 : Operation 183 [1/1] (0.00ns)   --->   "br i1 %icmp_ln146, label %.preheader1.loopexit, label %10" [main_5_slices.cpp:146]   --->   Operation 183 'br' <Predicate = true> <Delay = 0.00>
ST_20 : Operation 184 [1/1] (0.00ns)   --->   "%zext_ln146 = zext i8 %g2_0 to i64" [main_5_slices.cpp:146]   --->   Operation 184 'zext' 'zext_ln146' <Predicate = (!icmp_ln146)> <Delay = 0.00>
ST_20 : Operation 185 [1/1] (0.00ns)   --->   "%zext_ln146_1 = zext i8 %g2_0 to i12" [main_5_slices.cpp:146]   --->   Operation 185 'zext' 'zext_ln146_1' <Predicate = (!icmp_ln146)> <Delay = 0.00>
ST_20 : Operation 186 [1/1] (1.54ns)   --->   "%add_ln146 = add i12 %shl_ln2, %zext_ln146_1" [main_5_slices.cpp:146]   --->   Operation 186 'add' 'add_ln146' <Predicate = (!icmp_ln146)> <Delay = 1.54> <Core = "AddSub">   --->   Core 14 'AddSub' <Latency = 0> <II = 1> <Delay = 1.82> <FuncUnit> <Opcode : 'add' 'sub'> <InPorts = 2> <OutPorts = 1>
ST_20 : Operation 187 [1/1] (0.00ns)   --->   "%z_addr_6 = getelementptr inbounds [128 x half]* %z, i64 0, i64 %zext_ln146" [main_5_slices.cpp:146]   --->   Operation 187 'getelementptr' 'z_addr_6' <Predicate = (!icmp_ln146)> <Delay = 0.00>
ST_20 : Operation 188 [1/1] (0.00ns)   --->   "br label %.preheader1"   --->   Operation 188 'br' <Predicate = (icmp_ln146)> <Delay = 0.00>

State 21 <SV = 8> <Delay = 7.86>
ST_21 : Operation 189 [1/1] (0.00ns)   --->   "%zext_ln146_2 = zext i12 %add_ln146 to i64" [main_5_slices.cpp:146]   --->   Operation 189 'zext' 'zext_ln146_2' <Predicate = true> <Delay = 0.00>
ST_21 : Operation 190 [1/1] (0.00ns)   --->   "%R_ifog_addr = getelementptr [4096 x half]* %R_ifog, i64 0, i64 %zext_ln146_2" [main_5_slices.cpp:146]   --->   Operation 190 'getelementptr' 'R_ifog_addr' <Predicate = true> <Delay = 0.00>
ST_21 : Operation 191 [1/1] (1.00ns)   --->   "%R_ifog_load = load half* %R_ifog_addr, align 2" [main_5_slices.cpp:146]   --->   Operation 191 'load' 'R_ifog_load' <Predicate = true> <Delay = 1.00> <Core = "Register">   --->   Core 77 'Register' <Latency = 0> <II = 1> <Delay = 1.00> <Storage> <Opcode : 'load' 'store'> <Ports = 0> <Width = 16> <Depth = 1> <Register>
ST_21 : Operation 192 [4/4] (6.86ns)   --->   "%tmp_79 = fmul half %hv, %R_ifog_load" [main_5_slices.cpp:146]   --->   Operation 192 'hmul' 'tmp_79' <Predicate = true> <Delay = 6.86> <Core = "HMul">   --->   Core 91 'HMul' <Latency = 3> <II = 1> <Delay = 6.86> <FuncUnit> <Opcode : 'hmul'> <InPorts = 2> <OutPorts = 1>

State 22 <SV = 9> <Delay = 6.86>
ST_22 : Operation 193 [3/4] (6.86ns)   --->   "%tmp_79 = fmul half %hv, %R_ifog_load" [main_5_slices.cpp:146]   --->   Operation 193 'hmul' 'tmp_79' <Predicate = true> <Delay = 6.86> <Core = "HMul">   --->   Core 91 'HMul' <Latency = 3> <II = 1> <Delay = 6.86> <FuncUnit> <Opcode : 'hmul'> <InPorts = 2> <OutPorts = 1>

State 23 <SV = 10> <Delay = 6.86>
ST_23 : Operation 194 [2/4] (6.86ns)   --->   "%tmp_79 = fmul half %hv, %R_ifog_load" [main_5_slices.cpp:146]   --->   Operation 194 'hmul' 'tmp_79' <Predicate = true> <Delay = 6.86> <Core = "HMul">   --->   Core 91 'HMul' <Latency = 3> <II = 1> <Delay = 6.86> <FuncUnit> <Opcode : 'hmul'> <InPorts = 2> <OutPorts = 1>
ST_23 : Operation 195 [2/2] (3.25ns)   --->   "%z_load_5 = load half* %z_addr_6, align 2" [main_5_slices.cpp:146]   --->   Operation 195 'load' 'z_load_5' <Predicate = true> <Delay = 3.25> <Core = "RAM">   --->   Core 37 'RAM' <Latency = 1> <II = 1> <Delay = 3.25> <Storage> <Opcode : 'load' 'store'> <Ports = 2> <Width = 16> <Depth = 128> <RAM>

State 24 <SV = 11> <Delay = 6.86>
ST_24 : Operation 196 [1/4] (6.86ns)   --->   "%tmp_79 = fmul half %hv, %R_ifog_load" [main_5_slices.cpp:146]   --->   Operation 196 'hmul' 'tmp_79' <Predicate = true> <Delay = 6.86> <Core = "HMul">   --->   Core 91 'HMul' <Latency = 3> <II = 1> <Delay = 6.86> <FuncUnit> <Opcode : 'hmul'> <InPorts = 2> <OutPorts = 1>
ST_24 : Operation 197 [1/2] (3.25ns)   --->   "%z_load_5 = load half* %z_addr_6, align 2" [main_5_slices.cpp:146]   --->   Operation 197 'load' 'z_load_5' <Predicate = true> <Delay = 3.25> <Core = "RAM">   --->   Core 37 'RAM' <Latency = 1> <II = 1> <Delay = 3.25> <Storage> <Opcode : 'load' 'store'> <Ports = 2> <Width = 16> <Depth = 128> <RAM>

State 25 <SV = 12> <Delay = 7.61>
ST_25 : Operation 198 [5/5] (7.61ns)   --->   "%tmp_80 = fadd half %z_load_5, %tmp_79" [main_5_slices.cpp:146]   --->   Operation 198 'hadd' 'tmp_80' <Predicate = true> <Delay = 7.61> <Core = "HAddSub">   --->   Core 90 'HAddSub' <Latency = 4> <II = 1> <Delay = 7.61> <FuncUnit> <Opcode : 'hadd' 'hsub'> <InPorts = 2> <OutPorts = 1>

State 26 <SV = 13> <Delay = 7.61>
ST_26 : Operation 199 [4/5] (7.61ns)   --->   "%tmp_80 = fadd half %z_load_5, %tmp_79" [main_5_slices.cpp:146]   --->   Operation 199 'hadd' 'tmp_80' <Predicate = true> <Delay = 7.61> <Core = "HAddSub">   --->   Core 90 'HAddSub' <Latency = 4> <II = 1> <Delay = 7.61> <FuncUnit> <Opcode : 'hadd' 'hsub'> <InPorts = 2> <OutPorts = 1>

State 27 <SV = 14> <Delay = 7.61>
ST_27 : Operation 200 [3/5] (7.61ns)   --->   "%tmp_80 = fadd half %z_load_5, %tmp_79" [main_5_slices.cpp:146]   --->   Operation 200 'hadd' 'tmp_80' <Predicate = true> <Delay = 7.61> <Core = "HAddSub">   --->   Core 90 'HAddSub' <Latency = 4> <II = 1> <Delay = 7.61> <FuncUnit> <Opcode : 'hadd' 'hsub'> <InPorts = 2> <OutPorts = 1>

State 28 <SV = 15> <Delay = 7.61>
ST_28 : Operation 201 [2/5] (7.61ns)   --->   "%tmp_80 = fadd half %z_load_5, %tmp_79" [main_5_slices.cpp:146]   --->   Operation 201 'hadd' 'tmp_80' <Predicate = true> <Delay = 7.61> <Core = "HAddSub">   --->   Core 90 'HAddSub' <Latency = 4> <II = 1> <Delay = 7.61> <FuncUnit> <Opcode : 'hadd' 'hsub'> <InPorts = 2> <OutPorts = 1>

State 29 <SV = 16> <Delay = 7.61>
ST_29 : Operation 202 [1/5] (7.61ns)   --->   "%tmp_80 = fadd half %z_load_5, %tmp_79" [main_5_slices.cpp:146]   --->   Operation 202 'hadd' 'tmp_80' <Predicate = true> <Delay = 7.61> <Core = "HAddSub">   --->   Core 90 'HAddSub' <Latency = 4> <II = 1> <Delay = 7.61> <FuncUnit> <Opcode : 'hadd' 'hsub'> <InPorts = 2> <OutPorts = 1>

State 30 <SV = 17> <Delay = 3.25>
ST_30 : Operation 203 [1/1] (3.25ns)   --->   "store half %tmp_80, half* %z_addr_6, align 2" [main_5_slices.cpp:146]   --->   Operation 203 'store' <Predicate = true> <Delay = 3.25> <Core = "RAM">   --->   Core 37 'RAM' <Latency = 1> <II = 1> <Delay = 3.25> <Storage> <Opcode : 'load' 'store'> <Ports = 2> <Width = 16> <Depth = 128> <RAM>
ST_30 : Operation 204 [1/1] (0.00ns)   --->   "br label %9" [main_5_slices.cpp:146]   --->   Operation 204 'br' <Predicate = true> <Delay = 0.00>

State 31 <SV = 6> <Delay = 4.23>
ST_31 : Operation 205 [1/1] (0.00ns)   --->   "%j_1 = phi i6 [ %j_14, %_ifconv ], [ 0, %.preheader.preheader ]"   --->   Operation 205 'phi' 'j_1' <Predicate = true> <Delay = 0.00>
ST_31 : Operation 206 [1/1] (1.42ns)   --->   "%icmp_ln149 = icmp eq i6 %j_1, -32" [main_5_slices.cpp:149]   --->   Operation 206 'icmp' 'icmp_ln149' <Predicate = true> <Delay = 1.42> <Core = "Cmp">   --->   Core 25 'Cmp' <Latency = 0> <II = 1> <Delay = 1.42> <FuncUnit> <Opcode : 'icmp'> <InPorts = 2> <OutPorts = 1>
ST_31 : Operation 207 [1/1] (0.00ns)   --->   "%empty_28 = call i32 (...)* @_ssdm_op_SpecLoopTripCount(i64 32, i64 32, i64 32)"   --->   Operation 207 'speclooptripcount' 'empty_28' <Predicate = true> <Delay = 0.00>
ST_31 : Operation 208 [1/1] (1.82ns)   --->   "%j_14 = add i6 %j_1, 1" [main_5_slices.cpp:149]   --->   Operation 208 'add' 'j_14' <Predicate = true> <Delay = 1.82> <Core = "AddSub">   --->   Core 14 'AddSub' <Latency = 0> <II = 1> <Delay = 1.82> <FuncUnit> <Opcode : 'add' 'sub'> <InPorts = 2> <OutPorts = 1>
ST_31 : Operation 209 [1/1] (0.00ns)   --->   "br i1 %icmp_ln149, label %.preheader3.loopexit, label %_ifconv" [main_5_slices.cpp:149]   --->   Operation 209 'br' <Predicate = true> <Delay = 0.00>
ST_31 : Operation 210 [1/1] (0.00ns)   --->   "%zext_ln150 = zext i6 %j_1 to i64" [main_5_slices.cpp:150]   --->   Operation 210 'zext' 'zext_ln150' <Predicate = (!icmp_ln149)> <Delay = 0.00>
ST_31 : Operation 211 [1/1] (0.00ns)   --->   "%z_addr_2 = getelementptr inbounds [128 x half]* %z, i64 0, i64 %zext_ln150" [main_5_slices.cpp:150]   --->   Operation 211 'getelementptr' 'z_addr_2' <Predicate = (!icmp_ln149)> <Delay = 0.00>
ST_31 : Operation 212 [2/2] (3.25ns)   --->   "%z_load_1 = load half* %z_addr_2, align 2" [main_5_slices.cpp:150]   --->   Operation 212 'load' 'z_load_1' <Predicate = (!icmp_ln149)> <Delay = 3.25> <Core = "RAM">   --->   Core 37 'RAM' <Latency = 1> <II = 1> <Delay = 3.25> <Storage> <Opcode : 'load' 'store'> <Ports = 2> <Width = 16> <Depth = 128> <RAM>
ST_31 : Operation 213 [1/1] (0.97ns)   --->   "%xor_ln151 = xor i6 %j_1, -32" [main_5_slices.cpp:151]   --->   Operation 213 'xor' 'xor_ln151' <Predicate = (!icmp_ln149)> <Delay = 0.97> <Core = "LogicGate">   --->   Core 27 'LogicGate' <Latency = 0> <II = 1> <Delay = 0.97> <FuncUnit> <Opcode : 'and' 'or' 'xor'> <InPorts = 2> <OutPorts = 1>
ST_31 : Operation 214 [1/1] (0.00ns)   --->   "%zext_ln151 = zext i6 %xor_ln151 to i64" [main_5_slices.cpp:151]   --->   Operation 214 'zext' 'zext_ln151' <Predicate = (!icmp_ln149)> <Delay = 0.00>
ST_31 : Operation 215 [1/1] (0.00ns)   --->   "%z_addr_3 = getelementptr inbounds [128 x half]* %z, i64 0, i64 %zext_ln151" [main_5_slices.cpp:151]   --->   Operation 215 'getelementptr' 'z_addr_3' <Predicate = (!icmp_ln149)> <Delay = 0.00>
ST_31 : Operation 216 [2/2] (3.25ns)   --->   "%z_load_2 = load half* %z_addr_3, align 2" [main_5_slices.cpp:151]   --->   Operation 216 'load' 'z_load_2' <Predicate = (!icmp_ln149)> <Delay = 3.25> <Core = "RAM">   --->   Core 37 'RAM' <Latency = 1> <II = 1> <Delay = 3.25> <Storage> <Opcode : 'load' 'store'> <Ports = 2> <Width = 16> <Depth = 128> <RAM>
ST_31 : Operation 217 [1/1] (0.00ns)   --->   "br label %.preheader3"   --->   Operation 217 'br' <Predicate = (icmp_ln149)> <Delay = 0.00>

State 32 <SV = 7> <Delay = 3.25>
ST_32 : Operation 218 [1/2] (3.25ns)   --->   "%z_load_1 = load half* %z_addr_2, align 2" [main_5_slices.cpp:150]   --->   Operation 218 'load' 'z_load_1' <Predicate = true> <Delay = 3.25> <Core = "RAM">   --->   Core 37 'RAM' <Latency = 1> <II = 1> <Delay = 3.25> <Storage> <Opcode : 'load' 'store'> <Ports = 2> <Width = 16> <Depth = 128> <RAM>
ST_32 : Operation 219 [1/2] (3.25ns)   --->   "%z_load_2 = load half* %z_addr_3, align 2" [main_5_slices.cpp:151]   --->   Operation 219 'load' 'z_load_2' <Predicate = true> <Delay = 3.25> <Core = "RAM">   --->   Core 37 'RAM' <Latency = 1> <II = 1> <Delay = 3.25> <Storage> <Opcode : 'load' 'store'> <Ports = 2> <Width = 16> <Depth = 128> <RAM>

State 33 <SV = 8> <Delay = 7.61>
ST_33 : Operation 220 [5/5] (7.61ns)   --->   "%tmp_63 = fsub half 0x8000000000000000, %z_load_1" [main_5_slices.cpp:150]   --->   Operation 220 'hsub' 'tmp_63' <Predicate = true> <Delay = 7.61> <Core = "HAddSub">   --->   Core 90 'HAddSub' <Latency = 4> <II = 1> <Delay = 7.61> <FuncUnit> <Opcode : 'hadd' 'hsub'> <InPorts = 2> <OutPorts = 1>
ST_33 : Operation 221 [5/5] (7.61ns)   --->   "%tmp_68 = fsub half 0x8000000000000000, %z_load_2" [main_5_slices.cpp:151]   --->   Operation 221 'hsub' 'tmp_68' <Predicate = true> <Delay = 7.61> <Core = "HAddSub">   --->   Core 90 'HAddSub' <Latency = 4> <II = 1> <Delay = 7.61> <FuncUnit> <Opcode : 'hadd' 'hsub'> <InPorts = 2> <OutPorts = 1>

State 34 <SV = 9> <Delay = 7.61>
ST_34 : Operation 222 [4/5] (7.61ns)   --->   "%tmp_63 = fsub half 0x8000000000000000, %z_load_1" [main_5_slices.cpp:150]   --->   Operation 222 'hsub' 'tmp_63' <Predicate = true> <Delay = 7.61> <Core = "HAddSub">   --->   Core 90 'HAddSub' <Latency = 4> <II = 1> <Delay = 7.61> <FuncUnit> <Opcode : 'hadd' 'hsub'> <InPorts = 2> <OutPorts = 1>
ST_34 : Operation 223 [4/5] (7.61ns)   --->   "%tmp_68 = fsub half 0x8000000000000000, %z_load_2" [main_5_slices.cpp:151]   --->   Operation 223 'hsub' 'tmp_68' <Predicate = true> <Delay = 7.61> <Core = "HAddSub">   --->   Core 90 'HAddSub' <Latency = 4> <II = 1> <Delay = 7.61> <FuncUnit> <Opcode : 'hadd' 'hsub'> <InPorts = 2> <OutPorts = 1>

State 35 <SV = 10> <Delay = 7.61>
ST_35 : Operation 224 [3/5] (7.61ns)   --->   "%tmp_63 = fsub half 0x8000000000000000, %z_load_1" [main_5_slices.cpp:150]   --->   Operation 224 'hsub' 'tmp_63' <Predicate = true> <Delay = 7.61> <Core = "HAddSub">   --->   Core 90 'HAddSub' <Latency = 4> <II = 1> <Delay = 7.61> <FuncUnit> <Opcode : 'hadd' 'hsub'> <InPorts = 2> <OutPorts = 1>
ST_35 : Operation 225 [3/5] (7.61ns)   --->   "%tmp_68 = fsub half 0x8000000000000000, %z_load_2" [main_5_slices.cpp:151]   --->   Operation 225 'hsub' 'tmp_68' <Predicate = true> <Delay = 7.61> <Core = "HAddSub">   --->   Core 90 'HAddSub' <Latency = 4> <II = 1> <Delay = 7.61> <FuncUnit> <Opcode : 'hadd' 'hsub'> <InPorts = 2> <OutPorts = 1>

State 36 <SV = 11> <Delay = 7.61>
ST_36 : Operation 226 [2/5] (7.61ns)   --->   "%tmp_63 = fsub half 0x8000000000000000, %z_load_1" [main_5_slices.cpp:150]   --->   Operation 226 'hsub' 'tmp_63' <Predicate = true> <Delay = 7.61> <Core = "HAddSub">   --->   Core 90 'HAddSub' <Latency = 4> <II = 1> <Delay = 7.61> <FuncUnit> <Opcode : 'hadd' 'hsub'> <InPorts = 2> <OutPorts = 1>
ST_36 : Operation 227 [2/5] (7.61ns)   --->   "%tmp_68 = fsub half 0x8000000000000000, %z_load_2" [main_5_slices.cpp:151]   --->   Operation 227 'hsub' 'tmp_68' <Predicate = true> <Delay = 7.61> <Core = "HAddSub">   --->   Core 90 'HAddSub' <Latency = 4> <II = 1> <Delay = 7.61> <FuncUnit> <Opcode : 'hadd' 'hsub'> <InPorts = 2> <OutPorts = 1>

State 37 <SV = 12> <Delay = 7.61>
ST_37 : Operation 228 [1/5] (7.61ns)   --->   "%tmp_63 = fsub half 0x8000000000000000, %z_load_1" [main_5_slices.cpp:150]   --->   Operation 228 'hsub' 'tmp_63' <Predicate = true> <Delay = 7.61> <Core = "HAddSub">   --->   Core 90 'HAddSub' <Latency = 4> <II = 1> <Delay = 7.61> <FuncUnit> <Opcode : 'hadd' 'hsub'> <InPorts = 2> <OutPorts = 1>
ST_37 : Operation 229 [1/5] (7.61ns)   --->   "%tmp_68 = fsub half 0x8000000000000000, %z_load_2" [main_5_slices.cpp:151]   --->   Operation 229 'hsub' 'tmp_68' <Predicate = true> <Delay = 7.61> <Core = "HAddSub">   --->   Core 90 'HAddSub' <Latency = 4> <II = 1> <Delay = 7.61> <FuncUnit> <Opcode : 'hadd' 'hsub'> <InPorts = 2> <OutPorts = 1>

State 38 <SV = 13> <Delay = 3.52>
ST_38 : Operation 230 [2/2] (3.52ns)   --->   "%tmp_64 = fpext half %tmp_63 to float" [main_5_slices.cpp:150]   --->   Operation 230 'hptosp' 'tmp_64' <Predicate = true> <Delay = 3.52> <Core = "Half2Float">   --->   Core 93 'Half2Float' <Latency = 1> <II = 1> <Delay = 3.52> <FuncUnit> <Opcode : 'hptosp'> <InPorts = 1> <OutPorts = 1>
ST_38 : Operation 231 [2/2] (3.52ns)   --->   "%tmp_69 = fpext half %tmp_68 to float" [main_5_slices.cpp:151]   --->   Operation 231 'hptosp' 'tmp_69' <Predicate = true> <Delay = 3.52> <Core = "Half2Float">   --->   Core 93 'Half2Float' <Latency = 1> <II = 1> <Delay = 3.52> <FuncUnit> <Opcode : 'hptosp'> <InPorts = 1> <OutPorts = 1>

State 39 <SV = 14> <Delay = 3.52>
ST_39 : Operation 232 [1/2] (3.52ns)   --->   "%tmp_64 = fpext half %tmp_63 to float" [main_5_slices.cpp:150]   --->   Operation 232 'hptosp' 'tmp_64' <Predicate = true> <Delay = 3.52> <Core = "Half2Float">   --->   Core 93 'Half2Float' <Latency = 1> <II = 1> <Delay = 3.52> <FuncUnit> <Opcode : 'hptosp'> <InPorts = 1> <OutPorts = 1>
ST_39 : Operation 233 [1/2] (3.52ns)   --->   "%tmp_69 = fpext half %tmp_68 to float" [main_5_slices.cpp:151]   --->   Operation 233 'hptosp' 'tmp_69' <Predicate = true> <Delay = 3.52> <Core = "Half2Float">   --->   Core 93 'Half2Float' <Latency = 1> <II = 1> <Delay = 3.52> <FuncUnit> <Opcode : 'hptosp'> <InPorts = 1> <OutPorts = 1>

State 40 <SV = 15> <Delay = 7.68>
ST_40 : Operation 234 [9/9] (7.68ns)   --->   "%tmp_65 = call float @llvm.exp.f32(float %tmp_64)" [main_5_slices.cpp:150]   --->   Operation 234 'fexp' 'tmp_65' <Predicate = true> <Delay = 7.68> <Core = "FExp">   --->   Core 127 'FExp' <Latency = 8> <II = 1> <Delay = 7.68> <FuncUnit> <Opcode : 'fexp'> <InPorts = 1> <OutPorts = 1>
ST_40 : Operation 235 [9/9] (7.68ns)   --->   "%tmp_70 = call float @llvm.exp.f32(float %tmp_69)" [main_5_slices.cpp:151]   --->   Operation 235 'fexp' 'tmp_70' <Predicate = true> <Delay = 7.68> <Core = "FExp">   --->   Core 127 'FExp' <Latency = 8> <II = 1> <Delay = 7.68> <FuncUnit> <Opcode : 'fexp'> <InPorts = 1> <OutPorts = 1>

State 41 <SV = 16> <Delay = 7.68>
ST_41 : Operation 236 [8/9] (7.68ns)   --->   "%tmp_65 = call float @llvm.exp.f32(float %tmp_64)" [main_5_slices.cpp:150]   --->   Operation 236 'fexp' 'tmp_65' <Predicate = true> <Delay = 7.68> <Core = "FExp">   --->   Core 127 'FExp' <Latency = 8> <II = 1> <Delay = 7.68> <FuncUnit> <Opcode : 'fexp'> <InPorts = 1> <OutPorts = 1>
ST_41 : Operation 237 [8/9] (7.68ns)   --->   "%tmp_70 = call float @llvm.exp.f32(float %tmp_69)" [main_5_slices.cpp:151]   --->   Operation 237 'fexp' 'tmp_70' <Predicate = true> <Delay = 7.68> <Core = "FExp">   --->   Core 127 'FExp' <Latency = 8> <II = 1> <Delay = 7.68> <FuncUnit> <Opcode : 'fexp'> <InPorts = 1> <OutPorts = 1>

State 42 <SV = 17> <Delay = 7.68>
ST_42 : Operation 238 [7/9] (7.68ns)   --->   "%tmp_65 = call float @llvm.exp.f32(float %tmp_64)" [main_5_slices.cpp:150]   --->   Operation 238 'fexp' 'tmp_65' <Predicate = true> <Delay = 7.68> <Core = "FExp">   --->   Core 127 'FExp' <Latency = 8> <II = 1> <Delay = 7.68> <FuncUnit> <Opcode : 'fexp'> <InPorts = 1> <OutPorts = 1>
ST_42 : Operation 239 [7/9] (7.68ns)   --->   "%tmp_70 = call float @llvm.exp.f32(float %tmp_69)" [main_5_slices.cpp:151]   --->   Operation 239 'fexp' 'tmp_70' <Predicate = true> <Delay = 7.68> <Core = "FExp">   --->   Core 127 'FExp' <Latency = 8> <II = 1> <Delay = 7.68> <FuncUnit> <Opcode : 'fexp'> <InPorts = 1> <OutPorts = 1>
ST_42 : Operation 240 [1/1] (0.00ns)   --->   "%or_ln = call i7 @_ssdm_op_BitConcatenate.i7.i1.i6(i1 true, i6 %j_1)" [main_5_slices.cpp:152]   --->   Operation 240 'bitconcatenate' 'or_ln' <Predicate = true> <Delay = 0.00>
ST_42 : Operation 241 [1/1] (0.00ns)   --->   "%zext_ln152 = zext i7 %or_ln to i64" [main_5_slices.cpp:152]   --->   Operation 241 'zext' 'zext_ln152' <Predicate = true> <Delay = 0.00>
ST_42 : Operation 242 [1/1] (0.00ns)   --->   "%z_addr_4 = getelementptr inbounds [128 x half]* %z, i64 0, i64 %zext_ln152" [main_5_slices.cpp:152]   --->   Operation 242 'getelementptr' 'z_addr_4' <Predicate = true> <Delay = 0.00>
ST_42 : Operation 243 [2/2] (3.25ns)   --->   "%z_load_3 = load half* %z_addr_4, align 2" [main_5_slices.cpp:152]   --->   Operation 243 'load' 'z_load_3' <Predicate = true> <Delay = 3.25> <Core = "RAM">   --->   Core 37 'RAM' <Latency = 1> <II = 1> <Delay = 3.25> <Storage> <Opcode : 'load' 'store'> <Ports = 2> <Width = 16> <Depth = 128> <RAM>

State 43 <SV = 18> <Delay = 7.68>
ST_43 : Operation 244 [6/9] (7.68ns)   --->   "%tmp_65 = call float @llvm.exp.f32(float %tmp_64)" [main_5_slices.cpp:150]   --->   Operation 244 'fexp' 'tmp_65' <Predicate = true> <Delay = 7.68> <Core = "FExp">   --->   Core 127 'FExp' <Latency = 8> <II = 1> <Delay = 7.68> <FuncUnit> <Opcode : 'fexp'> <InPorts = 1> <OutPorts = 1>
ST_43 : Operation 245 [6/9] (7.68ns)   --->   "%tmp_70 = call float @llvm.exp.f32(float %tmp_69)" [main_5_slices.cpp:151]   --->   Operation 245 'fexp' 'tmp_70' <Predicate = true> <Delay = 7.68> <Core = "FExp">   --->   Core 127 'FExp' <Latency = 8> <II = 1> <Delay = 7.68> <FuncUnit> <Opcode : 'fexp'> <InPorts = 1> <OutPorts = 1>
ST_43 : Operation 246 [1/2] (3.25ns)   --->   "%z_load_3 = load half* %z_addr_4, align 2" [main_5_slices.cpp:152]   --->   Operation 246 'load' 'z_load_3' <Predicate = true> <Delay = 3.25> <Core = "RAM">   --->   Core 37 'RAM' <Latency = 1> <II = 1> <Delay = 3.25> <Storage> <Opcode : 'load' 'store'> <Ports = 2> <Width = 16> <Depth = 128> <RAM>

State 44 <SV = 19> <Delay = 7.68>
ST_44 : Operation 247 [5/9] (7.68ns)   --->   "%tmp_65 = call float @llvm.exp.f32(float %tmp_64)" [main_5_slices.cpp:150]   --->   Operation 247 'fexp' 'tmp_65' <Predicate = true> <Delay = 7.68> <Core = "FExp">   --->   Core 127 'FExp' <Latency = 8> <II = 1> <Delay = 7.68> <FuncUnit> <Opcode : 'fexp'> <InPorts = 1> <OutPorts = 1>
ST_44 : Operation 248 [5/9] (7.68ns)   --->   "%tmp_70 = call float @llvm.exp.f32(float %tmp_69)" [main_5_slices.cpp:151]   --->   Operation 248 'fexp' 'tmp_70' <Predicate = true> <Delay = 7.68> <Core = "FExp">   --->   Core 127 'FExp' <Latency = 8> <II = 1> <Delay = 7.68> <FuncUnit> <Opcode : 'fexp'> <InPorts = 1> <OutPorts = 1>
ST_44 : Operation 249 [5/5] (7.61ns)   --->   "%tmp_73 = fsub half 0x8000000000000000, %z_load_3" [main_5_slices.cpp:152]   --->   Operation 249 'hsub' 'tmp_73' <Predicate = true> <Delay = 7.61> <Core = "HAddSub">   --->   Core 90 'HAddSub' <Latency = 4> <II = 1> <Delay = 7.61> <FuncUnit> <Opcode : 'hadd' 'hsub'> <InPorts = 2> <OutPorts = 1>

State 45 <SV = 20> <Delay = 7.68>
ST_45 : Operation 250 [4/9] (7.68ns)   --->   "%tmp_65 = call float @llvm.exp.f32(float %tmp_64)" [main_5_slices.cpp:150]   --->   Operation 250 'fexp' 'tmp_65' <Predicate = true> <Delay = 7.68> <Core = "FExp">   --->   Core 127 'FExp' <Latency = 8> <II = 1> <Delay = 7.68> <FuncUnit> <Opcode : 'fexp'> <InPorts = 1> <OutPorts = 1>
ST_45 : Operation 251 [4/9] (7.68ns)   --->   "%tmp_70 = call float @llvm.exp.f32(float %tmp_69)" [main_5_slices.cpp:151]   --->   Operation 251 'fexp' 'tmp_70' <Predicate = true> <Delay = 7.68> <Core = "FExp">   --->   Core 127 'FExp' <Latency = 8> <II = 1> <Delay = 7.68> <FuncUnit> <Opcode : 'fexp'> <InPorts = 1> <OutPorts = 1>
ST_45 : Operation 252 [4/5] (7.61ns)   --->   "%tmp_73 = fsub half 0x8000000000000000, %z_load_3" [main_5_slices.cpp:152]   --->   Operation 252 'hsub' 'tmp_73' <Predicate = true> <Delay = 7.61> <Core = "HAddSub">   --->   Core 90 'HAddSub' <Latency = 4> <II = 1> <Delay = 7.61> <FuncUnit> <Opcode : 'hadd' 'hsub'> <InPorts = 2> <OutPorts = 1>

State 46 <SV = 21> <Delay = 7.68>
ST_46 : Operation 253 [3/9] (7.68ns)   --->   "%tmp_65 = call float @llvm.exp.f32(float %tmp_64)" [main_5_slices.cpp:150]   --->   Operation 253 'fexp' 'tmp_65' <Predicate = true> <Delay = 7.68> <Core = "FExp">   --->   Core 127 'FExp' <Latency = 8> <II = 1> <Delay = 7.68> <FuncUnit> <Opcode : 'fexp'> <InPorts = 1> <OutPorts = 1>
ST_46 : Operation 254 [3/9] (7.68ns)   --->   "%tmp_70 = call float @llvm.exp.f32(float %tmp_69)" [main_5_slices.cpp:151]   --->   Operation 254 'fexp' 'tmp_70' <Predicate = true> <Delay = 7.68> <Core = "FExp">   --->   Core 127 'FExp' <Latency = 8> <II = 1> <Delay = 7.68> <FuncUnit> <Opcode : 'fexp'> <InPorts = 1> <OutPorts = 1>
ST_46 : Operation 255 [3/5] (7.61ns)   --->   "%tmp_73 = fsub half 0x8000000000000000, %z_load_3" [main_5_slices.cpp:152]   --->   Operation 255 'hsub' 'tmp_73' <Predicate = true> <Delay = 7.61> <Core = "HAddSub">   --->   Core 90 'HAddSub' <Latency = 4> <II = 1> <Delay = 7.61> <FuncUnit> <Opcode : 'hadd' 'hsub'> <InPorts = 2> <OutPorts = 1>

State 47 <SV = 22> <Delay = 7.68>
ST_47 : Operation 256 [2/9] (7.68ns)   --->   "%tmp_65 = call float @llvm.exp.f32(float %tmp_64)" [main_5_slices.cpp:150]   --->   Operation 256 'fexp' 'tmp_65' <Predicate = true> <Delay = 7.68> <Core = "FExp">   --->   Core 127 'FExp' <Latency = 8> <II = 1> <Delay = 7.68> <FuncUnit> <Opcode : 'fexp'> <InPorts = 1> <OutPorts = 1>
ST_47 : Operation 257 [2/9] (7.68ns)   --->   "%tmp_70 = call float @llvm.exp.f32(float %tmp_69)" [main_5_slices.cpp:151]   --->   Operation 257 'fexp' 'tmp_70' <Predicate = true> <Delay = 7.68> <Core = "FExp">   --->   Core 127 'FExp' <Latency = 8> <II = 1> <Delay = 7.68> <FuncUnit> <Opcode : 'fexp'> <InPorts = 1> <OutPorts = 1>
ST_47 : Operation 258 [2/5] (7.61ns)   --->   "%tmp_73 = fsub half 0x8000000000000000, %z_load_3" [main_5_slices.cpp:152]   --->   Operation 258 'hsub' 'tmp_73' <Predicate = true> <Delay = 7.61> <Core = "HAddSub">   --->   Core 90 'HAddSub' <Latency = 4> <II = 1> <Delay = 7.61> <FuncUnit> <Opcode : 'hadd' 'hsub'> <InPorts = 2> <OutPorts = 1>

State 48 <SV = 23> <Delay = 7.68>
ST_48 : Operation 259 [1/9] (7.68ns)   --->   "%tmp_65 = call float @llvm.exp.f32(float %tmp_64)" [main_5_slices.cpp:150]   --->   Operation 259 'fexp' 'tmp_65' <Predicate = true> <Delay = 7.68> <Core = "FExp">   --->   Core 127 'FExp' <Latency = 8> <II = 1> <Delay = 7.68> <FuncUnit> <Opcode : 'fexp'> <InPorts = 1> <OutPorts = 1>
ST_48 : Operation 260 [1/9] (7.68ns)   --->   "%tmp_70 = call float @llvm.exp.f32(float %tmp_69)" [main_5_slices.cpp:151]   --->   Operation 260 'fexp' 'tmp_70' <Predicate = true> <Delay = 7.68> <Core = "FExp">   --->   Core 127 'FExp' <Latency = 8> <II = 1> <Delay = 7.68> <FuncUnit> <Opcode : 'fexp'> <InPorts = 1> <OutPorts = 1>
ST_48 : Operation 261 [1/5] (7.61ns)   --->   "%tmp_73 = fsub half 0x8000000000000000, %z_load_3" [main_5_slices.cpp:152]   --->   Operation 261 'hsub' 'tmp_73' <Predicate = true> <Delay = 7.61> <Core = "HAddSub">   --->   Core 90 'HAddSub' <Latency = 4> <II = 1> <Delay = 7.61> <FuncUnit> <Opcode : 'hadd' 'hsub'> <InPorts = 2> <OutPorts = 1>

State 49 <SV = 24> <Delay = 7.25>
ST_49 : Operation 262 [5/5] (7.25ns)   --->   "%tmp_66 = fadd float %tmp_65, 1.000000e+00" [main_5_slices.cpp:150]   --->   Operation 262 'fadd' 'tmp_66' <Predicate = true> <Delay = 7.25> <Core = "FAddSub">   --->   Core 105 'FAddSub' <Latency = 4> <II = 1> <Delay = 7.25> <FuncUnit> <Opcode : 'fadd' 'fsub'> <InPorts = 2> <OutPorts = 1>
ST_49 : Operation 263 [5/5] (7.25ns)   --->   "%tmp_71 = fadd float %tmp_70, 1.000000e+00" [main_5_slices.cpp:151]   --->   Operation 263 'fadd' 'tmp_71' <Predicate = true> <Delay = 7.25> <Core = "FAddSub">   --->   Core 105 'FAddSub' <Latency = 4> <II = 1> <Delay = 7.25> <FuncUnit> <Opcode : 'fadd' 'fsub'> <InPorts = 2> <OutPorts = 1>
ST_49 : Operation 264 [2/2] (3.52ns)   --->   "%tmp_74 = fpext half %tmp_73 to float" [main_5_slices.cpp:152]   --->   Operation 264 'hptosp' 'tmp_74' <Predicate = true> <Delay = 3.52> <Core = "Half2Float">   --->   Core 93 'Half2Float' <Latency = 1> <II = 1> <Delay = 3.52> <FuncUnit> <Opcode : 'hptosp'> <InPorts = 1> <OutPorts = 1>

State 50 <SV = 25> <Delay = 7.25>
ST_50 : Operation 265 [4/5] (7.25ns)   --->   "%tmp_66 = fadd float %tmp_65, 1.000000e+00" [main_5_slices.cpp:150]   --->   Operation 265 'fadd' 'tmp_66' <Predicate = true> <Delay = 7.25> <Core = "FAddSub">   --->   Core 105 'FAddSub' <Latency = 4> <II = 1> <Delay = 7.25> <FuncUnit> <Opcode : 'fadd' 'fsub'> <InPorts = 2> <OutPorts = 1>
ST_50 : Operation 266 [4/5] (7.25ns)   --->   "%tmp_71 = fadd float %tmp_70, 1.000000e+00" [main_5_slices.cpp:151]   --->   Operation 266 'fadd' 'tmp_71' <Predicate = true> <Delay = 7.25> <Core = "FAddSub">   --->   Core 105 'FAddSub' <Latency = 4> <II = 1> <Delay = 7.25> <FuncUnit> <Opcode : 'fadd' 'fsub'> <InPorts = 2> <OutPorts = 1>
ST_50 : Operation 267 [1/2] (3.52ns)   --->   "%tmp_74 = fpext half %tmp_73 to float" [main_5_slices.cpp:152]   --->   Operation 267 'hptosp' 'tmp_74' <Predicate = true> <Delay = 3.52> <Core = "Half2Float">   --->   Core 93 'Half2Float' <Latency = 1> <II = 1> <Delay = 3.52> <FuncUnit> <Opcode : 'hptosp'> <InPorts = 1> <OutPorts = 1>

State 51 <SV = 26> <Delay = 7.68>
ST_51 : Operation 268 [3/5] (7.25ns)   --->   "%tmp_66 = fadd float %tmp_65, 1.000000e+00" [main_5_slices.cpp:150]   --->   Operation 268 'fadd' 'tmp_66' <Predicate = true> <Delay = 7.25> <Core = "FAddSub">   --->   Core 105 'FAddSub' <Latency = 4> <II = 1> <Delay = 7.25> <FuncUnit> <Opcode : 'fadd' 'fsub'> <InPorts = 2> <OutPorts = 1>
ST_51 : Operation 269 [3/5] (7.25ns)   --->   "%tmp_71 = fadd float %tmp_70, 1.000000e+00" [main_5_slices.cpp:151]   --->   Operation 269 'fadd' 'tmp_71' <Predicate = true> <Delay = 7.25> <Core = "FAddSub">   --->   Core 105 'FAddSub' <Latency = 4> <II = 1> <Delay = 7.25> <FuncUnit> <Opcode : 'fadd' 'fsub'> <InPorts = 2> <OutPorts = 1>
ST_51 : Operation 270 [9/9] (7.68ns)   --->   "%tmp_75 = call float @llvm.exp.f32(float %tmp_74)" [main_5_slices.cpp:152]   --->   Operation 270 'fexp' 'tmp_75' <Predicate = true> <Delay = 7.68> <Core = "FExp">   --->   Core 127 'FExp' <Latency = 8> <II = 1> <Delay = 7.68> <FuncUnit> <Opcode : 'fexp'> <InPorts = 1> <OutPorts = 1>

State 52 <SV = 27> <Delay = 7.68>
ST_52 : Operation 271 [2/5] (7.25ns)   --->   "%tmp_66 = fadd float %tmp_65, 1.000000e+00" [main_5_slices.cpp:150]   --->   Operation 271 'fadd' 'tmp_66' <Predicate = true> <Delay = 7.25> <Core = "FAddSub">   --->   Core 105 'FAddSub' <Latency = 4> <II = 1> <Delay = 7.25> <FuncUnit> <Opcode : 'fadd' 'fsub'> <InPorts = 2> <OutPorts = 1>
ST_52 : Operation 272 [2/5] (7.25ns)   --->   "%tmp_71 = fadd float %tmp_70, 1.000000e+00" [main_5_slices.cpp:151]   --->   Operation 272 'fadd' 'tmp_71' <Predicate = true> <Delay = 7.25> <Core = "FAddSub">   --->   Core 105 'FAddSub' <Latency = 4> <II = 1> <Delay = 7.25> <FuncUnit> <Opcode : 'fadd' 'fsub'> <InPorts = 2> <OutPorts = 1>
ST_52 : Operation 273 [8/9] (7.68ns)   --->   "%tmp_75 = call float @llvm.exp.f32(float %tmp_74)" [main_5_slices.cpp:152]   --->   Operation 273 'fexp' 'tmp_75' <Predicate = true> <Delay = 7.68> <Core = "FExp">   --->   Core 127 'FExp' <Latency = 8> <II = 1> <Delay = 7.68> <FuncUnit> <Opcode : 'fexp'> <InPorts = 1> <OutPorts = 1>

State 53 <SV = 28> <Delay = 7.68>
ST_53 : Operation 274 [1/5] (7.25ns)   --->   "%tmp_66 = fadd float %tmp_65, 1.000000e+00" [main_5_slices.cpp:150]   --->   Operation 274 'fadd' 'tmp_66' <Predicate = true> <Delay = 7.25> <Core = "FAddSub">   --->   Core 105 'FAddSub' <Latency = 4> <II = 1> <Delay = 7.25> <FuncUnit> <Opcode : 'fadd' 'fsub'> <InPorts = 2> <OutPorts = 1>
ST_53 : Operation 275 [1/5] (7.25ns)   --->   "%tmp_71 = fadd float %tmp_70, 1.000000e+00" [main_5_slices.cpp:151]   --->   Operation 275 'fadd' 'tmp_71' <Predicate = true> <Delay = 7.25> <Core = "FAddSub">   --->   Core 105 'FAddSub' <Latency = 4> <II = 1> <Delay = 7.25> <FuncUnit> <Opcode : 'fadd' 'fsub'> <InPorts = 2> <OutPorts = 1>
ST_53 : Operation 276 [7/9] (7.68ns)   --->   "%tmp_75 = call float @llvm.exp.f32(float %tmp_74)" [main_5_slices.cpp:152]   --->   Operation 276 'fexp' 'tmp_75' <Predicate = true> <Delay = 7.68> <Core = "FExp">   --->   Core 127 'FExp' <Latency = 8> <II = 1> <Delay = 7.68> <FuncUnit> <Opcode : 'fexp'> <InPorts = 1> <OutPorts = 1>

State 54 <SV = 29> <Delay = 7.68>
ST_54 : Operation 277 [16/16] (6.07ns)   --->   "%tmp_67 = fdiv float 1.000000e+00, %tmp_66" [main_5_slices.cpp:150]   --->   Operation 277 'fdiv' 'tmp_67' <Predicate = true> <Delay = 6.07> <Core = "FDiv">   --->   Core 107 'FDiv' <Latency = 15> <II = 1> <Delay = 6.07> <FuncUnit> <Opcode : 'fdiv' 'frem'> <InPorts = 2> <OutPorts = 1>
ST_54 : Operation 278 [16/16] (6.07ns)   --->   "%tmp_72 = fdiv float 1.000000e+00, %tmp_71" [main_5_slices.cpp:151]   --->   Operation 278 'fdiv' 'tmp_72' <Predicate = true> <Delay = 6.07> <Core = "FDiv">   --->   Core 107 'FDiv' <Latency = 15> <II = 1> <Delay = 6.07> <FuncUnit> <Opcode : 'fdiv' 'frem'> <InPorts = 2> <OutPorts = 1>
ST_54 : Operation 279 [6/9] (7.68ns)   --->   "%tmp_75 = call float @llvm.exp.f32(float %tmp_74)" [main_5_slices.cpp:152]   --->   Operation 279 'fexp' 'tmp_75' <Predicate = true> <Delay = 7.68> <Core = "FExp">   --->   Core 127 'FExp' <Latency = 8> <II = 1> <Delay = 7.68> <FuncUnit> <Opcode : 'fexp'> <InPorts = 1> <OutPorts = 1>

State 55 <SV = 30> <Delay = 7.68>
ST_55 : Operation 280 [15/16] (6.07ns)   --->   "%tmp_67 = fdiv float 1.000000e+00, %tmp_66" [main_5_slices.cpp:150]   --->   Operation 280 'fdiv' 'tmp_67' <Predicate = true> <Delay = 6.07> <Core = "FDiv">   --->   Core 107 'FDiv' <Latency = 15> <II = 1> <Delay = 6.07> <FuncUnit> <Opcode : 'fdiv' 'frem'> <InPorts = 2> <OutPorts = 1>
ST_55 : Operation 281 [15/16] (6.07ns)   --->   "%tmp_72 = fdiv float 1.000000e+00, %tmp_71" [main_5_slices.cpp:151]   --->   Operation 281 'fdiv' 'tmp_72' <Predicate = true> <Delay = 6.07> <Core = "FDiv">   --->   Core 107 'FDiv' <Latency = 15> <II = 1> <Delay = 6.07> <FuncUnit> <Opcode : 'fdiv' 'frem'> <InPorts = 2> <OutPorts = 1>
ST_55 : Operation 282 [5/9] (7.68ns)   --->   "%tmp_75 = call float @llvm.exp.f32(float %tmp_74)" [main_5_slices.cpp:152]   --->   Operation 282 'fexp' 'tmp_75' <Predicate = true> <Delay = 7.68> <Core = "FExp">   --->   Core 127 'FExp' <Latency = 8> <II = 1> <Delay = 7.68> <FuncUnit> <Opcode : 'fexp'> <InPorts = 1> <OutPorts = 1>

State 56 <SV = 31> <Delay = 7.68>
ST_56 : Operation 283 [14/16] (6.07ns)   --->   "%tmp_67 = fdiv float 1.000000e+00, %tmp_66" [main_5_slices.cpp:150]   --->   Operation 283 'fdiv' 'tmp_67' <Predicate = true> <Delay = 6.07> <Core = "FDiv">   --->   Core 107 'FDiv' <Latency = 15> <II = 1> <Delay = 6.07> <FuncUnit> <Opcode : 'fdiv' 'frem'> <InPorts = 2> <OutPorts = 1>
ST_56 : Operation 284 [14/16] (6.07ns)   --->   "%tmp_72 = fdiv float 1.000000e+00, %tmp_71" [main_5_slices.cpp:151]   --->   Operation 284 'fdiv' 'tmp_72' <Predicate = true> <Delay = 6.07> <Core = "FDiv">   --->   Core 107 'FDiv' <Latency = 15> <II = 1> <Delay = 6.07> <FuncUnit> <Opcode : 'fdiv' 'frem'> <InPorts = 2> <OutPorts = 1>
ST_56 : Operation 285 [4/9] (7.68ns)   --->   "%tmp_75 = call float @llvm.exp.f32(float %tmp_74)" [main_5_slices.cpp:152]   --->   Operation 285 'fexp' 'tmp_75' <Predicate = true> <Delay = 7.68> <Core = "FExp">   --->   Core 127 'FExp' <Latency = 8> <II = 1> <Delay = 7.68> <FuncUnit> <Opcode : 'fexp'> <InPorts = 1> <OutPorts = 1>

State 57 <SV = 32> <Delay = 7.68>
ST_57 : Operation 286 [13/16] (6.07ns)   --->   "%tmp_67 = fdiv float 1.000000e+00, %tmp_66" [main_5_slices.cpp:150]   --->   Operation 286 'fdiv' 'tmp_67' <Predicate = true> <Delay = 6.07> <Core = "FDiv">   --->   Core 107 'FDiv' <Latency = 15> <II = 1> <Delay = 6.07> <FuncUnit> <Opcode : 'fdiv' 'frem'> <InPorts = 2> <OutPorts = 1>
ST_57 : Operation 287 [13/16] (6.07ns)   --->   "%tmp_72 = fdiv float 1.000000e+00, %tmp_71" [main_5_slices.cpp:151]   --->   Operation 287 'fdiv' 'tmp_72' <Predicate = true> <Delay = 6.07> <Core = "FDiv">   --->   Core 107 'FDiv' <Latency = 15> <II = 1> <Delay = 6.07> <FuncUnit> <Opcode : 'fdiv' 'frem'> <InPorts = 2> <OutPorts = 1>
ST_57 : Operation 288 [3/9] (7.68ns)   --->   "%tmp_75 = call float @llvm.exp.f32(float %tmp_74)" [main_5_slices.cpp:152]   --->   Operation 288 'fexp' 'tmp_75' <Predicate = true> <Delay = 7.68> <Core = "FExp">   --->   Core 127 'FExp' <Latency = 8> <II = 1> <Delay = 7.68> <FuncUnit> <Opcode : 'fexp'> <InPorts = 1> <OutPorts = 1>

State 58 <SV = 33> <Delay = 7.68>
ST_58 : Operation 289 [12/16] (6.07ns)   --->   "%tmp_67 = fdiv float 1.000000e+00, %tmp_66" [main_5_slices.cpp:150]   --->   Operation 289 'fdiv' 'tmp_67' <Predicate = true> <Delay = 6.07> <Core = "FDiv">   --->   Core 107 'FDiv' <Latency = 15> <II = 1> <Delay = 6.07> <FuncUnit> <Opcode : 'fdiv' 'frem'> <InPorts = 2> <OutPorts = 1>
ST_58 : Operation 290 [12/16] (6.07ns)   --->   "%tmp_72 = fdiv float 1.000000e+00, %tmp_71" [main_5_slices.cpp:151]   --->   Operation 290 'fdiv' 'tmp_72' <Predicate = true> <Delay = 6.07> <Core = "FDiv">   --->   Core 107 'FDiv' <Latency = 15> <II = 1> <Delay = 6.07> <FuncUnit> <Opcode : 'fdiv' 'frem'> <InPorts = 2> <OutPorts = 1>
ST_58 : Operation 291 [2/9] (7.68ns)   --->   "%tmp_75 = call float @llvm.exp.f32(float %tmp_74)" [main_5_slices.cpp:152]   --->   Operation 291 'fexp' 'tmp_75' <Predicate = true> <Delay = 7.68> <Core = "FExp">   --->   Core 127 'FExp' <Latency = 8> <II = 1> <Delay = 7.68> <FuncUnit> <Opcode : 'fexp'> <InPorts = 1> <OutPorts = 1>

State 59 <SV = 34> <Delay = 7.68>
ST_59 : Operation 292 [11/16] (6.07ns)   --->   "%tmp_67 = fdiv float 1.000000e+00, %tmp_66" [main_5_slices.cpp:150]   --->   Operation 292 'fdiv' 'tmp_67' <Predicate = true> <Delay = 6.07> <Core = "FDiv">   --->   Core 107 'FDiv' <Latency = 15> <II = 1> <Delay = 6.07> <FuncUnit> <Opcode : 'fdiv' 'frem'> <InPorts = 2> <OutPorts = 1>
ST_59 : Operation 293 [11/16] (6.07ns)   --->   "%tmp_72 = fdiv float 1.000000e+00, %tmp_71" [main_5_slices.cpp:151]   --->   Operation 293 'fdiv' 'tmp_72' <Predicate = true> <Delay = 6.07> <Core = "FDiv">   --->   Core 107 'FDiv' <Latency = 15> <II = 1> <Delay = 6.07> <FuncUnit> <Opcode : 'fdiv' 'frem'> <InPorts = 2> <OutPorts = 1>
ST_59 : Operation 294 [1/9] (7.68ns)   --->   "%tmp_75 = call float @llvm.exp.f32(float %tmp_74)" [main_5_slices.cpp:152]   --->   Operation 294 'fexp' 'tmp_75' <Predicate = true> <Delay = 7.68> <Core = "FExp">   --->   Core 127 'FExp' <Latency = 8> <II = 1> <Delay = 7.68> <FuncUnit> <Opcode : 'fexp'> <InPorts = 1> <OutPorts = 1>

State 60 <SV = 35> <Delay = 7.25>
ST_60 : Operation 295 [10/16] (6.07ns)   --->   "%tmp_67 = fdiv float 1.000000e+00, %tmp_66" [main_5_slices.cpp:150]   --->   Operation 295 'fdiv' 'tmp_67' <Predicate = true> <Delay = 6.07> <Core = "FDiv">   --->   Core 107 'FDiv' <Latency = 15> <II = 1> <Delay = 6.07> <FuncUnit> <Opcode : 'fdiv' 'frem'> <InPorts = 2> <OutPorts = 1>
ST_60 : Operation 296 [10/16] (6.07ns)   --->   "%tmp_72 = fdiv float 1.000000e+00, %tmp_71" [main_5_slices.cpp:151]   --->   Operation 296 'fdiv' 'tmp_72' <Predicate = true> <Delay = 6.07> <Core = "FDiv">   --->   Core 107 'FDiv' <Latency = 15> <II = 1> <Delay = 6.07> <FuncUnit> <Opcode : 'fdiv' 'frem'> <InPorts = 2> <OutPorts = 1>
ST_60 : Operation 297 [5/5] (7.25ns)   --->   "%tmp_76 = fadd float %tmp_75, 1.000000e+00" [main_5_slices.cpp:152]   --->   Operation 297 'fadd' 'tmp_76' <Predicate = true> <Delay = 7.25> <Core = "FAddSub">   --->   Core 105 'FAddSub' <Latency = 4> <II = 1> <Delay = 7.25> <FuncUnit> <Opcode : 'fadd' 'fsub'> <InPorts = 2> <OutPorts = 1>

State 61 <SV = 36> <Delay = 7.25>
ST_61 : Operation 298 [9/16] (6.07ns)   --->   "%tmp_67 = fdiv float 1.000000e+00, %tmp_66" [main_5_slices.cpp:150]   --->   Operation 298 'fdiv' 'tmp_67' <Predicate = true> <Delay = 6.07> <Core = "FDiv">   --->   Core 107 'FDiv' <Latency = 15> <II = 1> <Delay = 6.07> <FuncUnit> <Opcode : 'fdiv' 'frem'> <InPorts = 2> <OutPorts = 1>
ST_61 : Operation 299 [9/16] (6.07ns)   --->   "%tmp_72 = fdiv float 1.000000e+00, %tmp_71" [main_5_slices.cpp:151]   --->   Operation 299 'fdiv' 'tmp_72' <Predicate = true> <Delay = 6.07> <Core = "FDiv">   --->   Core 107 'FDiv' <Latency = 15> <II = 1> <Delay = 6.07> <FuncUnit> <Opcode : 'fdiv' 'frem'> <InPorts = 2> <OutPorts = 1>
ST_61 : Operation 300 [4/5] (7.25ns)   --->   "%tmp_76 = fadd float %tmp_75, 1.000000e+00" [main_5_slices.cpp:152]   --->   Operation 300 'fadd' 'tmp_76' <Predicate = true> <Delay = 7.25> <Core = "FAddSub">   --->   Core 105 'FAddSub' <Latency = 4> <II = 1> <Delay = 7.25> <FuncUnit> <Opcode : 'fadd' 'fsub'> <InPorts = 2> <OutPorts = 1>

State 62 <SV = 37> <Delay = 7.25>
ST_62 : Operation 301 [8/16] (6.07ns)   --->   "%tmp_67 = fdiv float 1.000000e+00, %tmp_66" [main_5_slices.cpp:150]   --->   Operation 301 'fdiv' 'tmp_67' <Predicate = true> <Delay = 6.07> <Core = "FDiv">   --->   Core 107 'FDiv' <Latency = 15> <II = 1> <Delay = 6.07> <FuncUnit> <Opcode : 'fdiv' 'frem'> <InPorts = 2> <OutPorts = 1>
ST_62 : Operation 302 [8/16] (6.07ns)   --->   "%tmp_72 = fdiv float 1.000000e+00, %tmp_71" [main_5_slices.cpp:151]   --->   Operation 302 'fdiv' 'tmp_72' <Predicate = true> <Delay = 6.07> <Core = "FDiv">   --->   Core 107 'FDiv' <Latency = 15> <II = 1> <Delay = 6.07> <FuncUnit> <Opcode : 'fdiv' 'frem'> <InPorts = 2> <OutPorts = 1>
ST_62 : Operation 303 [3/5] (7.25ns)   --->   "%tmp_76 = fadd float %tmp_75, 1.000000e+00" [main_5_slices.cpp:152]   --->   Operation 303 'fadd' 'tmp_76' <Predicate = true> <Delay = 7.25> <Core = "FAddSub">   --->   Core 105 'FAddSub' <Latency = 4> <II = 1> <Delay = 7.25> <FuncUnit> <Opcode : 'fadd' 'fsub'> <InPorts = 2> <OutPorts = 1>

State 63 <SV = 38> <Delay = 7.25>
ST_63 : Operation 304 [7/16] (6.07ns)   --->   "%tmp_67 = fdiv float 1.000000e+00, %tmp_66" [main_5_slices.cpp:150]   --->   Operation 304 'fdiv' 'tmp_67' <Predicate = true> <Delay = 6.07> <Core = "FDiv">   --->   Core 107 'FDiv' <Latency = 15> <II = 1> <Delay = 6.07> <FuncUnit> <Opcode : 'fdiv' 'frem'> <InPorts = 2> <OutPorts = 1>
ST_63 : Operation 305 [7/16] (6.07ns)   --->   "%tmp_72 = fdiv float 1.000000e+00, %tmp_71" [main_5_slices.cpp:151]   --->   Operation 305 'fdiv' 'tmp_72' <Predicate = true> <Delay = 6.07> <Core = "FDiv">   --->   Core 107 'FDiv' <Latency = 15> <II = 1> <Delay = 6.07> <FuncUnit> <Opcode : 'fdiv' 'frem'> <InPorts = 2> <OutPorts = 1>
ST_63 : Operation 306 [2/5] (7.25ns)   --->   "%tmp_76 = fadd float %tmp_75, 1.000000e+00" [main_5_slices.cpp:152]   --->   Operation 306 'fadd' 'tmp_76' <Predicate = true> <Delay = 7.25> <Core = "FAddSub">   --->   Core 105 'FAddSub' <Latency = 4> <II = 1> <Delay = 7.25> <FuncUnit> <Opcode : 'fadd' 'fsub'> <InPorts = 2> <OutPorts = 1>

State 64 <SV = 39> <Delay = 7.25>
ST_64 : Operation 307 [6/16] (6.07ns)   --->   "%tmp_67 = fdiv float 1.000000e+00, %tmp_66" [main_5_slices.cpp:150]   --->   Operation 307 'fdiv' 'tmp_67' <Predicate = true> <Delay = 6.07> <Core = "FDiv">   --->   Core 107 'FDiv' <Latency = 15> <II = 1> <Delay = 6.07> <FuncUnit> <Opcode : 'fdiv' 'frem'> <InPorts = 2> <OutPorts = 1>
ST_64 : Operation 308 [6/16] (6.07ns)   --->   "%tmp_72 = fdiv float 1.000000e+00, %tmp_71" [main_5_slices.cpp:151]   --->   Operation 308 'fdiv' 'tmp_72' <Predicate = true> <Delay = 6.07> <Core = "FDiv">   --->   Core 107 'FDiv' <Latency = 15> <II = 1> <Delay = 6.07> <FuncUnit> <Opcode : 'fdiv' 'frem'> <InPorts = 2> <OutPorts = 1>
ST_64 : Operation 309 [1/5] (7.25ns)   --->   "%tmp_76 = fadd float %tmp_75, 1.000000e+00" [main_5_slices.cpp:152]   --->   Operation 309 'fadd' 'tmp_76' <Predicate = true> <Delay = 7.25> <Core = "FAddSub">   --->   Core 105 'FAddSub' <Latency = 4> <II = 1> <Delay = 7.25> <FuncUnit> <Opcode : 'fadd' 'fsub'> <InPorts = 2> <OutPorts = 1>

State 65 <SV = 40> <Delay = 6.07>
ST_65 : Operation 310 [5/16] (6.07ns)   --->   "%tmp_67 = fdiv float 1.000000e+00, %tmp_66" [main_5_slices.cpp:150]   --->   Operation 310 'fdiv' 'tmp_67' <Predicate = true> <Delay = 6.07> <Core = "FDiv">   --->   Core 107 'FDiv' <Latency = 15> <II = 1> <Delay = 6.07> <FuncUnit> <Opcode : 'fdiv' 'frem'> <InPorts = 2> <OutPorts = 1>
ST_65 : Operation 311 [5/16] (6.07ns)   --->   "%tmp_72 = fdiv float 1.000000e+00, %tmp_71" [main_5_slices.cpp:151]   --->   Operation 311 'fdiv' 'tmp_72' <Predicate = true> <Delay = 6.07> <Core = "FDiv">   --->   Core 107 'FDiv' <Latency = 15> <II = 1> <Delay = 6.07> <FuncUnit> <Opcode : 'fdiv' 'frem'> <InPorts = 2> <OutPorts = 1>
ST_65 : Operation 312 [16/16] (6.07ns)   --->   "%tmp_77 = fdiv float 1.000000e+00, %tmp_76" [main_5_slices.cpp:152]   --->   Operation 312 'fdiv' 'tmp_77' <Predicate = true> <Delay = 6.07> <Core = "FDiv">   --->   Core 107 'FDiv' <Latency = 15> <II = 1> <Delay = 6.07> <FuncUnit> <Opcode : 'fdiv' 'frem'> <InPorts = 2> <OutPorts = 1>

State 66 <SV = 41> <Delay = 6.07>
ST_66 : Operation 313 [4/16] (6.07ns)   --->   "%tmp_67 = fdiv float 1.000000e+00, %tmp_66" [main_5_slices.cpp:150]   --->   Operation 313 'fdiv' 'tmp_67' <Predicate = true> <Delay = 6.07> <Core = "FDiv">   --->   Core 107 'FDiv' <Latency = 15> <II = 1> <Delay = 6.07> <FuncUnit> <Opcode : 'fdiv' 'frem'> <InPorts = 2> <OutPorts = 1>
ST_66 : Operation 314 [4/16] (6.07ns)   --->   "%tmp_72 = fdiv float 1.000000e+00, %tmp_71" [main_5_slices.cpp:151]   --->   Operation 314 'fdiv' 'tmp_72' <Predicate = true> <Delay = 6.07> <Core = "FDiv">   --->   Core 107 'FDiv' <Latency = 15> <II = 1> <Delay = 6.07> <FuncUnit> <Opcode : 'fdiv' 'frem'> <InPorts = 2> <OutPorts = 1>
ST_66 : Operation 315 [15/16] (6.07ns)   --->   "%tmp_77 = fdiv float 1.000000e+00, %tmp_76" [main_5_slices.cpp:152]   --->   Operation 315 'fdiv' 'tmp_77' <Predicate = true> <Delay = 6.07> <Core = "FDiv">   --->   Core 107 'FDiv' <Latency = 15> <II = 1> <Delay = 6.07> <FuncUnit> <Opcode : 'fdiv' 'frem'> <InPorts = 2> <OutPorts = 1>

State 67 <SV = 42> <Delay = 6.07>
ST_67 : Operation 316 [3/16] (6.07ns)   --->   "%tmp_67 = fdiv float 1.000000e+00, %tmp_66" [main_5_slices.cpp:150]   --->   Operation 316 'fdiv' 'tmp_67' <Predicate = true> <Delay = 6.07> <Core = "FDiv">   --->   Core 107 'FDiv' <Latency = 15> <II = 1> <Delay = 6.07> <FuncUnit> <Opcode : 'fdiv' 'frem'> <InPorts = 2> <OutPorts = 1>
ST_67 : Operation 317 [3/16] (6.07ns)   --->   "%tmp_72 = fdiv float 1.000000e+00, %tmp_71" [main_5_slices.cpp:151]   --->   Operation 317 'fdiv' 'tmp_72' <Predicate = true> <Delay = 6.07> <Core = "FDiv">   --->   Core 107 'FDiv' <Latency = 15> <II = 1> <Delay = 6.07> <FuncUnit> <Opcode : 'fdiv' 'frem'> <InPorts = 2> <OutPorts = 1>
ST_67 : Operation 318 [14/16] (6.07ns)   --->   "%tmp_77 = fdiv float 1.000000e+00, %tmp_76" [main_5_slices.cpp:152]   --->   Operation 318 'fdiv' 'tmp_77' <Predicate = true> <Delay = 6.07> <Core = "FDiv">   --->   Core 107 'FDiv' <Latency = 15> <II = 1> <Delay = 6.07> <FuncUnit> <Opcode : 'fdiv' 'frem'> <InPorts = 2> <OutPorts = 1>

State 68 <SV = 43> <Delay = 6.07>
ST_68 : Operation 319 [2/16] (6.07ns)   --->   "%tmp_67 = fdiv float 1.000000e+00, %tmp_66" [main_5_slices.cpp:150]   --->   Operation 319 'fdiv' 'tmp_67' <Predicate = true> <Delay = 6.07> <Core = "FDiv">   --->   Core 107 'FDiv' <Latency = 15> <II = 1> <Delay = 6.07> <FuncUnit> <Opcode : 'fdiv' 'frem'> <InPorts = 2> <OutPorts = 1>
ST_68 : Operation 320 [2/16] (6.07ns)   --->   "%tmp_72 = fdiv float 1.000000e+00, %tmp_71" [main_5_slices.cpp:151]   --->   Operation 320 'fdiv' 'tmp_72' <Predicate = true> <Delay = 6.07> <Core = "FDiv">   --->   Core 107 'FDiv' <Latency = 15> <II = 1> <Delay = 6.07> <FuncUnit> <Opcode : 'fdiv' 'frem'> <InPorts = 2> <OutPorts = 1>
ST_68 : Operation 321 [13/16] (6.07ns)   --->   "%tmp_77 = fdiv float 1.000000e+00, %tmp_76" [main_5_slices.cpp:152]   --->   Operation 321 'fdiv' 'tmp_77' <Predicate = true> <Delay = 6.07> <Core = "FDiv">   --->   Core 107 'FDiv' <Latency = 15> <II = 1> <Delay = 6.07> <FuncUnit> <Opcode : 'fdiv' 'frem'> <InPorts = 2> <OutPorts = 1>

State 69 <SV = 44> <Delay = 6.07>
ST_69 : Operation 322 [1/16] (6.07ns)   --->   "%tmp_67 = fdiv float 1.000000e+00, %tmp_66" [main_5_slices.cpp:150]   --->   Operation 322 'fdiv' 'tmp_67' <Predicate = true> <Delay = 6.07> <Core = "FDiv">   --->   Core 107 'FDiv' <Latency = 15> <II = 1> <Delay = 6.07> <FuncUnit> <Opcode : 'fdiv' 'frem'> <InPorts = 2> <OutPorts = 1>
ST_69 : Operation 323 [1/16] (6.07ns)   --->   "%tmp_72 = fdiv float 1.000000e+00, %tmp_71" [main_5_slices.cpp:151]   --->   Operation 323 'fdiv' 'tmp_72' <Predicate = true> <Delay = 6.07> <Core = "FDiv">   --->   Core 107 'FDiv' <Latency = 15> <II = 1> <Delay = 6.07> <FuncUnit> <Opcode : 'fdiv' 'frem'> <InPorts = 2> <OutPorts = 1>
ST_69 : Operation 324 [12/16] (6.07ns)   --->   "%tmp_77 = fdiv float 1.000000e+00, %tmp_76" [main_5_slices.cpp:152]   --->   Operation 324 'fdiv' 'tmp_77' <Predicate = true> <Delay = 6.07> <Core = "FDiv">   --->   Core 107 'FDiv' <Latency = 15> <II = 1> <Delay = 6.07> <FuncUnit> <Opcode : 'fdiv' 'frem'> <InPorts = 2> <OutPorts = 1>
ST_69 : Operation 325 [1/1] (0.00ns)   --->   "%sext_ln153 = sext i6 %xor_ln151 to i7" [main_5_slices.cpp:153]   --->   Operation 325 'sext' 'sext_ln153' <Predicate = true> <Delay = 0.00>
ST_69 : Operation 326 [1/1] (0.00ns)   --->   "%zext_ln153 = zext i7 %sext_ln153 to i64" [main_5_slices.cpp:153]   --->   Operation 326 'zext' 'zext_ln153' <Predicate = true> <Delay = 0.00>
ST_69 : Operation 327 [1/1] (0.00ns)   --->   "%z_addr_5 = getelementptr inbounds [128 x half]* %z, i64 0, i64 %zext_ln153" [main_5_slices.cpp:153]   --->   Operation 327 'getelementptr' 'z_addr_5' <Predicate = true> <Delay = 0.00>
ST_69 : Operation 328 [2/2] (3.25ns)   --->   "%z_load_4 = load half* %z_addr_5, align 2" [main_5_slices.cpp:153]   --->   Operation 328 'load' 'z_load_4' <Predicate = true> <Delay = 3.25> <Core = "RAM">   --->   Core 37 'RAM' <Latency = 1> <II = 1> <Delay = 3.25> <Storage> <Opcode : 'load' 'store'> <Ports = 2> <Width = 16> <Depth = 128> <RAM>

State 70 <SV = 45> <Delay = 8.44>
ST_70 : Operation 329 [2/2] (5.22ns)   --->   "%i = fptrunc float %tmp_67 to half" [main_5_slices.cpp:150]   --->   Operation 329 'sptohp' 'i' <Predicate = true> <Delay = 5.22> <Core = "Float2Half">   --->   Core 94 'Float2Half' <Latency = 1> <II = 1> <Delay = 5.22> <FuncUnit> <Opcode : 'sptohp'> <InPorts = 1> <OutPorts = 1>
ST_70 : Operation 330 [2/2] (5.22ns)   --->   "%f = fptrunc float %tmp_72 to half" [main_5_slices.cpp:151]   --->   Operation 330 'sptohp' 'f' <Predicate = true> <Delay = 5.22> <Core = "Float2Half">   --->   Core 94 'Float2Half' <Latency = 1> <II = 1> <Delay = 5.22> <FuncUnit> <Opcode : 'sptohp'> <InPorts = 1> <OutPorts = 1>
ST_70 : Operation 331 [11/16] (6.07ns)   --->   "%tmp_77 = fdiv float 1.000000e+00, %tmp_76" [main_5_slices.cpp:152]   --->   Operation 331 'fdiv' 'tmp_77' <Predicate = true> <Delay = 6.07> <Core = "FDiv">   --->   Core 107 'FDiv' <Latency = 15> <II = 1> <Delay = 6.07> <FuncUnit> <Opcode : 'fdiv' 'frem'> <InPorts = 2> <OutPorts = 1>
ST_70 : Operation 332 [1/2] (3.25ns)   --->   "%z_load_4 = load half* %z_addr_5, align 2" [main_5_slices.cpp:153]   --->   Operation 332 'load' 'z_load_4' <Predicate = true> <Delay = 3.25> <Core = "RAM">   --->   Core 37 'RAM' <Latency = 1> <II = 1> <Delay = 3.25> <Storage> <Opcode : 'load' 'store'> <Ports = 2> <Width = 16> <Depth = 128> <RAM>
ST_70 : Operation 333 [2/2] (5.18ns)   --->   "%tmp_78 = fcmp olt half %z_load_4, 0xBFF0000000000000" [main_5_slices.cpp:46->main_5_slices.cpp:153]   --->   Operation 333 'hcmp' 'tmp_78' <Predicate = true> <Delay = 5.18> <Core = "HCmp">   --->   Core 98 'HCmp' <Latency = 1> <II = 1> <Delay = 5.18> <FuncUnit> <Opcode : 'hcmp'> <InPorts = 2> <OutPorts = 1>
ST_70 : Operation 334 [2/2] (5.18ns)   --->   "%tmp_81 = fcmp ogt half %z_load_4, 0x3FF0000000000000" [main_5_slices.cpp:47->main_5_slices.cpp:153]   --->   Operation 334 'hcmp' 'tmp_81' <Predicate = true> <Delay = 5.18> <Core = "HCmp">   --->   Core 98 'HCmp' <Latency = 1> <II = 1> <Delay = 5.18> <FuncUnit> <Opcode : 'hcmp'> <InPorts = 2> <OutPorts = 1>
ST_70 : Operation 335 [1/1] (0.00ns)   --->   "%c_slice_addr_1 = getelementptr [32 x half]* @c_slice, i64 0, i64 %zext_ln150" [main_5_slices.cpp:154]   --->   Operation 335 'getelementptr' 'c_slice_addr_1' <Predicate = true> <Delay = 0.00>
ST_70 : Operation 336 [2/2] (2.32ns)   --->   "%c_slice_load = load half* %c_slice_addr_1, align 2" [main_5_slices.cpp:154]   --->   Operation 336 'load' 'c_slice_load' <Predicate = true> <Delay = 2.32> <Core = "RAM">   --->   Core 37 'RAM' <Latency = 1> <II = 1> <Delay = 3.25> <Storage> <Opcode : 'load' 'store'> <Ports = 2> <Width = 16> <Depth = 128> <RAM>

State 71 <SV = 46> <Delay = 7.14>
ST_71 : Operation 337 [1/2] (5.22ns)   --->   "%i = fptrunc float %tmp_67 to half" [main_5_slices.cpp:150]   --->   Operation 337 'sptohp' 'i' <Predicate = true> <Delay = 5.22> <Core = "Float2Half">   --->   Core 94 'Float2Half' <Latency = 1> <II = 1> <Delay = 5.22> <FuncUnit> <Opcode : 'sptohp'> <InPorts = 1> <OutPorts = 1>
ST_71 : Operation 338 [1/2] (5.22ns)   --->   "%f = fptrunc float %tmp_72 to half" [main_5_slices.cpp:151]   --->   Operation 338 'sptohp' 'f' <Predicate = true> <Delay = 5.22> <Core = "Float2Half">   --->   Core 94 'Float2Half' <Latency = 1> <II = 1> <Delay = 5.22> <FuncUnit> <Opcode : 'sptohp'> <InPorts = 1> <OutPorts = 1>
ST_71 : Operation 339 [10/16] (6.07ns)   --->   "%tmp_77 = fdiv float 1.000000e+00, %tmp_76" [main_5_slices.cpp:152]   --->   Operation 339 'fdiv' 'tmp_77' <Predicate = true> <Delay = 6.07> <Core = "FDiv">   --->   Core 107 'FDiv' <Latency = 15> <II = 1> <Delay = 6.07> <FuncUnit> <Opcode : 'fdiv' 'frem'> <InPorts = 2> <OutPorts = 1>
ST_71 : Operation 340 [1/2] (5.18ns)   --->   "%tmp_78 = fcmp olt half %z_load_4, 0xBFF0000000000000" [main_5_slices.cpp:46->main_5_slices.cpp:153]   --->   Operation 340 'hcmp' 'tmp_78' <Predicate = true> <Delay = 5.18> <Core = "HCmp">   --->   Core 98 'HCmp' <Latency = 1> <II = 1> <Delay = 5.18> <FuncUnit> <Opcode : 'hcmp'> <InPorts = 2> <OutPorts = 1>
ST_71 : Operation 341 [1/2] (5.18ns)   --->   "%tmp_81 = fcmp ogt half %z_load_4, 0x3FF0000000000000" [main_5_slices.cpp:47->main_5_slices.cpp:153]   --->   Operation 341 'hcmp' 'tmp_81' <Predicate = true> <Delay = 5.18> <Core = "HCmp">   --->   Core 98 'HCmp' <Latency = 1> <II = 1> <Delay = 5.18> <FuncUnit> <Opcode : 'hcmp'> <InPorts = 2> <OutPorts = 1>
ST_71 : Operation 342 [1/1] (0.00ns) (grouped into LUT with out node and_ln47)   --->   "%xor_ln46 = xor i1 %tmp_78, true" [main_5_slices.cpp:46->main_5_slices.cpp:153]   --->   Operation 342 'xor' 'xor_ln46' <Predicate = true> <Delay = 0.00> <Core = "LogicGate">   --->   Core 27 'LogicGate' <Latency = 0> <II = 1> <Delay = 0.97> <FuncUnit> <Opcode : 'and' 'or' 'xor'> <InPorts = 2> <OutPorts = 1>
ST_71 : Operation 343 [1/1] (0.97ns) (out node of the LUT)   --->   "%and_ln47 = and i1 %tmp_81, %xor_ln46" [main_5_slices.cpp:47->main_5_slices.cpp:153]   --->   Operation 343 'and' 'and_ln47' <Predicate = true> <Delay = 0.97> <Core = "LogicGate">   --->   Core 27 'LogicGate' <Latency = 0> <II = 1> <Delay = 0.97> <FuncUnit> <Opcode : 'and' 'or' 'xor'> <InPorts = 2> <OutPorts = 1>
ST_71 : Operation 344 [1/1] (0.00ns) (grouped into LUT with out node g_2)   --->   "%select_ln47 = select i1 %and_ln47, half 0x3FF0000000000000, half 0xBFF0000000000000" [main_5_slices.cpp:47->main_5_slices.cpp:153]   --->   Operation 344 'select' 'select_ln47' <Predicate = true> <Delay = 0.00> <Core = "Sel">   --->   Core 26 'Sel' <Latency = 0> <II = 1> <Delay = 0.80> <FuncUnit> <Opcode : 'select'> <InPorts = 3> <OutPorts = 1>
ST_71 : Operation 345 [1/1] (0.00ns) (grouped into LUT with out node g_2)   --->   "%or_ln47 = or i1 %and_ln47, %tmp_78" [main_5_slices.cpp:47->main_5_slices.cpp:153]   --->   Operation 345 'or' 'or_ln47' <Predicate = true> <Delay = 0.00> <Core = "LogicGate">   --->   Core 27 'LogicGate' <Latency = 0> <II = 1> <Delay = 0.97> <FuncUnit> <Opcode : 'and' 'or' 'xor'> <InPorts = 2> <OutPorts = 1>
ST_71 : Operation 346 [1/1] (0.97ns) (out node of the LUT)   --->   "%g_2 = select i1 %or_ln47, half %select_ln47, half %z_load_4" [main_5_slices.cpp:47->main_5_slices.cpp:153]   --->   Operation 346 'select' 'g_2' <Predicate = true> <Delay = 0.97> <Core = "Sel">   --->   Core 26 'Sel' <Latency = 0> <II = 1> <Delay = 0.80> <FuncUnit> <Opcode : 'select'> <InPorts = 3> <OutPorts = 1>
ST_71 : Operation 347 [1/2] (2.32ns)   --->   "%c_slice_load = load half* %c_slice_addr_1, align 2" [main_5_slices.cpp:154]   --->   Operation 347 'load' 'c_slice_load' <Predicate = true> <Delay = 2.32> <Core = "RAM">   --->   Core 37 'RAM' <Latency = 1> <II = 1> <Delay = 3.25> <Storage> <Opcode : 'load' 'store'> <Ports = 2> <Width = 16> <Depth = 128> <RAM>

State 72 <SV = 47> <Delay = 6.86>
ST_72 : Operation 348 [9/16] (6.07ns)   --->   "%tmp_77 = fdiv float 1.000000e+00, %tmp_76" [main_5_slices.cpp:152]   --->   Operation 348 'fdiv' 'tmp_77' <Predicate = true> <Delay = 6.07> <Core = "FDiv">   --->   Core 107 'FDiv' <Latency = 15> <II = 1> <Delay = 6.07> <FuncUnit> <Opcode : 'fdiv' 'frem'> <InPorts = 2> <OutPorts = 1>
ST_72 : Operation 349 [4/4] (6.86ns)   --->   "%tmp_82 = fmul half %f, %c_slice_load" [main_5_slices.cpp:154]   --->   Operation 349 'hmul' 'tmp_82' <Predicate = true> <Delay = 6.86> <Core = "HMul">   --->   Core 91 'HMul' <Latency = 3> <II = 1> <Delay = 6.86> <FuncUnit> <Opcode : 'hmul'> <InPorts = 2> <OutPorts = 1>
ST_72 : Operation 350 [4/4] (6.86ns)   --->   "%tmp_83 = fmul half %i, %g_2" [main_5_slices.cpp:154]   --->   Operation 350 'hmul' 'tmp_83' <Predicate = true> <Delay = 6.86> <Core = "HMul">   --->   Core 91 'HMul' <Latency = 3> <II = 1> <Delay = 6.86> <FuncUnit> <Opcode : 'hmul'> <InPorts = 2> <OutPorts = 1>

State 73 <SV = 48> <Delay = 6.86>
ST_73 : Operation 351 [8/16] (6.07ns)   --->   "%tmp_77 = fdiv float 1.000000e+00, %tmp_76" [main_5_slices.cpp:152]   --->   Operation 351 'fdiv' 'tmp_77' <Predicate = true> <Delay = 6.07> <Core = "FDiv">   --->   Core 107 'FDiv' <Latency = 15> <II = 1> <Delay = 6.07> <FuncUnit> <Opcode : 'fdiv' 'frem'> <InPorts = 2> <OutPorts = 1>
ST_73 : Operation 352 [3/4] (6.86ns)   --->   "%tmp_82 = fmul half %f, %c_slice_load" [main_5_slices.cpp:154]   --->   Operation 352 'hmul' 'tmp_82' <Predicate = true> <Delay = 6.86> <Core = "HMul">   --->   Core 91 'HMul' <Latency = 3> <II = 1> <Delay = 6.86> <FuncUnit> <Opcode : 'hmul'> <InPorts = 2> <OutPorts = 1>
ST_73 : Operation 353 [3/4] (6.86ns)   --->   "%tmp_83 = fmul half %i, %g_2" [main_5_slices.cpp:154]   --->   Operation 353 'hmul' 'tmp_83' <Predicate = true> <Delay = 6.86> <Core = "HMul">   --->   Core 91 'HMul' <Latency = 3> <II = 1> <Delay = 6.86> <FuncUnit> <Opcode : 'hmul'> <InPorts = 2> <OutPorts = 1>

State 74 <SV = 49> <Delay = 6.86>
ST_74 : Operation 354 [7/16] (6.07ns)   --->   "%tmp_77 = fdiv float 1.000000e+00, %tmp_76" [main_5_slices.cpp:152]   --->   Operation 354 'fdiv' 'tmp_77' <Predicate = true> <Delay = 6.07> <Core = "FDiv">   --->   Core 107 'FDiv' <Latency = 15> <II = 1> <Delay = 6.07> <FuncUnit> <Opcode : 'fdiv' 'frem'> <InPorts = 2> <OutPorts = 1>
ST_74 : Operation 355 [2/4] (6.86ns)   --->   "%tmp_82 = fmul half %f, %c_slice_load" [main_5_slices.cpp:154]   --->   Operation 355 'hmul' 'tmp_82' <Predicate = true> <Delay = 6.86> <Core = "HMul">   --->   Core 91 'HMul' <Latency = 3> <II = 1> <Delay = 6.86> <FuncUnit> <Opcode : 'hmul'> <InPorts = 2> <OutPorts = 1>
ST_74 : Operation 356 [2/4] (6.86ns)   --->   "%tmp_83 = fmul half %i, %g_2" [main_5_slices.cpp:154]   --->   Operation 356 'hmul' 'tmp_83' <Predicate = true> <Delay = 6.86> <Core = "HMul">   --->   Core 91 'HMul' <Latency = 3> <II = 1> <Delay = 6.86> <FuncUnit> <Opcode : 'hmul'> <InPorts = 2> <OutPorts = 1>

State 75 <SV = 50> <Delay = 6.86>
ST_75 : Operation 357 [6/16] (6.07ns)   --->   "%tmp_77 = fdiv float 1.000000e+00, %tmp_76" [main_5_slices.cpp:152]   --->   Operation 357 'fdiv' 'tmp_77' <Predicate = true> <Delay = 6.07> <Core = "FDiv">   --->   Core 107 'FDiv' <Latency = 15> <II = 1> <Delay = 6.07> <FuncUnit> <Opcode : 'fdiv' 'frem'> <InPorts = 2> <OutPorts = 1>
ST_75 : Operation 358 [1/4] (6.86ns)   --->   "%tmp_82 = fmul half %f, %c_slice_load" [main_5_slices.cpp:154]   --->   Operation 358 'hmul' 'tmp_82' <Predicate = true> <Delay = 6.86> <Core = "HMul">   --->   Core 91 'HMul' <Latency = 3> <II = 1> <Delay = 6.86> <FuncUnit> <Opcode : 'hmul'> <InPorts = 2> <OutPorts = 1>
ST_75 : Operation 359 [1/4] (6.86ns)   --->   "%tmp_83 = fmul half %i, %g_2" [main_5_slices.cpp:154]   --->   Operation 359 'hmul' 'tmp_83' <Predicate = true> <Delay = 6.86> <Core = "HMul">   --->   Core 91 'HMul' <Latency = 3> <II = 1> <Delay = 6.86> <FuncUnit> <Opcode : 'hmul'> <InPorts = 2> <OutPorts = 1>

State 76 <SV = 51> <Delay = 7.61>
ST_76 : Operation 360 [5/16] (6.07ns)   --->   "%tmp_77 = fdiv float 1.000000e+00, %tmp_76" [main_5_slices.cpp:152]   --->   Operation 360 'fdiv' 'tmp_77' <Predicate = true> <Delay = 6.07> <Core = "FDiv">   --->   Core 107 'FDiv' <Latency = 15> <II = 1> <Delay = 6.07> <FuncUnit> <Opcode : 'fdiv' 'frem'> <InPorts = 2> <OutPorts = 1>
ST_76 : Operation 361 [5/5] (7.61ns)   --->   "%c = fadd half %tmp_82, %tmp_83" [main_5_slices.cpp:154]   --->   Operation 361 'hadd' 'c' <Predicate = true> <Delay = 7.61> <Core = "HAddSub">   --->   Core 90 'HAddSub' <Latency = 4> <II = 1> <Delay = 7.61> <FuncUnit> <Opcode : 'hadd' 'hsub'> <InPorts = 2> <OutPorts = 1>

State 77 <SV = 52> <Delay = 7.61>
ST_77 : Operation 362 [4/16] (6.07ns)   --->   "%tmp_77 = fdiv float 1.000000e+00, %tmp_76" [main_5_slices.cpp:152]   --->   Operation 362 'fdiv' 'tmp_77' <Predicate = true> <Delay = 6.07> <Core = "FDiv">   --->   Core 107 'FDiv' <Latency = 15> <II = 1> <Delay = 6.07> <FuncUnit> <Opcode : 'fdiv' 'frem'> <InPorts = 2> <OutPorts = 1>
ST_77 : Operation 363 [4/5] (7.61ns)   --->   "%c = fadd half %tmp_82, %tmp_83" [main_5_slices.cpp:154]   --->   Operation 363 'hadd' 'c' <Predicate = true> <Delay = 7.61> <Core = "HAddSub">   --->   Core 90 'HAddSub' <Latency = 4> <II = 1> <Delay = 7.61> <FuncUnit> <Opcode : 'hadd' 'hsub'> <InPorts = 2> <OutPorts = 1>

State 78 <SV = 53> <Delay = 7.61>
ST_78 : Operation 364 [3/16] (6.07ns)   --->   "%tmp_77 = fdiv float 1.000000e+00, %tmp_76" [main_5_slices.cpp:152]   --->   Operation 364 'fdiv' 'tmp_77' <Predicate = true> <Delay = 6.07> <Core = "FDiv">   --->   Core 107 'FDiv' <Latency = 15> <II = 1> <Delay = 6.07> <FuncUnit> <Opcode : 'fdiv' 'frem'> <InPorts = 2> <OutPorts = 1>
ST_78 : Operation 365 [3/5] (7.61ns)   --->   "%c = fadd half %tmp_82, %tmp_83" [main_5_slices.cpp:154]   --->   Operation 365 'hadd' 'c' <Predicate = true> <Delay = 7.61> <Core = "HAddSub">   --->   Core 90 'HAddSub' <Latency = 4> <II = 1> <Delay = 7.61> <FuncUnit> <Opcode : 'hadd' 'hsub'> <InPorts = 2> <OutPorts = 1>

State 79 <SV = 54> <Delay = 7.61>
ST_79 : Operation 366 [2/16] (6.07ns)   --->   "%tmp_77 = fdiv float 1.000000e+00, %tmp_76" [main_5_slices.cpp:152]   --->   Operation 366 'fdiv' 'tmp_77' <Predicate = true> <Delay = 6.07> <Core = "FDiv">   --->   Core 107 'FDiv' <Latency = 15> <II = 1> <Delay = 6.07> <FuncUnit> <Opcode : 'fdiv' 'frem'> <InPorts = 2> <OutPorts = 1>
ST_79 : Operation 367 [2/5] (7.61ns)   --->   "%c = fadd half %tmp_82, %tmp_83" [main_5_slices.cpp:154]   --->   Operation 367 'hadd' 'c' <Predicate = true> <Delay = 7.61> <Core = "HAddSub">   --->   Core 90 'HAddSub' <Latency = 4> <II = 1> <Delay = 7.61> <FuncUnit> <Opcode : 'hadd' 'hsub'> <InPorts = 2> <OutPorts = 1>

State 80 <SV = 55> <Delay = 7.61>
ST_80 : Operation 368 [1/16] (6.07ns)   --->   "%tmp_77 = fdiv float 1.000000e+00, %tmp_76" [main_5_slices.cpp:152]   --->   Operation 368 'fdiv' 'tmp_77' <Predicate = true> <Delay = 6.07> <Core = "FDiv">   --->   Core 107 'FDiv' <Latency = 15> <II = 1> <Delay = 6.07> <FuncUnit> <Opcode : 'fdiv' 'frem'> <InPorts = 2> <OutPorts = 1>
ST_80 : Operation 369 [1/5] (7.61ns)   --->   "%c = fadd half %tmp_82, %tmp_83" [main_5_slices.cpp:154]   --->   Operation 369 'hadd' 'c' <Predicate = true> <Delay = 7.61> <Core = "HAddSub">   --->   Core 90 'HAddSub' <Latency = 4> <II = 1> <Delay = 7.61> <FuncUnit> <Opcode : 'hadd' 'hsub'> <InPorts = 2> <OutPorts = 1>

State 81 <SV = 56> <Delay = 5.22>
ST_81 : Operation 370 [2/2] (5.22ns)   --->   "%o = fptrunc float %tmp_77 to half" [main_5_slices.cpp:152]   --->   Operation 370 'sptohp' 'o' <Predicate = true> <Delay = 5.22> <Core = "Float2Half">   --->   Core 94 'Float2Half' <Latency = 1> <II = 1> <Delay = 5.22> <FuncUnit> <Opcode : 'sptohp'> <InPorts = 1> <OutPorts = 1>
ST_81 : Operation 371 [2/2] (5.18ns)   --->   "%tmp_84 = fcmp olt half %c, 0xBFF0000000000000" [main_5_slices.cpp:46->main_5_slices.cpp:155]   --->   Operation 371 'hcmp' 'tmp_84' <Predicate = true> <Delay = 5.18> <Core = "HCmp">   --->   Core 98 'HCmp' <Latency = 1> <II = 1> <Delay = 5.18> <FuncUnit> <Opcode : 'hcmp'> <InPorts = 2> <OutPorts = 1>
ST_81 : Operation 372 [2/2] (5.18ns)   --->   "%tmp_85 = fcmp ogt half %c, 0x3FF0000000000000" [main_5_slices.cpp:47->main_5_slices.cpp:155]   --->   Operation 372 'hcmp' 'tmp_85' <Predicate = true> <Delay = 5.18> <Core = "HCmp">   --->   Core 98 'HCmp' <Latency = 1> <II = 1> <Delay = 5.18> <FuncUnit> <Opcode : 'hcmp'> <InPorts = 2> <OutPorts = 1>
ST_81 : Operation 373 [1/1] (2.32ns)   --->   "store half %c, half* %c_slice_addr_1, align 2" [main_5_slices.cpp:156]   --->   Operation 373 'store' <Predicate = true> <Delay = 2.32> <Core = "RAM">   --->   Core 37 'RAM' <Latency = 1> <II = 1> <Delay = 3.25> <Storage> <Opcode : 'load' 'store'> <Ports = 2> <Width = 16> <Depth = 128> <RAM>

State 82 <SV = 57> <Delay = 7.14>
ST_82 : Operation 374 [1/2] (5.22ns)   --->   "%o = fptrunc float %tmp_77 to half" [main_5_slices.cpp:152]   --->   Operation 374 'sptohp' 'o' <Predicate = true> <Delay = 5.22> <Core = "Float2Half">   --->   Core 94 'Float2Half' <Latency = 1> <II = 1> <Delay = 5.22> <FuncUnit> <Opcode : 'sptohp'> <InPorts = 1> <OutPorts = 1>
ST_82 : Operation 375 [1/2] (5.18ns)   --->   "%tmp_84 = fcmp olt half %c, 0xBFF0000000000000" [main_5_slices.cpp:46->main_5_slices.cpp:155]   --->   Operation 375 'hcmp' 'tmp_84' <Predicate = true> <Delay = 5.18> <Core = "HCmp">   --->   Core 98 'HCmp' <Latency = 1> <II = 1> <Delay = 5.18> <FuncUnit> <Opcode : 'hcmp'> <InPorts = 2> <OutPorts = 1>
ST_82 : Operation 376 [1/2] (5.18ns)   --->   "%tmp_85 = fcmp ogt half %c, 0x3FF0000000000000" [main_5_slices.cpp:47->main_5_slices.cpp:155]   --->   Operation 376 'hcmp' 'tmp_85' <Predicate = true> <Delay = 5.18> <Core = "HCmp">   --->   Core 98 'HCmp' <Latency = 1> <II = 1> <Delay = 5.18> <FuncUnit> <Opcode : 'hcmp'> <InPorts = 2> <OutPorts = 1>
ST_82 : Operation 377 [1/1] (0.00ns) (grouped into LUT with out node and_ln47_5)   --->   "%xor_ln46_5 = xor i1 %tmp_84, true" [main_5_slices.cpp:46->main_5_slices.cpp:155]   --->   Operation 377 'xor' 'xor_ln46_5' <Predicate = true> <Delay = 0.00> <Core = "LogicGate">   --->   Core 27 'LogicGate' <Latency = 0> <II = 1> <Delay = 0.97> <FuncUnit> <Opcode : 'and' 'or' 'xor'> <InPorts = 2> <OutPorts = 1>
ST_82 : Operation 378 [1/1] (0.97ns) (out node of the LUT)   --->   "%and_ln47_5 = and i1 %tmp_85, %xor_ln46_5" [main_5_slices.cpp:47->main_5_slices.cpp:155]   --->   Operation 378 'and' 'and_ln47_5' <Predicate = true> <Delay = 0.97> <Core = "LogicGate">   --->   Core 27 'LogicGate' <Latency = 0> <II = 1> <Delay = 0.97> <FuncUnit> <Opcode : 'and' 'or' 'xor'> <InPorts = 2> <OutPorts = 1>
ST_82 : Operation 379 [1/1] (0.00ns) (grouped into LUT with out node select_ln47_12)   --->   "%select_ln47_11 = select i1 %and_ln47_5, half 0x3FF0000000000000, half 0xBFF0000000000000" [main_5_slices.cpp:47->main_5_slices.cpp:155]   --->   Operation 379 'select' 'select_ln47_11' <Predicate = true> <Delay = 0.00> <Core = "Sel">   --->   Core 26 'Sel' <Latency = 0> <II = 1> <Delay = 0.80> <FuncUnit> <Opcode : 'select'> <InPorts = 3> <OutPorts = 1>
ST_82 : Operation 380 [1/1] (0.00ns) (grouped into LUT with out node select_ln47_12)   --->   "%or_ln47_5 = or i1 %and_ln47_5, %tmp_84" [main_5_slices.cpp:47->main_5_slices.cpp:155]   --->   Operation 380 'or' 'or_ln47_5' <Predicate = true> <Delay = 0.00> <Core = "LogicGate">   --->   Core 27 'LogicGate' <Latency = 0> <II = 1> <Delay = 0.97> <FuncUnit> <Opcode : 'and' 'or' 'xor'> <InPorts = 2> <OutPorts = 1>
ST_82 : Operation 381 [1/1] (0.97ns) (out node of the LUT)   --->   "%select_ln47_12 = select i1 %or_ln47_5, half %select_ln47_11, half %c" [main_5_slices.cpp:47->main_5_slices.cpp:155]   --->   Operation 381 'select' 'select_ln47_12' <Predicate = true> <Delay = 0.97> <Core = "Sel">   --->   Core 26 'Sel' <Latency = 0> <II = 1> <Delay = 0.80> <FuncUnit> <Opcode : 'select'> <InPorts = 3> <OutPorts = 1>

State 83 <SV = 58> <Delay = 6.86>
ST_83 : Operation 382 [4/4] (6.86ns)   --->   "%h = fmul half %o, %select_ln47_12" [main_5_slices.cpp:155]   --->   Operation 382 'hmul' 'h' <Predicate = true> <Delay = 6.86> <Core = "HMul">   --->   Core 91 'HMul' <Latency = 3> <II = 1> <Delay = 6.86> <FuncUnit> <Opcode : 'hmul'> <InPorts = 2> <OutPorts = 1>

State 84 <SV = 59> <Delay = 6.86>
ST_84 : Operation 383 [3/4] (6.86ns)   --->   "%h = fmul half %o, %select_ln47_12" [main_5_slices.cpp:155]   --->   Operation 383 'hmul' 'h' <Predicate = true> <Delay = 6.86> <Core = "HMul">   --->   Core 91 'HMul' <Latency = 3> <II = 1> <Delay = 6.86> <FuncUnit> <Opcode : 'hmul'> <InPorts = 2> <OutPorts = 1>

State 85 <SV = 60> <Delay = 6.86>
ST_85 : Operation 384 [2/4] (6.86ns)   --->   "%h = fmul half %o, %select_ln47_12" [main_5_slices.cpp:155]   --->   Operation 384 'hmul' 'h' <Predicate = true> <Delay = 6.86> <Core = "HMul">   --->   Core 91 'HMul' <Latency = 3> <II = 1> <Delay = 6.86> <FuncUnit> <Opcode : 'hmul'> <InPorts = 2> <OutPorts = 1>

State 86 <SV = 61> <Delay = 6.86>
ST_86 : Operation 385 [1/4] (6.86ns)   --->   "%h = fmul half %o, %select_ln47_12" [main_5_slices.cpp:155]   --->   Operation 385 'hmul' 'h' <Predicate = true> <Delay = 6.86> <Core = "HMul">   --->   Core 91 'HMul' <Latency = 3> <II = 1> <Delay = 6.86> <FuncUnit> <Opcode : 'hmul'> <InPorts = 2> <OutPorts = 1>

State 87 <SV = 62> <Delay = 2.32>
ST_87 : Operation 386 [1/1] (0.00ns)   --->   "%h_last_addr_2 = getelementptr [32 x half]* %h_last, i64 0, i64 %zext_ln150" [main_5_slices.cpp:156]   --->   Operation 386 'getelementptr' 'h_last_addr_2' <Predicate = true> <Delay = 0.00>
ST_87 : Operation 387 [1/1] (2.32ns)   --->   "store half %h, half* %h_last_addr_2, align 2" [main_5_slices.cpp:156]   --->   Operation 387 'store' <Predicate = true> <Delay = 2.32> <Core = "RAM">   --->   Core 37 'RAM' <Latency = 1> <II = 1> <Delay = 3.25> <Storage> <Opcode : 'load' 'store'> <Ports = 2> <Width = 16> <Depth = 128> <RAM>
ST_87 : Operation 388 [1/1] (0.00ns)   --->   "br label %.preheader" [main_5_slices.cpp:149]   --->   Operation 388 'br' <Predicate = true> <Delay = 0.00>


============================================================
+ Verbose Summary: Binding
============================================================
STG Binding: 
---------------- STG Properties BEGIN ----------------
- Is combinational: 0
- Is one-state seq: 0
- Is datapath-only: 0
- Is pipelined: 0
- Is top level: 0
Port [ Return ] is wired: 1; IO mode=ap_ctrl_hs:ce=0
Port [ W_ifog]:  wired=1; compound=1; hidden=0; nouse=0; global=0; static=0; extern=0; dir=0; type=1; pingpong=0; private_global=0; MemPort=[1]; IO mode=ap_memory:ce=0
Port [ R_ifog]:  wired=1; compound=1; hidden=0; nouse=0; global=0; static=0; extern=0; dir=0; type=1; pingpong=0; private_global=0; MemPort=[1]; IO mode=ap_memory:ce=0
Port [ b_ifog]:  wired=1; compound=1; hidden=0; nouse=0; global=0; static=0; extern=0; dir=0; type=1; pingpong=0; private_global=0; MemPort=[1]; IO mode=ap_memory:ce=0
Port [ h_last]:  wired=1; compound=1; hidden=0; nouse=0; global=0; static=0; extern=0; dir=2; type=1; pingpong=0; private_global=0; MemPort=[23]; IO mode=ap_memory:ce=0
Port [ c_slice]:  wired=0; compound=1; hidden=1; nouse=0; global=1; static=1; extern=0; dir=2; type=1; pingpong=0; private_global=1; linkage=7; visibility=0; MemPort=[23]; IO mode=ap_memory:ce=0
Port [ U_slice]:  wired=1; compound=1; hidden=0; nouse=0; global=1; static=1; extern=0; dir=0; type=1; pingpong=0; private_global=0; linkage=7; visibility=0; MemPort=[13]; IO mode=ap_memory:ce=0
---------------- STG Properties END ------------------

---------------- Datapath Model BEGIN ----------------

<LifeTime>
<method=bitvector/>
specmemcore_ln0 (specmemcore      ) [ 0000000000000000000000000000000000000000000000000000000000000000000000000000000000000000]
specmemcore_ln0 (specmemcore      ) [ 0000000000000000000000000000000000000000000000000000000000000000000000000000000000000000]
specmemcore_ln0 (specmemcore      ) [ 0000000000000000000000000000000000000000000000000000000000000000000000000000000000000000]
z               (alloca           ) [ 0011111111111111111111111111111111111111111111111111111111111111111111111111111111111111]
br_ln125        (br               ) [ 0110000000000000000000000000000000000000000000000000000000000000000000000000000000000000]
j_0             (phi              ) [ 0010000000000000000000000000000000000000000000000000000000000000000000000000000000000000]
icmp_ln125      (icmp             ) [ 0010000000000000000000000000000000000000000000000000000000000000000000000000000000000000]
empty           (speclooptripcount) [ 0000000000000000000000000000000000000000000000000000000000000000000000000000000000000000]
j               (add              ) [ 0110000000000000000000000000000000000000000000000000000000000000000000000000000000000000]
br_ln125        (br               ) [ 0000000000000000000000000000000000000000000000000000000000000000000000000000000000000000]
zext_ln126      (zext             ) [ 0000000000000000000000000000000000000000000000000000000000000000000000000000000000000000]
h_last_addr     (getelementptr    ) [ 0000000000000000000000000000000000000000000000000000000000000000000000000000000000000000]
store_ln126     (store            ) [ 0000000000000000000000000000000000000000000000000000000000000000000000000000000000000000]
c_slice_addr    (getelementptr    ) [ 0000000000000000000000000000000000000000000000000000000000000000000000000000000000000000]
store_ln127     (store            ) [ 0000000000000000000000000000000000000000000000000000000000000000000000000000000000000000]
br_ln125        (br               ) [ 0110000000000000000000000000000000000000000000000000000000000000000000000000000000000000]
br_ln131        (br               ) [ 0011111111111111111111111111111111111111111111111111111111111111111111111111111111111111]
t_0             (phi              ) [ 0001100000000000000000000000000000000000000000000000000000000000000000000000000000000000]
icmp_ln131      (icmp             ) [ 0001111111111111111111111111111111111111111111111111111111111111111111111111111111111111]
empty_22        (speclooptripcount) [ 0000000000000000000000000000000000000000000000000000000000000000000000000000000000000000]
t               (add              ) [ 0011111111111111111111111111111111111111111111111111111111111111111111111111111111111111]
br_ln131        (br               ) [ 0000000000000000000000000000000000000000000000000000000000000000000000000000000000000000]
br_ln133        (br               ) [ 0001111111111111111111111111111111111111111111111111111111111111111111111111111111111111]
ret_ln159       (ret              ) [ 0000000000000000000000000000000000000000000000000000000000000000000000000000000000000000]
g_0             (phi              ) [ 0000100000000000000000000000000000000000000000000000000000000000000000000000000000000000]
icmp_ln133      (icmp             ) [ 0001111111111111111111111111111111111111111111111111111111111111111111111111111111111111]
empty_23        (speclooptripcount) [ 0000000000000000000000000000000000000000000000000000000000000000000000000000000000000000]
g               (add              ) [ 0001111111111111111111111111111111111111111111111111111111111111111111111111111111111111]
br_ln133        (br               ) [ 0000000000000000000000000000000000000000000000000000000000000000000000000000000000000000]
zext_ln133      (zext             ) [ 0000000000000000000000000000000000000000000000000000000000000000000000000000000000000000]
b_ifog_addr     (getelementptr    ) [ 0000000000000000000000000000000000000000000000000000000000000000000000000000000000000000]
b_ifog_load     (load             ) [ 0000000000000000000000000000000000000000000000000000000000000000000000000000000000000000]
z_addr          (getelementptr    ) [ 0000000000000000000000000000000000000000000000000000000000000000000000000000000000000000]
store_ln133     (store            ) [ 0000000000000000000000000000000000000000000000000000000000000000000000000000000000000000]
br_ln133        (br               ) [ 0001111111111111111111111111111111111111111111111111111111111111111111111111111111111111]
shl_ln          (bitconcatenate   ) [ 0000011111111111110000000000000000000000000000000000000000000000000000000000000000000000]
br_ln137        (br               ) [ 0001111111111111111111111111111111111111111111111111111111111111111111111111111111111111]
d_0             (phi              ) [ 0000010000000000000000000000000000000000000000000000000000000000000000000000000000000000]
icmp_ln137      (icmp             ) [ 0001111111111111111111111111111111111111111111111111111111111111111111111111111111111111]
empty_24        (speclooptripcount) [ 0000000000000000000000000000000000000000000000000000000000000000000000000000000000000000]
d               (add              ) [ 0001111111111111111111111111111111111111111111111111111111111111111111111111111111111111]
br_ln137        (br               ) [ 0000000000000000000000000000000000000000000000000000000000000000000000000000000000000000]
zext_ln138      (zext             ) [ 0000000000000000000000000000000000000000000000000000000000000000000000000000000000000000]
add_ln138       (add              ) [ 0000000000000000000000000000000000000000000000000000000000000000000000000000000000000000]
zext_ln138_1    (zext             ) [ 0000000000000000000000000000000000000000000000000000000000000000000000000000000000000000]
U_slice_addr    (getelementptr    ) [ 0000001000000000000000000000000000000000000000000000000000000000000000000000000000000000]
trunc_ln139     (trunc            ) [ 0000001000000000000000000000000000000000000000000000000000000000000000000000000000000000]
br_ln143        (br               ) [ 0001111111111111111111111111111111111111111111111111111111111111111111111111111111111111]
xv              (load             ) [ 0000000111111111110000000000000000000000000000000000000000000000000000000000000000000000]
shl_ln1         (bitconcatenate   ) [ 0000000111111111110000000000000000000000000000000000000000000000000000000000000000000000]
br_ln140        (br               ) [ 0001111111111111111111111111111111111111111111111111111111111111111111111111111111111111]
g1_0            (phi              ) [ 0000000100000000000000000000000000000000000000000000000000000000000000000000000000000000]
icmp_ln140      (icmp             ) [ 0001111111111111111111111111111111111111111111111111111111111111111111111111111111111111]
empty_25        (speclooptripcount) [ 0000000000000000000000000000000000000000000000000000000000000000000000000000000000000000]
g_1             (add              ) [ 0001111111111111111111111111111111111111111111111111111111111111111111111111111111111111]
br_ln140        (br               ) [ 0000000000000000000000000000000000000000000000000000000000000000000000000000000000000000]
zext_ln140      (zext             ) [ 0000000000000000000000000000000000000000000000000000000000000000000000000000000000000000]
zext_ln140_1    (zext             ) [ 0000000000000000000000000000000000000000000000000000000000000000000000000000000000000000]
add_ln140       (add              ) [ 0000000010000000000000000000000000000000000000000000000000000000000000000000000000000000]
z_addr_1        (getelementptr    ) [ 0000000011111111110000000000000000000000000000000000000000000000000000000000000000000000]
br_ln0          (br               ) [ 0001111111111111111111111111111111111111111111111111111111111111111111111111111111111111]
zext_ln140_2    (zext             ) [ 0000000000000000000000000000000000000000000000000000000000000000000000000000000000000000]
W_ifog_addr     (getelementptr    ) [ 0000000000000000000000000000000000000000000000000000000000000000000000000000000000000000]
W_ifog_load     (load             ) [ 0000000001110000000000000000000000000000000000000000000000000000000000000000000000000000]
tmp             (hmul             ) [ 0000000000001111100000000000000000000000000000000000000000000000000000000000000000000000]
z_load          (load             ) [ 0000000000001111100000000000000000000000000000000000000000000000000000000000000000000000]
tmp_s           (hadd             ) [ 0000000000000000010000000000000000000000000000000000000000000000000000000000000000000000]
store_ln140     (store            ) [ 0000000000000000000000000000000000000000000000000000000000000000000000000000000000000000]
br_ln140        (br               ) [ 0001111111111111111111111111111111111111111111111111111111111111111111111111111111111111]
hp_0            (phi              ) [ 0000000000000000001000000000000000000000000000000000000000000000000000000000000000000000]
icmp_ln143      (icmp             ) [ 0001111111111111111111111111111111111111111111111111111111111111111111111111111111111111]
empty_26        (speclooptripcount) [ 0000000000000000000000000000000000000000000000000000000000000000000000000000000000000000]
hp              (add              ) [ 0001111111111111111111111111111111111111111111111111111111111111111111111111111111111111]
br_ln143        (br               ) [ 0000000000000000000000000000000000000000000000000000000000000000000000000000000000000000]
zext_ln144      (zext             ) [ 0000000000000000000000000000000000000000000000000000000000000000000000000000000000000000]
h_last_addr_1   (getelementptr    ) [ 0000000000000000000100000000000000000000000000000000000000000000000000000000000000000000]
trunc_ln145     (trunc            ) [ 0000000000000000000100000000000000000000000000000000000000000000000000000000000000000000]
br_ln149        (br               ) [ 0001111111111111111111111111111111111111111111111111111111111111111111111111111111111111]
hv              (load             ) [ 0000000000000000000011111111111000000000000000000000000000000000000000000000000000000000]
shl_ln2         (bitconcatenate   ) [ 0000000000000000000011111111111000000000000000000000000000000000000000000000000000000000]
br_ln146        (br               ) [ 0001111111111111111111111111111111111111111111111111111111111111111111111111111111111111]
g2_0            (phi              ) [ 0000000000000000000010000000000000000000000000000000000000000000000000000000000000000000]
icmp_ln146      (icmp             ) [ 0001111111111111111111111111111111111111111111111111111111111111111111111111111111111111]
empty_27        (speclooptripcount) [ 0000000000000000000000000000000000000000000000000000000000000000000000000000000000000000]
g_3             (add              ) [ 0001111111111111111111111111111111111111111111111111111111111111111111111111111111111111]
br_ln146        (br               ) [ 0000000000000000000000000000000000000000000000000000000000000000000000000000000000000000]
zext_ln146      (zext             ) [ 0000000000000000000000000000000000000000000000000000000000000000000000000000000000000000]
zext_ln146_1    (zext             ) [ 0000000000000000000000000000000000000000000000000000000000000000000000000000000000000000]
add_ln146       (add              ) [ 0000000000000000000001000000000000000000000000000000000000000000000000000000000000000000]
z_addr_6        (getelementptr    ) [ 0000000000000000000001111111111000000000000000000000000000000000000000000000000000000000]
br_ln0          (br               ) [ 0001111111111111111111111111111111111111111111111111111111111111111111111111111111111111]
zext_ln146_2    (zext             ) [ 0000000000000000000000000000000000000000000000000000000000000000000000000000000000000000]
R_ifog_addr     (getelementptr    ) [ 0000000000000000000000000000000000000000000000000000000000000000000000000000000000000000]
R_ifog_load     (load             ) [ 0000000000000000000000111000000000000000000000000000000000000000000000000000000000000000]
tmp_79          (hmul             ) [ 0000000000000000000000000111110000000000000000000000000000000000000000000000000000000000]
z_load_5        (load             ) [ 0000000000000000000000000111110000000000000000000000000000000000000000000000000000000000]
tmp_80          (hadd             ) [ 0000000000000000000000000000001000000000000000000000000000000000000000000000000000000000]
store_ln146     (store            ) [ 0000000000000000000000000000000000000000000000000000000000000000000000000000000000000000]
br_ln146        (br               ) [ 0001111111111111111111111111111111111111111111111111111111111111111111111111111111111111]
j_1             (phi              ) [ 0000000000000000000000000000000111111111111000000000000000000000000000000000000000000000]
icmp_ln149      (icmp             ) [ 0001111111111111111111111111111111111111111111111111111111111111111111111111111111111111]
empty_28        (speclooptripcount) [ 0000000000000000000000000000000000000000000000000000000000000000000000000000000000000000]
j_14            (add              ) [ 0001111111111111111111111111111111111111111111111111111111111111111111111111111111111111]
br_ln149        (br               ) [ 0000000000000000000000000000000000000000000000000000000000000000000000000000000000000000]
zext_ln150      (zext             ) [ 0000000000000000000000000000000011111111111111111111111111111111111111111111111111111111]
z_addr_2        (getelementptr    ) [ 0000000000000000000000000000000010000000000000000000000000000000000000000000000000000000]
xor_ln151       (xor              ) [ 0000000000000000000000000000000011111111111111111111111111111111111111000000000000000000]
zext_ln151      (zext             ) [ 0000000000000000000000000000000000000000000000000000000000000000000000000000000000000000]
z_addr_3        (getelementptr    ) [ 0000000000000000000000000000000010000000000000000000000000000000000000000000000000000000]
br_ln0          (br               ) [ 0011111111111111111111111111111111111111111111111111111111111111111111111111111111111111]
z_load_1        (load             ) [ 0000000000000000000000000000000001111100000000000000000000000000000000000000000000000000]
z_load_2        (load             ) [ 0000000000000000000000000000000001111100000000000000000000000000000000000000000000000000]
tmp_63          (hsub             ) [ 0000000000000000000000000000000000000011000000000000000000000000000000000000000000000000]
tmp_68          (hsub             ) [ 0000000000000000000000000000000000000011000000000000000000000000000000000000000000000000]
tmp_64          (hptosp           ) [ 0000000000000000000000000000000000000000111111111000000000000000000000000000000000000000]
tmp_69          (hptosp           ) [ 0000000000000000000000000000000000000000111111111000000000000000000000000000000000000000]
or_ln           (bitconcatenate   ) [ 0000000000000000000000000000000000000000000000000000000000000000000000000000000000000000]
zext_ln152      (zext             ) [ 0000000000000000000000000000000000000000000000000000000000000000000000000000000000000000]
z_addr_4        (getelementptr    ) [ 0000000000000000000000000000000000000000000100000000000000000000000000000000000000000000]
z_load_3        (load             ) [ 0000000000000000000000000000000000000000000011111000000000000000000000000000000000000000]
tmp_65          (fexp             ) [ 0000000000000000000000000000000000000000000000000111110000000000000000000000000000000000]
tmp_70          (fexp             ) [ 0000000000000000000000000000000000000000000000000111110000000000000000000000000000000000]
tmp_73          (hsub             ) [ 0000000000000000000000000000000000000000000000000110000000000000000000000000000000000000]
tmp_74          (hptosp           ) [ 0000000000000000000000000000000000000000000000000001111111110000000000000000000000000000]
tmp_66          (fadd             ) [ 0000000000000000000000000000000000000000000000000000001111111111111111000000000000000000]
tmp_71          (fadd             ) [ 0000000000000000000000000000000000000000000000000000001111111111111111000000000000000000]
tmp_75          (fexp             ) [ 0000000000000000000000000000000000000000000000000000000000001111100000000000000000000000]
tmp_76          (fadd             ) [ 0000000000000000000000000000000000000000000000000000000000000000011111111111111110000000]
tmp_67          (fdiv             ) [ 0000000000000000000000000000000000000000000000000000000000000000000000110000000000000000]
tmp_72          (fdiv             ) [ 0000000000000000000000000000000000000000000000000000000000000000000000110000000000000000]
sext_ln153      (sext             ) [ 0000000000000000000000000000000000000000000000000000000000000000000000000000000000000000]
zext_ln153      (zext             ) [ 0000000000000000000000000000000000000000000000000000000000000000000000000000000000000000]
z_addr_5        (getelementptr    ) [ 0000000000000000000000000000000000000000000000000000000000000000000000100000000000000000]
z_load_4        (load             ) [ 0000000000000000000000000000000000000000000000000000000000000000000000010000000000000000]
c_slice_addr_1  (getelementptr    ) [ 0000000000000000000000000000000000000000000000000000000000000000000000011111111111000000]
i               (sptohp           ) [ 0000000000000000000000000000000000000000000000000000000000000000000000001111000000000000]
f               (sptohp           ) [ 0000000000000000000000000000000000000000000000000000000000000000000000001111000000000000]
tmp_78          (hcmp             ) [ 0000000000000000000000000000000000000000000000000000000000000000000000000000000000000000]
tmp_81          (hcmp             ) [ 0000000000000000000000000000000000000000000000000000000000000000000000000000000000000000]
xor_ln46        (xor              ) [ 0000000000000000000000000000000000000000000000000000000000000000000000000000000000000000]
and_ln47        (and              ) [ 0000000000000000000000000000000000000000000000000000000000000000000000000000000000000000]
select_ln47     (select           ) [ 0000000000000000000000000000000000000000000000000000000000000000000000000000000000000000]
or_ln47         (or               ) [ 0000000000000000000000000000000000000000000000000000000000000000000000000000000000000000]
g_2             (select           ) [ 0000000000000000000000000000000000000000000000000000000000000000000000001111000000000000]
c_slice_load    (load             ) [ 0000000000000000000000000000000000000000000000000000000000000000000000001111000000000000]
tmp_82          (hmul             ) [ 0000000000000000000000000000000000000000000000000000000000000000000000000000111110000000]
tmp_83          (hmul             ) [ 0000000000000000000000000000000000000000000000000000000000000000000000000000111110000000]
tmp_77          (fdiv             ) [ 0000000000000000000000000000000000000000000000000000000000000000000000000000000001100000]
c               (hadd             ) [ 0000000000000000000000000000000000000000000000000000000000000000000000000000000001100000]
store_ln156     (store            ) [ 0000000000000000000000000000000000000000000000000000000000000000000000000000000000000000]
o               (sptohp           ) [ 0000000000000000000000000000000000000000000000000000000000000000000000000000000000011110]
tmp_84          (hcmp             ) [ 0000000000000000000000000000000000000000000000000000000000000000000000000000000000000000]
tmp_85          (hcmp             ) [ 0000000000000000000000000000000000000000000000000000000000000000000000000000000000000000]
xor_ln46_5      (xor              ) [ 0000000000000000000000000000000000000000000000000000000000000000000000000000000000000000]
and_ln47_5      (and              ) [ 0000000000000000000000000000000000000000000000000000000000000000000000000000000000000000]
select_ln47_11  (select           ) [ 0000000000000000000000000000000000000000000000000000000000000000000000000000000000000000]
or_ln47_5       (or               ) [ 0000000000000000000000000000000000000000000000000000000000000000000000000000000000000000]
select_ln47_12  (select           ) [ 0000000000000000000000000000000000000000000000000000000000000000000000000000000000011110]
h               (hmul             ) [ 0000000000000000000000000000000000000000000000000000000000000000000000000000000000000001]
h_last_addr_2   (getelementptr    ) [ 0000000000000000000000000000000000000000000000000000000000000000000000000000000000000000]
store_ln156     (store            ) [ 0000000000000000000000000000000000000000000000000000000000000000000000000000000000000000]
br_ln149        (br               ) [ 0001111111111111111111111111111111111111111111111111111111111111111111111111111111111111]
</LifeTime>

<model>

<comp_list>
<comp id="0" class="1000" name="W_ifog">
<pin_list>
<pin id="1" dir="1" index="0" bw="1" slack="0"/>
</pin_list>
<bind>
<StgValue><ssdm name="W_ifog"/><MemPortTyVec>1 </MemPortTyVec>
</StgValue>
</bind>
</comp>

<comp id="2" class="1000" name="R_ifog">
<pin_list>
<pin id="3" dir="1" index="0" bw="1" slack="0"/>
</pin_list>
<bind>
<StgValue><ssdm name="R_ifog"/><MemPortTyVec>1 </MemPortTyVec>
</StgValue>
</bind>
</comp>

<comp id="4" class="1000" name="b_ifog">
<pin_list>
<pin id="5" dir="1" index="0" bw="1" slack="0"/>
</pin_list>
<bind>
<StgValue><ssdm name="b_ifog"/><MemPortTyVec>1 </MemPortTyVec>
</StgValue>
</bind>
</comp>

<comp id="6" class="1000" name="h_last">
<pin_list>
<pin id="7" dir="1" index="0" bw="1" slack="0"/>
</pin_list>
<bind>
<StgValue><ssdm name="h_last"/><MemPortTyVec>2 3 </MemPortTyVec>
</StgValue>
</bind>
</comp>

<comp id="8" class="1000" name="c_slice">
<pin_list>
<pin id="9" dir="1" index="0" bw="1" slack="0"/>
</pin_list>
<bind>
<StgValue><ssdm name="c_slice"/><MemPortTyVec>2 3 </MemPortTyVec>
</StgValue>
</bind>
</comp>

<comp id="10" class="1000" name="U_slice">
<pin_list>
<pin id="11" dir="1" index="0" bw="1" slack="0"/>
</pin_list>
<bind>
<StgValue><ssdm name="U_slice"/><MemPortTyVec>1 3 </MemPortTyVec>
</StgValue>
</bind>
</comp>

<comp id="12" class="1001" name="const_12">
<pin_list>
<pin id="13" dir="1" index="0" bw="1" slack="2147483647"/>
</pin_list>
<bind>
<StgValue><ssdm name="_ssdm_op_SpecMemCore"/></StgValue>
</bind>
</comp>

<comp id="14" class="1001" name="const_14">
<pin_list>
<pin id="15" dir="1" index="0" bw="1" slack="2147483647"/>
</pin_list>
<bind>
<StgValue><ssdm name="p_str1"/></StgValue>
</bind>
</comp>

<comp id="16" class="1001" name="const_16">
<pin_list>
<pin id="17" dir="1" index="0" bw="1" slack="2147483647"/>
</pin_list>
<bind>
<StgValue><ssdm name="p_str3"/></StgValue>
</bind>
</comp>

<comp id="18" class="1001" name="const_18">
<pin_list>
<pin id="19" dir="1" index="0" bw="1" slack="2147483647"/>
</pin_list>
<bind>
<StgValue><ssdm name=""/></StgValue>
</bind>
</comp>

<comp id="20" class="1001" name="const_20">
<pin_list>
<pin id="21" dir="1" index="0" bw="1" slack="0"/>
</pin_list>
<bind>
<StgValue><ssdm name=""/></StgValue>
</bind>
</comp>

<comp id="22" class="1001" name="const_22">
<pin_list>
<pin id="23" dir="1" index="0" bw="1" slack="1"/>
</pin_list>
<bind>
<StgValue><ssdm name=""/></StgValue>
</bind>
</comp>

<comp id="24" class="1001" name="const_24">
<pin_list>
<pin id="25" dir="1" index="0" bw="1" slack="0"/>
</pin_list>
<bind>
<StgValue><ssdm name=""/></StgValue>
</bind>
</comp>

<comp id="26" class="1001" name="const_26">
<pin_list>
<pin id="27" dir="1" index="0" bw="1" slack="2147483647"/>
</pin_list>
<bind>
<StgValue><ssdm name="_ssdm_op_SpecLoopTripCount"/></StgValue>
</bind>
</comp>

<comp id="28" class="1001" name="const_28">
<pin_list>
<pin id="29" dir="1" index="0" bw="1" slack="2147483647"/>
</pin_list>
<bind>
<StgValue><ssdm name=""/></StgValue>
</bind>
</comp>

<comp id="30" class="1001" name="const_30">
<pin_list>
<pin id="31" dir="1" index="0" bw="1" slack="0"/>
</pin_list>
<bind>
<StgValue><ssdm name=""/></StgValue>
</bind>
</comp>

<comp id="32" class="1001" name="const_32">
<pin_list>
<pin id="33" dir="1" index="0" bw="1" slack="0"/>
</pin_list>
<bind>
<StgValue><ssdm name=""/></StgValue>
</bind>
</comp>

<comp id="34" class="1001" name="const_34">
<pin_list>
<pin id="35" dir="1" index="0" bw="1" slack="0"/>
</pin_list>
<bind>
<StgValue><ssdm name=""/></StgValue>
</bind>
</comp>

<comp id="36" class="1001" name="const_36">
<pin_list>
<pin id="37" dir="1" index="0" bw="1" slack="1"/>
</pin_list>
<bind>
<StgValue><ssdm name=""/></StgValue>
</bind>
</comp>

<comp id="38" class="1001" name="const_38">
<pin_list>
<pin id="39" dir="1" index="0" bw="1" slack="0"/>
</pin_list>
<bind>
<StgValue><ssdm name=""/></StgValue>
</bind>
</comp>

<comp id="40" class="1001" name="const_40">
<pin_list>
<pin id="41" dir="1" index="0" bw="1" slack="2147483647"/>
</pin_list>
<bind>
<StgValue><ssdm name=""/></StgValue>
</bind>
</comp>

<comp id="42" class="1001" name="const_42">
<pin_list>
<pin id="43" dir="1" index="0" bw="1" slack="0"/>
</pin_list>
<bind>
<StgValue><ssdm name=""/></StgValue>
</bind>
</comp>

<comp id="44" class="1001" name="const_44">
<pin_list>
<pin id="45" dir="1" index="0" bw="1" slack="1"/>
</pin_list>
<bind>
<StgValue><ssdm name=""/></StgValue>
</bind>
</comp>

<comp id="46" class="1001" name="const_46">
<pin_list>
<pin id="47" dir="1" index="0" bw="1" slack="0"/>
</pin_list>
<bind>
<StgValue><ssdm name=""/></StgValue>
</bind>
</comp>

<comp id="48" class="1001" name="const_48">
<pin_list>
<pin id="49" dir="1" index="0" bw="1" slack="2147483647"/>
</pin_list>
<bind>
<StgValue><ssdm name=""/></StgValue>
</bind>
</comp>

<comp id="50" class="1001" name="const_50">
<pin_list>
<pin id="51" dir="1" index="0" bw="1" slack="0"/>
</pin_list>
<bind>
<StgValue><ssdm name=""/></StgValue>
</bind>
</comp>

<comp id="52" class="1001" name="const_52">
<pin_list>
<pin id="53" dir="1" index="0" bw="1" slack="0"/>
</pin_list>
<bind>
<StgValue><ssdm name="_ssdm_op_BitConcatenate.i9.i4.i5"/></StgValue>
</bind>
</comp>

<comp id="54" class="1001" name="const_54">
<pin_list>
<pin id="55" dir="1" index="0" bw="1" slack="0"/>
</pin_list>
<bind>
<StgValue><ssdm name=""/></StgValue>
</bind>
</comp>

<comp id="56" class="1001" name="const_56">
<pin_list>
<pin id="57" dir="1" index="0" bw="1" slack="0"/>
</pin_list>
<bind>
<StgValue><ssdm name="_ssdm_op_BitConcatenate.i12.i5.i7"/></StgValue>
</bind>
</comp>

<comp id="58" class="1001" name="const_58">
<pin_list>
<pin id="59" dir="1" index="0" bw="1" slack="0"/>
</pin_list>
<bind>
<StgValue><ssdm name=""/></StgValue>
</bind>
</comp>

<comp id="60" class="1001" name="const_60">
<pin_list>
<pin id="61" dir="1" index="0" bw="1" slack="0"/>
</pin_list>
<bind>
<StgValue><ssdm name=""/></StgValue>
</bind>
</comp>

<comp id="62" class="1001" name="const_62">
<pin_list>
<pin id="63" dir="1" index="0" bw="1" slack="0"/>
</pin_list>
<bind>
<StgValue><ssdm name="llvm.exp.f32"/></StgValue>
</bind>
</comp>

<comp id="64" class="1001" name="const_64">
<pin_list>
<pin id="65" dir="1" index="0" bw="1" slack="0"/>
</pin_list>
<bind>
<StgValue><ssdm name="_ssdm_op_BitConcatenate.i7.i1.i6"/></StgValue>
</bind>
</comp>

<comp id="66" class="1001" name="const_66">
<pin_list>
<pin id="67" dir="1" index="0" bw="1" slack="0"/>
</pin_list>
<bind>
<StgValue><ssdm name=""/></StgValue>
</bind>
</comp>

<comp id="68" class="1001" name="const_68">
<pin_list>
<pin id="69" dir="1" index="0" bw="1" slack="0"/>
</pin_list>
<bind>
<StgValue><ssdm name=""/></StgValue>
</bind>
</comp>

<comp id="70" class="1001" name="const_70">
<pin_list>
<pin id="71" dir="1" index="0" bw="1" slack="0"/>
</pin_list>
<bind>
<StgValue><ssdm name=""/></StgValue>
</bind>
</comp>

<comp id="72" class="1001" name="const_72">
<pin_list>
<pin id="73" dir="1" index="0" bw="1" slack="0"/>
</pin_list>
<bind>
<StgValue><ssdm name=""/></StgValue>
</bind>
</comp>

<comp id="74" class="1004" name="z_alloca_fu_74">
<pin_list>
<pin id="75" dir="0" index="0" bw="1" slack="0"/>
<pin id="76" dir="1" index="1" bw="16" slack="2147483647"/>
</pin_list>
<bind>
<opcode="alloca(26) " fcode="alloca"/>
<opset="z/1 "/>
</bind>
</comp>

<comp id="78" class="1004" name="h_last_addr_gep_fu_78">
<pin_list>
<pin id="79" dir="0" index="0" bw="16" slack="0"/>
<pin id="80" dir="0" index="1" bw="1" slack="0"/>
<pin id="81" dir="0" index="2" bw="6" slack="0"/>
<pin id="82" dir="1" index="3" bw="5" slack="0"/>
</pin_list>
<bind>
<opcode="getelementptr(29) " fcode="getelementptr"/>
<opset="h_last_addr/2 "/>
</bind>
</comp>

<comp id="85" class="1004" name="grp_access_fu_85">
<pin_list>
<pin id="86" dir="0" index="0" bw="5" slack="0"/>
<pin id="87" dir="0" index="1" bw="16" slack="0"/>
<pin id="88" dir="0" index="2" bw="0" slack="2147483647"/>
<pin id="89" dir="1" index="3" bw="16" slack="2"/>
</pin_list>
<bind>
<opcode="load(27) store(28) " fcode="store"/>
<opset="store_ln126/2 hv/18 store_ln156/87 "/>
</bind>
</comp>

<comp id="92" class="1004" name="c_slice_addr_gep_fu_92">
<pin_list>
<pin id="93" dir="0" index="0" bw="16" slack="0"/>
<pin id="94" dir="0" index="1" bw="1" slack="0"/>
<pin id="95" dir="0" index="2" bw="6" slack="0"/>
<pin id="96" dir="1" index="3" bw="5" slack="0"/>
</pin_list>
<bind>
<opcode="getelementptr(29) " fcode="getelementptr"/>
<opset="c_slice_addr/2 "/>
</bind>
</comp>

<comp id="99" class="1004" name="grp_access_fu_99">
<pin_list>
<pin id="100" dir="0" index="0" bw="5" slack="0"/>
<pin id="101" dir="0" index="1" bw="16" slack="0"/>
<pin id="102" dir="0" index="2" bw="0" slack="2147483647"/>
<pin id="103" dir="1" index="3" bw="16" slack="1"/>
</pin_list>
<bind>
<opcode="load(27) store(28) " fcode="store"/>
<opset="store_ln127/2 c_slice_load/70 store_ln156/81 "/>
</bind>
</comp>

<comp id="106" class="1004" name="b_ifog_addr_gep_fu_106">
<pin_list>
<pin id="107" dir="0" index="0" bw="16" slack="0"/>
<pin id="108" dir="0" index="1" bw="1" slack="0"/>
<pin id="109" dir="0" index="2" bw="8" slack="0"/>
<pin id="110" dir="1" index="3" bw="7" slack="0"/>
</pin_list>
<bind>
<opcode="getelementptr(29) " fcode="getelementptr"/>
<opset="b_ifog_addr/4 "/>
</bind>
</comp>

<comp id="113" class="1004" name="b_ifog_load_access_fu_113">
<pin_list>
<pin id="114" dir="0" index="0" bw="7" slack="0"/>
<pin id="115" dir="0" index="1" bw="16" slack="2147483647"/>
<pin id="116" dir="0" index="2" bw="0" slack="2147483647"/>
<pin id="117" dir="1" index="3" bw="16" slack="0"/>
</pin_list>
<bind>
<opcode="load(27) " fcode="load"/>
<opset="b_ifog_load/4 "/>
</bind>
</comp>

<comp id="119" class="1004" name="z_addr_gep_fu_119">
<pin_list>
<pin id="120" dir="0" index="0" bw="16" slack="2147483647"/>
<pin id="121" dir="0" index="1" bw="1" slack="0"/>
<pin id="122" dir="0" index="2" bw="8" slack="0"/>
<pin id="123" dir="1" index="3" bw="7" slack="0"/>
</pin_list>
<bind>
<opcode="getelementptr(29) " fcode="getelementptr"/>
<opset="z_addr/4 "/>
</bind>
</comp>

<comp id="125" class="1004" name="grp_access_fu_125">
<pin_list>
<pin id="126" dir="0" index="0" bw="7" slack="0"/>
<pin id="127" dir="0" index="1" bw="16" slack="0"/>
<pin id="128" dir="0" index="2" bw="0" slack="0"/>
<pin id="204" dir="0" index="4" bw="7" slack="2147483647"/>
<pin id="205" dir="0" index="5" bw="16" slack="2147483647"/>
<pin id="206" dir="0" index="6" bw="0" slack="2147483647"/>
<pin id="129" dir="1" index="3" bw="16" slack="1"/>
<pin id="207" dir="1" index="7" bw="16" slack="0"/>
</pin_list>
<bind>
<opcode="load(27) store(28) " fcode="load"/>
<opset="store_ln133/4 z_load/10 store_ln140/17 z_load_5/23 store_ln146/30 z_load_1/31 z_load_2/31 z_load_3/42 z_load_4/69 "/>
</bind>
</comp>

<comp id="132" class="1004" name="U_slice_addr_gep_fu_132">
<pin_list>
<pin id="133" dir="0" index="0" bw="16" slack="0"/>
<pin id="134" dir="0" index="1" bw="1" slack="0"/>
<pin id="135" dir="0" index="2" bw="9" slack="0"/>
<pin id="136" dir="1" index="3" bw="9" slack="0"/>
</pin_list>
<bind>
<opcode="getelementptr(29) " fcode="getelementptr"/>
<opset="U_slice_addr/5 "/>
</bind>
</comp>

<comp id="139" class="1004" name="grp_access_fu_139">
<pin_list>
<pin id="140" dir="0" index="0" bw="9" slack="0"/>
<pin id="141" dir="0" index="1" bw="16" slack="2147483647"/>
<pin id="142" dir="0" index="2" bw="0" slack="2147483647"/>
<pin id="143" dir="1" index="3" bw="16" slack="2"/>
</pin_list>
<bind>
<opcode="load(27) " fcode="load"/>
<opset="xv/5 "/>
</bind>
</comp>

<comp id="145" class="1004" name="z_addr_1_gep_fu_145">
<pin_list>
<pin id="146" dir="0" index="0" bw="16" slack="2147483647"/>
<pin id="147" dir="0" index="1" bw="1" slack="0"/>
<pin id="148" dir="0" index="2" bw="8" slack="0"/>
<pin id="149" dir="1" index="3" bw="7" slack="3"/>
</pin_list>
<bind>
<opcode="getelementptr(29) " fcode="getelementptr"/>
<opset="z_addr_1/7 "/>
</bind>
</comp>

<comp id="151" class="1004" name="W_ifog_addr_gep_fu_151">
<pin_list>
<pin id="152" dir="0" index="0" bw="16" slack="0"/>
<pin id="153" dir="0" index="1" bw="1" slack="0"/>
<pin id="154" dir="0" index="2" bw="12" slack="0"/>
<pin id="155" dir="1" index="3" bw="12" slack="0"/>
</pin_list>
<bind>
<opcode="getelementptr(29) " fcode="getelementptr"/>
<opset="W_ifog_addr/8 "/>
</bind>
</comp>

<comp id="158" class="1004" name="W_ifog_load_access_fu_158">
<pin_list>
<pin id="159" dir="0" index="0" bw="12" slack="0"/>
<pin id="160" dir="0" index="1" bw="16" slack="2147483647"/>
<pin id="161" dir="0" index="2" bw="0" slack="2147483647"/>
<pin id="162" dir="1" index="3" bw="16" slack="0"/>
</pin_list>
<bind>
<opcode="load(27) " fcode="load"/>
<opset="W_ifog_load/8 "/>
</bind>
</comp>

<comp id="164" class="1004" name="h_last_addr_1_gep_fu_164">
<pin_list>
<pin id="165" dir="0" index="0" bw="16" slack="0"/>
<pin id="166" dir="0" index="1" bw="1" slack="0"/>
<pin id="167" dir="0" index="2" bw="6" slack="0"/>
<pin id="168" dir="1" index="3" bw="5" slack="0"/>
</pin_list>
<bind>
<opcode="getelementptr(29) " fcode="getelementptr"/>
<opset="h_last_addr_1/18 "/>
</bind>
</comp>

<comp id="172" class="1004" name="z_addr_6_gep_fu_172">
<pin_list>
<pin id="173" dir="0" index="0" bw="16" slack="2147483647"/>
<pin id="174" dir="0" index="1" bw="1" slack="0"/>
<pin id="175" dir="0" index="2" bw="8" slack="0"/>
<pin id="176" dir="1" index="3" bw="7" slack="3"/>
</pin_list>
<bind>
<opcode="getelementptr(29) " fcode="getelementptr"/>
<opset="z_addr_6/20 "/>
</bind>
</comp>

<comp id="178" class="1004" name="R_ifog_addr_gep_fu_178">
<pin_list>
<pin id="179" dir="0" index="0" bw="16" slack="0"/>
<pin id="180" dir="0" index="1" bw="1" slack="0"/>
<pin id="181" dir="0" index="2" bw="12" slack="0"/>
<pin id="182" dir="1" index="3" bw="12" slack="0"/>
</pin_list>
<bind>
<opcode="getelementptr(29) " fcode="getelementptr"/>
<opset="R_ifog_addr/21 "/>
</bind>
</comp>

<comp id="185" class="1004" name="R_ifog_load_access_fu_185">
<pin_list>
<pin id="186" dir="0" index="0" bw="12" slack="0"/>
<pin id="187" dir="0" index="1" bw="16" slack="2147483647"/>
<pin id="188" dir="0" index="2" bw="0" slack="2147483647"/>
<pin id="189" dir="1" index="3" bw="16" slack="0"/>
</pin_list>
<bind>
<opcode="load(27) " fcode="load"/>
<opset="R_ifog_load/21 "/>
</bind>
</comp>

<comp id="191" class="1004" name="z_addr_2_gep_fu_191">
<pin_list>
<pin id="192" dir="0" index="0" bw="16" slack="2147483647"/>
<pin id="193" dir="0" index="1" bw="1" slack="0"/>
<pin id="194" dir="0" index="2" bw="6" slack="0"/>
<pin id="195" dir="1" index="3" bw="7" slack="0"/>
</pin_list>
<bind>
<opcode="getelementptr(29) " fcode="getelementptr"/>
<opset="z_addr_2/31 "/>
</bind>
</comp>

<comp id="198" class="1004" name="z_addr_3_gep_fu_198">
<pin_list>
<pin id="199" dir="0" index="0" bw="16" slack="2147483647"/>
<pin id="200" dir="0" index="1" bw="1" slack="0"/>
<pin id="201" dir="0" index="2" bw="6" slack="0"/>
<pin id="202" dir="1" index="3" bw="7" slack="0"/>
</pin_list>
<bind>
<opcode="getelementptr(29) " fcode="getelementptr"/>
<opset="z_addr_3/31 "/>
</bind>
</comp>

<comp id="209" class="1004" name="z_addr_4_gep_fu_209">
<pin_list>
<pin id="210" dir="0" index="0" bw="16" slack="2147483647"/>
<pin id="211" dir="0" index="1" bw="1" slack="0"/>
<pin id="212" dir="0" index="2" bw="7" slack="0"/>
<pin id="213" dir="1" index="3" bw="7" slack="0"/>
</pin_list>
<bind>
<opcode="getelementptr(29) " fcode="getelementptr"/>
<opset="z_addr_4/42 "/>
</bind>
</comp>

<comp id="216" class="1004" name="z_addr_5_gep_fu_216">
<pin_list>
<pin id="217" dir="0" index="0" bw="16" slack="2147483647"/>
<pin id="218" dir="0" index="1" bw="1" slack="0"/>
<pin id="219" dir="0" index="2" bw="7" slack="0"/>
<pin id="220" dir="1" index="3" bw="7" slack="0"/>
</pin_list>
<bind>
<opcode="getelementptr(29) " fcode="getelementptr"/>
<opset="z_addr_5/69 "/>
</bind>
</comp>

<comp id="223" class="1004" name="c_slice_addr_1_gep_fu_223">
<pin_list>
<pin id="224" dir="0" index="0" bw="16" slack="0"/>
<pin id="225" dir="0" index="1" bw="1" slack="0"/>
<pin id="226" dir="0" index="2" bw="6" slack="39"/>
<pin id="227" dir="1" index="3" bw="5" slack="0"/>
</pin_list>
<bind>
<opcode="getelementptr(29) " fcode="getelementptr"/>
<opset="c_slice_addr_1/70 "/>
</bind>
</comp>

<comp id="231" class="1004" name="h_last_addr_2_gep_fu_231">
<pin_list>
<pin id="232" dir="0" index="0" bw="16" slack="0"/>
<pin id="233" dir="0" index="1" bw="1" slack="0"/>
<pin id="234" dir="0" index="2" bw="6" slack="56"/>
<pin id="235" dir="1" index="3" bw="5" slack="0"/>
</pin_list>
<bind>
<opcode="getelementptr(29) " fcode="getelementptr"/>
<opset="h_last_addr_2/87 "/>
</bind>
</comp>

<comp id="239" class="1005" name="j_0_reg_239">
<pin_list>
<pin id="240" dir="0" index="0" bw="6" slack="1"/>
<pin id="241" dir="1" index="1" bw="6" slack="1"/>
</pin_list>
<bind>
<opset="j_0 (phireg) "/>
</bind>
</comp>

<comp id="243" class="1004" name="j_0_phi_fu_243">
<pin_list>
<pin id="244" dir="0" index="0" bw="1" slack="1"/>
<pin id="245" dir="0" index="1" bw="0" slack="2147483647"/>
<pin id="246" dir="0" index="2" bw="6" slack="0"/>
<pin id="247" dir="0" index="3" bw="0" slack="2147483647"/>
<pin id="248" dir="1" index="4" bw="6" slack="0"/>
</pin_list>
<bind>
<opcode="phi(47) " fcode="phi"/>
<opset="j_0/2 "/>
</bind>
</comp>

<comp id="250" class="1005" name="t_0_reg_250">
<pin_list>
<pin id="251" dir="0" index="0" bw="4" slack="1"/>
<pin id="252" dir="1" index="1" bw="4" slack="1"/>
</pin_list>
<bind>
<opset="t_0 (phireg) "/>
</bind>
</comp>

<comp id="254" class="1004" name="t_0_phi_fu_254">
<pin_list>
<pin id="255" dir="0" index="0" bw="4" slack="0"/>
<pin id="256" dir="0" index="1" bw="0" slack="2147483647"/>
<pin id="257" dir="0" index="2" bw="1" slack="1"/>
<pin id="258" dir="0" index="3" bw="0" slack="2147483647"/>
<pin id="259" dir="1" index="4" bw="4" slack="0"/>
</pin_list>
<bind>
<opcode="phi(47) " fcode="phi"/>
<opset="t_0/3 "/>
</bind>
</comp>

<comp id="262" class="1005" name="g_0_reg_262">
<pin_list>
<pin id="263" dir="0" index="0" bw="8" slack="1"/>
<pin id="264" dir="1" index="1" bw="8" slack="1"/>
</pin_list>
<bind>
<opset="g_0 (phireg) "/>
</bind>
</comp>

<comp id="266" class="1004" name="g_0_phi_fu_266">
<pin_list>
<pin id="267" dir="0" index="0" bw="8" slack="0"/>
<pin id="268" dir="0" index="1" bw="0" slack="2147483647"/>
<pin id="269" dir="0" index="2" bw="1" slack="1"/>
<pin id="270" dir="0" index="3" bw="0" slack="2147483647"/>
<pin id="271" dir="1" index="4" bw="8" slack="0"/>
</pin_list>
<bind>
<opcode="phi(47) " fcode="phi"/>
<opset="g_0/4 "/>
</bind>
</comp>

<comp id="273" class="1005" name="d_0_reg_273">
<pin_list>
<pin id="274" dir="0" index="0" bw="6" slack="1"/>
<pin id="275" dir="1" index="1" bw="6" slack="1"/>
</pin_list>
<bind>
<opset="d_0 (phireg) "/>
</bind>
</comp>

<comp id="277" class="1004" name="d_0_phi_fu_277">
<pin_list>
<pin id="278" dir="0" index="0" bw="1" slack="1"/>
<pin id="279" dir="0" index="1" bw="0" slack="2147483647"/>
<pin id="280" dir="0" index="2" bw="6" slack="0"/>
<pin id="281" dir="0" index="3" bw="0" slack="2147483647"/>
<pin id="282" dir="1" index="4" bw="6" slack="0"/>
</pin_list>
<bind>
<opcode="phi(47) " fcode="phi"/>
<opset="d_0/5 "/>
</bind>
</comp>

<comp id="284" class="1005" name="g1_0_reg_284">
<pin_list>
<pin id="285" dir="0" index="0" bw="8" slack="1"/>
<pin id="286" dir="1" index="1" bw="8" slack="1"/>
</pin_list>
<bind>
<opset="g1_0 (phireg) "/>
</bind>
</comp>

<comp id="288" class="1004" name="g1_0_phi_fu_288">
<pin_list>
<pin id="289" dir="0" index="0" bw="1" slack="1"/>
<pin id="290" dir="0" index="1" bw="0" slack="2147483647"/>
<pin id="291" dir="0" index="2" bw="8" slack="0"/>
<pin id="292" dir="0" index="3" bw="0" slack="2147483647"/>
<pin id="293" dir="1" index="4" bw="8" slack="0"/>
</pin_list>
<bind>
<opcode="phi(47) " fcode="phi"/>
<opset="g1_0/7 "/>
</bind>
</comp>

<comp id="295" class="1005" name="hp_0_reg_295">
<pin_list>
<pin id="296" dir="0" index="0" bw="6" slack="1"/>
<pin id="297" dir="1" index="1" bw="6" slack="1"/>
</pin_list>
<bind>
<opset="hp_0 (phireg) "/>
</bind>
</comp>

<comp id="299" class="1004" name="hp_0_phi_fu_299">
<pin_list>
<pin id="300" dir="0" index="0" bw="6" slack="0"/>
<pin id="301" dir="0" index="1" bw="0" slack="2147483647"/>
<pin id="302" dir="0" index="2" bw="1" slack="1"/>
<pin id="303" dir="0" index="3" bw="0" slack="2147483647"/>
<pin id="304" dir="1" index="4" bw="6" slack="0"/>
</pin_list>
<bind>
<opcode="phi(47) " fcode="phi"/>
<opset="hp_0/18 "/>
</bind>
</comp>

<comp id="306" class="1005" name="g2_0_reg_306">
<pin_list>
<pin id="307" dir="0" index="0" bw="8" slack="1"/>
<pin id="308" dir="1" index="1" bw="8" slack="1"/>
</pin_list>
<bind>
<opset="g2_0 (phireg) "/>
</bind>
</comp>

<comp id="310" class="1004" name="g2_0_phi_fu_310">
<pin_list>
<pin id="311" dir="0" index="0" bw="1" slack="1"/>
<pin id="312" dir="0" index="1" bw="0" slack="2147483647"/>
<pin id="313" dir="0" index="2" bw="8" slack="0"/>
<pin id="314" dir="0" index="3" bw="0" slack="2147483647"/>
<pin id="315" dir="1" index="4" bw="8" slack="0"/>
</pin_list>
<bind>
<opcode="phi(47) " fcode="phi"/>
<opset="g2_0/20 "/>
</bind>
</comp>

<comp id="317" class="1005" name="j_1_reg_317">
<pin_list>
<pin id="318" dir="0" index="0" bw="6" slack="1"/>
<pin id="319" dir="1" index="1" bw="6" slack="1"/>
</pin_list>
<bind>
<opset="j_1 (phireg) "/>
</bind>
</comp>

<comp id="321" class="1004" name="j_1_phi_fu_321">
<pin_list>
<pin id="322" dir="0" index="0" bw="6" slack="0"/>
<pin id="323" dir="0" index="1" bw="0" slack="2147483647"/>
<pin id="324" dir="0" index="2" bw="1" slack="1"/>
<pin id="325" dir="0" index="3" bw="0" slack="2147483647"/>
<pin id="326" dir="1" index="4" bw="6" slack="0"/>
</pin_list>
<bind>
<opcode="phi(47) " fcode="phi"/>
<opset="j_1/31 "/>
</bind>
</comp>

<comp id="329" class="1004" name="grp_fu_329">
<pin_list>
<pin id="330" dir="0" index="0" bw="32" slack="1"/>
<pin id="331" dir="0" index="1" bw="32" slack="0"/>
<pin id="332" dir="1" index="2" bw="32" slack="1"/>
</pin_list>
<bind>
<opcode="fadd(9) " fcode="fadd"/>
<opset="tmp_66/49 tmp_76/60 "/>
</bind>
</comp>

<comp id="334" class="1004" name="grp_fu_334">
<pin_list>
<pin id="335" dir="0" index="0" bw="32" slack="1"/>
<pin id="336" dir="0" index="1" bw="32" slack="0"/>
<pin id="337" dir="1" index="2" bw="32" slack="1"/>
</pin_list>
<bind>
<opcode="fadd(9) " fcode="fadd"/>
<opset="tmp_71/49 "/>
</bind>
</comp>

<comp id="339" class="1004" name="grp_fu_339">
<pin_list>
<pin id="340" dir="0" index="0" bw="32" slack="0"/>
<pin id="341" dir="0" index="1" bw="32" slack="1"/>
<pin id="342" dir="1" index="2" bw="32" slack="1"/>
</pin_list>
<bind>
<opcode="fdiv(16) " fcode="fdiv"/>
<opset="tmp_67/54 tmp_77/65 "/>
</bind>
</comp>

<comp id="344" class="1004" name="grp_fu_344">
<pin_list>
<pin id="345" dir="0" index="0" bw="32" slack="0"/>
<pin id="346" dir="0" index="1" bw="32" slack="1"/>
<pin id="347" dir="1" index="2" bw="32" slack="1"/>
</pin_list>
<bind>
<opcode="fdiv(16) " fcode="fdiv"/>
<opset="tmp_72/54 "/>
</bind>
</comp>

<comp id="349" class="1004" name="grp_fu_349">
<pin_list>
<pin id="350" dir="0" index="0" bw="32" slack="0"/>
<pin id="351" dir="0" index="1" bw="32" slack="1"/>
<pin id="352" dir="1" index="2" bw="32" slack="1"/>
</pin_list>
<bind>
<opcode="fexp(507) " fcode="fexp"/>
<opset="tmp_65/40 tmp_75/51 "/>
</bind>
</comp>

<comp id="354" class="1004" name="grp_fu_354">
<pin_list>
<pin id="355" dir="0" index="0" bw="32" slack="0"/>
<pin id="356" dir="0" index="1" bw="32" slack="1"/>
<pin id="357" dir="1" index="2" bw="32" slack="1"/>
</pin_list>
<bind>
<opcode="fexp(507) " fcode="fexp"/>
<opset="tmp_70/40 "/>
</bind>
</comp>

<comp id="359" class="1004" name="grp_fu_359">
<pin_list>
<pin id="360" dir="0" index="0" bw="32" slack="1"/>
<pin id="361" dir="1" index="1" bw="16" slack="1"/>
</pin_list>
<bind>
<opcode="sptohp(532) " fcode="sptohp"/>
<opset="i/70 o/81 "/>
</bind>
</comp>

<comp id="362" class="1004" name="grp_fu_362">
<pin_list>
<pin id="363" dir="0" index="0" bw="32" slack="1"/>
<pin id="364" dir="1" index="1" bw="16" slack="1"/>
</pin_list>
<bind>
<opcode="sptohp(532) " fcode="sptohp"/>
<opset="f/70 "/>
</bind>
</comp>

<comp id="365" class="1004" name="grp_fu_365">
<pin_list>
<pin id="366" dir="0" index="0" bw="16" slack="1"/>
<pin id="367" dir="1" index="1" bw="32" slack="1"/>
</pin_list>
<bind>
<opcode="hptosp(533) " fcode="hptosp"/>
<opset="tmp_64/38 tmp_74/49 "/>
</bind>
</comp>

<comp id="368" class="1004" name="grp_fu_368">
<pin_list>
<pin id="369" dir="0" index="0" bw="16" slack="1"/>
<pin id="370" dir="1" index="1" bw="32" slack="1"/>
</pin_list>
<bind>
<opcode="hptosp(533) " fcode="hptosp"/>
<opset="tmp_69/38 "/>
</bind>
</comp>

<comp id="371" class="1004" name="grp_fu_371">
<pin_list>
<pin id="372" dir="0" index="0" bw="16" slack="1"/>
<pin id="373" dir="0" index="1" bw="16" slack="1"/>
<pin id="374" dir="1" index="2" bw="16" slack="1"/>
</pin_list>
<bind>
<opcode="hadd(534) " fcode="hadd"/>
<opset="tmp_s/12 tmp_80/25 c/76 "/>
</bind>
</comp>

<comp id="375" class="1004" name="grp_fu_375">
<pin_list>
<pin id="376" dir="0" index="0" bw="16" slack="0"/>
<pin id="377" dir="0" index="1" bw="16" slack="1"/>
<pin id="378" dir="1" index="2" bw="16" slack="1"/>
</pin_list>
<bind>
<opcode="hsub(535) " fcode="hsub"/>
<opset="tmp_63/33 tmp_73/44 "/>
</bind>
</comp>

<comp id="380" class="1004" name="grp_fu_380">
<pin_list>
<pin id="381" dir="0" index="0" bw="16" slack="0"/>
<pin id="382" dir="0" index="1" bw="16" slack="1"/>
<pin id="383" dir="1" index="2" bw="16" slack="1"/>
</pin_list>
<bind>
<opcode="hsub(535) " fcode="hsub"/>
<opset="tmp_68/33 "/>
</bind>
</comp>

<comp id="385" class="1004" name="grp_fu_385">
<pin_list>
<pin id="386" dir="0" index="0" bw="16" slack="1"/>
<pin id="387" dir="0" index="1" bw="16" slack="0"/>
<pin id="388" dir="1" index="2" bw="16" slack="1"/>
</pin_list>
<bind>
<opcode="hmul(536) " fcode="hmul"/>
<opset="tmp/8 tmp_79/21 tmp_82/72 h/83 "/>
</bind>
</comp>

<comp id="391" class="1004" name="grp_fu_391">
<pin_list>
<pin id="392" dir="0" index="0" bw="16" slack="1"/>
<pin id="393" dir="0" index="1" bw="16" slack="1"/>
<pin id="394" dir="1" index="2" bw="16" slack="1"/>
</pin_list>
<bind>
<opcode="hmul(536) " fcode="hmul"/>
<opset="tmp_83/72 "/>
</bind>
</comp>

<comp id="395" class="1004" name="grp_fu_395">
<pin_list>
<pin id="396" dir="0" index="0" bw="16" slack="0"/>
<pin id="397" dir="0" index="1" bw="16" slack="0"/>
<pin id="398" dir="1" index="2" bw="1" slack="0"/>
</pin_list>
<bind>
<opcode="hcmp(539) " fcode="hcmp"/>
<opset="tmp_78/70 tmp_84/81 "/>
</bind>
</comp>

<comp id="401" class="1004" name="grp_fu_401">
<pin_list>
<pin id="402" dir="0" index="0" bw="16" slack="0"/>
<pin id="403" dir="0" index="1" bw="16" slack="0"/>
<pin id="404" dir="1" index="2" bw="1" slack="0"/>
</pin_list>
<bind>
<opcode="hcmp(539) " fcode="hcmp"/>
<opset="tmp_81/70 tmp_85/81 "/>
</bind>
</comp>

<comp id="407" class="1005" name="reg_407">
<pin_list>
<pin id="408" dir="0" index="0" bw="16" slack="1"/>
<pin id="409" dir="1" index="1" bw="16" slack="1"/>
</pin_list>
<bind>
<opset="tmp tmp_79 tmp_82 h "/>
</bind>
</comp>

<comp id="414" class="1005" name="reg_414">
<pin_list>
<pin id="415" dir="0" index="0" bw="16" slack="1"/>
<pin id="416" dir="1" index="1" bw="16" slack="1"/>
</pin_list>
<bind>
<opset="z_load z_load_5 z_load_1 z_load_3 z_load_4 "/>
</bind>
</comp>

<comp id="423" class="1005" name="reg_423">
<pin_list>
<pin id="424" dir="0" index="0" bw="16" slack="1"/>
<pin id="425" dir="1" index="1" bw="16" slack="1"/>
</pin_list>
<bind>
<opset="tmp_s tmp_80 c "/>
</bind>
</comp>

<comp id="431" class="1005" name="reg_431">
<pin_list>
<pin id="432" dir="0" index="0" bw="16" slack="1"/>
<pin id="433" dir="1" index="1" bw="16" slack="1"/>
</pin_list>
<bind>
<opset="tmp_63 tmp_73 "/>
</bind>
</comp>

<comp id="436" class="1005" name="reg_436">
<pin_list>
<pin id="437" dir="0" index="0" bw="32" slack="1"/>
<pin id="438" dir="1" index="1" bw="32" slack="1"/>
</pin_list>
<bind>
<opset="tmp_64 tmp_74 "/>
</bind>
</comp>

<comp id="441" class="1005" name="reg_441">
<pin_list>
<pin id="442" dir="0" index="0" bw="32" slack="1"/>
<pin id="443" dir="1" index="1" bw="32" slack="1"/>
</pin_list>
<bind>
<opset="tmp_65 tmp_75 "/>
</bind>
</comp>

<comp id="446" class="1005" name="reg_446">
<pin_list>
<pin id="447" dir="0" index="0" bw="32" slack="1"/>
<pin id="448" dir="1" index="1" bw="32" slack="1"/>
</pin_list>
<bind>
<opset="tmp_67 tmp_77 "/>
</bind>
</comp>

<comp id="451" class="1005" name="reg_451">
<pin_list>
<pin id="452" dir="0" index="0" bw="16" slack="1"/>
<pin id="453" dir="1" index="1" bw="16" slack="1"/>
</pin_list>
<bind>
<opset="i o "/>
</bind>
</comp>

<comp id="457" class="1004" name="icmp_ln125_fu_457">
<pin_list>
<pin id="458" dir="0" index="0" bw="6" slack="0"/>
<pin id="459" dir="0" index="1" bw="6" slack="0"/>
<pin id="460" dir="1" index="2" bw="1" slack="2147483647"/>
</pin_list>
<bind>
<opcode="icmp(45) " fcode="icmp"/>
<opset="icmp_ln125/2 "/>
</bind>
</comp>

<comp id="463" class="1004" name="j_fu_463">
<pin_list>
<pin id="464" dir="0" index="0" bw="6" slack="0"/>
<pin id="465" dir="0" index="1" bw="1" slack="0"/>
<pin id="466" dir="1" index="2" bw="6" slack="0"/>
</pin_list>
<bind>
<opcode="add(8) " fcode="add"/>
<opset="j/2 "/>
</bind>
</comp>

<comp id="469" class="1004" name="zext_ln126_fu_469">
<pin_list>
<pin id="470" dir="0" index="0" bw="6" slack="0"/>
<pin id="471" dir="1" index="1" bw="64" slack="0"/>
</pin_list>
<bind>
<opcode="zext(34) " fcode="zext"/>
<opset="zext_ln126/2 "/>
</bind>
</comp>

<comp id="475" class="1004" name="icmp_ln131_fu_475">
<pin_list>
<pin id="476" dir="0" index="0" bw="4" slack="0"/>
<pin id="477" dir="0" index="1" bw="3" slack="0"/>
<pin id="478" dir="1" index="2" bw="1" slack="2147483647"/>
</pin_list>
<bind>
<opcode="icmp(45) " fcode="icmp"/>
<opset="icmp_ln131/3 "/>
</bind>
</comp>

<comp id="481" class="1004" name="t_fu_481">
<pin_list>
<pin id="482" dir="0" index="0" bw="4" slack="0"/>
<pin id="483" dir="0" index="1" bw="1" slack="0"/>
<pin id="484" dir="1" index="2" bw="4" slack="0"/>
</pin_list>
<bind>
<opcode="add(8) " fcode="add"/>
<opset="t/3 "/>
</bind>
</comp>

<comp id="487" class="1004" name="icmp_ln133_fu_487">
<pin_list>
<pin id="488" dir="0" index="0" bw="8" slack="0"/>
<pin id="489" dir="0" index="1" bw="8" slack="0"/>
<pin id="490" dir="1" index="2" bw="1" slack="2147483647"/>
</pin_list>
<bind>
<opcode="icmp(45) " fcode="icmp"/>
<opset="icmp_ln133/4 "/>
</bind>
</comp>

<comp id="493" class="1004" name="g_fu_493">
<pin_list>
<pin id="494" dir="0" index="0" bw="8" slack="0"/>
<pin id="495" dir="0" index="1" bw="1" slack="0"/>
<pin id="496" dir="1" index="2" bw="8" slack="0"/>
</pin_list>
<bind>
<opcode="add(8) " fcode="add"/>
<opset="g/4 "/>
</bind>
</comp>

<comp id="499" class="1004" name="zext_ln133_fu_499">
<pin_list>
<pin id="500" dir="0" index="0" bw="8" slack="0"/>
<pin id="501" dir="1" index="1" bw="64" slack="0"/>
</pin_list>
<bind>
<opcode="zext(34) " fcode="zext"/>
<opset="zext_ln133/4 "/>
</bind>
</comp>

<comp id="505" class="1004" name="shl_ln_fu_505">
<pin_list>
<pin id="506" dir="0" index="0" bw="9" slack="0"/>
<pin id="507" dir="0" index="1" bw="4" slack="1"/>
<pin id="508" dir="0" index="2" bw="1" slack="0"/>
<pin id="509" dir="1" index="3" bw="9" slack="1"/>
</pin_list>
<bind>
<opcode="bitconcatenate(1004) " fcode="bitconcatenate"/>
<opset="shl_ln/4 "/>
</bind>
</comp>

<comp id="513" class="1004" name="icmp_ln137_fu_513">
<pin_list>
<pin id="514" dir="0" index="0" bw="6" slack="0"/>
<pin id="515" dir="0" index="1" bw="6" slack="0"/>
<pin id="516" dir="1" index="2" bw="1" slack="2147483647"/>
</pin_list>
<bind>
<opcode="icmp(45) " fcode="icmp"/>
<opset="icmp_ln137/5 "/>
</bind>
</comp>

<comp id="519" class="1004" name="d_fu_519">
<pin_list>
<pin id="520" dir="0" index="0" bw="6" slack="0"/>
<pin id="521" dir="0" index="1" bw="1" slack="0"/>
<pin id="522" dir="1" index="2" bw="6" slack="0"/>
</pin_list>
<bind>
<opcode="add(8) " fcode="add"/>
<opset="d/5 "/>
</bind>
</comp>

<comp id="525" class="1004" name="zext_ln138_fu_525">
<pin_list>
<pin id="526" dir="0" index="0" bw="6" slack="0"/>
<pin id="527" dir="1" index="1" bw="9" slack="0"/>
</pin_list>
<bind>
<opcode="zext(34) " fcode="zext"/>
<opset="zext_ln138/5 "/>
</bind>
</comp>

<comp id="529" class="1004" name="add_ln138_fu_529">
<pin_list>
<pin id="530" dir="0" index="0" bw="6" slack="0"/>
<pin id="531" dir="0" index="1" bw="9" slack="1"/>
<pin id="532" dir="1" index="2" bw="9" slack="0"/>
</pin_list>
<bind>
<opcode="add(8) " fcode="add"/>
<opset="add_ln138/5 "/>
</bind>
</comp>

<comp id="534" class="1004" name="zext_ln138_1_fu_534">
<pin_list>
<pin id="535" dir="0" index="0" bw="9" slack="0"/>
<pin id="536" dir="1" index="1" bw="64" slack="0"/>
</pin_list>
<bind>
<opcode="zext(34) " fcode="zext"/>
<opset="zext_ln138_1/5 "/>
</bind>
</comp>

<comp id="539" class="1004" name="trunc_ln139_fu_539">
<pin_list>
<pin id="540" dir="0" index="0" bw="6" slack="0"/>
<pin id="541" dir="1" index="1" bw="5" slack="1"/>
</pin_list>
<bind>
<opcode="trunc(33) " fcode="trunc"/>
<opset="trunc_ln139/5 "/>
</bind>
</comp>

<comp id="543" class="1004" name="shl_ln1_fu_543">
<pin_list>
<pin id="544" dir="0" index="0" bw="12" slack="0"/>
<pin id="545" dir="0" index="1" bw="5" slack="1"/>
<pin id="546" dir="0" index="2" bw="1" slack="0"/>
<pin id="547" dir="1" index="3" bw="12" slack="1"/>
</pin_list>
<bind>
<opcode="bitconcatenate(1004) " fcode="bitconcatenate"/>
<opset="shl_ln1/6 "/>
</bind>
</comp>

<comp id="550" class="1004" name="icmp_ln140_fu_550">
<pin_list>
<pin id="551" dir="0" index="0" bw="8" slack="0"/>
<pin id="552" dir="0" index="1" bw="8" slack="0"/>
<pin id="553" dir="1" index="2" bw="1" slack="2147483647"/>
</pin_list>
<bind>
<opcode="icmp(45) " fcode="icmp"/>
<opset="icmp_ln140/7 "/>
</bind>
</comp>

<comp id="556" class="1004" name="g_1_fu_556">
<pin_list>
<pin id="557" dir="0" index="0" bw="8" slack="0"/>
<pin id="558" dir="0" index="1" bw="1" slack="0"/>
<pin id="559" dir="1" index="2" bw="8" slack="0"/>
</pin_list>
<bind>
<opcode="add(8) " fcode="add"/>
<opset="g_1/7 "/>
</bind>
</comp>

<comp id="562" class="1004" name="zext_ln140_fu_562">
<pin_list>
<pin id="563" dir="0" index="0" bw="8" slack="0"/>
<pin id="564" dir="1" index="1" bw="64" slack="0"/>
</pin_list>
<bind>
<opcode="zext(34) " fcode="zext"/>
<opset="zext_ln140/7 "/>
</bind>
</comp>

<comp id="567" class="1004" name="zext_ln140_1_fu_567">
<pin_list>
<pin id="568" dir="0" index="0" bw="8" slack="0"/>
<pin id="569" dir="1" index="1" bw="12" slack="0"/>
</pin_list>
<bind>
<opcode="zext(34) " fcode="zext"/>
<opset="zext_ln140_1/7 "/>
</bind>
</comp>

<comp id="571" class="1004" name="add_ln140_fu_571">
<pin_list>
<pin id="572" dir="0" index="0" bw="12" slack="1"/>
<pin id="573" dir="0" index="1" bw="8" slack="0"/>
<pin id="574" dir="1" index="2" bw="12" slack="1"/>
</pin_list>
<bind>
<opcode="add(8) " fcode="add"/>
<opset="add_ln140/7 "/>
</bind>
</comp>

<comp id="576" class="1004" name="zext_ln140_2_fu_576">
<pin_list>
<pin id="577" dir="0" index="0" bw="12" slack="1"/>
<pin id="578" dir="1" index="1" bw="64" slack="0"/>
</pin_list>
<bind>
<opcode="zext(34) " fcode="zext"/>
<opset="zext_ln140_2/8 "/>
</bind>
</comp>

<comp id="580" class="1004" name="icmp_ln143_fu_580">
<pin_list>
<pin id="581" dir="0" index="0" bw="6" slack="0"/>
<pin id="582" dir="0" index="1" bw="6" slack="0"/>
<pin id="583" dir="1" index="2" bw="1" slack="2147483647"/>
</pin_list>
<bind>
<opcode="icmp(45) " fcode="icmp"/>
<opset="icmp_ln143/18 "/>
</bind>
</comp>

<comp id="586" class="1004" name="hp_fu_586">
<pin_list>
<pin id="587" dir="0" index="0" bw="6" slack="0"/>
<pin id="588" dir="0" index="1" bw="1" slack="0"/>
<pin id="589" dir="1" index="2" bw="6" slack="0"/>
</pin_list>
<bind>
<opcode="add(8) " fcode="add"/>
<opset="hp/18 "/>
</bind>
</comp>

<comp id="592" class="1004" name="zext_ln144_fu_592">
<pin_list>
<pin id="593" dir="0" index="0" bw="6" slack="0"/>
<pin id="594" dir="1" index="1" bw="64" slack="0"/>
</pin_list>
<bind>
<opcode="zext(34) " fcode="zext"/>
<opset="zext_ln144/18 "/>
</bind>
</comp>

<comp id="597" class="1004" name="trunc_ln145_fu_597">
<pin_list>
<pin id="598" dir="0" index="0" bw="6" slack="0"/>
<pin id="599" dir="1" index="1" bw="5" slack="1"/>
</pin_list>
<bind>
<opcode="trunc(33) " fcode="trunc"/>
<opset="trunc_ln145/18 "/>
</bind>
</comp>

<comp id="601" class="1004" name="shl_ln2_fu_601">
<pin_list>
<pin id="602" dir="0" index="0" bw="12" slack="0"/>
<pin id="603" dir="0" index="1" bw="5" slack="1"/>
<pin id="604" dir="0" index="2" bw="1" slack="0"/>
<pin id="605" dir="1" index="3" bw="12" slack="1"/>
</pin_list>
<bind>
<opcode="bitconcatenate(1004) " fcode="bitconcatenate"/>
<opset="shl_ln2/19 "/>
</bind>
</comp>

<comp id="608" class="1004" name="icmp_ln146_fu_608">
<pin_list>
<pin id="609" dir="0" index="0" bw="8" slack="0"/>
<pin id="610" dir="0" index="1" bw="8" slack="0"/>
<pin id="611" dir="1" index="2" bw="1" slack="2147483647"/>
</pin_list>
<bind>
<opcode="icmp(45) " fcode="icmp"/>
<opset="icmp_ln146/20 "/>
</bind>
</comp>

<comp id="614" class="1004" name="g_3_fu_614">
<pin_list>
<pin id="615" dir="0" index="0" bw="8" slack="0"/>
<pin id="616" dir="0" index="1" bw="1" slack="0"/>
<pin id="617" dir="1" index="2" bw="8" slack="0"/>
</pin_list>
<bind>
<opcode="add(8) " fcode="add"/>
<opset="g_3/20 "/>
</bind>
</comp>

<comp id="620" class="1004" name="zext_ln146_fu_620">
<pin_list>
<pin id="621" dir="0" index="0" bw="8" slack="0"/>
<pin id="622" dir="1" index="1" bw="64" slack="0"/>
</pin_list>
<bind>
<opcode="zext(34) " fcode="zext"/>
<opset="zext_ln146/20 "/>
</bind>
</comp>

<comp id="625" class="1004" name="zext_ln146_1_fu_625">
<pin_list>
<pin id="626" dir="0" index="0" bw="8" slack="0"/>
<pin id="627" dir="1" index="1" bw="12" slack="0"/>
</pin_list>
<bind>
<opcode="zext(34) " fcode="zext"/>
<opset="zext_ln146_1/20 "/>
</bind>
</comp>

<comp id="629" class="1004" name="add_ln146_fu_629">
<pin_list>
<pin id="630" dir="0" index="0" bw="12" slack="1"/>
<pin id="631" dir="0" index="1" bw="8" slack="0"/>
<pin id="632" dir="1" index="2" bw="12" slack="1"/>
</pin_list>
<bind>
<opcode="add(8) " fcode="add"/>
<opset="add_ln146/20 "/>
</bind>
</comp>

<comp id="634" class="1004" name="zext_ln146_2_fu_634">
<pin_list>
<pin id="635" dir="0" index="0" bw="12" slack="1"/>
<pin id="636" dir="1" index="1" bw="64" slack="0"/>
</pin_list>
<bind>
<opcode="zext(34) " fcode="zext"/>
<opset="zext_ln146_2/21 "/>
</bind>
</comp>

<comp id="638" class="1004" name="icmp_ln149_fu_638">
<pin_list>
<pin id="639" dir="0" index="0" bw="6" slack="0"/>
<pin id="640" dir="0" index="1" bw="6" slack="0"/>
<pin id="641" dir="1" index="2" bw="1" slack="2147483647"/>
</pin_list>
<bind>
<opcode="icmp(45) " fcode="icmp"/>
<opset="icmp_ln149/31 "/>
</bind>
</comp>

<comp id="644" class="1004" name="j_14_fu_644">
<pin_list>
<pin id="645" dir="0" index="0" bw="6" slack="0"/>
<pin id="646" dir="0" index="1" bw="1" slack="0"/>
<pin id="647" dir="1" index="2" bw="6" slack="0"/>
</pin_list>
<bind>
<opcode="add(8) " fcode="add"/>
<opset="j_14/31 "/>
</bind>
</comp>

<comp id="650" class="1004" name="zext_ln150_fu_650">
<pin_list>
<pin id="651" dir="0" index="0" bw="6" slack="0"/>
<pin id="652" dir="1" index="1" bw="64" slack="0"/>
</pin_list>
<bind>
<opcode="zext(34) " fcode="zext"/>
<opset="zext_ln150/31 "/>
</bind>
</comp>

<comp id="655" class="1004" name="xor_ln151_fu_655">
<pin_list>
<pin id="656" dir="0" index="0" bw="6" slack="0"/>
<pin id="657" dir="0" index="1" bw="6" slack="0"/>
<pin id="658" dir="1" index="2" bw="6" slack="0"/>
</pin_list>
<bind>
<opcode="xor(25) " fcode="xor"/>
<opset="xor_ln151/31 "/>
</bind>
</comp>

<comp id="661" class="1004" name="zext_ln151_fu_661">
<pin_list>
<pin id="662" dir="0" index="0" bw="6" slack="0"/>
<pin id="663" dir="1" index="1" bw="64" slack="0"/>
</pin_list>
<bind>
<opcode="zext(34) " fcode="zext"/>
<opset="zext_ln151/31 "/>
</bind>
</comp>

<comp id="666" class="1004" name="or_ln_fu_666">
<pin_list>
<pin id="667" dir="0" index="0" bw="7" slack="0"/>
<pin id="668" dir="0" index="1" bw="1" slack="0"/>
<pin id="669" dir="0" index="2" bw="6" slack="11"/>
<pin id="670" dir="1" index="3" bw="7" slack="0"/>
</pin_list>
<bind>
<opcode="bitconcatenate(1004) " fcode="bitconcatenate"/>
<opset="or_ln/42 "/>
</bind>
</comp>

<comp id="674" class="1004" name="zext_ln152_fu_674">
<pin_list>
<pin id="675" dir="0" index="0" bw="7" slack="0"/>
<pin id="676" dir="1" index="1" bw="64" slack="0"/>
</pin_list>
<bind>
<opcode="zext(34) " fcode="zext"/>
<opset="zext_ln152/42 "/>
</bind>
</comp>

<comp id="679" class="1004" name="sext_ln153_fu_679">
<pin_list>
<pin id="680" dir="0" index="0" bw="6" slack="38"/>
<pin id="681" dir="1" index="1" bw="7" slack="0"/>
</pin_list>
<bind>
<opcode="sext(35) " fcode="sext"/>
<opset="sext_ln153/69 "/>
</bind>
</comp>

<comp id="682" class="1004" name="zext_ln153_fu_682">
<pin_list>
<pin id="683" dir="0" index="0" bw="6" slack="0"/>
<pin id="684" dir="1" index="1" bw="64" slack="0"/>
</pin_list>
<bind>
<opcode="zext(34) " fcode="zext"/>
<opset="zext_ln153/69 "/>
</bind>
</comp>

<comp id="687" class="1004" name="xor_ln46_fu_687">
<pin_list>
<pin id="688" dir="0" index="0" bw="1" slack="0"/>
<pin id="689" dir="0" index="1" bw="1" slack="0"/>
<pin id="690" dir="1" index="2" bw="1" slack="0"/>
</pin_list>
<bind>
<opcode="xor(25) " fcode="xor"/>
<opset="xor_ln46/71 "/>
</bind>
</comp>

<comp id="693" class="1004" name="and_ln47_fu_693">
<pin_list>
<pin id="694" dir="0" index="0" bw="1" slack="0"/>
<pin id="695" dir="0" index="1" bw="1" slack="0"/>
<pin id="696" dir="1" index="2" bw="1" slack="0"/>
</pin_list>
<bind>
<opcode="and(23) " fcode="and"/>
<opset="and_ln47/71 "/>
</bind>
</comp>

<comp id="699" class="1004" name="select_ln47_fu_699">
<pin_list>
<pin id="700" dir="0" index="0" bw="1" slack="0"/>
<pin id="701" dir="0" index="1" bw="16" slack="0"/>
<pin id="702" dir="0" index="2" bw="16" slack="0"/>
<pin id="703" dir="1" index="3" bw="16" slack="0"/>
</pin_list>
<bind>
<opcode="select(49) " fcode="select"/>
<opset="select_ln47/71 "/>
</bind>
</comp>

<comp id="707" class="1004" name="or_ln47_fu_707">
<pin_list>
<pin id="708" dir="0" index="0" bw="1" slack="0"/>
<pin id="709" dir="0" index="1" bw="1" slack="0"/>
<pin id="710" dir="1" index="2" bw="1" slack="0"/>
</pin_list>
<bind>
<opcode="or(24) " fcode="or"/>
<opset="or_ln47/71 "/>
</bind>
</comp>

<comp id="713" class="1004" name="g_2_fu_713">
<pin_list>
<pin id="714" dir="0" index="0" bw="1" slack="0"/>
<pin id="715" dir="0" index="1" bw="16" slack="0"/>
<pin id="716" dir="0" index="2" bw="16" slack="1"/>
<pin id="717" dir="1" index="3" bw="16" slack="1"/>
</pin_list>
<bind>
<opcode="select(49) " fcode="select"/>
<opset="g_2/71 "/>
</bind>
</comp>

<comp id="721" class="1004" name="xor_ln46_5_fu_721">
<pin_list>
<pin id="722" dir="0" index="0" bw="1" slack="0"/>
<pin id="723" dir="0" index="1" bw="1" slack="0"/>
<pin id="724" dir="1" index="2" bw="1" slack="0"/>
</pin_list>
<bind>
<opcode="xor(25) " fcode="xor"/>
<opset="xor_ln46_5/82 "/>
</bind>
</comp>

<comp id="727" class="1004" name="and_ln47_5_fu_727">
<pin_list>
<pin id="728" dir="0" index="0" bw="1" slack="0"/>
<pin id="729" dir="0" index="1" bw="1" slack="0"/>
<pin id="730" dir="1" index="2" bw="1" slack="0"/>
</pin_list>
<bind>
<opcode="and(23) " fcode="and"/>
<opset="and_ln47_5/82 "/>
</bind>
</comp>

<comp id="733" class="1004" name="select_ln47_11_fu_733">
<pin_list>
<pin id="734" dir="0" index="0" bw="1" slack="0"/>
<pin id="735" dir="0" index="1" bw="16" slack="0"/>
<pin id="736" dir="0" index="2" bw="16" slack="0"/>
<pin id="737" dir="1" index="3" bw="16" slack="0"/>
</pin_list>
<bind>
<opcode="select(49) " fcode="select"/>
<opset="select_ln47_11/82 "/>
</bind>
</comp>

<comp id="741" class="1004" name="or_ln47_5_fu_741">
<pin_list>
<pin id="742" dir="0" index="0" bw="1" slack="0"/>
<pin id="743" dir="0" index="1" bw="1" slack="0"/>
<pin id="744" dir="1" index="2" bw="1" slack="0"/>
</pin_list>
<bind>
<opcode="or(24) " fcode="or"/>
<opset="or_ln47_5/82 "/>
</bind>
</comp>

<comp id="747" class="1004" name="select_ln47_12_fu_747">
<pin_list>
<pin id="748" dir="0" index="0" bw="1" slack="0"/>
<pin id="749" dir="0" index="1" bw="16" slack="0"/>
<pin id="750" dir="0" index="2" bw="16" slack="2"/>
<pin id="751" dir="1" index="3" bw="16" slack="1"/>
</pin_list>
<bind>
<opcode="select(49) " fcode="select"/>
<opset="select_ln47_12/82 "/>
</bind>
</comp>

<comp id="758" class="1005" name="j_reg_758">
<pin_list>
<pin id="759" dir="0" index="0" bw="6" slack="0"/>
<pin id="760" dir="1" index="1" bw="6" slack="0"/>
</pin_list>
<bind>
<opset="j "/>
</bind>
</comp>

<comp id="766" class="1005" name="t_reg_766">
<pin_list>
<pin id="767" dir="0" index="0" bw="4" slack="0"/>
<pin id="768" dir="1" index="1" bw="4" slack="0"/>
</pin_list>
<bind>
<opset="t "/>
</bind>
</comp>

<comp id="774" class="1005" name="g_reg_774">
<pin_list>
<pin id="775" dir="0" index="0" bw="8" slack="0"/>
<pin id="776" dir="1" index="1" bw="8" slack="0"/>
</pin_list>
<bind>
<opset="g "/>
</bind>
</comp>

<comp id="779" class="1005" name="shl_ln_reg_779">
<pin_list>
<pin id="780" dir="0" index="0" bw="9" slack="1"/>
<pin id="781" dir="1" index="1" bw="9" slack="1"/>
</pin_list>
<bind>
<opset="shl_ln "/>
</bind>
</comp>

<comp id="787" class="1005" name="d_reg_787">
<pin_list>
<pin id="788" dir="0" index="0" bw="6" slack="0"/>
<pin id="789" dir="1" index="1" bw="6" slack="0"/>
</pin_list>
<bind>
<opset="d "/>
</bind>
</comp>

<comp id="792" class="1005" name="U_slice_addr_reg_792">
<pin_list>
<pin id="793" dir="0" index="0" bw="9" slack="1"/>
<pin id="794" dir="1" index="1" bw="9" slack="1"/>
</pin_list>
<bind>
<opset="U_slice_addr "/>
</bind>
</comp>

<comp id="797" class="1005" name="trunc_ln139_reg_797">
<pin_list>
<pin id="798" dir="0" index="0" bw="5" slack="1"/>
<pin id="799" dir="1" index="1" bw="5" slack="1"/>
</pin_list>
<bind>
<opset="trunc_ln139 "/>
</bind>
</comp>

<comp id="802" class="1005" name="xv_reg_802">
<pin_list>
<pin id="803" dir="0" index="0" bw="16" slack="2"/>
<pin id="804" dir="1" index="1" bw="16" slack="2"/>
</pin_list>
<bind>
<opset="xv "/>
</bind>
</comp>

<comp id="807" class="1005" name="shl_ln1_reg_807">
<pin_list>
<pin id="808" dir="0" index="0" bw="12" slack="1"/>
<pin id="809" dir="1" index="1" bw="12" slack="1"/>
</pin_list>
<bind>
<opset="shl_ln1 "/>
</bind>
</comp>

<comp id="815" class="1005" name="g_1_reg_815">
<pin_list>
<pin id="816" dir="0" index="0" bw="8" slack="0"/>
<pin id="817" dir="1" index="1" bw="8" slack="0"/>
</pin_list>
<bind>
<opset="g_1 "/>
</bind>
</comp>

<comp id="820" class="1005" name="add_ln140_reg_820">
<pin_list>
<pin id="821" dir="0" index="0" bw="12" slack="1"/>
<pin id="822" dir="1" index="1" bw="12" slack="1"/>
</pin_list>
<bind>
<opset="add_ln140 "/>
</bind>
</comp>

<comp id="825" class="1005" name="z_addr_1_reg_825">
<pin_list>
<pin id="826" dir="0" index="0" bw="7" slack="3"/>
<pin id="827" dir="1" index="1" bw="7" slack="3"/>
</pin_list>
<bind>
<opset="z_addr_1 "/>
</bind>
</comp>

<comp id="830" class="1005" name="W_ifog_load_reg_830">
<pin_list>
<pin id="831" dir="0" index="0" bw="16" slack="1"/>
<pin id="832" dir="1" index="1" bw="16" slack="1"/>
</pin_list>
<bind>
<opset="W_ifog_load "/>
</bind>
</comp>

<comp id="838" class="1005" name="hp_reg_838">
<pin_list>
<pin id="839" dir="0" index="0" bw="6" slack="0"/>
<pin id="840" dir="1" index="1" bw="6" slack="0"/>
</pin_list>
<bind>
<opset="hp "/>
</bind>
</comp>

<comp id="843" class="1005" name="h_last_addr_1_reg_843">
<pin_list>
<pin id="844" dir="0" index="0" bw="5" slack="1"/>
<pin id="845" dir="1" index="1" bw="5" slack="1"/>
</pin_list>
<bind>
<opset="h_last_addr_1 "/>
</bind>
</comp>

<comp id="848" class="1005" name="trunc_ln145_reg_848">
<pin_list>
<pin id="849" dir="0" index="0" bw="5" slack="1"/>
<pin id="850" dir="1" index="1" bw="5" slack="1"/>
</pin_list>
<bind>
<opset="trunc_ln145 "/>
</bind>
</comp>

<comp id="853" class="1005" name="hv_reg_853">
<pin_list>
<pin id="854" dir="0" index="0" bw="16" slack="2"/>
<pin id="855" dir="1" index="1" bw="16" slack="2"/>
</pin_list>
<bind>
<opset="hv "/>
</bind>
</comp>

<comp id="858" class="1005" name="shl_ln2_reg_858">
<pin_list>
<pin id="859" dir="0" index="0" bw="12" slack="1"/>
<pin id="860" dir="1" index="1" bw="12" slack="1"/>
</pin_list>
<bind>
<opset="shl_ln2 "/>
</bind>
</comp>

<comp id="866" class="1005" name="g_3_reg_866">
<pin_list>
<pin id="867" dir="0" index="0" bw="8" slack="0"/>
<pin id="868" dir="1" index="1" bw="8" slack="0"/>
</pin_list>
<bind>
<opset="g_3 "/>
</bind>
</comp>

<comp id="871" class="1005" name="add_ln146_reg_871">
<pin_list>
<pin id="872" dir="0" index="0" bw="12" slack="1"/>
<pin id="873" dir="1" index="1" bw="12" slack="1"/>
</pin_list>
<bind>
<opset="add_ln146 "/>
</bind>
</comp>

<comp id="876" class="1005" name="z_addr_6_reg_876">
<pin_list>
<pin id="877" dir="0" index="0" bw="7" slack="3"/>
<pin id="878" dir="1" index="1" bw="7" slack="3"/>
</pin_list>
<bind>
<opset="z_addr_6 "/>
</bind>
</comp>

<comp id="881" class="1005" name="R_ifog_load_reg_881">
<pin_list>
<pin id="882" dir="0" index="0" bw="16" slack="1"/>
<pin id="883" dir="1" index="1" bw="16" slack="1"/>
</pin_list>
<bind>
<opset="R_ifog_load "/>
</bind>
</comp>

<comp id="889" class="1005" name="j_14_reg_889">
<pin_list>
<pin id="890" dir="0" index="0" bw="6" slack="0"/>
<pin id="891" dir="1" index="1" bw="6" slack="0"/>
</pin_list>
<bind>
<opset="j_14 "/>
</bind>
</comp>

<comp id="894" class="1005" name="zext_ln150_reg_894">
<pin_list>
<pin id="895" dir="0" index="0" bw="64" slack="39"/>
<pin id="896" dir="1" index="1" bw="64" slack="39"/>
</pin_list>
<bind>
<opset="zext_ln150 "/>
</bind>
</comp>

<comp id="900" class="1005" name="z_addr_2_reg_900">
<pin_list>
<pin id="901" dir="0" index="0" bw="7" slack="1"/>
<pin id="902" dir="1" index="1" bw="7" slack="1"/>
</pin_list>
<bind>
<opset="z_addr_2 "/>
</bind>
</comp>

<comp id="905" class="1005" name="xor_ln151_reg_905">
<pin_list>
<pin id="906" dir="0" index="0" bw="6" slack="38"/>
<pin id="907" dir="1" index="1" bw="6" slack="38"/>
</pin_list>
<bind>
<opset="xor_ln151 "/>
</bind>
</comp>

<comp id="910" class="1005" name="z_addr_3_reg_910">
<pin_list>
<pin id="911" dir="0" index="0" bw="7" slack="1"/>
<pin id="912" dir="1" index="1" bw="7" slack="1"/>
</pin_list>
<bind>
<opset="z_addr_3 "/>
</bind>
</comp>

<comp id="915" class="1005" name="z_load_2_reg_915">
<pin_list>
<pin id="916" dir="0" index="0" bw="16" slack="1"/>
<pin id="917" dir="1" index="1" bw="16" slack="1"/>
</pin_list>
<bind>
<opset="z_load_2 "/>
</bind>
</comp>

<comp id="920" class="1005" name="tmp_68_reg_920">
<pin_list>
<pin id="921" dir="0" index="0" bw="16" slack="1"/>
<pin id="922" dir="1" index="1" bw="16" slack="1"/>
</pin_list>
<bind>
<opset="tmp_68 "/>
</bind>
</comp>

<comp id="925" class="1005" name="tmp_69_reg_925">
<pin_list>
<pin id="926" dir="0" index="0" bw="32" slack="1"/>
<pin id="927" dir="1" index="1" bw="32" slack="1"/>
</pin_list>
<bind>
<opset="tmp_69 "/>
</bind>
</comp>

<comp id="930" class="1005" name="z_addr_4_reg_930">
<pin_list>
<pin id="931" dir="0" index="0" bw="7" slack="1"/>
<pin id="932" dir="1" index="1" bw="7" slack="1"/>
</pin_list>
<bind>
<opset="z_addr_4 "/>
</bind>
</comp>

<comp id="935" class="1005" name="tmp_70_reg_935">
<pin_list>
<pin id="936" dir="0" index="0" bw="32" slack="1"/>
<pin id="937" dir="1" index="1" bw="32" slack="1"/>
</pin_list>
<bind>
<opset="tmp_70 "/>
</bind>
</comp>

<comp id="940" class="1005" name="tmp_66_reg_940">
<pin_list>
<pin id="941" dir="0" index="0" bw="32" slack="1"/>
<pin id="942" dir="1" index="1" bw="32" slack="1"/>
</pin_list>
<bind>
<opset="tmp_66 "/>
</bind>
</comp>

<comp id="945" class="1005" name="tmp_71_reg_945">
<pin_list>
<pin id="946" dir="0" index="0" bw="32" slack="1"/>
<pin id="947" dir="1" index="1" bw="32" slack="1"/>
</pin_list>
<bind>
<opset="tmp_71 "/>
</bind>
</comp>

<comp id="950" class="1005" name="tmp_76_reg_950">
<pin_list>
<pin id="951" dir="0" index="0" bw="32" slack="1"/>
<pin id="952" dir="1" index="1" bw="32" slack="1"/>
</pin_list>
<bind>
<opset="tmp_76 "/>
</bind>
</comp>

<comp id="955" class="1005" name="tmp_72_reg_955">
<pin_list>
<pin id="956" dir="0" index="0" bw="32" slack="1"/>
<pin id="957" dir="1" index="1" bw="32" slack="1"/>
</pin_list>
<bind>
<opset="tmp_72 "/>
</bind>
</comp>

<comp id="960" class="1005" name="z_addr_5_reg_960">
<pin_list>
<pin id="961" dir="0" index="0" bw="7" slack="1"/>
<pin id="962" dir="1" index="1" bw="7" slack="1"/>
</pin_list>
<bind>
<opset="z_addr_5 "/>
</bind>
</comp>

<comp id="965" class="1005" name="c_slice_addr_1_reg_965">
<pin_list>
<pin id="966" dir="0" index="0" bw="5" slack="1"/>
<pin id="967" dir="1" index="1" bw="5" slack="1"/>
</pin_list>
<bind>
<opset="c_slice_addr_1 "/>
</bind>
</comp>

<comp id="970" class="1005" name="f_reg_970">
<pin_list>
<pin id="971" dir="0" index="0" bw="16" slack="1"/>
<pin id="972" dir="1" index="1" bw="16" slack="1"/>
</pin_list>
<bind>
<opset="f "/>
</bind>
</comp>

<comp id="975" class="1005" name="g_2_reg_975">
<pin_list>
<pin id="976" dir="0" index="0" bw="16" slack="1"/>
<pin id="977" dir="1" index="1" bw="16" slack="1"/>
</pin_list>
<bind>
<opset="g_2 "/>
</bind>
</comp>

<comp id="980" class="1005" name="c_slice_load_reg_980">
<pin_list>
<pin id="981" dir="0" index="0" bw="16" slack="1"/>
<pin id="982" dir="1" index="1" bw="16" slack="1"/>
</pin_list>
<bind>
<opset="c_slice_load "/>
</bind>
</comp>

<comp id="985" class="1005" name="tmp_83_reg_985">
<pin_list>
<pin id="986" dir="0" index="0" bw="16" slack="1"/>
<pin id="987" dir="1" index="1" bw="16" slack="1"/>
</pin_list>
<bind>
<opset="tmp_83 "/>
</bind>
</comp>

<comp id="990" class="1005" name="select_ln47_12_reg_990">
<pin_list>
<pin id="991" dir="0" index="0" bw="16" slack="1"/>
<pin id="992" dir="1" index="1" bw="16" slack="1"/>
</pin_list>
<bind>
<opset="select_ln47_12 "/>
</bind>
</comp>

</comp_list>

<net_list>
<net id="77"><net_src comp="20" pin="0"/><net_sink comp="74" pin=0"/></net>

<net id="83"><net_src comp="6" pin="0"/><net_sink comp="78" pin=0"/></net>

<net id="84"><net_src comp="32" pin="0"/><net_sink comp="78" pin=1"/></net>

<net id="90"><net_src comp="34" pin="0"/><net_sink comp="85" pin=1"/></net>

<net id="91"><net_src comp="78" pin="3"/><net_sink comp="85" pin=0"/></net>

<net id="97"><net_src comp="8" pin="0"/><net_sink comp="92" pin=0"/></net>

<net id="98"><net_src comp="32" pin="0"/><net_sink comp="92" pin=1"/></net>

<net id="104"><net_src comp="34" pin="0"/><net_sink comp="99" pin=1"/></net>

<net id="105"><net_src comp="92" pin="3"/><net_sink comp="99" pin=0"/></net>

<net id="111"><net_src comp="4" pin="0"/><net_sink comp="106" pin=0"/></net>

<net id="112"><net_src comp="32" pin="0"/><net_sink comp="106" pin=1"/></net>

<net id="118"><net_src comp="106" pin="3"/><net_sink comp="113" pin=0"/></net>

<net id="124"><net_src comp="32" pin="0"/><net_sink comp="119" pin=1"/></net>

<net id="130"><net_src comp="113" pin="3"/><net_sink comp="125" pin=1"/></net>

<net id="131"><net_src comp="119" pin="3"/><net_sink comp="125" pin=0"/></net>

<net id="137"><net_src comp="10" pin="0"/><net_sink comp="132" pin=0"/></net>

<net id="138"><net_src comp="32" pin="0"/><net_sink comp="132" pin=1"/></net>

<net id="144"><net_src comp="132" pin="3"/><net_sink comp="139" pin=0"/></net>

<net id="150"><net_src comp="32" pin="0"/><net_sink comp="145" pin=1"/></net>

<net id="156"><net_src comp="0" pin="0"/><net_sink comp="151" pin=0"/></net>

<net id="157"><net_src comp="32" pin="0"/><net_sink comp="151" pin=1"/></net>

<net id="163"><net_src comp="151" pin="3"/><net_sink comp="158" pin=0"/></net>

<net id="169"><net_src comp="6" pin="0"/><net_sink comp="164" pin=0"/></net>

<net id="170"><net_src comp="32" pin="0"/><net_sink comp="164" pin=1"/></net>

<net id="171"><net_src comp="164" pin="3"/><net_sink comp="85" pin=0"/></net>

<net id="177"><net_src comp="32" pin="0"/><net_sink comp="172" pin=1"/></net>

<net id="183"><net_src comp="2" pin="0"/><net_sink comp="178" pin=0"/></net>

<net id="184"><net_src comp="32" pin="0"/><net_sink comp="178" pin=1"/></net>

<net id="190"><net_src comp="178" pin="3"/><net_sink comp="185" pin=0"/></net>

<net id="196"><net_src comp="32" pin="0"/><net_sink comp="191" pin=1"/></net>

<net id="197"><net_src comp="191" pin="3"/><net_sink comp="125" pin=0"/></net>

<net id="203"><net_src comp="32" pin="0"/><net_sink comp="198" pin=1"/></net>

<net id="208"><net_src comp="198" pin="3"/><net_sink comp="125" pin=2"/></net>

<net id="214"><net_src comp="32" pin="0"/><net_sink comp="209" pin=1"/></net>

<net id="215"><net_src comp="209" pin="3"/><net_sink comp="125" pin=2"/></net>

<net id="221"><net_src comp="32" pin="0"/><net_sink comp="216" pin=1"/></net>

<net id="222"><net_src comp="216" pin="3"/><net_sink comp="125" pin=2"/></net>

<net id="228"><net_src comp="8" pin="0"/><net_sink comp="223" pin=0"/></net>

<net id="229"><net_src comp="32" pin="0"/><net_sink comp="223" pin=1"/></net>

<net id="230"><net_src comp="223" pin="3"/><net_sink comp="99" pin=0"/></net>

<net id="236"><net_src comp="6" pin="0"/><net_sink comp="231" pin=0"/></net>

<net id="237"><net_src comp="32" pin="0"/><net_sink comp="231" pin=1"/></net>

<net id="238"><net_src comp="231" pin="3"/><net_sink comp="85" pin=0"/></net>

<net id="242"><net_src comp="22" pin="0"/><net_sink comp="239" pin=0"/></net>

<net id="249"><net_src comp="239" pin="1"/><net_sink comp="243" pin=0"/></net>

<net id="253"><net_src comp="36" pin="0"/><net_sink comp="250" pin=0"/></net>

<net id="260"><net_src comp="250" pin="1"/><net_sink comp="254" pin=2"/></net>

<net id="261"><net_src comp="254" pin="4"/><net_sink comp="250" pin=0"/></net>

<net id="265"><net_src comp="44" pin="0"/><net_sink comp="262" pin=0"/></net>

<net id="272"><net_src comp="262" pin="1"/><net_sink comp="266" pin=2"/></net>

<net id="276"><net_src comp="22" pin="0"/><net_sink comp="273" pin=0"/></net>

<net id="283"><net_src comp="273" pin="1"/><net_sink comp="277" pin=0"/></net>

<net id="287"><net_src comp="44" pin="0"/><net_sink comp="284" pin=0"/></net>

<net id="294"><net_src comp="284" pin="1"/><net_sink comp="288" pin=0"/></net>

<net id="298"><net_src comp="22" pin="0"/><net_sink comp="295" pin=0"/></net>

<net id="305"><net_src comp="295" pin="1"/><net_sink comp="299" pin=2"/></net>

<net id="309"><net_src comp="44" pin="0"/><net_sink comp="306" pin=0"/></net>

<net id="316"><net_src comp="306" pin="1"/><net_sink comp="310" pin=0"/></net>

<net id="320"><net_src comp="22" pin="0"/><net_sink comp="317" pin=0"/></net>

<net id="327"><net_src comp="317" pin="1"/><net_sink comp="321" pin=2"/></net>

<net id="328"><net_src comp="321" pin="4"/><net_sink comp="317" pin=0"/></net>

<net id="333"><net_src comp="68" pin="0"/><net_sink comp="329" pin=1"/></net>

<net id="338"><net_src comp="68" pin="0"/><net_sink comp="334" pin=1"/></net>

<net id="343"><net_src comp="68" pin="0"/><net_sink comp="339" pin=0"/></net>

<net id="348"><net_src comp="68" pin="0"/><net_sink comp="344" pin=0"/></net>

<net id="353"><net_src comp="62" pin="0"/><net_sink comp="349" pin=0"/></net>

<net id="358"><net_src comp="62" pin="0"/><net_sink comp="354" pin=0"/></net>

<net id="379"><net_src comp="60" pin="0"/><net_sink comp="375" pin=0"/></net>

<net id="384"><net_src comp="60" pin="0"/><net_sink comp="380" pin=0"/></net>

<net id="389"><net_src comp="158" pin="3"/><net_sink comp="385" pin=1"/></net>

<net id="390"><net_src comp="185" pin="3"/><net_sink comp="385" pin=1"/></net>

<net id="399"><net_src comp="125" pin="7"/><net_sink comp="395" pin=0"/></net>

<net id="400"><net_src comp="70" pin="0"/><net_sink comp="395" pin=1"/></net>

<net id="405"><net_src comp="125" pin="7"/><net_sink comp="401" pin=0"/></net>

<net id="406"><net_src comp="72" pin="0"/><net_sink comp="401" pin=1"/></net>

<net id="410"><net_src comp="385" pin="2"/><net_sink comp="407" pin=0"/></net>

<net id="411"><net_src comp="407" pin="1"/><net_sink comp="371" pin=1"/></net>

<net id="412"><net_src comp="407" pin="1"/><net_sink comp="371" pin=0"/></net>

<net id="413"><net_src comp="407" pin="1"/><net_sink comp="85" pin=1"/></net>

<net id="417"><net_src comp="125" pin="3"/><net_sink comp="414" pin=0"/></net>

<net id="418"><net_src comp="414" pin="1"/><net_sink comp="371" pin=0"/></net>

<net id="419"><net_src comp="414" pin="1"/><net_sink comp="375" pin=1"/></net>

<net id="420"><net_src comp="125" pin="7"/><net_sink comp="414" pin=0"/></net>

<net id="421"><net_src comp="414" pin="1"/><net_sink comp="395" pin=0"/></net>

<net id="422"><net_src comp="414" pin="1"/><net_sink comp="401" pin=0"/></net>

<net id="426"><net_src comp="371" pin="2"/><net_sink comp="423" pin=0"/></net>

<net id="427"><net_src comp="423" pin="1"/><net_sink comp="125" pin=1"/></net>

<net id="428"><net_src comp="423" pin="1"/><net_sink comp="395" pin=0"/></net>

<net id="429"><net_src comp="423" pin="1"/><net_sink comp="401" pin=0"/></net>

<net id="430"><net_src comp="423" pin="1"/><net_sink comp="99" pin=1"/></net>

<net id="434"><net_src comp="375" pin="2"/><net_sink comp="431" pin=0"/></net>

<net id="435"><net_src comp="431" pin="1"/><net_sink comp="365" pin=0"/></net>

<net id="439"><net_src comp="365" pin="1"/><net_sink comp="436" pin=0"/></net>

<net id="440"><net_src comp="436" pin="1"/><net_sink comp="349" pin=1"/></net>

<net id="444"><net_src comp="349" pin="2"/><net_sink comp="441" pin=0"/></net>

<net id="445"><net_src comp="441" pin="1"/><net_sink comp="329" pin=0"/></net>

<net id="449"><net_src comp="339" pin="2"/><net_sink comp="446" pin=0"/></net>

<net id="450"><net_src comp="446" pin="1"/><net_sink comp="359" pin=0"/></net>

<net id="454"><net_src comp="359" pin="1"/><net_sink comp="451" pin=0"/></net>

<net id="455"><net_src comp="451" pin="1"/><net_sink comp="391" pin=0"/></net>

<net id="456"><net_src comp="451" pin="1"/><net_sink comp="385" pin=0"/></net>

<net id="461"><net_src comp="243" pin="4"/><net_sink comp="457" pin=0"/></net>

<net id="462"><net_src comp="24" pin="0"/><net_sink comp="457" pin=1"/></net>

<net id="467"><net_src comp="243" pin="4"/><net_sink comp="463" pin=0"/></net>

<net id="468"><net_src comp="30" pin="0"/><net_sink comp="463" pin=1"/></net>

<net id="472"><net_src comp="243" pin="4"/><net_sink comp="469" pin=0"/></net>

<net id="473"><net_src comp="469" pin="1"/><net_sink comp="78" pin=2"/></net>

<net id="474"><net_src comp="469" pin="1"/><net_sink comp="92" pin=2"/></net>

<net id="479"><net_src comp="254" pin="4"/><net_sink comp="475" pin=0"/></net>

<net id="480"><net_src comp="38" pin="0"/><net_sink comp="475" pin=1"/></net>

<net id="485"><net_src comp="254" pin="4"/><net_sink comp="481" pin=0"/></net>

<net id="486"><net_src comp="42" pin="0"/><net_sink comp="481" pin=1"/></net>

<net id="491"><net_src comp="266" pin="4"/><net_sink comp="487" pin=0"/></net>

<net id="492"><net_src comp="46" pin="0"/><net_sink comp="487" pin=1"/></net>

<net id="497"><net_src comp="266" pin="4"/><net_sink comp="493" pin=0"/></net>

<net id="498"><net_src comp="50" pin="0"/><net_sink comp="493" pin=1"/></net>

<net id="502"><net_src comp="266" pin="4"/><net_sink comp="499" pin=0"/></net>

<net id="503"><net_src comp="499" pin="1"/><net_sink comp="106" pin=2"/></net>

<net id="504"><net_src comp="499" pin="1"/><net_sink comp="119" pin=2"/></net>

<net id="510"><net_src comp="52" pin="0"/><net_sink comp="505" pin=0"/></net>

<net id="511"><net_src comp="250" pin="1"/><net_sink comp="505" pin=1"/></net>

<net id="512"><net_src comp="54" pin="0"/><net_sink comp="505" pin=2"/></net>

<net id="517"><net_src comp="277" pin="4"/><net_sink comp="513" pin=0"/></net>

<net id="518"><net_src comp="24" pin="0"/><net_sink comp="513" pin=1"/></net>

<net id="523"><net_src comp="277" pin="4"/><net_sink comp="519" pin=0"/></net>

<net id="524"><net_src comp="30" pin="0"/><net_sink comp="519" pin=1"/></net>

<net id="528"><net_src comp="277" pin="4"/><net_sink comp="525" pin=0"/></net>

<net id="533"><net_src comp="525" pin="1"/><net_sink comp="529" pin=0"/></net>

<net id="537"><net_src comp="529" pin="2"/><net_sink comp="534" pin=0"/></net>

<net id="538"><net_src comp="534" pin="1"/><net_sink comp="132" pin=2"/></net>

<net id="542"><net_src comp="277" pin="4"/><net_sink comp="539" pin=0"/></net>

<net id="548"><net_src comp="56" pin="0"/><net_sink comp="543" pin=0"/></net>

<net id="549"><net_src comp="58" pin="0"/><net_sink comp="543" pin=2"/></net>

<net id="554"><net_src comp="288" pin="4"/><net_sink comp="550" pin=0"/></net>

<net id="555"><net_src comp="46" pin="0"/><net_sink comp="550" pin=1"/></net>

<net id="560"><net_src comp="288" pin="4"/><net_sink comp="556" pin=0"/></net>

<net id="561"><net_src comp="50" pin="0"/><net_sink comp="556" pin=1"/></net>

<net id="565"><net_src comp="288" pin="4"/><net_sink comp="562" pin=0"/></net>

<net id="566"><net_src comp="562" pin="1"/><net_sink comp="145" pin=2"/></net>

<net id="570"><net_src comp="288" pin="4"/><net_sink comp="567" pin=0"/></net>

<net id="575"><net_src comp="567" pin="1"/><net_sink comp="571" pin=1"/></net>

<net id="579"><net_src comp="576" pin="1"/><net_sink comp="151" pin=2"/></net>

<net id="584"><net_src comp="299" pin="4"/><net_sink comp="580" pin=0"/></net>

<net id="585"><net_src comp="24" pin="0"/><net_sink comp="580" pin=1"/></net>

<net id="590"><net_src comp="299" pin="4"/><net_sink comp="586" pin=0"/></net>

<net id="591"><net_src comp="30" pin="0"/><net_sink comp="586" pin=1"/></net>

<net id="595"><net_src comp="299" pin="4"/><net_sink comp="592" pin=0"/></net>

<net id="596"><net_src comp="592" pin="1"/><net_sink comp="164" pin=2"/></net>

<net id="600"><net_src comp="299" pin="4"/><net_sink comp="597" pin=0"/></net>

<net id="606"><net_src comp="56" pin="0"/><net_sink comp="601" pin=0"/></net>

<net id="607"><net_src comp="58" pin="0"/><net_sink comp="601" pin=2"/></net>

<net id="612"><net_src comp="310" pin="4"/><net_sink comp="608" pin=0"/></net>

<net id="613"><net_src comp="46" pin="0"/><net_sink comp="608" pin=1"/></net>

<net id="618"><net_src comp="310" pin="4"/><net_sink comp="614" pin=0"/></net>

<net id="619"><net_src comp="50" pin="0"/><net_sink comp="614" pin=1"/></net>

<net id="623"><net_src comp="310" pin="4"/><net_sink comp="620" pin=0"/></net>

<net id="624"><net_src comp="620" pin="1"/><net_sink comp="172" pin=2"/></net>

<net id="628"><net_src comp="310" pin="4"/><net_sink comp="625" pin=0"/></net>

<net id="633"><net_src comp="625" pin="1"/><net_sink comp="629" pin=1"/></net>

<net id="637"><net_src comp="634" pin="1"/><net_sink comp="178" pin=2"/></net>

<net id="642"><net_src comp="321" pin="4"/><net_sink comp="638" pin=0"/></net>

<net id="643"><net_src comp="24" pin="0"/><net_sink comp="638" pin=1"/></net>

<net id="648"><net_src comp="321" pin="4"/><net_sink comp="644" pin=0"/></net>

<net id="649"><net_src comp="30" pin="0"/><net_sink comp="644" pin=1"/></net>

<net id="653"><net_src comp="321" pin="4"/><net_sink comp="650" pin=0"/></net>

<net id="654"><net_src comp="650" pin="1"/><net_sink comp="191" pin=2"/></net>

<net id="659"><net_src comp="321" pin="4"/><net_sink comp="655" pin=0"/></net>

<net id="660"><net_src comp="24" pin="0"/><net_sink comp="655" pin=1"/></net>

<net id="664"><net_src comp="655" pin="2"/><net_sink comp="661" pin=0"/></net>

<net id="665"><net_src comp="661" pin="1"/><net_sink comp="198" pin=2"/></net>

<net id="671"><net_src comp="64" pin="0"/><net_sink comp="666" pin=0"/></net>

<net id="672"><net_src comp="66" pin="0"/><net_sink comp="666" pin=1"/></net>

<net id="673"><net_src comp="317" pin="1"/><net_sink comp="666" pin=2"/></net>

<net id="677"><net_src comp="666" pin="3"/><net_sink comp="674" pin=0"/></net>

<net id="678"><net_src comp="674" pin="1"/><net_sink comp="209" pin=2"/></net>

<net id="685"><net_src comp="679" pin="1"/><net_sink comp="682" pin=0"/></net>

<net id="686"><net_src comp="682" pin="1"/><net_sink comp="216" pin=2"/></net>

<net id="691"><net_src comp="395" pin="2"/><net_sink comp="687" pin=0"/></net>

<net id="692"><net_src comp="66" pin="0"/><net_sink comp="687" pin=1"/></net>

<net id="697"><net_src comp="401" pin="2"/><net_sink comp="693" pin=0"/></net>

<net id="698"><net_src comp="687" pin="2"/><net_sink comp="693" pin=1"/></net>

<net id="704"><net_src comp="693" pin="2"/><net_sink comp="699" pin=0"/></net>

<net id="705"><net_src comp="72" pin="0"/><net_sink comp="699" pin=1"/></net>

<net id="706"><net_src comp="70" pin="0"/><net_sink comp="699" pin=2"/></net>

<net id="711"><net_src comp="693" pin="2"/><net_sink comp="707" pin=0"/></net>

<net id="712"><net_src comp="395" pin="2"/><net_sink comp="707" pin=1"/></net>

<net id="718"><net_src comp="707" pin="2"/><net_sink comp="713" pin=0"/></net>

<net id="719"><net_src comp="699" pin="3"/><net_sink comp="713" pin=1"/></net>

<net id="720"><net_src comp="414" pin="1"/><net_sink comp="713" pin=2"/></net>

<net id="725"><net_src comp="395" pin="2"/><net_sink comp="721" pin=0"/></net>

<net id="726"><net_src comp="66" pin="0"/><net_sink comp="721" pin=1"/></net>

<net id="731"><net_src comp="401" pin="2"/><net_sink comp="727" pin=0"/></net>

<net id="732"><net_src comp="721" pin="2"/><net_sink comp="727" pin=1"/></net>

<net id="738"><net_src comp="727" pin="2"/><net_sink comp="733" pin=0"/></net>

<net id="739"><net_src comp="72" pin="0"/><net_sink comp="733" pin=1"/></net>

<net id="740"><net_src comp="70" pin="0"/><net_sink comp="733" pin=2"/></net>

<net id="745"><net_src comp="727" pin="2"/><net_sink comp="741" pin=0"/></net>

<net id="746"><net_src comp="395" pin="2"/><net_sink comp="741" pin=1"/></net>

<net id="752"><net_src comp="741" pin="2"/><net_sink comp="747" pin=0"/></net>

<net id="753"><net_src comp="733" pin="3"/><net_sink comp="747" pin=1"/></net>

<net id="754"><net_src comp="423" pin="1"/><net_sink comp="747" pin=2"/></net>

<net id="761"><net_src comp="463" pin="2"/><net_sink comp="758" pin=0"/></net>

<net id="762"><net_src comp="758" pin="1"/><net_sink comp="243" pin=2"/></net>

<net id="769"><net_src comp="481" pin="2"/><net_sink comp="766" pin=0"/></net>

<net id="770"><net_src comp="766" pin="1"/><net_sink comp="254" pin=0"/></net>

<net id="777"><net_src comp="493" pin="2"/><net_sink comp="774" pin=0"/></net>

<net id="778"><net_src comp="774" pin="1"/><net_sink comp="266" pin=0"/></net>

<net id="782"><net_src comp="505" pin="3"/><net_sink comp="779" pin=0"/></net>

<net id="783"><net_src comp="779" pin="1"/><net_sink comp="529" pin=1"/></net>

<net id="790"><net_src comp="519" pin="2"/><net_sink comp="787" pin=0"/></net>

<net id="791"><net_src comp="787" pin="1"/><net_sink comp="277" pin=2"/></net>

<net id="795"><net_src comp="132" pin="3"/><net_sink comp="792" pin=0"/></net>

<net id="796"><net_src comp="792" pin="1"/><net_sink comp="139" pin=0"/></net>

<net id="800"><net_src comp="539" pin="1"/><net_sink comp="797" pin=0"/></net>

<net id="801"><net_src comp="797" pin="1"/><net_sink comp="543" pin=1"/></net>

<net id="805"><net_src comp="139" pin="3"/><net_sink comp="802" pin=0"/></net>

<net id="806"><net_src comp="802" pin="1"/><net_sink comp="385" pin=0"/></net>

<net id="810"><net_src comp="543" pin="3"/><net_sink comp="807" pin=0"/></net>

<net id="811"><net_src comp="807" pin="1"/><net_sink comp="571" pin=0"/></net>

<net id="818"><net_src comp="556" pin="2"/><net_sink comp="815" pin=0"/></net>

<net id="819"><net_src comp="815" pin="1"/><net_sink comp="288" pin=2"/></net>

<net id="823"><net_src comp="571" pin="2"/><net_sink comp="820" pin=0"/></net>

<net id="824"><net_src comp="820" pin="1"/><net_sink comp="576" pin=0"/></net>

<net id="828"><net_src comp="145" pin="3"/><net_sink comp="825" pin=0"/></net>

<net id="829"><net_src comp="825" pin="1"/><net_sink comp="125" pin=0"/></net>

<net id="833"><net_src comp="158" pin="3"/><net_sink comp="830" pin=0"/></net>

<net id="834"><net_src comp="830" pin="1"/><net_sink comp="385" pin=1"/></net>

<net id="841"><net_src comp="586" pin="2"/><net_sink comp="838" pin=0"/></net>

<net id="842"><net_src comp="838" pin="1"/><net_sink comp="299" pin=0"/></net>

<net id="846"><net_src comp="164" pin="3"/><net_sink comp="843" pin=0"/></net>

<net id="847"><net_src comp="843" pin="1"/><net_sink comp="85" pin=0"/></net>

<net id="851"><net_src comp="597" pin="1"/><net_sink comp="848" pin=0"/></net>

<net id="852"><net_src comp="848" pin="1"/><net_sink comp="601" pin=1"/></net>

<net id="856"><net_src comp="85" pin="3"/><net_sink comp="853" pin=0"/></net>

<net id="857"><net_src comp="853" pin="1"/><net_sink comp="385" pin=0"/></net>

<net id="861"><net_src comp="601" pin="3"/><net_sink comp="858" pin=0"/></net>

<net id="862"><net_src comp="858" pin="1"/><net_sink comp="629" pin=0"/></net>

<net id="869"><net_src comp="614" pin="2"/><net_sink comp="866" pin=0"/></net>

<net id="870"><net_src comp="866" pin="1"/><net_sink comp="310" pin=2"/></net>

<net id="874"><net_src comp="629" pin="2"/><net_sink comp="871" pin=0"/></net>

<net id="875"><net_src comp="871" pin="1"/><net_sink comp="634" pin=0"/></net>

<net id="879"><net_src comp="172" pin="3"/><net_sink comp="876" pin=0"/></net>

<net id="880"><net_src comp="876" pin="1"/><net_sink comp="125" pin=0"/></net>

<net id="884"><net_src comp="185" pin="3"/><net_sink comp="881" pin=0"/></net>

<net id="885"><net_src comp="881" pin="1"/><net_sink comp="385" pin=1"/></net>

<net id="892"><net_src comp="644" pin="2"/><net_sink comp="889" pin=0"/></net>

<net id="893"><net_src comp="889" pin="1"/><net_sink comp="321" pin=0"/></net>

<net id="897"><net_src comp="650" pin="1"/><net_sink comp="894" pin=0"/></net>

<net id="898"><net_src comp="894" pin="1"/><net_sink comp="223" pin=2"/></net>

<net id="899"><net_src comp="894" pin="1"/><net_sink comp="231" pin=2"/></net>

<net id="903"><net_src comp="191" pin="3"/><net_sink comp="900" pin=0"/></net>

<net id="904"><net_src comp="900" pin="1"/><net_sink comp="125" pin=0"/></net>

<net id="908"><net_src comp="655" pin="2"/><net_sink comp="905" pin=0"/></net>

<net id="909"><net_src comp="905" pin="1"/><net_sink comp="679" pin=0"/></net>

<net id="913"><net_src comp="198" pin="3"/><net_sink comp="910" pin=0"/></net>

<net id="914"><net_src comp="910" pin="1"/><net_sink comp="125" pin=2"/></net>

<net id="918"><net_src comp="125" pin="7"/><net_sink comp="915" pin=0"/></net>

<net id="919"><net_src comp="915" pin="1"/><net_sink comp="380" pin=1"/></net>

<net id="923"><net_src comp="380" pin="2"/><net_sink comp="920" pin=0"/></net>

<net id="924"><net_src comp="920" pin="1"/><net_sink comp="368" pin=0"/></net>

<net id="928"><net_src comp="368" pin="1"/><net_sink comp="925" pin=0"/></net>

<net id="929"><net_src comp="925" pin="1"/><net_sink comp="354" pin=1"/></net>

<net id="933"><net_src comp="209" pin="3"/><net_sink comp="930" pin=0"/></net>

<net id="934"><net_src comp="930" pin="1"/><net_sink comp="125" pin=2"/></net>

<net id="938"><net_src comp="354" pin="2"/><net_sink comp="935" pin=0"/></net>

<net id="939"><net_src comp="935" pin="1"/><net_sink comp="334" pin=0"/></net>

<net id="943"><net_src comp="329" pin="2"/><net_sink comp="940" pin=0"/></net>

<net id="944"><net_src comp="940" pin="1"/><net_sink comp="339" pin=1"/></net>

<net id="948"><net_src comp="334" pin="2"/><net_sink comp="945" pin=0"/></net>

<net id="949"><net_src comp="945" pin="1"/><net_sink comp="344" pin=1"/></net>

<net id="953"><net_src comp="329" pin="2"/><net_sink comp="950" pin=0"/></net>

<net id="954"><net_src comp="950" pin="1"/><net_sink comp="339" pin=1"/></net>

<net id="958"><net_src comp="344" pin="2"/><net_sink comp="955" pin=0"/></net>

<net id="959"><net_src comp="955" pin="1"/><net_sink comp="362" pin=0"/></net>

<net id="963"><net_src comp="216" pin="3"/><net_sink comp="960" pin=0"/></net>

<net id="964"><net_src comp="960" pin="1"/><net_sink comp="125" pin=2"/></net>

<net id="968"><net_src comp="223" pin="3"/><net_sink comp="965" pin=0"/></net>

<net id="969"><net_src comp="965" pin="1"/><net_sink comp="99" pin=0"/></net>

<net id="973"><net_src comp="362" pin="1"/><net_sink comp="970" pin=0"/></net>

<net id="974"><net_src comp="970" pin="1"/><net_sink comp="385" pin=0"/></net>

<net id="978"><net_src comp="713" pin="3"/><net_sink comp="975" pin=0"/></net>

<net id="979"><net_src comp="975" pin="1"/><net_sink comp="391" pin=1"/></net>

<net id="983"><net_src comp="99" pin="3"/><net_sink comp="980" pin=0"/></net>

<net id="984"><net_src comp="980" pin="1"/><net_sink comp="385" pin=1"/></net>

<net id="988"><net_src comp="391" pin="2"/><net_sink comp="985" pin=0"/></net>

<net id="989"><net_src comp="985" pin="1"/><net_sink comp="371" pin=1"/></net>

<net id="993"><net_src comp="747" pin="3"/><net_sink comp="990" pin=0"/></net>

<net id="994"><net_src comp="990" pin="1"/><net_sink comp="385" pin=1"/></net>

</net_list>

</model> 
---------------- Datapath Model END ------------------

* FSMD analyzer results:
  - Output states:
	Port: h_last | {2 87 }
	Port: c_slice | {2 81 }
 - Input state : 
	Port: lstm_forward_unidir : W_ifog | {8 }
	Port: lstm_forward_unidir : R_ifog | {21 }
	Port: lstm_forward_unidir : b_ifog | {4 }
	Port: lstm_forward_unidir : h_last | {18 19 }
	Port: lstm_forward_unidir : c_slice | {70 71 }
	Port: lstm_forward_unidir : U_slice | {5 6 }
  - Chain level:
	State 1
	State 2
		icmp_ln125 : 1
		j : 1
		br_ln125 : 2
		zext_ln126 : 1
		h_last_addr : 2
		store_ln126 : 3
		c_slice_addr : 2
		store_ln127 : 3
	State 3
		icmp_ln131 : 1
		t : 1
		br_ln131 : 2
	State 4
		icmp_ln133 : 1
		g : 1
		br_ln133 : 2
		zext_ln133 : 1
		b_ifog_addr : 2
		b_ifog_load : 3
		z_addr : 2
		store_ln133 : 4
	State 5
		icmp_ln137 : 1
		d : 1
		br_ln137 : 2
		zext_ln138 : 1
		add_ln138 : 2
		zext_ln138_1 : 3
		U_slice_addr : 4
		xv : 5
		trunc_ln139 : 1
	State 6
	State 7
		icmp_ln140 : 1
		g_1 : 1
		br_ln140 : 2
		zext_ln140 : 1
		zext_ln140_1 : 1
		add_ln140 : 2
		z_addr_1 : 2
	State 8
		W_ifog_addr : 1
		W_ifog_load : 2
		tmp : 3
	State 9
	State 10
	State 11
	State 12
	State 13
	State 14
	State 15
	State 16
	State 17
	State 18
		icmp_ln143 : 1
		hp : 1
		br_ln143 : 2
		zext_ln144 : 1
		h_last_addr_1 : 2
		hv : 3
		trunc_ln145 : 1
	State 19
	State 20
		icmp_ln146 : 1
		g_3 : 1
		br_ln146 : 2
		zext_ln146 : 1
		zext_ln146_1 : 1
		add_ln146 : 2
		z_addr_6 : 2
	State 21
		R_ifog_addr : 1
		R_ifog_load : 2
		tmp_79 : 3
	State 22
	State 23
	State 24
	State 25
	State 26
	State 27
	State 28
	State 29
	State 30
	State 31
		icmp_ln149 : 1
		j_14 : 1
		br_ln149 : 2
		zext_ln150 : 1
		z_addr_2 : 2
		z_load_1 : 3
		xor_ln151 : 1
		zext_ln151 : 1
		z_addr_3 : 2
		z_load_2 : 3
	State 32
	State 33
	State 34
	State 35
	State 36
	State 37
	State 38
	State 39
	State 40
	State 41
	State 42
		zext_ln152 : 1
		z_addr_4 : 2
		z_load_3 : 3
	State 43
	State 44
	State 45
	State 46
	State 47
	State 48
	State 49
	State 50
	State 51
	State 52
	State 53
	State 54
	State 55
	State 56
	State 57
	State 58
	State 59
	State 60
	State 61
	State 62
	State 63
	State 64
	State 65
	State 66
	State 67
	State 68
	State 69
		zext_ln153 : 1
		z_addr_5 : 2
		z_load_4 : 3
	State 70
		tmp_78 : 1
		tmp_81 : 1
		c_slice_load : 1
	State 71
		xor_ln46 : 1
		and_ln47 : 1
		select_ln47 : 1
		or_ln47 : 1
		g_2 : 1
	State 72
	State 73
	State 74
	State 75
	State 76
	State 77
	State 78
	State 79
	State 80
	State 81
	State 82
		xor_ln46_5 : 1
		and_ln47_5 : 1
		select_ln47_11 : 1
		or_ln47_5 : 1
		select_ln47_12 : 1
	State 83
	State 84
	State 85
	State 86
	State 87
		store_ln156 : 1


============================================================
+ Verbose Summary: Datapath Resource usage 
============================================================

* Functional unit list:
|----------|-----------------------|---------|---------|---------|
| Operation|    Functional Unit    |  DSP48E |    FF   |   LUT   |
|----------|-----------------------|---------|---------|---------|
|   fdiv   |       grp_fu_339      |    0    |   761   |   994   |
|          |       grp_fu_344      |    0    |   761   |   994   |
|----------|-----------------------|---------|---------|---------|
|   fexp   |       grp_fu_349      |    7    |   277   |   924   |
|          |       grp_fu_354      |    7    |   277   |   924   |
|----------|-----------------------|---------|---------|---------|
|   fadd   |       grp_fu_329      |    2    |   205   |   390   |
|          |       grp_fu_334      |    2    |   205   |   390   |
|----------|-----------------------|---------|---------|---------|
|   hsub   |       grp_fu_375      |    2    |   109   |   116   |
|          |       grp_fu_380      |    2    |   109   |   116   |
|----------|-----------------------|---------|---------|---------|
|   hmul   |       grp_fu_385      |    2    |    91   |    36   |
|          |       grp_fu_391      |    2    |    91   |    36   |
|----------|-----------------------|---------|---------|---------|
|   hadd   |       grp_fu_371      |    2    |   109   |   116   |
|----------|-----------------------|---------|---------|---------|
|  sptohp  |       grp_fu_359      |    0    |    64   |    21   |
|          |       grp_fu_362      |    0    |    64   |    21   |
|----------|-----------------------|---------|---------|---------|
|          |        j_fu_463       |    0    |    0    |    15   |
|          |        t_fu_481       |    0    |    0    |    13   |
|          |        g_fu_493       |    0    |    0    |    15   |
|          |        d_fu_519       |    0    |    0    |    15   |
|          |    add_ln138_fu_529   |    0    |    0    |    15   |
|    add   |       g_1_fu_556      |    0    |    0    |    15   |
|          |    add_ln140_fu_571   |    0    |    0    |    12   |
|          |       hp_fu_586       |    0    |    0    |    15   |
|          |       g_3_fu_614      |    0    |    0    |    15   |
|          |    add_ln146_fu_629   |    0    |    0    |    12   |
|          |      j_14_fu_644      |    0    |    0    |    15   |
|----------|-----------------------|---------|---------|---------|
|  hptosp  |       grp_fu_365      |    0    |    52   |    9    |
|          |       grp_fu_368      |    0    |    52   |    9    |
|----------|-----------------------|---------|---------|---------|
|   hcmp   |       grp_fu_395      |    0    |    34   |    27   |
|          |       grp_fu_401      |    0    |    34   |    27   |
|----------|-----------------------|---------|---------|---------|
|          |   icmp_ln125_fu_457   |    0    |    0    |    11   |
|          |   icmp_ln131_fu_475   |    0    |    0    |    9    |
|          |   icmp_ln133_fu_487   |    0    |    0    |    11   |
|   icmp   |   icmp_ln137_fu_513   |    0    |    0    |    11   |
|          |   icmp_ln140_fu_550   |    0    |    0    |    11   |
|          |   icmp_ln143_fu_580   |    0    |    0    |    11   |
|          |   icmp_ln146_fu_608   |    0    |    0    |    11   |
|          |   icmp_ln149_fu_638   |    0    |    0    |    11   |
|----------|-----------------------|---------|---------|---------|
|          |   select_ln47_fu_699  |    0    |    0    |    16   |
|  select  |       g_2_fu_713      |    0    |    0    |    16   |
|          | select_ln47_11_fu_733 |    0    |    0    |    16   |
|          | select_ln47_12_fu_747 |    0    |    0    |    16   |
|----------|-----------------------|---------|---------|---------|
|          |    xor_ln151_fu_655   |    0    |    0    |    6    |
|    xor   |    xor_ln46_fu_687    |    0    |    0    |    2    |
|          |   xor_ln46_5_fu_721   |    0    |    0    |    2    |
|----------|-----------------------|---------|---------|---------|
|    and   |    and_ln47_fu_693    |    0    |    0    |    2    |
|          |   and_ln47_5_fu_727   |    0    |    0    |    2    |
|----------|-----------------------|---------|---------|---------|
|    or    |     or_ln47_fu_707    |    0    |    0    |    2    |
|          |    or_ln47_5_fu_741   |    0    |    0    |    2    |
|----------|-----------------------|---------|---------|---------|
|          |   zext_ln126_fu_469   |    0    |    0    |    0    |
|          |   zext_ln133_fu_499   |    0    |    0    |    0    |
|          |   zext_ln138_fu_525   |    0    |    0    |    0    |
|          |  zext_ln138_1_fu_534  |    0    |    0    |    0    |
|          |   zext_ln140_fu_562   |    0    |    0    |    0    |
|          |  zext_ln140_1_fu_567  |    0    |    0    |    0    |
|          |  zext_ln140_2_fu_576  |    0    |    0    |    0    |
|   zext   |   zext_ln144_fu_592   |    0    |    0    |    0    |
|          |   zext_ln146_fu_620   |    0    |    0    |    0    |
|          |  zext_ln146_1_fu_625  |    0    |    0    |    0    |
|          |  zext_ln146_2_fu_634  |    0    |    0    |    0    |
|          |   zext_ln150_fu_650   |    0    |    0    |    0    |
|          |   zext_ln151_fu_661   |    0    |    0    |    0    |
|          |   zext_ln152_fu_674   |    0    |    0    |    0    |
|          |   zext_ln153_fu_682   |    0    |    0    |    0    |
|----------|-----------------------|---------|---------|---------|
|          |     shl_ln_fu_505     |    0    |    0    |    0    |
|bitconcatenate|     shl_ln1_fu_543    |    0    |    0    |    0    |
|          |     shl_ln2_fu_601    |    0    |    0    |    0    |
|          |      or_ln_fu_666     |    0    |    0    |    0    |
|----------|-----------------------|---------|---------|---------|
|   trunc  |   trunc_ln139_fu_539  |    0    |    0    |    0    |
|          |   trunc_ln145_fu_597  |    0    |    0    |    0    |
|----------|-----------------------|---------|---------|---------|
|   sext   |   sext_ln153_fu_679   |    0    |    0    |    0    |
|----------|-----------------------|---------|---------|---------|
|   Total  |                       |    28   |   3295  |   5475  |
|----------|-----------------------|---------|---------|---------|

Memories:
+----+--------+--------+--------+--------+
|    |  BRAM  |   FF   |   LUT  |  URAM  |
+----+--------+--------+--------+--------+
|  z |    1   |    0   |    0   |    0   |
+----+--------+--------+--------+--------+
|Total|    1   |    0   |    0   |    0   |
+----+--------+--------+--------+--------+

* Register list:
+----------------------+--------+
|                      |   FF   |
+----------------------+--------+
|  R_ifog_load_reg_881 |   16   |
| U_slice_addr_reg_792 |    9   |
|  W_ifog_load_reg_830 |   16   |
|   add_ln140_reg_820  |   12   |
|   add_ln146_reg_871  |   12   |
|c_slice_addr_1_reg_965|    5   |
| c_slice_load_reg_980 |   16   |
|      d_0_reg_273     |    6   |
|       d_reg_787      |    6   |
|       f_reg_970      |   16   |
|     g1_0_reg_284     |    8   |
|     g2_0_reg_306     |    8   |
|      g_0_reg_262     |    8   |
|      g_1_reg_815     |    8   |
|      g_2_reg_975     |   16   |
|      g_3_reg_866     |    8   |
|       g_reg_774      |    8   |
| h_last_addr_1_reg_843|    5   |
|     hp_0_reg_295     |    6   |
|      hp_reg_838      |    6   |
|      hv_reg_853      |   16   |
|      j_0_reg_239     |    6   |
|     j_14_reg_889     |    6   |
|      j_1_reg_317     |    6   |
|       j_reg_758      |    6   |
|        reg_407       |   16   |
|        reg_414       |   16   |
|        reg_423       |   16   |
|        reg_431       |   16   |
|        reg_436       |   32   |
|        reg_441       |   32   |
|        reg_446       |   32   |
|        reg_451       |   16   |
|select_ln47_12_reg_990|   16   |
|    shl_ln1_reg_807   |   12   |
|    shl_ln2_reg_858   |   12   |
|    shl_ln_reg_779    |    9   |
|      t_0_reg_250     |    4   |
|       t_reg_766      |    4   |
|    tmp_66_reg_940    |   32   |
|    tmp_68_reg_920    |   16   |
|    tmp_69_reg_925    |   32   |
|    tmp_70_reg_935    |   32   |
|    tmp_71_reg_945    |   32   |
|    tmp_72_reg_955    |   32   |
|    tmp_76_reg_950    |   32   |
|    tmp_83_reg_985    |   16   |
|  trunc_ln139_reg_797 |    5   |
|  trunc_ln145_reg_848 |    5   |
|   xor_ln151_reg_905  |    6   |
|      xv_reg_802      |   16   |
|   z_addr_1_reg_825   |    7   |
|   z_addr_2_reg_900   |    7   |
|   z_addr_3_reg_910   |    7   |
|   z_addr_4_reg_930   |    7   |
|   z_addr_5_reg_960   |    7   |
|   z_addr_6_reg_876   |    7   |
|   z_load_2_reg_915   |   16   |
|  zext_ln150_reg_894  |   64   |
+----------------------+--------+
|         Total        |   846  |
+----------------------+--------+

* Multiplexer (MUX) list: 
|-------------------|------|------|------|--------||---------||---------|
|        Comp       |  Pin | Size |  BW  | S x BW ||  Delay  ||   LUT   |
|-------------------|------|------|------|--------||---------||---------|
|  grp_access_fu_85 |  p0  |   4  |   5  |   20   ||    21   |
|  grp_access_fu_85 |  p1  |   2  |  16  |   32   ||    9    |
|  grp_access_fu_99 |  p0  |   3  |   5  |   15   ||    15   |
|  grp_access_fu_99 |  p1  |   2  |  16  |   32   ||    9    |
| grp_access_fu_125 |  p0  |   5  |   7  |   35   ||    27   |
| grp_access_fu_125 |  p1  |   2  |  16  |   32   ||    9    |
| grp_access_fu_125 |  p2  |   6  |   0  |    0   ||    33   |
| grp_access_fu_139 |  p0  |   2  |   9  |   18   ||    9    |
|    t_0_reg_250    |  p0  |   2  |   4  |    8   ||    9    |
|    j_1_reg_317    |  p0  |   2  |   6  |   12   ||    9    |
|     grp_fu_339    |  p1  |   2  |  32  |   64   ||    9    |
|     grp_fu_371    |  p0  |   2  |  16  |   32   ||    9    |
|     grp_fu_371    |  p1  |   2  |  16  |   32   ||    9    |
|     grp_fu_385    |  p0  |   4  |  16  |   64   ||    21   |
|     grp_fu_385    |  p1  |   6  |  16  |   96   ||    33   |
|     grp_fu_395    |  p0  |   3  |  16  |   48   ||    15   |
|     grp_fu_401    |  p0  |   3  |  16  |   48   ||    15   |
|      reg_414      |  p0  |   2  |  16  |   32   ||    9    |
|-------------------|------|------|------|--------||---------||---------|
|       Total       |      |      |      |   620  || 32.6655 ||   270   |
|-------------------|------|------|------|--------||---------||---------|



* Summary:
+-----------+--------+--------+--------+--------+--------+--------+
|           |  BRAM  | DSP48E |  Delay |   FF   |   LUT  |  URAM  |
+-----------+--------+--------+--------+--------+--------+--------+
|  Function |    -   |   28   |    -   |  3295  |  5475  |    -   |
|   Memory  |    1   |    -   |    -   |    0   |    0   |    0   |
|Multiplexer|    -   |    -   |   32   |    -   |   270  |    -   |
|  Register |    -   |    -   |    -   |   846  |    -   |    -   |
+-----------+--------+--------+--------+--------+--------+--------+
|   Total   |    1   |   28   |   32   |  4141  |  5745  |    0   |
+-----------+--------+--------+--------+--------+--------+--------+
