

================================================================
== Vivado HLS Report for 'main'
================================================================
* Date:           Thu Sep  4 13:25:09 2025

* Version:        2019.1 (Build 2552052 on Fri May 24 15:28:33 MDT 2019)
* Project:        BranchPredictionAI
* Solution:       solution1
* Product family: zynq
* Target device:  xc7z020-clg484-1


================================================================
== Performance Estimates
================================================================
+ Timing (ns): 
    * Summary: 
    +--------+-------+----------+------------+
    |  Clock | Target| Estimated| Uncertainty|
    +--------+-------+----------+------------+
    |ap_clk  |  10.00|     9.894|        1.25|
    +--------+-------+----------+------------+

+ Latency (clock cycles): 
    * Summary: 
    +----------+----------+----------+----------+---------+
    |       Latency       |       Interval      | Pipeline|
    |    min   |    max   |    min   |    max   |   Type  |
    +----------+----------+----------+----------+---------+
    |  95652360|  96250596|  95652360|  96250596|   none  |
    +----------+----------+----------+----------+---------+

    + Detail: 
        * Instance: 
        +---------------------------------+----------------------+----------+----------+----------+----------+---------+
        |                                 |                      |       Latency       |       Interval      | Pipeline|
        |             Instance            |        Module        |    min   |    max   |    min   |    max   |   Type  |
        +---------------------------------+----------------------+----------+----------+----------+----------+---------+
        |grp_run_all_slices_unrol_fu_413  |run_all_slices_unrol  |  95412993|  96011229|  95412993|  96011229|   none  |
        +---------------------------------+----------------------+----------+----------+----------+----------+---------+

        * Loop: 
        +-------------+--------+--------+----------+-----------+-----------+------+----------+
        |             |     Latency     | Iteration|  Initiation Interval  | Trip |          |
        |  Loop Name  |   min  |   max  |  Latency |  achieved |   target  | Count| Pipelined|
        +-------------+--------+--------+----------+-----------+-----------+------+----------+
        |- Loop 1     |   45312|   45312|       354|          -|          -|   128|    no    |
        | + Loop 1.1  |     352|     352|        11|          -|          -|    32|    no    |
        |- Loop 2     |    6272|    6272|        49|          -|          -|   128|    no    |
        |- Loop 3     |     512|     512|         4|          -|          -|   128|    no    |
        |- Loop 4     |  180480|  180480|      1410|          -|          -|   128|    no    |
        | + Loop 4.1  |    1408|    1408|        11|          -|          -|   128|    no    |
        |- Loop 5     |    6272|    6272|        49|          -|          -|   128|    no    |
        |- Loop 6     |     512|     512|         4|          -|          -|   128|    no    |
        +-------------+--------+--------+----------+-----------+-----------+------+----------+

============================================================
+ Verbose Summary: Synthesis Manager
============================================================
InlineROM: 1
ExposeGlobal: 0
============================================================
+ Verbose Summary: CDFG Model
============================================================
IsTopModel: 1
ResetActiveHigh: 1
IsCombinational: 0
IsDatapathOnly: 0
HasWiredReturn: 1
HasMFsm: 0
HasVarLatency: 1
IsPipeline: 0
IsRtlPipelined: 0
IsInstanceOverlapped: 0
IsDontTouch: 0
HasImplIP: 0
IsGatedGlobalClock: 0


============================================================
+ Verbose Summary: Schedule
============================================================
* Number of FSM states : 132
* Pipeline : 0
* Dataflow Pipeline: 0

* FSM state transitions: 
1 --> 2 
2 --> 3 
3 --> 4 15 
4 --> 5 3 
5 --> 6 
6 --> 7 
7 --> 8 
8 --> 9 
9 --> 10 
10 --> 11 
11 --> 12 
12 --> 13 
13 --> 14 
14 --> 4 
15 --> 16 64 
16 --> 17 
17 --> 18 
18 --> 19 
19 --> 20 
20 --> 21 
21 --> 22 
22 --> 23 
23 --> 24 
24 --> 25 
25 --> 26 
26 --> 27 
27 --> 28 
28 --> 29 
29 --> 30 
30 --> 31 
31 --> 32 
32 --> 33 
33 --> 34 
34 --> 35 
35 --> 36 
36 --> 37 
37 --> 38 
38 --> 39 
39 --> 40 
40 --> 41 
41 --> 42 
42 --> 43 
43 --> 44 
44 --> 45 
45 --> 46 
46 --> 47 
47 --> 48 
48 --> 49 
49 --> 50 
50 --> 51 
51 --> 52 
52 --> 53 
53 --> 54 
54 --> 55 
55 --> 56 
56 --> 57 
57 --> 58 
58 --> 59 
59 --> 60 
60 --> 61 
61 --> 62 
62 --> 63 
63 --> 15 
64 --> 65 68 
65 --> 66 
66 --> 67 
67 --> 64 
68 --> 69 80 
69 --> 70 68 
70 --> 71 
71 --> 72 
72 --> 73 
73 --> 74 
74 --> 75 
75 --> 76 
76 --> 77 
77 --> 78 
78 --> 79 
79 --> 69 
80 --> 81 129 
81 --> 82 
82 --> 83 
83 --> 84 
84 --> 85 
85 --> 86 
86 --> 87 
87 --> 88 
88 --> 89 
89 --> 90 
90 --> 91 
91 --> 92 
92 --> 93 
93 --> 94 
94 --> 95 
95 --> 96 
96 --> 97 
97 --> 98 
98 --> 99 
99 --> 100 
100 --> 101 
101 --> 102 
102 --> 103 
103 --> 104 
104 --> 105 
105 --> 106 
106 --> 107 
107 --> 108 
108 --> 109 
109 --> 110 
110 --> 111 
111 --> 112 
112 --> 113 
113 --> 114 
114 --> 115 
115 --> 116 
116 --> 117 
117 --> 118 
118 --> 119 
119 --> 120 
120 --> 121 
121 --> 122 
122 --> 123 
123 --> 124 
124 --> 125 
125 --> 126 
126 --> 127 
127 --> 128 
128 --> 80 
129 --> 130 
130 --> 131 
131 --> 132 
132 --> 129 

* FSM state operations: 

State 1 <SV = 0> <Delay = 3.25>
ST_1 : Operation 133 [1/1] (2.32ns)   --->   "%merged = alloca [32 x half], align 16"   --->   Operation 133 'alloca' 'merged' <Predicate = true> <Delay = 2.32> <Core = "RAM">   --->   Core 37 'RAM' <Latency = 1> <II = 1> <Delay = 3.25> <Storage> <Opcode : 'load' 'store'> <Ports = 2> <Width = 16> <Depth = 128> <RAM>
ST_1 : Operation 134 [1/1] (3.25ns)   --->   "%z0 = alloca [128 x half], align 16" [main_5_slices.cpp:268]   --->   Operation 134 'alloca' 'z0' <Predicate = true> <Delay = 3.25> <Core = "RAM">   --->   Core 37 'RAM' <Latency = 1> <II = 1> <Delay = 3.25> <Storage> <Opcode : 'load' 'store'> <Ports = 2> <Width = 16> <Depth = 128> <RAM>
ST_1 : Operation 135 [1/1] (3.25ns)   --->   "%z1 = alloca [128 x half], align 16" [main_5_slices.cpp:273]   --->   Operation 135 'alloca' 'z1' <Predicate = true> <Delay = 3.25> <Core = "RAM">   --->   Core 37 'RAM' <Latency = 1> <II = 1> <Delay = 3.25> <Storage> <Opcode : 'load' 'store'> <Ports = 2> <Width = 16> <Depth = 128> <RAM>
ST_1 : Operation 136 [2/2] (0.00ns)   --->   "call fastcc void @run_all_slices_unrol([32 x half]* %merged) nounwind" [main_5_slices.cpp:263]   --->   Operation 136 'call' <Predicate = true> <Delay = 0.00> <CoreType = "Generic">   --->   Core 0 '' <Latency = 0> <II = 1> <Delay = 1.00> <Generic> <Opcode : >

State 2 <SV = 1> <Delay = 1.76>
ST_2 : Operation 137 [1/1] (0.00ns)   --->   "call void (...)* @_ssdm_op_SpecBitsMap(i32 0) nounwind, !map !54"   --->   Operation 137 'specbitsmap' <Predicate = true> <Delay = 0.00>
ST_2 : Operation 138 [1/1] (0.00ns)   --->   "call void (...)* @_ssdm_op_SpecTopModule() nounwind" [main_5_slices.cpp:260]   --->   Operation 138 'spectopmodule' <Predicate = true> <Delay = 0.00>
ST_2 : Operation 139 [1/2] (0.00ns)   --->   "call fastcc void @run_all_slices_unrol([32 x half]* %merged) nounwind" [main_5_slices.cpp:263]   --->   Operation 139 'call' <Predicate = true> <Delay = 0.00> <CoreType = "Generic">   --->   Core 0 '' <Latency = 0> <II = 1> <Delay = 1.00> <Generic> <Opcode : >
ST_2 : Operation 140 [1/1] (1.76ns)   --->   "br label %1" [main_5_slices.cpp:162->main_5_slices.cpp:269]   --->   Operation 140 'br' <Predicate = true> <Delay = 1.76>

State 3 <SV = 2> <Delay = 1.91>
ST_3 : Operation 141 [1/1] (0.00ns)   --->   "%j_0_i = phi i8 [ 0, %0 ], [ %j_11, %4 ]"   --->   Operation 141 'phi' 'j_0_i' <Predicate = true> <Delay = 0.00>
ST_3 : Operation 142 [1/1] (0.00ns)   --->   "%j_0_i_cast5 = zext i8 %j_0_i to i12" [main_5_slices.cpp:162->main_5_slices.cpp:269]   --->   Operation 142 'zext' 'j_0_i_cast5' <Predicate = true> <Delay = 0.00>
ST_3 : Operation 143 [1/1] (0.00ns)   --->   "%empty = call i32 (...)* @_ssdm_op_SpecLoopTripCount(i64 128, i64 128, i64 128) nounwind"   --->   Operation 143 'speclooptripcount' 'empty' <Predicate = true> <Delay = 0.00>
ST_3 : Operation 144 [1/1] (1.55ns)   --->   "%icmp_ln162 = icmp eq i8 %j_0_i, -128" [main_5_slices.cpp:162->main_5_slices.cpp:269]   --->   Operation 144 'icmp' 'icmp_ln162' <Predicate = true> <Delay = 1.55> <Core = "Cmp">   --->   Core 25 'Cmp' <Latency = 0> <II = 1> <Delay = 1.55> <FuncUnit> <Opcode : 'icmp'> <InPorts = 2> <OutPorts = 1>
ST_3 : Operation 145 [1/1] (1.91ns)   --->   "%j_11 = add i8 %j_0_i, 1" [main_5_slices.cpp:162->main_5_slices.cpp:269]   --->   Operation 145 'add' 'j_11' <Predicate = true> <Delay = 1.91> <Core = "AddSub">   --->   Core 14 'AddSub' <Latency = 0> <II = 1> <Delay = 1.91> <FuncUnit> <Opcode : 'add' 'sub'> <InPorts = 2> <OutPorts = 1>
ST_3 : Operation 146 [1/1] (0.00ns)   --->   "br i1 %icmp_ln162, label %dense_forward.2.exit.preheader, label %._crit_edge.i" [main_5_slices.cpp:162->main_5_slices.cpp:269]   --->   Operation 146 'br' <Predicate = true> <Delay = 0.00>
ST_3 : Operation 147 [1/1] (0.00ns)   --->   "%zext_ln163 = zext i8 %j_0_i to i64" [main_5_slices.cpp:163->main_5_slices.cpp:269]   --->   Operation 147 'zext' 'zext_ln163' <Predicate = (!icmp_ln162)> <Delay = 0.00>
ST_3 : Operation 148 [1/1] (1.76ns)   --->   "br label %2" [main_5_slices.cpp:164->main_5_slices.cpp:269]   --->   Operation 148 'br' <Predicate = (!icmp_ln162)> <Delay = 1.76>
ST_3 : Operation 149 [1/1] (1.76ns)   --->   "br label %dense_forward.2.exit" [main_5_slices.cpp:152->main_5_slices.cpp:270]   --->   Operation 149 'br' <Predicate = (icmp_ln162)> <Delay = 1.76>

State 4 <SV = 3> <Delay = 4.80>
ST_4 : Operation 150 [1/1] (0.00ns)   --->   "%acc_0_i = phi half [ 0x0, %._crit_edge.i ], [ %acc, %3 ]"   --->   Operation 150 'phi' 'acc_0_i' <Predicate = true> <Delay = 0.00>
ST_4 : Operation 151 [1/1] (0.00ns)   --->   "%i_0_i = phi i6 [ 0, %._crit_edge.i ], [ %i, %3 ]"   --->   Operation 151 'phi' 'i_0_i' <Predicate = true> <Delay = 0.00>
ST_4 : Operation 152 [1/1] (0.00ns)   --->   "%empty_43 = call i32 (...)* @_ssdm_op_SpecLoopTripCount(i64 32, i64 32, i64 32) nounwind"   --->   Operation 152 'speclooptripcount' 'empty_43' <Predicate = true> <Delay = 0.00>
ST_4 : Operation 153 [1/1] (1.42ns)   --->   "%icmp_ln164 = icmp eq i6 %i_0_i, -32" [main_5_slices.cpp:164->main_5_slices.cpp:269]   --->   Operation 153 'icmp' 'icmp_ln164' <Predicate = true> <Delay = 1.42> <Core = "Cmp">   --->   Core 25 'Cmp' <Latency = 0> <II = 1> <Delay = 1.55> <FuncUnit> <Opcode : 'icmp'> <InPorts = 2> <OutPorts = 1>
ST_4 : Operation 154 [1/1] (1.82ns)   --->   "%i = add i6 %i_0_i, 1" [main_5_slices.cpp:164->main_5_slices.cpp:269]   --->   Operation 154 'add' 'i' <Predicate = true> <Delay = 1.82> <Core = "AddSub">   --->   Core 14 'AddSub' <Latency = 0> <II = 1> <Delay = 1.91> <FuncUnit> <Opcode : 'add' 'sub'> <InPorts = 2> <OutPorts = 1>
ST_4 : Operation 155 [1/1] (0.00ns)   --->   "br i1 %icmp_ln164, label %4, label %3" [main_5_slices.cpp:164->main_5_slices.cpp:269]   --->   Operation 155 'br' <Predicate = true> <Delay = 0.00>
ST_4 : Operation 156 [1/1] (0.00ns)   --->   "%zext_ln165 = zext i6 %i_0_i to i64" [main_5_slices.cpp:165->main_5_slices.cpp:269]   --->   Operation 156 'zext' 'zext_ln165' <Predicate = (!icmp_ln164)> <Delay = 0.00>
ST_4 : Operation 157 [1/1] (0.00ns)   --->   "%merged_addr = getelementptr [32 x half]* %merged, i64 0, i64 %zext_ln165" [main_5_slices.cpp:165->main_5_slices.cpp:269]   --->   Operation 157 'getelementptr' 'merged_addr' <Predicate = (!icmp_ln164)> <Delay = 0.00>
ST_4 : Operation 158 [2/2] (2.32ns)   --->   "%merged_load = load half* %merged_addr, align 2" [main_5_slices.cpp:165->main_5_slices.cpp:269]   --->   Operation 158 'load' 'merged_load' <Predicate = (!icmp_ln164)> <Delay = 2.32> <Core = "RAM">   --->   Core 37 'RAM' <Latency = 1> <II = 1> <Delay = 3.25> <Storage> <Opcode : 'load' 'store'> <Ports = 2> <Width = 16> <Depth = 128> <RAM>
ST_4 : Operation 159 [1/1] (0.00ns)   --->   "%trunc_ln165 = trunc i6 %i_0_i to i5" [main_5_slices.cpp:165->main_5_slices.cpp:269]   --->   Operation 159 'trunc' 'trunc_ln165' <Predicate = (!icmp_ln164)> <Delay = 0.00>
ST_4 : Operation 160 [1/1] (0.00ns)   --->   "%shl_ln = call i12 @_ssdm_op_BitConcatenate.i12.i5.i7(i5 %trunc_ln165, i7 0)" [main_5_slices.cpp:165->main_5_slices.cpp:269]   --->   Operation 160 'bitconcatenate' 'shl_ln' <Predicate = (!icmp_ln164)> <Delay = 0.00>
ST_4 : Operation 161 [1/1] (1.54ns)   --->   "%add_ln165 = add i12 %j_0_i_cast5, %shl_ln" [main_5_slices.cpp:165->main_5_slices.cpp:269]   --->   Operation 161 'add' 'add_ln165' <Predicate = (!icmp_ln164)> <Delay = 1.54> <Core = "AddSub">   --->   Core 14 'AddSub' <Latency = 0> <II = 1> <Delay = 1.91> <FuncUnit> <Opcode : 'add' 'sub'> <InPorts = 2> <OutPorts = 1>
ST_4 : Operation 162 [1/1] (0.00ns)   --->   "%zext_ln165_1 = zext i12 %add_ln165 to i64" [main_5_slices.cpp:165->main_5_slices.cpp:269]   --->   Operation 162 'zext' 'zext_ln165_1' <Predicate = (!icmp_ln164)> <Delay = 0.00>
ST_4 : Operation 163 [1/1] (0.00ns)   --->   "%fc_0_W_addr = getelementptr [4096 x half]* @fc_0_W, i64 0, i64 %zext_ln165_1" [main_5_slices.cpp:165->main_5_slices.cpp:269]   --->   Operation 163 'getelementptr' 'fc_0_W_addr' <Predicate = (!icmp_ln164)> <Delay = 0.00>
ST_4 : Operation 164 [2/2] (3.25ns)   --->   "%fc_0_W_load = load half* %fc_0_W_addr, align 2" [main_5_slices.cpp:165->main_5_slices.cpp:269]   --->   Operation 164 'load' 'fc_0_W_load' <Predicate = (!icmp_ln164)> <Delay = 3.25> <Core = "ROM_nP">   --->   Core 52 'ROM_nP' <Latency = 1> <II = 1> <Delay = 3.25> <Storage> <Opcode : 'load'> <Ports = 0> <Width = 16> <Depth = 128> <ROM>
ST_4 : Operation 165 [1/1] (0.00ns)   --->   "%z0_addr_1 = getelementptr [128 x half]* %z0, i64 0, i64 %zext_ln163" [main_5_slices.cpp:167->main_5_slices.cpp:269]   --->   Operation 165 'getelementptr' 'z0_addr_1' <Predicate = (icmp_ln164)> <Delay = 0.00>
ST_4 : Operation 166 [1/1] (3.25ns)   --->   "store half %acc_0_i, half* %z0_addr_1, align 2" [main_5_slices.cpp:167->main_5_slices.cpp:269]   --->   Operation 166 'store' <Predicate = (icmp_ln164)> <Delay = 3.25> <Core = "RAM">   --->   Core 37 'RAM' <Latency = 1> <II = 1> <Delay = 3.25> <Storage> <Opcode : 'load' 'store'> <Ports = 2> <Width = 16> <Depth = 128> <RAM>
ST_4 : Operation 167 [1/1] (0.00ns)   --->   "br label %1" [main_5_slices.cpp:162->main_5_slices.cpp:269]   --->   Operation 167 'br' <Predicate = (icmp_ln164)> <Delay = 0.00>

State 5 <SV = 4> <Delay = 3.25>
ST_5 : Operation 168 [1/2] (2.32ns)   --->   "%merged_load = load half* %merged_addr, align 2" [main_5_slices.cpp:165->main_5_slices.cpp:269]   --->   Operation 168 'load' 'merged_load' <Predicate = true> <Delay = 2.32> <Core = "RAM">   --->   Core 37 'RAM' <Latency = 1> <II = 1> <Delay = 3.25> <Storage> <Opcode : 'load' 'store'> <Ports = 2> <Width = 16> <Depth = 128> <RAM>
ST_5 : Operation 169 [1/2] (3.25ns)   --->   "%fc_0_W_load = load half* %fc_0_W_addr, align 2" [main_5_slices.cpp:165->main_5_slices.cpp:269]   --->   Operation 169 'load' 'fc_0_W_load' <Predicate = true> <Delay = 3.25> <Core = "ROM_nP">   --->   Core 52 'ROM_nP' <Latency = 1> <II = 1> <Delay = 3.25> <Storage> <Opcode : 'load'> <Ports = 0> <Width = 16> <Depth = 128> <ROM>

State 6 <SV = 5> <Delay = 6.86>
ST_6 : Operation 170 [4/4] (6.86ns)   --->   "%tmp_i = fmul half %merged_load, %fc_0_W_load" [main_5_slices.cpp:165->main_5_slices.cpp:269]   --->   Operation 170 'hmul' 'tmp_i' <Predicate = true> <Delay = 6.86> <Core = "HMul">   --->   Core 91 'HMul' <Latency = 3> <II = 1> <Delay = 6.86> <FuncUnit> <Opcode : 'hmul'> <InPorts = 2> <OutPorts = 1>

State 7 <SV = 6> <Delay = 6.86>
ST_7 : Operation 171 [3/4] (6.86ns)   --->   "%tmp_i = fmul half %merged_load, %fc_0_W_load" [main_5_slices.cpp:165->main_5_slices.cpp:269]   --->   Operation 171 'hmul' 'tmp_i' <Predicate = true> <Delay = 6.86> <Core = "HMul">   --->   Core 91 'HMul' <Latency = 3> <II = 1> <Delay = 6.86> <FuncUnit> <Opcode : 'hmul'> <InPorts = 2> <OutPorts = 1>

State 8 <SV = 7> <Delay = 6.86>
ST_8 : Operation 172 [2/4] (6.86ns)   --->   "%tmp_i = fmul half %merged_load, %fc_0_W_load" [main_5_slices.cpp:165->main_5_slices.cpp:269]   --->   Operation 172 'hmul' 'tmp_i' <Predicate = true> <Delay = 6.86> <Core = "HMul">   --->   Core 91 'HMul' <Latency = 3> <II = 1> <Delay = 6.86> <FuncUnit> <Opcode : 'hmul'> <InPorts = 2> <OutPorts = 1>

State 9 <SV = 8> <Delay = 6.86>
ST_9 : Operation 173 [1/4] (6.86ns)   --->   "%tmp_i = fmul half %merged_load, %fc_0_W_load" [main_5_slices.cpp:165->main_5_slices.cpp:269]   --->   Operation 173 'hmul' 'tmp_i' <Predicate = true> <Delay = 6.86> <Core = "HMul">   --->   Core 91 'HMul' <Latency = 3> <II = 1> <Delay = 6.86> <FuncUnit> <Opcode : 'hmul'> <InPorts = 2> <OutPorts = 1>

State 10 <SV = 9> <Delay = 8.78>
ST_10 : Operation 174 [5/5] (8.78ns)   --->   "%acc = fadd half %acc_0_i, %tmp_i" [main_5_slices.cpp:165->main_5_slices.cpp:269]   --->   Operation 174 'hadd' 'acc' <Predicate = true> <Delay = 8.78> <Core = "HAddSub">   --->   Core 90 'HAddSub' <Latency = 4> <II = 1> <Delay = 7.61> <FuncUnit> <Opcode : 'hadd' 'hsub'> <InPorts = 2> <OutPorts = 1>

State 11 <SV = 10> <Delay = 7.61>
ST_11 : Operation 175 [4/5] (7.61ns)   --->   "%acc = fadd half %acc_0_i, %tmp_i" [main_5_slices.cpp:165->main_5_slices.cpp:269]   --->   Operation 175 'hadd' 'acc' <Predicate = true> <Delay = 7.61> <Core = "HAddSub">   --->   Core 90 'HAddSub' <Latency = 4> <II = 1> <Delay = 7.61> <FuncUnit> <Opcode : 'hadd' 'hsub'> <InPorts = 2> <OutPorts = 1>

State 12 <SV = 11> <Delay = 7.61>
ST_12 : Operation 176 [3/5] (7.61ns)   --->   "%acc = fadd half %acc_0_i, %tmp_i" [main_5_slices.cpp:165->main_5_slices.cpp:269]   --->   Operation 176 'hadd' 'acc' <Predicate = true> <Delay = 7.61> <Core = "HAddSub">   --->   Core 90 'HAddSub' <Latency = 4> <II = 1> <Delay = 7.61> <FuncUnit> <Opcode : 'hadd' 'hsub'> <InPorts = 2> <OutPorts = 1>

State 13 <SV = 12> <Delay = 7.61>
ST_13 : Operation 177 [2/5] (7.61ns)   --->   "%acc = fadd half %acc_0_i, %tmp_i" [main_5_slices.cpp:165->main_5_slices.cpp:269]   --->   Operation 177 'hadd' 'acc' <Predicate = true> <Delay = 7.61> <Core = "HAddSub">   --->   Core 90 'HAddSub' <Latency = 4> <II = 1> <Delay = 7.61> <FuncUnit> <Opcode : 'hadd' 'hsub'> <InPorts = 2> <OutPorts = 1>

State 14 <SV = 13> <Delay = 7.61>
ST_14 : Operation 178 [1/5] (7.61ns)   --->   "%acc = fadd half %acc_0_i, %tmp_i" [main_5_slices.cpp:165->main_5_slices.cpp:269]   --->   Operation 178 'hadd' 'acc' <Predicate = true> <Delay = 7.61> <Core = "HAddSub">   --->   Core 90 'HAddSub' <Latency = 4> <II = 1> <Delay = 7.61> <FuncUnit> <Opcode : 'hadd' 'hsub'> <InPorts = 2> <OutPorts = 1>
ST_14 : Operation 179 [1/1] (0.00ns)   --->   "br label %2" [main_5_slices.cpp:164->main_5_slices.cpp:269]   --->   Operation 179 'br' <Predicate = true> <Delay = 0.00>

State 15 <SV = 3> <Delay = 3.25>
ST_15 : Operation 180 [1/1] (0.00ns)   --->   "%c_0_i = phi i8 [ %c, %5 ], [ 0, %dense_forward.2.exit.preheader ]"   --->   Operation 180 'phi' 'c_0_i' <Predicate = true> <Delay = 0.00>
ST_15 : Operation 181 [1/1] (1.55ns)   --->   "%icmp_ln152 = icmp eq i8 %c_0_i, -128" [main_5_slices.cpp:152->main_5_slices.cpp:270]   --->   Operation 181 'icmp' 'icmp_ln152' <Predicate = true> <Delay = 1.55> <Core = "Cmp">   --->   Core 25 'Cmp' <Latency = 0> <II = 1> <Delay = 1.55> <FuncUnit> <Opcode : 'icmp'> <InPorts = 2> <OutPorts = 1>
ST_15 : Operation 182 [1/1] (0.00ns)   --->   "%empty_44 = call i32 (...)* @_ssdm_op_SpecLoopTripCount(i64 128, i64 128, i64 128) nounwind"   --->   Operation 182 'speclooptripcount' 'empty_44' <Predicate = true> <Delay = 0.00>
ST_15 : Operation 183 [1/1] (1.91ns)   --->   "%c = add i8 %c_0_i, 1" [main_5_slices.cpp:152->main_5_slices.cpp:270]   --->   Operation 183 'add' 'c' <Predicate = true> <Delay = 1.91> <Core = "AddSub">   --->   Core 14 'AddSub' <Latency = 0> <II = 1> <Delay = 1.91> <FuncUnit> <Opcode : 'add' 'sub'> <InPorts = 2> <OutPorts = 1>
ST_15 : Operation 184 [1/1] (0.00ns)   --->   "br i1 %icmp_ln152, label %bn_vector.exit.preheader, label %5" [main_5_slices.cpp:152->main_5_slices.cpp:270]   --->   Operation 184 'br' <Predicate = true> <Delay = 0.00>
ST_15 : Operation 185 [1/1] (0.00ns)   --->   "%zext_ln153 = zext i8 %c_0_i to i64" [main_5_slices.cpp:153->main_5_slices.cpp:270]   --->   Operation 185 'zext' 'zext_ln153' <Predicate = (!icmp_ln152)> <Delay = 0.00>
ST_15 : Operation 186 [1/1] (0.00ns)   --->   "%z0_addr = getelementptr inbounds [128 x half]* %z0, i64 0, i64 %zext_ln153" [main_5_slices.cpp:153->main_5_slices.cpp:270]   --->   Operation 186 'getelementptr' 'z0_addr' <Predicate = (!icmp_ln152)> <Delay = 0.00>
ST_15 : Operation 187 [1/1] (0.00ns)   --->   "%fc_0_bn_var_addr = getelementptr inbounds [128 x half]* @fc_0_bn_var, i64 0, i64 %zext_ln153" [main_5_slices.cpp:153->main_5_slices.cpp:270]   --->   Operation 187 'getelementptr' 'fc_0_bn_var_addr' <Predicate = (!icmp_ln152)> <Delay = 0.00>
ST_15 : Operation 188 [2/2] (3.25ns)   --->   "%fc_0_bn_var_load = load half* %fc_0_bn_var_addr, align 2" [main_5_slices.cpp:153->main_5_slices.cpp:270]   --->   Operation 188 'load' 'fc_0_bn_var_load' <Predicate = (!icmp_ln152)> <Delay = 3.25> <Core = "ROM_nP">   --->   Core 52 'ROM_nP' <Latency = 1> <II = 1> <Delay = 3.25> <Storage> <Opcode : 'load'> <Ports = 0> <Width = 16> <Depth = 128> <ROM>
ST_15 : Operation 189 [1/1] (0.00ns)   --->   "%fc_0_bn_gamma_addr = getelementptr inbounds [128 x half]* @fc_0_bn_gamma, i64 0, i64 %zext_ln153" [main_5_slices.cpp:154->main_5_slices.cpp:270]   --->   Operation 189 'getelementptr' 'fc_0_bn_gamma_addr' <Predicate = (!icmp_ln152)> <Delay = 0.00>
ST_15 : Operation 190 [2/2] (3.25ns)   --->   "%fc_0_bn_gamma_load = load half* %fc_0_bn_gamma_addr, align 2" [main_5_slices.cpp:154->main_5_slices.cpp:270]   --->   Operation 190 'load' 'fc_0_bn_gamma_load' <Predicate = (!icmp_ln152)> <Delay = 3.25> <Core = "ROM_nP">   --->   Core 52 'ROM_nP' <Latency = 1> <II = 1> <Delay = 3.25> <Storage> <Opcode : 'load'> <Ports = 0> <Width = 16> <Depth = 128> <ROM>
ST_15 : Operation 191 [1/1] (1.76ns)   --->   "br label %bn_vector.exit" [main_5_slices.cpp:271]   --->   Operation 191 'br' <Predicate = (icmp_ln152)> <Delay = 1.76>

State 16 <SV = 4> <Delay = 3.25>
ST_16 : Operation 192 [1/2] (3.25ns)   --->   "%fc_0_bn_var_load = load half* %fc_0_bn_var_addr, align 2" [main_5_slices.cpp:153->main_5_slices.cpp:270]   --->   Operation 192 'load' 'fc_0_bn_var_load' <Predicate = true> <Delay = 3.25> <Core = "ROM_nP">   --->   Core 52 'ROM_nP' <Latency = 1> <II = 1> <Delay = 3.25> <Storage> <Opcode : 'load'> <Ports = 0> <Width = 16> <Depth = 128> <ROM>
ST_16 : Operation 193 [1/2] (3.25ns)   --->   "%fc_0_bn_gamma_load = load half* %fc_0_bn_gamma_addr, align 2" [main_5_slices.cpp:154->main_5_slices.cpp:270]   --->   Operation 193 'load' 'fc_0_bn_gamma_load' <Predicate = true> <Delay = 3.25> <Core = "ROM_nP">   --->   Core 52 'ROM_nP' <Latency = 1> <II = 1> <Delay = 3.25> <Storage> <Opcode : 'load'> <Ports = 0> <Width = 16> <Depth = 128> <ROM>

State 17 <SV = 5> <Delay = 8.78>
ST_17 : Operation 194 [5/5] (8.78ns)   --->   "%tmp_s = fadd half %fc_0_bn_var_load, 0x3F50640000000000" [main_5_slices.cpp:153->main_5_slices.cpp:270]   --->   Operation 194 'hadd' 'tmp_s' <Predicate = true> <Delay = 8.78> <Core = "HAddSub">   --->   Core 90 'HAddSub' <Latency = 4> <II = 1> <Delay = 7.61> <FuncUnit> <Opcode : 'hadd' 'hsub'> <InPorts = 2> <OutPorts = 1>

State 18 <SV = 6> <Delay = 7.61>
ST_18 : Operation 195 [4/5] (7.61ns)   --->   "%tmp_s = fadd half %fc_0_bn_var_load, 0x3F50640000000000" [main_5_slices.cpp:153->main_5_slices.cpp:270]   --->   Operation 195 'hadd' 'tmp_s' <Predicate = true> <Delay = 7.61> <Core = "HAddSub">   --->   Core 90 'HAddSub' <Latency = 4> <II = 1> <Delay = 7.61> <FuncUnit> <Opcode : 'hadd' 'hsub'> <InPorts = 2> <OutPorts = 1>

State 19 <SV = 7> <Delay = 7.61>
ST_19 : Operation 196 [3/5] (7.61ns)   --->   "%tmp_s = fadd half %fc_0_bn_var_load, 0x3F50640000000000" [main_5_slices.cpp:153->main_5_slices.cpp:270]   --->   Operation 196 'hadd' 'tmp_s' <Predicate = true> <Delay = 7.61> <Core = "HAddSub">   --->   Core 90 'HAddSub' <Latency = 4> <II = 1> <Delay = 7.61> <FuncUnit> <Opcode : 'hadd' 'hsub'> <InPorts = 2> <OutPorts = 1>

State 20 <SV = 8> <Delay = 7.61>
ST_20 : Operation 197 [2/5] (7.61ns)   --->   "%tmp_s = fadd half %fc_0_bn_var_load, 0x3F50640000000000" [main_5_slices.cpp:153->main_5_slices.cpp:270]   --->   Operation 197 'hadd' 'tmp_s' <Predicate = true> <Delay = 7.61> <Core = "HAddSub">   --->   Core 90 'HAddSub' <Latency = 4> <II = 1> <Delay = 7.61> <FuncUnit> <Opcode : 'hadd' 'hsub'> <InPorts = 2> <OutPorts = 1>

State 21 <SV = 9> <Delay = 7.61>
ST_21 : Operation 198 [1/5] (7.61ns)   --->   "%tmp_s = fadd half %fc_0_bn_var_load, 0x3F50640000000000" [main_5_slices.cpp:153->main_5_slices.cpp:270]   --->   Operation 198 'hadd' 'tmp_s' <Predicate = true> <Delay = 7.61> <Core = "HAddSub">   --->   Core 90 'HAddSub' <Latency = 4> <II = 1> <Delay = 7.61> <FuncUnit> <Opcode : 'hadd' 'hsub'> <InPorts = 2> <OutPorts = 1>

State 22 <SV = 10> <Delay = 3.52>
ST_22 : Operation 199 [2/2] (3.52ns)   --->   "%tmp_44 = fpext half %tmp_s to float" [main_5_slices.cpp:153->main_5_slices.cpp:270]   --->   Operation 199 'hptosp' 'tmp_44' <Predicate = true> <Delay = 3.52> <Core = "Half2Float">   --->   Core 93 'Half2Float' <Latency = 1> <II = 1> <Delay = 3.52> <FuncUnit> <Opcode : 'hptosp'> <InPorts = 1> <OutPorts = 1>

State 23 <SV = 11> <Delay = 3.52>
ST_23 : Operation 200 [1/2] (3.52ns)   --->   "%tmp_44 = fpext half %tmp_s to float" [main_5_slices.cpp:153->main_5_slices.cpp:270]   --->   Operation 200 'hptosp' 'tmp_44' <Predicate = true> <Delay = 3.52> <Core = "Half2Float">   --->   Core 93 'Half2Float' <Latency = 1> <II = 1> <Delay = 3.52> <FuncUnit> <Opcode : 'hptosp'> <InPorts = 1> <OutPorts = 1>

State 24 <SV = 12> <Delay = 8.12>
ST_24 : Operation 201 [12/12] (8.12ns)   --->   "%tmp_45 = call float @llvm.sqrt.f32(float %tmp_44) nounwind" [main_5_slices.cpp:153->main_5_slices.cpp:270]   --->   Operation 201 'fsqrt' 'tmp_45' <Predicate = true> <Delay = 8.12> <Core = "FSqrt">   --->   Core 108 'FSqrt' <Latency = 11> <II = 1> <Delay = 8.12> <FuncUnit> <Opcode : 'fsqrt'> <InPorts = 1> <OutPorts = 1>

State 25 <SV = 13> <Delay = 8.12>
ST_25 : Operation 202 [11/12] (8.12ns)   --->   "%tmp_45 = call float @llvm.sqrt.f32(float %tmp_44) nounwind" [main_5_slices.cpp:153->main_5_slices.cpp:270]   --->   Operation 202 'fsqrt' 'tmp_45' <Predicate = true> <Delay = 8.12> <Core = "FSqrt">   --->   Core 108 'FSqrt' <Latency = 11> <II = 1> <Delay = 8.12> <FuncUnit> <Opcode : 'fsqrt'> <InPorts = 1> <OutPorts = 1>

State 26 <SV = 14> <Delay = 8.12>
ST_26 : Operation 203 [10/12] (8.12ns)   --->   "%tmp_45 = call float @llvm.sqrt.f32(float %tmp_44) nounwind" [main_5_slices.cpp:153->main_5_slices.cpp:270]   --->   Operation 203 'fsqrt' 'tmp_45' <Predicate = true> <Delay = 8.12> <Core = "FSqrt">   --->   Core 108 'FSqrt' <Latency = 11> <II = 1> <Delay = 8.12> <FuncUnit> <Opcode : 'fsqrt'> <InPorts = 1> <OutPorts = 1>

State 27 <SV = 15> <Delay = 8.12>
ST_27 : Operation 204 [9/12] (8.12ns)   --->   "%tmp_45 = call float @llvm.sqrt.f32(float %tmp_44) nounwind" [main_5_slices.cpp:153->main_5_slices.cpp:270]   --->   Operation 204 'fsqrt' 'tmp_45' <Predicate = true> <Delay = 8.12> <Core = "FSqrt">   --->   Core 108 'FSqrt' <Latency = 11> <II = 1> <Delay = 8.12> <FuncUnit> <Opcode : 'fsqrt'> <InPorts = 1> <OutPorts = 1>

State 28 <SV = 16> <Delay = 8.12>
ST_28 : Operation 205 [8/12] (8.12ns)   --->   "%tmp_45 = call float @llvm.sqrt.f32(float %tmp_44) nounwind" [main_5_slices.cpp:153->main_5_slices.cpp:270]   --->   Operation 205 'fsqrt' 'tmp_45' <Predicate = true> <Delay = 8.12> <Core = "FSqrt">   --->   Core 108 'FSqrt' <Latency = 11> <II = 1> <Delay = 8.12> <FuncUnit> <Opcode : 'fsqrt'> <InPorts = 1> <OutPorts = 1>

State 29 <SV = 17> <Delay = 8.12>
ST_29 : Operation 206 [7/12] (8.12ns)   --->   "%tmp_45 = call float @llvm.sqrt.f32(float %tmp_44) nounwind" [main_5_slices.cpp:153->main_5_slices.cpp:270]   --->   Operation 206 'fsqrt' 'tmp_45' <Predicate = true> <Delay = 8.12> <Core = "FSqrt">   --->   Core 108 'FSqrt' <Latency = 11> <II = 1> <Delay = 8.12> <FuncUnit> <Opcode : 'fsqrt'> <InPorts = 1> <OutPorts = 1>

State 30 <SV = 18> <Delay = 8.12>
ST_30 : Operation 207 [6/12] (8.12ns)   --->   "%tmp_45 = call float @llvm.sqrt.f32(float %tmp_44) nounwind" [main_5_slices.cpp:153->main_5_slices.cpp:270]   --->   Operation 207 'fsqrt' 'tmp_45' <Predicate = true> <Delay = 8.12> <Core = "FSqrt">   --->   Core 108 'FSqrt' <Latency = 11> <II = 1> <Delay = 8.12> <FuncUnit> <Opcode : 'fsqrt'> <InPorts = 1> <OutPorts = 1>

State 31 <SV = 19> <Delay = 8.12>
ST_31 : Operation 208 [5/12] (8.12ns)   --->   "%tmp_45 = call float @llvm.sqrt.f32(float %tmp_44) nounwind" [main_5_slices.cpp:153->main_5_slices.cpp:270]   --->   Operation 208 'fsqrt' 'tmp_45' <Predicate = true> <Delay = 8.12> <Core = "FSqrt">   --->   Core 108 'FSqrt' <Latency = 11> <II = 1> <Delay = 8.12> <FuncUnit> <Opcode : 'fsqrt'> <InPorts = 1> <OutPorts = 1>

State 32 <SV = 20> <Delay = 8.12>
ST_32 : Operation 209 [4/12] (8.12ns)   --->   "%tmp_45 = call float @llvm.sqrt.f32(float %tmp_44) nounwind" [main_5_slices.cpp:153->main_5_slices.cpp:270]   --->   Operation 209 'fsqrt' 'tmp_45' <Predicate = true> <Delay = 8.12> <Core = "FSqrt">   --->   Core 108 'FSqrt' <Latency = 11> <II = 1> <Delay = 8.12> <FuncUnit> <Opcode : 'fsqrt'> <InPorts = 1> <OutPorts = 1>

State 33 <SV = 21> <Delay = 8.12>
ST_33 : Operation 210 [2/2] (3.25ns)   --->   "%z0_load = load half* %z0_addr, align 2" [main_5_slices.cpp:153->main_5_slices.cpp:270]   --->   Operation 210 'load' 'z0_load' <Predicate = true> <Delay = 3.25> <Core = "RAM">   --->   Core 37 'RAM' <Latency = 1> <II = 1> <Delay = 3.25> <Storage> <Opcode : 'load' 'store'> <Ports = 2> <Width = 16> <Depth = 128> <RAM>
ST_33 : Operation 211 [3/12] (8.12ns)   --->   "%tmp_45 = call float @llvm.sqrt.f32(float %tmp_44) nounwind" [main_5_slices.cpp:153->main_5_slices.cpp:270]   --->   Operation 211 'fsqrt' 'tmp_45' <Predicate = true> <Delay = 8.12> <Core = "FSqrt">   --->   Core 108 'FSqrt' <Latency = 11> <II = 1> <Delay = 8.12> <FuncUnit> <Opcode : 'fsqrt'> <InPorts = 1> <OutPorts = 1>

State 34 <SV = 22> <Delay = 8.12>
ST_34 : Operation 212 [1/2] (3.25ns)   --->   "%z0_load = load half* %z0_addr, align 2" [main_5_slices.cpp:153->main_5_slices.cpp:270]   --->   Operation 212 'load' 'z0_load' <Predicate = true> <Delay = 3.25> <Core = "RAM">   --->   Core 37 'RAM' <Latency = 1> <II = 1> <Delay = 3.25> <Storage> <Opcode : 'load' 'store'> <Ports = 2> <Width = 16> <Depth = 128> <RAM>
ST_34 : Operation 213 [2/2] (3.52ns)   --->   "%tmp = fpext half %z0_load to float" [main_5_slices.cpp:153->main_5_slices.cpp:270]   --->   Operation 213 'hptosp' 'tmp' <Predicate = true> <Delay = 3.52> <Core = "Half2Float">   --->   Core 93 'Half2Float' <Latency = 1> <II = 1> <Delay = 3.52> <FuncUnit> <Opcode : 'hptosp'> <InPorts = 1> <OutPorts = 1>
ST_34 : Operation 214 [2/12] (8.12ns)   --->   "%tmp_45 = call float @llvm.sqrt.f32(float %tmp_44) nounwind" [main_5_slices.cpp:153->main_5_slices.cpp:270]   --->   Operation 214 'fsqrt' 'tmp_45' <Predicate = true> <Delay = 8.12> <Core = "FSqrt">   --->   Core 108 'FSqrt' <Latency = 11> <II = 1> <Delay = 8.12> <FuncUnit> <Opcode : 'fsqrt'> <InPorts = 1> <OutPorts = 1>

State 35 <SV = 23> <Delay = 8.12>
ST_35 : Operation 215 [1/2] (3.52ns)   --->   "%tmp = fpext half %z0_load to float" [main_5_slices.cpp:153->main_5_slices.cpp:270]   --->   Operation 215 'hptosp' 'tmp' <Predicate = true> <Delay = 3.52> <Core = "Half2Float">   --->   Core 93 'Half2Float' <Latency = 1> <II = 1> <Delay = 3.52> <FuncUnit> <Opcode : 'hptosp'> <InPorts = 1> <OutPorts = 1>
ST_35 : Operation 216 [1/12] (8.12ns)   --->   "%tmp_45 = call float @llvm.sqrt.f32(float %tmp_44) nounwind" [main_5_slices.cpp:153->main_5_slices.cpp:270]   --->   Operation 216 'fsqrt' 'tmp_45' <Predicate = true> <Delay = 8.12> <Core = "FSqrt">   --->   Core 108 'FSqrt' <Latency = 11> <II = 1> <Delay = 8.12> <FuncUnit> <Opcode : 'fsqrt'> <InPorts = 1> <OutPorts = 1>

State 36 <SV = 24> <Delay = 6.07>
ST_36 : Operation 217 [16/16] (6.07ns)   --->   "%tmp_46 = fdiv float %tmp, %tmp_45" [main_5_slices.cpp:153->main_5_slices.cpp:270]   --->   Operation 217 'fdiv' 'tmp_46' <Predicate = true> <Delay = 6.07> <Core = "FDiv">   --->   Core 107 'FDiv' <Latency = 15> <II = 1> <Delay = 6.07> <FuncUnit> <Opcode : 'fdiv' 'frem'> <InPorts = 2> <OutPorts = 1>

State 37 <SV = 25> <Delay = 6.07>
ST_37 : Operation 218 [15/16] (6.07ns)   --->   "%tmp_46 = fdiv float %tmp, %tmp_45" [main_5_slices.cpp:153->main_5_slices.cpp:270]   --->   Operation 218 'fdiv' 'tmp_46' <Predicate = true> <Delay = 6.07> <Core = "FDiv">   --->   Core 107 'FDiv' <Latency = 15> <II = 1> <Delay = 6.07> <FuncUnit> <Opcode : 'fdiv' 'frem'> <InPorts = 2> <OutPorts = 1>

State 38 <SV = 26> <Delay = 6.07>
ST_38 : Operation 219 [14/16] (6.07ns)   --->   "%tmp_46 = fdiv float %tmp, %tmp_45" [main_5_slices.cpp:153->main_5_slices.cpp:270]   --->   Operation 219 'fdiv' 'tmp_46' <Predicate = true> <Delay = 6.07> <Core = "FDiv">   --->   Core 107 'FDiv' <Latency = 15> <II = 1> <Delay = 6.07> <FuncUnit> <Opcode : 'fdiv' 'frem'> <InPorts = 2> <OutPorts = 1>

State 39 <SV = 27> <Delay = 6.07>
ST_39 : Operation 220 [13/16] (6.07ns)   --->   "%tmp_46 = fdiv float %tmp, %tmp_45" [main_5_slices.cpp:153->main_5_slices.cpp:270]   --->   Operation 220 'fdiv' 'tmp_46' <Predicate = true> <Delay = 6.07> <Core = "FDiv">   --->   Core 107 'FDiv' <Latency = 15> <II = 1> <Delay = 6.07> <FuncUnit> <Opcode : 'fdiv' 'frem'> <InPorts = 2> <OutPorts = 1>

State 40 <SV = 28> <Delay = 6.07>
ST_40 : Operation 221 [12/16] (6.07ns)   --->   "%tmp_46 = fdiv float %tmp, %tmp_45" [main_5_slices.cpp:153->main_5_slices.cpp:270]   --->   Operation 221 'fdiv' 'tmp_46' <Predicate = true> <Delay = 6.07> <Core = "FDiv">   --->   Core 107 'FDiv' <Latency = 15> <II = 1> <Delay = 6.07> <FuncUnit> <Opcode : 'fdiv' 'frem'> <InPorts = 2> <OutPorts = 1>

State 41 <SV = 29> <Delay = 6.07>
ST_41 : Operation 222 [11/16] (6.07ns)   --->   "%tmp_46 = fdiv float %tmp, %tmp_45" [main_5_slices.cpp:153->main_5_slices.cpp:270]   --->   Operation 222 'fdiv' 'tmp_46' <Predicate = true> <Delay = 6.07> <Core = "FDiv">   --->   Core 107 'FDiv' <Latency = 15> <II = 1> <Delay = 6.07> <FuncUnit> <Opcode : 'fdiv' 'frem'> <InPorts = 2> <OutPorts = 1>

State 42 <SV = 30> <Delay = 6.07>
ST_42 : Operation 223 [10/16] (6.07ns)   --->   "%tmp_46 = fdiv float %tmp, %tmp_45" [main_5_slices.cpp:153->main_5_slices.cpp:270]   --->   Operation 223 'fdiv' 'tmp_46' <Predicate = true> <Delay = 6.07> <Core = "FDiv">   --->   Core 107 'FDiv' <Latency = 15> <II = 1> <Delay = 6.07> <FuncUnit> <Opcode : 'fdiv' 'frem'> <InPorts = 2> <OutPorts = 1>

State 43 <SV = 31> <Delay = 6.07>
ST_43 : Operation 224 [9/16] (6.07ns)   --->   "%tmp_46 = fdiv float %tmp, %tmp_45" [main_5_slices.cpp:153->main_5_slices.cpp:270]   --->   Operation 224 'fdiv' 'tmp_46' <Predicate = true> <Delay = 6.07> <Core = "FDiv">   --->   Core 107 'FDiv' <Latency = 15> <II = 1> <Delay = 6.07> <FuncUnit> <Opcode : 'fdiv' 'frem'> <InPorts = 2> <OutPorts = 1>

State 44 <SV = 32> <Delay = 6.07>
ST_44 : Operation 225 [8/16] (6.07ns)   --->   "%tmp_46 = fdiv float %tmp, %tmp_45" [main_5_slices.cpp:153->main_5_slices.cpp:270]   --->   Operation 225 'fdiv' 'tmp_46' <Predicate = true> <Delay = 6.07> <Core = "FDiv">   --->   Core 107 'FDiv' <Latency = 15> <II = 1> <Delay = 6.07> <FuncUnit> <Opcode : 'fdiv' 'frem'> <InPorts = 2> <OutPorts = 1>

State 45 <SV = 33> <Delay = 6.07>
ST_45 : Operation 226 [7/16] (6.07ns)   --->   "%tmp_46 = fdiv float %tmp, %tmp_45" [main_5_slices.cpp:153->main_5_slices.cpp:270]   --->   Operation 226 'fdiv' 'tmp_46' <Predicate = true> <Delay = 6.07> <Core = "FDiv">   --->   Core 107 'FDiv' <Latency = 15> <II = 1> <Delay = 6.07> <FuncUnit> <Opcode : 'fdiv' 'frem'> <InPorts = 2> <OutPorts = 1>

State 46 <SV = 34> <Delay = 6.07>
ST_46 : Operation 227 [6/16] (6.07ns)   --->   "%tmp_46 = fdiv float %tmp, %tmp_45" [main_5_slices.cpp:153->main_5_slices.cpp:270]   --->   Operation 227 'fdiv' 'tmp_46' <Predicate = true> <Delay = 6.07> <Core = "FDiv">   --->   Core 107 'FDiv' <Latency = 15> <II = 1> <Delay = 6.07> <FuncUnit> <Opcode : 'fdiv' 'frem'> <InPorts = 2> <OutPorts = 1>

State 47 <SV = 35> <Delay = 6.07>
ST_47 : Operation 228 [5/16] (6.07ns)   --->   "%tmp_46 = fdiv float %tmp, %tmp_45" [main_5_slices.cpp:153->main_5_slices.cpp:270]   --->   Operation 228 'fdiv' 'tmp_46' <Predicate = true> <Delay = 6.07> <Core = "FDiv">   --->   Core 107 'FDiv' <Latency = 15> <II = 1> <Delay = 6.07> <FuncUnit> <Opcode : 'fdiv' 'frem'> <InPorts = 2> <OutPorts = 1>

State 48 <SV = 36> <Delay = 6.07>
ST_48 : Operation 229 [4/16] (6.07ns)   --->   "%tmp_46 = fdiv float %tmp, %tmp_45" [main_5_slices.cpp:153->main_5_slices.cpp:270]   --->   Operation 229 'fdiv' 'tmp_46' <Predicate = true> <Delay = 6.07> <Core = "FDiv">   --->   Core 107 'FDiv' <Latency = 15> <II = 1> <Delay = 6.07> <FuncUnit> <Opcode : 'fdiv' 'frem'> <InPorts = 2> <OutPorts = 1>

State 49 <SV = 37> <Delay = 6.07>
ST_49 : Operation 230 [3/16] (6.07ns)   --->   "%tmp_46 = fdiv float %tmp, %tmp_45" [main_5_slices.cpp:153->main_5_slices.cpp:270]   --->   Operation 230 'fdiv' 'tmp_46' <Predicate = true> <Delay = 6.07> <Core = "FDiv">   --->   Core 107 'FDiv' <Latency = 15> <II = 1> <Delay = 6.07> <FuncUnit> <Opcode : 'fdiv' 'frem'> <InPorts = 2> <OutPorts = 1>

State 50 <SV = 38> <Delay = 6.07>
ST_50 : Operation 231 [2/16] (6.07ns)   --->   "%tmp_46 = fdiv float %tmp, %tmp_45" [main_5_slices.cpp:153->main_5_slices.cpp:270]   --->   Operation 231 'fdiv' 'tmp_46' <Predicate = true> <Delay = 6.07> <Core = "FDiv">   --->   Core 107 'FDiv' <Latency = 15> <II = 1> <Delay = 6.07> <FuncUnit> <Opcode : 'fdiv' 'frem'> <InPorts = 2> <OutPorts = 1>

State 51 <SV = 39> <Delay = 6.07>
ST_51 : Operation 232 [1/16] (6.07ns)   --->   "%tmp_46 = fdiv float %tmp, %tmp_45" [main_5_slices.cpp:153->main_5_slices.cpp:270]   --->   Operation 232 'fdiv' 'tmp_46' <Predicate = true> <Delay = 6.07> <Core = "FDiv">   --->   Core 107 'FDiv' <Latency = 15> <II = 1> <Delay = 6.07> <FuncUnit> <Opcode : 'fdiv' 'frem'> <InPorts = 2> <OutPorts = 1>

State 52 <SV = 40> <Delay = 5.22>
ST_52 : Operation 233 [2/2] (5.22ns)   --->   "%n = fptrunc float %tmp_46 to half" [main_5_slices.cpp:153->main_5_slices.cpp:270]   --->   Operation 233 'sptohp' 'n' <Predicate = true> <Delay = 5.22> <Core = "Float2Half">   --->   Core 94 'Float2Half' <Latency = 1> <II = 1> <Delay = 5.22> <FuncUnit> <Opcode : 'sptohp'> <InPorts = 1> <OutPorts = 1>

State 53 <SV = 41> <Delay = 5.22>
ST_53 : Operation 234 [1/2] (5.22ns)   --->   "%n = fptrunc float %tmp_46 to half" [main_5_slices.cpp:153->main_5_slices.cpp:270]   --->   Operation 234 'sptohp' 'n' <Predicate = true> <Delay = 5.22> <Core = "Float2Half">   --->   Core 94 'Float2Half' <Latency = 1> <II = 1> <Delay = 5.22> <FuncUnit> <Opcode : 'sptohp'> <InPorts = 1> <OutPorts = 1>

State 54 <SV = 42> <Delay = 6.86>
ST_54 : Operation 235 [4/4] (6.86ns)   --->   "%tmp_47 = fmul half %fc_0_bn_gamma_load, %n" [main_5_slices.cpp:154->main_5_slices.cpp:270]   --->   Operation 235 'hmul' 'tmp_47' <Predicate = true> <Delay = 6.86> <Core = "HMul">   --->   Core 91 'HMul' <Latency = 3> <II = 1> <Delay = 6.86> <FuncUnit> <Opcode : 'hmul'> <InPorts = 2> <OutPorts = 1>

State 55 <SV = 43> <Delay = 6.86>
ST_55 : Operation 236 [3/4] (6.86ns)   --->   "%tmp_47 = fmul half %fc_0_bn_gamma_load, %n" [main_5_slices.cpp:154->main_5_slices.cpp:270]   --->   Operation 236 'hmul' 'tmp_47' <Predicate = true> <Delay = 6.86> <Core = "HMul">   --->   Core 91 'HMul' <Latency = 3> <II = 1> <Delay = 6.86> <FuncUnit> <Opcode : 'hmul'> <InPorts = 2> <OutPorts = 1>

State 56 <SV = 44> <Delay = 6.86>
ST_56 : Operation 237 [2/4] (6.86ns)   --->   "%tmp_47 = fmul half %fc_0_bn_gamma_load, %n" [main_5_slices.cpp:154->main_5_slices.cpp:270]   --->   Operation 237 'hmul' 'tmp_47' <Predicate = true> <Delay = 6.86> <Core = "HMul">   --->   Core 91 'HMul' <Latency = 3> <II = 1> <Delay = 6.86> <FuncUnit> <Opcode : 'hmul'> <InPorts = 2> <OutPorts = 1>

State 57 <SV = 45> <Delay = 6.86>
ST_57 : Operation 238 [1/4] (6.86ns)   --->   "%tmp_47 = fmul half %fc_0_bn_gamma_load, %n" [main_5_slices.cpp:154->main_5_slices.cpp:270]   --->   Operation 238 'hmul' 'tmp_47' <Predicate = true> <Delay = 6.86> <Core = "HMul">   --->   Core 91 'HMul' <Latency = 3> <II = 1> <Delay = 6.86> <FuncUnit> <Opcode : 'hmul'> <InPorts = 2> <OutPorts = 1>

State 58 <SV = 46> <Delay = 8.78>
ST_58 : Operation 239 [5/5] (8.78ns)   --->   "%tmp_48 = fadd half %tmp_47, 0x0" [main_5_slices.cpp:154->main_5_slices.cpp:270]   --->   Operation 239 'hadd' 'tmp_48' <Predicate = true> <Delay = 8.78> <Core = "HAddSub">   --->   Core 90 'HAddSub' <Latency = 4> <II = 1> <Delay = 7.61> <FuncUnit> <Opcode : 'hadd' 'hsub'> <InPorts = 2> <OutPorts = 1>

State 59 <SV = 47> <Delay = 7.61>
ST_59 : Operation 240 [4/5] (7.61ns)   --->   "%tmp_48 = fadd half %tmp_47, 0x0" [main_5_slices.cpp:154->main_5_slices.cpp:270]   --->   Operation 240 'hadd' 'tmp_48' <Predicate = true> <Delay = 7.61> <Core = "HAddSub">   --->   Core 90 'HAddSub' <Latency = 4> <II = 1> <Delay = 7.61> <FuncUnit> <Opcode : 'hadd' 'hsub'> <InPorts = 2> <OutPorts = 1>

State 60 <SV = 48> <Delay = 7.61>
ST_60 : Operation 241 [3/5] (7.61ns)   --->   "%tmp_48 = fadd half %tmp_47, 0x0" [main_5_slices.cpp:154->main_5_slices.cpp:270]   --->   Operation 241 'hadd' 'tmp_48' <Predicate = true> <Delay = 7.61> <Core = "HAddSub">   --->   Core 90 'HAddSub' <Latency = 4> <II = 1> <Delay = 7.61> <FuncUnit> <Opcode : 'hadd' 'hsub'> <InPorts = 2> <OutPorts = 1>

State 61 <SV = 49> <Delay = 7.61>
ST_61 : Operation 242 [2/5] (7.61ns)   --->   "%tmp_48 = fadd half %tmp_47, 0x0" [main_5_slices.cpp:154->main_5_slices.cpp:270]   --->   Operation 242 'hadd' 'tmp_48' <Predicate = true> <Delay = 7.61> <Core = "HAddSub">   --->   Core 90 'HAddSub' <Latency = 4> <II = 1> <Delay = 7.61> <FuncUnit> <Opcode : 'hadd' 'hsub'> <InPorts = 2> <OutPorts = 1>

State 62 <SV = 50> <Delay = 7.61>
ST_62 : Operation 243 [1/5] (7.61ns)   --->   "%tmp_48 = fadd half %tmp_47, 0x0" [main_5_slices.cpp:154->main_5_slices.cpp:270]   --->   Operation 243 'hadd' 'tmp_48' <Predicate = true> <Delay = 7.61> <Core = "HAddSub">   --->   Core 90 'HAddSub' <Latency = 4> <II = 1> <Delay = 7.61> <FuncUnit> <Opcode : 'hadd' 'hsub'> <InPorts = 2> <OutPorts = 1>

State 63 <SV = 51> <Delay = 3.25>
ST_63 : Operation 244 [1/1] (3.25ns)   --->   "store half %tmp_48, half* %z0_addr, align 2" [main_5_slices.cpp:154->main_5_slices.cpp:270]   --->   Operation 244 'store' <Predicate = true> <Delay = 3.25> <Core = "RAM">   --->   Core 37 'RAM' <Latency = 1> <II = 1> <Delay = 3.25> <Storage> <Opcode : 'load' 'store'> <Ports = 2> <Width = 16> <Depth = 128> <RAM>
ST_63 : Operation 245 [1/1] (0.00ns)   --->   "br label %dense_forward.2.exit" [main_5_slices.cpp:152->main_5_slices.cpp:270]   --->   Operation 245 'br' <Predicate = true> <Delay = 0.00>

State 64 <SV = 4> <Delay = 3.25>
ST_64 : Operation 246 [1/1] (0.00ns)   --->   "%j_0 = phi i8 [ %j, %_ifconv ], [ 0, %bn_vector.exit.preheader ]"   --->   Operation 246 'phi' 'j_0' <Predicate = true> <Delay = 0.00>
ST_64 : Operation 247 [1/1] (1.55ns)   --->   "%icmp_ln271 = icmp eq i8 %j_0, -128" [main_5_slices.cpp:271]   --->   Operation 247 'icmp' 'icmp_ln271' <Predicate = true> <Delay = 1.55> <Core = "Cmp">   --->   Core 25 'Cmp' <Latency = 0> <II = 1> <Delay = 1.55> <FuncUnit> <Opcode : 'icmp'> <InPorts = 2> <OutPorts = 1>
ST_64 : Operation 248 [1/1] (0.00ns)   --->   "%empty_45 = call i32 (...)* @_ssdm_op_SpecLoopTripCount(i64 128, i64 128, i64 128) nounwind"   --->   Operation 248 'speclooptripcount' 'empty_45' <Predicate = true> <Delay = 0.00>
ST_64 : Operation 249 [1/1] (1.91ns)   --->   "%j = add i8 %j_0, 1" [main_5_slices.cpp:271]   --->   Operation 249 'add' 'j' <Predicate = true> <Delay = 1.91> <Core = "AddSub">   --->   Core 14 'AddSub' <Latency = 0> <II = 1> <Delay = 1.91> <FuncUnit> <Opcode : 'add' 'sub'> <InPorts = 2> <OutPorts = 1>
ST_64 : Operation 250 [1/1] (0.00ns)   --->   "br i1 %icmp_ln271, label %.preheader.preheader, label %_ifconv" [main_5_slices.cpp:271]   --->   Operation 250 'br' <Predicate = true> <Delay = 0.00>
ST_64 : Operation 251 [1/1] (0.00ns)   --->   "%zext_ln271 = zext i8 %j_0 to i64" [main_5_slices.cpp:271]   --->   Operation 251 'zext' 'zext_ln271' <Predicate = (!icmp_ln271)> <Delay = 0.00>
ST_64 : Operation 252 [1/1] (0.00ns)   --->   "%z0_addr_2 = getelementptr inbounds [128 x half]* %z0, i64 0, i64 %zext_ln271" [main_5_slices.cpp:271]   --->   Operation 252 'getelementptr' 'z0_addr_2' <Predicate = (!icmp_ln271)> <Delay = 0.00>
ST_64 : Operation 253 [2/2] (3.25ns)   --->   "%z0_load_1 = load half* %z0_addr_2, align 2" [main_5_slices.cpp:271]   --->   Operation 253 'load' 'z0_load_1' <Predicate = (!icmp_ln271)> <Delay = 3.25> <Core = "RAM">   --->   Core 37 'RAM' <Latency = 1> <II = 1> <Delay = 3.25> <Storage> <Opcode : 'load' 'store'> <Ports = 2> <Width = 16> <Depth = 128> <RAM>
ST_64 : Operation 254 [1/1] (1.76ns)   --->   "br label %.preheader"   --->   Operation 254 'br' <Predicate = (icmp_ln271)> <Delay = 1.76>

State 65 <SV = 5> <Delay = 8.44>
ST_65 : Operation 255 [1/2] (3.25ns)   --->   "%z0_load_1 = load half* %z0_addr_2, align 2" [main_5_slices.cpp:271]   --->   Operation 255 'load' 'z0_load_1' <Predicate = true> <Delay = 3.25> <Core = "RAM">   --->   Core 37 'RAM' <Latency = 1> <II = 1> <Delay = 3.25> <Storage> <Opcode : 'load' 'store'> <Ports = 2> <Width = 16> <Depth = 128> <RAM>
ST_65 : Operation 256 [2/2] (5.18ns)   --->   "%tmp_49 = fcmp ogt half %z0_load_1, 0x0" [main_5_slices.cpp:46->main_5_slices.cpp:271]   --->   Operation 256 'hcmp' 'tmp_49' <Predicate = true> <Delay = 5.18> <Core = "HCmp">   --->   Core 98 'HCmp' <Latency = 1> <II = 1> <Delay = 5.18> <FuncUnit> <Opcode : 'hcmp'> <InPorts = 2> <OutPorts = 1>

State 66 <SV = 6> <Delay = 5.99>
ST_66 : Operation 257 [1/2] (5.18ns)   --->   "%tmp_49 = fcmp ogt half %z0_load_1, 0x0" [main_5_slices.cpp:46->main_5_slices.cpp:271]   --->   Operation 257 'hcmp' 'tmp_49' <Predicate = true> <Delay = 5.18> <Core = "HCmp">   --->   Core 98 'HCmp' <Latency = 1> <II = 1> <Delay = 5.18> <FuncUnit> <Opcode : 'hcmp'> <InPorts = 2> <OutPorts = 1>
ST_66 : Operation 258 [1/1] (0.80ns)   --->   "%select_ln46 = select i1 %tmp_49, half %z0_load_1, half 0x0" [main_5_slices.cpp:46->main_5_slices.cpp:271]   --->   Operation 258 'select' 'select_ln46' <Predicate = true> <Delay = 0.80> <Core = "Sel">   --->   Core 26 'Sel' <Latency = 0> <II = 1> <Delay = 0.80> <FuncUnit> <Opcode : 'select'> <InPorts = 3> <OutPorts = 1>

State 67 <SV = 7> <Delay = 3.25>
ST_67 : Operation 259 [1/1] (3.25ns)   --->   "store half %select_ln46, half* %z0_addr_2, align 2" [main_5_slices.cpp:271]   --->   Operation 259 'store' <Predicate = true> <Delay = 3.25> <Core = "RAM">   --->   Core 37 'RAM' <Latency = 1> <II = 1> <Delay = 3.25> <Storage> <Opcode : 'load' 'store'> <Ports = 2> <Width = 16> <Depth = 128> <RAM>
ST_67 : Operation 260 [1/1] (0.00ns)   --->   "br label %bn_vector.exit" [main_5_slices.cpp:271]   --->   Operation 260 'br' <Predicate = true> <Delay = 0.00>

State 68 <SV = 5> <Delay = 1.91>
ST_68 : Operation 261 [1/1] (0.00ns)   --->   "%j_0_i4 = phi i8 [ %j_12, %8 ], [ 0, %.preheader.preheader ]"   --->   Operation 261 'phi' 'j_0_i4' <Predicate = true> <Delay = 0.00>
ST_68 : Operation 262 [1/1] (0.00ns)   --->   "%j_0_i4_cast3 = zext i8 %j_0_i4 to i14" [main_5_slices.cpp:162->main_5_slices.cpp:274]   --->   Operation 262 'zext' 'j_0_i4_cast3' <Predicate = true> <Delay = 0.00>
ST_68 : Operation 263 [1/1] (0.00ns)   --->   "%empty_46 = call i32 (...)* @_ssdm_op_SpecLoopTripCount(i64 128, i64 128, i64 128) nounwind"   --->   Operation 263 'speclooptripcount' 'empty_46' <Predicate = true> <Delay = 0.00>
ST_68 : Operation 264 [1/1] (1.55ns)   --->   "%icmp_ln162_1 = icmp eq i8 %j_0_i4, -128" [main_5_slices.cpp:162->main_5_slices.cpp:274]   --->   Operation 264 'icmp' 'icmp_ln162_1' <Predicate = true> <Delay = 1.55> <Core = "Cmp">   --->   Core 25 'Cmp' <Latency = 0> <II = 1> <Delay = 1.55> <FuncUnit> <Opcode : 'icmp'> <InPorts = 2> <OutPorts = 1>
ST_68 : Operation 265 [1/1] (1.91ns)   --->   "%j_12 = add i8 %j_0_i4, 1" [main_5_slices.cpp:162->main_5_slices.cpp:274]   --->   Operation 265 'add' 'j_12' <Predicate = true> <Delay = 1.91> <Core = "AddSub">   --->   Core 14 'AddSub' <Latency = 0> <II = 1> <Delay = 1.91> <FuncUnit> <Opcode : 'add' 'sub'> <InPorts = 2> <OutPorts = 1>
ST_68 : Operation 266 [1/1] (0.00ns)   --->   "br i1 %icmp_ln162_1, label %dense_forward.1.exit.preheader, label %._crit_edge.i9" [main_5_slices.cpp:162->main_5_slices.cpp:274]   --->   Operation 266 'br' <Predicate = true> <Delay = 0.00>
ST_68 : Operation 267 [1/1] (0.00ns)   --->   "%zext_ln163_1 = zext i8 %j_0_i4 to i64" [main_5_slices.cpp:163->main_5_slices.cpp:274]   --->   Operation 267 'zext' 'zext_ln163_1' <Predicate = (!icmp_ln162_1)> <Delay = 0.00>
ST_68 : Operation 268 [1/1] (1.76ns)   --->   "br label %6" [main_5_slices.cpp:164->main_5_slices.cpp:274]   --->   Operation 268 'br' <Predicate = (!icmp_ln162_1)> <Delay = 1.76>
ST_68 : Operation 269 [1/1] (1.76ns)   --->   "br label %dense_forward.1.exit" [main_5_slices.cpp:152->main_5_slices.cpp:275]   --->   Operation 269 'br' <Predicate = (icmp_ln162_1)> <Delay = 1.76>

State 69 <SV = 6> <Delay = 5.06>
ST_69 : Operation 270 [1/1] (0.00ns)   --->   "%acc_0_i10 = phi half [ 0x0, %._crit_edge.i9 ], [ %acc_1, %7 ]"   --->   Operation 270 'phi' 'acc_0_i10' <Predicate = true> <Delay = 0.00>
ST_69 : Operation 271 [1/1] (0.00ns)   --->   "%i_0_i11 = phi i8 [ 0, %._crit_edge.i9 ], [ %i_1, %7 ]"   --->   Operation 271 'phi' 'i_0_i11' <Predicate = true> <Delay = 0.00>
ST_69 : Operation 272 [1/1] (0.00ns)   --->   "%empty_47 = call i32 (...)* @_ssdm_op_SpecLoopTripCount(i64 128, i64 128, i64 128) nounwind"   --->   Operation 272 'speclooptripcount' 'empty_47' <Predicate = true> <Delay = 0.00>
ST_69 : Operation 273 [1/1] (1.55ns)   --->   "%icmp_ln164_1 = icmp eq i8 %i_0_i11, -128" [main_5_slices.cpp:164->main_5_slices.cpp:274]   --->   Operation 273 'icmp' 'icmp_ln164_1' <Predicate = true> <Delay = 1.55> <Core = "Cmp">   --->   Core 25 'Cmp' <Latency = 0> <II = 1> <Delay = 1.55> <FuncUnit> <Opcode : 'icmp'> <InPorts = 2> <OutPorts = 1>
ST_69 : Operation 274 [1/1] (1.91ns)   --->   "%i_1 = add i8 %i_0_i11, 1" [main_5_slices.cpp:164->main_5_slices.cpp:274]   --->   Operation 274 'add' 'i_1' <Predicate = true> <Delay = 1.91> <Core = "AddSub">   --->   Core 14 'AddSub' <Latency = 0> <II = 1> <Delay = 1.91> <FuncUnit> <Opcode : 'add' 'sub'> <InPorts = 2> <OutPorts = 1>
ST_69 : Operation 275 [1/1] (0.00ns)   --->   "br i1 %icmp_ln164_1, label %8, label %7" [main_5_slices.cpp:164->main_5_slices.cpp:274]   --->   Operation 275 'br' <Predicate = true> <Delay = 0.00>
ST_69 : Operation 276 [1/1] (0.00ns)   --->   "%zext_ln165_2 = zext i8 %i_0_i11 to i64" [main_5_slices.cpp:165->main_5_slices.cpp:274]   --->   Operation 276 'zext' 'zext_ln165_2' <Predicate = (!icmp_ln164_1)> <Delay = 0.00>
ST_69 : Operation 277 [1/1] (0.00ns)   --->   "%z0_addr_3 = getelementptr [128 x half]* %z0, i64 0, i64 %zext_ln165_2" [main_5_slices.cpp:165->main_5_slices.cpp:274]   --->   Operation 277 'getelementptr' 'z0_addr_3' <Predicate = (!icmp_ln164_1)> <Delay = 0.00>
ST_69 : Operation 278 [2/2] (3.25ns)   --->   "%z0_load_2 = load half* %z0_addr_3, align 2" [main_5_slices.cpp:165->main_5_slices.cpp:274]   --->   Operation 278 'load' 'z0_load_2' <Predicate = (!icmp_ln164_1)> <Delay = 3.25> <Core = "RAM">   --->   Core 37 'RAM' <Latency = 1> <II = 1> <Delay = 3.25> <Storage> <Opcode : 'load' 'store'> <Ports = 2> <Width = 16> <Depth = 128> <RAM>
ST_69 : Operation 279 [1/1] (0.00ns)   --->   "%trunc_ln165_1 = trunc i8 %i_0_i11 to i7" [main_5_slices.cpp:165->main_5_slices.cpp:274]   --->   Operation 279 'trunc' 'trunc_ln165_1' <Predicate = (!icmp_ln164_1)> <Delay = 0.00>
ST_69 : Operation 280 [1/1] (0.00ns)   --->   "%shl_ln165_1 = call i14 @_ssdm_op_BitConcatenate.i14.i7.i7(i7 %trunc_ln165_1, i7 0)" [main_5_slices.cpp:165->main_5_slices.cpp:274]   --->   Operation 280 'bitconcatenate' 'shl_ln165_1' <Predicate = (!icmp_ln164_1)> <Delay = 0.00>
ST_69 : Operation 281 [1/1] (1.81ns)   --->   "%add_ln165_1 = add i14 %j_0_i4_cast3, %shl_ln165_1" [main_5_slices.cpp:165->main_5_slices.cpp:274]   --->   Operation 281 'add' 'add_ln165_1' <Predicate = (!icmp_ln164_1)> <Delay = 1.81> <Core = "AddSub">   --->   Core 14 'AddSub' <Latency = 0> <II = 1> <Delay = 1.91> <FuncUnit> <Opcode : 'add' 'sub'> <InPorts = 2> <OutPorts = 1>
ST_69 : Operation 282 [1/1] (0.00ns)   --->   "%zext_ln165_3 = zext i14 %add_ln165_1 to i64" [main_5_slices.cpp:165->main_5_slices.cpp:274]   --->   Operation 282 'zext' 'zext_ln165_3' <Predicate = (!icmp_ln164_1)> <Delay = 0.00>
ST_69 : Operation 283 [1/1] (0.00ns)   --->   "%fc_1_W_addr = getelementptr [16384 x half]* @fc_1_W, i64 0, i64 %zext_ln165_3" [main_5_slices.cpp:165->main_5_slices.cpp:274]   --->   Operation 283 'getelementptr' 'fc_1_W_addr' <Predicate = (!icmp_ln164_1)> <Delay = 0.00>
ST_69 : Operation 284 [2/2] (3.25ns)   --->   "%fc_1_W_load = load half* %fc_1_W_addr, align 2" [main_5_slices.cpp:165->main_5_slices.cpp:274]   --->   Operation 284 'load' 'fc_1_W_load' <Predicate = (!icmp_ln164_1)> <Delay = 3.25> <Core = "ROM_nP">   --->   Core 52 'ROM_nP' <Latency = 1> <II = 1> <Delay = 3.25> <Storage> <Opcode : 'load'> <Ports = 0> <Width = 16> <Depth = 128> <ROM>
ST_69 : Operation 285 [1/1] (0.00ns)   --->   "%z1_addr_2 = getelementptr [128 x half]* %z1, i64 0, i64 %zext_ln163_1" [main_5_slices.cpp:167->main_5_slices.cpp:274]   --->   Operation 285 'getelementptr' 'z1_addr_2' <Predicate = (icmp_ln164_1)> <Delay = 0.00>
ST_69 : Operation 286 [1/1] (3.25ns)   --->   "store half %acc_0_i10, half* %z1_addr_2, align 2" [main_5_slices.cpp:167->main_5_slices.cpp:274]   --->   Operation 286 'store' <Predicate = (icmp_ln164_1)> <Delay = 3.25> <Core = "RAM">   --->   Core 37 'RAM' <Latency = 1> <II = 1> <Delay = 3.25> <Storage> <Opcode : 'load' 'store'> <Ports = 2> <Width = 16> <Depth = 128> <RAM>
ST_69 : Operation 287 [1/1] (0.00ns)   --->   "br label %.preheader" [main_5_slices.cpp:162->main_5_slices.cpp:274]   --->   Operation 287 'br' <Predicate = (icmp_ln164_1)> <Delay = 0.00>

State 70 <SV = 7> <Delay = 3.25>
ST_70 : Operation 288 [1/2] (3.25ns)   --->   "%z0_load_2 = load half* %z0_addr_3, align 2" [main_5_slices.cpp:165->main_5_slices.cpp:274]   --->   Operation 288 'load' 'z0_load_2' <Predicate = true> <Delay = 3.25> <Core = "RAM">   --->   Core 37 'RAM' <Latency = 1> <II = 1> <Delay = 3.25> <Storage> <Opcode : 'load' 'store'> <Ports = 2> <Width = 16> <Depth = 128> <RAM>
ST_70 : Operation 289 [1/2] (3.25ns)   --->   "%fc_1_W_load = load half* %fc_1_W_addr, align 2" [main_5_slices.cpp:165->main_5_slices.cpp:274]   --->   Operation 289 'load' 'fc_1_W_load' <Predicate = true> <Delay = 3.25> <Core = "ROM_nP">   --->   Core 52 'ROM_nP' <Latency = 1> <II = 1> <Delay = 3.25> <Storage> <Opcode : 'load'> <Ports = 0> <Width = 16> <Depth = 128> <ROM>

State 71 <SV = 8> <Delay = 6.86>
ST_71 : Operation 290 [4/4] (6.86ns)   --->   "%tmp_i1 = fmul half %z0_load_2, %fc_1_W_load" [main_5_slices.cpp:165->main_5_slices.cpp:274]   --->   Operation 290 'hmul' 'tmp_i1' <Predicate = true> <Delay = 6.86> <Core = "HMul">   --->   Core 91 'HMul' <Latency = 3> <II = 1> <Delay = 6.86> <FuncUnit> <Opcode : 'hmul'> <InPorts = 2> <OutPorts = 1>

State 72 <SV = 9> <Delay = 6.86>
ST_72 : Operation 291 [3/4] (6.86ns)   --->   "%tmp_i1 = fmul half %z0_load_2, %fc_1_W_load" [main_5_slices.cpp:165->main_5_slices.cpp:274]   --->   Operation 291 'hmul' 'tmp_i1' <Predicate = true> <Delay = 6.86> <Core = "HMul">   --->   Core 91 'HMul' <Latency = 3> <II = 1> <Delay = 6.86> <FuncUnit> <Opcode : 'hmul'> <InPorts = 2> <OutPorts = 1>

State 73 <SV = 10> <Delay = 6.86>
ST_73 : Operation 292 [2/4] (6.86ns)   --->   "%tmp_i1 = fmul half %z0_load_2, %fc_1_W_load" [main_5_slices.cpp:165->main_5_slices.cpp:274]   --->   Operation 292 'hmul' 'tmp_i1' <Predicate = true> <Delay = 6.86> <Core = "HMul">   --->   Core 91 'HMul' <Latency = 3> <II = 1> <Delay = 6.86> <FuncUnit> <Opcode : 'hmul'> <InPorts = 2> <OutPorts = 1>

State 74 <SV = 11> <Delay = 6.86>
ST_74 : Operation 293 [1/4] (6.86ns)   --->   "%tmp_i1 = fmul half %z0_load_2, %fc_1_W_load" [main_5_slices.cpp:165->main_5_slices.cpp:274]   --->   Operation 293 'hmul' 'tmp_i1' <Predicate = true> <Delay = 6.86> <Core = "HMul">   --->   Core 91 'HMul' <Latency = 3> <II = 1> <Delay = 6.86> <FuncUnit> <Opcode : 'hmul'> <InPorts = 2> <OutPorts = 1>

State 75 <SV = 12> <Delay = 8.78>
ST_75 : Operation 294 [5/5] (8.78ns)   --->   "%acc_1 = fadd half %acc_0_i10, %tmp_i1" [main_5_slices.cpp:165->main_5_slices.cpp:274]   --->   Operation 294 'hadd' 'acc_1' <Predicate = true> <Delay = 8.78> <Core = "HAddSub">   --->   Core 90 'HAddSub' <Latency = 4> <II = 1> <Delay = 7.61> <FuncUnit> <Opcode : 'hadd' 'hsub'> <InPorts = 2> <OutPorts = 1>

State 76 <SV = 13> <Delay = 7.61>
ST_76 : Operation 295 [4/5] (7.61ns)   --->   "%acc_1 = fadd half %acc_0_i10, %tmp_i1" [main_5_slices.cpp:165->main_5_slices.cpp:274]   --->   Operation 295 'hadd' 'acc_1' <Predicate = true> <Delay = 7.61> <Core = "HAddSub">   --->   Core 90 'HAddSub' <Latency = 4> <II = 1> <Delay = 7.61> <FuncUnit> <Opcode : 'hadd' 'hsub'> <InPorts = 2> <OutPorts = 1>

State 77 <SV = 14> <Delay = 7.61>
ST_77 : Operation 296 [3/5] (7.61ns)   --->   "%acc_1 = fadd half %acc_0_i10, %tmp_i1" [main_5_slices.cpp:165->main_5_slices.cpp:274]   --->   Operation 296 'hadd' 'acc_1' <Predicate = true> <Delay = 7.61> <Core = "HAddSub">   --->   Core 90 'HAddSub' <Latency = 4> <II = 1> <Delay = 7.61> <FuncUnit> <Opcode : 'hadd' 'hsub'> <InPorts = 2> <OutPorts = 1>

State 78 <SV = 15> <Delay = 7.61>
ST_78 : Operation 297 [2/5] (7.61ns)   --->   "%acc_1 = fadd half %acc_0_i10, %tmp_i1" [main_5_slices.cpp:165->main_5_slices.cpp:274]   --->   Operation 297 'hadd' 'acc_1' <Predicate = true> <Delay = 7.61> <Core = "HAddSub">   --->   Core 90 'HAddSub' <Latency = 4> <II = 1> <Delay = 7.61> <FuncUnit> <Opcode : 'hadd' 'hsub'> <InPorts = 2> <OutPorts = 1>

State 79 <SV = 16> <Delay = 7.61>
ST_79 : Operation 298 [1/5] (7.61ns)   --->   "%acc_1 = fadd half %acc_0_i10, %tmp_i1" [main_5_slices.cpp:165->main_5_slices.cpp:274]   --->   Operation 298 'hadd' 'acc_1' <Predicate = true> <Delay = 7.61> <Core = "HAddSub">   --->   Core 90 'HAddSub' <Latency = 4> <II = 1> <Delay = 7.61> <FuncUnit> <Opcode : 'hadd' 'hsub'> <InPorts = 2> <OutPorts = 1>
ST_79 : Operation 299 [1/1] (0.00ns)   --->   "br label %6" [main_5_slices.cpp:164->main_5_slices.cpp:274]   --->   Operation 299 'br' <Predicate = true> <Delay = 0.00>

State 80 <SV = 6> <Delay = 3.25>
ST_80 : Operation 300 [1/1] (0.00ns)   --->   "%c_0_i2 = phi i8 [ %c_5, %9 ], [ 0, %dense_forward.1.exit.preheader ]"   --->   Operation 300 'phi' 'c_0_i2' <Predicate = true> <Delay = 0.00>
ST_80 : Operation 301 [1/1] (1.55ns)   --->   "%icmp_ln152_5 = icmp eq i8 %c_0_i2, -128" [main_5_slices.cpp:152->main_5_slices.cpp:275]   --->   Operation 301 'icmp' 'icmp_ln152_5' <Predicate = true> <Delay = 1.55> <Core = "Cmp">   --->   Core 25 'Cmp' <Latency = 0> <II = 1> <Delay = 1.55> <FuncUnit> <Opcode : 'icmp'> <InPorts = 2> <OutPorts = 1>
ST_80 : Operation 302 [1/1] (0.00ns)   --->   "%empty_48 = call i32 (...)* @_ssdm_op_SpecLoopTripCount(i64 128, i64 128, i64 128) nounwind"   --->   Operation 302 'speclooptripcount' 'empty_48' <Predicate = true> <Delay = 0.00>
ST_80 : Operation 303 [1/1] (1.91ns)   --->   "%c_5 = add i8 %c_0_i2, 1" [main_5_slices.cpp:152->main_5_slices.cpp:275]   --->   Operation 303 'add' 'c_5' <Predicate = true> <Delay = 1.91> <Core = "AddSub">   --->   Core 14 'AddSub' <Latency = 0> <II = 1> <Delay = 1.91> <FuncUnit> <Opcode : 'add' 'sub'> <InPorts = 2> <OutPorts = 1>
ST_80 : Operation 304 [1/1] (0.00ns)   --->   "br i1 %icmp_ln152_5, label %bn_vector.exit4.preheader, label %9" [main_5_slices.cpp:152->main_5_slices.cpp:275]   --->   Operation 304 'br' <Predicate = true> <Delay = 0.00>
ST_80 : Operation 305 [1/1] (0.00ns)   --->   "%zext_ln153_5 = zext i8 %c_0_i2 to i64" [main_5_slices.cpp:153->main_5_slices.cpp:275]   --->   Operation 305 'zext' 'zext_ln153_5' <Predicate = (!icmp_ln152_5)> <Delay = 0.00>
ST_80 : Operation 306 [1/1] (0.00ns)   --->   "%z1_addr = getelementptr inbounds [128 x half]* %z1, i64 0, i64 %zext_ln153_5" [main_5_slices.cpp:153->main_5_slices.cpp:275]   --->   Operation 306 'getelementptr' 'z1_addr' <Predicate = (!icmp_ln152_5)> <Delay = 0.00>
ST_80 : Operation 307 [1/1] (0.00ns)   --->   "%fc_1_bn_var_addr = getelementptr inbounds [128 x half]* @fc_1_bn_var, i64 0, i64 %zext_ln153_5" [main_5_slices.cpp:153->main_5_slices.cpp:275]   --->   Operation 307 'getelementptr' 'fc_1_bn_var_addr' <Predicate = (!icmp_ln152_5)> <Delay = 0.00>
ST_80 : Operation 308 [2/2] (3.25ns)   --->   "%fc_1_bn_var_load = load half* %fc_1_bn_var_addr, align 2" [main_5_slices.cpp:153->main_5_slices.cpp:275]   --->   Operation 308 'load' 'fc_1_bn_var_load' <Predicate = (!icmp_ln152_5)> <Delay = 3.25> <Core = "ROM_nP">   --->   Core 52 'ROM_nP' <Latency = 1> <II = 1> <Delay = 3.25> <Storage> <Opcode : 'load'> <Ports = 0> <Width = 16> <Depth = 128> <ROM>
ST_80 : Operation 309 [1/1] (0.00ns)   --->   "%fc_1_bn_gamma_addr = getelementptr inbounds [128 x half]* @fc_1_bn_gamma, i64 0, i64 %zext_ln153_5" [main_5_slices.cpp:154->main_5_slices.cpp:275]   --->   Operation 309 'getelementptr' 'fc_1_bn_gamma_addr' <Predicate = (!icmp_ln152_5)> <Delay = 0.00>
ST_80 : Operation 310 [2/2] (3.25ns)   --->   "%fc_1_bn_gamma_load = load half* %fc_1_bn_gamma_addr, align 2" [main_5_slices.cpp:154->main_5_slices.cpp:275]   --->   Operation 310 'load' 'fc_1_bn_gamma_load' <Predicate = (!icmp_ln152_5)> <Delay = 3.25> <Core = "ROM_nP">   --->   Core 52 'ROM_nP' <Latency = 1> <II = 1> <Delay = 3.25> <Storage> <Opcode : 'load'> <Ports = 0> <Width = 16> <Depth = 128> <ROM>
ST_80 : Operation 311 [1/1] (1.76ns)   --->   "br label %bn_vector.exit4" [main_5_slices.cpp:276]   --->   Operation 311 'br' <Predicate = (icmp_ln152_5)> <Delay = 1.76>

State 81 <SV = 7> <Delay = 3.25>
ST_81 : Operation 312 [1/2] (3.25ns)   --->   "%fc_1_bn_var_load = load half* %fc_1_bn_var_addr, align 2" [main_5_slices.cpp:153->main_5_slices.cpp:275]   --->   Operation 312 'load' 'fc_1_bn_var_load' <Predicate = true> <Delay = 3.25> <Core = "ROM_nP">   --->   Core 52 'ROM_nP' <Latency = 1> <II = 1> <Delay = 3.25> <Storage> <Opcode : 'load'> <Ports = 0> <Width = 16> <Depth = 128> <ROM>
ST_81 : Operation 313 [1/2] (3.25ns)   --->   "%fc_1_bn_gamma_load = load half* %fc_1_bn_gamma_addr, align 2" [main_5_slices.cpp:154->main_5_slices.cpp:275]   --->   Operation 313 'load' 'fc_1_bn_gamma_load' <Predicate = true> <Delay = 3.25> <Core = "ROM_nP">   --->   Core 52 'ROM_nP' <Latency = 1> <II = 1> <Delay = 3.25> <Storage> <Opcode : 'load'> <Ports = 0> <Width = 16> <Depth = 128> <ROM>

State 82 <SV = 8> <Delay = 8.78>
ST_82 : Operation 314 [5/5] (8.78ns)   --->   "%tmp_51 = fadd half %fc_1_bn_var_load, 0x3F50640000000000" [main_5_slices.cpp:153->main_5_slices.cpp:275]   --->   Operation 314 'hadd' 'tmp_51' <Predicate = true> <Delay = 8.78> <Core = "HAddSub">   --->   Core 90 'HAddSub' <Latency = 4> <II = 1> <Delay = 7.61> <FuncUnit> <Opcode : 'hadd' 'hsub'> <InPorts = 2> <OutPorts = 1>

State 83 <SV = 9> <Delay = 7.61>
ST_83 : Operation 315 [4/5] (7.61ns)   --->   "%tmp_51 = fadd half %fc_1_bn_var_load, 0x3F50640000000000" [main_5_slices.cpp:153->main_5_slices.cpp:275]   --->   Operation 315 'hadd' 'tmp_51' <Predicate = true> <Delay = 7.61> <Core = "HAddSub">   --->   Core 90 'HAddSub' <Latency = 4> <II = 1> <Delay = 7.61> <FuncUnit> <Opcode : 'hadd' 'hsub'> <InPorts = 2> <OutPorts = 1>

State 84 <SV = 10> <Delay = 7.61>
ST_84 : Operation 316 [3/5] (7.61ns)   --->   "%tmp_51 = fadd half %fc_1_bn_var_load, 0x3F50640000000000" [main_5_slices.cpp:153->main_5_slices.cpp:275]   --->   Operation 316 'hadd' 'tmp_51' <Predicate = true> <Delay = 7.61> <Core = "HAddSub">   --->   Core 90 'HAddSub' <Latency = 4> <II = 1> <Delay = 7.61> <FuncUnit> <Opcode : 'hadd' 'hsub'> <InPorts = 2> <OutPorts = 1>

State 85 <SV = 11> <Delay = 7.61>
ST_85 : Operation 317 [2/5] (7.61ns)   --->   "%tmp_51 = fadd half %fc_1_bn_var_load, 0x3F50640000000000" [main_5_slices.cpp:153->main_5_slices.cpp:275]   --->   Operation 317 'hadd' 'tmp_51' <Predicate = true> <Delay = 7.61> <Core = "HAddSub">   --->   Core 90 'HAddSub' <Latency = 4> <II = 1> <Delay = 7.61> <FuncUnit> <Opcode : 'hadd' 'hsub'> <InPorts = 2> <OutPorts = 1>

State 86 <SV = 12> <Delay = 7.61>
ST_86 : Operation 318 [1/5] (7.61ns)   --->   "%tmp_51 = fadd half %fc_1_bn_var_load, 0x3F50640000000000" [main_5_slices.cpp:153->main_5_slices.cpp:275]   --->   Operation 318 'hadd' 'tmp_51' <Predicate = true> <Delay = 7.61> <Core = "HAddSub">   --->   Core 90 'HAddSub' <Latency = 4> <II = 1> <Delay = 7.61> <FuncUnit> <Opcode : 'hadd' 'hsub'> <InPorts = 2> <OutPorts = 1>

State 87 <SV = 13> <Delay = 3.52>
ST_87 : Operation 319 [2/2] (3.52ns)   --->   "%tmp_52 = fpext half %tmp_51 to float" [main_5_slices.cpp:153->main_5_slices.cpp:275]   --->   Operation 319 'hptosp' 'tmp_52' <Predicate = true> <Delay = 3.52> <Core = "Half2Float">   --->   Core 93 'Half2Float' <Latency = 1> <II = 1> <Delay = 3.52> <FuncUnit> <Opcode : 'hptosp'> <InPorts = 1> <OutPorts = 1>

State 88 <SV = 14> <Delay = 3.52>
ST_88 : Operation 320 [1/2] (3.52ns)   --->   "%tmp_52 = fpext half %tmp_51 to float" [main_5_slices.cpp:153->main_5_slices.cpp:275]   --->   Operation 320 'hptosp' 'tmp_52' <Predicate = true> <Delay = 3.52> <Core = "Half2Float">   --->   Core 93 'Half2Float' <Latency = 1> <II = 1> <Delay = 3.52> <FuncUnit> <Opcode : 'hptosp'> <InPorts = 1> <OutPorts = 1>

State 89 <SV = 15> <Delay = 8.12>
ST_89 : Operation 321 [12/12] (8.12ns)   --->   "%tmp_53 = call float @llvm.sqrt.f32(float %tmp_52) nounwind" [main_5_slices.cpp:153->main_5_slices.cpp:275]   --->   Operation 321 'fsqrt' 'tmp_53' <Predicate = true> <Delay = 8.12> <Core = "FSqrt">   --->   Core 108 'FSqrt' <Latency = 11> <II = 1> <Delay = 8.12> <FuncUnit> <Opcode : 'fsqrt'> <InPorts = 1> <OutPorts = 1>

State 90 <SV = 16> <Delay = 8.12>
ST_90 : Operation 322 [11/12] (8.12ns)   --->   "%tmp_53 = call float @llvm.sqrt.f32(float %tmp_52) nounwind" [main_5_slices.cpp:153->main_5_slices.cpp:275]   --->   Operation 322 'fsqrt' 'tmp_53' <Predicate = true> <Delay = 8.12> <Core = "FSqrt">   --->   Core 108 'FSqrt' <Latency = 11> <II = 1> <Delay = 8.12> <FuncUnit> <Opcode : 'fsqrt'> <InPorts = 1> <OutPorts = 1>

State 91 <SV = 17> <Delay = 8.12>
ST_91 : Operation 323 [10/12] (8.12ns)   --->   "%tmp_53 = call float @llvm.sqrt.f32(float %tmp_52) nounwind" [main_5_slices.cpp:153->main_5_slices.cpp:275]   --->   Operation 323 'fsqrt' 'tmp_53' <Predicate = true> <Delay = 8.12> <Core = "FSqrt">   --->   Core 108 'FSqrt' <Latency = 11> <II = 1> <Delay = 8.12> <FuncUnit> <Opcode : 'fsqrt'> <InPorts = 1> <OutPorts = 1>

State 92 <SV = 18> <Delay = 8.12>
ST_92 : Operation 324 [9/12] (8.12ns)   --->   "%tmp_53 = call float @llvm.sqrt.f32(float %tmp_52) nounwind" [main_5_slices.cpp:153->main_5_slices.cpp:275]   --->   Operation 324 'fsqrt' 'tmp_53' <Predicate = true> <Delay = 8.12> <Core = "FSqrt">   --->   Core 108 'FSqrt' <Latency = 11> <II = 1> <Delay = 8.12> <FuncUnit> <Opcode : 'fsqrt'> <InPorts = 1> <OutPorts = 1>

State 93 <SV = 19> <Delay = 8.12>
ST_93 : Operation 325 [8/12] (8.12ns)   --->   "%tmp_53 = call float @llvm.sqrt.f32(float %tmp_52) nounwind" [main_5_slices.cpp:153->main_5_slices.cpp:275]   --->   Operation 325 'fsqrt' 'tmp_53' <Predicate = true> <Delay = 8.12> <Core = "FSqrt">   --->   Core 108 'FSqrt' <Latency = 11> <II = 1> <Delay = 8.12> <FuncUnit> <Opcode : 'fsqrt'> <InPorts = 1> <OutPorts = 1>

State 94 <SV = 20> <Delay = 8.12>
ST_94 : Operation 326 [7/12] (8.12ns)   --->   "%tmp_53 = call float @llvm.sqrt.f32(float %tmp_52) nounwind" [main_5_slices.cpp:153->main_5_slices.cpp:275]   --->   Operation 326 'fsqrt' 'tmp_53' <Predicate = true> <Delay = 8.12> <Core = "FSqrt">   --->   Core 108 'FSqrt' <Latency = 11> <II = 1> <Delay = 8.12> <FuncUnit> <Opcode : 'fsqrt'> <InPorts = 1> <OutPorts = 1>

State 95 <SV = 21> <Delay = 8.12>
ST_95 : Operation 327 [6/12] (8.12ns)   --->   "%tmp_53 = call float @llvm.sqrt.f32(float %tmp_52) nounwind" [main_5_slices.cpp:153->main_5_slices.cpp:275]   --->   Operation 327 'fsqrt' 'tmp_53' <Predicate = true> <Delay = 8.12> <Core = "FSqrt">   --->   Core 108 'FSqrt' <Latency = 11> <II = 1> <Delay = 8.12> <FuncUnit> <Opcode : 'fsqrt'> <InPorts = 1> <OutPorts = 1>

State 96 <SV = 22> <Delay = 8.12>
ST_96 : Operation 328 [5/12] (8.12ns)   --->   "%tmp_53 = call float @llvm.sqrt.f32(float %tmp_52) nounwind" [main_5_slices.cpp:153->main_5_slices.cpp:275]   --->   Operation 328 'fsqrt' 'tmp_53' <Predicate = true> <Delay = 8.12> <Core = "FSqrt">   --->   Core 108 'FSqrt' <Latency = 11> <II = 1> <Delay = 8.12> <FuncUnit> <Opcode : 'fsqrt'> <InPorts = 1> <OutPorts = 1>

State 97 <SV = 23> <Delay = 8.12>
ST_97 : Operation 329 [4/12] (8.12ns)   --->   "%tmp_53 = call float @llvm.sqrt.f32(float %tmp_52) nounwind" [main_5_slices.cpp:153->main_5_slices.cpp:275]   --->   Operation 329 'fsqrt' 'tmp_53' <Predicate = true> <Delay = 8.12> <Core = "FSqrt">   --->   Core 108 'FSqrt' <Latency = 11> <II = 1> <Delay = 8.12> <FuncUnit> <Opcode : 'fsqrt'> <InPorts = 1> <OutPorts = 1>

State 98 <SV = 24> <Delay = 8.12>
ST_98 : Operation 330 [2/2] (3.25ns)   --->   "%z1_load = load half* %z1_addr, align 2" [main_5_slices.cpp:153->main_5_slices.cpp:275]   --->   Operation 330 'load' 'z1_load' <Predicate = true> <Delay = 3.25> <Core = "RAM">   --->   Core 37 'RAM' <Latency = 1> <II = 1> <Delay = 3.25> <Storage> <Opcode : 'load' 'store'> <Ports = 2> <Width = 16> <Depth = 128> <RAM>
ST_98 : Operation 331 [3/12] (8.12ns)   --->   "%tmp_53 = call float @llvm.sqrt.f32(float %tmp_52) nounwind" [main_5_slices.cpp:153->main_5_slices.cpp:275]   --->   Operation 331 'fsqrt' 'tmp_53' <Predicate = true> <Delay = 8.12> <Core = "FSqrt">   --->   Core 108 'FSqrt' <Latency = 11> <II = 1> <Delay = 8.12> <FuncUnit> <Opcode : 'fsqrt'> <InPorts = 1> <OutPorts = 1>

State 99 <SV = 25> <Delay = 8.12>
ST_99 : Operation 332 [1/2] (3.25ns)   --->   "%z1_load = load half* %z1_addr, align 2" [main_5_slices.cpp:153->main_5_slices.cpp:275]   --->   Operation 332 'load' 'z1_load' <Predicate = true> <Delay = 3.25> <Core = "RAM">   --->   Core 37 'RAM' <Latency = 1> <II = 1> <Delay = 3.25> <Storage> <Opcode : 'load' 'store'> <Ports = 2> <Width = 16> <Depth = 128> <RAM>
ST_99 : Operation 333 [2/2] (3.52ns)   --->   "%tmp_50 = fpext half %z1_load to float" [main_5_slices.cpp:153->main_5_slices.cpp:275]   --->   Operation 333 'hptosp' 'tmp_50' <Predicate = true> <Delay = 3.52> <Core = "Half2Float">   --->   Core 93 'Half2Float' <Latency = 1> <II = 1> <Delay = 3.52> <FuncUnit> <Opcode : 'hptosp'> <InPorts = 1> <OutPorts = 1>
ST_99 : Operation 334 [2/12] (8.12ns)   --->   "%tmp_53 = call float @llvm.sqrt.f32(float %tmp_52) nounwind" [main_5_slices.cpp:153->main_5_slices.cpp:275]   --->   Operation 334 'fsqrt' 'tmp_53' <Predicate = true> <Delay = 8.12> <Core = "FSqrt">   --->   Core 108 'FSqrt' <Latency = 11> <II = 1> <Delay = 8.12> <FuncUnit> <Opcode : 'fsqrt'> <InPorts = 1> <OutPorts = 1>

State 100 <SV = 26> <Delay = 8.12>
ST_100 : Operation 335 [1/2] (3.52ns)   --->   "%tmp_50 = fpext half %z1_load to float" [main_5_slices.cpp:153->main_5_slices.cpp:275]   --->   Operation 335 'hptosp' 'tmp_50' <Predicate = true> <Delay = 3.52> <Core = "Half2Float">   --->   Core 93 'Half2Float' <Latency = 1> <II = 1> <Delay = 3.52> <FuncUnit> <Opcode : 'hptosp'> <InPorts = 1> <OutPorts = 1>
ST_100 : Operation 336 [1/12] (8.12ns)   --->   "%tmp_53 = call float @llvm.sqrt.f32(float %tmp_52) nounwind" [main_5_slices.cpp:153->main_5_slices.cpp:275]   --->   Operation 336 'fsqrt' 'tmp_53' <Predicate = true> <Delay = 8.12> <Core = "FSqrt">   --->   Core 108 'FSqrt' <Latency = 11> <II = 1> <Delay = 8.12> <FuncUnit> <Opcode : 'fsqrt'> <InPorts = 1> <OutPorts = 1>

State 101 <SV = 27> <Delay = 6.07>
ST_101 : Operation 337 [16/16] (6.07ns)   --->   "%tmp_54 = fdiv float %tmp_50, %tmp_53" [main_5_slices.cpp:153->main_5_slices.cpp:275]   --->   Operation 337 'fdiv' 'tmp_54' <Predicate = true> <Delay = 6.07> <Core = "FDiv">   --->   Core 107 'FDiv' <Latency = 15> <II = 1> <Delay = 6.07> <FuncUnit> <Opcode : 'fdiv' 'frem'> <InPorts = 2> <OutPorts = 1>

State 102 <SV = 28> <Delay = 6.07>
ST_102 : Operation 338 [15/16] (6.07ns)   --->   "%tmp_54 = fdiv float %tmp_50, %tmp_53" [main_5_slices.cpp:153->main_5_slices.cpp:275]   --->   Operation 338 'fdiv' 'tmp_54' <Predicate = true> <Delay = 6.07> <Core = "FDiv">   --->   Core 107 'FDiv' <Latency = 15> <II = 1> <Delay = 6.07> <FuncUnit> <Opcode : 'fdiv' 'frem'> <InPorts = 2> <OutPorts = 1>

State 103 <SV = 29> <Delay = 6.07>
ST_103 : Operation 339 [14/16] (6.07ns)   --->   "%tmp_54 = fdiv float %tmp_50, %tmp_53" [main_5_slices.cpp:153->main_5_slices.cpp:275]   --->   Operation 339 'fdiv' 'tmp_54' <Predicate = true> <Delay = 6.07> <Core = "FDiv">   --->   Core 107 'FDiv' <Latency = 15> <II = 1> <Delay = 6.07> <FuncUnit> <Opcode : 'fdiv' 'frem'> <InPorts = 2> <OutPorts = 1>

State 104 <SV = 30> <Delay = 6.07>
ST_104 : Operation 340 [13/16] (6.07ns)   --->   "%tmp_54 = fdiv float %tmp_50, %tmp_53" [main_5_slices.cpp:153->main_5_slices.cpp:275]   --->   Operation 340 'fdiv' 'tmp_54' <Predicate = true> <Delay = 6.07> <Core = "FDiv">   --->   Core 107 'FDiv' <Latency = 15> <II = 1> <Delay = 6.07> <FuncUnit> <Opcode : 'fdiv' 'frem'> <InPorts = 2> <OutPorts = 1>

State 105 <SV = 31> <Delay = 6.07>
ST_105 : Operation 341 [12/16] (6.07ns)   --->   "%tmp_54 = fdiv float %tmp_50, %tmp_53" [main_5_slices.cpp:153->main_5_slices.cpp:275]   --->   Operation 341 'fdiv' 'tmp_54' <Predicate = true> <Delay = 6.07> <Core = "FDiv">   --->   Core 107 'FDiv' <Latency = 15> <II = 1> <Delay = 6.07> <FuncUnit> <Opcode : 'fdiv' 'frem'> <InPorts = 2> <OutPorts = 1>

State 106 <SV = 32> <Delay = 6.07>
ST_106 : Operation 342 [11/16] (6.07ns)   --->   "%tmp_54 = fdiv float %tmp_50, %tmp_53" [main_5_slices.cpp:153->main_5_slices.cpp:275]   --->   Operation 342 'fdiv' 'tmp_54' <Predicate = true> <Delay = 6.07> <Core = "FDiv">   --->   Core 107 'FDiv' <Latency = 15> <II = 1> <Delay = 6.07> <FuncUnit> <Opcode : 'fdiv' 'frem'> <InPorts = 2> <OutPorts = 1>

State 107 <SV = 33> <Delay = 6.07>
ST_107 : Operation 343 [10/16] (6.07ns)   --->   "%tmp_54 = fdiv float %tmp_50, %tmp_53" [main_5_slices.cpp:153->main_5_slices.cpp:275]   --->   Operation 343 'fdiv' 'tmp_54' <Predicate = true> <Delay = 6.07> <Core = "FDiv">   --->   Core 107 'FDiv' <Latency = 15> <II = 1> <Delay = 6.07> <FuncUnit> <Opcode : 'fdiv' 'frem'> <InPorts = 2> <OutPorts = 1>

State 108 <SV = 34> <Delay = 6.07>
ST_108 : Operation 344 [9/16] (6.07ns)   --->   "%tmp_54 = fdiv float %tmp_50, %tmp_53" [main_5_slices.cpp:153->main_5_slices.cpp:275]   --->   Operation 344 'fdiv' 'tmp_54' <Predicate = true> <Delay = 6.07> <Core = "FDiv">   --->   Core 107 'FDiv' <Latency = 15> <II = 1> <Delay = 6.07> <FuncUnit> <Opcode : 'fdiv' 'frem'> <InPorts = 2> <OutPorts = 1>

State 109 <SV = 35> <Delay = 6.07>
ST_109 : Operation 345 [8/16] (6.07ns)   --->   "%tmp_54 = fdiv float %tmp_50, %tmp_53" [main_5_slices.cpp:153->main_5_slices.cpp:275]   --->   Operation 345 'fdiv' 'tmp_54' <Predicate = true> <Delay = 6.07> <Core = "FDiv">   --->   Core 107 'FDiv' <Latency = 15> <II = 1> <Delay = 6.07> <FuncUnit> <Opcode : 'fdiv' 'frem'> <InPorts = 2> <OutPorts = 1>

State 110 <SV = 36> <Delay = 6.07>
ST_110 : Operation 346 [7/16] (6.07ns)   --->   "%tmp_54 = fdiv float %tmp_50, %tmp_53" [main_5_slices.cpp:153->main_5_slices.cpp:275]   --->   Operation 346 'fdiv' 'tmp_54' <Predicate = true> <Delay = 6.07> <Core = "FDiv">   --->   Core 107 'FDiv' <Latency = 15> <II = 1> <Delay = 6.07> <FuncUnit> <Opcode : 'fdiv' 'frem'> <InPorts = 2> <OutPorts = 1>

State 111 <SV = 37> <Delay = 6.07>
ST_111 : Operation 347 [6/16] (6.07ns)   --->   "%tmp_54 = fdiv float %tmp_50, %tmp_53" [main_5_slices.cpp:153->main_5_slices.cpp:275]   --->   Operation 347 'fdiv' 'tmp_54' <Predicate = true> <Delay = 6.07> <Core = "FDiv">   --->   Core 107 'FDiv' <Latency = 15> <II = 1> <Delay = 6.07> <FuncUnit> <Opcode : 'fdiv' 'frem'> <InPorts = 2> <OutPorts = 1>

State 112 <SV = 38> <Delay = 6.07>
ST_112 : Operation 348 [5/16] (6.07ns)   --->   "%tmp_54 = fdiv float %tmp_50, %tmp_53" [main_5_slices.cpp:153->main_5_slices.cpp:275]   --->   Operation 348 'fdiv' 'tmp_54' <Predicate = true> <Delay = 6.07> <Core = "FDiv">   --->   Core 107 'FDiv' <Latency = 15> <II = 1> <Delay = 6.07> <FuncUnit> <Opcode : 'fdiv' 'frem'> <InPorts = 2> <OutPorts = 1>

State 113 <SV = 39> <Delay = 6.07>
ST_113 : Operation 349 [4/16] (6.07ns)   --->   "%tmp_54 = fdiv float %tmp_50, %tmp_53" [main_5_slices.cpp:153->main_5_slices.cpp:275]   --->   Operation 349 'fdiv' 'tmp_54' <Predicate = true> <Delay = 6.07> <Core = "FDiv">   --->   Core 107 'FDiv' <Latency = 15> <II = 1> <Delay = 6.07> <FuncUnit> <Opcode : 'fdiv' 'frem'> <InPorts = 2> <OutPorts = 1>

State 114 <SV = 40> <Delay = 6.07>
ST_114 : Operation 350 [3/16] (6.07ns)   --->   "%tmp_54 = fdiv float %tmp_50, %tmp_53" [main_5_slices.cpp:153->main_5_slices.cpp:275]   --->   Operation 350 'fdiv' 'tmp_54' <Predicate = true> <Delay = 6.07> <Core = "FDiv">   --->   Core 107 'FDiv' <Latency = 15> <II = 1> <Delay = 6.07> <FuncUnit> <Opcode : 'fdiv' 'frem'> <InPorts = 2> <OutPorts = 1>

State 115 <SV = 41> <Delay = 6.07>
ST_115 : Operation 351 [2/16] (6.07ns)   --->   "%tmp_54 = fdiv float %tmp_50, %tmp_53" [main_5_slices.cpp:153->main_5_slices.cpp:275]   --->   Operation 351 'fdiv' 'tmp_54' <Predicate = true> <Delay = 6.07> <Core = "FDiv">   --->   Core 107 'FDiv' <Latency = 15> <II = 1> <Delay = 6.07> <FuncUnit> <Opcode : 'fdiv' 'frem'> <InPorts = 2> <OutPorts = 1>

State 116 <SV = 42> <Delay = 6.07>
ST_116 : Operation 352 [1/16] (6.07ns)   --->   "%tmp_54 = fdiv float %tmp_50, %tmp_53" [main_5_slices.cpp:153->main_5_slices.cpp:275]   --->   Operation 352 'fdiv' 'tmp_54' <Predicate = true> <Delay = 6.07> <Core = "FDiv">   --->   Core 107 'FDiv' <Latency = 15> <II = 1> <Delay = 6.07> <FuncUnit> <Opcode : 'fdiv' 'frem'> <InPorts = 2> <OutPorts = 1>

State 117 <SV = 43> <Delay = 5.22>
ST_117 : Operation 353 [2/2] (5.22ns)   --->   "%n_5 = fptrunc float %tmp_54 to half" [main_5_slices.cpp:153->main_5_slices.cpp:275]   --->   Operation 353 'sptohp' 'n_5' <Predicate = true> <Delay = 5.22> <Core = "Float2Half">   --->   Core 94 'Float2Half' <Latency = 1> <II = 1> <Delay = 5.22> <FuncUnit> <Opcode : 'sptohp'> <InPorts = 1> <OutPorts = 1>

State 118 <SV = 44> <Delay = 5.22>
ST_118 : Operation 354 [1/2] (5.22ns)   --->   "%n_5 = fptrunc float %tmp_54 to half" [main_5_slices.cpp:153->main_5_slices.cpp:275]   --->   Operation 354 'sptohp' 'n_5' <Predicate = true> <Delay = 5.22> <Core = "Float2Half">   --->   Core 94 'Float2Half' <Latency = 1> <II = 1> <Delay = 5.22> <FuncUnit> <Opcode : 'sptohp'> <InPorts = 1> <OutPorts = 1>

State 119 <SV = 45> <Delay = 6.86>
ST_119 : Operation 355 [4/4] (6.86ns)   --->   "%tmp_55 = fmul half %fc_1_bn_gamma_load, %n_5" [main_5_slices.cpp:154->main_5_slices.cpp:275]   --->   Operation 355 'hmul' 'tmp_55' <Predicate = true> <Delay = 6.86> <Core = "HMul">   --->   Core 91 'HMul' <Latency = 3> <II = 1> <Delay = 6.86> <FuncUnit> <Opcode : 'hmul'> <InPorts = 2> <OutPorts = 1>

State 120 <SV = 46> <Delay = 6.86>
ST_120 : Operation 356 [3/4] (6.86ns)   --->   "%tmp_55 = fmul half %fc_1_bn_gamma_load, %n_5" [main_5_slices.cpp:154->main_5_slices.cpp:275]   --->   Operation 356 'hmul' 'tmp_55' <Predicate = true> <Delay = 6.86> <Core = "HMul">   --->   Core 91 'HMul' <Latency = 3> <II = 1> <Delay = 6.86> <FuncUnit> <Opcode : 'hmul'> <InPorts = 2> <OutPorts = 1>

State 121 <SV = 47> <Delay = 6.86>
ST_121 : Operation 357 [2/4] (6.86ns)   --->   "%tmp_55 = fmul half %fc_1_bn_gamma_load, %n_5" [main_5_slices.cpp:154->main_5_slices.cpp:275]   --->   Operation 357 'hmul' 'tmp_55' <Predicate = true> <Delay = 6.86> <Core = "HMul">   --->   Core 91 'HMul' <Latency = 3> <II = 1> <Delay = 6.86> <FuncUnit> <Opcode : 'hmul'> <InPorts = 2> <OutPorts = 1>

State 122 <SV = 48> <Delay = 6.86>
ST_122 : Operation 358 [1/4] (6.86ns)   --->   "%tmp_55 = fmul half %fc_1_bn_gamma_load, %n_5" [main_5_slices.cpp:154->main_5_slices.cpp:275]   --->   Operation 358 'hmul' 'tmp_55' <Predicate = true> <Delay = 6.86> <Core = "HMul">   --->   Core 91 'HMul' <Latency = 3> <II = 1> <Delay = 6.86> <FuncUnit> <Opcode : 'hmul'> <InPorts = 2> <OutPorts = 1>

State 123 <SV = 49> <Delay = 8.78>
ST_123 : Operation 359 [5/5] (8.78ns)   --->   "%tmp_56 = fadd half %tmp_55, 0x0" [main_5_slices.cpp:154->main_5_slices.cpp:275]   --->   Operation 359 'hadd' 'tmp_56' <Predicate = true> <Delay = 8.78> <Core = "HAddSub">   --->   Core 90 'HAddSub' <Latency = 4> <II = 1> <Delay = 7.61> <FuncUnit> <Opcode : 'hadd' 'hsub'> <InPorts = 2> <OutPorts = 1>

State 124 <SV = 50> <Delay = 7.61>
ST_124 : Operation 360 [4/5] (7.61ns)   --->   "%tmp_56 = fadd half %tmp_55, 0x0" [main_5_slices.cpp:154->main_5_slices.cpp:275]   --->   Operation 360 'hadd' 'tmp_56' <Predicate = true> <Delay = 7.61> <Core = "HAddSub">   --->   Core 90 'HAddSub' <Latency = 4> <II = 1> <Delay = 7.61> <FuncUnit> <Opcode : 'hadd' 'hsub'> <InPorts = 2> <OutPorts = 1>

State 125 <SV = 51> <Delay = 7.61>
ST_125 : Operation 361 [3/5] (7.61ns)   --->   "%tmp_56 = fadd half %tmp_55, 0x0" [main_5_slices.cpp:154->main_5_slices.cpp:275]   --->   Operation 361 'hadd' 'tmp_56' <Predicate = true> <Delay = 7.61> <Core = "HAddSub">   --->   Core 90 'HAddSub' <Latency = 4> <II = 1> <Delay = 7.61> <FuncUnit> <Opcode : 'hadd' 'hsub'> <InPorts = 2> <OutPorts = 1>

State 126 <SV = 52> <Delay = 7.61>
ST_126 : Operation 362 [2/5] (7.61ns)   --->   "%tmp_56 = fadd half %tmp_55, 0x0" [main_5_slices.cpp:154->main_5_slices.cpp:275]   --->   Operation 362 'hadd' 'tmp_56' <Predicate = true> <Delay = 7.61> <Core = "HAddSub">   --->   Core 90 'HAddSub' <Latency = 4> <II = 1> <Delay = 7.61> <FuncUnit> <Opcode : 'hadd' 'hsub'> <InPorts = 2> <OutPorts = 1>

State 127 <SV = 53> <Delay = 7.61>
ST_127 : Operation 363 [1/5] (7.61ns)   --->   "%tmp_56 = fadd half %tmp_55, 0x0" [main_5_slices.cpp:154->main_5_slices.cpp:275]   --->   Operation 363 'hadd' 'tmp_56' <Predicate = true> <Delay = 7.61> <Core = "HAddSub">   --->   Core 90 'HAddSub' <Latency = 4> <II = 1> <Delay = 7.61> <FuncUnit> <Opcode : 'hadd' 'hsub'> <InPorts = 2> <OutPorts = 1>

State 128 <SV = 54> <Delay = 3.25>
ST_128 : Operation 364 [1/1] (3.25ns)   --->   "store half %tmp_56, half* %z1_addr, align 2" [main_5_slices.cpp:154->main_5_slices.cpp:275]   --->   Operation 364 'store' <Predicate = true> <Delay = 3.25> <Core = "RAM">   --->   Core 37 'RAM' <Latency = 1> <II = 1> <Delay = 3.25> <Storage> <Opcode : 'load' 'store'> <Ports = 2> <Width = 16> <Depth = 128> <RAM>
ST_128 : Operation 365 [1/1] (0.00ns)   --->   "br label %dense_forward.1.exit" [main_5_slices.cpp:152->main_5_slices.cpp:275]   --->   Operation 365 'br' <Predicate = true> <Delay = 0.00>

State 129 <SV = 7> <Delay = 3.25>
ST_129 : Operation 366 [1/1] (0.00ns)   --->   "%j_1 = phi i8 [ %j_13, %_ifconv1 ], [ 0, %bn_vector.exit4.preheader ]"   --->   Operation 366 'phi' 'j_1' <Predicate = true> <Delay = 0.00>
ST_129 : Operation 367 [1/1] (1.55ns)   --->   "%icmp_ln276 = icmp eq i8 %j_1, -128" [main_5_slices.cpp:276]   --->   Operation 367 'icmp' 'icmp_ln276' <Predicate = true> <Delay = 1.55> <Core = "Cmp">   --->   Core 25 'Cmp' <Latency = 0> <II = 1> <Delay = 1.55> <FuncUnit> <Opcode : 'icmp'> <InPorts = 2> <OutPorts = 1>
ST_129 : Operation 368 [1/1] (0.00ns)   --->   "%empty_49 = call i32 (...)* @_ssdm_op_SpecLoopTripCount(i64 128, i64 128, i64 128) nounwind"   --->   Operation 368 'speclooptripcount' 'empty_49' <Predicate = true> <Delay = 0.00>
ST_129 : Operation 369 [1/1] (1.91ns)   --->   "%j_13 = add i8 %j_1, 1" [main_5_slices.cpp:276]   --->   Operation 369 'add' 'j_13' <Predicate = true> <Delay = 1.91> <Core = "AddSub">   --->   Core 14 'AddSub' <Latency = 0> <II = 1> <Delay = 1.91> <FuncUnit> <Opcode : 'add' 'sub'> <InPorts = 2> <OutPorts = 1>
ST_129 : Operation 370 [1/1] (0.00ns)   --->   "br i1 %icmp_ln276, label %10, label %_ifconv1" [main_5_slices.cpp:276]   --->   Operation 370 'br' <Predicate = true> <Delay = 0.00>
ST_129 : Operation 371 [1/1] (0.00ns)   --->   "%zext_ln276 = zext i8 %j_1 to i64" [main_5_slices.cpp:276]   --->   Operation 371 'zext' 'zext_ln276' <Predicate = (!icmp_ln276)> <Delay = 0.00>
ST_129 : Operation 372 [1/1] (0.00ns)   --->   "%z1_addr_1 = getelementptr inbounds [128 x half]* %z1, i64 0, i64 %zext_ln276" [main_5_slices.cpp:276]   --->   Operation 372 'getelementptr' 'z1_addr_1' <Predicate = (!icmp_ln276)> <Delay = 0.00>
ST_129 : Operation 373 [2/2] (3.25ns)   --->   "%z1_load_1 = load half* %z1_addr_1, align 2" [main_5_slices.cpp:276]   --->   Operation 373 'load' 'z1_load_1' <Predicate = (!icmp_ln276)> <Delay = 3.25> <Core = "RAM">   --->   Core 37 'RAM' <Latency = 1> <II = 1> <Delay = 3.25> <Storage> <Opcode : 'load' 'store'> <Ports = 2> <Width = 16> <Depth = 128> <RAM>
ST_129 : Operation 374 [1/1] (0.00ns)   --->   "ret i32 0" [main_5_slices.cpp:283]   --->   Operation 374 'ret' <Predicate = (icmp_ln276)> <Delay = 0.00>

State 130 <SV = 8> <Delay = 8.44>
ST_130 : Operation 375 [1/2] (3.25ns)   --->   "%z1_load_1 = load half* %z1_addr_1, align 2" [main_5_slices.cpp:276]   --->   Operation 375 'load' 'z1_load_1' <Predicate = true> <Delay = 3.25> <Core = "RAM">   --->   Core 37 'RAM' <Latency = 1> <II = 1> <Delay = 3.25> <Storage> <Opcode : 'load' 'store'> <Ports = 2> <Width = 16> <Depth = 128> <RAM>
ST_130 : Operation 376 [2/2] (5.18ns)   --->   "%tmp_57 = fcmp ogt half %z1_load_1, 0x0" [main_5_slices.cpp:46->main_5_slices.cpp:276]   --->   Operation 376 'hcmp' 'tmp_57' <Predicate = true> <Delay = 5.18> <Core = "HCmp">   --->   Core 98 'HCmp' <Latency = 1> <II = 1> <Delay = 5.18> <FuncUnit> <Opcode : 'hcmp'> <InPorts = 2> <OutPorts = 1>

State 131 <SV = 9> <Delay = 5.99>
ST_131 : Operation 377 [1/2] (5.18ns)   --->   "%tmp_57 = fcmp ogt half %z1_load_1, 0x0" [main_5_slices.cpp:46->main_5_slices.cpp:276]   --->   Operation 377 'hcmp' 'tmp_57' <Predicate = true> <Delay = 5.18> <Core = "HCmp">   --->   Core 98 'HCmp' <Latency = 1> <II = 1> <Delay = 5.18> <FuncUnit> <Opcode : 'hcmp'> <InPorts = 2> <OutPorts = 1>
ST_131 : Operation 378 [1/1] (0.80ns)   --->   "%select_ln46_1 = select i1 %tmp_57, half %z1_load_1, half 0x0" [main_5_slices.cpp:46->main_5_slices.cpp:276]   --->   Operation 378 'select' 'select_ln46_1' <Predicate = true> <Delay = 0.80> <Core = "Sel">   --->   Core 26 'Sel' <Latency = 0> <II = 1> <Delay = 0.80> <FuncUnit> <Opcode : 'select'> <InPorts = 3> <OutPorts = 1>

State 132 <SV = 10> <Delay = 3.25>
ST_132 : Operation 379 [1/1] (3.25ns)   --->   "store half %select_ln46_1, half* %z1_addr_1, align 2" [main_5_slices.cpp:276]   --->   Operation 379 'store' <Predicate = true> <Delay = 3.25> <Core = "RAM">   --->   Core 37 'RAM' <Latency = 1> <II = 1> <Delay = 3.25> <Storage> <Opcode : 'load' 'store'> <Ports = 2> <Width = 16> <Depth = 128> <RAM>
ST_132 : Operation 380 [1/1] (0.00ns)   --->   "br label %bn_vector.exit4" [main_5_slices.cpp:276]   --->   Operation 380 'br' <Predicate = true> <Delay = 0.00>


============================================================
+ Verbose Summary: Binding
============================================================
STG Binding: 
---------------- STG Properties BEGIN ----------------
- Is combinational: 0
- Is one-state seq: 0
- Is datapath-only: 0
- Is pipelined: 0
- Is top level: 1
Port [ Return ] is wired: 1; IO mode=ap_ctrl_hs:ce=0
Port [ X_slice]:  wired=0; compound=1; hidden=1; nouse=1; global=1; static=1; extern=0; dir=0; type=1; pingpong=0; private_global=0; linkage=7; visibility=0; MemPort=[1]; IO mode=ap_memory:ce=0
Port [ ConvW0]:  wired=0; compound=1; hidden=1; nouse=1; global=1; static=1; extern=0; dir=0; type=1; pingpong=0; private_global=0; linkage=7; visibility=0; MemPort=[1]; IO mode=ap_memory:ce=0
Port [ a_bn]:  wired=0; compound=1; hidden=1; nouse=1; global=1; static=1; extern=0; dir=0; type=1; pingpong=0; private_global=0; linkage=7; visibility=0; MemPort=[1]; IO mode=ap_memory:ce=0
Port [ U_slice]:  wired=0; compound=1; hidden=1; nouse=1; global=1; static=1; extern=0; dir=2; type=1; pingpong=0; private_global=0; linkage=7; visibility=0; MemPort=[23]; IO mode=ap_memory:ce=0
Port [ c_slice]:  wired=0; compound=1; hidden=1; nouse=1; global=1; static=1; extern=0; dir=2; type=1; pingpong=0; private_global=0; linkage=7; visibility=0; MemPort=[23]; IO mode=ap_memory:ce=0
Port [ table_exp_Z1_array_s]:  wired=0; compound=1; hidden=1; nouse=1; global=1; static=1; extern=0; dir=0; type=1; pingpong=0; private_global=0; linkage=7; visibility=0; MemPort=[1]; IO mode=ap_memory:ce=0
Port [ table_f_Z3_array_V]:  wired=0; compound=1; hidden=1; nouse=1; global=1; static=1; extern=0; dir=0; type=1; pingpong=0; private_global=0; linkage=7; visibility=0; MemPort=[11]; IO mode=ap_memory:ce=0
Port [ table_f_Z2_array_V]:  wired=0; compound=1; hidden=1; nouse=1; global=1; static=1; extern=0; dir=0; type=1; pingpong=0; private_global=0; linkage=7; visibility=0; MemPort=[1]; IO mode=ap_memory:ce=0
Port [ LSTM_W_ifog0]:  wired=0; compound=1; hidden=1; nouse=1; global=1; static=1; extern=0; dir=0; type=1; pingpong=0; private_global=0; linkage=7; visibility=0; MemPort=[13]; IO mode=ap_memory:ce=0
Port [ LSTM_R_ifog0]:  wired=0; compound=1; hidden=1; nouse=1; global=1; static=1; extern=0; dir=0; type=1; pingpong=0; private_global=0; linkage=7; visibility=0; MemPort=[13]; IO mode=ap_memory:ce=0
Port [ LSTM_b_ifog0]:  wired=0; compound=1; hidden=1; nouse=1; global=1; static=1; extern=0; dir=0; type=1; pingpong=0; private_global=0; linkage=7; visibility=0; MemPort=[13]; IO mode=ap_memory:ce=0
Port [ h_slice]:  wired=0; compound=1; hidden=1; nouse=1; global=1; static=1; extern=0; dir=2; type=1; pingpong=0; private_global=0; linkage=7; visibility=0; MemPort=[23]; IO mode=ap_memory:ce=0
Port [ BN2_var0]:  wired=0; compound=1; hidden=1; nouse=1; global=1; static=1; extern=0; dir=0; type=1; pingpong=0; private_global=0; linkage=7; visibility=0; MemPort=[1]; IO mode=ap_memory:ce=0
Port [ BN2_gamma0]:  wired=0; compound=1; hidden=1; nouse=1; global=1; static=1; extern=0; dir=0; type=1; pingpong=0; private_global=0; linkage=7; visibility=0; MemPort=[1]; IO mode=ap_memory:ce=0
Port [ X_slice1]:  wired=0; compound=1; hidden=1; nouse=1; global=1; static=1; extern=0; dir=0; type=1; pingpong=0; private_global=0; linkage=7; visibility=0; MemPort=[1]; IO mode=ap_memory:ce=0
Port [ ConvW1]:  wired=0; compound=1; hidden=1; nouse=1; global=1; static=1; extern=0; dir=0; type=1; pingpong=0; private_global=0; linkage=7; visibility=0; MemPort=[1]; IO mode=ap_memory:ce=0
Port [ LSTM_W_ifog1]:  wired=0; compound=1; hidden=1; nouse=1; global=1; static=1; extern=0; dir=0; type=1; pingpong=0; private_global=0; linkage=7; visibility=0; MemPort=[13]; IO mode=ap_memory:ce=0
Port [ LSTM_R_ifog1]:  wired=0; compound=1; hidden=1; nouse=1; global=1; static=1; extern=0; dir=0; type=1; pingpong=0; private_global=0; linkage=7; visibility=0; MemPort=[13]; IO mode=ap_memory:ce=0
Port [ LSTM_b_ifog1]:  wired=0; compound=1; hidden=1; nouse=1; global=1; static=1; extern=0; dir=0; type=1; pingpong=0; private_global=0; linkage=7; visibility=0; MemPort=[13]; IO mode=ap_memory:ce=0
Port [ BN2_var1]:  wired=0; compound=1; hidden=1; nouse=1; global=1; static=1; extern=0; dir=0; type=1; pingpong=0; private_global=0; linkage=7; visibility=0; MemPort=[1]; IO mode=ap_memory:ce=0
Port [ BN2_gamma1]:  wired=0; compound=1; hidden=1; nouse=1; global=1; static=1; extern=0; dir=0; type=1; pingpong=0; private_global=0; linkage=7; visibility=0; MemPort=[1]; IO mode=ap_memory:ce=0
Port [ X_slice2]:  wired=0; compound=1; hidden=1; nouse=1; global=1; static=1; extern=0; dir=0; type=1; pingpong=0; private_global=0; linkage=7; visibility=0; MemPort=[1]; IO mode=ap_memory:ce=0
Port [ ConvW2]:  wired=0; compound=1; hidden=1; nouse=1; global=1; static=1; extern=0; dir=0; type=1; pingpong=0; private_global=0; linkage=7; visibility=0; MemPort=[1]; IO mode=ap_memory:ce=0
Port [ LSTM_W_ifog2]:  wired=0; compound=1; hidden=1; nouse=1; global=1; static=1; extern=0; dir=0; type=1; pingpong=0; private_global=0; linkage=7; visibility=0; MemPort=[13]; IO mode=ap_memory:ce=0
Port [ LSTM_R_ifog2]:  wired=0; compound=1; hidden=1; nouse=1; global=1; static=1; extern=0; dir=0; type=1; pingpong=0; private_global=0; linkage=7; visibility=0; MemPort=[13]; IO mode=ap_memory:ce=0
Port [ LSTM_b_ifog2]:  wired=0; compound=1; hidden=1; nouse=1; global=1; static=1; extern=0; dir=0; type=1; pingpong=0; private_global=0; linkage=7; visibility=0; MemPort=[13]; IO mode=ap_memory:ce=0
Port [ BN2_var2]:  wired=0; compound=1; hidden=1; nouse=1; global=1; static=1; extern=0; dir=0; type=1; pingpong=0; private_global=0; linkage=7; visibility=0; MemPort=[1]; IO mode=ap_memory:ce=0
Port [ BN2_gamma2]:  wired=0; compound=1; hidden=1; nouse=1; global=1; static=1; extern=0; dir=0; type=1; pingpong=0; private_global=0; linkage=7; visibility=0; MemPort=[1]; IO mode=ap_memory:ce=0
Port [ X_slice3]:  wired=0; compound=1; hidden=1; nouse=1; global=1; static=1; extern=0; dir=0; type=1; pingpong=0; private_global=0; linkage=7; visibility=0; MemPort=[1]; IO mode=ap_memory:ce=0
Port [ ConvW3]:  wired=0; compound=1; hidden=1; nouse=1; global=1; static=1; extern=0; dir=0; type=1; pingpong=0; private_global=0; linkage=7; visibility=0; MemPort=[1]; IO mode=ap_memory:ce=0
Port [ LSTM_W_ifog3]:  wired=0; compound=1; hidden=1; nouse=1; global=1; static=1; extern=0; dir=0; type=1; pingpong=0; private_global=0; linkage=7; visibility=0; MemPort=[13]; IO mode=ap_memory:ce=0
Port [ LSTM_R_ifog3]:  wired=0; compound=1; hidden=1; nouse=1; global=1; static=1; extern=0; dir=0; type=1; pingpong=0; private_global=0; linkage=7; visibility=0; MemPort=[13]; IO mode=ap_memory:ce=0
Port [ LSTM_b_ifog3]:  wired=0; compound=1; hidden=1; nouse=1; global=1; static=1; extern=0; dir=0; type=1; pingpong=0; private_global=0; linkage=7; visibility=0; MemPort=[13]; IO mode=ap_memory:ce=0
Port [ BN2_var3]:  wired=0; compound=1; hidden=1; nouse=1; global=1; static=1; extern=0; dir=0; type=1; pingpong=0; private_global=0; linkage=7; visibility=0; MemPort=[1]; IO mode=ap_memory:ce=0
Port [ BN2_gamma3]:  wired=0; compound=1; hidden=1; nouse=1; global=1; static=1; extern=0; dir=0; type=1; pingpong=0; private_global=0; linkage=7; visibility=0; MemPort=[1]; IO mode=ap_memory:ce=0
Port [ tokens4]:  wired=0; compound=1; hidden=1; nouse=1; global=1; static=1; extern=0; dir=0; type=1; pingpong=0; private_global=0; linkage=7; visibility=0; MemPort=[1]; IO mode=ap_memory:ce=0
Port [ Emb4]:  wired=0; compound=1; hidden=1; nouse=1; global=1; static=1; extern=0; dir=0; type=1; pingpong=0; private_global=0; linkage=7; visibility=0; MemPort=[1]; IO mode=ap_memory:ce=0
Port [ ConvW4]:  wired=0; compound=1; hidden=1; nouse=1; global=1; static=1; extern=0; dir=0; type=1; pingpong=0; private_global=0; linkage=7; visibility=0; MemPort=[1]; IO mode=ap_memory:ce=0
Port [ LSTM_W_ifog4]:  wired=0; compound=1; hidden=1; nouse=1; global=1; static=1; extern=0; dir=0; type=1; pingpong=0; private_global=0; linkage=7; visibility=0; MemPort=[13]; IO mode=ap_memory:ce=0
Port [ LSTM_R_ifog4]:  wired=0; compound=1; hidden=1; nouse=1; global=1; static=1; extern=0; dir=0; type=1; pingpong=0; private_global=0; linkage=7; visibility=0; MemPort=[13]; IO mode=ap_memory:ce=0
Port [ LSTM_b_ifog4]:  wired=0; compound=1; hidden=1; nouse=1; global=1; static=1; extern=0; dir=0; type=1; pingpong=0; private_global=0; linkage=7; visibility=0; MemPort=[13]; IO mode=ap_memory:ce=0
Port [ BN2_var4]:  wired=0; compound=1; hidden=1; nouse=1; global=1; static=1; extern=0; dir=0; type=1; pingpong=0; private_global=0; linkage=7; visibility=0; MemPort=[1]; IO mode=ap_memory:ce=0
Port [ BN2_gamma4]:  wired=0; compound=1; hidden=1; nouse=1; global=1; static=1; extern=0; dir=0; type=1; pingpong=0; private_global=0; linkage=7; visibility=0; MemPort=[1]; IO mode=ap_memory:ce=0
Port [ fc_0_W]:  wired=0; compound=1; hidden=1; nouse=0; global=1; static=1; extern=0; dir=0; type=1; pingpong=0; private_global=1; linkage=7; visibility=0; MemPort=[1]; IO mode=ap_memory:ce=0
Port [ fc_0_bn_var]:  wired=0; compound=1; hidden=1; nouse=0; global=1; static=1; extern=0; dir=0; type=1; pingpong=0; private_global=1; linkage=7; visibility=0; MemPort=[1]; IO mode=ap_memory:ce=0
Port [ fc_0_bn_gamma]:  wired=0; compound=1; hidden=1; nouse=0; global=1; static=1; extern=0; dir=0; type=1; pingpong=0; private_global=1; linkage=7; visibility=0; MemPort=[1]; IO mode=ap_memory:ce=0
Port [ fc_1_W]:  wired=0; compound=1; hidden=1; nouse=0; global=1; static=1; extern=0; dir=0; type=1; pingpong=0; private_global=1; linkage=7; visibility=0; MemPort=[1]; IO mode=ap_memory:ce=0
Port [ fc_1_bn_var]:  wired=0; compound=1; hidden=1; nouse=0; global=1; static=1; extern=0; dir=0; type=1; pingpong=0; private_global=1; linkage=7; visibility=0; MemPort=[1]; IO mode=ap_memory:ce=0
Port [ fc_1_bn_gamma]:  wired=0; compound=1; hidden=1; nouse=0; global=1; static=1; extern=0; dir=0; type=1; pingpong=0; private_global=1; linkage=7; visibility=0; MemPort=[1]; IO mode=ap_memory:ce=0
---------------- STG Properties END ------------------

---------------- Datapath Model BEGIN ----------------

<LifeTime>
<method=bitvector/>
merged              (alloca           ) [ 0011111111111110000000000000000000000000000000000000000000000000000000000000000000000000000000000000000000000000000000000000000000000]
z0                  (alloca           ) [ 0011111111111111111111111111111111111111111111111111111111111111111111111111111100000000000000000000000000000000000000000000000000000]
z1                  (alloca           ) [ 0011111111111111111111111111111111111111111111111111111111111111111111111111111111111111111111111111111111111111111111111111111111111]
specbitsmap_ln0     (specbitsmap      ) [ 0000000000000000000000000000000000000000000000000000000000000000000000000000000000000000000000000000000000000000000000000000000000000]
spectopmodule_ln260 (spectopmodule    ) [ 0000000000000000000000000000000000000000000000000000000000000000000000000000000000000000000000000000000000000000000000000000000000000]
call_ln263          (call             ) [ 0000000000000000000000000000000000000000000000000000000000000000000000000000000000000000000000000000000000000000000000000000000000000]
br_ln162            (br               ) [ 0011111111111110000000000000000000000000000000000000000000000000000000000000000000000000000000000000000000000000000000000000000000000]
j_0_i               (phi              ) [ 0001000000000000000000000000000000000000000000000000000000000000000000000000000000000000000000000000000000000000000000000000000000000]
j_0_i_cast5         (zext             ) [ 0000111111111110000000000000000000000000000000000000000000000000000000000000000000000000000000000000000000000000000000000000000000000]
empty               (speclooptripcount) [ 0000000000000000000000000000000000000000000000000000000000000000000000000000000000000000000000000000000000000000000000000000000000000]
icmp_ln162          (icmp             ) [ 0001111111111110000000000000000000000000000000000000000000000000000000000000000000000000000000000000000000000000000000000000000000000]
j_11                (add              ) [ 0011111111111110000000000000000000000000000000000000000000000000000000000000000000000000000000000000000000000000000000000000000000000]
br_ln162            (br               ) [ 0000000000000000000000000000000000000000000000000000000000000000000000000000000000000000000000000000000000000000000000000000000000000]
zext_ln163          (zext             ) [ 0000111111111110000000000000000000000000000000000000000000000000000000000000000000000000000000000000000000000000000000000000000000000]
br_ln164            (br               ) [ 0001111111111110000000000000000000000000000000000000000000000000000000000000000000000000000000000000000000000000000000000000000000000]
br_ln152            (br               ) [ 0001111111111111111111111111111111111111111111111111111111111111000000000000000000000000000000000000000000000000000000000000000000000]
acc_0_i             (phi              ) [ 0000111111111110000000000000000000000000000000000000000000000000000000000000000000000000000000000000000000000000000000000000000000000]
i_0_i               (phi              ) [ 0000100000000000000000000000000000000000000000000000000000000000000000000000000000000000000000000000000000000000000000000000000000000]
empty_43            (speclooptripcount) [ 0000000000000000000000000000000000000000000000000000000000000000000000000000000000000000000000000000000000000000000000000000000000000]
icmp_ln164          (icmp             ) [ 0001111111111110000000000000000000000000000000000000000000000000000000000000000000000000000000000000000000000000000000000000000000000]
i                   (add              ) [ 0001111111111110000000000000000000000000000000000000000000000000000000000000000000000000000000000000000000000000000000000000000000000]
br_ln164            (br               ) [ 0000000000000000000000000000000000000000000000000000000000000000000000000000000000000000000000000000000000000000000000000000000000000]
zext_ln165          (zext             ) [ 0000000000000000000000000000000000000000000000000000000000000000000000000000000000000000000000000000000000000000000000000000000000000]
merged_addr         (getelementptr    ) [ 0000010000000000000000000000000000000000000000000000000000000000000000000000000000000000000000000000000000000000000000000000000000000]
trunc_ln165         (trunc            ) [ 0000000000000000000000000000000000000000000000000000000000000000000000000000000000000000000000000000000000000000000000000000000000000]
shl_ln              (bitconcatenate   ) [ 0000000000000000000000000000000000000000000000000000000000000000000000000000000000000000000000000000000000000000000000000000000000000]
add_ln165           (add              ) [ 0000000000000000000000000000000000000000000000000000000000000000000000000000000000000000000000000000000000000000000000000000000000000]
zext_ln165_1        (zext             ) [ 0000000000000000000000000000000000000000000000000000000000000000000000000000000000000000000000000000000000000000000000000000000000000]
fc_0_W_addr         (getelementptr    ) [ 0000010000000000000000000000000000000000000000000000000000000000000000000000000000000000000000000000000000000000000000000000000000000]
z0_addr_1           (getelementptr    ) [ 0000000000000000000000000000000000000000000000000000000000000000000000000000000000000000000000000000000000000000000000000000000000000]
store_ln167         (store            ) [ 0000000000000000000000000000000000000000000000000000000000000000000000000000000000000000000000000000000000000000000000000000000000000]
br_ln162            (br               ) [ 0011111111111110000000000000000000000000000000000000000000000000000000000000000000000000000000000000000000000000000000000000000000000]
merged_load         (load             ) [ 0000001111000000000000000000000000000000000000000000000000000000000000000000000000000000000000000000000000000000000000000000000000000]
fc_0_W_load         (load             ) [ 0000001111000000000000000000000000000000000000000000000000000000000000000000000000000000000000000000000000000000000000000000000000000]
tmp_i               (hmul             ) [ 0000000000111110000000000000000000000000000000000000000000000000000000000000000000000000000000000000000000000000000000000000000000000]
acc                 (hadd             ) [ 0001111111111110000000000000000000000000000000000000000000000000000000000000000000000000000000000000000000000000000000000000000000000]
br_ln164            (br               ) [ 0001111111111110000000000000000000000000000000000000000000000000000000000000000000000000000000000000000000000000000000000000000000000]
c_0_i               (phi              ) [ 0000000000000001000000000000000000000000000000000000000000000000000000000000000000000000000000000000000000000000000000000000000000000]
icmp_ln152          (icmp             ) [ 0000000000000001111111111111111111111111111111111111111111111111000000000000000000000000000000000000000000000000000000000000000000000]
empty_44            (speclooptripcount) [ 0000000000000000000000000000000000000000000000000000000000000000000000000000000000000000000000000000000000000000000000000000000000000]
c                   (add              ) [ 0001000000000001111111111111111111111111111111111111111111111111000000000000000000000000000000000000000000000000000000000000000000000]
br_ln152            (br               ) [ 0000000000000000000000000000000000000000000000000000000000000000000000000000000000000000000000000000000000000000000000000000000000000]
zext_ln153          (zext             ) [ 0000000000000000000000000000000000000000000000000000000000000000000000000000000000000000000000000000000000000000000000000000000000000]
z0_addr             (getelementptr    ) [ 0000000000000000111111111111111111111111111111111111111111111111000000000000000000000000000000000000000000000000000000000000000000000]
fc_0_bn_var_addr    (getelementptr    ) [ 0000000000000000100000000000000000000000000000000000000000000000000000000000000000000000000000000000000000000000000000000000000000000]
fc_0_bn_gamma_addr  (getelementptr    ) [ 0000000000000000100000000000000000000000000000000000000000000000000000000000000000000000000000000000000000000000000000000000000000000]
br_ln271            (br               ) [ 0000000000000001111111111111111111111111111111111111111111111111111100000000000000000000000000000000000000000000000000000000000000000]
fc_0_bn_var_load    (load             ) [ 0000000000000000011111000000000000000000000000000000000000000000000000000000000000000000000000000000000000000000000000000000000000000]
fc_0_bn_gamma_load  (load             ) [ 0000000000000000011111111111111111111111111111111111111111000000000000000000000000000000000000000000000000000000000000000000000000000]
tmp_s               (hadd             ) [ 0000000000000000000000110000000000000000000000000000000000000000000000000000000000000000000000000000000000000000000000000000000000000]
tmp_44              (hptosp           ) [ 0000000000000000000000001111111111110000000000000000000000000000000000000000000000000000000000000000000000000000000000000000000000000]
z0_load             (load             ) [ 0000000000000000000000000000000000010000000000000000000000000000000000000000000000000000000000000000000000000000000000000000000000000]
tmp                 (hptosp           ) [ 0000000000000000000000000000000000001111111111111111000000000000000000000000000000000000000000000000000000000000000000000000000000000]
tmp_45              (fsqrt            ) [ 0000000000000000000000000000000000001111111111111111000000000000000000000000000000000000000000000000000000000000000000000000000000000]
tmp_46              (fdiv             ) [ 0000000000000000000000000000000000000000000000000000110000000000000000000000000000000000000000000000000000000000000000000000000000000]
n                   (sptohp           ) [ 0000000000000000000000000000000000000000000000000000001111000000000000000000000000000000000000000000000000000000000000000000000000000]
tmp_47              (hmul             ) [ 0000000000000000000000000000000000000000000000000000000000111110000000000000000000000000000000000000000000000000000000000000000000000]
tmp_48              (hadd             ) [ 0000000000000000000000000000000000000000000000000000000000000001000000000000000000000000000000000000000000000000000000000000000000000]
store_ln154         (store            ) [ 0000000000000000000000000000000000000000000000000000000000000000000000000000000000000000000000000000000000000000000000000000000000000]
br_ln152            (br               ) [ 0001000000000001111111111111111111111111111111111111111111111111000000000000000000000000000000000000000000000000000000000000000000000]
j_0                 (phi              ) [ 0000000000000000000000000000000000000000000000000000000000000000100000000000000000000000000000000000000000000000000000000000000000000]
icmp_ln271          (icmp             ) [ 0000000000000000000000000000000000000000000000000000000000000000111100000000000000000000000000000000000000000000000000000000000000000]
empty_45            (speclooptripcount) [ 0000000000000000000000000000000000000000000000000000000000000000000000000000000000000000000000000000000000000000000000000000000000000]
j                   (add              ) [ 0000000000000001000000000000000000000000000000000000000000000000111100000000000000000000000000000000000000000000000000000000000000000]
br_ln271            (br               ) [ 0000000000000000000000000000000000000000000000000000000000000000000000000000000000000000000000000000000000000000000000000000000000000]
zext_ln271          (zext             ) [ 0000000000000000000000000000000000000000000000000000000000000000000000000000000000000000000000000000000000000000000000000000000000000]
z0_addr_2           (getelementptr    ) [ 0000000000000000000000000000000000000000000000000000000000000000011100000000000000000000000000000000000000000000000000000000000000000]
br_ln0              (br               ) [ 0000000000000000000000000000000000000000000000000000000000000000111111111111111100000000000000000000000000000000000000000000000000000]
z0_load_1           (load             ) [ 0000000000000000000000000000000000000000000000000000000000000000001000000000000000000000000000000000000000000000000000000000000000000]
tmp_49              (hcmp             ) [ 0000000000000000000000000000000000000000000000000000000000000000000000000000000000000000000000000000000000000000000000000000000000000]
select_ln46         (select           ) [ 0000000000000000000000000000000000000000000000000000000000000000000100000000000000000000000000000000000000000000000000000000000000000]
store_ln271         (store            ) [ 0000000000000000000000000000000000000000000000000000000000000000000000000000000000000000000000000000000000000000000000000000000000000]
br_ln271            (br               ) [ 0000000000000001000000000000000000000000000000000000000000000000111100000000000000000000000000000000000000000000000000000000000000000]
j_0_i4              (phi              ) [ 0000000000000000000000000000000000000000000000000000000000000000000010000000000000000000000000000000000000000000000000000000000000000]
j_0_i4_cast3        (zext             ) [ 0000000000000000000000000000000000000000000000000000000000000000000001111111111100000000000000000000000000000000000000000000000000000]
empty_46            (speclooptripcount) [ 0000000000000000000000000000000000000000000000000000000000000000000000000000000000000000000000000000000000000000000000000000000000000]
icmp_ln162_1        (icmp             ) [ 0000000000000000000000000000000000000000000000000000000000000000000011111111111100000000000000000000000000000000000000000000000000000]
j_12                (add              ) [ 0000000000000000000000000000000000000000000000000000000000000000100011111111111100000000000000000000000000000000000000000000000000000]
br_ln162            (br               ) [ 0000000000000000000000000000000000000000000000000000000000000000000000000000000000000000000000000000000000000000000000000000000000000]
zext_ln163_1        (zext             ) [ 0000000000000000000000000000000000000000000000000000000000000000000001111111111100000000000000000000000000000000000000000000000000000]
br_ln164            (br               ) [ 0000000000000000000000000000000000000000000000000000000000000000000011111111111100000000000000000000000000000000000000000000000000000]
br_ln152            (br               ) [ 0000000000000000000000000000000000000000000000000000000000000000000011111111111111111111111111111111111111111111111111111111111110000]
acc_0_i10           (phi              ) [ 0000000000000000000000000000000000000000000000000000000000000000000001111111111100000000000000000000000000000000000000000000000000000]
i_0_i11             (phi              ) [ 0000000000000000000000000000000000000000000000000000000000000000000001000000000000000000000000000000000000000000000000000000000000000]
empty_47            (speclooptripcount) [ 0000000000000000000000000000000000000000000000000000000000000000000000000000000000000000000000000000000000000000000000000000000000000]
icmp_ln164_1        (icmp             ) [ 0000000000000000000000000000000000000000000000000000000000000000000011111111111100000000000000000000000000000000000000000000000000000]
i_1                 (add              ) [ 0000000000000000000000000000000000000000000000000000000000000000000011111111111100000000000000000000000000000000000000000000000000000]
br_ln164            (br               ) [ 0000000000000000000000000000000000000000000000000000000000000000000000000000000000000000000000000000000000000000000000000000000000000]
zext_ln165_2        (zext             ) [ 0000000000000000000000000000000000000000000000000000000000000000000000000000000000000000000000000000000000000000000000000000000000000]
z0_addr_3           (getelementptr    ) [ 0000000000000000000000000000000000000000000000000000000000000000000000100000000000000000000000000000000000000000000000000000000000000]
trunc_ln165_1       (trunc            ) [ 0000000000000000000000000000000000000000000000000000000000000000000000000000000000000000000000000000000000000000000000000000000000000]
shl_ln165_1         (bitconcatenate   ) [ 0000000000000000000000000000000000000000000000000000000000000000000000000000000000000000000000000000000000000000000000000000000000000]
add_ln165_1         (add              ) [ 0000000000000000000000000000000000000000000000000000000000000000000000000000000000000000000000000000000000000000000000000000000000000]
zext_ln165_3        (zext             ) [ 0000000000000000000000000000000000000000000000000000000000000000000000000000000000000000000000000000000000000000000000000000000000000]
fc_1_W_addr         (getelementptr    ) [ 0000000000000000000000000000000000000000000000000000000000000000000000100000000000000000000000000000000000000000000000000000000000000]
z1_addr_2           (getelementptr    ) [ 0000000000000000000000000000000000000000000000000000000000000000000000000000000000000000000000000000000000000000000000000000000000000]
store_ln167         (store            ) [ 0000000000000000000000000000000000000000000000000000000000000000000000000000000000000000000000000000000000000000000000000000000000000]
br_ln162            (br               ) [ 0000000000000000000000000000000000000000000000000000000000000000100011111111111100000000000000000000000000000000000000000000000000000]
z0_load_2           (load             ) [ 0000000000000000000000000000000000000000000000000000000000000000000000011110000000000000000000000000000000000000000000000000000000000]
fc_1_W_load         (load             ) [ 0000000000000000000000000000000000000000000000000000000000000000000000011110000000000000000000000000000000000000000000000000000000000]
tmp_i1              (hmul             ) [ 0000000000000000000000000000000000000000000000000000000000000000000000000001111100000000000000000000000000000000000000000000000000000]
acc_1               (hadd             ) [ 0000000000000000000000000000000000000000000000000000000000000000000011111111111100000000000000000000000000000000000000000000000000000]
br_ln164            (br               ) [ 0000000000000000000000000000000000000000000000000000000000000000000011111111111100000000000000000000000000000000000000000000000000000]
c_0_i2              (phi              ) [ 0000000000000000000000000000000000000000000000000000000000000000000000000000000010000000000000000000000000000000000000000000000000000]
icmp_ln152_5        (icmp             ) [ 0000000000000000000000000000000000000000000000000000000000000000000000000000000011111111111111111111111111111111111111111111111110000]
empty_48            (speclooptripcount) [ 0000000000000000000000000000000000000000000000000000000000000000000000000000000000000000000000000000000000000000000000000000000000000]
c_5                 (add              ) [ 0000000000000000000000000000000000000000000000000000000000000000000010000000000011111111111111111111111111111111111111111111111110000]
br_ln152            (br               ) [ 0000000000000000000000000000000000000000000000000000000000000000000000000000000000000000000000000000000000000000000000000000000000000]
zext_ln153_5        (zext             ) [ 0000000000000000000000000000000000000000000000000000000000000000000000000000000000000000000000000000000000000000000000000000000000000]
z1_addr             (getelementptr    ) [ 0000000000000000000000000000000000000000000000000000000000000000000000000000000001111111111111111111111111111111111111111111111110000]
fc_1_bn_var_addr    (getelementptr    ) [ 0000000000000000000000000000000000000000000000000000000000000000000000000000000001000000000000000000000000000000000000000000000000000]
fc_1_bn_gamma_addr  (getelementptr    ) [ 0000000000000000000000000000000000000000000000000000000000000000000000000000000001000000000000000000000000000000000000000000000000000]
br_ln276            (br               ) [ 0000000000000000000000000000000000000000000000000000000000000000000000000000000011111111111111111111111111111111111111111111111111111]
fc_1_bn_var_load    (load             ) [ 0000000000000000000000000000000000000000000000000000000000000000000000000000000000111110000000000000000000000000000000000000000000000]
fc_1_bn_gamma_load  (load             ) [ 0000000000000000000000000000000000000000000000000000000000000000000000000000000000111111111111111111111111111111111111111110000000000]
tmp_51              (hadd             ) [ 0000000000000000000000000000000000000000000000000000000000000000000000000000000000000001100000000000000000000000000000000000000000000]
tmp_52              (hptosp           ) [ 0000000000000000000000000000000000000000000000000000000000000000000000000000000000000000011111111111100000000000000000000000000000000]
z1_load             (load             ) [ 0000000000000000000000000000000000000000000000000000000000000000000000000000000000000000000000000000100000000000000000000000000000000]
tmp_50              (hptosp           ) [ 0000000000000000000000000000000000000000000000000000000000000000000000000000000000000000000000000000011111111111111110000000000000000]
tmp_53              (fsqrt            ) [ 0000000000000000000000000000000000000000000000000000000000000000000000000000000000000000000000000000011111111111111110000000000000000]
tmp_54              (fdiv             ) [ 0000000000000000000000000000000000000000000000000000000000000000000000000000000000000000000000000000000000000000000001100000000000000]
n_5                 (sptohp           ) [ 0000000000000000000000000000000000000000000000000000000000000000000000000000000000000000000000000000000000000000000000011110000000000]
tmp_55              (hmul             ) [ 0000000000000000000000000000000000000000000000000000000000000000000000000000000000000000000000000000000000000000000000000001111100000]
tmp_56              (hadd             ) [ 0000000000000000000000000000000000000000000000000000000000000000000000000000000000000000000000000000000000000000000000000000000010000]
store_ln154         (store            ) [ 0000000000000000000000000000000000000000000000000000000000000000000000000000000000000000000000000000000000000000000000000000000000000]
br_ln152            (br               ) [ 0000000000000000000000000000000000000000000000000000000000000000000010000000000011111111111111111111111111111111111111111111111110000]
j_1                 (phi              ) [ 0000000000000000000000000000000000000000000000000000000000000000000000000000000000000000000000000000000000000000000000000000000001000]
icmp_ln276          (icmp             ) [ 0000000000000000000000000000000000000000000000000000000000000000000000000000000000000000000000000000000000000000000000000000000001111]
empty_49            (speclooptripcount) [ 0000000000000000000000000000000000000000000000000000000000000000000000000000000000000000000000000000000000000000000000000000000000000]
j_13                (add              ) [ 0000000000000000000000000000000000000000000000000000000000000000000000000000000010000000000000000000000000000000000000000000000001111]
br_ln276            (br               ) [ 0000000000000000000000000000000000000000000000000000000000000000000000000000000000000000000000000000000000000000000000000000000000000]
zext_ln276          (zext             ) [ 0000000000000000000000000000000000000000000000000000000000000000000000000000000000000000000000000000000000000000000000000000000000000]
z1_addr_1           (getelementptr    ) [ 0000000000000000000000000000000000000000000000000000000000000000000000000000000000000000000000000000000000000000000000000000000000111]
ret_ln283           (ret              ) [ 0000000000000000000000000000000000000000000000000000000000000000000000000000000000000000000000000000000000000000000000000000000000000]
z1_load_1           (load             ) [ 0000000000000000000000000000000000000000000000000000000000000000000000000000000000000000000000000000000000000000000000000000000000010]
tmp_57              (hcmp             ) [ 0000000000000000000000000000000000000000000000000000000000000000000000000000000000000000000000000000000000000000000000000000000000000]
select_ln46_1       (select           ) [ 0000000000000000000000000000000000000000000000000000000000000000000000000000000000000000000000000000000000000000000000000000000000001]
store_ln276         (store            ) [ 0000000000000000000000000000000000000000000000000000000000000000000000000000000000000000000000000000000000000000000000000000000000000]
br_ln276            (br               ) [ 0000000000000000000000000000000000000000000000000000000000000000000000000000000010000000000000000000000000000000000000000000000001111]
</LifeTime>

<model>

<comp_list>
<comp id="0" class="1000" name="X_slice">
<pin_list>
<pin id="1" dir="1" index="0" bw="1" slack="0"/>
</pin_list>
<bind>
<StgValue><ssdm name="X_slice"/><MemPortTyVec>1 </MemPortTyVec>
</StgValue>
</bind>
</comp>

<comp id="2" class="1000" name="ConvW0">
<pin_list>
<pin id="3" dir="1" index="0" bw="1" slack="0"/>
</pin_list>
<bind>
<StgValue><ssdm name="ConvW0"/><MemPortTyVec>1 </MemPortTyVec>
</StgValue>
</bind>
</comp>

<comp id="4" class="1000" name="a_bn">
<pin_list>
<pin id="5" dir="1" index="0" bw="1" slack="0"/>
</pin_list>
<bind>
<StgValue><ssdm name="a_bn"/><MemPortTyVec>1 </MemPortTyVec>
</StgValue>
</bind>
</comp>

<comp id="6" class="1000" name="U_slice">
<pin_list>
<pin id="7" dir="1" index="0" bw="1" slack="0"/>
</pin_list>
<bind>
<StgValue><ssdm name="U_slice"/><MemPortTyVec>2 3 </MemPortTyVec>
</StgValue>
</bind>
</comp>

<comp id="8" class="1000" name="c_slice">
<pin_list>
<pin id="9" dir="1" index="0" bw="1" slack="0"/>
</pin_list>
<bind>
<StgValue><ssdm name="c_slice"/><MemPortTyVec>2 3 </MemPortTyVec>
</StgValue>
</bind>
</comp>

<comp id="10" class="1000" name="table_exp_Z1_array_s">
<pin_list>
<pin id="11" dir="1" index="0" bw="1" slack="0"/>
</pin_list>
<bind>
<StgValue><ssdm name="table_exp_Z1_array_s"/><MemPortTyVec>1 </MemPortTyVec>
</StgValue>
</bind>
</comp>

<comp id="12" class="1000" name="table_f_Z3_array_V">
<pin_list>
<pin id="13" dir="1" index="0" bw="1" slack="0"/>
</pin_list>
<bind>
<StgValue><ssdm name="table_f_Z3_array_V"/><MemPortTyVec>1 1 </MemPortTyVec>
</StgValue>
</bind>
</comp>

<comp id="14" class="1000" name="table_f_Z2_array_V">
<pin_list>
<pin id="15" dir="1" index="0" bw="1" slack="0"/>
</pin_list>
<bind>
<StgValue><ssdm name="table_f_Z2_array_V"/><MemPortTyVec>1 </MemPortTyVec>
</StgValue>
</bind>
</comp>

<comp id="16" class="1000" name="LSTM_W_ifog0">
<pin_list>
<pin id="17" dir="1" index="0" bw="1" slack="0"/>
</pin_list>
<bind>
<StgValue><ssdm name="LSTM_W_ifog0"/><MemPortTyVec>1 3 </MemPortTyVec>
</StgValue>
</bind>
</comp>

<comp id="18" class="1000" name="LSTM_R_ifog0">
<pin_list>
<pin id="19" dir="1" index="0" bw="1" slack="0"/>
</pin_list>
<bind>
<StgValue><ssdm name="LSTM_R_ifog0"/><MemPortTyVec>1 3 </MemPortTyVec>
</StgValue>
</bind>
</comp>

<comp id="20" class="1000" name="LSTM_b_ifog0">
<pin_list>
<pin id="21" dir="1" index="0" bw="1" slack="0"/>
</pin_list>
<bind>
<StgValue><ssdm name="LSTM_b_ifog0"/><MemPortTyVec>1 3 </MemPortTyVec>
</StgValue>
</bind>
</comp>

<comp id="22" class="1000" name="h_slice">
<pin_list>
<pin id="23" dir="1" index="0" bw="1" slack="0"/>
</pin_list>
<bind>
<StgValue><ssdm name="h_slice"/><MemPortTyVec>2 3 </MemPortTyVec>
</StgValue>
</bind>
</comp>

<comp id="24" class="1000" name="BN2_var0">
<pin_list>
<pin id="25" dir="1" index="0" bw="1" slack="0"/>
</pin_list>
<bind>
<StgValue><ssdm name="BN2_var0"/><MemPortTyVec>1 </MemPortTyVec>
</StgValue>
</bind>
</comp>

<comp id="26" class="1000" name="BN2_gamma0">
<pin_list>
<pin id="27" dir="1" index="0" bw="1" slack="0"/>
</pin_list>
<bind>
<StgValue><ssdm name="BN2_gamma0"/><MemPortTyVec>1 </MemPortTyVec>
</StgValue>
</bind>
</comp>

<comp id="28" class="1000" name="X_slice1">
<pin_list>
<pin id="29" dir="1" index="0" bw="1" slack="0"/>
</pin_list>
<bind>
<StgValue><ssdm name="X_slice1"/><MemPortTyVec>1 </MemPortTyVec>
</StgValue>
</bind>
</comp>

<comp id="30" class="1000" name="ConvW1">
<pin_list>
<pin id="31" dir="1" index="0" bw="1" slack="0"/>
</pin_list>
<bind>
<StgValue><ssdm name="ConvW1"/><MemPortTyVec>1 </MemPortTyVec>
</StgValue>
</bind>
</comp>

<comp id="32" class="1000" name="LSTM_W_ifog1">
<pin_list>
<pin id="33" dir="1" index="0" bw="1" slack="0"/>
</pin_list>
<bind>
<StgValue><ssdm name="LSTM_W_ifog1"/><MemPortTyVec>1 3 </MemPortTyVec>
</StgValue>
</bind>
</comp>

<comp id="34" class="1000" name="LSTM_R_ifog1">
<pin_list>
<pin id="35" dir="1" index="0" bw="1" slack="0"/>
</pin_list>
<bind>
<StgValue><ssdm name="LSTM_R_ifog1"/><MemPortTyVec>1 3 </MemPortTyVec>
</StgValue>
</bind>
</comp>

<comp id="36" class="1000" name="LSTM_b_ifog1">
<pin_list>
<pin id="37" dir="1" index="0" bw="1" slack="0"/>
</pin_list>
<bind>
<StgValue><ssdm name="LSTM_b_ifog1"/><MemPortTyVec>1 3 </MemPortTyVec>
</StgValue>
</bind>
</comp>

<comp id="38" class="1000" name="BN2_var1">
<pin_list>
<pin id="39" dir="1" index="0" bw="1" slack="0"/>
</pin_list>
<bind>
<StgValue><ssdm name="BN2_var1"/><MemPortTyVec>1 </MemPortTyVec>
</StgValue>
</bind>
</comp>

<comp id="40" class="1000" name="BN2_gamma1">
<pin_list>
<pin id="41" dir="1" index="0" bw="1" slack="0"/>
</pin_list>
<bind>
<StgValue><ssdm name="BN2_gamma1"/><MemPortTyVec>1 </MemPortTyVec>
</StgValue>
</bind>
</comp>

<comp id="42" class="1000" name="X_slice2">
<pin_list>
<pin id="43" dir="1" index="0" bw="1" slack="0"/>
</pin_list>
<bind>
<StgValue><ssdm name="X_slice2"/><MemPortTyVec>1 </MemPortTyVec>
</StgValue>
</bind>
</comp>

<comp id="44" class="1000" name="ConvW2">
<pin_list>
<pin id="45" dir="1" index="0" bw="1" slack="0"/>
</pin_list>
<bind>
<StgValue><ssdm name="ConvW2"/><MemPortTyVec>1 </MemPortTyVec>
</StgValue>
</bind>
</comp>

<comp id="46" class="1000" name="LSTM_W_ifog2">
<pin_list>
<pin id="47" dir="1" index="0" bw="1" slack="0"/>
</pin_list>
<bind>
<StgValue><ssdm name="LSTM_W_ifog2"/><MemPortTyVec>1 3 </MemPortTyVec>
</StgValue>
</bind>
</comp>

<comp id="48" class="1000" name="LSTM_R_ifog2">
<pin_list>
<pin id="49" dir="1" index="0" bw="1" slack="0"/>
</pin_list>
<bind>
<StgValue><ssdm name="LSTM_R_ifog2"/><MemPortTyVec>1 3 </MemPortTyVec>
</StgValue>
</bind>
</comp>

<comp id="50" class="1000" name="LSTM_b_ifog2">
<pin_list>
<pin id="51" dir="1" index="0" bw="1" slack="0"/>
</pin_list>
<bind>
<StgValue><ssdm name="LSTM_b_ifog2"/><MemPortTyVec>1 3 </MemPortTyVec>
</StgValue>
</bind>
</comp>

<comp id="52" class="1000" name="BN2_var2">
<pin_list>
<pin id="53" dir="1" index="0" bw="1" slack="0"/>
</pin_list>
<bind>
<StgValue><ssdm name="BN2_var2"/><MemPortTyVec>1 </MemPortTyVec>
</StgValue>
</bind>
</comp>

<comp id="54" class="1000" name="BN2_gamma2">
<pin_list>
<pin id="55" dir="1" index="0" bw="1" slack="0"/>
</pin_list>
<bind>
<StgValue><ssdm name="BN2_gamma2"/><MemPortTyVec>1 </MemPortTyVec>
</StgValue>
</bind>
</comp>

<comp id="56" class="1000" name="X_slice3">
<pin_list>
<pin id="57" dir="1" index="0" bw="1" slack="0"/>
</pin_list>
<bind>
<StgValue><ssdm name="X_slice3"/><MemPortTyVec>1 </MemPortTyVec>
</StgValue>
</bind>
</comp>

<comp id="58" class="1000" name="ConvW3">
<pin_list>
<pin id="59" dir="1" index="0" bw="1" slack="0"/>
</pin_list>
<bind>
<StgValue><ssdm name="ConvW3"/><MemPortTyVec>1 </MemPortTyVec>
</StgValue>
</bind>
</comp>

<comp id="60" class="1000" name="LSTM_W_ifog3">
<pin_list>
<pin id="61" dir="1" index="0" bw="1" slack="0"/>
</pin_list>
<bind>
<StgValue><ssdm name="LSTM_W_ifog3"/><MemPortTyVec>1 3 </MemPortTyVec>
</StgValue>
</bind>
</comp>

<comp id="62" class="1000" name="LSTM_R_ifog3">
<pin_list>
<pin id="63" dir="1" index="0" bw="1" slack="0"/>
</pin_list>
<bind>
<StgValue><ssdm name="LSTM_R_ifog3"/><MemPortTyVec>1 3 </MemPortTyVec>
</StgValue>
</bind>
</comp>

<comp id="64" class="1000" name="LSTM_b_ifog3">
<pin_list>
<pin id="65" dir="1" index="0" bw="1" slack="0"/>
</pin_list>
<bind>
<StgValue><ssdm name="LSTM_b_ifog3"/><MemPortTyVec>1 3 </MemPortTyVec>
</StgValue>
</bind>
</comp>

<comp id="66" class="1000" name="BN2_var3">
<pin_list>
<pin id="67" dir="1" index="0" bw="1" slack="0"/>
</pin_list>
<bind>
<StgValue><ssdm name="BN2_var3"/><MemPortTyVec>1 </MemPortTyVec>
</StgValue>
</bind>
</comp>

<comp id="68" class="1000" name="BN2_gamma3">
<pin_list>
<pin id="69" dir="1" index="0" bw="1" slack="0"/>
</pin_list>
<bind>
<StgValue><ssdm name="BN2_gamma3"/><MemPortTyVec>1 </MemPortTyVec>
</StgValue>
</bind>
</comp>

<comp id="70" class="1000" name="tokens4">
<pin_list>
<pin id="71" dir="1" index="0" bw="1" slack="0"/>
</pin_list>
<bind>
<StgValue><ssdm name="tokens4"/><MemPortTyVec>1 </MemPortTyVec>
</StgValue>
</bind>
</comp>

<comp id="72" class="1000" name="Emb4">
<pin_list>
<pin id="73" dir="1" index="0" bw="1" slack="0"/>
</pin_list>
<bind>
<StgValue><ssdm name="Emb4"/><MemPortTyVec>1 </MemPortTyVec>
</StgValue>
</bind>
</comp>

<comp id="74" class="1000" name="ConvW4">
<pin_list>
<pin id="75" dir="1" index="0" bw="1" slack="0"/>
</pin_list>
<bind>
<StgValue><ssdm name="ConvW4"/><MemPortTyVec>1 </MemPortTyVec>
</StgValue>
</bind>
</comp>

<comp id="76" class="1000" name="LSTM_W_ifog4">
<pin_list>
<pin id="77" dir="1" index="0" bw="1" slack="0"/>
</pin_list>
<bind>
<StgValue><ssdm name="LSTM_W_ifog4"/><MemPortTyVec>1 3 </MemPortTyVec>
</StgValue>
</bind>
</comp>

<comp id="78" class="1000" name="LSTM_R_ifog4">
<pin_list>
<pin id="79" dir="1" index="0" bw="1" slack="0"/>
</pin_list>
<bind>
<StgValue><ssdm name="LSTM_R_ifog4"/><MemPortTyVec>1 3 </MemPortTyVec>
</StgValue>
</bind>
</comp>

<comp id="80" class="1000" name="LSTM_b_ifog4">
<pin_list>
<pin id="81" dir="1" index="0" bw="1" slack="0"/>
</pin_list>
<bind>
<StgValue><ssdm name="LSTM_b_ifog4"/><MemPortTyVec>1 3 </MemPortTyVec>
</StgValue>
</bind>
</comp>

<comp id="82" class="1000" name="BN2_var4">
<pin_list>
<pin id="83" dir="1" index="0" bw="1" slack="0"/>
</pin_list>
<bind>
<StgValue><ssdm name="BN2_var4"/><MemPortTyVec>1 </MemPortTyVec>
</StgValue>
</bind>
</comp>

<comp id="84" class="1000" name="BN2_gamma4">
<pin_list>
<pin id="85" dir="1" index="0" bw="1" slack="0"/>
</pin_list>
<bind>
<StgValue><ssdm name="BN2_gamma4"/><MemPortTyVec>1 </MemPortTyVec>
</StgValue>
</bind>
</comp>

<comp id="86" class="1000" name="fc_0_W">
<pin_list>
<pin id="87" dir="1" index="0" bw="1" slack="0"/>
</pin_list>
<bind>
<StgValue><ssdm name="fc_0_W"/><MemPortTyVec>1 </MemPortTyVec>
</StgValue>
</bind>
</comp>

<comp id="88" class="1000" name="fc_0_bn_var">
<pin_list>
<pin id="89" dir="1" index="0" bw="1" slack="0"/>
</pin_list>
<bind>
<StgValue><ssdm name="fc_0_bn_var"/><MemPortTyVec>1 </MemPortTyVec>
</StgValue>
</bind>
</comp>

<comp id="90" class="1000" name="fc_0_bn_gamma">
<pin_list>
<pin id="91" dir="1" index="0" bw="1" slack="0"/>
</pin_list>
<bind>
<StgValue><ssdm name="fc_0_bn_gamma"/><MemPortTyVec>1 </MemPortTyVec>
</StgValue>
</bind>
</comp>

<comp id="92" class="1000" name="fc_1_W">
<pin_list>
<pin id="93" dir="1" index="0" bw="1" slack="0"/>
</pin_list>
<bind>
<StgValue><ssdm name="fc_1_W"/><MemPortTyVec>1 </MemPortTyVec>
</StgValue>
</bind>
</comp>

<comp id="94" class="1000" name="fc_1_bn_var">
<pin_list>
<pin id="95" dir="1" index="0" bw="1" slack="0"/>
</pin_list>
<bind>
<StgValue><ssdm name="fc_1_bn_var"/><MemPortTyVec>1 </MemPortTyVec>
</StgValue>
</bind>
</comp>

<comp id="96" class="1000" name="fc_1_bn_gamma">
<pin_list>
<pin id="97" dir="1" index="0" bw="1" slack="0"/>
</pin_list>
<bind>
<StgValue><ssdm name="fc_1_bn_gamma"/><MemPortTyVec>1 </MemPortTyVec>
</StgValue>
</bind>
</comp>

<comp id="98" class="1001" name="const_98">
<pin_list>
<pin id="99" dir="1" index="0" bw="1" slack="0"/>
</pin_list>
<bind>
<StgValue><ssdm name=""/></StgValue>
</bind>
</comp>

<comp id="100" class="1001" name="const_100">
<pin_list>
<pin id="101" dir="1" index="0" bw="1" slack="0"/>
</pin_list>
<bind>
<StgValue><ssdm name="run_all_slices_unrol"/></StgValue>
</bind>
</comp>

<comp id="102" class="1001" name="const_102">
<pin_list>
<pin id="103" dir="1" index="0" bw="1" slack="2147483647"/>
</pin_list>
<bind>
<StgValue><ssdm name="_ssdm_op_SpecBitsMap"/></StgValue>
</bind>
</comp>

<comp id="104" class="1001" name="const_104">
<pin_list>
<pin id="105" dir="1" index="0" bw="1" slack="2147483647"/>
</pin_list>
<bind>
<StgValue><ssdm name=""/></StgValue>
</bind>
</comp>

<comp id="106" class="1001" name="const_106">
<pin_list>
<pin id="107" dir="1" index="0" bw="1" slack="2147483647"/>
</pin_list>
<bind>
<StgValue><ssdm name="_ssdm_op_SpecTopModule"/></StgValue>
</bind>
</comp>

<comp id="108" class="1001" name="const_108">
<pin_list>
<pin id="109" dir="1" index="0" bw="1" slack="1"/>
</pin_list>
<bind>
<StgValue><ssdm name=""/></StgValue>
</bind>
</comp>

<comp id="110" class="1001" name="const_110">
<pin_list>
<pin id="111" dir="1" index="0" bw="1" slack="2147483647"/>
</pin_list>
<bind>
<StgValue><ssdm name="_ssdm_op_SpecLoopTripCount"/></StgValue>
</bind>
</comp>

<comp id="112" class="1001" name="const_112">
<pin_list>
<pin id="113" dir="1" index="0" bw="1" slack="2147483647"/>
</pin_list>
<bind>
<StgValue><ssdm name=""/></StgValue>
</bind>
</comp>

<comp id="114" class="1001" name="const_114">
<pin_list>
<pin id="115" dir="1" index="0" bw="1" slack="0"/>
</pin_list>
<bind>
<StgValue><ssdm name=""/></StgValue>
</bind>
</comp>

<comp id="116" class="1001" name="const_116">
<pin_list>
<pin id="117" dir="1" index="0" bw="1" slack="0"/>
</pin_list>
<bind>
<StgValue><ssdm name=""/></StgValue>
</bind>
</comp>

<comp id="118" class="1001" name="const_118">
<pin_list>
<pin id="119" dir="1" index="0" bw="1" slack="0"/>
</pin_list>
<bind>
<StgValue><ssdm name=""/></StgValue>
</bind>
</comp>

<comp id="120" class="1001" name="const_120">
<pin_list>
<pin id="121" dir="1" index="0" bw="1" slack="1"/>
</pin_list>
<bind>
<StgValue><ssdm name=""/></StgValue>
</bind>
</comp>

<comp id="122" class="1001" name="const_122">
<pin_list>
<pin id="123" dir="1" index="0" bw="1" slack="2147483647"/>
</pin_list>
<bind>
<StgValue><ssdm name=""/></StgValue>
</bind>
</comp>

<comp id="124" class="1001" name="const_124">
<pin_list>
<pin id="125" dir="1" index="0" bw="1" slack="0"/>
</pin_list>
<bind>
<StgValue><ssdm name=""/></StgValue>
</bind>
</comp>

<comp id="126" class="1001" name="const_126">
<pin_list>
<pin id="127" dir="1" index="0" bw="1" slack="0"/>
</pin_list>
<bind>
<StgValue><ssdm name=""/></StgValue>
</bind>
</comp>

<comp id="128" class="1001" name="const_128">
<pin_list>
<pin id="129" dir="1" index="0" bw="1" slack="0"/>
</pin_list>
<bind>
<StgValue><ssdm name=""/></StgValue>
</bind>
</comp>

<comp id="130" class="1001" name="const_130">
<pin_list>
<pin id="131" dir="1" index="0" bw="1" slack="0"/>
</pin_list>
<bind>
<StgValue><ssdm name="_ssdm_op_BitConcatenate.i12.i5.i7"/></StgValue>
</bind>
</comp>

<comp id="132" class="1001" name="const_132">
<pin_list>
<pin id="133" dir="1" index="0" bw="1" slack="0"/>
</pin_list>
<bind>
<StgValue><ssdm name=""/></StgValue>
</bind>
</comp>

<comp id="134" class="1001" name="const_134">
<pin_list>
<pin id="135" dir="1" index="0" bw="1" slack="0"/>
</pin_list>
<bind>
<StgValue><ssdm name=""/></StgValue>
</bind>
</comp>

<comp id="136" class="1001" name="const_136">
<pin_list>
<pin id="137" dir="1" index="0" bw="1" slack="0"/>
</pin_list>
<bind>
<StgValue><ssdm name="llvm.sqrt.f32"/></StgValue>
</bind>
</comp>

<comp id="138" class="1001" name="const_138">
<pin_list>
<pin id="139" dir="1" index="0" bw="1" slack="0"/>
</pin_list>
<bind>
<StgValue><ssdm name="_ssdm_op_BitConcatenate.i14.i7.i7"/></StgValue>
</bind>
</comp>

<comp id="140" class="1004" name="merged_alloca_fu_140">
<pin_list>
<pin id="141" dir="0" index="0" bw="1" slack="0"/>
<pin id="142" dir="1" index="1" bw="16" slack="0"/>
</pin_list>
<bind>
<opcode="alloca(26) " fcode="alloca"/>
<opset="merged/1 "/>
</bind>
</comp>

<comp id="144" class="1004" name="z0_alloca_fu_144">
<pin_list>
<pin id="145" dir="0" index="0" bw="1" slack="0"/>
<pin id="146" dir="1" index="1" bw="16" slack="2147483647"/>
</pin_list>
<bind>
<opcode="alloca(26) " fcode="alloca"/>
<opset="z0/1 "/>
</bind>
</comp>

<comp id="148" class="1004" name="z1_alloca_fu_148">
<pin_list>
<pin id="149" dir="0" index="0" bw="1" slack="0"/>
<pin id="150" dir="1" index="1" bw="16" slack="2147483647"/>
</pin_list>
<bind>
<opcode="alloca(26) " fcode="alloca"/>
<opset="z1/1 "/>
</bind>
</comp>

<comp id="152" class="1004" name="merged_addr_gep_fu_152">
<pin_list>
<pin id="153" dir="0" index="0" bw="16" slack="2147483647"/>
<pin id="154" dir="0" index="1" bw="1" slack="0"/>
<pin id="155" dir="0" index="2" bw="6" slack="0"/>
<pin id="156" dir="1" index="3" bw="5" slack="0"/>
</pin_list>
<bind>
<opcode="getelementptr(29) " fcode="getelementptr"/>
<opset="merged_addr/4 "/>
</bind>
</comp>

<comp id="158" class="1004" name="grp_access_fu_158">
<pin_list>
<pin id="159" dir="0" index="0" bw="5" slack="0"/>
<pin id="160" dir="0" index="1" bw="16" slack="2147483647"/>
<pin id="161" dir="0" index="2" bw="0" slack="2147483647"/>
<pin id="162" dir="1" index="3" bw="16" slack="1"/>
</pin_list>
<bind>
<opcode="load(27) " fcode="load"/>
<opset="merged_load/4 "/>
</bind>
</comp>

<comp id="164" class="1004" name="fc_0_W_addr_gep_fu_164">
<pin_list>
<pin id="165" dir="0" index="0" bw="16" slack="0"/>
<pin id="166" dir="0" index="1" bw="1" slack="0"/>
<pin id="167" dir="0" index="2" bw="12" slack="0"/>
<pin id="168" dir="1" index="3" bw="12" slack="0"/>
</pin_list>
<bind>
<opcode="getelementptr(29) " fcode="getelementptr"/>
<opset="fc_0_W_addr/4 "/>
</bind>
</comp>

<comp id="171" class="1004" name="grp_access_fu_171">
<pin_list>
<pin id="172" dir="0" index="0" bw="12" slack="0"/>
<pin id="173" dir="0" index="1" bw="16" slack="2147483647"/>
<pin id="174" dir="0" index="2" bw="0" slack="2147483647"/>
<pin id="175" dir="1" index="3" bw="16" slack="1"/>
</pin_list>
<bind>
<opcode="load(27) " fcode="load"/>
<opset="fc_0_W_load/4 "/>
</bind>
</comp>

<comp id="177" class="1004" name="z0_addr_1_gep_fu_177">
<pin_list>
<pin id="178" dir="0" index="0" bw="16" slack="2147483647"/>
<pin id="179" dir="0" index="1" bw="1" slack="0"/>
<pin id="180" dir="0" index="2" bw="8" slack="1"/>
<pin id="181" dir="1" index="3" bw="7" slack="0"/>
</pin_list>
<bind>
<opcode="getelementptr(29) " fcode="getelementptr"/>
<opset="z0_addr_1/4 "/>
</bind>
</comp>

<comp id="183" class="1004" name="grp_access_fu_183">
<pin_list>
<pin id="184" dir="0" index="0" bw="7" slack="0"/>
<pin id="185" dir="0" index="1" bw="16" slack="0"/>
<pin id="186" dir="0" index="2" bw="0" slack="2147483647"/>
<pin id="187" dir="1" index="3" bw="16" slack="0"/>
</pin_list>
<bind>
<opcode="load(27) store(28) " fcode="load"/>
<opset="store_ln167/4 z0_load/33 store_ln154/63 z0_load_1/64 store_ln271/67 z0_load_2/69 "/>
</bind>
</comp>

<comp id="189" class="1004" name="z0_addr_gep_fu_189">
<pin_list>
<pin id="190" dir="0" index="0" bw="16" slack="2147483647"/>
<pin id="191" dir="0" index="1" bw="1" slack="0"/>
<pin id="192" dir="0" index="2" bw="8" slack="0"/>
<pin id="193" dir="1" index="3" bw="7" slack="18"/>
</pin_list>
<bind>
<opcode="getelementptr(29) " fcode="getelementptr"/>
<opset="z0_addr/15 "/>
</bind>
</comp>

<comp id="195" class="1004" name="fc_0_bn_var_addr_gep_fu_195">
<pin_list>
<pin id="196" dir="0" index="0" bw="16" slack="0"/>
<pin id="197" dir="0" index="1" bw="1" slack="0"/>
<pin id="198" dir="0" index="2" bw="8" slack="0"/>
<pin id="199" dir="1" index="3" bw="7" slack="0"/>
</pin_list>
<bind>
<opcode="getelementptr(29) " fcode="getelementptr"/>
<opset="fc_0_bn_var_addr/15 "/>
</bind>
</comp>

<comp id="202" class="1004" name="grp_access_fu_202">
<pin_list>
<pin id="203" dir="0" index="0" bw="7" slack="0"/>
<pin id="204" dir="0" index="1" bw="16" slack="2147483647"/>
<pin id="205" dir="0" index="2" bw="0" slack="2147483647"/>
<pin id="206" dir="1" index="3" bw="16" slack="1"/>
</pin_list>
<bind>
<opcode="load(27) " fcode="load"/>
<opset="fc_0_bn_var_load/15 "/>
</bind>
</comp>

<comp id="208" class="1004" name="fc_0_bn_gamma_addr_gep_fu_208">
<pin_list>
<pin id="209" dir="0" index="0" bw="16" slack="0"/>
<pin id="210" dir="0" index="1" bw="1" slack="0"/>
<pin id="211" dir="0" index="2" bw="8" slack="0"/>
<pin id="212" dir="1" index="3" bw="7" slack="0"/>
</pin_list>
<bind>
<opcode="getelementptr(29) " fcode="getelementptr"/>
<opset="fc_0_bn_gamma_addr/15 "/>
</bind>
</comp>

<comp id="215" class="1004" name="grp_access_fu_215">
<pin_list>
<pin id="216" dir="0" index="0" bw="7" slack="0"/>
<pin id="217" dir="0" index="1" bw="16" slack="2147483647"/>
<pin id="218" dir="0" index="2" bw="0" slack="2147483647"/>
<pin id="219" dir="1" index="3" bw="16" slack="38"/>
</pin_list>
<bind>
<opcode="load(27) " fcode="load"/>
<opset="fc_0_bn_gamma_load/15 "/>
</bind>
</comp>

<comp id="221" class="1004" name="z0_addr_2_gep_fu_221">
<pin_list>
<pin id="222" dir="0" index="0" bw="16" slack="2147483647"/>
<pin id="223" dir="0" index="1" bw="1" slack="0"/>
<pin id="224" dir="0" index="2" bw="8" slack="0"/>
<pin id="225" dir="1" index="3" bw="7" slack="0"/>
</pin_list>
<bind>
<opcode="getelementptr(29) " fcode="getelementptr"/>
<opset="z0_addr_2/64 "/>
</bind>
</comp>

<comp id="228" class="1004" name="z0_addr_3_gep_fu_228">
<pin_list>
<pin id="229" dir="0" index="0" bw="16" slack="2147483647"/>
<pin id="230" dir="0" index="1" bw="1" slack="0"/>
<pin id="231" dir="0" index="2" bw="8" slack="0"/>
<pin id="232" dir="1" index="3" bw="7" slack="0"/>
</pin_list>
<bind>
<opcode="getelementptr(29) " fcode="getelementptr"/>
<opset="z0_addr_3/69 "/>
</bind>
</comp>

<comp id="235" class="1004" name="fc_1_W_addr_gep_fu_235">
<pin_list>
<pin id="236" dir="0" index="0" bw="16" slack="0"/>
<pin id="237" dir="0" index="1" bw="1" slack="0"/>
<pin id="238" dir="0" index="2" bw="14" slack="0"/>
<pin id="239" dir="1" index="3" bw="14" slack="0"/>
</pin_list>
<bind>
<opcode="getelementptr(29) " fcode="getelementptr"/>
<opset="fc_1_W_addr/69 "/>
</bind>
</comp>

<comp id="242" class="1004" name="grp_access_fu_242">
<pin_list>
<pin id="243" dir="0" index="0" bw="14" slack="0"/>
<pin id="244" dir="0" index="1" bw="16" slack="2147483647"/>
<pin id="245" dir="0" index="2" bw="0" slack="2147483647"/>
<pin id="246" dir="1" index="3" bw="16" slack="1"/>
</pin_list>
<bind>
<opcode="load(27) " fcode="load"/>
<opset="fc_1_W_load/69 "/>
</bind>
</comp>

<comp id="248" class="1004" name="z1_addr_2_gep_fu_248">
<pin_list>
<pin id="249" dir="0" index="0" bw="16" slack="2147483647"/>
<pin id="250" dir="0" index="1" bw="1" slack="0"/>
<pin id="251" dir="0" index="2" bw="8" slack="1"/>
<pin id="252" dir="1" index="3" bw="7" slack="0"/>
</pin_list>
<bind>
<opcode="getelementptr(29) " fcode="getelementptr"/>
<opset="z1_addr_2/69 "/>
</bind>
</comp>

<comp id="254" class="1004" name="grp_access_fu_254">
<pin_list>
<pin id="255" dir="0" index="0" bw="7" slack="0"/>
<pin id="256" dir="0" index="1" bw="16" slack="0"/>
<pin id="257" dir="0" index="2" bw="0" slack="2147483647"/>
<pin id="258" dir="1" index="3" bw="16" slack="0"/>
</pin_list>
<bind>
<opcode="load(27) store(28) " fcode="store"/>
<opset="store_ln167/69 z1_load/98 store_ln154/128 z1_load_1/129 store_ln276/132 "/>
</bind>
</comp>

<comp id="260" class="1004" name="z1_addr_gep_fu_260">
<pin_list>
<pin id="261" dir="0" index="0" bw="16" slack="2147483647"/>
<pin id="262" dir="0" index="1" bw="1" slack="0"/>
<pin id="263" dir="0" index="2" bw="8" slack="0"/>
<pin id="264" dir="1" index="3" bw="7" slack="18"/>
</pin_list>
<bind>
<opcode="getelementptr(29) " fcode="getelementptr"/>
<opset="z1_addr/80 "/>
</bind>
</comp>

<comp id="266" class="1004" name="fc_1_bn_var_addr_gep_fu_266">
<pin_list>
<pin id="267" dir="0" index="0" bw="16" slack="0"/>
<pin id="268" dir="0" index="1" bw="1" slack="0"/>
<pin id="269" dir="0" index="2" bw="8" slack="0"/>
<pin id="270" dir="1" index="3" bw="7" slack="0"/>
</pin_list>
<bind>
<opcode="getelementptr(29) " fcode="getelementptr"/>
<opset="fc_1_bn_var_addr/80 "/>
</bind>
</comp>

<comp id="273" class="1004" name="grp_access_fu_273">
<pin_list>
<pin id="274" dir="0" index="0" bw="7" slack="0"/>
<pin id="275" dir="0" index="1" bw="16" slack="2147483647"/>
<pin id="276" dir="0" index="2" bw="0" slack="2147483647"/>
<pin id="277" dir="1" index="3" bw="16" slack="1"/>
</pin_list>
<bind>
<opcode="load(27) " fcode="load"/>
<opset="fc_1_bn_var_load/80 "/>
</bind>
</comp>

<comp id="279" class="1004" name="fc_1_bn_gamma_addr_gep_fu_279">
<pin_list>
<pin id="280" dir="0" index="0" bw="16" slack="0"/>
<pin id="281" dir="0" index="1" bw="1" slack="0"/>
<pin id="282" dir="0" index="2" bw="8" slack="0"/>
<pin id="283" dir="1" index="3" bw="7" slack="0"/>
</pin_list>
<bind>
<opcode="getelementptr(29) " fcode="getelementptr"/>
<opset="fc_1_bn_gamma_addr/80 "/>
</bind>
</comp>

<comp id="286" class="1004" name="grp_access_fu_286">
<pin_list>
<pin id="287" dir="0" index="0" bw="7" slack="0"/>
<pin id="288" dir="0" index="1" bw="16" slack="2147483647"/>
<pin id="289" dir="0" index="2" bw="0" slack="2147483647"/>
<pin id="290" dir="1" index="3" bw="16" slack="38"/>
</pin_list>
<bind>
<opcode="load(27) " fcode="load"/>
<opset="fc_1_bn_gamma_load/80 "/>
</bind>
</comp>

<comp id="292" class="1004" name="z1_addr_1_gep_fu_292">
<pin_list>
<pin id="293" dir="0" index="0" bw="16" slack="2147483647"/>
<pin id="294" dir="0" index="1" bw="1" slack="0"/>
<pin id="295" dir="0" index="2" bw="8" slack="0"/>
<pin id="296" dir="1" index="3" bw="7" slack="0"/>
</pin_list>
<bind>
<opcode="getelementptr(29) " fcode="getelementptr"/>
<opset="z1_addr_1/129 "/>
</bind>
</comp>

<comp id="299" class="1005" name="j_0_i_reg_299">
<pin_list>
<pin id="300" dir="0" index="0" bw="8" slack="1"/>
<pin id="301" dir="1" index="1" bw="8" slack="1"/>
</pin_list>
<bind>
<opset="j_0_i (phireg) "/>
</bind>
</comp>

<comp id="303" class="1004" name="j_0_i_phi_fu_303">
<pin_list>
<pin id="304" dir="0" index="0" bw="1" slack="1"/>
<pin id="305" dir="0" index="1" bw="0" slack="2147483647"/>
<pin id="306" dir="0" index="2" bw="8" slack="0"/>
<pin id="307" dir="0" index="3" bw="0" slack="2147483647"/>
<pin id="308" dir="1" index="4" bw="8" slack="0"/>
</pin_list>
<bind>
<opcode="phi(47) " fcode="phi"/>
<opset="j_0_i/3 "/>
</bind>
</comp>

<comp id="310" class="1005" name="acc_0_i_reg_310">
<pin_list>
<pin id="311" dir="0" index="0" bw="16" slack="1"/>
<pin id="312" dir="1" index="1" bw="16" slack="1"/>
</pin_list>
<bind>
<opset="acc_0_i (phireg) "/>
</bind>
</comp>

<comp id="314" class="1004" name="acc_0_i_phi_fu_314">
<pin_list>
<pin id="315" dir="0" index="0" bw="16" slack="1"/>
<pin id="316" dir="0" index="1" bw="0" slack="2147483647"/>
<pin id="317" dir="0" index="2" bw="16" slack="1"/>
<pin id="318" dir="0" index="3" bw="0" slack="2147483647"/>
<pin id="319" dir="1" index="4" bw="16" slack="0"/>
</pin_list>
<bind>
<opcode="phi(47) " fcode="phi"/>
<opset="acc_0_i/4 "/>
</bind>
</comp>

<comp id="323" class="1005" name="i_0_i_reg_323">
<pin_list>
<pin id="324" dir="0" index="0" bw="6" slack="1"/>
<pin id="325" dir="1" index="1" bw="6" slack="1"/>
</pin_list>
<bind>
<opset="i_0_i (phireg) "/>
</bind>
</comp>

<comp id="327" class="1004" name="i_0_i_phi_fu_327">
<pin_list>
<pin id="328" dir="0" index="0" bw="1" slack="1"/>
<pin id="329" dir="0" index="1" bw="0" slack="2147483647"/>
<pin id="330" dir="0" index="2" bw="6" slack="0"/>
<pin id="331" dir="0" index="3" bw="0" slack="2147483647"/>
<pin id="332" dir="1" index="4" bw="6" slack="0"/>
</pin_list>
<bind>
<opcode="phi(47) " fcode="phi"/>
<opset="i_0_i/4 "/>
</bind>
</comp>

<comp id="334" class="1005" name="c_0_i_reg_334">
<pin_list>
<pin id="335" dir="0" index="0" bw="8" slack="1"/>
<pin id="336" dir="1" index="1" bw="8" slack="1"/>
</pin_list>
<bind>
<opset="c_0_i (phireg) "/>
</bind>
</comp>

<comp id="338" class="1004" name="c_0_i_phi_fu_338">
<pin_list>
<pin id="339" dir="0" index="0" bw="8" slack="0"/>
<pin id="340" dir="0" index="1" bw="0" slack="2147483647"/>
<pin id="341" dir="0" index="2" bw="1" slack="1"/>
<pin id="342" dir="0" index="3" bw="0" slack="2147483647"/>
<pin id="343" dir="1" index="4" bw="8" slack="0"/>
</pin_list>
<bind>
<opcode="phi(47) " fcode="phi"/>
<opset="c_0_i/15 "/>
</bind>
</comp>

<comp id="345" class="1005" name="j_0_reg_345">
<pin_list>
<pin id="346" dir="0" index="0" bw="8" slack="1"/>
<pin id="347" dir="1" index="1" bw="8" slack="1"/>
</pin_list>
<bind>
<opset="j_0 (phireg) "/>
</bind>
</comp>

<comp id="349" class="1004" name="j_0_phi_fu_349">
<pin_list>
<pin id="350" dir="0" index="0" bw="8" slack="0"/>
<pin id="351" dir="0" index="1" bw="0" slack="2147483647"/>
<pin id="352" dir="0" index="2" bw="1" slack="1"/>
<pin id="353" dir="0" index="3" bw="0" slack="2147483647"/>
<pin id="354" dir="1" index="4" bw="8" slack="0"/>
</pin_list>
<bind>
<opcode="phi(47) " fcode="phi"/>
<opset="j_0/64 "/>
</bind>
</comp>

<comp id="356" class="1005" name="j_0_i4_reg_356">
<pin_list>
<pin id="357" dir="0" index="0" bw="8" slack="1"/>
<pin id="358" dir="1" index="1" bw="8" slack="1"/>
</pin_list>
<bind>
<opset="j_0_i4 (phireg) "/>
</bind>
</comp>

<comp id="360" class="1004" name="j_0_i4_phi_fu_360">
<pin_list>
<pin id="361" dir="0" index="0" bw="8" slack="0"/>
<pin id="362" dir="0" index="1" bw="0" slack="2147483647"/>
<pin id="363" dir="0" index="2" bw="1" slack="1"/>
<pin id="364" dir="0" index="3" bw="0" slack="2147483647"/>
<pin id="365" dir="1" index="4" bw="8" slack="0"/>
</pin_list>
<bind>
<opcode="phi(47) " fcode="phi"/>
<opset="j_0_i4/68 "/>
</bind>
</comp>

<comp id="367" class="1005" name="acc_0_i10_reg_367">
<pin_list>
<pin id="368" dir="0" index="0" bw="16" slack="1"/>
<pin id="369" dir="1" index="1" bw="16" slack="1"/>
</pin_list>
<bind>
<opset="acc_0_i10 (phireg) "/>
</bind>
</comp>

<comp id="371" class="1004" name="acc_0_i10_phi_fu_371">
<pin_list>
<pin id="372" dir="0" index="0" bw="16" slack="1"/>
<pin id="373" dir="0" index="1" bw="0" slack="2147483647"/>
<pin id="374" dir="0" index="2" bw="16" slack="1"/>
<pin id="375" dir="0" index="3" bw="0" slack="2147483647"/>
<pin id="376" dir="1" index="4" bw="16" slack="0"/>
</pin_list>
<bind>
<opcode="phi(47) " fcode="phi"/>
<opset="acc_0_i10/69 "/>
</bind>
</comp>

<comp id="380" class="1005" name="i_0_i11_reg_380">
<pin_list>
<pin id="381" dir="0" index="0" bw="8" slack="1"/>
<pin id="382" dir="1" index="1" bw="8" slack="1"/>
</pin_list>
<bind>
<opset="i_0_i11 (phireg) "/>
</bind>
</comp>

<comp id="384" class="1004" name="i_0_i11_phi_fu_384">
<pin_list>
<pin id="385" dir="0" index="0" bw="1" slack="1"/>
<pin id="386" dir="0" index="1" bw="0" slack="2147483647"/>
<pin id="387" dir="0" index="2" bw="8" slack="0"/>
<pin id="388" dir="0" index="3" bw="0" slack="2147483647"/>
<pin id="389" dir="1" index="4" bw="8" slack="0"/>
</pin_list>
<bind>
<opcode="phi(47) " fcode="phi"/>
<opset="i_0_i11/69 "/>
</bind>
</comp>

<comp id="391" class="1005" name="c_0_i2_reg_391">
<pin_list>
<pin id="392" dir="0" index="0" bw="8" slack="1"/>
<pin id="393" dir="1" index="1" bw="8" slack="1"/>
</pin_list>
<bind>
<opset="c_0_i2 (phireg) "/>
</bind>
</comp>

<comp id="395" class="1004" name="c_0_i2_phi_fu_395">
<pin_list>
<pin id="396" dir="0" index="0" bw="8" slack="0"/>
<pin id="397" dir="0" index="1" bw="0" slack="2147483647"/>
<pin id="398" dir="0" index="2" bw="1" slack="1"/>
<pin id="399" dir="0" index="3" bw="0" slack="2147483647"/>
<pin id="400" dir="1" index="4" bw="8" slack="0"/>
</pin_list>
<bind>
<opcode="phi(47) " fcode="phi"/>
<opset="c_0_i2/80 "/>
</bind>
</comp>

<comp id="402" class="1005" name="j_1_reg_402">
<pin_list>
<pin id="403" dir="0" index="0" bw="8" slack="1"/>
<pin id="404" dir="1" index="1" bw="8" slack="1"/>
</pin_list>
<bind>
<opset="j_1 (phireg) "/>
</bind>
</comp>

<comp id="406" class="1004" name="j_1_phi_fu_406">
<pin_list>
<pin id="407" dir="0" index="0" bw="8" slack="0"/>
<pin id="408" dir="0" index="1" bw="0" slack="2147483647"/>
<pin id="409" dir="0" index="2" bw="1" slack="1"/>
<pin id="410" dir="0" index="3" bw="0" slack="2147483647"/>
<pin id="411" dir="1" index="4" bw="8" slack="0"/>
</pin_list>
<bind>
<opcode="phi(47) " fcode="phi"/>
<opset="j_1/129 "/>
</bind>
</comp>

<comp id="413" class="1004" name="grp_run_all_slices_unrol_fu_413">
<pin_list>
<pin id="414" dir="0" index="0" bw="0" slack="0"/>
<pin id="415" dir="0" index="1" bw="16" slack="0"/>
<pin id="416" dir="0" index="2" bw="16" slack="0"/>
<pin id="417" dir="0" index="3" bw="16" slack="0"/>
<pin id="418" dir="0" index="4" bw="16" slack="0"/>
<pin id="419" dir="0" index="5" bw="16" slack="0"/>
<pin id="420" dir="0" index="6" bw="16" slack="0"/>
<pin id="421" dir="0" index="7" bw="58" slack="0"/>
<pin id="422" dir="0" index="8" bw="26" slack="0"/>
<pin id="423" dir="0" index="9" bw="42" slack="0"/>
<pin id="424" dir="0" index="10" bw="16" slack="0"/>
<pin id="425" dir="0" index="11" bw="16" slack="0"/>
<pin id="426" dir="0" index="12" bw="16" slack="0"/>
<pin id="427" dir="0" index="13" bw="16" slack="0"/>
<pin id="428" dir="0" index="14" bw="16" slack="0"/>
<pin id="429" dir="0" index="15" bw="16" slack="0"/>
<pin id="430" dir="0" index="16" bw="16" slack="0"/>
<pin id="431" dir="0" index="17" bw="16" slack="0"/>
<pin id="432" dir="0" index="18" bw="16" slack="0"/>
<pin id="433" dir="0" index="19" bw="16" slack="0"/>
<pin id="434" dir="0" index="20" bw="16" slack="0"/>
<pin id="435" dir="0" index="21" bw="16" slack="0"/>
<pin id="436" dir="0" index="22" bw="16" slack="0"/>
<pin id="437" dir="0" index="23" bw="16" slack="0"/>
<pin id="438" dir="0" index="24" bw="16" slack="0"/>
<pin id="439" dir="0" index="25" bw="16" slack="0"/>
<pin id="440" dir="0" index="26" bw="16" slack="0"/>
<pin id="441" dir="0" index="27" bw="16" slack="0"/>
<pin id="442" dir="0" index="28" bw="16" slack="0"/>
<pin id="443" dir="0" index="29" bw="16" slack="0"/>
<pin id="444" dir="0" index="30" bw="16" slack="0"/>
<pin id="445" dir="0" index="31" bw="16" slack="0"/>
<pin id="446" dir="0" index="32" bw="16" slack="0"/>
<pin id="447" dir="0" index="33" bw="16" slack="0"/>
<pin id="448" dir="0" index="34" bw="16" slack="0"/>
<pin id="449" dir="0" index="35" bw="16" slack="0"/>
<pin id="450" dir="0" index="36" bw="16" slack="0"/>
<pin id="451" dir="0" index="37" bw="10" slack="0"/>
<pin id="452" dir="0" index="38" bw="16" slack="0"/>
<pin id="453" dir="0" index="39" bw="16" slack="0"/>
<pin id="454" dir="0" index="40" bw="16" slack="0"/>
<pin id="455" dir="0" index="41" bw="16" slack="0"/>
<pin id="456" dir="0" index="42" bw="16" slack="0"/>
<pin id="457" dir="0" index="43" bw="16" slack="0"/>
<pin id="458" dir="0" index="44" bw="16" slack="0"/>
<pin id="459" dir="1" index="45" bw="0" slack="2147483647"/>
</pin_list>
<bind>
<opcode="call(48) " fcode="call"/>
<opset="call_ln263/1 "/>
</bind>
</comp>

<comp id="505" class="1004" name="grp_fu_505">
<pin_list>
<pin id="506" dir="0" index="0" bw="32" slack="1"/>
<pin id="507" dir="0" index="1" bw="32" slack="1"/>
<pin id="508" dir="1" index="2" bw="32" slack="1"/>
</pin_list>
<bind>
<opcode="fdiv(16) " fcode="fdiv"/>
<opset="tmp_46/36 tmp_54/101 "/>
</bind>
</comp>

<comp id="509" class="1004" name="grp_fu_509">
<pin_list>
<pin id="510" dir="0" index="0" bw="32" slack="0"/>
<pin id="511" dir="0" index="1" bw="32" slack="1"/>
<pin id="512" dir="1" index="2" bw="32" slack="1"/>
</pin_list>
<bind>
<opcode="fsqrt(503) " fcode="fsqrt"/>
<opset="tmp_45/24 tmp_53/89 "/>
</bind>
</comp>

<comp id="514" class="1004" name="grp_fu_514">
<pin_list>
<pin id="515" dir="0" index="0" bw="32" slack="1"/>
<pin id="516" dir="1" index="1" bw="16" slack="1"/>
</pin_list>
<bind>
<opcode="sptohp(532) " fcode="sptohp"/>
<opset="n/52 n_5/117 "/>
</bind>
</comp>

<comp id="517" class="1004" name="grp_fu_517">
<pin_list>
<pin id="518" dir="0" index="0" bw="16" slack="0"/>
<pin id="519" dir="1" index="1" bw="32" slack="1"/>
</pin_list>
<bind>
<opcode="hptosp(533) " fcode="hptosp"/>
<opset="tmp_44/22 tmp/34 tmp_52/87 tmp_50/99 "/>
</bind>
</comp>

<comp id="522" class="1004" name="grp_fu_522">
<pin_list>
<pin id="523" dir="0" index="0" bw="16" slack="1"/>
<pin id="524" dir="0" index="1" bw="16" slack="0"/>
<pin id="525" dir="1" index="2" bw="16" slack="1"/>
</pin_list>
<bind>
<opcode="hadd(534) " fcode="hadd"/>
<opset="acc/10 tmp_s/17 tmp_48/58 acc_1/75 tmp_51/82 tmp_56/123 "/>
</bind>
</comp>

<comp id="530" class="1004" name="grp_fu_530">
<pin_list>
<pin id="531" dir="0" index="0" bw="16" slack="1"/>
<pin id="532" dir="0" index="1" bw="16" slack="1"/>
<pin id="533" dir="1" index="2" bw="16" slack="1"/>
</pin_list>
<bind>
<opcode="hmul(536) " fcode="hmul"/>
<opset="tmp_i/6 tmp_47/54 tmp_i1/71 tmp_55/119 "/>
</bind>
</comp>

<comp id="534" class="1004" name="grp_fu_534">
<pin_list>
<pin id="535" dir="0" index="0" bw="16" slack="0"/>
<pin id="536" dir="0" index="1" bw="16" slack="0"/>
<pin id="537" dir="1" index="2" bw="1" slack="0"/>
</pin_list>
<bind>
<opcode="hcmp(539) " fcode="hcmp"/>
<opset="tmp_49/65 tmp_57/130 "/>
</bind>
</comp>

<comp id="541" class="1005" name="reg_541">
<pin_list>
<pin id="542" dir="0" index="0" bw="16" slack="1"/>
<pin id="543" dir="1" index="1" bw="16" slack="1"/>
</pin_list>
<bind>
<opset="tmp_i tmp_47 tmp_i1 tmp_55 "/>
</bind>
</comp>

<comp id="547" class="1005" name="reg_547">
<pin_list>
<pin id="548" dir="0" index="0" bw="16" slack="1"/>
<pin id="549" dir="1" index="1" bw="16" slack="1"/>
</pin_list>
<bind>
<opset="acc tmp_s tmp_48 acc_1 tmp_51 tmp_56 "/>
</bind>
</comp>

<comp id="556" class="1005" name="reg_556">
<pin_list>
<pin id="557" dir="0" index="0" bw="32" slack="1"/>
<pin id="558" dir="1" index="1" bw="32" slack="1"/>
</pin_list>
<bind>
<opset="tmp_44 tmp tmp_52 tmp_50 "/>
</bind>
</comp>

<comp id="562" class="1005" name="reg_562">
<pin_list>
<pin id="563" dir="0" index="0" bw="16" slack="1"/>
<pin id="564" dir="1" index="1" bw="16" slack="1"/>
</pin_list>
<bind>
<opset="z0_load z0_load_1 z0_load_2 "/>
</bind>
</comp>

<comp id="569" class="1005" name="reg_569">
<pin_list>
<pin id="570" dir="0" index="0" bw="32" slack="1"/>
<pin id="571" dir="1" index="1" bw="32" slack="1"/>
</pin_list>
<bind>
<opset="tmp_45 tmp_53 "/>
</bind>
</comp>

<comp id="574" class="1005" name="reg_574">
<pin_list>
<pin id="575" dir="0" index="0" bw="32" slack="1"/>
<pin id="576" dir="1" index="1" bw="32" slack="1"/>
</pin_list>
<bind>
<opset="tmp_46 tmp_54 "/>
</bind>
</comp>

<comp id="579" class="1005" name="reg_579">
<pin_list>
<pin id="580" dir="0" index="0" bw="16" slack="1"/>
<pin id="581" dir="1" index="1" bw="16" slack="1"/>
</pin_list>
<bind>
<opset="n n_5 "/>
</bind>
</comp>

<comp id="584" class="1005" name="reg_584">
<pin_list>
<pin id="585" dir="0" index="0" bw="16" slack="1"/>
<pin id="586" dir="1" index="1" bw="16" slack="1"/>
</pin_list>
<bind>
<opset="z1_load z1_load_1 "/>
</bind>
</comp>

<comp id="590" class="1004" name="j_0_i_cast5_fu_590">
<pin_list>
<pin id="591" dir="0" index="0" bw="8" slack="0"/>
<pin id="592" dir="1" index="1" bw="12" slack="1"/>
</pin_list>
<bind>
<opcode="zext(34) " fcode="zext"/>
<opset="j_0_i_cast5/3 "/>
</bind>
</comp>

<comp id="594" class="1004" name="icmp_ln162_fu_594">
<pin_list>
<pin id="595" dir="0" index="0" bw="8" slack="0"/>
<pin id="596" dir="0" index="1" bw="8" slack="0"/>
<pin id="597" dir="1" index="2" bw="1" slack="2147483647"/>
</pin_list>
<bind>
<opcode="icmp(45) " fcode="icmp"/>
<opset="icmp_ln162/3 "/>
</bind>
</comp>

<comp id="600" class="1004" name="j_11_fu_600">
<pin_list>
<pin id="601" dir="0" index="0" bw="8" slack="0"/>
<pin id="602" dir="0" index="1" bw="1" slack="0"/>
<pin id="603" dir="1" index="2" bw="8" slack="0"/>
</pin_list>
<bind>
<opcode="add(8) " fcode="add"/>
<opset="j_11/3 "/>
</bind>
</comp>

<comp id="606" class="1004" name="zext_ln163_fu_606">
<pin_list>
<pin id="607" dir="0" index="0" bw="8" slack="0"/>
<pin id="608" dir="1" index="1" bw="64" slack="1"/>
</pin_list>
<bind>
<opcode="zext(34) " fcode="zext"/>
<opset="zext_ln163/3 "/>
</bind>
</comp>

<comp id="610" class="1004" name="icmp_ln164_fu_610">
<pin_list>
<pin id="611" dir="0" index="0" bw="6" slack="0"/>
<pin id="612" dir="0" index="1" bw="6" slack="0"/>
<pin id="613" dir="1" index="2" bw="1" slack="2147483647"/>
</pin_list>
<bind>
<opcode="icmp(45) " fcode="icmp"/>
<opset="icmp_ln164/4 "/>
</bind>
</comp>

<comp id="616" class="1004" name="i_fu_616">
<pin_list>
<pin id="617" dir="0" index="0" bw="6" slack="0"/>
<pin id="618" dir="0" index="1" bw="1" slack="0"/>
<pin id="619" dir="1" index="2" bw="6" slack="0"/>
</pin_list>
<bind>
<opcode="add(8) " fcode="add"/>
<opset="i/4 "/>
</bind>
</comp>

<comp id="622" class="1004" name="zext_ln165_fu_622">
<pin_list>
<pin id="623" dir="0" index="0" bw="6" slack="0"/>
<pin id="624" dir="1" index="1" bw="64" slack="0"/>
</pin_list>
<bind>
<opcode="zext(34) " fcode="zext"/>
<opset="zext_ln165/4 "/>
</bind>
</comp>

<comp id="627" class="1004" name="trunc_ln165_fu_627">
<pin_list>
<pin id="628" dir="0" index="0" bw="6" slack="0"/>
<pin id="629" dir="1" index="1" bw="5" slack="0"/>
</pin_list>
<bind>
<opcode="trunc(33) " fcode="trunc"/>
<opset="trunc_ln165/4 "/>
</bind>
</comp>

<comp id="631" class="1004" name="shl_ln_fu_631">
<pin_list>
<pin id="632" dir="0" index="0" bw="12" slack="0"/>
<pin id="633" dir="0" index="1" bw="5" slack="0"/>
<pin id="634" dir="0" index="2" bw="1" slack="0"/>
<pin id="635" dir="1" index="3" bw="12" slack="0"/>
</pin_list>
<bind>
<opcode="bitconcatenate(1004) " fcode="bitconcatenate"/>
<opset="shl_ln/4 "/>
</bind>
</comp>

<comp id="639" class="1004" name="add_ln165_fu_639">
<pin_list>
<pin id="640" dir="0" index="0" bw="8" slack="1"/>
<pin id="641" dir="0" index="1" bw="12" slack="0"/>
<pin id="642" dir="1" index="2" bw="12" slack="0"/>
</pin_list>
<bind>
<opcode="add(8) " fcode="add"/>
<opset="add_ln165/4 "/>
</bind>
</comp>

<comp id="644" class="1004" name="zext_ln165_1_fu_644">
<pin_list>
<pin id="645" dir="0" index="0" bw="12" slack="0"/>
<pin id="646" dir="1" index="1" bw="64" slack="0"/>
</pin_list>
<bind>
<opcode="zext(34) " fcode="zext"/>
<opset="zext_ln165_1/4 "/>
</bind>
</comp>

<comp id="649" class="1004" name="icmp_ln152_fu_649">
<pin_list>
<pin id="650" dir="0" index="0" bw="8" slack="0"/>
<pin id="651" dir="0" index="1" bw="8" slack="0"/>
<pin id="652" dir="1" index="2" bw="1" slack="2147483647"/>
</pin_list>
<bind>
<opcode="icmp(45) " fcode="icmp"/>
<opset="icmp_ln152/15 "/>
</bind>
</comp>

<comp id="655" class="1004" name="c_fu_655">
<pin_list>
<pin id="656" dir="0" index="0" bw="8" slack="0"/>
<pin id="657" dir="0" index="1" bw="1" slack="0"/>
<pin id="658" dir="1" index="2" bw="8" slack="0"/>
</pin_list>
<bind>
<opcode="add(8) " fcode="add"/>
<opset="c/15 "/>
</bind>
</comp>

<comp id="661" class="1004" name="zext_ln153_fu_661">
<pin_list>
<pin id="662" dir="0" index="0" bw="8" slack="0"/>
<pin id="663" dir="1" index="1" bw="64" slack="0"/>
</pin_list>
<bind>
<opcode="zext(34) " fcode="zext"/>
<opset="zext_ln153/15 "/>
</bind>
</comp>

<comp id="668" class="1004" name="icmp_ln271_fu_668">
<pin_list>
<pin id="669" dir="0" index="0" bw="8" slack="0"/>
<pin id="670" dir="0" index="1" bw="8" slack="0"/>
<pin id="671" dir="1" index="2" bw="1" slack="2147483647"/>
</pin_list>
<bind>
<opcode="icmp(45) " fcode="icmp"/>
<opset="icmp_ln271/64 "/>
</bind>
</comp>

<comp id="674" class="1004" name="j_fu_674">
<pin_list>
<pin id="675" dir="0" index="0" bw="8" slack="0"/>
<pin id="676" dir="0" index="1" bw="1" slack="0"/>
<pin id="677" dir="1" index="2" bw="8" slack="0"/>
</pin_list>
<bind>
<opcode="add(8) " fcode="add"/>
<opset="j/64 "/>
</bind>
</comp>

<comp id="680" class="1004" name="zext_ln271_fu_680">
<pin_list>
<pin id="681" dir="0" index="0" bw="8" slack="0"/>
<pin id="682" dir="1" index="1" bw="64" slack="0"/>
</pin_list>
<bind>
<opcode="zext(34) " fcode="zext"/>
<opset="zext_ln271/64 "/>
</bind>
</comp>

<comp id="685" class="1004" name="select_ln46_fu_685">
<pin_list>
<pin id="686" dir="0" index="0" bw="1" slack="0"/>
<pin id="687" dir="0" index="1" bw="16" slack="1"/>
<pin id="688" dir="0" index="2" bw="16" slack="0"/>
<pin id="689" dir="1" index="3" bw="16" slack="1"/>
</pin_list>
<bind>
<opcode="select(49) " fcode="select"/>
<opset="select_ln46/66 "/>
</bind>
</comp>

<comp id="693" class="1004" name="j_0_i4_cast3_fu_693">
<pin_list>
<pin id="694" dir="0" index="0" bw="8" slack="0"/>
<pin id="695" dir="1" index="1" bw="14" slack="1"/>
</pin_list>
<bind>
<opcode="zext(34) " fcode="zext"/>
<opset="j_0_i4_cast3/68 "/>
</bind>
</comp>

<comp id="697" class="1004" name="icmp_ln162_1_fu_697">
<pin_list>
<pin id="698" dir="0" index="0" bw="8" slack="0"/>
<pin id="699" dir="0" index="1" bw="8" slack="0"/>
<pin id="700" dir="1" index="2" bw="1" slack="2147483647"/>
</pin_list>
<bind>
<opcode="icmp(45) " fcode="icmp"/>
<opset="icmp_ln162_1/68 "/>
</bind>
</comp>

<comp id="703" class="1004" name="j_12_fu_703">
<pin_list>
<pin id="704" dir="0" index="0" bw="8" slack="0"/>
<pin id="705" dir="0" index="1" bw="1" slack="0"/>
<pin id="706" dir="1" index="2" bw="8" slack="0"/>
</pin_list>
<bind>
<opcode="add(8) " fcode="add"/>
<opset="j_12/68 "/>
</bind>
</comp>

<comp id="709" class="1004" name="zext_ln163_1_fu_709">
<pin_list>
<pin id="710" dir="0" index="0" bw="8" slack="0"/>
<pin id="711" dir="1" index="1" bw="64" slack="1"/>
</pin_list>
<bind>
<opcode="zext(34) " fcode="zext"/>
<opset="zext_ln163_1/68 "/>
</bind>
</comp>

<comp id="713" class="1004" name="icmp_ln164_1_fu_713">
<pin_list>
<pin id="714" dir="0" index="0" bw="8" slack="0"/>
<pin id="715" dir="0" index="1" bw="8" slack="0"/>
<pin id="716" dir="1" index="2" bw="1" slack="2147483647"/>
</pin_list>
<bind>
<opcode="icmp(45) " fcode="icmp"/>
<opset="icmp_ln164_1/69 "/>
</bind>
</comp>

<comp id="719" class="1004" name="i_1_fu_719">
<pin_list>
<pin id="720" dir="0" index="0" bw="8" slack="0"/>
<pin id="721" dir="0" index="1" bw="1" slack="0"/>
<pin id="722" dir="1" index="2" bw="8" slack="0"/>
</pin_list>
<bind>
<opcode="add(8) " fcode="add"/>
<opset="i_1/69 "/>
</bind>
</comp>

<comp id="725" class="1004" name="zext_ln165_2_fu_725">
<pin_list>
<pin id="726" dir="0" index="0" bw="8" slack="0"/>
<pin id="727" dir="1" index="1" bw="64" slack="0"/>
</pin_list>
<bind>
<opcode="zext(34) " fcode="zext"/>
<opset="zext_ln165_2/69 "/>
</bind>
</comp>

<comp id="730" class="1004" name="trunc_ln165_1_fu_730">
<pin_list>
<pin id="731" dir="0" index="0" bw="8" slack="0"/>
<pin id="732" dir="1" index="1" bw="7" slack="0"/>
</pin_list>
<bind>
<opcode="trunc(33) " fcode="trunc"/>
<opset="trunc_ln165_1/69 "/>
</bind>
</comp>

<comp id="734" class="1004" name="shl_ln165_1_fu_734">
<pin_list>
<pin id="735" dir="0" index="0" bw="14" slack="0"/>
<pin id="736" dir="0" index="1" bw="7" slack="0"/>
<pin id="737" dir="0" index="2" bw="1" slack="0"/>
<pin id="738" dir="1" index="3" bw="14" slack="0"/>
</pin_list>
<bind>
<opcode="bitconcatenate(1004) " fcode="bitconcatenate"/>
<opset="shl_ln165_1/69 "/>
</bind>
</comp>

<comp id="742" class="1004" name="add_ln165_1_fu_742">
<pin_list>
<pin id="743" dir="0" index="0" bw="8" slack="1"/>
<pin id="744" dir="0" index="1" bw="14" slack="0"/>
<pin id="745" dir="1" index="2" bw="14" slack="0"/>
</pin_list>
<bind>
<opcode="add(8) " fcode="add"/>
<opset="add_ln165_1/69 "/>
</bind>
</comp>

<comp id="747" class="1004" name="zext_ln165_3_fu_747">
<pin_list>
<pin id="748" dir="0" index="0" bw="14" slack="0"/>
<pin id="749" dir="1" index="1" bw="64" slack="0"/>
</pin_list>
<bind>
<opcode="zext(34) " fcode="zext"/>
<opset="zext_ln165_3/69 "/>
</bind>
</comp>

<comp id="752" class="1004" name="icmp_ln152_5_fu_752">
<pin_list>
<pin id="753" dir="0" index="0" bw="8" slack="0"/>
<pin id="754" dir="0" index="1" bw="8" slack="0"/>
<pin id="755" dir="1" index="2" bw="1" slack="2147483647"/>
</pin_list>
<bind>
<opcode="icmp(45) " fcode="icmp"/>
<opset="icmp_ln152_5/80 "/>
</bind>
</comp>

<comp id="758" class="1004" name="c_5_fu_758">
<pin_list>
<pin id="759" dir="0" index="0" bw="8" slack="0"/>
<pin id="760" dir="0" index="1" bw="1" slack="0"/>
<pin id="761" dir="1" index="2" bw="8" slack="0"/>
</pin_list>
<bind>
<opcode="add(8) " fcode="add"/>
<opset="c_5/80 "/>
</bind>
</comp>

<comp id="764" class="1004" name="zext_ln153_5_fu_764">
<pin_list>
<pin id="765" dir="0" index="0" bw="8" slack="0"/>
<pin id="766" dir="1" index="1" bw="64" slack="0"/>
</pin_list>
<bind>
<opcode="zext(34) " fcode="zext"/>
<opset="zext_ln153_5/80 "/>
</bind>
</comp>

<comp id="771" class="1004" name="icmp_ln276_fu_771">
<pin_list>
<pin id="772" dir="0" index="0" bw="8" slack="0"/>
<pin id="773" dir="0" index="1" bw="8" slack="0"/>
<pin id="774" dir="1" index="2" bw="1" slack="2147483647"/>
</pin_list>
<bind>
<opcode="icmp(45) " fcode="icmp"/>
<opset="icmp_ln276/129 "/>
</bind>
</comp>

<comp id="777" class="1004" name="j_13_fu_777">
<pin_list>
<pin id="778" dir="0" index="0" bw="8" slack="0"/>
<pin id="779" dir="0" index="1" bw="1" slack="0"/>
<pin id="780" dir="1" index="2" bw="8" slack="0"/>
</pin_list>
<bind>
<opcode="add(8) " fcode="add"/>
<opset="j_13/129 "/>
</bind>
</comp>

<comp id="783" class="1004" name="zext_ln276_fu_783">
<pin_list>
<pin id="784" dir="0" index="0" bw="8" slack="0"/>
<pin id="785" dir="1" index="1" bw="64" slack="0"/>
</pin_list>
<bind>
<opcode="zext(34) " fcode="zext"/>
<opset="zext_ln276/129 "/>
</bind>
</comp>

<comp id="788" class="1004" name="select_ln46_1_fu_788">
<pin_list>
<pin id="789" dir="0" index="0" bw="1" slack="0"/>
<pin id="790" dir="0" index="1" bw="16" slack="1"/>
<pin id="791" dir="0" index="2" bw="16" slack="0"/>
<pin id="792" dir="1" index="3" bw="16" slack="1"/>
</pin_list>
<bind>
<opcode="select(49) " fcode="select"/>
<opset="select_ln46_1/131 "/>
</bind>
</comp>

<comp id="796" class="1005" name="j_0_i_cast5_reg_796">
<pin_list>
<pin id="797" dir="0" index="0" bw="12" slack="1"/>
<pin id="798" dir="1" index="1" bw="12" slack="1"/>
</pin_list>
<bind>
<opset="j_0_i_cast5 "/>
</bind>
</comp>

<comp id="804" class="1005" name="j_11_reg_804">
<pin_list>
<pin id="805" dir="0" index="0" bw="8" slack="0"/>
<pin id="806" dir="1" index="1" bw="8" slack="0"/>
</pin_list>
<bind>
<opset="j_11 "/>
</bind>
</comp>

<comp id="809" class="1005" name="zext_ln163_reg_809">
<pin_list>
<pin id="810" dir="0" index="0" bw="64" slack="1"/>
<pin id="811" dir="1" index="1" bw="64" slack="1"/>
</pin_list>
<bind>
<opset="zext_ln163 "/>
</bind>
</comp>

<comp id="817" class="1005" name="i_reg_817">
<pin_list>
<pin id="818" dir="0" index="0" bw="6" slack="0"/>
<pin id="819" dir="1" index="1" bw="6" slack="0"/>
</pin_list>
<bind>
<opset="i "/>
</bind>
</comp>

<comp id="822" class="1005" name="merged_addr_reg_822">
<pin_list>
<pin id="823" dir="0" index="0" bw="5" slack="1"/>
<pin id="824" dir="1" index="1" bw="5" slack="1"/>
</pin_list>
<bind>
<opset="merged_addr "/>
</bind>
</comp>

<comp id="827" class="1005" name="fc_0_W_addr_reg_827">
<pin_list>
<pin id="828" dir="0" index="0" bw="12" slack="1"/>
<pin id="829" dir="1" index="1" bw="12" slack="1"/>
</pin_list>
<bind>
<opset="fc_0_W_addr "/>
</bind>
</comp>

<comp id="832" class="1005" name="merged_load_reg_832">
<pin_list>
<pin id="833" dir="0" index="0" bw="16" slack="1"/>
<pin id="834" dir="1" index="1" bw="16" slack="1"/>
</pin_list>
<bind>
<opset="merged_load "/>
</bind>
</comp>

<comp id="837" class="1005" name="fc_0_W_load_reg_837">
<pin_list>
<pin id="838" dir="0" index="0" bw="16" slack="1"/>
<pin id="839" dir="1" index="1" bw="16" slack="1"/>
</pin_list>
<bind>
<opset="fc_0_W_load "/>
</bind>
</comp>

<comp id="845" class="1005" name="c_reg_845">
<pin_list>
<pin id="846" dir="0" index="0" bw="8" slack="0"/>
<pin id="847" dir="1" index="1" bw="8" slack="0"/>
</pin_list>
<bind>
<opset="c "/>
</bind>
</comp>

<comp id="850" class="1005" name="z0_addr_reg_850">
<pin_list>
<pin id="851" dir="0" index="0" bw="7" slack="18"/>
<pin id="852" dir="1" index="1" bw="7" slack="18"/>
</pin_list>
<bind>
<opset="z0_addr "/>
</bind>
</comp>

<comp id="855" class="1005" name="fc_0_bn_var_addr_reg_855">
<pin_list>
<pin id="856" dir="0" index="0" bw="7" slack="1"/>
<pin id="857" dir="1" index="1" bw="7" slack="1"/>
</pin_list>
<bind>
<opset="fc_0_bn_var_addr "/>
</bind>
</comp>

<comp id="860" class="1005" name="fc_0_bn_gamma_addr_reg_860">
<pin_list>
<pin id="861" dir="0" index="0" bw="7" slack="1"/>
<pin id="862" dir="1" index="1" bw="7" slack="1"/>
</pin_list>
<bind>
<opset="fc_0_bn_gamma_addr "/>
</bind>
</comp>

<comp id="865" class="1005" name="fc_0_bn_var_load_reg_865">
<pin_list>
<pin id="866" dir="0" index="0" bw="16" slack="1"/>
<pin id="867" dir="1" index="1" bw="16" slack="1"/>
</pin_list>
<bind>
<opset="fc_0_bn_var_load "/>
</bind>
</comp>

<comp id="870" class="1005" name="fc_0_bn_gamma_load_reg_870">
<pin_list>
<pin id="871" dir="0" index="0" bw="16" slack="38"/>
<pin id="872" dir="1" index="1" bw="16" slack="38"/>
</pin_list>
<bind>
<opset="fc_0_bn_gamma_load "/>
</bind>
</comp>

<comp id="878" class="1005" name="j_reg_878">
<pin_list>
<pin id="879" dir="0" index="0" bw="8" slack="0"/>
<pin id="880" dir="1" index="1" bw="8" slack="0"/>
</pin_list>
<bind>
<opset="j "/>
</bind>
</comp>

<comp id="883" class="1005" name="z0_addr_2_reg_883">
<pin_list>
<pin id="884" dir="0" index="0" bw="7" slack="1"/>
<pin id="885" dir="1" index="1" bw="7" slack="1"/>
</pin_list>
<bind>
<opset="z0_addr_2 "/>
</bind>
</comp>

<comp id="888" class="1005" name="select_ln46_reg_888">
<pin_list>
<pin id="889" dir="0" index="0" bw="16" slack="1"/>
<pin id="890" dir="1" index="1" bw="16" slack="1"/>
</pin_list>
<bind>
<opset="select_ln46 "/>
</bind>
</comp>

<comp id="893" class="1005" name="j_0_i4_cast3_reg_893">
<pin_list>
<pin id="894" dir="0" index="0" bw="14" slack="1"/>
<pin id="895" dir="1" index="1" bw="14" slack="1"/>
</pin_list>
<bind>
<opset="j_0_i4_cast3 "/>
</bind>
</comp>

<comp id="901" class="1005" name="j_12_reg_901">
<pin_list>
<pin id="902" dir="0" index="0" bw="8" slack="0"/>
<pin id="903" dir="1" index="1" bw="8" slack="0"/>
</pin_list>
<bind>
<opset="j_12 "/>
</bind>
</comp>

<comp id="906" class="1005" name="zext_ln163_1_reg_906">
<pin_list>
<pin id="907" dir="0" index="0" bw="64" slack="1"/>
<pin id="908" dir="1" index="1" bw="64" slack="1"/>
</pin_list>
<bind>
<opset="zext_ln163_1 "/>
</bind>
</comp>

<comp id="914" class="1005" name="i_1_reg_914">
<pin_list>
<pin id="915" dir="0" index="0" bw="8" slack="0"/>
<pin id="916" dir="1" index="1" bw="8" slack="0"/>
</pin_list>
<bind>
<opset="i_1 "/>
</bind>
</comp>

<comp id="919" class="1005" name="z0_addr_3_reg_919">
<pin_list>
<pin id="920" dir="0" index="0" bw="7" slack="1"/>
<pin id="921" dir="1" index="1" bw="7" slack="1"/>
</pin_list>
<bind>
<opset="z0_addr_3 "/>
</bind>
</comp>

<comp id="924" class="1005" name="fc_1_W_addr_reg_924">
<pin_list>
<pin id="925" dir="0" index="0" bw="14" slack="1"/>
<pin id="926" dir="1" index="1" bw="14" slack="1"/>
</pin_list>
<bind>
<opset="fc_1_W_addr "/>
</bind>
</comp>

<comp id="929" class="1005" name="fc_1_W_load_reg_929">
<pin_list>
<pin id="930" dir="0" index="0" bw="16" slack="1"/>
<pin id="931" dir="1" index="1" bw="16" slack="1"/>
</pin_list>
<bind>
<opset="fc_1_W_load "/>
</bind>
</comp>

<comp id="937" class="1005" name="c_5_reg_937">
<pin_list>
<pin id="938" dir="0" index="0" bw="8" slack="0"/>
<pin id="939" dir="1" index="1" bw="8" slack="0"/>
</pin_list>
<bind>
<opset="c_5 "/>
</bind>
</comp>

<comp id="942" class="1005" name="z1_addr_reg_942">
<pin_list>
<pin id="943" dir="0" index="0" bw="7" slack="18"/>
<pin id="944" dir="1" index="1" bw="7" slack="18"/>
</pin_list>
<bind>
<opset="z1_addr "/>
</bind>
</comp>

<comp id="947" class="1005" name="fc_1_bn_var_addr_reg_947">
<pin_list>
<pin id="948" dir="0" index="0" bw="7" slack="1"/>
<pin id="949" dir="1" index="1" bw="7" slack="1"/>
</pin_list>
<bind>
<opset="fc_1_bn_var_addr "/>
</bind>
</comp>

<comp id="952" class="1005" name="fc_1_bn_gamma_addr_reg_952">
<pin_list>
<pin id="953" dir="0" index="0" bw="7" slack="1"/>
<pin id="954" dir="1" index="1" bw="7" slack="1"/>
</pin_list>
<bind>
<opset="fc_1_bn_gamma_addr "/>
</bind>
</comp>

<comp id="957" class="1005" name="fc_1_bn_var_load_reg_957">
<pin_list>
<pin id="958" dir="0" index="0" bw="16" slack="1"/>
<pin id="959" dir="1" index="1" bw="16" slack="1"/>
</pin_list>
<bind>
<opset="fc_1_bn_var_load "/>
</bind>
</comp>

<comp id="962" class="1005" name="fc_1_bn_gamma_load_reg_962">
<pin_list>
<pin id="963" dir="0" index="0" bw="16" slack="38"/>
<pin id="964" dir="1" index="1" bw="16" slack="38"/>
</pin_list>
<bind>
<opset="fc_1_bn_gamma_load "/>
</bind>
</comp>

<comp id="970" class="1005" name="j_13_reg_970">
<pin_list>
<pin id="971" dir="0" index="0" bw="8" slack="0"/>
<pin id="972" dir="1" index="1" bw="8" slack="0"/>
</pin_list>
<bind>
<opset="j_13 "/>
</bind>
</comp>

<comp id="975" class="1005" name="z1_addr_1_reg_975">
<pin_list>
<pin id="976" dir="0" index="0" bw="7" slack="1"/>
<pin id="977" dir="1" index="1" bw="7" slack="1"/>
</pin_list>
<bind>
<opset="z1_addr_1 "/>
</bind>
</comp>

<comp id="980" class="1005" name="select_ln46_1_reg_980">
<pin_list>
<pin id="981" dir="0" index="0" bw="16" slack="1"/>
<pin id="982" dir="1" index="1" bw="16" slack="1"/>
</pin_list>
<bind>
<opset="select_ln46_1 "/>
</bind>
</comp>

</comp_list>

<net_list>
<net id="143"><net_src comp="98" pin="0"/><net_sink comp="140" pin=0"/></net>

<net id="147"><net_src comp="98" pin="0"/><net_sink comp="144" pin=0"/></net>

<net id="151"><net_src comp="98" pin="0"/><net_sink comp="148" pin=0"/></net>

<net id="157"><net_src comp="128" pin="0"/><net_sink comp="152" pin=1"/></net>

<net id="163"><net_src comp="152" pin="3"/><net_sink comp="158" pin=0"/></net>

<net id="169"><net_src comp="86" pin="0"/><net_sink comp="164" pin=0"/></net>

<net id="170"><net_src comp="128" pin="0"/><net_sink comp="164" pin=1"/></net>

<net id="176"><net_src comp="164" pin="3"/><net_sink comp="171" pin=0"/></net>

<net id="182"><net_src comp="128" pin="0"/><net_sink comp="177" pin=1"/></net>

<net id="188"><net_src comp="177" pin="3"/><net_sink comp="183" pin=0"/></net>

<net id="194"><net_src comp="128" pin="0"/><net_sink comp="189" pin=1"/></net>

<net id="200"><net_src comp="88" pin="0"/><net_sink comp="195" pin=0"/></net>

<net id="201"><net_src comp="128" pin="0"/><net_sink comp="195" pin=1"/></net>

<net id="207"><net_src comp="195" pin="3"/><net_sink comp="202" pin=0"/></net>

<net id="213"><net_src comp="90" pin="0"/><net_sink comp="208" pin=0"/></net>

<net id="214"><net_src comp="128" pin="0"/><net_sink comp="208" pin=1"/></net>

<net id="220"><net_src comp="208" pin="3"/><net_sink comp="215" pin=0"/></net>

<net id="226"><net_src comp="128" pin="0"/><net_sink comp="221" pin=1"/></net>

<net id="227"><net_src comp="221" pin="3"/><net_sink comp="183" pin=0"/></net>

<net id="233"><net_src comp="128" pin="0"/><net_sink comp="228" pin=1"/></net>

<net id="234"><net_src comp="228" pin="3"/><net_sink comp="183" pin=0"/></net>

<net id="240"><net_src comp="92" pin="0"/><net_sink comp="235" pin=0"/></net>

<net id="241"><net_src comp="128" pin="0"/><net_sink comp="235" pin=1"/></net>

<net id="247"><net_src comp="235" pin="3"/><net_sink comp="242" pin=0"/></net>

<net id="253"><net_src comp="128" pin="0"/><net_sink comp="248" pin=1"/></net>

<net id="259"><net_src comp="248" pin="3"/><net_sink comp="254" pin=0"/></net>

<net id="265"><net_src comp="128" pin="0"/><net_sink comp="260" pin=1"/></net>

<net id="271"><net_src comp="94" pin="0"/><net_sink comp="266" pin=0"/></net>

<net id="272"><net_src comp="128" pin="0"/><net_sink comp="266" pin=1"/></net>

<net id="278"><net_src comp="266" pin="3"/><net_sink comp="273" pin=0"/></net>

<net id="284"><net_src comp="96" pin="0"/><net_sink comp="279" pin=0"/></net>

<net id="285"><net_src comp="128" pin="0"/><net_sink comp="279" pin=1"/></net>

<net id="291"><net_src comp="279" pin="3"/><net_sink comp="286" pin=0"/></net>

<net id="297"><net_src comp="128" pin="0"/><net_sink comp="292" pin=1"/></net>

<net id="298"><net_src comp="292" pin="3"/><net_sink comp="254" pin=0"/></net>

<net id="302"><net_src comp="108" pin="0"/><net_sink comp="299" pin=0"/></net>

<net id="309"><net_src comp="299" pin="1"/><net_sink comp="303" pin=0"/></net>

<net id="313"><net_src comp="118" pin="0"/><net_sink comp="310" pin=0"/></net>

<net id="320"><net_src comp="310" pin="1"/><net_sink comp="314" pin=0"/></net>

<net id="321"><net_src comp="314" pin="4"/><net_sink comp="183" pin=1"/></net>

<net id="322"><net_src comp="314" pin="4"/><net_sink comp="310" pin=0"/></net>

<net id="326"><net_src comp="120" pin="0"/><net_sink comp="323" pin=0"/></net>

<net id="333"><net_src comp="323" pin="1"/><net_sink comp="327" pin=0"/></net>

<net id="337"><net_src comp="108" pin="0"/><net_sink comp="334" pin=0"/></net>

<net id="344"><net_src comp="334" pin="1"/><net_sink comp="338" pin=2"/></net>

<net id="348"><net_src comp="108" pin="0"/><net_sink comp="345" pin=0"/></net>

<net id="355"><net_src comp="345" pin="1"/><net_sink comp="349" pin=2"/></net>

<net id="359"><net_src comp="108" pin="0"/><net_sink comp="356" pin=0"/></net>

<net id="366"><net_src comp="356" pin="1"/><net_sink comp="360" pin=2"/></net>

<net id="370"><net_src comp="118" pin="0"/><net_sink comp="367" pin=0"/></net>

<net id="377"><net_src comp="367" pin="1"/><net_sink comp="371" pin=0"/></net>

<net id="378"><net_src comp="371" pin="4"/><net_sink comp="254" pin=1"/></net>

<net id="379"><net_src comp="371" pin="4"/><net_sink comp="367" pin=0"/></net>

<net id="383"><net_src comp="108" pin="0"/><net_sink comp="380" pin=0"/></net>

<net id="390"><net_src comp="380" pin="1"/><net_sink comp="384" pin=0"/></net>

<net id="394"><net_src comp="108" pin="0"/><net_sink comp="391" pin=0"/></net>

<net id="401"><net_src comp="391" pin="1"/><net_sink comp="395" pin=2"/></net>

<net id="405"><net_src comp="108" pin="0"/><net_sink comp="402" pin=0"/></net>

<net id="412"><net_src comp="402" pin="1"/><net_sink comp="406" pin=2"/></net>

<net id="460"><net_src comp="100" pin="0"/><net_sink comp="413" pin=0"/></net>

<net id="461"><net_src comp="140" pin="1"/><net_sink comp="413" pin=1"/></net>

<net id="462"><net_src comp="0" pin="0"/><net_sink comp="413" pin=2"/></net>

<net id="463"><net_src comp="2" pin="0"/><net_sink comp="413" pin=3"/></net>

<net id="464"><net_src comp="4" pin="0"/><net_sink comp="413" pin=4"/></net>

<net id="465"><net_src comp="6" pin="0"/><net_sink comp="413" pin=5"/></net>

<net id="466"><net_src comp="8" pin="0"/><net_sink comp="413" pin=6"/></net>

<net id="467"><net_src comp="10" pin="0"/><net_sink comp="413" pin=7"/></net>

<net id="468"><net_src comp="12" pin="0"/><net_sink comp="413" pin=8"/></net>

<net id="469"><net_src comp="14" pin="0"/><net_sink comp="413" pin=9"/></net>

<net id="470"><net_src comp="16" pin="0"/><net_sink comp="413" pin=10"/></net>

<net id="471"><net_src comp="18" pin="0"/><net_sink comp="413" pin=11"/></net>

<net id="472"><net_src comp="20" pin="0"/><net_sink comp="413" pin=12"/></net>

<net id="473"><net_src comp="22" pin="0"/><net_sink comp="413" pin=13"/></net>

<net id="474"><net_src comp="24" pin="0"/><net_sink comp="413" pin=14"/></net>

<net id="475"><net_src comp="26" pin="0"/><net_sink comp="413" pin=15"/></net>

<net id="476"><net_src comp="28" pin="0"/><net_sink comp="413" pin=16"/></net>

<net id="477"><net_src comp="30" pin="0"/><net_sink comp="413" pin=17"/></net>

<net id="478"><net_src comp="32" pin="0"/><net_sink comp="413" pin=18"/></net>

<net id="479"><net_src comp="34" pin="0"/><net_sink comp="413" pin=19"/></net>

<net id="480"><net_src comp="36" pin="0"/><net_sink comp="413" pin=20"/></net>

<net id="481"><net_src comp="38" pin="0"/><net_sink comp="413" pin=21"/></net>

<net id="482"><net_src comp="40" pin="0"/><net_sink comp="413" pin=22"/></net>

<net id="483"><net_src comp="42" pin="0"/><net_sink comp="413" pin=23"/></net>

<net id="484"><net_src comp="44" pin="0"/><net_sink comp="413" pin=24"/></net>

<net id="485"><net_src comp="46" pin="0"/><net_sink comp="413" pin=25"/></net>

<net id="486"><net_src comp="48" pin="0"/><net_sink comp="413" pin=26"/></net>

<net id="487"><net_src comp="50" pin="0"/><net_sink comp="413" pin=27"/></net>

<net id="488"><net_src comp="52" pin="0"/><net_sink comp="413" pin=28"/></net>

<net id="489"><net_src comp="54" pin="0"/><net_sink comp="413" pin=29"/></net>

<net id="490"><net_src comp="56" pin="0"/><net_sink comp="413" pin=30"/></net>

<net id="491"><net_src comp="58" pin="0"/><net_sink comp="413" pin=31"/></net>

<net id="492"><net_src comp="60" pin="0"/><net_sink comp="413" pin=32"/></net>

<net id="493"><net_src comp="62" pin="0"/><net_sink comp="413" pin=33"/></net>

<net id="494"><net_src comp="64" pin="0"/><net_sink comp="413" pin=34"/></net>

<net id="495"><net_src comp="66" pin="0"/><net_sink comp="413" pin=35"/></net>

<net id="496"><net_src comp="68" pin="0"/><net_sink comp="413" pin=36"/></net>

<net id="497"><net_src comp="70" pin="0"/><net_sink comp="413" pin=37"/></net>

<net id="498"><net_src comp="72" pin="0"/><net_sink comp="413" pin=38"/></net>

<net id="499"><net_src comp="74" pin="0"/><net_sink comp="413" pin=39"/></net>

<net id="500"><net_src comp="76" pin="0"/><net_sink comp="413" pin=40"/></net>

<net id="501"><net_src comp="78" pin="0"/><net_sink comp="413" pin=41"/></net>

<net id="502"><net_src comp="80" pin="0"/><net_sink comp="413" pin=42"/></net>

<net id="503"><net_src comp="82" pin="0"/><net_sink comp="413" pin=43"/></net>

<net id="504"><net_src comp="84" pin="0"/><net_sink comp="413" pin=44"/></net>

<net id="513"><net_src comp="136" pin="0"/><net_sink comp="509" pin=0"/></net>

<net id="520"><net_src comp="183" pin="3"/><net_sink comp="517" pin=0"/></net>

<net id="521"><net_src comp="254" pin="3"/><net_sink comp="517" pin=0"/></net>

<net id="526"><net_src comp="310" pin="1"/><net_sink comp="522" pin=0"/></net>

<net id="527"><net_src comp="134" pin="0"/><net_sink comp="522" pin=1"/></net>

<net id="528"><net_src comp="118" pin="0"/><net_sink comp="522" pin=1"/></net>

<net id="529"><net_src comp="367" pin="1"/><net_sink comp="522" pin=0"/></net>

<net id="538"><net_src comp="183" pin="3"/><net_sink comp="534" pin=0"/></net>

<net id="539"><net_src comp="118" pin="0"/><net_sink comp="534" pin=1"/></net>

<net id="540"><net_src comp="254" pin="3"/><net_sink comp="534" pin=0"/></net>

<net id="544"><net_src comp="530" pin="2"/><net_sink comp="541" pin=0"/></net>

<net id="545"><net_src comp="541" pin="1"/><net_sink comp="522" pin=1"/></net>

<net id="546"><net_src comp="541" pin="1"/><net_sink comp="522" pin=0"/></net>

<net id="550"><net_src comp="522" pin="2"/><net_sink comp="547" pin=0"/></net>

<net id="551"><net_src comp="547" pin="1"/><net_sink comp="314" pin=2"/></net>

<net id="552"><net_src comp="547" pin="1"/><net_sink comp="517" pin=0"/></net>

<net id="553"><net_src comp="547" pin="1"/><net_sink comp="183" pin=1"/></net>

<net id="554"><net_src comp="547" pin="1"/><net_sink comp="371" pin=2"/></net>

<net id="555"><net_src comp="547" pin="1"/><net_sink comp="254" pin=1"/></net>

<net id="559"><net_src comp="517" pin="1"/><net_sink comp="556" pin=0"/></net>

<net id="560"><net_src comp="556" pin="1"/><net_sink comp="509" pin=1"/></net>

<net id="561"><net_src comp="556" pin="1"/><net_sink comp="505" pin=0"/></net>

<net id="565"><net_src comp="183" pin="3"/><net_sink comp="562" pin=0"/></net>

<net id="566"><net_src comp="562" pin="1"/><net_sink comp="517" pin=0"/></net>

<net id="567"><net_src comp="562" pin="1"/><net_sink comp="534" pin=0"/></net>

<net id="568"><net_src comp="562" pin="1"/><net_sink comp="530" pin=0"/></net>

<net id="572"><net_src comp="509" pin="2"/><net_sink comp="569" pin=0"/></net>

<net id="573"><net_src comp="569" pin="1"/><net_sink comp="505" pin=1"/></net>

<net id="577"><net_src comp="505" pin="2"/><net_sink comp="574" pin=0"/></net>

<net id="578"><net_src comp="574" pin="1"/><net_sink comp="514" pin=0"/></net>

<net id="582"><net_src comp="514" pin="1"/><net_sink comp="579" pin=0"/></net>

<net id="583"><net_src comp="579" pin="1"/><net_sink comp="530" pin=1"/></net>

<net id="587"><net_src comp="254" pin="3"/><net_sink comp="584" pin=0"/></net>

<net id="588"><net_src comp="584" pin="1"/><net_sink comp="517" pin=0"/></net>

<net id="589"><net_src comp="584" pin="1"/><net_sink comp="534" pin=0"/></net>

<net id="593"><net_src comp="303" pin="4"/><net_sink comp="590" pin=0"/></net>

<net id="598"><net_src comp="303" pin="4"/><net_sink comp="594" pin=0"/></net>

<net id="599"><net_src comp="114" pin="0"/><net_sink comp="594" pin=1"/></net>

<net id="604"><net_src comp="303" pin="4"/><net_sink comp="600" pin=0"/></net>

<net id="605"><net_src comp="116" pin="0"/><net_sink comp="600" pin=1"/></net>

<net id="609"><net_src comp="303" pin="4"/><net_sink comp="606" pin=0"/></net>

<net id="614"><net_src comp="327" pin="4"/><net_sink comp="610" pin=0"/></net>

<net id="615"><net_src comp="124" pin="0"/><net_sink comp="610" pin=1"/></net>

<net id="620"><net_src comp="327" pin="4"/><net_sink comp="616" pin=0"/></net>

<net id="621"><net_src comp="126" pin="0"/><net_sink comp="616" pin=1"/></net>

<net id="625"><net_src comp="327" pin="4"/><net_sink comp="622" pin=0"/></net>

<net id="626"><net_src comp="622" pin="1"/><net_sink comp="152" pin=2"/></net>

<net id="630"><net_src comp="327" pin="4"/><net_sink comp="627" pin=0"/></net>

<net id="636"><net_src comp="130" pin="0"/><net_sink comp="631" pin=0"/></net>

<net id="637"><net_src comp="627" pin="1"/><net_sink comp="631" pin=1"/></net>

<net id="638"><net_src comp="132" pin="0"/><net_sink comp="631" pin=2"/></net>

<net id="643"><net_src comp="631" pin="3"/><net_sink comp="639" pin=1"/></net>

<net id="647"><net_src comp="639" pin="2"/><net_sink comp="644" pin=0"/></net>

<net id="648"><net_src comp="644" pin="1"/><net_sink comp="164" pin=2"/></net>

<net id="653"><net_src comp="338" pin="4"/><net_sink comp="649" pin=0"/></net>

<net id="654"><net_src comp="114" pin="0"/><net_sink comp="649" pin=1"/></net>

<net id="659"><net_src comp="338" pin="4"/><net_sink comp="655" pin=0"/></net>

<net id="660"><net_src comp="116" pin="0"/><net_sink comp="655" pin=1"/></net>

<net id="664"><net_src comp="338" pin="4"/><net_sink comp="661" pin=0"/></net>

<net id="665"><net_src comp="661" pin="1"/><net_sink comp="189" pin=2"/></net>

<net id="666"><net_src comp="661" pin="1"/><net_sink comp="195" pin=2"/></net>

<net id="667"><net_src comp="661" pin="1"/><net_sink comp="208" pin=2"/></net>

<net id="672"><net_src comp="349" pin="4"/><net_sink comp="668" pin=0"/></net>

<net id="673"><net_src comp="114" pin="0"/><net_sink comp="668" pin=1"/></net>

<net id="678"><net_src comp="349" pin="4"/><net_sink comp="674" pin=0"/></net>

<net id="679"><net_src comp="116" pin="0"/><net_sink comp="674" pin=1"/></net>

<net id="683"><net_src comp="349" pin="4"/><net_sink comp="680" pin=0"/></net>

<net id="684"><net_src comp="680" pin="1"/><net_sink comp="221" pin=2"/></net>

<net id="690"><net_src comp="534" pin="2"/><net_sink comp="685" pin=0"/></net>

<net id="691"><net_src comp="562" pin="1"/><net_sink comp="685" pin=1"/></net>

<net id="692"><net_src comp="118" pin="0"/><net_sink comp="685" pin=2"/></net>

<net id="696"><net_src comp="360" pin="4"/><net_sink comp="693" pin=0"/></net>

<net id="701"><net_src comp="360" pin="4"/><net_sink comp="697" pin=0"/></net>

<net id="702"><net_src comp="114" pin="0"/><net_sink comp="697" pin=1"/></net>

<net id="707"><net_src comp="360" pin="4"/><net_sink comp="703" pin=0"/></net>

<net id="708"><net_src comp="116" pin="0"/><net_sink comp="703" pin=1"/></net>

<net id="712"><net_src comp="360" pin="4"/><net_sink comp="709" pin=0"/></net>

<net id="717"><net_src comp="384" pin="4"/><net_sink comp="713" pin=0"/></net>

<net id="718"><net_src comp="114" pin="0"/><net_sink comp="713" pin=1"/></net>

<net id="723"><net_src comp="384" pin="4"/><net_sink comp="719" pin=0"/></net>

<net id="724"><net_src comp="116" pin="0"/><net_sink comp="719" pin=1"/></net>

<net id="728"><net_src comp="384" pin="4"/><net_sink comp="725" pin=0"/></net>

<net id="729"><net_src comp="725" pin="1"/><net_sink comp="228" pin=2"/></net>

<net id="733"><net_src comp="384" pin="4"/><net_sink comp="730" pin=0"/></net>

<net id="739"><net_src comp="138" pin="0"/><net_sink comp="734" pin=0"/></net>

<net id="740"><net_src comp="730" pin="1"/><net_sink comp="734" pin=1"/></net>

<net id="741"><net_src comp="132" pin="0"/><net_sink comp="734" pin=2"/></net>

<net id="746"><net_src comp="734" pin="3"/><net_sink comp="742" pin=1"/></net>

<net id="750"><net_src comp="742" pin="2"/><net_sink comp="747" pin=0"/></net>

<net id="751"><net_src comp="747" pin="1"/><net_sink comp="235" pin=2"/></net>

<net id="756"><net_src comp="395" pin="4"/><net_sink comp="752" pin=0"/></net>

<net id="757"><net_src comp="114" pin="0"/><net_sink comp="752" pin=1"/></net>

<net id="762"><net_src comp="395" pin="4"/><net_sink comp="758" pin=0"/></net>

<net id="763"><net_src comp="116" pin="0"/><net_sink comp="758" pin=1"/></net>

<net id="767"><net_src comp="395" pin="4"/><net_sink comp="764" pin=0"/></net>

<net id="768"><net_src comp="764" pin="1"/><net_sink comp="260" pin=2"/></net>

<net id="769"><net_src comp="764" pin="1"/><net_sink comp="266" pin=2"/></net>

<net id="770"><net_src comp="764" pin="1"/><net_sink comp="279" pin=2"/></net>

<net id="775"><net_src comp="406" pin="4"/><net_sink comp="771" pin=0"/></net>

<net id="776"><net_src comp="114" pin="0"/><net_sink comp="771" pin=1"/></net>

<net id="781"><net_src comp="406" pin="4"/><net_sink comp="777" pin=0"/></net>

<net id="782"><net_src comp="116" pin="0"/><net_sink comp="777" pin=1"/></net>

<net id="786"><net_src comp="406" pin="4"/><net_sink comp="783" pin=0"/></net>

<net id="787"><net_src comp="783" pin="1"/><net_sink comp="292" pin=2"/></net>

<net id="793"><net_src comp="534" pin="2"/><net_sink comp="788" pin=0"/></net>

<net id="794"><net_src comp="584" pin="1"/><net_sink comp="788" pin=1"/></net>

<net id="795"><net_src comp="118" pin="0"/><net_sink comp="788" pin=2"/></net>

<net id="799"><net_src comp="590" pin="1"/><net_sink comp="796" pin=0"/></net>

<net id="800"><net_src comp="796" pin="1"/><net_sink comp="639" pin=0"/></net>

<net id="807"><net_src comp="600" pin="2"/><net_sink comp="804" pin=0"/></net>

<net id="808"><net_src comp="804" pin="1"/><net_sink comp="303" pin=2"/></net>

<net id="812"><net_src comp="606" pin="1"/><net_sink comp="809" pin=0"/></net>

<net id="813"><net_src comp="809" pin="1"/><net_sink comp="177" pin=2"/></net>

<net id="820"><net_src comp="616" pin="2"/><net_sink comp="817" pin=0"/></net>

<net id="821"><net_src comp="817" pin="1"/><net_sink comp="327" pin=2"/></net>

<net id="825"><net_src comp="152" pin="3"/><net_sink comp="822" pin=0"/></net>

<net id="826"><net_src comp="822" pin="1"/><net_sink comp="158" pin=0"/></net>

<net id="830"><net_src comp="164" pin="3"/><net_sink comp="827" pin=0"/></net>

<net id="831"><net_src comp="827" pin="1"/><net_sink comp="171" pin=0"/></net>

<net id="835"><net_src comp="158" pin="3"/><net_sink comp="832" pin=0"/></net>

<net id="836"><net_src comp="832" pin="1"/><net_sink comp="530" pin=0"/></net>

<net id="840"><net_src comp="171" pin="3"/><net_sink comp="837" pin=0"/></net>

<net id="841"><net_src comp="837" pin="1"/><net_sink comp="530" pin=1"/></net>

<net id="848"><net_src comp="655" pin="2"/><net_sink comp="845" pin=0"/></net>

<net id="849"><net_src comp="845" pin="1"/><net_sink comp="338" pin=0"/></net>

<net id="853"><net_src comp="189" pin="3"/><net_sink comp="850" pin=0"/></net>

<net id="854"><net_src comp="850" pin="1"/><net_sink comp="183" pin=0"/></net>

<net id="858"><net_src comp="195" pin="3"/><net_sink comp="855" pin=0"/></net>

<net id="859"><net_src comp="855" pin="1"/><net_sink comp="202" pin=0"/></net>

<net id="863"><net_src comp="208" pin="3"/><net_sink comp="860" pin=0"/></net>

<net id="864"><net_src comp="860" pin="1"/><net_sink comp="215" pin=0"/></net>

<net id="868"><net_src comp="202" pin="3"/><net_sink comp="865" pin=0"/></net>

<net id="869"><net_src comp="865" pin="1"/><net_sink comp="522" pin=0"/></net>

<net id="873"><net_src comp="215" pin="3"/><net_sink comp="870" pin=0"/></net>

<net id="874"><net_src comp="870" pin="1"/><net_sink comp="530" pin=0"/></net>

<net id="881"><net_src comp="674" pin="2"/><net_sink comp="878" pin=0"/></net>

<net id="882"><net_src comp="878" pin="1"/><net_sink comp="349" pin=0"/></net>

<net id="886"><net_src comp="221" pin="3"/><net_sink comp="883" pin=0"/></net>

<net id="887"><net_src comp="883" pin="1"/><net_sink comp="183" pin=0"/></net>

<net id="891"><net_src comp="685" pin="3"/><net_sink comp="888" pin=0"/></net>

<net id="892"><net_src comp="888" pin="1"/><net_sink comp="183" pin=1"/></net>

<net id="896"><net_src comp="693" pin="1"/><net_sink comp="893" pin=0"/></net>

<net id="897"><net_src comp="893" pin="1"/><net_sink comp="742" pin=0"/></net>

<net id="904"><net_src comp="703" pin="2"/><net_sink comp="901" pin=0"/></net>

<net id="905"><net_src comp="901" pin="1"/><net_sink comp="360" pin=0"/></net>

<net id="909"><net_src comp="709" pin="1"/><net_sink comp="906" pin=0"/></net>

<net id="910"><net_src comp="906" pin="1"/><net_sink comp="248" pin=2"/></net>

<net id="917"><net_src comp="719" pin="2"/><net_sink comp="914" pin=0"/></net>

<net id="918"><net_src comp="914" pin="1"/><net_sink comp="384" pin=2"/></net>

<net id="922"><net_src comp="228" pin="3"/><net_sink comp="919" pin=0"/></net>

<net id="923"><net_src comp="919" pin="1"/><net_sink comp="183" pin=0"/></net>

<net id="927"><net_src comp="235" pin="3"/><net_sink comp="924" pin=0"/></net>

<net id="928"><net_src comp="924" pin="1"/><net_sink comp="242" pin=0"/></net>

<net id="932"><net_src comp="242" pin="3"/><net_sink comp="929" pin=0"/></net>

<net id="933"><net_src comp="929" pin="1"/><net_sink comp="530" pin=1"/></net>

<net id="940"><net_src comp="758" pin="2"/><net_sink comp="937" pin=0"/></net>

<net id="941"><net_src comp="937" pin="1"/><net_sink comp="395" pin=0"/></net>

<net id="945"><net_src comp="260" pin="3"/><net_sink comp="942" pin=0"/></net>

<net id="946"><net_src comp="942" pin="1"/><net_sink comp="254" pin=0"/></net>

<net id="950"><net_src comp="266" pin="3"/><net_sink comp="947" pin=0"/></net>

<net id="951"><net_src comp="947" pin="1"/><net_sink comp="273" pin=0"/></net>

<net id="955"><net_src comp="279" pin="3"/><net_sink comp="952" pin=0"/></net>

<net id="956"><net_src comp="952" pin="1"/><net_sink comp="286" pin=0"/></net>

<net id="960"><net_src comp="273" pin="3"/><net_sink comp="957" pin=0"/></net>

<net id="961"><net_src comp="957" pin="1"/><net_sink comp="522" pin=0"/></net>

<net id="965"><net_src comp="286" pin="3"/><net_sink comp="962" pin=0"/></net>

<net id="966"><net_src comp="962" pin="1"/><net_sink comp="530" pin=0"/></net>

<net id="973"><net_src comp="777" pin="2"/><net_sink comp="970" pin=0"/></net>

<net id="974"><net_src comp="970" pin="1"/><net_sink comp="406" pin=0"/></net>

<net id="978"><net_src comp="292" pin="3"/><net_sink comp="975" pin=0"/></net>

<net id="979"><net_src comp="975" pin="1"/><net_sink comp="254" pin=0"/></net>

<net id="983"><net_src comp="788" pin="3"/><net_sink comp="980" pin=0"/></net>

<net id="984"><net_src comp="980" pin="1"/><net_sink comp="254" pin=1"/></net>

</net_list>

</model> 
---------------- Datapath Model END ------------------

* FSMD analyzer results:
  - Output states:
	Port: U_slice | {1 2 }
	Port: c_slice | {1 2 }
	Port: h_slice | {1 2 }
 - Input state : 
	Port: main : X_slice | {1 2 }
	Port: main : ConvW0 | {1 2 }
	Port: main : a_bn | {1 2 }
	Port: main : U_slice | {1 2 }
	Port: main : c_slice | {1 2 }
	Port: main : table_exp_Z1_array_s | {1 2 }
	Port: main : table_f_Z3_array_V | {1 2 }
	Port: main : table_f_Z2_array_V | {1 2 }
	Port: main : LSTM_W_ifog0 | {1 2 }
	Port: main : LSTM_R_ifog0 | {1 2 }
	Port: main : LSTM_b_ifog0 | {1 2 }
	Port: main : h_slice | {1 2 }
	Port: main : BN2_var0 | {1 2 }
	Port: main : BN2_gamma0 | {1 2 }
	Port: main : X_slice1 | {1 2 }
	Port: main : ConvW1 | {1 2 }
	Port: main : LSTM_W_ifog1 | {1 2 }
	Port: main : LSTM_R_ifog1 | {1 2 }
	Port: main : LSTM_b_ifog1 | {1 2 }
	Port: main : BN2_var1 | {1 2 }
	Port: main : BN2_gamma1 | {1 2 }
	Port: main : X_slice2 | {1 2 }
	Port: main : ConvW2 | {1 2 }
	Port: main : LSTM_W_ifog2 | {1 2 }
	Port: main : LSTM_R_ifog2 | {1 2 }
	Port: main : LSTM_b_ifog2 | {1 2 }
	Port: main : BN2_var2 | {1 2 }
	Port: main : BN2_gamma2 | {1 2 }
	Port: main : X_slice3 | {1 2 }
	Port: main : ConvW3 | {1 2 }
	Port: main : LSTM_W_ifog3 | {1 2 }
	Port: main : LSTM_R_ifog3 | {1 2 }
	Port: main : LSTM_b_ifog3 | {1 2 }
	Port: main : BN2_var3 | {1 2 }
	Port: main : BN2_gamma3 | {1 2 }
	Port: main : tokens4 | {1 2 }
	Port: main : Emb4 | {1 2 }
	Port: main : ConvW4 | {1 2 }
	Port: main : LSTM_W_ifog4 | {1 2 }
	Port: main : LSTM_R_ifog4 | {1 2 }
	Port: main : LSTM_b_ifog4 | {1 2 }
	Port: main : BN2_var4 | {1 2 }
	Port: main : BN2_gamma4 | {1 2 }
	Port: main : fc_0_W | {4 5 }
	Port: main : fc_0_bn_var | {15 16 }
	Port: main : fc_0_bn_gamma | {15 16 }
	Port: main : fc_1_W | {69 70 }
	Port: main : fc_1_bn_var | {80 81 }
	Port: main : fc_1_bn_gamma | {80 81 }
  - Chain level:
	State 1
		call_ln263 : 1
	State 2
	State 3
		j_0_i_cast5 : 1
		icmp_ln162 : 1
		j_11 : 1
		br_ln162 : 2
		zext_ln163 : 1
	State 4
		icmp_ln164 : 1
		i : 1
		br_ln164 : 2
		zext_ln165 : 1
		merged_addr : 2
		merged_load : 3
		trunc_ln165 : 1
		shl_ln : 2
		add_ln165 : 3
		zext_ln165_1 : 4
		fc_0_W_addr : 5
		fc_0_W_load : 6
		store_ln167 : 1
	State 5
	State 6
	State 7
	State 8
	State 9
	State 10
	State 11
	State 12
	State 13
	State 14
	State 15
		icmp_ln152 : 1
		c : 1
		br_ln152 : 2
		zext_ln153 : 1
		z0_addr : 2
		fc_0_bn_var_addr : 2
		fc_0_bn_var_load : 3
		fc_0_bn_gamma_addr : 2
		fc_0_bn_gamma_load : 3
	State 16
	State 17
	State 18
	State 19
	State 20
	State 21
	State 22
	State 23
	State 24
	State 25
	State 26
	State 27
	State 28
	State 29
	State 30
	State 31
	State 32
	State 33
	State 34
		tmp : 1
	State 35
	State 36
	State 37
	State 38
	State 39
	State 40
	State 41
	State 42
	State 43
	State 44
	State 45
	State 46
	State 47
	State 48
	State 49
	State 50
	State 51
	State 52
	State 53
	State 54
	State 55
	State 56
	State 57
	State 58
	State 59
	State 60
	State 61
	State 62
	State 63
	State 64
		icmp_ln271 : 1
		j : 1
		br_ln271 : 2
		zext_ln271 : 1
		z0_addr_2 : 2
		z0_load_1 : 3
	State 65
		tmp_49 : 1
	State 66
		select_ln46 : 1
	State 67
	State 68
		j_0_i4_cast3 : 1
		icmp_ln162_1 : 1
		j_12 : 1
		br_ln162 : 2
		zext_ln163_1 : 1
	State 69
		icmp_ln164_1 : 1
		i_1 : 1
		br_ln164 : 2
		zext_ln165_2 : 1
		z0_addr_3 : 2
		z0_load_2 : 3
		trunc_ln165_1 : 1
		shl_ln165_1 : 2
		add_ln165_1 : 3
		zext_ln165_3 : 4
		fc_1_W_addr : 5
		fc_1_W_load : 6
		store_ln167 : 1
	State 70
	State 71
	State 72
	State 73
	State 74
	State 75
	State 76
	State 77
	State 78
	State 79
	State 80
		icmp_ln152_5 : 1
		c_5 : 1
		br_ln152 : 2
		zext_ln153_5 : 1
		z1_addr : 2
		fc_1_bn_var_addr : 2
		fc_1_bn_var_load : 3
		fc_1_bn_gamma_addr : 2
		fc_1_bn_gamma_load : 3
	State 81
	State 82
	State 83
	State 84
	State 85
	State 86
	State 87
	State 88
	State 89
	State 90
	State 91
	State 92
	State 93
	State 94
	State 95
	State 96
	State 97
	State 98
	State 99
		tmp_50 : 1
	State 100
	State 101
	State 102
	State 103
	State 104
	State 105
	State 106
	State 107
	State 108
	State 109
	State 110
	State 111
	State 112
	State 113
	State 114
	State 115
	State 116
	State 117
	State 118
	State 119
	State 120
	State 121
	State 122
	State 123
	State 124
	State 125
	State 126
	State 127
	State 128
	State 129
		icmp_ln276 : 1
		j_13 : 1
		br_ln276 : 2
		zext_ln276 : 1
		z1_addr_1 : 2
		z1_load_1 : 3
	State 130
		tmp_57 : 1
	State 131
		select_ln46_1 : 1
	State 132


============================================================
+ Verbose Summary: Datapath Resource usage 
============================================================

* Functional unit list:
|----------|---------------------------------|---------|---------|---------|---------|---------|---------|
| Operation|         Functional Unit         |   BRAM  |  DSP48E |  Delay  |    FF   |   LUT   |   URAM  |
|----------|---------------------------------|---------|---------|---------|---------|---------|---------|
|   call   | grp_run_all_slices_unrol_fu_413 |    33   |   151   | 515.911 |  45300  |  32901  |    0    |
|----------|---------------------------------|---------|---------|---------|---------|---------|---------|
|   fdiv   |            grp_fu_505           |    0    |    0    |    0    |   761   |   994   |    0    |
|----------|---------------------------------|---------|---------|---------|---------|---------|---------|
|   fsqrt  |            grp_fu_509           |    0    |    0    |    0    |   405   |   615   |    0    |
|----------|---------------------------------|---------|---------|---------|---------|---------|---------|
|   hadd   |            grp_fu_522           |    0    |    2    |    0    |   109   |   116   |    0    |
|----------|---------------------------------|---------|---------|---------|---------|---------|---------|
|          |           j_11_fu_600           |    0    |    0    |    0    |    0    |    15   |    0    |
|          |             i_fu_616            |    0    |    0    |    0    |    0    |    15   |    0    |
|          |         add_ln165_fu_639        |    0    |    0    |    0    |    0    |    12   |    0    |
|          |             c_fu_655            |    0    |    0    |    0    |    0    |    15   |    0    |
|    add   |             j_fu_674            |    0    |    0    |    0    |    0    |    15   |    0    |
|          |           j_12_fu_703           |    0    |    0    |    0    |    0    |    15   |    0    |
|          |            i_1_fu_719           |    0    |    0    |    0    |    0    |    15   |    0    |
|          |        add_ln165_1_fu_742       |    0    |    0    |    0    |    0    |    19   |    0    |
|          |            c_5_fu_758           |    0    |    0    |    0    |    0    |    15   |    0    |
|          |           j_13_fu_777           |    0    |    0    |    0    |    0    |    15   |    0    |
|----------|---------------------------------|---------|---------|---------|---------|---------|---------|
|   hmul   |            grp_fu_530           |    0    |    2    |    0    |    91   |    36   |    0    |
|----------|---------------------------------|---------|---------|---------|---------|---------|---------|
|          |        icmp_ln162_fu_594        |    0    |    0    |    0    |    0    |    11   |    0    |
|          |        icmp_ln164_fu_610        |    0    |    0    |    0    |    0    |    11   |    0    |
|          |        icmp_ln152_fu_649        |    0    |    0    |    0    |    0    |    11   |    0    |
|   icmp   |        icmp_ln271_fu_668        |    0    |    0    |    0    |    0    |    11   |    0    |
|          |       icmp_ln162_1_fu_697       |    0    |    0    |    0    |    0    |    11   |    0    |
|          |       icmp_ln164_1_fu_713       |    0    |    0    |    0    |    0    |    11   |    0    |
|          |       icmp_ln152_5_fu_752       |    0    |    0    |    0    |    0    |    11   |    0    |
|          |        icmp_ln276_fu_771        |    0    |    0    |    0    |    0    |    11   |    0    |
|----------|---------------------------------|---------|---------|---------|---------|---------|---------|
|  sptohp  |            grp_fu_514           |    0    |    0    |    0    |    64   |    21   |    0    |
|----------|---------------------------------|---------|---------|---------|---------|---------|---------|
|  hptosp  |            grp_fu_517           |    0    |    0    |    0    |    52   |    9    |    0    |
|----------|---------------------------------|---------|---------|---------|---------|---------|---------|
|   hcmp   |            grp_fu_534           |    0    |    0    |    0    |    34   |    27   |    0    |
|----------|---------------------------------|---------|---------|---------|---------|---------|---------|
|  select  |        select_ln46_fu_685       |    0    |    0    |    0    |    0    |    16   |    0    |
|          |       select_ln46_1_fu_788      |    0    |    0    |    0    |    0    |    16   |    0    |
|----------|---------------------------------|---------|---------|---------|---------|---------|---------|
|          |        j_0_i_cast5_fu_590       |    0    |    0    |    0    |    0    |    0    |    0    |
|          |        zext_ln163_fu_606        |    0    |    0    |    0    |    0    |    0    |    0    |
|          |        zext_ln165_fu_622        |    0    |    0    |    0    |    0    |    0    |    0    |
|          |       zext_ln165_1_fu_644       |    0    |    0    |    0    |    0    |    0    |    0    |
|          |        zext_ln153_fu_661        |    0    |    0    |    0    |    0    |    0    |    0    |
|   zext   |        zext_ln271_fu_680        |    0    |    0    |    0    |    0    |    0    |    0    |
|          |       j_0_i4_cast3_fu_693       |    0    |    0    |    0    |    0    |    0    |    0    |
|          |       zext_ln163_1_fu_709       |    0    |    0    |    0    |    0    |    0    |    0    |
|          |       zext_ln165_2_fu_725       |    0    |    0    |    0    |    0    |    0    |    0    |
|          |       zext_ln165_3_fu_747       |    0    |    0    |    0    |    0    |    0    |    0    |
|          |       zext_ln153_5_fu_764       |    0    |    0    |    0    |    0    |    0    |    0    |
|          |        zext_ln276_fu_783        |    0    |    0    |    0    |    0    |    0    |    0    |
|----------|---------------------------------|---------|---------|---------|---------|---------|---------|
|   trunc  |        trunc_ln165_fu_627       |    0    |    0    |    0    |    0    |    0    |    0    |
|          |       trunc_ln165_1_fu_730      |    0    |    0    |    0    |    0    |    0    |    0    |
|----------|---------------------------------|---------|---------|---------|---------|---------|---------|
|bitconcatenate|          shl_ln_fu_631          |    0    |    0    |    0    |    0    |    0    |    0    |
|          |        shl_ln165_1_fu_734       |    0    |    0    |    0    |    0    |    0    |    0    |
|----------|---------------------------------|---------|---------|---------|---------|---------|---------|
|   Total  |                                 |    33   |   155   | 515.911 |  46816  |  34990  |    0    |
|----------|---------------------------------|---------|---------|---------|---------|---------|---------|

Memories:
+--------------------+--------+--------+--------+--------+
|                    |  BRAM  |   FF   |   LUT  |  URAM  |
+--------------------+--------+--------+--------+--------+
|     BN2_gamma0     |    0   |   16   |    8   |    -   |
|     BN2_gamma1     |    0   |   16   |    8   |    -   |
|     BN2_gamma2     |    0   |   16   |    8   |    -   |
|     BN2_gamma3     |    0   |   16   |    8   |    -   |
|     BN2_gamma4     |    0   |   16   |    8   |    -   |
|      BN2_var0      |    0   |   16   |    8   |    -   |
|      BN2_var1      |    0   |   16   |    8   |    -   |
|      BN2_var2      |    0   |   16   |    8   |    -   |
|      BN2_var3      |    0   |   16   |    8   |    -   |
|      BN2_var4      |    0   |   16   |    8   |    -   |
|       ConvW0       |    8   |    0   |    0   |    -   |
|       ConvW1       |    8   |    0   |    0   |    -   |
|       ConvW2       |    8   |    0   |    0   |    -   |
|       ConvW3       |    8   |    0   |    0   |    -   |
|       ConvW4       |    8   |    0   |    0   |    -   |
|        Emb4        |   128  |    0   |    0   |    -   |
|    LSTM_R_ifog0    |    4   |    0   |    0   |    0   |
|    LSTM_R_ifog1    |    4   |    0   |    0   |    0   |
|    LSTM_R_ifog2    |    4   |    0   |    0   |    0   |
|    LSTM_R_ifog3    |    4   |    0   |    0   |    0   |
|    LSTM_R_ifog4    |    4   |    0   |    0   |    0   |
|    LSTM_W_ifog0    |    4   |    0   |    0   |    0   |
|    LSTM_W_ifog1    |    4   |    0   |    0   |    0   |
|    LSTM_W_ifog2    |    4   |    0   |    0   |    0   |
|    LSTM_W_ifog3    |    4   |    0   |    0   |    0   |
|    LSTM_W_ifog4    |    4   |    0   |    0   |    0   |
|    LSTM_b_ifog0    |    1   |    0   |    0   |    0   |
|    LSTM_b_ifog1    |    1   |    0   |    0   |    0   |
|    LSTM_b_ifog2    |    1   |    0   |    0   |    0   |
|    LSTM_b_ifog3    |    1   |    0   |    0   |    0   |
|    LSTM_b_ifog4    |    1   |    0   |    0   |    0   |
|       U_slice      |    1   |    0   |    0   |    0   |
|       X_slice      |    2   |    0   |    0   |    -   |
|      X_slice1      |    4   |    0   |    0   |    -   |
|      X_slice2      |    8   |    0   |    0   |    -   |
|      X_slice3      |   16   |    0   |    0   |    -   |
|        a_bn        |    0   |   16   |    8   |    -   |
|       c_slice      |    0   |   32   |    8   |    0   |
|       fc_0_W       |    4   |    0   |    0   |    -   |
|    fc_0_bn_gamma   |    1   |    0   |    0   |    -   |
|     fc_0_bn_var    |    1   |    0   |    0   |    -   |
|       fc_1_W       |   16   |    0   |    0   |    -   |
|    fc_1_bn_gamma   |    1   |    0   |    0   |    -   |
|     fc_1_bn_var    |    1   |    0   |    0   |    -   |
|       h_slice      |    0   |   32   |    8   |    0   |
|       merged       |    0   |   32   |    8   |    0   |
|table_exp_Z1_array_s|    2   |    0   |    0   |    -   |
| table_f_Z2_array_V |    2   |    0   |    0   |    -   |
| table_f_Z3_array_V |    1   |    0   |    0   |    -   |
|       tokens4      |    1   |    0   |    0   |    -   |
|         z0         |    1   |    0   |    0   |    0   |
|         z1         |    1   |    0   |    0   |    0   |
+--------------------+--------+--------+--------+--------+
|        Total       |   276  |   272  |   112  |    0   |
+--------------------+--------+--------+--------+--------+

* Register list:
+--------------------------+--------+
|                          |   FF   |
+--------------------------+--------+
|     acc_0_i10_reg_367    |   16   |
|      acc_0_i_reg_310     |   16   |
|      c_0_i2_reg_391      |    8   |
|       c_0_i_reg_334      |    8   |
|        c_5_reg_937       |    8   |
|         c_reg_845        |    8   |
|    fc_0_W_addr_reg_827   |   12   |
|    fc_0_W_load_reg_837   |   16   |
|fc_0_bn_gamma_addr_reg_860|    7   |
|fc_0_bn_gamma_load_reg_870|   16   |
| fc_0_bn_var_addr_reg_855 |    7   |
| fc_0_bn_var_load_reg_865 |   16   |
|    fc_1_W_addr_reg_924   |   14   |
|    fc_1_W_load_reg_929   |   16   |
|fc_1_bn_gamma_addr_reg_952|    7   |
|fc_1_bn_gamma_load_reg_962|   16   |
| fc_1_bn_var_addr_reg_947 |    7   |
| fc_1_bn_var_load_reg_957 |   16   |
|      i_0_i11_reg_380     |    8   |
|       i_0_i_reg_323      |    6   |
|        i_1_reg_914       |    8   |
|         i_reg_817        |    6   |
|   j_0_i4_cast3_reg_893   |   14   |
|      j_0_i4_reg_356      |    8   |
|    j_0_i_cast5_reg_796   |   12   |
|       j_0_i_reg_299      |    8   |
|        j_0_reg_345       |    8   |
|       j_11_reg_804       |    8   |
|       j_12_reg_901       |    8   |
|       j_13_reg_970       |    8   |
|        j_1_reg_402       |    8   |
|         j_reg_878        |    8   |
|    merged_addr_reg_822   |    5   |
|    merged_load_reg_832   |   16   |
|          reg_541         |   16   |
|          reg_547         |   16   |
|          reg_556         |   32   |
|          reg_562         |   16   |
|          reg_569         |   32   |
|          reg_574         |   32   |
|          reg_579         |   16   |
|          reg_584         |   16   |
|   select_ln46_1_reg_980  |   16   |
|    select_ln46_reg_888   |   16   |
|     z0_addr_2_reg_883    |    7   |
|     z0_addr_3_reg_919    |    7   |
|      z0_addr_reg_850     |    7   |
|     z1_addr_1_reg_975    |    7   |
|      z1_addr_reg_942     |    7   |
|   zext_ln163_1_reg_906   |   64   |
|    zext_ln163_reg_809    |   64   |
+--------------------------+--------+
|           Total          |   724  |
+--------------------------+--------+

* Multiplexer (MUX) list: 
|-------------------|------|------|------|--------||---------||---------|
|        Comp       |  Pin | Size |  BW  | S x BW ||  Delay  ||   LUT   |
|-------------------|------|------|------|--------||---------||---------|
| grp_access_fu_158 |  p0  |   2  |   5  |   10   ||    9    |
| grp_access_fu_171 |  p0  |   2  |  12  |   24   ||    9    |
| grp_access_fu_183 |  p0  |   6  |   7  |   42   ||    33   |
| grp_access_fu_183 |  p1  |   3  |  16  |   48   ||    15   |
| grp_access_fu_202 |  p0  |   2  |   7  |   14   ||    9    |
| grp_access_fu_215 |  p0  |   2  |   7  |   14   ||    9    |
| grp_access_fu_242 |  p0  |   2  |  14  |   28   ||    9    |
| grp_access_fu_254 |  p0  |   4  |   7  |   28   ||    21   |
| grp_access_fu_254 |  p1  |   3  |  16  |   48   ||    15   |
| grp_access_fu_273 |  p0  |   2  |   7  |   14   ||    9    |
| grp_access_fu_286 |  p0  |   2  |   7  |   14   ||    9    |
|  acc_0_i_reg_310  |  p0  |   2  |  16  |   32   ||    9    |
| acc_0_i10_reg_367 |  p0  |   2  |  16  |   32   ||    9    |
|     grp_fu_517    |  p0  |   5  |  16  |   80   ||    27   |
|     grp_fu_522    |  p0  |   5  |  16  |   80   ||    27   |
|     grp_fu_522    |  p1  |   3  |  16  |   48   ||    9    |
|     grp_fu_530    |  p0  |   4  |  16  |   64   ||    21   |
|     grp_fu_530    |  p1  |   3  |  16  |   48   ||    15   |
|     grp_fu_534    |  p0  |   4  |  16  |   64   ||    21   |
|-------------------|------|------|------|--------||---------||---------|
|       Total       |      |      |      |   732  ||  34.526 ||   285   |
|-------------------|------|------|------|--------||---------||---------|



* Summary:
+-----------+--------+--------+--------+--------+--------+--------+
|           |  BRAM  | DSP48E |  Delay |   FF   |   LUT  |  URAM  |
+-----------+--------+--------+--------+--------+--------+--------+
|  Function |   33   |   155  |   515  |  46816 |  34990 |    0   |
|   Memory  |   276  |    -   |    -   |   272  |   112  |    0   |
|Multiplexer|    -   |    -   |   34   |    -   |   285  |    -   |
|  Register |    -   |    -   |    -   |   724  |    -   |    -   |
+-----------+--------+--------+--------+--------+--------+--------+
|   Total   |   309  |   155  |   550  |  47812 |  35387 |    0   |
+-----------+--------+--------+--------+--------+--------+--------+
