INFO: [HLS 200-2005] Using work_dir /home/gkapakos/Desktop/ECE/10th_Semester/Architecture_of_Parallel_Systems/Project/BranchPredictionAI/C_Implementation/BranchPredictionAI/run_model 
INFO: [HLS 200-1505] Using default flow_target 'vivado'
Resolution: For help on HLS 200-1505 see docs.xilinx.com/access/sources/dita/topic?Doc_Version=2024.2%20English&url=ug1448-hls-guidance&resourceid=200-1505.html
INFO: [HLS 200-1465] Applying ini 'syn.file=/home/gkapakos/Desktop/ECE/10th_Semester/Architecture_of_Parallel_Systems/Project/BranchPredictionAI/C_Implementation/head_weights.h' from /home/gkapakos/Desktop/ECE/10th_Semester/Architecture_of_Parallel_Systems/Project/BranchPredictionAI/C_Implementation/BranchPredictionAI/hls_config.cfg(8)
INFO: [HLS 200-10] Adding design file '/home/gkapakos/Desktop/ECE/10th_Semester/Architecture_of_Parallel_Systems/Project/BranchPredictionAI/C_Implementation/head_weights.h' to the project
INFO: [HLS 200-1465] Applying ini 'syn.file=/home/gkapakos/Desktop/ECE/10th_Semester/Architecture_of_Parallel_Systems/Project/BranchPredictionAI/C_Implementation/main_5_slices.cpp' from /home/gkapakos/Desktop/ECE/10th_Semester/Architecture_of_Parallel_Systems/Project/BranchPredictionAI/C_Implementation/BranchPredictionAI/hls_config.cfg(9)
INFO: [HLS 200-10] Adding design file '/home/gkapakos/Desktop/ECE/10th_Semester/Architecture_of_Parallel_Systems/Project/BranchPredictionAI/C_Implementation/main_5_slices.cpp' to the project
INFO: [HLS 200-1465] Applying ini 'syn.file=/home/gkapakos/Desktop/ECE/10th_Semester/Architecture_of_Parallel_Systems/Project/BranchPredictionAI/C_Implementation/slice0_weights.h' from /home/gkapakos/Desktop/ECE/10th_Semester/Architecture_of_Parallel_Systems/Project/BranchPredictionAI/C_Implementation/BranchPredictionAI/hls_config.cfg(10)
INFO: [HLS 200-10] Adding design file '/home/gkapakos/Desktop/ECE/10th_Semester/Architecture_of_Parallel_Systems/Project/BranchPredictionAI/C_Implementation/slice0_weights.h' to the project
INFO: [HLS 200-1465] Applying ini 'syn.file=/home/gkapakos/Desktop/ECE/10th_Semester/Architecture_of_Parallel_Systems/Project/BranchPredictionAI/C_Implementation/slice1_weights.h' from /home/gkapakos/Desktop/ECE/10th_Semester/Architecture_of_Parallel_Systems/Project/BranchPredictionAI/C_Implementation/BranchPredictionAI/hls_config.cfg(11)
INFO: [HLS 200-10] Adding design file '/home/gkapakos/Desktop/ECE/10th_Semester/Architecture_of_Parallel_Systems/Project/BranchPredictionAI/C_Implementation/slice1_weights.h' to the project
INFO: [HLS 200-1465] Applying ini 'syn.file=/home/gkapakos/Desktop/ECE/10th_Semester/Architecture_of_Parallel_Systems/Project/BranchPredictionAI/C_Implementation/slice2_weights.h' from /home/gkapakos/Desktop/ECE/10th_Semester/Architecture_of_Parallel_Systems/Project/BranchPredictionAI/C_Implementation/BranchPredictionAI/hls_config.cfg(12)
INFO: [HLS 200-10] Adding design file '/home/gkapakos/Desktop/ECE/10th_Semester/Architecture_of_Parallel_Systems/Project/BranchPredictionAI/C_Implementation/slice2_weights.h' to the project
INFO: [HLS 200-1465] Applying ini 'syn.file=/home/gkapakos/Desktop/ECE/10th_Semester/Architecture_of_Parallel_Systems/Project/BranchPredictionAI/C_Implementation/slice3_weights.h' from /home/gkapakos/Desktop/ECE/10th_Semester/Architecture_of_Parallel_Systems/Project/BranchPredictionAI/C_Implementation/BranchPredictionAI/hls_config.cfg(13)
INFO: [HLS 200-10] Adding design file '/home/gkapakos/Desktop/ECE/10th_Semester/Architecture_of_Parallel_Systems/Project/BranchPredictionAI/C_Implementation/slice3_weights.h' to the project
INFO: [HLS 200-1465] Applying ini 'syn.file=/home/gkapakos/Desktop/ECE/10th_Semester/Architecture_of_Parallel_Systems/Project/BranchPredictionAI/C_Implementation/slice4_weights.h' from /home/gkapakos/Desktop/ECE/10th_Semester/Architecture_of_Parallel_Systems/Project/BranchPredictionAI/C_Implementation/BranchPredictionAI/hls_config.cfg(14)
INFO: [HLS 200-10] Adding design file '/home/gkapakos/Desktop/ECE/10th_Semester/Architecture_of_Parallel_Systems/Project/BranchPredictionAI/C_Implementation/slice4_weights.h' to the project
INFO: [HLS 200-1465] Applying ini 'syn.top=run_model' from /home/gkapakos/Desktop/ECE/10th_Semester/Architecture_of_Parallel_Systems/Project/BranchPredictionAI/C_Implementation/BranchPredictionAI/hls_config.cfg(7)
INFO: [HLS 200-1465] Applying ini 'flow_target=vivado' from /home/gkapakos/Desktop/ECE/10th_Semester/Architecture_of_Parallel_Systems/Project/BranchPredictionAI/C_Implementation/BranchPredictionAI/hls_config.cfg(4)
INFO: [HLS 200-1505] Using flow_target 'vivado'
Resolution: For help on HLS 200-1505 see docs.xilinx.com/access/sources/dita/topic?Doc_Version=2024.2%20English&url=ug1448-hls-guidance&resourceid=200-1505.html
INFO: [HLS 200-1465] Applying ini 'part=xc7z020clg400-3' from /home/gkapakos/Desktop/ECE/10th_Semester/Architecture_of_Parallel_Systems/Project/BranchPredictionAI/C_Implementation/BranchPredictionAI/hls_config.cfg(1)
INFO: [HLS 200-1611] Setting target device to 'xc7z020-clg400-3'
INFO: [HLS 200-1465] Applying ini 'clock=10ns' from /home/gkapakos/Desktop/ECE/10th_Semester/Architecture_of_Parallel_Systems/Project/BranchPredictionAI/C_Implementation/BranchPredictionAI/hls_config.cfg(15)
INFO: [SYN 201-201] Setting up clock 'default' with a period of 10ns.
INFO: [HLS 200-1465] Applying ini 'clock_uncertainty=2ns' from /home/gkapakos/Desktop/ECE/10th_Semester/Architecture_of_Parallel_Systems/Project/BranchPredictionAI/C_Implementation/BranchPredictionAI/hls_config.cfg(16)
INFO: [SYN 201-201] Setting up clock 'default' with an uncertainty of 2ns.
INFO: [HLS 200-1465] Applying ini 'package.output.format=ip_catalog' from /home/gkapakos/Desktop/ECE/10th_Semester/Architecture_of_Parallel_Systems/Project/BranchPredictionAI/C_Implementation/BranchPredictionAI/hls_config.cfg(5)
INFO: [HLS 200-111] Finished File checks and directory preparation: CPU user time: 3.15 seconds. CPU system time: 0.16 seconds. Elapsed time: 3.07 seconds; current allocated memory: 239.746 MB.
INFO: [HLS 200-10] Analyzing design file '../main_5_slices.cpp' ... 
WARNING: [HLS 207-5292] unused parameter 'C' (../main_5_slices.cpp:77:9)
WARNING: [HLS 207-5292] unused parameter 'y_hat_out' (../main_5_slices.cpp:340:66)
INFO: [HLS 200-111] Finished Source Code Analysis and Preprocessing: CPU user time: 18.01 seconds. CPU system time: 1.22 seconds. Elapsed time: 19.29 seconds; current allocated memory: 241.664 MB.
INFO: [HLS 200-777] Using interface defaults for 'Vivado' flow target.
INFO: [HLS 200-1995] There were 2,927 instructions in the design after the 'Compile/Link' phase of compilation. See the Design Size Report for more details: /home/gkapakos/Desktop/ECE/10th_Semester/Architecture_of_Parallel_Systems/Project/BranchPredictionAI/C_Implementation/BranchPredictionAI/run_model/hls/syn/report/csynth_design_size.rpt
INFO: [HLS 200-1995] There were 2,940 instructions in the design after the 'Unroll/Inline (step 1)' phase of compilation. See the Design Size Report for more details: /home/gkapakos/Desktop/ECE/10th_Semester/Architecture_of_Parallel_Systems/Project/BranchPredictionAI/C_Implementation/BranchPredictionAI/run_model/hls/syn/report/csynth_design_size.rpt
INFO: [HLS 200-1995] There were 2,650 instructions in the design after the 'Unroll/Inline (step 2)' phase of compilation. See the Design Size Report for more details: /home/gkapakos/Desktop/ECE/10th_Semester/Architecture_of_Parallel_Systems/Project/BranchPredictionAI/C_Implementation/BranchPredictionAI/run_model/hls/syn/report/csynth_design_size.rpt
INFO: [HLS 200-1995] There were 2,561 instructions in the design after the 'Unroll/Inline (step 3)' phase of compilation. See the Design Size Report for more details: /home/gkapakos/Desktop/ECE/10th_Semester/Architecture_of_Parallel_Systems/Project/BranchPredictionAI/C_Implementation/BranchPredictionAI/run_model/hls/syn/report/csynth_design_size.rpt
INFO: [HLS 200-1995] There were 2,561 instructions in the design after the 'Unroll/Inline (step 4)' phase of compilation. See the Design Size Report for more details: /home/gkapakos/Desktop/ECE/10th_Semester/Architecture_of_Parallel_Systems/Project/BranchPredictionAI/C_Implementation/BranchPredictionAI/run_model/hls/syn/report/csynth_design_size.rpt
INFO: [HLS 200-1995] There were 5,270 instructions in the design after the 'Array/Struct (step 1)' phase of compilation. See the Design Size Report for more details: /home/gkapakos/Desktop/ECE/10th_Semester/Architecture_of_Parallel_Systems/Project/BranchPredictionAI/C_Implementation/BranchPredictionAI/run_model/hls/syn/report/csynth_design_size.rpt
INFO: [HLS 200-1995] There were 4,870 instructions in the design after the 'Array/Struct (step 2)' phase of compilation. See the Design Size Report for more details: /home/gkapakos/Desktop/ECE/10th_Semester/Architecture_of_Parallel_Systems/Project/BranchPredictionAI/C_Implementation/BranchPredictionAI/run_model/hls/syn/report/csynth_design_size.rpt
INFO: [HLS 200-1995] There were 4,870 instructions in the design after the 'Array/Struct (step 3)' phase of compilation. See the Design Size Report for more details: /home/gkapakos/Desktop/ECE/10th_Semester/Architecture_of_Parallel_Systems/Project/BranchPredictionAI/C_Implementation/BranchPredictionAI/run_model/hls/syn/report/csynth_design_size.rpt
INFO: [HLS 200-1995] There were 4,870 instructions in the design after the 'Array/Struct (step 4)' phase of compilation. See the Design Size Report for more details: /home/gkapakos/Desktop/ECE/10th_Semester/Architecture_of_Parallel_Systems/Project/BranchPredictionAI/C_Implementation/BranchPredictionAI/run_model/hls/syn/report/csynth_design_size.rpt
INFO: [HLS 200-1995] There were 5,625 instructions in the design after the 'Array/Struct (step 5)' phase of compilation. See the Design Size Report for more details: /home/gkapakos/Desktop/ECE/10th_Semester/Architecture_of_Parallel_Systems/Project/BranchPredictionAI/C_Implementation/BranchPredictionAI/run_model/hls/syn/report/csynth_design_size.rpt
INFO: [HLS 200-1995] There were 5,109 instructions in the design after the 'Performance (step 1)' phase of compilation. See the Design Size Report for more details: /home/gkapakos/Desktop/ECE/10th_Semester/Architecture_of_Parallel_Systems/Project/BranchPredictionAI/C_Implementation/BranchPredictionAI/run_model/hls/syn/report/csynth_design_size.rpt
INFO: [HLS 200-1995] There were 11,043 instructions in the design after the 'Performance (step 2)' phase of compilation. See the Design Size Report for more details: /home/gkapakos/Desktop/ECE/10th_Semester/Architecture_of_Parallel_Systems/Project/BranchPredictionAI/C_Implementation/BranchPredictionAI/run_model/hls/syn/report/csynth_design_size.rpt
WARNING: [HLS 200-1995] There were 362,560 instructions in the design after the 'Performance (step 3)' phase of compilation. See the Design Size Report for more details: /home/gkapakos/Desktop/ECE/10th_Semester/Architecture_of_Parallel_Systems/Project/BranchPredictionAI/C_Implementation/BranchPredictionAI/run_model/hls/syn/report/csynth_design_size.rpt
INFO: [HLS 200-1995] There were 87,309 instructions in the design after the 'Performance (step 4)' phase of compilation. See the Design Size Report for more details: /home/gkapakos/Desktop/ECE/10th_Semester/Architecture_of_Parallel_Systems/Project/BranchPredictionAI/C_Implementation/BranchPredictionAI/run_model/hls/syn/report/csynth_design_size.rpt
INFO: [HLS 200-1995] There were 36,343 instructions in the design after the 'HW Transforms' phase of compilation. See the Design Size Report for more details: /home/gkapakos/Desktop/ECE/10th_Semester/Architecture_of_Parallel_Systems/Project/BranchPredictionAI/C_Implementation/BranchPredictionAI/run_model/hls/syn/report/csynth_design_size.rpt
INFO: [HLS 200-1995] There were 36,160 instructions in the design after the 'HW Transforms (step 2)' phase of compilation. See the Design Size Report for more details: /home/gkapakos/Desktop/ECE/10th_Semester/Architecture_of_Parallel_Systems/Project/BranchPredictionAI/C_Implementation/BranchPredictionAI/run_model/hls/syn/report/csynth_design_size.rpt
INFO: [HLS 214-131] Inlining function 'reluf(half)' into 'conv_bn_act_pool(half const*, int, half const*, int, half const*, int, half const*, half const*, half const*, half const*, half, act_t, int, half*)' (../main_5_slices.cpp:119:35)
INFO: [HLS 214-131] Inlining function 'sigmoidf(half)' into 'conv_bn_act_pool(half const*, int, half const*, int, half const*, int, half const*, half const*, half const*, half const*, half, act_t, int, half*)' (../main_5_slices.cpp:119:79)
INFO: [HLS 214-131] Inlining function 'tanhf_fast(half)' into 'conv_bn_act_pool(half const*, int, half const*, int, half const*, int, half const*, half const*, half const*, half const*, half, act_t, int, half*)' (../main_5_slices.cpp:119:63)
INFO: [HLS 214-131] Inlining function 'tanhf_fast(half)' into 'lstm_forward_unidir(half const*, int, int, half const*, half const*, half const*, half*, half*)' (../main_5_slices.cpp:169:22)
INFO: [HLS 214-131] Inlining function 'bn_vector(half*, int, half const*, half const*, half const*, half const*, half)' into 'run_all_slices_unrolled(half*)' (../main_5_slices.cpp:277:9)
INFO: [HLS 214-131] Inlining function 'tanhf_fast(half)' into 'run_all_slices_unrolled(half*)' (../main_5_slices.cpp:335:26)
INFO: [HLS 214-131] Inlining function 'bn_vector(half*, int, half const*, half const*, half const*, half const*, half)' into 'run_model(half*)' (../main_5_slices.cpp:351:5)
INFO: [HLS 214-131] Inlining function 'reluf(half)' into 'run_model(half*)' (../main_5_slices.cpp:352:49)
INFO: [HLS 214-186] Unrolling loop 'Loop4Big' (../main_5_slices.cpp:112:27) in function 'conv_bn_act_pool' completely with a factor of 32 (../main_5_slices.cpp:79:0)
INFO: [HLS 214-248] Applying array_partition to 'a_bn': Complete partitioning on dimension 1. (../main_5_slices.cpp:84:10)
INFO: [HLS 214-248] Applying array_partition to 'b_bn': Complete partitioning on dimension 1. (../main_5_slices.cpp:84:19)
INFO: [HLS 214-248] Applying array_partition to 'pool_acc': Complete partitioning on dimension 1. (../main_5_slices.cpp:98:10)
INFO: [HLS 214-376] automatically set the pipeline for Loop< InnerLoopDense> at ../main_5_slices.cpp:192:25 
INFO: [HLS 214-376] automatically set the pipeline for Loop< OuterLoopDense> at ../main_5_slices.cpp:190:21 
INFO: [HLS 214-376] automatically set the pipeline for Loop< BNParamsLoop> at ../main_5_slices.cpp:90:16 
INFO: [HLS 214-376] automatically set the pipeline for Loop< InitPoolAcc> at ../main_5_slices.cpp:101:15 
INFO: [HLS 214-376] automatically set the pipeline for Loop< Loop2Big> at ../main_5_slices.cpp:105:19 
INFO: [HLS 214-376] automatically set the pipeline for Loop< Loop3_2Big> at ../main_5_slices.cpp:123:25 
INFO: [HLS 214-376] automatically set the pipeline for Loop< VITIS_LOOP_141_1> at ../main_5_slices.cpp:141:23 
INFO: [HLS 214-376] automatically set the pipeline for Loop< Loop3_3_1LSTM> at ../main_5_slices.cpp:162:28 
INFO: [HLS 214-376] automatically set the pipeline for Loop< Loop3_2_1LSTM> at ../main_5_slices.cpp:156:28 
INFO: [HLS 214-376] automatically set the pipeline for Loop< Loop2_1LSTM> at ../main_5_slices.cpp:149:22 
INFO: [HLS 214-376] automatically set the pipeline for Loop< Loop2_4LSTM> at ../main_5_slices.cpp:165:22 
INFO: [HLS 214-376] automatically set the pipeline for Loop< MergedLoop> at ../main_5_slices.cpp:265:17 
INFO: [HLS 214-376] automatically set the pipeline for Loop< Loop_BN> at ../main_5_slices.cpp:180:11 
INFO: [HLS 214-376] automatically set the pipeline for Loop< MergedLoop0> at ../main_5_slices.cpp:278:22 
INFO: [HLS 214-376] automatically set the pipeline for Loop< MergedLoop1> at ../main_5_slices.cpp:292:22 
INFO: [HLS 214-376] automatically set the pipeline for Loop< MergedLoop2> at ../main_5_slices.cpp:306:22 
INFO: [HLS 214-376] automatically set the pipeline for Loop< MergedLoop3> at ../main_5_slices.cpp:320:22 
INFO: [HLS 214-376] automatically set the pipeline for Loop< MergedLoop4> at ../main_5_slices.cpp:334:22 
INFO: [HLS 214-376] automatically set the pipeline for Loop< ReLULoop1> at ../main_5_slices.cpp:352:16 
INFO: [HLS 214-376] automatically set the pipeline for Loop< ReLULoop2> at ../main_5_slices.cpp:357:16 
INFO: [HLS 214-291] Loop 'InnerLoopDense' is marked as complete unroll implied by the pipeline pragma (../main_5_slices.cpp:192:25)
INFO: [HLS 214-291] Loop 'Loop3_1Big' is marked as complete unroll implied by the pipeline pragma (../main_5_slices.cpp:108:25)
INFO: [HLS 214-186] Unrolling loop 'InnerLoopDense' (../main_5_slices.cpp:192:25) in function 'dense_forward' completely with a factor of 32 (../main_5_slices.cpp:188:0)
INFO: [HLS 214-186] Unrolling loop 'Loop3_1Big' (../main_5_slices.cpp:108:25) in function 'conv_bn_act_pool' completely with a factor of 7 (../main_5_slices.cpp:79:0)
INFO: [HLS 214-421] Automatically partitioning small array 'y_lin' completely based on array size. (../main_5_slices.cpp:359:10)
INFO: [HLS 214-270] Inferring pragma 'array_partition type=cyclic factor=225 dim=1' for array 'ConvW1' due to pipeline pragma (../slice1_weights.h:16393:0)
INFO: [HLS 214-270] Inferring pragma 'array_partition type=cyclic factor=225 dim=1' for array 'ConvW2' due to pipeline pragma (../slice2_weights.h:16393:0)
INFO: [HLS 214-270] Inferring pragma 'array_partition type=cyclic factor=225 dim=1' for array 'ConvW3' due to pipeline pragma (../slice3_weights.h:16393:0)
INFO: [HLS 214-270] Inferring pragma 'array_partition type=cyclic factor=225 dim=1' for array 'ConvW4' due to pipeline pragma (../slice4_weights.h:16393:0)
INFO: [HLS 214-270] Inferring pragma 'array_partition type=cyclic factor=112 dim=1' for array 'X_slice12' due to pipeline pragma
INFO: [HLS 214-270] Inferring pragma 'array_partition type=cyclic factor=112 dim=1' for array 'X_slice27' due to pipeline pragma
INFO: [HLS 214-270] Inferring pragma 'array_partition type=cyclic factor=112 dim=1' for array 'X_slice42' due to pipeline pragma
INFO: [HLS 214-270] Inferring pragma 'array_partition type=cyclic factor=112 dim=1' for array 'X_slice57' due to pipeline pragma
INFO: [HLS 214-270] Inferring pragma 'array_partition type=cyclic factor=33 dim=1' for array 'fc_0_W' due to pipeline pragma (../head_weights.h:7:0)
INFO: [HLS 214-270] Inferring pragma 'array_partition type=cyclic factor=5 dim=1' for array 'z' due to pipeline pragma (../main_5_slices.cpp:145:10)
INFO: [HLS 214-270] Inferring pragma 'array_partition type=complete dim=1' for array 'merged' due to pipeline pragma (../main_5_slices.cpp:342:7)
INFO: [HLS 214-270] Inferring pragma 'array_partition type=complete dim=1' for array 'y_lin' due to pipeline pragma (../main_5_slices.cpp:359:10)
INFO: [HLS 214-248] Applying array_partition to 'fc_0_W': Cyclic partitioning with factor 33 on dimension 1. (../head_weights.h:7:0)
INFO: [HLS 214-248] Applying array_partition to 'X_slice57': Cyclic partitioning with factor 112 on dimension 1.
INFO: [HLS 214-248] Applying array_partition to 'X_slice42': Cyclic partitioning with factor 112 on dimension 1.
INFO: [HLS 214-248] Applying array_partition to 'X_slice27': Cyclic partitioning with factor 112 on dimension 1.
INFO: [HLS 214-248] Applying array_partition to 'X_slice12': Cyclic partitioning with factor 112 on dimension 1.
INFO: [HLS 214-248] Applying array_partition to 'ConvW4': Cyclic partitioning with factor 225 on dimension 1. (../slice4_weights.h:16393:0)
INFO: [HLS 214-248] Applying array_partition to 'ConvW3': Cyclic partitioning with factor 225 on dimension 1. (../slice3_weights.h:16393:0)
INFO: [HLS 214-248] Applying array_partition to 'ConvW2': Cyclic partitioning with factor 225 on dimension 1. (../slice2_weights.h:16393:0)
INFO: [HLS 214-248] Applying array_partition to 'ConvW1': Cyclic partitioning with factor 225 on dimension 1. (../slice1_weights.h:16393:0)
INFO: [HLS 214-248] Applying array_partition to 'z': Cyclic partitioning with factor 5 on dimension 1. (../main_5_slices.cpp:145:10)
INFO: [HLS 214-248] Applying array_partition to 'merged': Complete partitioning on dimension 1. (../main_5_slices.cpp:342:7)
INFO: [HLS 214-248] Applying array_partition to 'y_lin': Complete partitioning on dimension 1. (../main_5_slices.cpp:359:10)
INFO: [HLS 200-111] Finished Compiling Optimization and Transform: CPU user time: 40.16 seconds. CPU system time: 0.52 seconds. Elapsed time: 43.49 seconds; current allocated memory: 244.668 MB.
INFO: [HLS 200-111] Finished Checking Pragmas: CPU user time: 0 seconds. CPU system time: 0 seconds. Elapsed time: 0 seconds; current allocated memory: 244.668 MB.
INFO: [HLS 200-10] Starting code transformations ...
INFO: [HLS 200-111] Finished Standard Transforms: CPU user time: 5.84 seconds. CPU system time: 0.02 seconds. Elapsed time: 5.89 seconds; current allocated memory: 271.379 MB.
INFO: [HLS 200-10] Checking synthesizability ...
INFO: [XFORM 203-602] Inlining function 'dense_forward' into 'run_model' (../main_5_slices.cpp:355) automatically.
WARNING: [SYNCHK 200-77] The top function 'run_model' (../main_5_slices.cpp:340) has no outputs. Possible cause(s) are: (1) Output parameters are passed by value; (2) intended outputs (parameters or global variables) are never written; (3) there are infinite loops.
INFO: [SYNCHK 200-10] 0 error(s), 1 warning(s).
INFO: [HLS 200-111] Finished Checking Synthesizability: CPU user time: 4.7 seconds. CPU system time: 0.02 seconds. Elapsed time: 4.74 seconds; current allocated memory: 317.711 MB.
INFO: [XFORM 203-602] Inlining function 'dense_forward' into 'run_model' (../main_5_slices.cpp:355) automatically.
INFO: [XFORM 203-401] Performing if-conversion on hyperblock from (../main_5_slices.cpp:264:9) to (../main_5_slices.cpp:279:23) in function 'run_all_slices_unrolled'... converting 4 basic blocks.
INFO: [XFORM 203-401] Performing if-conversion on hyperblock from (../main_5_slices.cpp:264:9) to (../main_5_slices.cpp:293:23) in function 'run_all_slices_unrolled'... converting 4 basic blocks.
INFO: [XFORM 203-401] Performing if-conversion on hyperblock from (../main_5_slices.cpp:264:9) to (../main_5_slices.cpp:307:23) in function 'run_all_slices_unrolled'... converting 4 basic blocks.
INFO: [XFORM 203-401] Performing if-conversion on hyperblock from (../main_5_slices.cpp:264:9) to (../main_5_slices.cpp:321:23) in function 'run_all_slices_unrolled'... converting 4 basic blocks.
INFO: [XFORM 203-401] Performing if-conversion on hyperblock from (../main_5_slices.cpp:264:9) to (../main_5_slices.cpp:335:23) in function 'run_all_slices_unrolled'... converting 4 basic blocks.
INFO: [XFORM 203-401] Performing if-conversion on hyperblock from (../main_5_slices.cpp:140:9) to (../main_5_slices.cpp:165:22) in function 'lstm_forward_unidir'... converting 7 basic blocks.
INFO: [XFORM 203-401] Performing if-conversion on hyperblock from (../main_5_slices.cpp:101:24) to (../main_5_slices.cpp:101:15) in function 'conv_bn_act_pool.3'... converting 3 basic blocks.
INFO: [XFORM 203-401] Performing if-conversion on hyperblock from (../main_5_slices.cpp:101:24) to (../main_5_slices.cpp:101:15) in function 'conv_bn_act_pool.2'... converting 3 basic blocks.
INFO: [XFORM 203-401] Performing if-conversion on hyperblock from (../main_5_slices.cpp:101:24) to (../main_5_slices.cpp:101:15) in function 'conv_bn_act_pool.1'... converting 3 basic blocks.
INFO: [XFORM 203-401] Performing if-conversion on hyperblock from (../main_5_slices.cpp:101:24) to (../main_5_slices.cpp:101:15) in function 'conv_bn_act_pool'... converting 3 basic blocks.
INFO: [HLS 200-111] Finished Loop, function and other optimizations: CPU user time: 28.6 seconds. CPU system time: 0.04 seconds. Elapsed time: 28.68 seconds; current allocated memory: 368.961 MB.
INFO: [HLS 200-2061] Successfully converted nested loops 'OuterLoopDense'(../main_5_slices.cpp:190:21) and 'InnerLoopDense'(../main_5_slices.cpp:192:25) in function 'run_model' into perfectly nested loops.
INFO: [HLS 200-2061] Successfully converted nested loops 'Loop2_2LSTM'(../main_5_slices.cpp:153:22) and 'Loop3_2_1LSTM'(../main_5_slices.cpp:156:28) in function 'lstm_forward_unidir' into perfectly nested loops.
INFO: [HLS 200-2061] Successfully converted nested loops 'Loop2_3LSTM'(../main_5_slices.cpp:159:22) and 'Loop3_3_1LSTM'(../main_5_slices.cpp:162:28) in function 'lstm_forward_unidir' into perfectly nested loops.
INFO: [XFORM 203-541] Flattening a loop nest 'OuterLoopDense' (../main_5_slices.cpp:190:21) in function 'run_model'.
INFO: [XFORM 203-541] Flattening a loop nest 'Loop2_2LSTM' (../main_5_slices.cpp:153:22) in function 'lstm_forward_unidir'.
INFO: [XFORM 203-541] Flattening a loop nest 'Loop2_3LSTM' (../main_5_slices.cpp:159:22) in function 'lstm_forward_unidir'.
INFO: [HLS 200-111] Finished Architecture Synthesis: CPU user time: 22.02 seconds. CPU system time: 0.21 seconds. Elapsed time: 22.29 seconds; current allocated memory: 907.996 MB.
INFO: [HLS 200-10] Starting hardware synthesis ...
INFO: [HLS 200-10] Synthesizing 'run_model' ...
WARNING: [SYN 201-103] Legalizing function name 'conv_bn_act_pool.1_Pipeline_BNParamsLoop' to 'conv_bn_act_pool_1_Pipeline_BNParamsLoop'.
WARNING: [SYN 201-103] Legalizing function name 'conv_bn_act_pool.1_Pipeline_Loop2Big' to 'conv_bn_act_pool_1_Pipeline_Loop2Big'.
WARNING: [SYN 201-103] Legalizing function name 'conv_bn_act_pool.1_Pipeline_Loop3_2Big' to 'conv_bn_act_pool_1_Pipeline_Loop3_2Big'.
WARNING: [SYN 201-103] Legalizing function name 'conv_bn_act_pool.1' to 'conv_bn_act_pool_1'.
WARNING: [SYN 201-103] Legalizing function name 'conv_bn_act_pool.2_Pipeline_BNParamsLoop' to 'conv_bn_act_pool_2_Pipeline_BNParamsLoop'.
WARNING: [SYN 201-103] Legalizing function name 'conv_bn_act_pool.2_Pipeline_Loop2Big' to 'conv_bn_act_pool_2_Pipeline_Loop2Big'.
WARNING: [SYN 201-103] Legalizing function name 'conv_bn_act_pool.2_Pipeline_Loop3_2Big' to 'conv_bn_act_pool_2_Pipeline_Loop3_2Big'.
WARNING: [SYN 201-103] Legalizing function name 'conv_bn_act_pool.2' to 'conv_bn_act_pool_2'.
WARNING: [SYN 201-103] Legalizing function name 'conv_bn_act_pool.3_Pipeline_BNParamsLoop' to 'conv_bn_act_pool_3_Pipeline_BNParamsLoop'.
WARNING: [SYN 201-103] Legalizing function name 'conv_bn_act_pool.3_Pipeline_Loop2Big' to 'conv_bn_act_pool_3_Pipeline_Loop2Big'.
WARNING: [SYN 201-103] Legalizing function name 'conv_bn_act_pool.3_Pipeline_Loop3_2Big' to 'conv_bn_act_pool_3_Pipeline_Loop3_2Big'.
WARNING: [SYN 201-103] Legalizing function name 'conv_bn_act_pool.3' to 'conv_bn_act_pool_3'.
WARNING: [SYN 201-103] Legalizing function name 'dense_forward.4' to 'dense_forward_4'.
INFO: [HLS 200-10] ----------------------------------------------------------------
INFO: [HLS 200-42] -- Implementing module 'run_all_slices_unrolled_Pipeline_MergedLoop' 
INFO: [HLS 200-10] ----------------------------------------------------------------
INFO: [SCHED 204-11] Starting scheduling ...
INFO: [SCHED 204-61] Pipelining loop 'MergedLoop'.
INFO: [HLS 200-1470] Pipelining result : Target II = NA, Final II = 1, Depth = 1, loop 'MergedLoop'
INFO: [SCHED 204-11] Finished scheduling.
INFO: [HLS 200-111] Finished Scheduling: CPU user time: 4.33 seconds. CPU system time: 0.09 seconds. Elapsed time: 4.43 seconds; current allocated memory: 919.852 MB.
INFO: [BIND 205-100] Starting micro-architecture generation ...
INFO: [BIND 205-101] Performing variable lifetime analysis.
INFO: [BIND 205-101] Exploring resource sharing.
INFO: [BIND 205-101] Binding ...
INFO: [BIND 205-100] Finished micro-architecture generation.
INFO: [HLS 200-111] Finished Binding: CPU user time: 0.03 seconds. CPU system time: 0 seconds. Elapsed time: 0.03 seconds; current allocated memory: 919.852 MB.
INFO: [HLS 200-10] ----------------------------------------------------------------
INFO: [HLS 200-42] -- Implementing module 'lstm_forward_unidir_Pipeline_VITIS_LOOP_141_1' 
INFO: [HLS 200-10] ----------------------------------------------------------------
INFO: [SCHED 204-11] Starting scheduling ...
INFO: [SCHED 204-61] Pipelining loop 'VITIS_LOOP_141_1'.
INFO: [HLS 200-1470] Pipelining result : Target II = NA, Final II = 1, Depth = 1, loop 'VITIS_LOOP_141_1'
INFO: [SCHED 204-11] Finished scheduling.
INFO: [HLS 200-111] Finished Scheduling: CPU user time: 0.03 seconds. CPU system time: 0 seconds. Elapsed time: 0.03 seconds; current allocated memory: 920.086 MB.
INFO: [BIND 205-100] Starting micro-architecture generation ...
INFO: [BIND 205-101] Performing variable lifetime analysis.
INFO: [BIND 205-101] Exploring resource sharing.
INFO: [BIND 205-101] Binding ...
INFO: [BIND 205-100] Finished micro-architecture generation.
INFO: [HLS 200-111] Finished Binding: CPU user time: 0.02 seconds. CPU system time: 0 seconds. Elapsed time: 0.02 seconds; current allocated memory: 920.086 MB.
INFO: [HLS 200-10] ----------------------------------------------------------------
INFO: [HLS 200-42] -- Implementing module 'lstm_forward_unidir_Pipeline_Loop2_1LSTM' 
INFO: [HLS 200-10] ----------------------------------------------------------------
INFO: [SCHED 204-11] Starting scheduling ...
INFO: [SCHED 204-61] Pipelining loop 'Loop2_1LSTM'.
INFO: [HLS 200-1470] Pipelining result : Target II = NA, Final II = 1, Depth = 4, loop 'Loop2_1LSTM'
INFO: [SCHED 204-11] Finished scheduling.
INFO: [HLS 200-111] Finished Scheduling: CPU user time: 0.04 seconds. CPU system time: 0 seconds. Elapsed time: 0.04 seconds; current allocated memory: 920.410 MB.
INFO: [BIND 205-100] Starting micro-architecture generation ...
INFO: [BIND 205-101] Performing variable lifetime analysis.
INFO: [BIND 205-101] Exploring resource sharing.
INFO: [BIND 205-101] Binding ...
INFO: [BIND 205-100] Finished micro-architecture generation.
INFO: [HLS 200-111] Finished Binding: CPU user time: 0.02 seconds. CPU system time: 0.01 seconds. Elapsed time: 0.02 seconds; current allocated memory: 920.410 MB.
INFO: [HLS 200-10] ----------------------------------------------------------------
INFO: [HLS 200-42] -- Implementing module 'lstm_forward_unidir_Pipeline_Loop2_2LSTM_Loop3_2_1LSTM' 
INFO: [HLS 200-10] ----------------------------------------------------------------
INFO: [SCHED 204-11] Starting scheduling ...
INFO: [SCHED 204-61] Pipelining loop 'Loop2_2LSTM_Loop3_2_1LSTM'.
INFO: [HLS 200-1470] Pipelining result : Target II = NA, Final II = 1, Depth = 17, loop 'Loop2_2LSTM_Loop3_2_1LSTM'
INFO: [SCHED 204-11] Finished scheduling.
INFO: [HLS 200-111] Finished Scheduling: CPU user time: 0.07 seconds. CPU system time: 0 seconds. Elapsed time: 0.07 seconds; current allocated memory: 921.051 MB.
INFO: [BIND 205-100] Starting micro-architecture generation ...
INFO: [BIND 205-101] Performing variable lifetime analysis.
INFO: [BIND 205-101] Exploring resource sharing.
INFO: [BIND 205-101] Binding ...
INFO: [BIND 205-100] Finished micro-architecture generation.
INFO: [HLS 200-111] Finished Binding: CPU user time: 0.02 seconds. CPU system time: 0 seconds. Elapsed time: 0.02 seconds; current allocated memory: 921.051 MB.
INFO: [HLS 200-10] ----------------------------------------------------------------
INFO: [HLS 200-42] -- Implementing module 'lstm_forward_unidir_Pipeline_Loop2_3LSTM_Loop3_3_1LSTM' 
INFO: [HLS 200-10] ----------------------------------------------------------------
INFO: [SCHED 204-11] Starting scheduling ...
INFO: [SCHED 204-61] Pipelining loop 'Loop2_3LSTM_Loop3_3_1LSTM'.
INFO: [HLS 200-1470] Pipelining result : Target II = NA, Final II = 1, Depth = 17, loop 'Loop2_3LSTM_Loop3_3_1LSTM'
INFO: [SCHED 204-11] Finished scheduling.
INFO: [HLS 200-111] Finished Scheduling: CPU user time: 0.05 seconds. CPU system time: 0 seconds. Elapsed time: 0.05 seconds; current allocated memory: 921.820 MB.
INFO: [BIND 205-100] Starting micro-architecture generation ...
INFO: [BIND 205-101] Performing variable lifetime analysis.
INFO: [BIND 205-101] Exploring resource sharing.
INFO: [BIND 205-101] Binding ...
INFO: [BIND 205-100] Finished micro-architecture generation.
INFO: [HLS 200-111] Finished Binding: CPU user time: 0.03 seconds. CPU system time: 0 seconds. Elapsed time: 0.04 seconds; current allocated memory: 921.820 MB.
INFO: [HLS 200-10] ----------------------------------------------------------------
INFO: [HLS 200-42] -- Implementing module 'lstm_forward_unidir_Pipeline_Loop2_4LSTM' 
INFO: [HLS 200-10] ----------------------------------------------------------------
INFO: [SCHED 204-11] Starting scheduling ...
INFO: [SCHED 204-61] Pipelining loop 'Loop2_4LSTM'.
INFO: [SCHED 204-61] Discarding stage scheduling solution.
INFO: [HLS 200-1470] Pipelining result : Target II = NA, Final II = 1, Depth = 43, loop 'Loop2_4LSTM'
INFO: [SCHED 204-11] Finished scheduling.
INFO: [HLS 200-111] Finished Scheduling: CPU user time: 0.12 seconds. CPU system time: 0.01 seconds. Elapsed time: 0.12 seconds; current allocated memory: 922.973 MB.
INFO: [BIND 205-100] Starting micro-architecture generation ...
INFO: [BIND 205-101] Performing variable lifetime analysis.
INFO: [BIND 205-101] Exploring resource sharing.
INFO: [BIND 205-101] Binding ...
INFO: [BIND 205-100] Finished micro-architecture generation.
INFO: [HLS 200-111] Finished Binding: CPU user time: 0.06 seconds. CPU system time: 0 seconds. Elapsed time: 0.06 seconds; current allocated memory: 922.973 MB.
INFO: [HLS 200-10] ----------------------------------------------------------------
INFO: [HLS 200-42] -- Implementing module 'lstm_forward_unidir' 
INFO: [HLS 200-10] ----------------------------------------------------------------
INFO: [SCHED 204-11] Starting scheduling ...
INFO: [SCHED 204-11] Finished scheduling.
INFO: [HLS 200-111] Finished Scheduling: CPU user time: 0.04 seconds. CPU system time: 0 seconds. Elapsed time: 0.04 seconds; current allocated memory: 923.895 MB.
INFO: [BIND 205-100] Starting micro-architecture generation ...
INFO: [BIND 205-101] Performing variable lifetime analysis.
INFO: [BIND 205-101] Exploring resource sharing.
INFO: [BIND 205-101] Binding ...
INFO: [BIND 205-100] Finished micro-architecture generation.
INFO: [HLS 200-111] Finished Binding: CPU user time: 0.02 seconds. CPU system time: 0.01 seconds. Elapsed time: 0.03 seconds; current allocated memory: 923.895 MB.
INFO: [HLS 200-10] ----------------------------------------------------------------
INFO: [HLS 200-42] -- Implementing module 'run_all_slices_unrolled_Pipeline_Loop_BN' 
INFO: [HLS 200-10] ----------------------------------------------------------------
INFO: [SCHED 204-11] Starting scheduling ...
INFO: [SCHED 204-61] Pipelining loop 'Loop_BN'.
INFO: [HLS 200-1470] Pipelining result : Target II = NA, Final II = 1, Depth = 39, loop 'Loop_BN'
INFO: [SCHED 204-11] Finished scheduling.
INFO: [HLS 200-111] Finished Scheduling: CPU user time: 0.04 seconds. CPU system time: 0 seconds. Elapsed time: 0.04 seconds; current allocated memory: 924.340 MB.
INFO: [BIND 205-100] Starting micro-architecture generation ...
INFO: [BIND 205-101] Performing variable lifetime analysis.
INFO: [BIND 205-101] Exploring resource sharing.
INFO: [BIND 205-101] Binding ...
INFO: [BIND 205-100] Finished micro-architecture generation.
INFO: [HLS 200-111] Finished Binding: CPU user time: 0.03 seconds. CPU system time: 0 seconds. Elapsed time: 0.02 seconds; current allocated memory: 924.340 MB.
INFO: [HLS 200-10] ----------------------------------------------------------------
INFO: [HLS 200-42] -- Implementing module 'run_all_slices_unrolled_Pipeline_MergedLoop0' 
INFO: [HLS 200-10] ----------------------------------------------------------------
INFO: [SCHED 204-11] Starting scheduling ...
INFO: [SCHED 204-61] Pipelining loop 'MergedLoop0'.
INFO: [HLS 200-1470] Pipelining result : Target II = NA, Final II = 1, Depth = 8, loop 'MergedLoop0'
INFO: [SCHED 204-11] Finished scheduling.
INFO: [HLS 200-111] Finished Scheduling: CPU user time: 0.17 seconds. CPU system time: 0.01 seconds. Elapsed time: 0.21 seconds; current allocated memory: 925.789 MB.
INFO: [BIND 205-100] Starting micro-architecture generation ...
INFO: [BIND 205-101] Performing variable lifetime analysis.
INFO: [BIND 205-101] Exploring resource sharing.
INFO: [BIND 205-101] Binding ...
INFO: [BIND 205-100] Finished micro-architecture generation.
INFO: [HLS 200-111] Finished Binding: CPU user time: 0.05 seconds. CPU system time: 0 seconds. Elapsed time: 0.06 seconds; current allocated memory: 925.789 MB.
INFO: [HLS 200-10] ----------------------------------------------------------------
INFO: [HLS 200-42] -- Implementing module 'conv_bn_act_pool_Pipeline_BNParamsLoop' 
INFO: [HLS 200-10] ----------------------------------------------------------------
INFO: [SCHED 204-11] Starting scheduling ...
INFO: [SCHED 204-61] Pipelining loop 'BNParamsLoop'.
INFO: [HLS 200-1470] Pipelining result : Target II = NA, Final II = 1, Depth = 39, loop 'BNParamsLoop'
INFO: [SCHED 204-11] Finished scheduling.
INFO: [HLS 200-111] Finished Scheduling: CPU user time: 0.16 seconds. CPU system time: 0.01 seconds. Elapsed time: 0.16 seconds; current allocated memory: 927.980 MB.
INFO: [BIND 205-100] Starting micro-architecture generation ...
INFO: [BIND 205-101] Performing variable lifetime analysis.
INFO: [BIND 205-101] Exploring resource sharing.
INFO: [BIND 205-101] Binding ...
INFO: [BIND 205-100] Finished micro-architecture generation.
INFO: [HLS 200-111] Finished Binding: CPU user time: 0.06 seconds. CPU system time: 0 seconds. Elapsed time: 0.07 seconds; current allocated memory: 927.980 MB.
INFO: [HLS 200-10] ----------------------------------------------------------------
INFO: [HLS 200-42] -- Implementing module 'conv_bn_act_pool_Pipeline_Loop2Big' 
INFO: [HLS 200-10] ----------------------------------------------------------------
INFO: [SCHED 204-11] Starting scheduling ...
INFO: [SCHED 204-61] Pipelining loop 'Loop2Big'.
INFO: [HLS 200-1470] Pipelining result : Target II = NA, Final II = 1, Depth = 1142, loop 'Loop2Big'
INFO: [SCHED 204-11] Finished scheduling.
INFO: [HLS 200-111] Finished Scheduling: CPU user time: 5.03 seconds. CPU system time: 0.04 seconds. Elapsed time: 5.08 seconds; current allocated memory: 966.340 MB.
INFO: [BIND 205-100] Starting micro-architecture generation ...
INFO: [BIND 205-101] Performing variable lifetime analysis.
INFO: [BIND 205-101] Exploring resource sharing.
INFO: [BIND 205-101] Binding ...
INFO: [BIND 205-100] Finished micro-architecture generation.
INFO: [HLS 200-111] Finished Binding: CPU user time: 4.72 seconds. CPU system time: 0.06 seconds. Elapsed time: 4.96 seconds; current allocated memory: 987.465 MB.
INFO: [HLS 200-10] ----------------------------------------------------------------
INFO: [HLS 200-42] -- Implementing module 'conv_bn_act_pool_Pipeline_Loop3_2Big' 
INFO: [HLS 200-10] ----------------------------------------------------------------
INFO: [SCHED 204-11] Starting scheduling ...
INFO: [SCHED 204-61] Pipelining loop 'Loop3_2Big'.
INFO: [HLS 200-1470] Pipelining result : Target II = NA, Final II = 1, Depth = 9, loop 'Loop3_2Big'
INFO: [SCHED 204-11] Finished scheduling.
INFO: [HLS 200-111] Finished Scheduling: CPU user time: 0.89 seconds. CPU system time: 0.06 seconds. Elapsed time: 0.96 seconds; current allocated memory: 991.336 MB.
INFO: [BIND 205-100] Starting micro-architecture generation ...
INFO: [BIND 205-101] Performing variable lifetime analysis.
INFO: [BIND 205-101] Exploring resource sharing.
INFO: [BIND 205-101] Binding ...
INFO: [BIND 205-100] Finished micro-architecture generation.
INFO: [HLS 200-111] Finished Binding: CPU user time: 0.04 seconds. CPU system time: 0 seconds. Elapsed time: 0.05 seconds; current allocated memory: 991.336 MB.
INFO: [HLS 200-10] ----------------------------------------------------------------
INFO: [HLS 200-42] -- Implementing module 'conv_bn_act_pool' 
INFO: [HLS 200-10] ----------------------------------------------------------------
INFO: [SCHED 204-11] Starting scheduling ...
INFO: [SCHED 204-11] Finished scheduling.
INFO: [HLS 200-111] Finished Scheduling: CPU user time: 4.75 seconds. CPU system time: 0.02 seconds. Elapsed time: 4.78 seconds; current allocated memory: 1.009 GB.
INFO: [BIND 205-100] Starting micro-architecture generation ...
INFO: [BIND 205-101] Performing variable lifetime analysis.
INFO: [BIND 205-101] Exploring resource sharing.
INFO: [BIND 205-101] Binding ...
INFO: [BIND 205-100] Finished micro-architecture generation.
INFO: [HLS 200-111] Finished Binding: CPU user time: 3.4 seconds. CPU system time: 0.02 seconds. Elapsed time: 3.43 seconds; current allocated memory: 1.009 GB.
INFO: [HLS 200-10] ----------------------------------------------------------------
INFO: [HLS 200-42] -- Implementing module 'run_all_slices_unrolled_Pipeline_Loop_BN2' 
INFO: [HLS 200-10] ----------------------------------------------------------------
INFO: [SCHED 204-11] Starting scheduling ...
INFO: [SCHED 204-61] Pipelining loop 'Loop_BN'.
INFO: [HLS 200-1470] Pipelining result : Target II = NA, Final II = 1, Depth = 39, loop 'Loop_BN'
INFO: [SCHED 204-11] Finished scheduling.
INFO: [HLS 200-111] Finished Scheduling: CPU user time: 0.58 seconds. CPU system time: 0.04 seconds. Elapsed time: 0.61 seconds; current allocated memory: 1.009 GB.
INFO: [BIND 205-100] Starting micro-architecture generation ...
INFO: [BIND 205-101] Performing variable lifetime analysis.
INFO: [BIND 205-101] Exploring resource sharing.
INFO: [BIND 205-101] Binding ...
INFO: [BIND 205-100] Finished micro-architecture generation.
INFO: [HLS 200-111] Finished Binding: CPU user time: 0.02 seconds. CPU system time: 0 seconds. Elapsed time: 0.03 seconds; current allocated memory: 1.009 GB.
INFO: [HLS 200-10] ----------------------------------------------------------------
INFO: [HLS 200-42] -- Implementing module 'run_all_slices_unrolled_Pipeline_MergedLoop1' 
INFO: [HLS 200-10] ----------------------------------------------------------------
INFO: [SCHED 204-11] Starting scheduling ...
INFO: [SCHED 204-61] Pipelining loop 'MergedLoop1'.
INFO: [HLS 200-1470] Pipelining result : Target II = NA, Final II = 1, Depth = 8, loop 'MergedLoop1'
INFO: [SCHED 204-11] Finished scheduling.
INFO: [HLS 200-111] Finished Scheduling: CPU user time: 0.15 seconds. CPU system time: 0.01 seconds. Elapsed time: 0.15 seconds; current allocated memory: 1.009 GB.
INFO: [BIND 205-100] Starting micro-architecture generation ...
INFO: [BIND 205-101] Performing variable lifetime analysis.
INFO: [BIND 205-101] Exploring resource sharing.
INFO: [BIND 205-101] Binding ...
INFO: [BIND 205-100] Finished micro-architecture generation.
INFO: [HLS 200-111] Finished Binding: CPU user time: 0.06 seconds. CPU system time: 0 seconds. Elapsed time: 0.06 seconds; current allocated memory: 1.009 GB.
INFO: [HLS 200-10] ----------------------------------------------------------------
INFO: [HLS 200-42] -- Implementing module 'conv_bn_act_pool_1_Pipeline_BNParamsLoop' 
INFO: [HLS 200-10] ----------------------------------------------------------------
INFO: [SCHED 204-11] Starting scheduling ...
INFO: [SCHED 204-61] Pipelining loop 'BNParamsLoop'.
INFO: [HLS 200-1470] Pipelining result : Target II = NA, Final II = 1, Depth = 39, loop 'BNParamsLoop'
INFO: [SCHED 204-11] Finished scheduling.
INFO: [HLS 200-111] Finished Scheduling: CPU user time: 0.19 seconds. CPU system time: 0.01 seconds. Elapsed time: 0.19 seconds; current allocated memory: 1.009 GB.
INFO: [BIND 205-100] Starting micro-architecture generation ...
INFO: [BIND 205-101] Performing variable lifetime analysis.
INFO: [BIND 205-101] Exploring resource sharing.
INFO: [BIND 205-101] Binding ...
INFO: [BIND 205-100] Finished micro-architecture generation.
INFO: [HLS 200-111] Finished Binding: CPU user time: 0.06 seconds. CPU system time: 0 seconds. Elapsed time: 0.07 seconds; current allocated memory: 1.009 GB.
INFO: [HLS 200-10] ----------------------------------------------------------------
INFO: [HLS 200-42] -- Implementing module 'conv_bn_act_pool_1_Pipeline_Loop2Big' 
INFO: [HLS 200-10] ----------------------------------------------------------------
INFO: [SCHED 204-11] Starting scheduling ...
INFO: [SCHED 204-61] Pipelining loop 'Loop2Big'.
INFO: [HLS 200-1470] Pipelining result : Target II = NA, Final II = 1, Depth = 1142, loop 'Loop2Big'
INFO: [SCHED 204-11] Finished scheduling.
INFO: [HLS 200-111] Finished Scheduling: CPU user time: 4.55 seconds. CPU system time: 0.02 seconds. Elapsed time: 4.58 seconds; current allocated memory: 1.052 GB.
INFO: [BIND 205-100] Starting micro-architecture generation ...
INFO: [BIND 205-101] Performing variable lifetime analysis.
INFO: [BIND 205-101] Exploring resource sharing.
INFO: [BIND 205-101] Binding ...
INFO: [BIND 205-100] Finished micro-architecture generation.
INFO: [HLS 200-111] Finished Binding: CPU user time: 3.51 seconds. CPU system time: 0.04 seconds. Elapsed time: 3.55 seconds; current allocated memory: 1.066 GB.
INFO: [HLS 200-10] ----------------------------------------------------------------
INFO: [HLS 200-42] -- Implementing module 'conv_bn_act_pool_1_Pipeline_Loop3_2Big' 
INFO: [HLS 200-10] ----------------------------------------------------------------
INFO: [SCHED 204-11] Starting scheduling ...
INFO: [SCHED 204-61] Pipelining loop 'Loop3_2Big'.
INFO: [HLS 200-1470] Pipelining result : Target II = NA, Final II = 1, Depth = 9, loop 'Loop3_2Big'
INFO: [SCHED 204-11] Finished scheduling.
INFO: [HLS 200-111] Finished Scheduling: CPU user time: 0.88 seconds. CPU system time: 0.07 seconds. Elapsed time: 0.97 seconds; current allocated memory: 1.070 GB.
INFO: [BIND 205-100] Starting micro-architecture generation ...
INFO: [BIND 205-101] Performing variable lifetime analysis.
INFO: [BIND 205-101] Exploring resource sharing.
INFO: [BIND 205-101] Binding ...
INFO: [BIND 205-100] Finished micro-architecture generation.
INFO: [HLS 200-111] Finished Binding: CPU user time: 0.04 seconds. CPU system time: 0.01 seconds. Elapsed time: 0.05 seconds; current allocated memory: 1.070 GB.
INFO: [HLS 200-10] ----------------------------------------------------------------
INFO: [HLS 200-42] -- Implementing module 'conv_bn_act_pool_1' 
INFO: [HLS 200-10] ----------------------------------------------------------------
INFO: [SCHED 204-11] Starting scheduling ...
INFO: [SCHED 204-11] Finished scheduling.
INFO: [HLS 200-111] Finished Scheduling: CPU user time: 4.83 seconds. CPU system time: 0.02 seconds. Elapsed time: 4.87 seconds; current allocated memory: 1.111 GB.
INFO: [BIND 205-100] Starting micro-architecture generation ...
INFO: [BIND 205-101] Performing variable lifetime analysis.
INFO: [BIND 205-101] Exploring resource sharing.
INFO: [BIND 205-101] Binding ...
INFO: [BIND 205-100] Finished micro-architecture generation.
INFO: [HLS 200-111] Finished Binding: CPU user time: 3.47 seconds. CPU system time: 0.02 seconds. Elapsed time: 3.49 seconds; current allocated memory: 1.111 GB.
INFO: [HLS 200-10] ----------------------------------------------------------------
INFO: [HLS 200-42] -- Implementing module 'run_all_slices_unrolled_Pipeline_Loop_BN3' 
INFO: [HLS 200-10] ----------------------------------------------------------------
INFO: [SCHED 204-11] Starting scheduling ...
INFO: [SCHED 204-61] Pipelining loop 'Loop_BN'.
INFO: [HLS 200-1470] Pipelining result : Target II = NA, Final II = 1, Depth = 39, loop 'Loop_BN'
INFO: [SCHED 204-11] Finished scheduling.
INFO: [HLS 200-111] Finished Scheduling: CPU user time: 0.63 seconds. CPU system time: 0.03 seconds. Elapsed time: 0.65 seconds; current allocated memory: 1.111 GB.
INFO: [BIND 205-100] Starting micro-architecture generation ...
INFO: [BIND 205-101] Performing variable lifetime analysis.
INFO: [BIND 205-101] Exploring resource sharing.
INFO: [BIND 205-101] Binding ...
INFO: [BIND 205-100] Finished micro-architecture generation.
INFO: [HLS 200-111] Finished Binding: CPU user time: 0.03 seconds. CPU system time: 0 seconds. Elapsed time: 0.04 seconds; current allocated memory: 1.111 GB.
INFO: [HLS 200-10] ----------------------------------------------------------------
INFO: [HLS 200-42] -- Implementing module 'run_all_slices_unrolled_Pipeline_MergedLoop2' 
INFO: [HLS 200-10] ----------------------------------------------------------------
INFO: [SCHED 204-11] Starting scheduling ...
INFO: [SCHED 204-61] Pipelining loop 'MergedLoop2'.
INFO: [HLS 200-1470] Pipelining result : Target II = NA, Final II = 1, Depth = 8, loop 'MergedLoop2'
INFO: [SCHED 204-11] Finished scheduling.
INFO: [HLS 200-111] Finished Scheduling: CPU user time: 0.11 seconds. CPU system time: 0.01 seconds. Elapsed time: 0.12 seconds; current allocated memory: 1.111 GB.
INFO: [BIND 205-100] Starting micro-architecture generation ...
INFO: [BIND 205-101] Performing variable lifetime analysis.
INFO: [BIND 205-101] Exploring resource sharing.
INFO: [BIND 205-101] Binding ...
INFO: [BIND 205-100] Finished micro-architecture generation.
INFO: [HLS 200-111] Finished Binding: CPU user time: 0.03 seconds. CPU system time: 0 seconds. Elapsed time: 0.03 seconds; current allocated memory: 1.111 GB.
INFO: [HLS 200-10] ----------------------------------------------------------------
INFO: [HLS 200-42] -- Implementing module 'conv_bn_act_pool_2_Pipeline_BNParamsLoop' 
INFO: [HLS 200-10] ----------------------------------------------------------------
INFO: [SCHED 204-11] Starting scheduling ...
INFO: [SCHED 204-61] Pipelining loop 'BNParamsLoop'.
INFO: [HLS 200-1470] Pipelining result : Target II = NA, Final II = 1, Depth = 39, loop 'BNParamsLoop'
INFO: [SCHED 204-11] Finished scheduling.
INFO: [HLS 200-111] Finished Scheduling: CPU user time: 0.12 seconds. CPU system time: 0 seconds. Elapsed time: 0.11 seconds; current allocated memory: 1.111 GB.
INFO: [BIND 205-100] Starting micro-architecture generation ...
INFO: [BIND 205-101] Performing variable lifetime analysis.
INFO: [BIND 205-101] Exploring resource sharing.
INFO: [BIND 205-101] Binding ...
INFO: [BIND 205-100] Finished micro-architecture generation.
INFO: [HLS 200-111] Finished Binding: CPU user time: 0.05 seconds. CPU system time: 0 seconds. Elapsed time: 0.05 seconds; current allocated memory: 1.111 GB.
INFO: [HLS 200-10] ----------------------------------------------------------------
INFO: [HLS 200-42] -- Implementing module 'conv_bn_act_pool_2_Pipeline_Loop2Big' 
INFO: [HLS 200-10] ----------------------------------------------------------------
INFO: [SCHED 204-11] Starting scheduling ...
INFO: [SCHED 204-61] Pipelining loop 'Loop2Big'.
INFO: [HLS 200-1470] Pipelining result : Target II = NA, Final II = 1, Depth = 1142, loop 'Loop2Big'
INFO: [SCHED 204-11] Finished scheduling.
INFO: [HLS 200-111] Finished Scheduling: CPU user time: 4.48 seconds. CPU system time: 0.02 seconds. Elapsed time: 4.5 seconds; current allocated memory: 1.154 GB.
INFO: [BIND 205-100] Starting micro-architecture generation ...
INFO: [BIND 205-101] Performing variable lifetime analysis.
INFO: [BIND 205-101] Exploring resource sharing.
INFO: [BIND 205-101] Binding ...
INFO: [BIND 205-100] Finished micro-architecture generation.
INFO: [HLS 200-111] Finished Binding: CPU user time: 3.22 seconds. CPU system time: 0.02 seconds. Elapsed time: 3.24 seconds; current allocated memory: 1.168 GB.
INFO: [HLS 200-10] ----------------------------------------------------------------
INFO: [HLS 200-42] -- Implementing module 'conv_bn_act_pool_2_Pipeline_Loop3_2Big' 
INFO: [HLS 200-10] ----------------------------------------------------------------
INFO: [SCHED 204-11] Starting scheduling ...
INFO: [SCHED 204-61] Pipelining loop 'Loop3_2Big'.
INFO: [HLS 200-1470] Pipelining result : Target II = NA, Final II = 1, Depth = 9, loop 'Loop3_2Big'
INFO: [SCHED 204-11] Finished scheduling.
INFO: [HLS 200-111] Finished Scheduling: CPU user time: 0.68 seconds. CPU system time: 0.04 seconds. Elapsed time: 0.74 seconds; current allocated memory: 1.172 GB.
INFO: [BIND 205-100] Starting micro-architecture generation ...
INFO: [BIND 205-101] Performing variable lifetime analysis.
INFO: [BIND 205-101] Exploring resource sharing.
INFO: [BIND 205-101] Binding ...
INFO: [BIND 205-100] Finished micro-architecture generation.
INFO: [HLS 200-111] Finished Binding: CPU user time: 0.06 seconds. CPU system time: 0.01 seconds. Elapsed time: 0.07 seconds; current allocated memory: 1.172 GB.
INFO: [HLS 200-10] ----------------------------------------------------------------
INFO: [HLS 200-42] -- Implementing module 'conv_bn_act_pool_2' 
INFO: [HLS 200-10] ----------------------------------------------------------------
INFO: [SCHED 204-11] Starting scheduling ...
INFO: [SCHED 204-11] Finished scheduling.
INFO: [HLS 200-111] Finished Scheduling: CPU user time: 4.26 seconds. CPU system time: 0.02 seconds. Elapsed time: 4.28 seconds; current allocated memory: 1.213 GB.
INFO: [BIND 205-100] Starting micro-architecture generation ...
INFO: [BIND 205-101] Performing variable lifetime analysis.
INFO: [BIND 205-101] Exploring resource sharing.
INFO: [BIND 205-101] Binding ...
INFO: [BIND 205-100] Finished micro-architecture generation.
INFO: [HLS 200-111] Finished Binding: CPU user time: 3.32 seconds. CPU system time: 0.03 seconds. Elapsed time: 3.35 seconds; current allocated memory: 1.213 GB.
INFO: [HLS 200-10] ----------------------------------------------------------------
INFO: [HLS 200-42] -- Implementing module 'run_all_slices_unrolled_Pipeline_Loop_BN4' 
INFO: [HLS 200-10] ----------------------------------------------------------------
INFO: [SCHED 204-11] Starting scheduling ...
INFO: [SCHED 204-61] Pipelining loop 'Loop_BN'.
INFO: [HLS 200-1470] Pipelining result : Target II = NA, Final II = 1, Depth = 39, loop 'Loop_BN'
INFO: [SCHED 204-11] Finished scheduling.
INFO: [HLS 200-111] Finished Scheduling: CPU user time: 0.71 seconds. CPU system time: 0.03 seconds. Elapsed time: 0.75 seconds; current allocated memory: 1.215 GB.
INFO: [BIND 205-100] Starting micro-architecture generation ...
INFO: [BIND 205-101] Performing variable lifetime analysis.
INFO: [BIND 205-101] Exploring resource sharing.
INFO: [BIND 205-101] Binding ...
INFO: [BIND 205-100] Finished micro-architecture generation.
INFO: [HLS 200-111] Finished Binding: CPU user time: 0.02 seconds. CPU system time: 0 seconds. Elapsed time: 0.03 seconds; current allocated memory: 1.215 GB.
INFO: [HLS 200-10] ----------------------------------------------------------------
INFO: [HLS 200-42] -- Implementing module 'run_all_slices_unrolled_Pipeline_MergedLoop3' 
INFO: [HLS 200-10] ----------------------------------------------------------------
INFO: [SCHED 204-11] Starting scheduling ...
INFO: [SCHED 204-61] Pipelining loop 'MergedLoop3'.
INFO: [HLS 200-1470] Pipelining result : Target II = NA, Final II = 1, Depth = 8, loop 'MergedLoop3'
INFO: [SCHED 204-11] Finished scheduling.
INFO: [HLS 200-111] Finished Scheduling: CPU user time: 0.11 seconds. CPU system time: 0 seconds. Elapsed time: 0.11 seconds; current allocated memory: 1.216 GB.
INFO: [BIND 205-100] Starting micro-architecture generation ...
INFO: [BIND 205-101] Performing variable lifetime analysis.
INFO: [BIND 205-101] Exploring resource sharing.
INFO: [BIND 205-101] Binding ...
INFO: [BIND 205-100] Finished micro-architecture generation.
INFO: [HLS 200-111] Finished Binding: CPU user time: 0.03 seconds. CPU system time: 0.01 seconds. Elapsed time: 0.04 seconds; current allocated memory: 1.216 GB.
INFO: [HLS 200-10] ----------------------------------------------------------------
INFO: [HLS 200-42] -- Implementing module 'conv_bn_act_pool_3_Pipeline_BNParamsLoop' 
INFO: [HLS 200-10] ----------------------------------------------------------------
INFO: [SCHED 204-11] Starting scheduling ...
INFO: [SCHED 204-61] Pipelining loop 'BNParamsLoop'.
INFO: [HLS 200-1470] Pipelining result : Target II = NA, Final II = 1, Depth = 39, loop 'BNParamsLoop'
INFO: [SCHED 204-11] Finished scheduling.
INFO: [HLS 200-111] Finished Scheduling: CPU user time: 0.13 seconds. CPU system time: 0 seconds. Elapsed time: 0.14 seconds; current allocated memory: 1.218 GB.
INFO: [BIND 205-100] Starting micro-architecture generation ...
INFO: [BIND 205-101] Performing variable lifetime analysis.
INFO: [BIND 205-101] Exploring resource sharing.
INFO: [BIND 205-101] Binding ...
INFO: [BIND 205-100] Finished micro-architecture generation.
INFO: [HLS 200-111] Finished Binding: CPU user time: 0.05 seconds. CPU system time: 0.01 seconds. Elapsed time: 0.05 seconds; current allocated memory: 1.218 GB.
INFO: [HLS 200-10] ----------------------------------------------------------------
INFO: [HLS 200-42] -- Implementing module 'conv_bn_act_pool_3_Pipeline_Loop2Big' 
INFO: [HLS 200-10] ----------------------------------------------------------------
INFO: [SCHED 204-11] Starting scheduling ...
INFO: [SCHED 204-61] Pipelining loop 'Loop2Big'.
INFO: [HLS 200-1470] Pipelining result : Target II = NA, Final II = 1, Depth = 1142, loop 'Loop2Big'
INFO: [SCHED 204-11] Finished scheduling.
INFO: [HLS 200-111] Finished Scheduling: CPU user time: 4.44 seconds. CPU system time: 0.02 seconds. Elapsed time: 4.47 seconds; current allocated memory: 1.258 GB.
INFO: [BIND 205-100] Starting micro-architecture generation ...
INFO: [BIND 205-101] Performing variable lifetime analysis.
INFO: [BIND 205-101] Exploring resource sharing.
INFO: [BIND 205-101] Binding ...
INFO: [BIND 205-100] Finished micro-architecture generation.
INFO: [HLS 200-111] Finished Binding: CPU user time: 3.24 seconds. CPU system time: 0.04 seconds. Elapsed time: 3.28 seconds; current allocated memory: 1.279 GB.
INFO: [HLS 200-10] ----------------------------------------------------------------
INFO: [HLS 200-42] -- Implementing module 'conv_bn_act_pool_3_Pipeline_Loop3_2Big' 
INFO: [HLS 200-10] ----------------------------------------------------------------
INFO: [SCHED 204-11] Starting scheduling ...
INFO: [SCHED 204-61] Pipelining loop 'Loop3_2Big'.
INFO: [HLS 200-1470] Pipelining result : Target II = NA, Final II = 1, Depth = 9, loop 'Loop3_2Big'
INFO: [SCHED 204-11] Finished scheduling.
INFO: [HLS 200-111] Finished Scheduling: CPU user time: 0.71 seconds. CPU system time: 0.05 seconds. Elapsed time: 0.77 seconds; current allocated memory: 1.283 GB.
INFO: [BIND 205-100] Starting micro-architecture generation ...
INFO: [BIND 205-101] Performing variable lifetime analysis.
INFO: [BIND 205-101] Exploring resource sharing.
INFO: [BIND 205-101] Binding ...
INFO: [BIND 205-100] Finished micro-architecture generation.
INFO: [HLS 200-111] Finished Binding: CPU user time: 0.05 seconds. CPU system time: 0 seconds. Elapsed time: 0.06 seconds; current allocated memory: 1.283 GB.
INFO: [HLS 200-10] ----------------------------------------------------------------
INFO: [HLS 200-42] -- Implementing module 'conv_bn_act_pool_3' 
INFO: [HLS 200-10] ----------------------------------------------------------------
INFO: [SCHED 204-11] Starting scheduling ...
INFO: [SCHED 204-11] Finished scheduling.
INFO: [HLS 200-111] Finished Scheduling: CPU user time: 4.19 seconds. CPU system time: 0.01 seconds. Elapsed time: 4.21 seconds; current allocated memory: 1.322 GB.
INFO: [BIND 205-100] Starting micro-architecture generation ...
INFO: [BIND 205-101] Performing variable lifetime analysis.
INFO: [BIND 205-101] Exploring resource sharing.
INFO: [BIND 205-101] Binding ...
INFO: [BIND 205-100] Finished micro-architecture generation.
INFO: [HLS 200-111] Finished Binding: CPU user time: 3.38 seconds. CPU system time: 0.02 seconds. Elapsed time: 3.39 seconds; current allocated memory: 1.323 GB.
INFO: [HLS 200-10] ----------------------------------------------------------------
INFO: [HLS 200-42] -- Implementing module 'run_all_slices_unrolled_Pipeline_Loop_BN5' 
INFO: [HLS 200-10] ----------------------------------------------------------------
INFO: [SCHED 204-11] Starting scheduling ...
INFO: [SCHED 204-61] Pipelining loop 'Loop_BN'.
INFO: [HLS 200-1470] Pipelining result : Target II = NA, Final II = 1, Depth = 39, loop 'Loop_BN'
INFO: [SCHED 204-11] Finished scheduling.
INFO: [HLS 200-111] Finished Scheduling: CPU user time: 0.68 seconds. CPU system time: 0.04 seconds. Elapsed time: 0.73 seconds; current allocated memory: 1.326 GB.
INFO: [BIND 205-100] Starting micro-architecture generation ...
INFO: [BIND 205-101] Performing variable lifetime analysis.
INFO: [BIND 205-101] Exploring resource sharing.
INFO: [BIND 205-101] Binding ...
INFO: [BIND 205-100] Finished micro-architecture generation.
INFO: [HLS 200-111] Finished Binding: CPU user time: 0.04 seconds. CPU system time: 0 seconds. Elapsed time: 0.04 seconds; current allocated memory: 1.326 GB.
INFO: [HLS 200-10] ----------------------------------------------------------------
INFO: [HLS 200-42] -- Implementing module 'run_all_slices_unrolled_Pipeline_MergedLoop4' 
INFO: [HLS 200-10] ----------------------------------------------------------------
INFO: [SCHED 204-11] Starting scheduling ...
INFO: [SCHED 204-61] Pipelining loop 'MergedLoop4'.
INFO: [HLS 200-1470] Pipelining result : Target II = NA, Final II = 1, Depth = 8, loop 'MergedLoop4'
INFO: [SCHED 204-11] Finished scheduling.
INFO: [HLS 200-111] Finished Scheduling: CPU user time: 0.12 seconds. CPU system time: 0 seconds. Elapsed time: 0.13 seconds; current allocated memory: 1.326 GB.
INFO: [BIND 205-100] Starting micro-architecture generation ...
INFO: [BIND 205-101] Performing variable lifetime analysis.
INFO: [BIND 205-101] Exploring resource sharing.
INFO: [BIND 205-101] Binding ...
INFO: [BIND 205-100] Finished micro-architecture generation.
INFO: [HLS 200-111] Finished Binding: CPU user time: 0.06 seconds. CPU system time: 0 seconds. Elapsed time: 0.06 seconds; current allocated memory: 1.326 GB.
INFO: [HLS 200-10] ----------------------------------------------------------------
INFO: [HLS 200-42] -- Implementing module 'run_all_slices_unrolled' 
INFO: [HLS 200-10] ----------------------------------------------------------------
INFO: [SCHED 204-11] Starting scheduling ...
INFO: [SCHED 204-11] Finished scheduling.
INFO: [HLS 200-111] Finished Scheduling: CPU user time: 0.06 seconds. CPU system time: 0.01 seconds. Elapsed time: 0.06 seconds; current allocated memory: 1.327 GB.
INFO: [BIND 205-100] Starting micro-architecture generation ...
INFO: [BIND 205-101] Performing variable lifetime analysis.
INFO: [BIND 205-101] Exploring resource sharing.
INFO: [BIND 205-101] Binding ...
INFO: [BIND 205-100] Finished micro-architecture generation.
INFO: [HLS 200-111] Finished Binding: CPU user time: 0.3 seconds. CPU system time: 0 seconds. Elapsed time: 0.31 seconds; current allocated memory: 1.329 GB.
INFO: [HLS 200-10] ----------------------------------------------------------------
INFO: [HLS 200-42] -- Implementing module 'dense_forward_4' 
INFO: [HLS 200-10] ----------------------------------------------------------------
INFO: [SCHED 204-11] Starting scheduling ...
INFO: [SCHED 204-61] Pipelining loop 'OuterLoopDense'.
INFO: [HLS 200-1470] Pipelining result : Target II = NA, Final II = 1, Depth = 169, loop 'OuterLoopDense'
INFO: [SCHED 204-11] Finished scheduling.
INFO: [HLS 200-111] Finished Scheduling: CPU user time: 2.06 seconds. CPU system time: 0.02 seconds. Elapsed time: 2.07 seconds; current allocated memory: 1.353 GB.
INFO: [BIND 205-100] Starting micro-architecture generation ...
INFO: [BIND 205-101] Performing variable lifetime analysis.
INFO: [BIND 205-101] Exploring resource sharing.
INFO: [BIND 205-101] Binding ...
INFO: [BIND 205-100] Finished micro-architecture generation.
INFO: [HLS 200-111] Finished Binding: CPU user time: 0.7 seconds. CPU system time: 0.01 seconds. Elapsed time: 0.72 seconds; current allocated memory: 1.353 GB.
INFO: [HLS 200-10] ----------------------------------------------------------------
INFO: [HLS 200-42] -- Implementing module 'run_model_Pipeline_Loop_BN' 
INFO: [HLS 200-10] ----------------------------------------------------------------
INFO: [SCHED 204-11] Starting scheduling ...
INFO: [SCHED 204-61] Pipelining loop 'Loop_BN'.
INFO: [HLS 200-1470] Pipelining result : Target II = NA, Final II = 1, Depth = 42, loop 'Loop_BN'
INFO: [SCHED 204-11] Finished scheduling.
INFO: [HLS 200-111] Finished Scheduling: CPU user time: 0.38 seconds. CPU system time: 0.02 seconds. Elapsed time: 0.39 seconds; current allocated memory: 1.355 GB.
INFO: [BIND 205-100] Starting micro-architecture generation ...
INFO: [BIND 205-101] Performing variable lifetime analysis.
INFO: [BIND 205-101] Exploring resource sharing.
INFO: [BIND 205-101] Binding ...
INFO: [BIND 205-100] Finished micro-architecture generation.
INFO: [HLS 200-111] Finished Binding: CPU user time: 0.03 seconds. CPU system time: 0 seconds. Elapsed time: 0.03 seconds; current allocated memory: 1.355 GB.
INFO: [HLS 200-10] ----------------------------------------------------------------
INFO: [HLS 200-42] -- Implementing module 'run_model_Pipeline_ReLULoop1' 
INFO: [HLS 200-10] ----------------------------------------------------------------
INFO: [SCHED 204-11] Starting scheduling ...
INFO: [SCHED 204-61] Pipelining loop 'ReLULoop1'.
INFO: [HLS 200-1470] Pipelining result : Target II = NA, Final II = 1, Depth = 6, loop 'ReLULoop1'
INFO: [SCHED 204-11] Finished scheduling.
INFO: [HLS 200-111] Finished Scheduling: CPU user time: 0.06 seconds. CPU system time: 0 seconds. Elapsed time: 0.06 seconds; current allocated memory: 1.356 GB.
INFO: [BIND 205-100] Starting micro-architecture generation ...
INFO: [BIND 205-101] Performing variable lifetime analysis.
INFO: [BIND 205-101] Exploring resource sharing.
INFO: [BIND 205-101] Binding ...
INFO: [BIND 205-100] Finished micro-architecture generation.
INFO: [HLS 200-111] Finished Binding: CPU user time: 0.03 seconds. CPU system time: 0 seconds. Elapsed time: 0.03 seconds; current allocated memory: 1.356 GB.
INFO: [HLS 200-10] ----------------------------------------------------------------
INFO: [HLS 200-42] -- Implementing module 'run_model_Pipeline_OuterLoopDense_InnerLoopDense' 
INFO: [HLS 200-10] ----------------------------------------------------------------
INFO: [SCHED 204-11] Starting scheduling ...
INFO: [SCHED 204-61] Pipelining loop 'OuterLoopDense_InnerLoopDense'.
WARNING: [HLS 200-880] The II Violation in module 'run_model_Pipeline_OuterLoopDense_InnerLoopDense' (loop 'OuterLoopDense_InnerLoopDense'): Unable to enforce a carried dependence constraint (II = 1, distance = 1, offset = 0) between 'store' operation 0 bit ('acc_write_ln189', ../main_5_slices.cpp:189->../main_5_slices.cpp:355) of variable 'acc', ../main_5_slices.cpp:194->../main_5_slices.cpp:355 on local variable 'acc', ../main_5_slices.cpp:189->../main_5_slices.cpp:355 and 'load' operation 16 bit ('acc_load', ../main_5_slices.cpp:190->../main_5_slices.cpp:355) on local variable 'acc', ../main_5_slices.cpp:189->../main_5_slices.cpp:355.
Resolution: For help on HLS 200-880 see docs.xilinx.com/access/sources/dita/topic?Doc_Version=2024.2%20English&url=ug1448-hls-guidance&resourceid=200-880.html
WARNING: [HLS 200-880] The II Violation in module 'run_model_Pipeline_OuterLoopDense_InnerLoopDense' (loop 'OuterLoopDense_InnerLoopDense'): Unable to enforce a carried dependence constraint (II = 2, distance = 1, offset = 0) between 'store' operation 0 bit ('acc_write_ln189', ../main_5_slices.cpp:189->../main_5_slices.cpp:355) of variable 'acc', ../main_5_slices.cpp:194->../main_5_slices.cpp:355 on local variable 'acc', ../main_5_slices.cpp:189->../main_5_slices.cpp:355 and 'load' operation 16 bit ('acc_load', ../main_5_slices.cpp:190->../main_5_slices.cpp:355) on local variable 'acc', ../main_5_slices.cpp:189->../main_5_slices.cpp:355.
Resolution: For help on HLS 200-880 see docs.xilinx.com/access/sources/dita/topic?Doc_Version=2024.2%20English&url=ug1448-hls-guidance&resourceid=200-880.html
WARNING: [HLS 200-880] The II Violation in module 'run_model_Pipeline_OuterLoopDense_InnerLoopDense' (loop 'OuterLoopDense_InnerLoopDense'): Unable to enforce a carried dependence constraint (II = 3, distance = 1, offset = 0) between 'store' operation 0 bit ('acc_write_ln189', ../main_5_slices.cpp:189->../main_5_slices.cpp:355) of variable 'acc', ../main_5_slices.cpp:194->../main_5_slices.cpp:355 on local variable 'acc', ../main_5_slices.cpp:189->../main_5_slices.cpp:355 and 'load' operation 16 bit ('acc_load', ../main_5_slices.cpp:190->../main_5_slices.cpp:355) on local variable 'acc', ../main_5_slices.cpp:189->../main_5_slices.cpp:355.
Resolution: For help on HLS 200-880 see docs.xilinx.com/access/sources/dita/topic?Doc_Version=2024.2%20English&url=ug1448-hls-guidance&resourceid=200-880.html
INFO: [HLS 200-1470] Pipelining result : Target II = NA, Final II = 4, Depth = 13, loop 'OuterLoopDense_InnerLoopDense'
INFO: [SCHED 204-11] Finished scheduling.
INFO: [HLS 200-111] Finished Scheduling: CPU user time: 0.08 seconds. CPU system time: 0.01 seconds. Elapsed time: 0.07 seconds; current allocated memory: 1.356 GB.
INFO: [BIND 205-100] Starting micro-architecture generation ...
INFO: [BIND 205-101] Performing variable lifetime analysis.
INFO: [BIND 205-101] Exploring resource sharing.
INFO: [BIND 205-101] Binding ...
INFO: [BIND 205-100] Finished micro-architecture generation.
INFO: [HLS 200-111] Finished Binding: CPU user time: 0.05 seconds. CPU system time: 0 seconds. Elapsed time: 0.05 seconds; current allocated memory: 1.356 GB.
INFO: [HLS 200-10] ----------------------------------------------------------------
INFO: [HLS 200-42] -- Implementing module 'run_model_Pipeline_Loop_BN1' 
INFO: [HLS 200-10] ----------------------------------------------------------------
INFO: [SCHED 204-11] Starting scheduling ...
INFO: [SCHED 204-61] Pipelining loop 'Loop_BN'.
INFO: [HLS 200-1470] Pipelining result : Target II = NA, Final II = 1, Depth = 42, loop 'Loop_BN'
INFO: [SCHED 204-11] Finished scheduling.
INFO: [HLS 200-111] Finished Scheduling: CPU user time: 0.08 seconds. CPU system time: 0 seconds. Elapsed time: 0.08 seconds; current allocated memory: 1.357 GB.
INFO: [BIND 205-100] Starting micro-architecture generation ...
INFO: [BIND 205-101] Performing variable lifetime analysis.
INFO: [BIND 205-101] Exploring resource sharing.
INFO: [BIND 205-101] Binding ...
INFO: [BIND 205-100] Finished micro-architecture generation.
INFO: [HLS 200-111] Finished Binding: CPU user time: 0.05 seconds. CPU system time: 0 seconds. Elapsed time: 0.04 seconds; current allocated memory: 1.357 GB.
INFO: [HLS 200-10] ----------------------------------------------------------------
INFO: [HLS 200-42] -- Implementing module 'run_model_Pipeline_ReLULoop2' 
INFO: [HLS 200-10] ----------------------------------------------------------------
INFO: [SCHED 204-11] Starting scheduling ...
INFO: [SCHED 204-61] Pipelining loop 'ReLULoop2'.
INFO: [HLS 200-1470] Pipelining result : Target II = NA, Final II = 1, Depth = 6, loop 'ReLULoop2'
INFO: [SCHED 204-11] Finished scheduling.
INFO: [HLS 200-111] Finished Scheduling: CPU user time: 0.06 seconds. CPU system time: 0 seconds. Elapsed time: 0.06 seconds; current allocated memory: 1.357 GB.
INFO: [BIND 205-100] Starting micro-architecture generation ...
INFO: [BIND 205-101] Performing variable lifetime analysis.
INFO: [BIND 205-101] Exploring resource sharing.
INFO: [BIND 205-101] Binding ...
INFO: [BIND 205-100] Finished micro-architecture generation.
INFO: [HLS 200-111] Finished Binding: CPU user time: 0.04 seconds. CPU system time: 0 seconds. Elapsed time: 0.04 seconds; current allocated memory: 1.357 GB.
INFO: [HLS 200-10] ----------------------------------------------------------------
INFO: [HLS 200-42] -- Implementing module 'run_model' 
INFO: [HLS 200-10] ----------------------------------------------------------------
INFO: [SCHED 204-11] Starting scheduling ...
INFO: [SCHED 204-11] Finished scheduling.
INFO: [HLS 200-111] Finished Scheduling: CPU user time: 0.06 seconds. CPU system time: 0.01 seconds. Elapsed time: 0.07 seconds; current allocated memory: 1.357 GB.
INFO: [BIND 205-100] Starting micro-architecture generation ...
INFO: [BIND 205-101] Performing variable lifetime analysis.
INFO: [BIND 205-101] Exploring resource sharing.
INFO: [BIND 205-101] Binding ...
INFO: [BIND 205-100] Finished micro-architecture generation.
INFO: [HLS 200-111] Finished Binding: CPU user time: 2.38 seconds. CPU system time: 0.01 seconds. Elapsed time: 2.41 seconds; current allocated memory: 1.362 GB.
INFO: [HLS 200-10] ----------------------------------------------------------------
INFO: [HLS 200-10] -- Generating RTL for module 'run_all_slices_unrolled_Pipeline_MergedLoop' 
INFO: [HLS 200-10] ----------------------------------------------------------------
INFO: [RTGEN 206-100] Finished creating RTL model for 'run_all_slices_unrolled_Pipeline_MergedLoop'.
INFO: [HLS 200-111] Finished Creating RTL model: CPU user time: 0.83 seconds. CPU system time: 0.01 seconds. Elapsed time: 0.84 seconds; current allocated memory: 1.362 GB.
INFO: [HLS 200-10] ----------------------------------------------------------------
INFO: [HLS 200-10] -- Generating RTL for module 'lstm_forward_unidir_Pipeline_VITIS_LOOP_141_1' 
INFO: [HLS 200-10] ----------------------------------------------------------------
INFO: [RTGEN 206-100] Finished creating RTL model for 'lstm_forward_unidir_Pipeline_VITIS_LOOP_141_1'.
INFO: [HLS 200-111] Finished Creating RTL model: CPU user time: 0.06 seconds. CPU system time: 0.01 seconds. Elapsed time: 0.08 seconds; current allocated memory: 1.364 GB.
INFO: [HLS 200-10] ----------------------------------------------------------------
INFO: [HLS 200-10] -- Generating RTL for module 'lstm_forward_unidir_Pipeline_Loop2_1LSTM' 
INFO: [HLS 200-10] ----------------------------------------------------------------
INFO: [HLS 200-1030] Apply Unified Pipeline Control on module 'lstm_forward_unidir_Pipeline_Loop2_1LSTM' pipeline 'Loop2_1LSTM' pipeline type 'loop pipeline'
INFO: [RTGEN 206-100] Generating core module 'mul_7ns_9ns_15_1_1': 1 instance(s).
INFO: [RTGEN 206-100] Finished creating RTL model for 'lstm_forward_unidir_Pipeline_Loop2_1LSTM'.
INFO: [HLS 200-111] Finished Creating RTL model: CPU user time: 0.05 seconds. CPU system time: 0.01 seconds. Elapsed time: 0.07 seconds; current allocated memory: 1.365 GB.
INFO: [HLS 200-10] ----------------------------------------------------------------
INFO: [HLS 200-10] -- Generating RTL for module 'lstm_forward_unidir_Pipeline_Loop2_2LSTM_Loop3_2_1LSTM' 
INFO: [HLS 200-10] ----------------------------------------------------------------
INFO: [HLS 200-1030] Apply Unified Pipeline Control on module 'lstm_forward_unidir_Pipeline_Loop2_2LSTM_Loop3_2_1LSTM' pipeline 'Loop2_2LSTM_Loop3_2_1LSTM' pipeline type 'loop pipeline'
INFO: [RTGEN 206-100] Generating core module 'hadd_16ns_16ns_16_5_full_dsp_1': 1 instance(s).
INFO: [RTGEN 206-100] Generating core module 'hmul_16ns_16ns_16_4_max_dsp_1': 1 instance(s).
INFO: [RTGEN 206-100] Generating core module 'mul_8ns_10ns_17_1_1': 1 instance(s).
INFO: [RTGEN 206-100] Generating core module 'sparsemux_11_3_16_1_1': 1 instance(s).
INFO: [RTGEN 206-100] Generating core module 'urem_8ns_4ns_3_12_1': 1 instance(s).
INFO: [RTGEN 206-100] Finished creating RTL model for 'lstm_forward_unidir_Pipeline_Loop2_2LSTM_Loop3_2_1LSTM'.
INFO: [HLS 200-111] Finished Creating RTL model: CPU user time: 0.1 seconds. CPU system time: 0 seconds. Elapsed time: 0.12 seconds; current allocated memory: 1.367 GB.
INFO: [HLS 200-10] ----------------------------------------------------------------
INFO: [HLS 200-10] -- Generating RTL for module 'lstm_forward_unidir_Pipeline_Loop2_3LSTM_Loop3_3_1LSTM' 
INFO: [HLS 200-10] ----------------------------------------------------------------
INFO: [HLS 200-1030] Apply Unified Pipeline Control on module 'lstm_forward_unidir_Pipeline_Loop2_3LSTM_Loop3_3_1LSTM' pipeline 'Loop2_3LSTM_Loop3_3_1LSTM' pipeline type 'loop pipeline'
INFO: [RTGEN 206-100] Generating core module 'hadd_16ns_16ns_16_5_full_dsp_1': 1 instance(s).
INFO: [RTGEN 206-100] Generating core module 'hmul_16ns_16ns_16_4_max_dsp_1': 1 instance(s).
INFO: [RTGEN 206-100] Generating core module 'mul_8ns_10ns_17_1_1': 1 instance(s).
INFO: [RTGEN 206-100] Generating core module 'sparsemux_11_3_16_1_1': 1 instance(s).
INFO: [RTGEN 206-100] Generating core module 'urem_8ns_4ns_3_12_1': 1 instance(s).
INFO: [RTGEN 206-100] Finished creating RTL model for 'lstm_forward_unidir_Pipeline_Loop2_3LSTM_Loop3_3_1LSTM'.
INFO: [HLS 200-111] Finished Creating RTL model: CPU user time: 0.11 seconds. CPU system time: 0.01 seconds. Elapsed time: 0.12 seconds; current allocated memory: 1.369 GB.
INFO: [HLS 200-10] ----------------------------------------------------------------
INFO: [HLS 200-10] -- Generating RTL for module 'lstm_forward_unidir_Pipeline_Loop2_4LSTM' 
INFO: [HLS 200-10] ----------------------------------------------------------------
INFO: [HLS 200-1030] Apply Unified Pipeline Control on module 'lstm_forward_unidir_Pipeline_Loop2_4LSTM' pipeline 'Loop2_4LSTM' pipeline type 'loop pipeline'
WARNING: [RTGEN 206-101] RTL name 'sparsemux_11_3_16_1_1' is changed to 'sparsemux_11_3_16_1_1_x' due to conflict.
INFO: [RTGEN 206-100] Generating core module 'fadd_32ns_32ns_32_4_full_dsp_1': 3 instance(s).
INFO: [RTGEN 206-100] Generating core module 'fdiv_32ns_32ns_32_10_no_dsp_1': 3 instance(s).
INFO: [RTGEN 206-100] Generating core module 'fexp_32ns_32ns_32_8_full_dsp_1': 3 instance(s).
INFO: [RTGEN 206-100] Generating core module 'hadd_16ns_16ns_16_5_full_dsp_1': 1 instance(s).
INFO: [RTGEN 206-100] Generating core module 'hcmp_16ns_16ns_1_2_no_dsp_1': 4 instance(s).
INFO: [RTGEN 206-100] Generating core module 'hmul_16ns_16ns_16_4_max_dsp_1': 3 instance(s).
INFO: [RTGEN 206-100] Generating core module 'hptosp_16ns_32_2_no_dsp_1': 3 instance(s).
INFO: [RTGEN 206-100] Generating core module 'mul_5ns_7ns_11_1_1': 1 instance(s).
INFO: [RTGEN 206-100] Generating core module 'mul_6ns_8ns_13_1_1': 1 instance(s).
INFO: [RTGEN 206-100] Generating core module 'mul_7ns_9ns_15_1_1': 2 instance(s).
INFO: [RTGEN 206-100] Generating core module 'sparsemux_11_3_16_1_1': 1 instance(s).
INFO: [RTGEN 206-100] Generating core module 'sparsemux_11_3_16_1_1_x': 3 instance(s).
INFO: [RTGEN 206-100] Generating core module 'sparsemux_7_2_16_1_1': 2 instance(s).
INFO: [RTGEN 206-100] Generating core module 'sptohp_32ns_16_2_no_dsp_1': 3 instance(s).
INFO: [RTGEN 206-100] Finished creating RTL model for 'lstm_forward_unidir_Pipeline_Loop2_4LSTM'.
INFO: [HLS 200-111] Finished Creating RTL model: CPU user time: 0.2 seconds. CPU system time: 0.01 seconds. Elapsed time: 0.23 seconds; current allocated memory: 1.373 GB.
INFO: [HLS 200-10] ----------------------------------------------------------------
INFO: [HLS 200-10] -- Generating RTL for module 'lstm_forward_unidir' 
INFO: [HLS 200-10] ----------------------------------------------------------------
INFO: [RTGEN 206-100] Generating core module 'hadd_16ns_16ns_16_5_full_dsp_1': 1 instance(s).
INFO: [RTGEN 206-100] Generating core module 'hmul_16ns_16ns_16_4_max_dsp_1': 1 instance(s).
INFO: [RTGEN 206-100] Finished creating RTL model for 'lstm_forward_unidir'.
INFO: [RTMG 210-278] Implementing memory 'run_model_lstm_forward_unidir_c_slice_RAM_AUTO_1R1W' using auto RAMs.
INFO: [RTMG 210-278] Implementing memory 'run_model_lstm_forward_unidir_z_RAM_AUTO_1R1W' using auto RAMs.
INFO: [HLS 200-111] Finished Creating RTL model: CPU user time: 0.16 seconds. CPU system time: 0.02 seconds. Elapsed time: 0.18 seconds; current allocated memory: 1.377 GB.
INFO: [HLS 200-10] ----------------------------------------------------------------
INFO: [HLS 200-10] -- Generating RTL for module 'run_all_slices_unrolled_Pipeline_Loop_BN' 
INFO: [HLS 200-10] ----------------------------------------------------------------
INFO: [HLS 200-1030] Apply Unified Pipeline Control on module 'run_all_slices_unrolled_Pipeline_Loop_BN' pipeline 'Loop_BN' pipeline type 'loop pipeline'
INFO: [RTGEN 206-100] Generating core module 'fdiv_32ns_32ns_32_10_no_dsp_1': 1 instance(s).
INFO: [RTGEN 206-100] Generating core module 'fsqrt_32ns_32ns_32_10_no_dsp_1': 1 instance(s).
INFO: [RTGEN 206-100] Generating core module 'hadd_16ns_16ns_16_5_full_dsp_1': 2 instance(s).
INFO: [RTGEN 206-100] Generating core module 'hmul_16ns_16ns_16_4_max_dsp_1': 1 instance(s).
INFO: [RTGEN 206-100] Generating core module 'hptosp_16ns_32_2_no_dsp_1': 2 instance(s).
INFO: [RTGEN 206-100] Generating core module 'sptohp_32ns_16_2_no_dsp_1': 1 instance(s).
INFO: [RTGEN 206-100] Finished creating RTL model for 'run_all_slices_unrolled_Pipeline_Loop_BN'.
INFO: [RTMG 210-279] Implementing memory 'run_model_run_all_slices_unrolled_Pipeline_Loop_BN_BN2_var0_ROM_AUTO_1R' using auto ROMs.
INFO: [HLS 200-111] Finished Creating RTL model: CPU user time: 0.13 seconds. CPU system time: 0.01 seconds. Elapsed time: 0.14 seconds; current allocated memory: 1.379 GB.
INFO: [HLS 200-10] ----------------------------------------------------------------
INFO: [HLS 200-10] -- Generating RTL for module 'run_all_slices_unrolled_Pipeline_MergedLoop0' 
INFO: [HLS 200-10] ----------------------------------------------------------------
INFO: [HLS 200-1030] Apply Unified Pipeline Control on module 'run_all_slices_unrolled_Pipeline_MergedLoop0' pipeline 'MergedLoop0' pipeline type 'loop pipeline'
INFO: [RTGEN 206-100] Generating core module 'hadd_16ns_16ns_16_5_full_dsp_1': 1 instance(s).
INFO: [RTGEN 206-100] Generating core module 'hcmp_16ns_16ns_1_2_no_dsp_1': 2 instance(s).
INFO: [RTGEN 206-100] Generating core module 'sparsemux_65_5_16_1_1': 1 instance(s).
INFO: [RTGEN 206-100] Generating core module 'sparsemux_7_2_16_1_1': 1 instance(s).
INFO: [RTGEN 206-100] Finished creating RTL model for 'run_all_slices_unrolled_Pipeline_MergedLoop0'.
INFO: [HLS 200-111] Finished Creating RTL model: CPU user time: 0.19 seconds. CPU system time: 0.01 seconds. Elapsed time: 0.21 seconds; current allocated memory: 1.381 GB.
INFO: [HLS 200-10] ----------------------------------------------------------------
INFO: [HLS 200-10] -- Generating RTL for module 'conv_bn_act_pool_Pipeline_BNParamsLoop' 
INFO: [HLS 200-10] ----------------------------------------------------------------
INFO: [HLS 200-1030] Apply Unified Pipeline Control on module 'conv_bn_act_pool_Pipeline_BNParamsLoop' pipeline 'BNParamsLoop' pipeline type 'loop pipeline'
INFO: [RTGEN 206-100] Generating core module 'fadd_32ns_32ns_32_4_full_dsp_1': 1 instance(s).
INFO: [RTGEN 206-100] Generating core module 'fdiv_32ns_32ns_32_10_no_dsp_1': 1 instance(s).
INFO: [RTGEN 206-100] Generating core module 'fmul_32ns_32ns_32_3_max_dsp_1': 2 instance(s).
INFO: [RTGEN 206-100] Generating core module 'fsqrt_32ns_32ns_32_10_no_dsp_1': 1 instance(s).
INFO: [RTGEN 206-100] Generating core module 'fsub_32ns_32ns_32_4_full_dsp_1': 1 instance(s).
INFO: [RTGEN 206-100] Generating core module 'hptosp_16ns_32_2_no_dsp_1': 2 instance(s).
INFO: [RTGEN 206-100] Generating core module 'sptohp_32ns_16_2_no_dsp_1': 2 instance(s).
INFO: [RTGEN 206-100] Finished creating RTL model for 'conv_bn_act_pool_Pipeline_BNParamsLoop'.
INFO: [HLS 200-111] Finished Creating RTL model: CPU user time: 0.54 seconds. CPU system time: 0.02 seconds. Elapsed time: 0.55 seconds; current allocated memory: 1.390 GB.
INFO: [HLS 200-10] ----------------------------------------------------------------
INFO: [HLS 200-10] -- Generating RTL for module 'conv_bn_act_pool_Pipeline_Loop2Big' 
INFO: [HLS 200-10] ----------------------------------------------------------------
INFO: [HLS 200-1030] Apply Unified Pipeline Control on module 'conv_bn_act_pool_Pipeline_Loop2Big' pipeline 'Loop2Big' pipeline type 'loop pipeline'
WARNING: [RTGEN 206-101] RTL name 'sparsemux_65_5_16_1_1' is changed to 'sparsemux_65_5_16_1_1_x' due to conflict.
INFO: [RTGEN 206-104] Estimated max fanout for 'conv_bn_act_pool_Pipeline_Loop2Big' is 48578 from HDL expression: (1'b0 == ap_block_pp0_stage0_11001)
INFO: [RTGEN 206-100] Generating core module 'fadd_32ns_32ns_32_4_full_dsp_1': 1 instance(s).
INFO: [RTGEN 206-100] Generating core module 'fmul_32ns_32ns_32_3_max_dsp_1': 1 instance(s).
INFO: [RTGEN 206-100] Generating core module 'hadd_16ns_16ns_16_5_full_dsp_1': 225 instance(s).
INFO: [RTGEN 206-100] Generating core module 'hcmp_16ns_16ns_1_2_no_dsp_1': 1 instance(s).
INFO: [RTGEN 206-100] Generating core module 'hmul_16ns_16ns_16_4_max_dsp_1': 224 instance(s).
INFO: [RTGEN 206-100] Generating core module 'hptosp_16ns_32_2_no_dsp_1': 3 instance(s).
INFO: [RTGEN 206-100] Generating core module 'mul_10ns_12ns_21_1_1': 2 instance(s).
INFO: [RTGEN 206-100] Generating core module 'mul_11ns_13ns_23_1_1': 5 instance(s).
INFO: [RTGEN 206-100] Generating core module 'mul_12ns_14ns_25_1_1': 9 instance(s).
INFO: [RTGEN 206-100] Generating core module 'mul_13ns_15ns_27_1_1': 13 instance(s).
INFO: [RTGEN 206-100] Generating core module 'mul_9ns_11ns_19_1_1': 1 instance(s).
INFO: [RTGEN 206-100] Generating core module 'sparsemux_65_5_16_1_1': 196 instance(s).
INFO: [RTGEN 206-100] Generating core module 'sparsemux_65_5_16_1_1_x': 31 instance(s).
INFO: [RTGEN 206-100] Generating core module 'sptohp_32ns_16_2_no_dsp_1': 1 instance(s).
INFO: [RTGEN 206-100] Finished creating RTL model for 'conv_bn_act_pool_Pipeline_Loop2Big'.
INFO: [HLS 200-2168] Implementing memory 'run_model_conv_bn_act_pool_Pipeline_Loop2Big_ConvW1_0_ROM_AUTO_1R' using auto ROMs with 31 copies to ensure enough ports to satisfy II or latency constraints.
INFO: [HLS 200-2168] Implementing memory 'run_model_conv_bn_act_pool_Pipeline_Loop2Big_ConvW1_1_ROM_AUTO_1R' using auto ROMs with 30 copies to ensure enough ports to satisfy II or latency constraints.
INFO: [HLS 200-2168] Implementing memory 'run_model_conv_bn_act_pool_Pipeline_Loop2Big_ConvW1_2_ROM_AUTO_1R' using auto ROMs with 29 copies to ensure enough ports to satisfy II or latency constraints.
INFO: [HLS 200-2168] Implementing memory 'run_model_conv_bn_act_pool_Pipeline_Loop2Big_ConvW1_3_ROM_AUTO_1R' using auto ROMs with 28 copies to ensure enough ports to satisfy II or latency constraints.
INFO: [HLS 200-2168] Implementing memory 'run_model_conv_bn_act_pool_Pipeline_Loop2Big_ConvW1_4_ROM_AUTO_1R' using auto ROMs with 27 copies to ensure enough ports to satisfy II or latency constraints.
INFO: [HLS 200-2168] Implementing memory 'run_model_conv_bn_act_pool_Pipeline_Loop2Big_ConvW1_5_ROM_AUTO_1R' using auto ROMs with 26 copies to ensure enough ports to satisfy II or latency constraints.
INFO: [HLS 200-2168] Implementing memory 'run_model_conv_bn_act_pool_Pipeline_Loop2Big_ConvW1_6_ROM_AUTO_1R' using auto ROMs with 25 copies to ensure enough ports to satisfy II or latency constraints.
INFO: [HLS 200-2168] Implementing memory 'run_model_conv_bn_act_pool_Pipeline_Loop2Big_ConvW1_7_ROM_AUTO_1R' using auto ROMs with 24 copies to ensure enough ports to satisfy II or latency constraints.
INFO: [HLS 200-2168] Implementing memory 'run_model_conv_bn_act_pool_Pipeline_Loop2Big_ConvW1_8_ROM_AUTO_1R' using auto ROMs with 23 copies to ensure enough ports to satisfy II or latency constraints.
INFO: [HLS 200-2168] Implementing memory 'run_model_conv_bn_act_pool_Pipeline_Loop2Big_ConvW1_9_ROM_AUTO_1R' using auto ROMs with 22 copies to ensure enough ports to satisfy II or latency constraints.
INFO: [HLS 200-2168] Implementing memory 'run_model_conv_bn_act_pool_Pipeline_Loop2Big_ConvW1_10_ROM_AUTO_1R' using auto ROMs with 21 copies to ensure enough ports to satisfy II or latency constraints.
INFO: [HLS 200-2168] Implementing memory 'run_model_conv_bn_act_pool_Pipeline_Loop2Big_ConvW1_11_ROM_AUTO_1R' using auto ROMs with 20 copies to ensure enough ports to satisfy II or latency constraints.
INFO: [HLS 200-2168] Implementing memory 'run_model_conv_bn_act_pool_Pipeline_Loop2Big_ConvW1_12_ROM_AUTO_1R' using auto ROMs with 19 copies to ensure enough ports to satisfy II or latency constraints.
INFO: [HLS 200-2168] Implementing memory 'run_model_conv_bn_act_pool_Pipeline_Loop2Big_ConvW1_13_ROM_AUTO_1R' using auto ROMs with 18 copies to ensure enough ports to satisfy II or latency constraints.
INFO: [HLS 200-2168] Implementing memory 'run_model_conv_bn_act_pool_Pipeline_Loop2Big_ConvW1_14_ROM_AUTO_1R' using auto ROMs with 17 copies to ensure enough ports to satisfy II or latency constraints.
INFO: [HLS 200-2168] Implementing memory 'run_model_conv_bn_act_pool_Pipeline_Loop2Big_ConvW1_15_ROM_AUTO_1R' using auto ROMs with 16 copies to ensure enough ports to satisfy II or latency constraints.
INFO: [HLS 200-2168] Implementing memory 'run_model_conv_bn_act_pool_Pipeline_Loop2Big_ConvW1_16_ROM_AUTO_1R' using auto ROMs with 15 copies to ensure enough ports to satisfy II or latency constraints.
INFO: [HLS 200-2168] Implementing memory 'run_model_conv_bn_act_pool_Pipeline_Loop2Big_ConvW1_17_ROM_AUTO_1R' using auto ROMs with 14 copies to ensure enough ports to satisfy II or latency constraints.
INFO: [HLS 200-2168] Implementing memory 'run_model_conv_bn_act_pool_Pipeline_Loop2Big_ConvW1_18_ROM_AUTO_1R' using auto ROMs with 13 copies to ensure enough ports to satisfy II or latency constraints.
INFO: [HLS 200-2168] Implementing memory 'run_model_conv_bn_act_pool_Pipeline_Loop2Big_ConvW1_19_ROM_AUTO_1R' using auto ROMs with 12 copies to ensure enough ports to satisfy II or latency constraints.
INFO: [HLS 200-2168] Implementing memory 'run_model_conv_bn_act_pool_Pipeline_Loop2Big_ConvW1_20_ROM_AUTO_1R' using auto ROMs with 11 copies to ensure enough ports to satisfy II or latency constraints.
INFO: [HLS 200-2168] Implementing memory 'run_model_conv_bn_act_pool_Pipeline_Loop2Big_ConvW1_21_ROM_AUTO_1R' using auto ROMs with 10 copies to ensure enough ports to satisfy II or latency constraints.
INFO: [HLS 200-2168] Implementing memory 'run_model_conv_bn_act_pool_Pipeline_Loop2Big_ConvW1_22_ROM_AUTO_1R' using auto ROMs with 9 copies to ensure enough ports to satisfy II or latency constraints.
INFO: [HLS 200-2168] Implementing memory 'run_model_conv_bn_act_pool_Pipeline_Loop2Big_ConvW1_23_ROM_AUTO_1R' using auto ROMs with 8 copies to ensure enough ports to satisfy II or latency constraints.
INFO: [HLS 200-2168] Implementing memory 'run_model_conv_bn_act_pool_Pipeline_Loop2Big_ConvW1_24_ROM_AUTO_1R' using auto ROMs with 7 copies to ensure enough ports to satisfy II or latency constraints.
INFO: [HLS 200-2168] Implementing memory 'run_model_conv_bn_act_pool_Pipeline_Loop2Big_ConvW1_25_ROM_AUTO_1R' using auto ROMs with 6 copies to ensure enough ports to satisfy II or latency constraints.
INFO: [HLS 200-2168] Implementing memory 'run_model_conv_bn_act_pool_Pipeline_Loop2Big_ConvW1_26_ROM_AUTO_1R' using auto ROMs with 5 copies to ensure enough ports to satisfy II or latency constraints.
INFO: [HLS 200-2168] Implementing memory 'run_model_conv_bn_act_pool_Pipeline_Loop2Big_ConvW1_27_ROM_AUTO_1R' using auto ROMs with 4 copies to ensure enough ports to satisfy II or latency constraints.
INFO: [HLS 200-2168] Implementing memory 'run_model_conv_bn_act_pool_Pipeline_Loop2Big_ConvW1_28_ROM_AUTO_1R' using auto ROMs with 3 copies to ensure enough ports to satisfy II or latency constraints.
INFO: [HLS 200-2168] Implementing memory 'run_model_conv_bn_act_pool_Pipeline_Loop2Big_ConvW1_29_ROM_AUTO_1R' using auto ROMs with 2 copies to ensure enough ports to satisfy II or latency constraints.
INFO: [RTMG 210-279] Implementing memory 'run_model_conv_bn_act_pool_Pipeline_Loop2Big_ConvW1_30_ROM_AUTO_1R' using auto ROMs.
INFO: [HLS 200-2168] Implementing memory 'run_model_conv_bn_act_pool_Pipeline_Loop2Big_ConvW1_224_ROM_AUTO_1R' using auto ROMs with 31 copies to ensure enough ports to satisfy II or latency constraints.
INFO: [HLS 200-2168] Implementing memory 'run_model_conv_bn_act_pool_Pipeline_Loop2Big_ConvW1_223_ROM_AUTO_1R' using auto ROMs with 30 copies to ensure enough ports to satisfy II or latency constraints.
INFO: [HLS 200-2168] Implementing memory 'run_model_conv_bn_act_pool_Pipeline_Loop2Big_ConvW1_222_ROM_AUTO_1R' using auto ROMs with 29 copies to ensure enough ports to satisfy II or latency constraints.
INFO: [HLS 200-2168] Implementing memory 'run_model_conv_bn_act_pool_Pipeline_Loop2Big_ConvW1_221_ROM_AUTO_1R' using auto ROMs with 28 copies to ensure enough ports to satisfy II or latency constraints.
INFO: [HLS 200-2168] Implementing memory 'run_model_conv_bn_act_pool_Pipeline_Loop2Big_ConvW1_220_ROM_AUTO_1R' using auto ROMs with 27 copies to ensure enough ports to satisfy II or latency constraints.
INFO: [HLS 200-2168] Implementing memory 'run_model_conv_bn_act_pool_Pipeline_Loop2Big_ConvW1_219_ROM_AUTO_1R' using auto ROMs with 26 copies to ensure enough ports to satisfy II or latency constraints.
INFO: [HLS 200-2168] Implementing memory 'run_model_conv_bn_act_pool_Pipeline_Loop2Big_ConvW1_218_ROM_AUTO_1R' using auto ROMs with 25 copies to ensure enough ports to satisfy II or latency constraints.
INFO: [HLS 200-2168] Implementing memory 'run_model_conv_bn_act_pool_Pipeline_Loop2Big_ConvW1_217_ROM_AUTO_1R' using auto ROMs with 24 copies to ensure enough ports to satisfy II or latency constraints.
INFO: [HLS 200-2168] Implementing memory 'run_model_conv_bn_act_pool_Pipeline_Loop2Big_ConvW1_216_ROM_AUTO_1R' using auto ROMs with 23 copies to ensure enough ports to satisfy II or latency constraints.
INFO: [HLS 200-2168] Implementing memory 'run_model_conv_bn_act_pool_Pipeline_Loop2Big_ConvW1_215_ROM_AUTO_1R' using auto ROMs with 22 copies to ensure enough ports to satisfy II or latency constraints.
INFO: [HLS 200-2168] Implementing memory 'run_model_conv_bn_act_pool_Pipeline_Loop2Big_ConvW1_214_ROM_AUTO_1R' using auto ROMs with 21 copies to ensure enough ports to satisfy II or latency constraints.
INFO: [HLS 200-2168] Implementing memory 'run_model_conv_bn_act_pool_Pipeline_Loop2Big_ConvW1_213_ROM_AUTO_1R' using auto ROMs with 20 copies to ensure enough ports to satisfy II or latency constraints.
INFO: [HLS 200-2168] Implementing memory 'run_model_conv_bn_act_pool_Pipeline_Loop2Big_ConvW1_212_ROM_AUTO_1R' using auto ROMs with 19 copies to ensure enough ports to satisfy II or latency constraints.
INFO: [HLS 200-2168] Implementing memory 'run_model_conv_bn_act_pool_Pipeline_Loop2Big_ConvW1_211_ROM_AUTO_1R' using auto ROMs with 18 copies to ensure enough ports to satisfy II or latency constraints.
INFO: [HLS 200-2168] Implementing memory 'run_model_conv_bn_act_pool_Pipeline_Loop2Big_ConvW1_210_ROM_AUTO_1R' using auto ROMs with 17 copies to ensure enough ports to satisfy II or latency constraints.
INFO: [HLS 200-2168] Implementing memory 'run_model_conv_bn_act_pool_Pipeline_Loop2Big_ConvW1_209_ROM_AUTO_1R' using auto ROMs with 16 copies to ensure enough ports to satisfy II or latency constraints.
INFO: [HLS 200-2168] Implementing memory 'run_model_conv_bn_act_pool_Pipeline_Loop2Big_ConvW1_208_ROM_AUTO_1R' using auto ROMs with 15 copies to ensure enough ports to satisfy II or latency constraints.
INFO: [HLS 200-2168] Implementing memory 'run_model_conv_bn_act_pool_Pipeline_Loop2Big_ConvW1_207_ROM_AUTO_1R' using auto ROMs with 14 copies to ensure enough ports to satisfy II or latency constraints.
INFO: [HLS 200-2168] Implementing memory 'run_model_conv_bn_act_pool_Pipeline_Loop2Big_ConvW1_206_ROM_AUTO_1R' using auto ROMs with 13 copies to ensure enough ports to satisfy II or latency constraints.
INFO: [HLS 200-2168] Implementing memory 'run_model_conv_bn_act_pool_Pipeline_Loop2Big_ConvW1_205_ROM_AUTO_1R' using auto ROMs with 12 copies to ensure enough ports to satisfy II or latency constraints.
INFO: [HLS 200-2168] Implementing memory 'run_model_conv_bn_act_pool_Pipeline_Loop2Big_ConvW1_204_ROM_AUTO_1R' using auto ROMs with 11 copies to ensure enough ports to satisfy II or latency constraints.
INFO: [HLS 200-2168] Implementing memory 'run_model_conv_bn_act_pool_Pipeline_Loop2Big_ConvW1_203_ROM_AUTO_1R' using auto ROMs with 10 copies to ensure enough ports to satisfy II or latency constraints.
INFO: [HLS 200-2168] Implementing memory 'run_model_conv_bn_act_pool_Pipeline_Loop2Big_ConvW1_202_ROM_AUTO_1R' using auto ROMs with 9 copies to ensure enough ports to satisfy II or latency constraints.
INFO: [HLS 200-2168] Implementing memory 'run_model_conv_bn_act_pool_Pipeline_Loop2Big_ConvW1_201_ROM_AUTO_1R' using auto ROMs with 8 copies to ensure enough ports to satisfy II or latency constraints.
INFO: [HLS 200-2168] Implementing memory 'run_model_conv_bn_act_pool_Pipeline_Loop2Big_ConvW1_200_ROM_AUTO_1R' using auto ROMs with 7 copies to ensure enough ports to satisfy II or latency constraints.
INFO: [HLS 200-2168] Implementing memory 'run_model_conv_bn_act_pool_Pipeline_Loop2Big_ConvW1_199_ROM_AUTO_1R' using auto ROMs with 6 copies to ensure enough ports to satisfy II or latency constraints.
INFO: [HLS 200-2168] Implementing memory 'run_model_conv_bn_act_pool_Pipeline_Loop2Big_ConvW1_198_ROM_AUTO_1R' using auto ROMs with 5 copies to ensure enough ports to satisfy II or latency constraints.
INFO: [HLS 200-2168] Implementing memory 'run_model_conv_bn_act_pool_Pipeline_Loop2Big_ConvW1_197_ROM_AUTO_1R' using auto ROMs with 4 copies to ensure enough ports to satisfy II or latency constraints.
INFO: [HLS 200-2168] Implementing memory 'run_model_conv_bn_act_pool_Pipeline_Loop2Big_ConvW1_196_ROM_AUTO_1R' using auto ROMs with 3 copies to ensure enough ports to satisfy II or latency constraints.
INFO: [HLS 200-2168] Implementing memory 'run_model_conv_bn_act_pool_Pipeline_Loop2Big_ConvW1_195_ROM_AUTO_1R' using auto ROMs with 2 copies to ensure enough ports to satisfy II or latency constraints.
INFO: [RTMG 210-279] Implementing memory 'run_model_conv_bn_act_pool_Pipeline_Loop2Big_ConvW1_194_ROM_AUTO_1R' using auto ROMs.
INFO: [HLS 200-111] Finished Creating RTL model: CPU user time: 21.42 seconds. CPU system time: 0.36 seconds. Elapsed time: 21.8 seconds; current allocated memory: 1.932 GB.
INFO: [HLS 200-10] ----------------------------------------------------------------
INFO: [HLS 200-10] -- Generating RTL for module 'conv_bn_act_pool_Pipeline_Loop3_2Big' 
INFO: [HLS 200-10] ----------------------------------------------------------------
INFO: [HLS 200-1030] Apply Unified Pipeline Control on module 'conv_bn_act_pool_Pipeline_Loop3_2Big' pipeline 'Loop3_2Big' pipeline type 'loop pipeline'
INFO: [RTGEN 206-100] Generating core module 'hdiv_16ns_16ns_16_6_no_dsp_1': 1 instance(s).
INFO: [RTGEN 206-100] Generating core module 'sparsemux_65_5_16_1_1': 1 instance(s).
INFO: [RTGEN 206-100] Finished creating RTL model for 'conv_bn_act_pool_Pipeline_Loop3_2Big'.
INFO: [HLS 200-111] Finished Creating RTL model: CPU user time: 3.41 seconds. CPU system time: 0.2 seconds. Elapsed time: 3.61 seconds; current allocated memory: 1.989 GB.
INFO: [HLS 200-10] ----------------------------------------------------------------
INFO: [HLS 200-10] -- Generating RTL for module 'conv_bn_act_pool' 
INFO: [HLS 200-10] ----------------------------------------------------------------
WARNING: [RTGEN 206-101] Setting dangling out port 'conv_bn_act_pool/grp_fu_3532_p_opcode' to 0.
WARNING: [RTGEN 206-101] Setting dangling out port 'conv_bn_act_pool/grp_fu_3536_p_opcode' to 0.
INFO: [RTGEN 206-104] Estimated max fanout for 'conv_bn_act_pool' is 7374 from HDL expression: (1'b1 == ap_CS_fsm_state4)
INFO: [RTGEN 206-100] Generating core module 'fadd_32ns_32ns_32_4_full_dsp_1': 1 instance(s).
INFO: [RTGEN 206-100] Generating core module 'fdiv_32ns_32ns_32_10_no_dsp_1': 1 instance(s).
INFO: [RTGEN 206-100] Generating core module 'fmul_32ns_32ns_32_3_max_dsp_1': 2 instance(s).
INFO: [RTGEN 206-100] Generating core module 'fsqrt_32ns_32ns_32_10_no_dsp_1': 1 instance(s).
INFO: [RTGEN 206-100] Generating core module 'fsub_32ns_32ns_32_4_full_dsp_1': 1 instance(s).
INFO: [RTGEN 206-100] Generating core module 'hadd_16ns_16ns_16_5_full_dsp_1': 225 instance(s).
INFO: [RTGEN 206-100] Generating core module 'hcmp_16ns_16ns_1_2_no_dsp_1': 1 instance(s).
INFO: [RTGEN 206-100] Generating core module 'hdiv_16ns_16ns_16_6_no_dsp_1': 1 instance(s).
INFO: [RTGEN 206-100] Generating core module 'hmul_16ns_16ns_16_4_max_dsp_1': 224 instance(s).
INFO: [RTGEN 206-100] Generating core module 'hptosp_16ns_32_2_no_dsp_1': 3 instance(s).
INFO: [RTGEN 206-100] Generating core module 'mul_12ns_14ns_25_1_1': 223 instance(s).
INFO: [RTGEN 206-100] Generating core module 'sparsemux_15_3_16_1_1': 224 instance(s).
INFO: [RTGEN 206-100] Generating core module 'sptohp_32ns_16_2_no_dsp_1': 2 instance(s).
INFO: [RTGEN 206-100] Finished creating RTL model for 'conv_bn_act_pool'.
INFO: [HLS 200-2168] Implementing memory 'run_model_conv_bn_act_pool_X_slice12_0_ROM_AUTO_1R' using auto ROMs with 14 copies to ensure enough ports to satisfy II or latency constraints.
INFO: [HLS 200-2168] Implementing memory 'run_model_conv_bn_act_pool_X_slice12_16_ROM_AUTO_1R' using auto ROMs with 14 copies to ensure enough ports to satisfy II or latency constraints.
INFO: [HLS 200-2168] Implementing memory 'run_model_conv_bn_act_pool_X_slice12_32_ROM_AUTO_1R' using auto ROMs with 14 copies to ensure enough ports to satisfy II or latency constraints.
INFO: [HLS 200-2168] Implementing memory 'run_model_conv_bn_act_pool_X_slice12_48_ROM_AUTO_1R' using auto ROMs with 14 copies to ensure enough ports to satisfy II or latency constraints.
INFO: [HLS 200-2168] Implementing memory 'run_model_conv_bn_act_pool_X_slice12_64_ROM_AUTO_1R' using auto ROMs with 14 copies to ensure enough ports to satisfy II or latency constraints.
INFO: [HLS 200-2168] Implementing memory 'run_model_conv_bn_act_pool_X_slice12_80_ROM_AUTO_1R' using auto ROMs with 14 copies to ensure enough ports to satisfy II or latency constraints.
INFO: [HLS 200-2168] Implementing memory 'run_model_conv_bn_act_pool_X_slice12_96_ROM_AUTO_1R' using auto ROMs with 14 copies to ensure enough ports to satisfy II or latency constraints.
INFO: [HLS 200-2168] Implementing memory 'run_model_conv_bn_act_pool_X_slice12_1_ROM_AUTO_1R' using auto ROMs with 14 copies to ensure enough ports to satisfy II or latency constraints.
INFO: [HLS 200-2168] Implementing memory 'run_model_conv_bn_act_pool_X_slice12_17_ROM_AUTO_1R' using auto ROMs with 14 copies to ensure enough ports to satisfy II or latency constraints.
INFO: [HLS 200-2168] Implementing memory 'run_model_conv_bn_act_pool_X_slice12_33_ROM_AUTO_1R' using auto ROMs with 14 copies to ensure enough ports to satisfy II or latency constraints.
INFO: [HLS 200-2168] Implementing memory 'run_model_conv_bn_act_pool_X_slice12_49_ROM_AUTO_1R' using auto ROMs with 14 copies to ensure enough ports to satisfy II or latency constraints.
INFO: [HLS 200-2168] Implementing memory 'run_model_conv_bn_act_pool_X_slice12_65_ROM_AUTO_1R' using auto ROMs with 14 copies to ensure enough ports to satisfy II or latency constraints.
INFO: [HLS 200-2168] Implementing memory 'run_model_conv_bn_act_pool_X_slice12_81_ROM_AUTO_1R' using auto ROMs with 14 copies to ensure enough ports to satisfy II or latency constraints.
INFO: [HLS 200-2168] Implementing memory 'run_model_conv_bn_act_pool_X_slice12_97_ROM_AUTO_1R' using auto ROMs with 14 copies to ensure enough ports to satisfy II or latency constraints.
INFO: [HLS 200-2168] Implementing memory 'run_model_conv_bn_act_pool_X_slice12_2_ROM_AUTO_1R' using auto ROMs with 14 copies to ensure enough ports to satisfy II or latency constraints.
INFO: [HLS 200-2168] Implementing memory 'run_model_conv_bn_act_pool_X_slice12_18_ROM_AUTO_1R' using auto ROMs with 14 copies to ensure enough ports to satisfy II or latency constraints.
INFO: [HLS 200-2168] Implementing memory 'run_model_conv_bn_act_pool_X_slice12_34_ROM_AUTO_1R' using auto ROMs with 14 copies to ensure enough ports to satisfy II or latency constraints.
INFO: [HLS 200-2168] Implementing memory 'run_model_conv_bn_act_pool_X_slice12_50_ROM_AUTO_1R' using auto ROMs with 14 copies to ensure enough ports to satisfy II or latency constraints.
INFO: [HLS 200-2168] Implementing memory 'run_model_conv_bn_act_pool_X_slice12_66_ROM_AUTO_1R' using auto ROMs with 14 copies to ensure enough ports to satisfy II or latency constraints.
INFO: [HLS 200-2168] Implementing memory 'run_model_conv_bn_act_pool_X_slice12_82_ROM_AUTO_1R' using auto ROMs with 14 copies to ensure enough ports to satisfy II or latency constraints.
INFO: [HLS 200-2168] Implementing memory 'run_model_conv_bn_act_pool_X_slice12_98_ROM_AUTO_1R' using auto ROMs with 14 copies to ensure enough ports to satisfy II or latency constraints.
INFO: [HLS 200-2168] Implementing memory 'run_model_conv_bn_act_pool_X_slice12_3_ROM_AUTO_1R' using auto ROMs with 14 copies to ensure enough ports to satisfy II or latency constraints.
INFO: [HLS 200-2168] Implementing memory 'run_model_conv_bn_act_pool_X_slice12_19_ROM_AUTO_1R' using auto ROMs with 14 copies to ensure enough ports to satisfy II or latency constraints.
INFO: [HLS 200-2168] Implementing memory 'run_model_conv_bn_act_pool_X_slice12_35_ROM_AUTO_1R' using auto ROMs with 14 copies to ensure enough ports to satisfy II or latency constraints.
INFO: [HLS 200-2168] Implementing memory 'run_model_conv_bn_act_pool_X_slice12_51_ROM_AUTO_1R' using auto ROMs with 14 copies to ensure enough ports to satisfy II or latency constraints.
INFO: [HLS 200-2168] Implementing memory 'run_model_conv_bn_act_pool_X_slice12_67_ROM_AUTO_1R' using auto ROMs with 14 copies to ensure enough ports to satisfy II or latency constraints.
INFO: [HLS 200-2168] Implementing memory 'run_model_conv_bn_act_pool_X_slice12_83_ROM_AUTO_1R' using auto ROMs with 14 copies to ensure enough ports to satisfy II or latency constraints.
INFO: [HLS 200-2168] Implementing memory 'run_model_conv_bn_act_pool_X_slice12_99_ROM_AUTO_1R' using auto ROMs with 14 copies to ensure enough ports to satisfy II or latency constraints.
INFO: [HLS 200-2168] Implementing memory 'run_model_conv_bn_act_pool_X_slice12_4_ROM_AUTO_1R' using auto ROMs with 14 copies to ensure enough ports to satisfy II or latency constraints.
INFO: [HLS 200-2168] Implementing memory 'run_model_conv_bn_act_pool_X_slice12_20_ROM_AUTO_1R' using auto ROMs with 14 copies to ensure enough ports to satisfy II or latency constraints.
INFO: [HLS 200-2168] Implementing memory 'run_model_conv_bn_act_pool_X_slice12_36_ROM_AUTO_1R' using auto ROMs with 14 copies to ensure enough ports to satisfy II or latency constraints.
INFO: [HLS 200-2168] Implementing memory 'run_model_conv_bn_act_pool_X_slice12_52_ROM_AUTO_1R' using auto ROMs with 14 copies to ensure enough ports to satisfy II or latency constraints.
INFO: [HLS 200-2168] Implementing memory 'run_model_conv_bn_act_pool_X_slice12_68_ROM_AUTO_1R' using auto ROMs with 14 copies to ensure enough ports to satisfy II or latency constraints.
INFO: [HLS 200-2168] Implementing memory 'run_model_conv_bn_act_pool_X_slice12_84_ROM_AUTO_1R' using auto ROMs with 14 copies to ensure enough ports to satisfy II or latency constraints.
INFO: [HLS 200-2168] Implementing memory 'run_model_conv_bn_act_pool_X_slice12_100_ROM_AUTO_1R' using auto ROMs with 14 copies to ensure enough ports to satisfy II or latency constraints.
INFO: [HLS 200-2168] Implementing memory 'run_model_conv_bn_act_pool_X_slice12_5_ROM_AUTO_1R' using auto ROMs with 14 copies to ensure enough ports to satisfy II or latency constraints.
INFO: [HLS 200-2168] Implementing memory 'run_model_conv_bn_act_pool_X_slice12_21_ROM_AUTO_1R' using auto ROMs with 14 copies to ensure enough ports to satisfy II or latency constraints.
INFO: [HLS 200-2168] Implementing memory 'run_model_conv_bn_act_pool_X_slice12_37_ROM_AUTO_1R' using auto ROMs with 14 copies to ensure enough ports to satisfy II or latency constraints.
INFO: [HLS 200-2168] Implementing memory 'run_model_conv_bn_act_pool_X_slice12_53_ROM_AUTO_1R' using auto ROMs with 14 copies to ensure enough ports to satisfy II or latency constraints.
INFO: [HLS 200-2168] Implementing memory 'run_model_conv_bn_act_pool_X_slice12_69_ROM_AUTO_1R' using auto ROMs with 14 copies to ensure enough ports to satisfy II or latency constraints.
INFO: [HLS 200-2168] Implementing memory 'run_model_conv_bn_act_pool_X_slice12_85_ROM_AUTO_1R' using auto ROMs with 14 copies to ensure enough ports to satisfy II or latency constraints.
INFO: [HLS 200-2168] Implementing memory 'run_model_conv_bn_act_pool_X_slice12_101_ROM_AUTO_1R' using auto ROMs with 14 copies to ensure enough ports to satisfy II or latency constraints.
INFO: [HLS 200-2168] Implementing memory 'run_model_conv_bn_act_pool_X_slice12_6_ROM_AUTO_1R' using auto ROMs with 14 copies to ensure enough ports to satisfy II or latency constraints.
INFO: [HLS 200-2168] Implementing memory 'run_model_conv_bn_act_pool_X_slice12_22_ROM_AUTO_1R' using auto ROMs with 14 copies to ensure enough ports to satisfy II or latency constraints.
INFO: [HLS 200-2168] Implementing memory 'run_model_conv_bn_act_pool_X_slice12_38_ROM_AUTO_1R' using auto ROMs with 14 copies to ensure enough ports to satisfy II or latency constraints.
INFO: [HLS 200-2168] Implementing memory 'run_model_conv_bn_act_pool_X_slice12_54_ROM_AUTO_1R' using auto ROMs with 14 copies to ensure enough ports to satisfy II or latency constraints.
INFO: [HLS 200-2168] Implementing memory 'run_model_conv_bn_act_pool_X_slice12_70_ROM_AUTO_1R' using auto ROMs with 14 copies to ensure enough ports to satisfy II or latency constraints.
INFO: [HLS 200-2168] Implementing memory 'run_model_conv_bn_act_pool_X_slice12_86_ROM_AUTO_1R' using auto ROMs with 14 copies to ensure enough ports to satisfy II or latency constraints.
INFO: [HLS 200-2168] Implementing memory 'run_model_conv_bn_act_pool_X_slice12_102_ROM_AUTO_1R' using auto ROMs with 14 copies to ensure enough ports to satisfy II or latency constraints.
INFO: [HLS 200-2168] Implementing memory 'run_model_conv_bn_act_pool_X_slice12_7_ROM_AUTO_1R' using auto ROMs with 14 copies to ensure enough ports to satisfy II or latency constraints.
INFO: [HLS 200-2168] Implementing memory 'run_model_conv_bn_act_pool_X_slice12_23_ROM_AUTO_1R' using auto ROMs with 14 copies to ensure enough ports to satisfy II or latency constraints.
INFO: [HLS 200-2168] Implementing memory 'run_model_conv_bn_act_pool_X_slice12_39_ROM_AUTO_1R' using auto ROMs with 14 copies to ensure enough ports to satisfy II or latency constraints.
INFO: [HLS 200-2168] Implementing memory 'run_model_conv_bn_act_pool_X_slice12_55_ROM_AUTO_1R' using auto ROMs with 14 copies to ensure enough ports to satisfy II or latency constraints.
INFO: [HLS 200-2168] Implementing memory 'run_model_conv_bn_act_pool_X_slice12_71_ROM_AUTO_1R' using auto ROMs with 14 copies to ensure enough ports to satisfy II or latency constraints.
INFO: [HLS 200-2168] Implementing memory 'run_model_conv_bn_act_pool_X_slice12_87_ROM_AUTO_1R' using auto ROMs with 14 copies to ensure enough ports to satisfy II or latency constraints.
INFO: [HLS 200-2168] Implementing memory 'run_model_conv_bn_act_pool_X_slice12_103_ROM_AUTO_1R' using auto ROMs with 14 copies to ensure enough ports to satisfy II or latency constraints.
INFO: [HLS 200-2168] Implementing memory 'run_model_conv_bn_act_pool_X_slice12_8_ROM_AUTO_1R' using auto ROMs with 14 copies to ensure enough ports to satisfy II or latency constraints.
INFO: [HLS 200-2168] Implementing memory 'run_model_conv_bn_act_pool_X_slice12_24_ROM_AUTO_1R' using auto ROMs with 14 copies to ensure enough ports to satisfy II or latency constraints.
INFO: [HLS 200-2168] Implementing memory 'run_model_conv_bn_act_pool_X_slice12_40_ROM_AUTO_1R' using auto ROMs with 14 copies to ensure enough ports to satisfy II or latency constraints.
INFO: [HLS 200-2168] Implementing memory 'run_model_conv_bn_act_pool_X_slice12_56_ROM_AUTO_1R' using auto ROMs with 14 copies to ensure enough ports to satisfy II or latency constraints.
INFO: [HLS 200-2168] Implementing memory 'run_model_conv_bn_act_pool_X_slice12_72_ROM_AUTO_1R' using auto ROMs with 14 copies to ensure enough ports to satisfy II or latency constraints.
INFO: [HLS 200-2168] Implementing memory 'run_model_conv_bn_act_pool_X_slice12_88_ROM_AUTO_1R' using auto ROMs with 14 copies to ensure enough ports to satisfy II or latency constraints.
INFO: [HLS 200-2168] Implementing memory 'run_model_conv_bn_act_pool_X_slice12_104_ROM_AUTO_1R' using auto ROMs with 14 copies to ensure enough ports to satisfy II or latency constraints.
INFO: [HLS 200-2168] Implementing memory 'run_model_conv_bn_act_pool_X_slice12_9_ROM_AUTO_1R' using auto ROMs with 14 copies to ensure enough ports to satisfy II or latency constraints.
INFO: [HLS 200-2168] Implementing memory 'run_model_conv_bn_act_pool_X_slice12_25_ROM_AUTO_1R' using auto ROMs with 14 copies to ensure enough ports to satisfy II or latency constraints.
INFO: [HLS 200-2168] Implementing memory 'run_model_conv_bn_act_pool_X_slice12_41_ROM_AUTO_1R' using auto ROMs with 14 copies to ensure enough ports to satisfy II or latency constraints.
INFO: [HLS 200-2168] Implementing memory 'run_model_conv_bn_act_pool_X_slice12_57_ROM_AUTO_1R' using auto ROMs with 14 copies to ensure enough ports to satisfy II or latency constraints.
INFO: [HLS 200-2168] Implementing memory 'run_model_conv_bn_act_pool_X_slice12_73_ROM_AUTO_1R' using auto ROMs with 14 copies to ensure enough ports to satisfy II or latency constraints.
INFO: [HLS 200-2168] Implementing memory 'run_model_conv_bn_act_pool_X_slice12_89_ROM_AUTO_1R' using auto ROMs with 14 copies to ensure enough ports to satisfy II or latency constraints.
INFO: [HLS 200-2168] Implementing memory 'run_model_conv_bn_act_pool_X_slice12_105_ROM_AUTO_1R' using auto ROMs with 14 copies to ensure enough ports to satisfy II or latency constraints.
INFO: [HLS 200-2168] Implementing memory 'run_model_conv_bn_act_pool_X_slice12_10_ROM_AUTO_1R' using auto ROMs with 14 copies to ensure enough ports to satisfy II or latency constraints.
INFO: [HLS 200-2168] Implementing memory 'run_model_conv_bn_act_pool_X_slice12_26_ROM_AUTO_1R' using auto ROMs with 14 copies to ensure enough ports to satisfy II or latency constraints.
INFO: [HLS 200-2168] Implementing memory 'run_model_conv_bn_act_pool_X_slice12_42_ROM_AUTO_1R' using auto ROMs with 14 copies to ensure enough ports to satisfy II or latency constraints.
INFO: [HLS 200-2168] Implementing memory 'run_model_conv_bn_act_pool_X_slice12_58_ROM_AUTO_1R' using auto ROMs with 14 copies to ensure enough ports to satisfy II or latency constraints.
INFO: [HLS 200-2168] Implementing memory 'run_model_conv_bn_act_pool_X_slice12_74_ROM_AUTO_1R' using auto ROMs with 14 copies to ensure enough ports to satisfy II or latency constraints.
INFO: [HLS 200-2168] Implementing memory 'run_model_conv_bn_act_pool_X_slice12_90_ROM_AUTO_1R' using auto ROMs with 14 copies to ensure enough ports to satisfy II or latency constraints.
INFO: [HLS 200-2168] Implementing memory 'run_model_conv_bn_act_pool_X_slice12_106_ROM_AUTO_1R' using auto ROMs with 14 copies to ensure enough ports to satisfy II or latency constraints.
INFO: [HLS 200-2168] Implementing memory 'run_model_conv_bn_act_pool_X_slice12_11_ROM_AUTO_1R' using auto ROMs with 14 copies to ensure enough ports to satisfy II or latency constraints.
INFO: [HLS 200-2168] Implementing memory 'run_model_conv_bn_act_pool_X_slice12_27_ROM_AUTO_1R' using auto ROMs with 14 copies to ensure enough ports to satisfy II or latency constraints.
INFO: [HLS 200-2168] Implementing memory 'run_model_conv_bn_act_pool_X_slice12_43_ROM_AUTO_1R' using auto ROMs with 14 copies to ensure enough ports to satisfy II or latency constraints.
INFO: [HLS 200-2168] Implementing memory 'run_model_conv_bn_act_pool_X_slice12_59_ROM_AUTO_1R' using auto ROMs with 14 copies to ensure enough ports to satisfy II or latency constraints.
INFO: [HLS 200-2168] Implementing memory 'run_model_conv_bn_act_pool_X_slice12_75_ROM_AUTO_1R' using auto ROMs with 14 copies to ensure enough ports to satisfy II or latency constraints.
INFO: [HLS 200-2168] Implementing memory 'run_model_conv_bn_act_pool_X_slice12_91_ROM_AUTO_1R' using auto ROMs with 14 copies to ensure enough ports to satisfy II or latency constraints.
INFO: [HLS 200-2168] Implementing memory 'run_model_conv_bn_act_pool_X_slice12_107_ROM_AUTO_1R' using auto ROMs with 14 copies to ensure enough ports to satisfy II or latency constraints.
INFO: [HLS 200-2168] Implementing memory 'run_model_conv_bn_act_pool_X_slice12_12_ROM_AUTO_1R' using auto ROMs with 14 copies to ensure enough ports to satisfy II or latency constraints.
INFO: [HLS 200-2168] Implementing memory 'run_model_conv_bn_act_pool_X_slice12_28_ROM_AUTO_1R' using auto ROMs with 14 copies to ensure enough ports to satisfy II or latency constraints.
INFO: [HLS 200-2168] Implementing memory 'run_model_conv_bn_act_pool_X_slice12_44_ROM_AUTO_1R' using auto ROMs with 14 copies to ensure enough ports to satisfy II or latency constraints.
INFO: [HLS 200-2168] Implementing memory 'run_model_conv_bn_act_pool_X_slice12_60_ROM_AUTO_1R' using auto ROMs with 14 copies to ensure enough ports to satisfy II or latency constraints.
INFO: [HLS 200-2168] Implementing memory 'run_model_conv_bn_act_pool_X_slice12_76_ROM_AUTO_1R' using auto ROMs with 14 copies to ensure enough ports to satisfy II or latency constraints.
INFO: [HLS 200-2168] Implementing memory 'run_model_conv_bn_act_pool_X_slice12_92_ROM_AUTO_1R' using auto ROMs with 14 copies to ensure enough ports to satisfy II or latency constraints.
INFO: [HLS 200-2168] Implementing memory 'run_model_conv_bn_act_pool_X_slice12_108_ROM_AUTO_1R' using auto ROMs with 14 copies to ensure enough ports to satisfy II or latency constraints.
INFO: [HLS 200-2168] Implementing memory 'run_model_conv_bn_act_pool_X_slice12_13_ROM_AUTO_1R' using auto ROMs with 14 copies to ensure enough ports to satisfy II or latency constraints.
INFO: [HLS 200-2168] Implementing memory 'run_model_conv_bn_act_pool_X_slice12_29_ROM_AUTO_1R' using auto ROMs with 14 copies to ensure enough ports to satisfy II or latency constraints.
INFO: [HLS 200-2168] Implementing memory 'run_model_conv_bn_act_pool_X_slice12_45_ROM_AUTO_1R' using auto ROMs with 14 copies to ensure enough ports to satisfy II or latency constraints.
INFO: [HLS 200-2168] Implementing memory 'run_model_conv_bn_act_pool_X_slice12_61_ROM_AUTO_1R' using auto ROMs with 14 copies to ensure enough ports to satisfy II or latency constraints.
INFO: [HLS 200-2168] Implementing memory 'run_model_conv_bn_act_pool_X_slice12_77_ROM_AUTO_1R' using auto ROMs with 14 copies to ensure enough ports to satisfy II or latency constraints.
INFO: [HLS 200-2168] Implementing memory 'run_model_conv_bn_act_pool_X_slice12_93_ROM_AUTO_1R' using auto ROMs with 14 copies to ensure enough ports to satisfy II or latency constraints.
INFO: [HLS 200-2168] Implementing memory 'run_model_conv_bn_act_pool_X_slice12_109_ROM_AUTO_1R' using auto ROMs with 14 copies to ensure enough ports to satisfy II or latency constraints.
INFO: [HLS 200-2168] Implementing memory 'run_model_conv_bn_act_pool_X_slice12_14_ROM_AUTO_1R' using auto ROMs with 14 copies to ensure enough ports to satisfy II or latency constraints.
INFO: [HLS 200-2168] Implementing memory 'run_model_conv_bn_act_pool_X_slice12_30_ROM_AUTO_1R' using auto ROMs with 14 copies to ensure enough ports to satisfy II or latency constraints.
INFO: [HLS 200-2168] Implementing memory 'run_model_conv_bn_act_pool_X_slice12_46_ROM_AUTO_1R' using auto ROMs with 14 copies to ensure enough ports to satisfy II or latency constraints.
INFO: [HLS 200-2168] Implementing memory 'run_model_conv_bn_act_pool_X_slice12_62_ROM_AUTO_1R' using auto ROMs with 14 copies to ensure enough ports to satisfy II or latency constraints.
INFO: [HLS 200-2168] Implementing memory 'run_model_conv_bn_act_pool_X_slice12_78_ROM_AUTO_1R' using auto ROMs with 14 copies to ensure enough ports to satisfy II or latency constraints.
INFO: [HLS 200-2168] Implementing memory 'run_model_conv_bn_act_pool_X_slice12_94_ROM_AUTO_1R' using auto ROMs with 14 copies to ensure enough ports to satisfy II or latency constraints.
INFO: [HLS 200-2168] Implementing memory 'run_model_conv_bn_act_pool_X_slice12_110_ROM_AUTO_1R' using auto ROMs with 14 copies to ensure enough ports to satisfy II or latency constraints.
INFO: [HLS 200-2168] Implementing memory 'run_model_conv_bn_act_pool_X_slice12_15_ROM_AUTO_1R' using auto ROMs with 14 copies to ensure enough ports to satisfy II or latency constraints.
INFO: [HLS 200-2168] Implementing memory 'run_model_conv_bn_act_pool_X_slice12_31_ROM_AUTO_1R' using auto ROMs with 14 copies to ensure enough ports to satisfy II or latency constraints.
INFO: [HLS 200-2168] Implementing memory 'run_model_conv_bn_act_pool_X_slice12_47_ROM_AUTO_1R' using auto ROMs with 14 copies to ensure enough ports to satisfy II or latency constraints.
INFO: [HLS 200-2168] Implementing memory 'run_model_conv_bn_act_pool_X_slice12_63_ROM_AUTO_1R' using auto ROMs with 14 copies to ensure enough ports to satisfy II or latency constraints.
INFO: [HLS 200-2168] Implementing memory 'run_model_conv_bn_act_pool_X_slice12_79_ROM_AUTO_1R' using auto ROMs with 14 copies to ensure enough ports to satisfy II or latency constraints.
INFO: [HLS 200-2168] Implementing memory 'run_model_conv_bn_act_pool_X_slice12_95_ROM_AUTO_1R' using auto ROMs with 14 copies to ensure enough ports to satisfy II or latency constraints.
INFO: [HLS 200-2168] Implementing memory 'run_model_conv_bn_act_pool_X_slice12_111_ROM_AUTO_1R' using auto ROMs with 14 copies to ensure enough ports to satisfy II or latency constraints.
INFO: [HLS 200-111] Finished Creating RTL model: CPU user time: 4.12 seconds. CPU system time: 0.11 seconds. Elapsed time: 4.25 seconds; current allocated memory: 2.008 GB.
INFO: [HLS 200-10] ----------------------------------------------------------------
INFO: [HLS 200-10] -- Generating RTL for module 'run_all_slices_unrolled_Pipeline_Loop_BN2' 
INFO: [HLS 200-10] ----------------------------------------------------------------
INFO: [HLS 200-1030] Apply Unified Pipeline Control on module 'run_all_slices_unrolled_Pipeline_Loop_BN2' pipeline 'Loop_BN' pipeline type 'loop pipeline'
INFO: [RTGEN 206-100] Generating core module 'fdiv_32ns_32ns_32_10_no_dsp_1': 1 instance(s).
INFO: [RTGEN 206-100] Generating core module 'fsqrt_32ns_32ns_32_10_no_dsp_1': 1 instance(s).
INFO: [RTGEN 206-100] Generating core module 'hadd_16ns_16ns_16_5_full_dsp_1': 2 instance(s).
INFO: [RTGEN 206-100] Generating core module 'hmul_16ns_16ns_16_4_max_dsp_1': 1 instance(s).
INFO: [RTGEN 206-100] Generating core module 'hptosp_16ns_32_2_no_dsp_1': 2 instance(s).
INFO: [RTGEN 206-100] Generating core module 'sptohp_32ns_16_2_no_dsp_1': 1 instance(s).
INFO: [RTGEN 206-100] Finished creating RTL model for 'run_all_slices_unrolled_Pipeline_Loop_BN2'.
INFO: [HLS 200-111] Finished Creating RTL model: CPU user time: 2.81 seconds. CPU system time: 0.21 seconds. Elapsed time: 3.04 seconds; current allocated memory: 2.120 GB.
INFO: [HLS 200-10] ----------------------------------------------------------------
INFO: [HLS 200-10] -- Generating RTL for module 'run_all_slices_unrolled_Pipeline_MergedLoop1' 
INFO: [HLS 200-10] ----------------------------------------------------------------
INFO: [HLS 200-1030] Apply Unified Pipeline Control on module 'run_all_slices_unrolled_Pipeline_MergedLoop1' pipeline 'MergedLoop1' pipeline type 'loop pipeline'
INFO: [RTGEN 206-100] Generating core module 'hadd_16ns_16ns_16_5_full_dsp_1': 1 instance(s).
INFO: [RTGEN 206-100] Generating core module 'hcmp_16ns_16ns_1_2_no_dsp_1': 2 instance(s).
INFO: [RTGEN 206-100] Generating core module 'sparsemux_65_5_16_1_1': 1 instance(s).
INFO: [RTGEN 206-100] Generating core module 'sparsemux_7_2_16_1_1': 1 instance(s).
INFO: [RTGEN 206-100] Finished creating RTL model for 'run_all_slices_unrolled_Pipeline_MergedLoop1'.
INFO: [HLS 200-111] Finished Creating RTL model: CPU user time: 0.28 seconds. CPU system time: 0.02 seconds. Elapsed time: 0.3 seconds; current allocated memory: 2.126 GB.
INFO: [HLS 200-10] ----------------------------------------------------------------
INFO: [HLS 200-10] -- Generating RTL for module 'conv_bn_act_pool_1_Pipeline_BNParamsLoop' 
INFO: [HLS 200-10] ----------------------------------------------------------------
INFO: [HLS 200-1030] Apply Unified Pipeline Control on module 'conv_bn_act_pool_1_Pipeline_BNParamsLoop' pipeline 'BNParamsLoop' pipeline type 'loop pipeline'
INFO: [RTGEN 206-100] Generating core module 'fadd_32ns_32ns_32_4_full_dsp_1': 1 instance(s).
INFO: [RTGEN 206-100] Generating core module 'fdiv_32ns_32ns_32_10_no_dsp_1': 1 instance(s).
INFO: [RTGEN 206-100] Generating core module 'fmul_32ns_32ns_32_3_max_dsp_1': 2 instance(s).
INFO: [RTGEN 206-100] Generating core module 'fsqrt_32ns_32ns_32_10_no_dsp_1': 1 instance(s).
INFO: [RTGEN 206-100] Generating core module 'fsub_32ns_32ns_32_4_full_dsp_1': 1 instance(s).
INFO: [RTGEN 206-100] Generating core module 'hptosp_16ns_32_2_no_dsp_1': 2 instance(s).
INFO: [RTGEN 206-100] Generating core module 'sptohp_32ns_16_2_no_dsp_1': 2 instance(s).
INFO: [RTGEN 206-100] Finished creating RTL model for 'conv_bn_act_pool_1_Pipeline_BNParamsLoop'.
INFO: [HLS 200-111] Finished Creating RTL model: CPU user time: 0.66 seconds. CPU system time: 0.03 seconds. Elapsed time: 0.69 seconds; current allocated memory: 2.131 GB.
INFO: [HLS 200-10] ----------------------------------------------------------------
INFO: [HLS 200-10] -- Generating RTL for module 'conv_bn_act_pool_1_Pipeline_Loop2Big' 
INFO: [HLS 200-10] ----------------------------------------------------------------
INFO: [HLS 200-1030] Apply Unified Pipeline Control on module 'conv_bn_act_pool_1_Pipeline_Loop2Big' pipeline 'Loop2Big' pipeline type 'loop pipeline'
INFO: [RTGEN 206-104] Estimated max fanout for 'conv_bn_act_pool_1_Pipeline_Loop2Big' is 48578 from HDL expression: (1'b0 == ap_block_pp0_stage0_11001)
INFO: [RTGEN 206-100] Generating core module 'fadd_32ns_32ns_32_4_full_dsp_1': 1 instance(s).
INFO: [RTGEN 206-100] Generating core module 'fmul_32ns_32ns_32_3_max_dsp_1': 1 instance(s).
INFO: [RTGEN 206-100] Generating core module 'hadd_16ns_16ns_16_5_full_dsp_1': 225 instance(s).
INFO: [RTGEN 206-100] Generating core module 'hcmp_16ns_16ns_1_2_no_dsp_1': 1 instance(s).
INFO: [RTGEN 206-100] Generating core module 'hmul_16ns_16ns_16_4_max_dsp_1': 224 instance(s).
INFO: [RTGEN 206-100] Generating core module 'hptosp_16ns_32_2_no_dsp_1': 3 instance(s).
INFO: [RTGEN 206-100] Generating core module 'mul_10ns_12ns_21_1_1': 2 instance(s).
INFO: [RTGEN 206-100] Generating core module 'mul_11ns_13ns_23_1_1': 5 instance(s).
INFO: [RTGEN 206-100] Generating core module 'mul_12ns_14ns_25_1_1': 9 instance(s).
INFO: [RTGEN 206-100] Generating core module 'mul_13ns_15ns_27_1_1': 13 instance(s).
INFO: [RTGEN 206-100] Generating core module 'mul_9ns_11ns_19_1_1': 1 instance(s).
INFO: [RTGEN 206-100] Generating core module 'sparsemux_65_5_16_1_1': 196 instance(s).
INFO: [RTGEN 206-100] Generating core module 'sparsemux_65_5_16_1_1_x': 31 instance(s).
INFO: [RTGEN 206-100] Generating core module 'sptohp_32ns_16_2_no_dsp_1': 1 instance(s).
INFO: [RTGEN 206-100] Finished creating RTL model for 'conv_bn_act_pool_1_Pipeline_Loop2Big'.
INFO: [HLS 200-2168] Implementing memory 'run_model_conv_bn_act_pool_1_Pipeline_Loop2Big_ConvW2_0_ROM_AUTO_1R' using auto ROMs with 31 copies to ensure enough ports to satisfy II or latency constraints.
INFO: [HLS 200-2168] Implementing memory 'run_model_conv_bn_act_pool_1_Pipeline_Loop2Big_ConvW2_1_ROM_AUTO_1R' using auto ROMs with 30 copies to ensure enough ports to satisfy II or latency constraints.
INFO: [HLS 200-2168] Implementing memory 'run_model_conv_bn_act_pool_1_Pipeline_Loop2Big_ConvW2_2_ROM_AUTO_1R' using auto ROMs with 29 copies to ensure enough ports to satisfy II or latency constraints.
INFO: [HLS 200-2168] Implementing memory 'run_model_conv_bn_act_pool_1_Pipeline_Loop2Big_ConvW2_3_ROM_AUTO_1R' using auto ROMs with 28 copies to ensure enough ports to satisfy II or latency constraints.
INFO: [HLS 200-2168] Implementing memory 'run_model_conv_bn_act_pool_1_Pipeline_Loop2Big_ConvW2_4_ROM_AUTO_1R' using auto ROMs with 27 copies to ensure enough ports to satisfy II or latency constraints.
INFO: [HLS 200-2168] Implementing memory 'run_model_conv_bn_act_pool_1_Pipeline_Loop2Big_ConvW2_5_ROM_AUTO_1R' using auto ROMs with 26 copies to ensure enough ports to satisfy II or latency constraints.
INFO: [HLS 200-2168] Implementing memory 'run_model_conv_bn_act_pool_1_Pipeline_Loop2Big_ConvW2_6_ROM_AUTO_1R' using auto ROMs with 25 copies to ensure enough ports to satisfy II or latency constraints.
INFO: [HLS 200-2168] Implementing memory 'run_model_conv_bn_act_pool_1_Pipeline_Loop2Big_ConvW2_7_ROM_AUTO_1R' using auto ROMs with 24 copies to ensure enough ports to satisfy II or latency constraints.
INFO: [HLS 200-2168] Implementing memory 'run_model_conv_bn_act_pool_1_Pipeline_Loop2Big_ConvW2_8_ROM_AUTO_1R' using auto ROMs with 23 copies to ensure enough ports to satisfy II or latency constraints.
INFO: [HLS 200-2168] Implementing memory 'run_model_conv_bn_act_pool_1_Pipeline_Loop2Big_ConvW2_9_ROM_AUTO_1R' using auto ROMs with 22 copies to ensure enough ports to satisfy II or latency constraints.
INFO: [HLS 200-2168] Implementing memory 'run_model_conv_bn_act_pool_1_Pipeline_Loop2Big_ConvW2_10_ROM_AUTO_1R' using auto ROMs with 21 copies to ensure enough ports to satisfy II or latency constraints.
INFO: [HLS 200-2168] Implementing memory 'run_model_conv_bn_act_pool_1_Pipeline_Loop2Big_ConvW2_11_ROM_AUTO_1R' using auto ROMs with 20 copies to ensure enough ports to satisfy II or latency constraints.
INFO: [HLS 200-2168] Implementing memory 'run_model_conv_bn_act_pool_1_Pipeline_Loop2Big_ConvW2_12_ROM_AUTO_1R' using auto ROMs with 19 copies to ensure enough ports to satisfy II or latency constraints.
INFO: [HLS 200-2168] Implementing memory 'run_model_conv_bn_act_pool_1_Pipeline_Loop2Big_ConvW2_13_ROM_AUTO_1R' using auto ROMs with 18 copies to ensure enough ports to satisfy II or latency constraints.
INFO: [HLS 200-2168] Implementing memory 'run_model_conv_bn_act_pool_1_Pipeline_Loop2Big_ConvW2_14_ROM_AUTO_1R' using auto ROMs with 17 copies to ensure enough ports to satisfy II or latency constraints.
INFO: [HLS 200-2168] Implementing memory 'run_model_conv_bn_act_pool_1_Pipeline_Loop2Big_ConvW2_15_ROM_AUTO_1R' using auto ROMs with 16 copies to ensure enough ports to satisfy II or latency constraints.
INFO: [HLS 200-2168] Implementing memory 'run_model_conv_bn_act_pool_1_Pipeline_Loop2Big_ConvW2_16_ROM_AUTO_1R' using auto ROMs with 15 copies to ensure enough ports to satisfy II or latency constraints.
INFO: [HLS 200-2168] Implementing memory 'run_model_conv_bn_act_pool_1_Pipeline_Loop2Big_ConvW2_17_ROM_AUTO_1R' using auto ROMs with 14 copies to ensure enough ports to satisfy II or latency constraints.
INFO: [HLS 200-2168] Implementing memory 'run_model_conv_bn_act_pool_1_Pipeline_Loop2Big_ConvW2_18_ROM_AUTO_1R' using auto ROMs with 13 copies to ensure enough ports to satisfy II or latency constraints.
INFO: [HLS 200-2168] Implementing memory 'run_model_conv_bn_act_pool_1_Pipeline_Loop2Big_ConvW2_19_ROM_AUTO_1R' using auto ROMs with 12 copies to ensure enough ports to satisfy II or latency constraints.
INFO: [HLS 200-2168] Implementing memory 'run_model_conv_bn_act_pool_1_Pipeline_Loop2Big_ConvW2_20_ROM_AUTO_1R' using auto ROMs with 11 copies to ensure enough ports to satisfy II or latency constraints.
INFO: [HLS 200-2168] Implementing memory 'run_model_conv_bn_act_pool_1_Pipeline_Loop2Big_ConvW2_21_ROM_AUTO_1R' using auto ROMs with 10 copies to ensure enough ports to satisfy II or latency constraints.
INFO: [HLS 200-2168] Implementing memory 'run_model_conv_bn_act_pool_1_Pipeline_Loop2Big_ConvW2_22_ROM_AUTO_1R' using auto ROMs with 9 copies to ensure enough ports to satisfy II or latency constraints.
INFO: [HLS 200-2168] Implementing memory 'run_model_conv_bn_act_pool_1_Pipeline_Loop2Big_ConvW2_23_ROM_AUTO_1R' using auto ROMs with 8 copies to ensure enough ports to satisfy II or latency constraints.
INFO: [HLS 200-2168] Implementing memory 'run_model_conv_bn_act_pool_1_Pipeline_Loop2Big_ConvW2_24_ROM_AUTO_1R' using auto ROMs with 7 copies to ensure enough ports to satisfy II or latency constraints.
INFO: [HLS 200-2168] Implementing memory 'run_model_conv_bn_act_pool_1_Pipeline_Loop2Big_ConvW2_25_ROM_AUTO_1R' using auto ROMs with 6 copies to ensure enough ports to satisfy II or latency constraints.
INFO: [HLS 200-2168] Implementing memory 'run_model_conv_bn_act_pool_1_Pipeline_Loop2Big_ConvW2_26_ROM_AUTO_1R' using auto ROMs with 5 copies to ensure enough ports to satisfy II or latency constraints.
INFO: [HLS 200-2168] Implementing memory 'run_model_conv_bn_act_pool_1_Pipeline_Loop2Big_ConvW2_27_ROM_AUTO_1R' using auto ROMs with 4 copies to ensure enough ports to satisfy II or latency constraints.
INFO: [HLS 200-2168] Implementing memory 'run_model_conv_bn_act_pool_1_Pipeline_Loop2Big_ConvW2_28_ROM_AUTO_1R' using auto ROMs with 3 copies to ensure enough ports to satisfy II or latency constraints.
INFO: [HLS 200-2168] Implementing memory 'run_model_conv_bn_act_pool_1_Pipeline_Loop2Big_ConvW2_29_ROM_AUTO_1R' using auto ROMs with 2 copies to ensure enough ports to satisfy II or latency constraints.
INFO: [RTMG 210-279] Implementing memory 'run_model_conv_bn_act_pool_1_Pipeline_Loop2Big_ConvW2_30_ROM_AUTO_1R' using auto ROMs.
INFO: [HLS 200-2168] Implementing memory 'run_model_conv_bn_act_pool_1_Pipeline_Loop2Big_ConvW2_224_ROM_AUTO_1R' using auto ROMs with 31 copies to ensure enough ports to satisfy II or latency constraints.
INFO: [HLS 200-2168] Implementing memory 'run_model_conv_bn_act_pool_1_Pipeline_Loop2Big_ConvW2_223_ROM_AUTO_1R' using auto ROMs with 30 copies to ensure enough ports to satisfy II or latency constraints.
INFO: [HLS 200-2168] Implementing memory 'run_model_conv_bn_act_pool_1_Pipeline_Loop2Big_ConvW2_222_ROM_AUTO_1R' using auto ROMs with 29 copies to ensure enough ports to satisfy II or latency constraints.
INFO: [HLS 200-2168] Implementing memory 'run_model_conv_bn_act_pool_1_Pipeline_Loop2Big_ConvW2_221_ROM_AUTO_1R' using auto ROMs with 28 copies to ensure enough ports to satisfy II or latency constraints.
INFO: [HLS 200-2168] Implementing memory 'run_model_conv_bn_act_pool_1_Pipeline_Loop2Big_ConvW2_220_ROM_AUTO_1R' using auto ROMs with 27 copies to ensure enough ports to satisfy II or latency constraints.
INFO: [HLS 200-2168] Implementing memory 'run_model_conv_bn_act_pool_1_Pipeline_Loop2Big_ConvW2_219_ROM_AUTO_1R' using auto ROMs with 26 copies to ensure enough ports to satisfy II or latency constraints.
INFO: [HLS 200-2168] Implementing memory 'run_model_conv_bn_act_pool_1_Pipeline_Loop2Big_ConvW2_218_ROM_AUTO_1R' using auto ROMs with 25 copies to ensure enough ports to satisfy II or latency constraints.
INFO: [HLS 200-2168] Implementing memory 'run_model_conv_bn_act_pool_1_Pipeline_Loop2Big_ConvW2_217_ROM_AUTO_1R' using auto ROMs with 24 copies to ensure enough ports to satisfy II or latency constraints.
INFO: [HLS 200-2168] Implementing memory 'run_model_conv_bn_act_pool_1_Pipeline_Loop2Big_ConvW2_216_ROM_AUTO_1R' using auto ROMs with 23 copies to ensure enough ports to satisfy II or latency constraints.
INFO: [HLS 200-2168] Implementing memory 'run_model_conv_bn_act_pool_1_Pipeline_Loop2Big_ConvW2_215_ROM_AUTO_1R' using auto ROMs with 22 copies to ensure enough ports to satisfy II or latency constraints.
INFO: [HLS 200-2168] Implementing memory 'run_model_conv_bn_act_pool_1_Pipeline_Loop2Big_ConvW2_214_ROM_AUTO_1R' using auto ROMs with 21 copies to ensure enough ports to satisfy II or latency constraints.
INFO: [HLS 200-2168] Implementing memory 'run_model_conv_bn_act_pool_1_Pipeline_Loop2Big_ConvW2_213_ROM_AUTO_1R' using auto ROMs with 20 copies to ensure enough ports to satisfy II or latency constraints.
INFO: [HLS 200-2168] Implementing memory 'run_model_conv_bn_act_pool_1_Pipeline_Loop2Big_ConvW2_212_ROM_AUTO_1R' using auto ROMs with 19 copies to ensure enough ports to satisfy II or latency constraints.
INFO: [HLS 200-2168] Implementing memory 'run_model_conv_bn_act_pool_1_Pipeline_Loop2Big_ConvW2_211_ROM_AUTO_1R' using auto ROMs with 18 copies to ensure enough ports to satisfy II or latency constraints.
INFO: [HLS 200-2168] Implementing memory 'run_model_conv_bn_act_pool_1_Pipeline_Loop2Big_ConvW2_210_ROM_AUTO_1R' using auto ROMs with 17 copies to ensure enough ports to satisfy II or latency constraints.
INFO: [HLS 200-2168] Implementing memory 'run_model_conv_bn_act_pool_1_Pipeline_Loop2Big_ConvW2_209_ROM_AUTO_1R' using auto ROMs with 16 copies to ensure enough ports to satisfy II or latency constraints.
INFO: [HLS 200-2168] Implementing memory 'run_model_conv_bn_act_pool_1_Pipeline_Loop2Big_ConvW2_208_ROM_AUTO_1R' using auto ROMs with 15 copies to ensure enough ports to satisfy II or latency constraints.
INFO: [HLS 200-2168] Implementing memory 'run_model_conv_bn_act_pool_1_Pipeline_Loop2Big_ConvW2_207_ROM_AUTO_1R' using auto ROMs with 14 copies to ensure enough ports to satisfy II or latency constraints.
INFO: [HLS 200-2168] Implementing memory 'run_model_conv_bn_act_pool_1_Pipeline_Loop2Big_ConvW2_206_ROM_AUTO_1R' using auto ROMs with 13 copies to ensure enough ports to satisfy II or latency constraints.
INFO: [HLS 200-2168] Implementing memory 'run_model_conv_bn_act_pool_1_Pipeline_Loop2Big_ConvW2_205_ROM_AUTO_1R' using auto ROMs with 12 copies to ensure enough ports to satisfy II or latency constraints.
INFO: [HLS 200-2168] Implementing memory 'run_model_conv_bn_act_pool_1_Pipeline_Loop2Big_ConvW2_204_ROM_AUTO_1R' using auto ROMs with 11 copies to ensure enough ports to satisfy II or latency constraints.
INFO: [HLS 200-2168] Implementing memory 'run_model_conv_bn_act_pool_1_Pipeline_Loop2Big_ConvW2_203_ROM_AUTO_1R' using auto ROMs with 10 copies to ensure enough ports to satisfy II or latency constraints.
INFO: [HLS 200-2168] Implementing memory 'run_model_conv_bn_act_pool_1_Pipeline_Loop2Big_ConvW2_202_ROM_AUTO_1R' using auto ROMs with 9 copies to ensure enough ports to satisfy II or latency constraints.
INFO: [HLS 200-2168] Implementing memory 'run_model_conv_bn_act_pool_1_Pipeline_Loop2Big_ConvW2_201_ROM_AUTO_1R' using auto ROMs with 8 copies to ensure enough ports to satisfy II or latency constraints.
INFO: [HLS 200-2168] Implementing memory 'run_model_conv_bn_act_pool_1_Pipeline_Loop2Big_ConvW2_200_ROM_AUTO_1R' using auto ROMs with 7 copies to ensure enough ports to satisfy II or latency constraints.
INFO: [HLS 200-2168] Implementing memory 'run_model_conv_bn_act_pool_1_Pipeline_Loop2Big_ConvW2_199_ROM_AUTO_1R' using auto ROMs with 6 copies to ensure enough ports to satisfy II or latency constraints.
INFO: [HLS 200-2168] Implementing memory 'run_model_conv_bn_act_pool_1_Pipeline_Loop2Big_ConvW2_198_ROM_AUTO_1R' using auto ROMs with 5 copies to ensure enough ports to satisfy II or latency constraints.
INFO: [HLS 200-2168] Implementing memory 'run_model_conv_bn_act_pool_1_Pipeline_Loop2Big_ConvW2_197_ROM_AUTO_1R' using auto ROMs with 4 copies to ensure enough ports to satisfy II or latency constraints.
INFO: [HLS 200-2168] Implementing memory 'run_model_conv_bn_act_pool_1_Pipeline_Loop2Big_ConvW2_196_ROM_AUTO_1R' using auto ROMs with 3 copies to ensure enough ports to satisfy II or latency constraints.
INFO: [HLS 200-2168] Implementing memory 'run_model_conv_bn_act_pool_1_Pipeline_Loop2Big_ConvW2_195_ROM_AUTO_1R' using auto ROMs with 2 copies to ensure enough ports to satisfy II or latency constraints.
INFO: [RTMG 210-279] Implementing memory 'run_model_conv_bn_act_pool_1_Pipeline_Loop2Big_ConvW2_194_ROM_AUTO_1R' using auto ROMs.
INFO: [HLS 200-111] Finished Creating RTL model: CPU user time: 21.36 seconds. CPU system time: 0.37 seconds. Elapsed time: 21.75 seconds; current allocated memory: 2.701 GB.
INFO: [HLS 200-10] ----------------------------------------------------------------
INFO: [HLS 200-10] -- Generating RTL for module 'conv_bn_act_pool_1_Pipeline_Loop3_2Big' 
INFO: [HLS 200-10] ----------------------------------------------------------------
INFO: [HLS 200-1030] Apply Unified Pipeline Control on module 'conv_bn_act_pool_1_Pipeline_Loop3_2Big' pipeline 'Loop3_2Big' pipeline type 'loop pipeline'
INFO: [RTGEN 206-100] Generating core module 'hdiv_16ns_16ns_16_6_no_dsp_1': 1 instance(s).
INFO: [RTGEN 206-100] Generating core module 'sparsemux_65_5_16_1_1': 1 instance(s).
INFO: [RTGEN 206-100] Finished creating RTL model for 'conv_bn_act_pool_1_Pipeline_Loop3_2Big'.
INFO: [HLS 200-111] Finished Creating RTL model: CPU user time: 3.43 seconds. CPU system time: 0.17 seconds. Elapsed time: 3.63 seconds; current allocated memory: 2.758 GB.
INFO: [HLS 200-10] ----------------------------------------------------------------
INFO: [HLS 200-10] -- Generating RTL for module 'conv_bn_act_pool_1' 
INFO: [HLS 200-10] ----------------------------------------------------------------
WARNING: [RTGEN 206-101] Setting dangling out port 'conv_bn_act_pool_1/grp_fu_3532_p_opcode' to 0.
WARNING: [RTGEN 206-101] Setting dangling out port 'conv_bn_act_pool_1/grp_fu_3536_p_opcode' to 0.
INFO: [RTGEN 206-104] Estimated max fanout for 'conv_bn_act_pool_1' is 7821 from HDL expression: (1'b1 == ap_CS_fsm_state4)
INFO: [RTGEN 206-100] Generating core module 'fadd_32ns_32ns_32_4_full_dsp_1': 1 instance(s).
INFO: [RTGEN 206-100] Generating core module 'fdiv_32ns_32ns_32_10_no_dsp_1': 1 instance(s).
INFO: [RTGEN 206-100] Generating core module 'fmul_32ns_32ns_32_3_max_dsp_1': 2 instance(s).
INFO: [RTGEN 206-100] Generating core module 'fsqrt_32ns_32ns_32_10_no_dsp_1': 1 instance(s).
INFO: [RTGEN 206-100] Generating core module 'fsub_32ns_32ns_32_4_full_dsp_1': 1 instance(s).
INFO: [RTGEN 206-100] Generating core module 'hadd_16ns_16ns_16_5_full_dsp_1': 225 instance(s).
INFO: [RTGEN 206-100] Generating core module 'hcmp_16ns_16ns_1_2_no_dsp_1': 1 instance(s).
INFO: [RTGEN 206-100] Generating core module 'hdiv_16ns_16ns_16_6_no_dsp_1': 1 instance(s).
INFO: [RTGEN 206-100] Generating core module 'hmul_16ns_16ns_16_4_max_dsp_1': 224 instance(s).
INFO: [RTGEN 206-100] Generating core module 'hptosp_16ns_32_2_no_dsp_1': 3 instance(s).
INFO: [RTGEN 206-100] Generating core module 'mul_13ns_15ns_27_1_1': 223 instance(s).
INFO: [RTGEN 206-100] Generating core module 'sparsemux_15_3_16_1_1': 224 instance(s).
INFO: [RTGEN 206-100] Generating core module 'sptohp_32ns_16_2_no_dsp_1': 2 instance(s).
INFO: [RTGEN 206-100] Finished creating RTL model for 'conv_bn_act_pool_1'.
INFO: [HLS 200-2168] Implementing memory 'run_model_conv_bn_act_pool_1_X_slice27_0_ROM_AUTO_1R' using auto ROMs with 14 copies to ensure enough ports to satisfy II or latency constraints.
INFO: [HLS 200-2168] Implementing memory 'run_model_conv_bn_act_pool_1_X_slice27_16_ROM_AUTO_1R' using auto ROMs with 14 copies to ensure enough ports to satisfy II or latency constraints.
INFO: [HLS 200-2168] Implementing memory 'run_model_conv_bn_act_pool_1_X_slice27_32_ROM_AUTO_1R' using auto ROMs with 14 copies to ensure enough ports to satisfy II or latency constraints.
INFO: [HLS 200-2168] Implementing memory 'run_model_conv_bn_act_pool_1_X_slice27_48_ROM_AUTO_1R' using auto ROMs with 14 copies to ensure enough ports to satisfy II or latency constraints.
INFO: [HLS 200-2168] Implementing memory 'run_model_conv_bn_act_pool_1_X_slice27_64_ROM_AUTO_1R' using auto ROMs with 14 copies to ensure enough ports to satisfy II or latency constraints.
INFO: [HLS 200-2168] Implementing memory 'run_model_conv_bn_act_pool_1_X_slice27_80_ROM_AUTO_1R' using auto ROMs with 14 copies to ensure enough ports to satisfy II or latency constraints.
INFO: [HLS 200-2168] Implementing memory 'run_model_conv_bn_act_pool_1_X_slice27_96_ROM_AUTO_1R' using auto ROMs with 14 copies to ensure enough ports to satisfy II or latency constraints.
INFO: [HLS 200-2168] Implementing memory 'run_model_conv_bn_act_pool_1_X_slice27_1_ROM_AUTO_1R' using auto ROMs with 14 copies to ensure enough ports to satisfy II or latency constraints.
INFO: [HLS 200-2168] Implementing memory 'run_model_conv_bn_act_pool_1_X_slice27_17_ROM_AUTO_1R' using auto ROMs with 14 copies to ensure enough ports to satisfy II or latency constraints.
INFO: [HLS 200-2168] Implementing memory 'run_model_conv_bn_act_pool_1_X_slice27_33_ROM_AUTO_1R' using auto ROMs with 14 copies to ensure enough ports to satisfy II or latency constraints.
INFO: [HLS 200-2168] Implementing memory 'run_model_conv_bn_act_pool_1_X_slice27_49_ROM_AUTO_1R' using auto ROMs with 14 copies to ensure enough ports to satisfy II or latency constraints.
INFO: [HLS 200-2168] Implementing memory 'run_model_conv_bn_act_pool_1_X_slice27_65_ROM_AUTO_1R' using auto ROMs with 14 copies to ensure enough ports to satisfy II or latency constraints.
INFO: [HLS 200-2168] Implementing memory 'run_model_conv_bn_act_pool_1_X_slice27_81_ROM_AUTO_1R' using auto ROMs with 14 copies to ensure enough ports to satisfy II or latency constraints.
INFO: [HLS 200-2168] Implementing memory 'run_model_conv_bn_act_pool_1_X_slice27_97_ROM_AUTO_1R' using auto ROMs with 14 copies to ensure enough ports to satisfy II or latency constraints.
INFO: [HLS 200-2168] Implementing memory 'run_model_conv_bn_act_pool_1_X_slice27_2_ROM_AUTO_1R' using auto ROMs with 14 copies to ensure enough ports to satisfy II or latency constraints.
INFO: [HLS 200-2168] Implementing memory 'run_model_conv_bn_act_pool_1_X_slice27_18_ROM_AUTO_1R' using auto ROMs with 14 copies to ensure enough ports to satisfy II or latency constraints.
INFO: [HLS 200-2168] Implementing memory 'run_model_conv_bn_act_pool_1_X_slice27_34_ROM_AUTO_1R' using auto ROMs with 14 copies to ensure enough ports to satisfy II or latency constraints.
INFO: [HLS 200-2168] Implementing memory 'run_model_conv_bn_act_pool_1_X_slice27_50_ROM_AUTO_1R' using auto ROMs with 14 copies to ensure enough ports to satisfy II or latency constraints.
INFO: [HLS 200-2168] Implementing memory 'run_model_conv_bn_act_pool_1_X_slice27_66_ROM_AUTO_1R' using auto ROMs with 14 copies to ensure enough ports to satisfy II or latency constraints.
INFO: [HLS 200-2168] Implementing memory 'run_model_conv_bn_act_pool_1_X_slice27_82_ROM_AUTO_1R' using auto ROMs with 14 copies to ensure enough ports to satisfy II or latency constraints.
INFO: [HLS 200-2168] Implementing memory 'run_model_conv_bn_act_pool_1_X_slice27_98_ROM_AUTO_1R' using auto ROMs with 14 copies to ensure enough ports to satisfy II or latency constraints.
INFO: [HLS 200-2168] Implementing memory 'run_model_conv_bn_act_pool_1_X_slice27_3_ROM_AUTO_1R' using auto ROMs with 14 copies to ensure enough ports to satisfy II or latency constraints.
INFO: [HLS 200-2168] Implementing memory 'run_model_conv_bn_act_pool_1_X_slice27_19_ROM_AUTO_1R' using auto ROMs with 14 copies to ensure enough ports to satisfy II or latency constraints.
INFO: [HLS 200-2168] Implementing memory 'run_model_conv_bn_act_pool_1_X_slice27_35_ROM_AUTO_1R' using auto ROMs with 14 copies to ensure enough ports to satisfy II or latency constraints.
INFO: [HLS 200-2168] Implementing memory 'run_model_conv_bn_act_pool_1_X_slice27_51_ROM_AUTO_1R' using auto ROMs with 14 copies to ensure enough ports to satisfy II or latency constraints.
INFO: [HLS 200-2168] Implementing memory 'run_model_conv_bn_act_pool_1_X_slice27_67_ROM_AUTO_1R' using auto ROMs with 14 copies to ensure enough ports to satisfy II or latency constraints.
INFO: [HLS 200-2168] Implementing memory 'run_model_conv_bn_act_pool_1_X_slice27_83_ROM_AUTO_1R' using auto ROMs with 14 copies to ensure enough ports to satisfy II or latency constraints.
INFO: [HLS 200-2168] Implementing memory 'run_model_conv_bn_act_pool_1_X_slice27_99_ROM_AUTO_1R' using auto ROMs with 14 copies to ensure enough ports to satisfy II or latency constraints.
INFO: [HLS 200-2168] Implementing memory 'run_model_conv_bn_act_pool_1_X_slice27_4_ROM_AUTO_1R' using auto ROMs with 14 copies to ensure enough ports to satisfy II or latency constraints.
INFO: [HLS 200-2168] Implementing memory 'run_model_conv_bn_act_pool_1_X_slice27_20_ROM_AUTO_1R' using auto ROMs with 14 copies to ensure enough ports to satisfy II or latency constraints.
INFO: [HLS 200-2168] Implementing memory 'run_model_conv_bn_act_pool_1_X_slice27_36_ROM_AUTO_1R' using auto ROMs with 14 copies to ensure enough ports to satisfy II or latency constraints.
INFO: [HLS 200-2168] Implementing memory 'run_model_conv_bn_act_pool_1_X_slice27_52_ROM_AUTO_1R' using auto ROMs with 14 copies to ensure enough ports to satisfy II or latency constraints.
INFO: [HLS 200-2168] Implementing memory 'run_model_conv_bn_act_pool_1_X_slice27_68_ROM_AUTO_1R' using auto ROMs with 14 copies to ensure enough ports to satisfy II or latency constraints.
INFO: [HLS 200-2168] Implementing memory 'run_model_conv_bn_act_pool_1_X_slice27_84_ROM_AUTO_1R' using auto ROMs with 14 copies to ensure enough ports to satisfy II or latency constraints.
INFO: [HLS 200-2168] Implementing memory 'run_model_conv_bn_act_pool_1_X_slice27_100_ROM_AUTO_1R' using auto ROMs with 14 copies to ensure enough ports to satisfy II or latency constraints.
INFO: [HLS 200-2168] Implementing memory 'run_model_conv_bn_act_pool_1_X_slice27_5_ROM_AUTO_1R' using auto ROMs with 14 copies to ensure enough ports to satisfy II or latency constraints.
INFO: [HLS 200-2168] Implementing memory 'run_model_conv_bn_act_pool_1_X_slice27_21_ROM_AUTO_1R' using auto ROMs with 14 copies to ensure enough ports to satisfy II or latency constraints.
INFO: [HLS 200-2168] Implementing memory 'run_model_conv_bn_act_pool_1_X_slice27_37_ROM_AUTO_1R' using auto ROMs with 14 copies to ensure enough ports to satisfy II or latency constraints.
INFO: [HLS 200-2168] Implementing memory 'run_model_conv_bn_act_pool_1_X_slice27_53_ROM_AUTO_1R' using auto ROMs with 14 copies to ensure enough ports to satisfy II or latency constraints.
INFO: [HLS 200-2168] Implementing memory 'run_model_conv_bn_act_pool_1_X_slice27_69_ROM_AUTO_1R' using auto ROMs with 14 copies to ensure enough ports to satisfy II or latency constraints.
INFO: [HLS 200-2168] Implementing memory 'run_model_conv_bn_act_pool_1_X_slice27_85_ROM_AUTO_1R' using auto ROMs with 14 copies to ensure enough ports to satisfy II or latency constraints.
INFO: [HLS 200-2168] Implementing memory 'run_model_conv_bn_act_pool_1_X_slice27_101_ROM_AUTO_1R' using auto ROMs with 14 copies to ensure enough ports to satisfy II or latency constraints.
INFO: [HLS 200-2168] Implementing memory 'run_model_conv_bn_act_pool_1_X_slice27_6_ROM_AUTO_1R' using auto ROMs with 14 copies to ensure enough ports to satisfy II or latency constraints.
INFO: [HLS 200-2168] Implementing memory 'run_model_conv_bn_act_pool_1_X_slice27_22_ROM_AUTO_1R' using auto ROMs with 14 copies to ensure enough ports to satisfy II or latency constraints.
INFO: [HLS 200-2168] Implementing memory 'run_model_conv_bn_act_pool_1_X_slice27_38_ROM_AUTO_1R' using auto ROMs with 14 copies to ensure enough ports to satisfy II or latency constraints.
INFO: [HLS 200-2168] Implementing memory 'run_model_conv_bn_act_pool_1_X_slice27_54_ROM_AUTO_1R' using auto ROMs with 14 copies to ensure enough ports to satisfy II or latency constraints.
INFO: [HLS 200-2168] Implementing memory 'run_model_conv_bn_act_pool_1_X_slice27_70_ROM_AUTO_1R' using auto ROMs with 14 copies to ensure enough ports to satisfy II or latency constraints.
INFO: [HLS 200-2168] Implementing memory 'run_model_conv_bn_act_pool_1_X_slice27_86_ROM_AUTO_1R' using auto ROMs with 14 copies to ensure enough ports to satisfy II or latency constraints.
INFO: [HLS 200-2168] Implementing memory 'run_model_conv_bn_act_pool_1_X_slice27_102_ROM_AUTO_1R' using auto ROMs with 14 copies to ensure enough ports to satisfy II or latency constraints.
INFO: [HLS 200-2168] Implementing memory 'run_model_conv_bn_act_pool_1_X_slice27_7_ROM_AUTO_1R' using auto ROMs with 14 copies to ensure enough ports to satisfy II or latency constraints.
INFO: [HLS 200-2168] Implementing memory 'run_model_conv_bn_act_pool_1_X_slice27_23_ROM_AUTO_1R' using auto ROMs with 14 copies to ensure enough ports to satisfy II or latency constraints.
INFO: [HLS 200-2168] Implementing memory 'run_model_conv_bn_act_pool_1_X_slice27_39_ROM_AUTO_1R' using auto ROMs with 14 copies to ensure enough ports to satisfy II or latency constraints.
INFO: [HLS 200-2168] Implementing memory 'run_model_conv_bn_act_pool_1_X_slice27_55_ROM_AUTO_1R' using auto ROMs with 14 copies to ensure enough ports to satisfy II or latency constraints.
INFO: [HLS 200-2168] Implementing memory 'run_model_conv_bn_act_pool_1_X_slice27_71_ROM_AUTO_1R' using auto ROMs with 14 copies to ensure enough ports to satisfy II or latency constraints.
INFO: [HLS 200-2168] Implementing memory 'run_model_conv_bn_act_pool_1_X_slice27_87_ROM_AUTO_1R' using auto ROMs with 14 copies to ensure enough ports to satisfy II or latency constraints.
INFO: [HLS 200-2168] Implementing memory 'run_model_conv_bn_act_pool_1_X_slice27_103_ROM_AUTO_1R' using auto ROMs with 14 copies to ensure enough ports to satisfy II or latency constraints.
INFO: [HLS 200-2168] Implementing memory 'run_model_conv_bn_act_pool_1_X_slice27_8_ROM_AUTO_1R' using auto ROMs with 14 copies to ensure enough ports to satisfy II or latency constraints.
INFO: [HLS 200-2168] Implementing memory 'run_model_conv_bn_act_pool_1_X_slice27_24_ROM_AUTO_1R' using auto ROMs with 14 copies to ensure enough ports to satisfy II or latency constraints.
INFO: [HLS 200-2168] Implementing memory 'run_model_conv_bn_act_pool_1_X_slice27_40_ROM_AUTO_1R' using auto ROMs with 14 copies to ensure enough ports to satisfy II or latency constraints.
INFO: [HLS 200-2168] Implementing memory 'run_model_conv_bn_act_pool_1_X_slice27_56_ROM_AUTO_1R' using auto ROMs with 14 copies to ensure enough ports to satisfy II or latency constraints.
INFO: [HLS 200-2168] Implementing memory 'run_model_conv_bn_act_pool_1_X_slice27_72_ROM_AUTO_1R' using auto ROMs with 14 copies to ensure enough ports to satisfy II or latency constraints.
INFO: [HLS 200-2168] Implementing memory 'run_model_conv_bn_act_pool_1_X_slice27_88_ROM_AUTO_1R' using auto ROMs with 14 copies to ensure enough ports to satisfy II or latency constraints.
INFO: [HLS 200-2168] Implementing memory 'run_model_conv_bn_act_pool_1_X_slice27_104_ROM_AUTO_1R' using auto ROMs with 14 copies to ensure enough ports to satisfy II or latency constraints.
INFO: [HLS 200-2168] Implementing memory 'run_model_conv_bn_act_pool_1_X_slice27_9_ROM_AUTO_1R' using auto ROMs with 14 copies to ensure enough ports to satisfy II or latency constraints.
INFO: [HLS 200-2168] Implementing memory 'run_model_conv_bn_act_pool_1_X_slice27_25_ROM_AUTO_1R' using auto ROMs with 14 copies to ensure enough ports to satisfy II or latency constraints.
INFO: [HLS 200-2168] Implementing memory 'run_model_conv_bn_act_pool_1_X_slice27_41_ROM_AUTO_1R' using auto ROMs with 14 copies to ensure enough ports to satisfy II or latency constraints.
INFO: [HLS 200-2168] Implementing memory 'run_model_conv_bn_act_pool_1_X_slice27_57_ROM_AUTO_1R' using auto ROMs with 14 copies to ensure enough ports to satisfy II or latency constraints.
INFO: [HLS 200-2168] Implementing memory 'run_model_conv_bn_act_pool_1_X_slice27_73_ROM_AUTO_1R' using auto ROMs with 14 copies to ensure enough ports to satisfy II or latency constraints.
INFO: [HLS 200-2168] Implementing memory 'run_model_conv_bn_act_pool_1_X_slice27_89_ROM_AUTO_1R' using auto ROMs with 14 copies to ensure enough ports to satisfy II or latency constraints.
INFO: [HLS 200-2168] Implementing memory 'run_model_conv_bn_act_pool_1_X_slice27_105_ROM_AUTO_1R' using auto ROMs with 14 copies to ensure enough ports to satisfy II or latency constraints.
INFO: [HLS 200-2168] Implementing memory 'run_model_conv_bn_act_pool_1_X_slice27_10_ROM_AUTO_1R' using auto ROMs with 14 copies to ensure enough ports to satisfy II or latency constraints.
INFO: [HLS 200-2168] Implementing memory 'run_model_conv_bn_act_pool_1_X_slice27_26_ROM_AUTO_1R' using auto ROMs with 14 copies to ensure enough ports to satisfy II or latency constraints.
INFO: [HLS 200-2168] Implementing memory 'run_model_conv_bn_act_pool_1_X_slice27_42_ROM_AUTO_1R' using auto ROMs with 14 copies to ensure enough ports to satisfy II or latency constraints.
INFO: [HLS 200-2168] Implementing memory 'run_model_conv_bn_act_pool_1_X_slice27_58_ROM_AUTO_1R' using auto ROMs with 14 copies to ensure enough ports to satisfy II or latency constraints.
INFO: [HLS 200-2168] Implementing memory 'run_model_conv_bn_act_pool_1_X_slice27_74_ROM_AUTO_1R' using auto ROMs with 14 copies to ensure enough ports to satisfy II or latency constraints.
INFO: [HLS 200-2168] Implementing memory 'run_model_conv_bn_act_pool_1_X_slice27_90_ROM_AUTO_1R' using auto ROMs with 14 copies to ensure enough ports to satisfy II or latency constraints.
INFO: [HLS 200-2168] Implementing memory 'run_model_conv_bn_act_pool_1_X_slice27_106_ROM_AUTO_1R' using auto ROMs with 14 copies to ensure enough ports to satisfy II or latency constraints.
INFO: [HLS 200-2168] Implementing memory 'run_model_conv_bn_act_pool_1_X_slice27_11_ROM_AUTO_1R' using auto ROMs with 14 copies to ensure enough ports to satisfy II or latency constraints.
INFO: [HLS 200-2168] Implementing memory 'run_model_conv_bn_act_pool_1_X_slice27_27_ROM_AUTO_1R' using auto ROMs with 14 copies to ensure enough ports to satisfy II or latency constraints.
INFO: [HLS 200-2168] Implementing memory 'run_model_conv_bn_act_pool_1_X_slice27_43_ROM_AUTO_1R' using auto ROMs with 14 copies to ensure enough ports to satisfy II or latency constraints.
INFO: [HLS 200-2168] Implementing memory 'run_model_conv_bn_act_pool_1_X_slice27_59_ROM_AUTO_1R' using auto ROMs with 14 copies to ensure enough ports to satisfy II or latency constraints.
INFO: [HLS 200-2168] Implementing memory 'run_model_conv_bn_act_pool_1_X_slice27_75_ROM_AUTO_1R' using auto ROMs with 14 copies to ensure enough ports to satisfy II or latency constraints.
INFO: [HLS 200-2168] Implementing memory 'run_model_conv_bn_act_pool_1_X_slice27_91_ROM_AUTO_1R' using auto ROMs with 14 copies to ensure enough ports to satisfy II or latency constraints.
INFO: [HLS 200-2168] Implementing memory 'run_model_conv_bn_act_pool_1_X_slice27_107_ROM_AUTO_1R' using auto ROMs with 14 copies to ensure enough ports to satisfy II or latency constraints.
INFO: [HLS 200-2168] Implementing memory 'run_model_conv_bn_act_pool_1_X_slice27_12_ROM_AUTO_1R' using auto ROMs with 14 copies to ensure enough ports to satisfy II or latency constraints.
INFO: [HLS 200-2168] Implementing memory 'run_model_conv_bn_act_pool_1_X_slice27_28_ROM_AUTO_1R' using auto ROMs with 14 copies to ensure enough ports to satisfy II or latency constraints.
INFO: [HLS 200-2168] Implementing memory 'run_model_conv_bn_act_pool_1_X_slice27_44_ROM_AUTO_1R' using auto ROMs with 14 copies to ensure enough ports to satisfy II or latency constraints.
INFO: [HLS 200-2168] Implementing memory 'run_model_conv_bn_act_pool_1_X_slice27_60_ROM_AUTO_1R' using auto ROMs with 14 copies to ensure enough ports to satisfy II or latency constraints.
INFO: [HLS 200-2168] Implementing memory 'run_model_conv_bn_act_pool_1_X_slice27_76_ROM_AUTO_1R' using auto ROMs with 14 copies to ensure enough ports to satisfy II or latency constraints.
INFO: [HLS 200-2168] Implementing memory 'run_model_conv_bn_act_pool_1_X_slice27_92_ROM_AUTO_1R' using auto ROMs with 14 copies to ensure enough ports to satisfy II or latency constraints.
INFO: [HLS 200-2168] Implementing memory 'run_model_conv_bn_act_pool_1_X_slice27_108_ROM_AUTO_1R' using auto ROMs with 14 copies to ensure enough ports to satisfy II or latency constraints.
INFO: [HLS 200-2168] Implementing memory 'run_model_conv_bn_act_pool_1_X_slice27_13_ROM_AUTO_1R' using auto ROMs with 14 copies to ensure enough ports to satisfy II or latency constraints.
INFO: [HLS 200-2168] Implementing memory 'run_model_conv_bn_act_pool_1_X_slice27_29_ROM_AUTO_1R' using auto ROMs with 14 copies to ensure enough ports to satisfy II or latency constraints.
INFO: [HLS 200-2168] Implementing memory 'run_model_conv_bn_act_pool_1_X_slice27_45_ROM_AUTO_1R' using auto ROMs with 14 copies to ensure enough ports to satisfy II or latency constraints.
INFO: [HLS 200-2168] Implementing memory 'run_model_conv_bn_act_pool_1_X_slice27_61_ROM_AUTO_1R' using auto ROMs with 14 copies to ensure enough ports to satisfy II or latency constraints.
INFO: [HLS 200-2168] Implementing memory 'run_model_conv_bn_act_pool_1_X_slice27_77_ROM_AUTO_1R' using auto ROMs with 14 copies to ensure enough ports to satisfy II or latency constraints.
INFO: [HLS 200-2168] Implementing memory 'run_model_conv_bn_act_pool_1_X_slice27_93_ROM_AUTO_1R' using auto ROMs with 14 copies to ensure enough ports to satisfy II or latency constraints.
INFO: [HLS 200-2168] Implementing memory 'run_model_conv_bn_act_pool_1_X_slice27_109_ROM_AUTO_1R' using auto ROMs with 14 copies to ensure enough ports to satisfy II or latency constraints.
INFO: [HLS 200-2168] Implementing memory 'run_model_conv_bn_act_pool_1_X_slice27_14_ROM_AUTO_1R' using auto ROMs with 14 copies to ensure enough ports to satisfy II or latency constraints.
INFO: [HLS 200-2168] Implementing memory 'run_model_conv_bn_act_pool_1_X_slice27_30_ROM_AUTO_1R' using auto ROMs with 14 copies to ensure enough ports to satisfy II or latency constraints.
INFO: [HLS 200-2168] Implementing memory 'run_model_conv_bn_act_pool_1_X_slice27_46_ROM_AUTO_1R' using auto ROMs with 14 copies to ensure enough ports to satisfy II or latency constraints.
INFO: [HLS 200-2168] Implementing memory 'run_model_conv_bn_act_pool_1_X_slice27_62_ROM_AUTO_1R' using auto ROMs with 14 copies to ensure enough ports to satisfy II or latency constraints.
INFO: [HLS 200-2168] Implementing memory 'run_model_conv_bn_act_pool_1_X_slice27_78_ROM_AUTO_1R' using auto ROMs with 14 copies to ensure enough ports to satisfy II or latency constraints.
INFO: [HLS 200-2168] Implementing memory 'run_model_conv_bn_act_pool_1_X_slice27_94_ROM_AUTO_1R' using auto ROMs with 14 copies to ensure enough ports to satisfy II or latency constraints.
INFO: [HLS 200-2168] Implementing memory 'run_model_conv_bn_act_pool_1_X_slice27_110_ROM_AUTO_1R' using auto ROMs with 14 copies to ensure enough ports to satisfy II or latency constraints.
INFO: [HLS 200-2168] Implementing memory 'run_model_conv_bn_act_pool_1_X_slice27_15_ROM_AUTO_1R' using auto ROMs with 14 copies to ensure enough ports to satisfy II or latency constraints.
INFO: [HLS 200-2168] Implementing memory 'run_model_conv_bn_act_pool_1_X_slice27_31_ROM_AUTO_1R' using auto ROMs with 14 copies to ensure enough ports to satisfy II or latency constraints.
INFO: [HLS 200-2168] Implementing memory 'run_model_conv_bn_act_pool_1_X_slice27_47_ROM_AUTO_1R' using auto ROMs with 14 copies to ensure enough ports to satisfy II or latency constraints.
INFO: [HLS 200-2168] Implementing memory 'run_model_conv_bn_act_pool_1_X_slice27_63_ROM_AUTO_1R' using auto ROMs with 14 copies to ensure enough ports to satisfy II or latency constraints.
INFO: [HLS 200-2168] Implementing memory 'run_model_conv_bn_act_pool_1_X_slice27_79_ROM_AUTO_1R' using auto ROMs with 14 copies to ensure enough ports to satisfy II or latency constraints.
INFO: [HLS 200-2168] Implementing memory 'run_model_conv_bn_act_pool_1_X_slice27_95_ROM_AUTO_1R' using auto ROMs with 14 copies to ensure enough ports to satisfy II or latency constraints.
INFO: [HLS 200-2168] Implementing memory 'run_model_conv_bn_act_pool_1_X_slice27_111_ROM_AUTO_1R' using auto ROMs with 14 copies to ensure enough ports to satisfy II or latency constraints.
INFO: [HLS 200-111] Finished Creating RTL model: CPU user time: 4.77 seconds. CPU system time: 0.11 seconds. Elapsed time: 4.91 seconds; current allocated memory: 2.758 GB.
INFO: [HLS 200-10] ----------------------------------------------------------------
INFO: [HLS 200-10] -- Generating RTL for module 'run_all_slices_unrolled_Pipeline_Loop_BN3' 
INFO: [HLS 200-10] ----------------------------------------------------------------
INFO: [HLS 200-1030] Apply Unified Pipeline Control on module 'run_all_slices_unrolled_Pipeline_Loop_BN3' pipeline 'Loop_BN' pipeline type 'loop pipeline'
INFO: [RTGEN 206-100] Generating core module 'fdiv_32ns_32ns_32_10_no_dsp_1': 1 instance(s).
INFO: [RTGEN 206-100] Generating core module 'fsqrt_32ns_32ns_32_10_no_dsp_1': 1 instance(s).
INFO: [RTGEN 206-100] Generating core module 'hadd_16ns_16ns_16_5_full_dsp_1': 2 instance(s).
INFO: [RTGEN 206-100] Generating core module 'hmul_16ns_16ns_16_4_max_dsp_1': 1 instance(s).
INFO: [RTGEN 206-100] Generating core module 'hptosp_16ns_32_2_no_dsp_1': 2 instance(s).
INFO: [RTGEN 206-100] Generating core module 'sptohp_32ns_16_2_no_dsp_1': 1 instance(s).
INFO: [RTGEN 206-100] Finished creating RTL model for 'run_all_slices_unrolled_Pipeline_Loop_BN3'.
INFO: [HLS 200-111] Finished Creating RTL model: CPU user time: 3.48 seconds. CPU system time: 0.3 seconds. Elapsed time: 3.78 seconds; current allocated memory: 2.818 GB.
INFO: [HLS 200-10] ----------------------------------------------------------------
INFO: [HLS 200-10] -- Generating RTL for module 'run_all_slices_unrolled_Pipeline_MergedLoop2' 
INFO: [HLS 200-10] ----------------------------------------------------------------
INFO: [HLS 200-1030] Apply Unified Pipeline Control on module 'run_all_slices_unrolled_Pipeline_MergedLoop2' pipeline 'MergedLoop2' pipeline type 'loop pipeline'
INFO: [RTGEN 206-100] Generating core module 'hadd_16ns_16ns_16_5_full_dsp_1': 1 instance(s).
INFO: [RTGEN 206-100] Generating core module 'hcmp_16ns_16ns_1_2_no_dsp_1': 2 instance(s).
INFO: [RTGEN 206-100] Generating core module 'sparsemux_65_5_16_1_1': 1 instance(s).
INFO: [RTGEN 206-100] Generating core module 'sparsemux_7_2_16_1_1': 1 instance(s).
INFO: [RTGEN 206-100] Finished creating RTL model for 'run_all_slices_unrolled_Pipeline_MergedLoop2'.
INFO: [HLS 200-111] Finished Creating RTL model: CPU user time: 0.24 seconds. CPU system time: 0.02 seconds. Elapsed time: 0.28 seconds; current allocated memory: 2.831 GB.
INFO: [HLS 200-10] ----------------------------------------------------------------
INFO: [HLS 200-10] -- Generating RTL for module 'conv_bn_act_pool_2_Pipeline_BNParamsLoop' 
INFO: [HLS 200-10] ----------------------------------------------------------------
INFO: [HLS 200-1030] Apply Unified Pipeline Control on module 'conv_bn_act_pool_2_Pipeline_BNParamsLoop' pipeline 'BNParamsLoop' pipeline type 'loop pipeline'
INFO: [RTGEN 206-100] Generating core module 'fadd_32ns_32ns_32_4_full_dsp_1': 1 instance(s).
INFO: [RTGEN 206-100] Generating core module 'fdiv_32ns_32ns_32_10_no_dsp_1': 1 instance(s).
INFO: [RTGEN 206-100] Generating core module 'fmul_32ns_32ns_32_3_max_dsp_1': 2 instance(s).
INFO: [RTGEN 206-100] Generating core module 'fsqrt_32ns_32ns_32_10_no_dsp_1': 1 instance(s).
INFO: [RTGEN 206-100] Generating core module 'fsub_32ns_32ns_32_4_full_dsp_1': 1 instance(s).
INFO: [RTGEN 206-100] Generating core module 'hptosp_16ns_32_2_no_dsp_1': 2 instance(s).
INFO: [RTGEN 206-100] Generating core module 'sptohp_32ns_16_2_no_dsp_1': 2 instance(s).
INFO: [RTGEN 206-100] Finished creating RTL model for 'conv_bn_act_pool_2_Pipeline_BNParamsLoop'.
INFO: [HLS 200-111] Finished Creating RTL model: CPU user time: 0.77 seconds. CPU system time: 0.02 seconds. Elapsed time: 0.78 seconds; current allocated memory: 2.833 GB.
INFO: [HLS 200-10] ----------------------------------------------------------------
INFO: [HLS 200-10] -- Generating RTL for module 'conv_bn_act_pool_2_Pipeline_Loop2Big' 
INFO: [HLS 200-10] ----------------------------------------------------------------
INFO: [HLS 200-1030] Apply Unified Pipeline Control on module 'conv_bn_act_pool_2_Pipeline_Loop2Big' pipeline 'Loop2Big' pipeline type 'loop pipeline'
INFO: [RTGEN 206-104] Estimated max fanout for 'conv_bn_act_pool_2_Pipeline_Loop2Big' is 48578 from HDL expression: (1'b0 == ap_block_pp0_stage0_11001)
INFO: [RTGEN 206-100] Generating core module 'fadd_32ns_32ns_32_4_full_dsp_1': 1 instance(s).
INFO: [RTGEN 206-100] Generating core module 'fmul_32ns_32ns_32_3_max_dsp_1': 1 instance(s).
INFO: [RTGEN 206-100] Generating core module 'hadd_16ns_16ns_16_5_full_dsp_1': 225 instance(s).
INFO: [RTGEN 206-100] Generating core module 'hcmp_16ns_16ns_1_2_no_dsp_1': 1 instance(s).
INFO: [RTGEN 206-100] Generating core module 'hmul_16ns_16ns_16_4_max_dsp_1': 224 instance(s).
INFO: [RTGEN 206-100] Generating core module 'hptosp_16ns_32_2_no_dsp_1': 3 instance(s).
INFO: [RTGEN 206-100] Generating core module 'mul_10ns_12ns_21_1_1': 2 instance(s).
INFO: [RTGEN 206-100] Generating core module 'mul_11ns_13ns_23_1_1': 5 instance(s).
INFO: [RTGEN 206-100] Generating core module 'mul_12ns_14ns_25_1_1': 9 instance(s).
INFO: [RTGEN 206-100] Generating core module 'mul_13ns_15ns_27_1_1': 13 instance(s).
INFO: [RTGEN 206-100] Generating core module 'mul_9ns_11ns_19_1_1': 1 instance(s).
INFO: [RTGEN 206-100] Generating core module 'sparsemux_65_5_16_1_1': 196 instance(s).
INFO: [RTGEN 206-100] Generating core module 'sparsemux_65_5_16_1_1_x': 31 instance(s).
INFO: [RTGEN 206-100] Generating core module 'sptohp_32ns_16_2_no_dsp_1': 1 instance(s).
INFO: [RTGEN 206-100] Finished creating RTL model for 'conv_bn_act_pool_2_Pipeline_Loop2Big'.
INFO: [HLS 200-2168] Implementing memory 'run_model_conv_bn_act_pool_2_Pipeline_Loop2Big_ConvW3_0_ROM_AUTO_1R' using auto ROMs with 31 copies to ensure enough ports to satisfy II or latency constraints.
INFO: [HLS 200-2168] Implementing memory 'run_model_conv_bn_act_pool_2_Pipeline_Loop2Big_ConvW3_1_ROM_AUTO_1R' using auto ROMs with 30 copies to ensure enough ports to satisfy II or latency constraints.
INFO: [HLS 200-2168] Implementing memory 'run_model_conv_bn_act_pool_2_Pipeline_Loop2Big_ConvW3_2_ROM_AUTO_1R' using auto ROMs with 29 copies to ensure enough ports to satisfy II or latency constraints.
INFO: [HLS 200-2168] Implementing memory 'run_model_conv_bn_act_pool_2_Pipeline_Loop2Big_ConvW3_3_ROM_AUTO_1R' using auto ROMs with 28 copies to ensure enough ports to satisfy II or latency constraints.
INFO: [HLS 200-2168] Implementing memory 'run_model_conv_bn_act_pool_2_Pipeline_Loop2Big_ConvW3_4_ROM_AUTO_1R' using auto ROMs with 27 copies to ensure enough ports to satisfy II or latency constraints.
INFO: [HLS 200-2168] Implementing memory 'run_model_conv_bn_act_pool_2_Pipeline_Loop2Big_ConvW3_5_ROM_AUTO_1R' using auto ROMs with 26 copies to ensure enough ports to satisfy II or latency constraints.
INFO: [HLS 200-2168] Implementing memory 'run_model_conv_bn_act_pool_2_Pipeline_Loop2Big_ConvW3_6_ROM_AUTO_1R' using auto ROMs with 25 copies to ensure enough ports to satisfy II or latency constraints.
INFO: [HLS 200-2168] Implementing memory 'run_model_conv_bn_act_pool_2_Pipeline_Loop2Big_ConvW3_7_ROM_AUTO_1R' using auto ROMs with 24 copies to ensure enough ports to satisfy II or latency constraints.
INFO: [HLS 200-2168] Implementing memory 'run_model_conv_bn_act_pool_2_Pipeline_Loop2Big_ConvW3_8_ROM_AUTO_1R' using auto ROMs with 23 copies to ensure enough ports to satisfy II or latency constraints.
INFO: [HLS 200-2168] Implementing memory 'run_model_conv_bn_act_pool_2_Pipeline_Loop2Big_ConvW3_9_ROM_AUTO_1R' using auto ROMs with 22 copies to ensure enough ports to satisfy II or latency constraints.
INFO: [HLS 200-2168] Implementing memory 'run_model_conv_bn_act_pool_2_Pipeline_Loop2Big_ConvW3_10_ROM_AUTO_1R' using auto ROMs with 21 copies to ensure enough ports to satisfy II or latency constraints.
INFO: [HLS 200-2168] Implementing memory 'run_model_conv_bn_act_pool_2_Pipeline_Loop2Big_ConvW3_11_ROM_AUTO_1R' using auto ROMs with 20 copies to ensure enough ports to satisfy II or latency constraints.
INFO: [HLS 200-2168] Implementing memory 'run_model_conv_bn_act_pool_2_Pipeline_Loop2Big_ConvW3_12_ROM_AUTO_1R' using auto ROMs with 19 copies to ensure enough ports to satisfy II or latency constraints.
INFO: [HLS 200-2168] Implementing memory 'run_model_conv_bn_act_pool_2_Pipeline_Loop2Big_ConvW3_13_ROM_AUTO_1R' using auto ROMs with 18 copies to ensure enough ports to satisfy II or latency constraints.
INFO: [HLS 200-2168] Implementing memory 'run_model_conv_bn_act_pool_2_Pipeline_Loop2Big_ConvW3_14_ROM_AUTO_1R' using auto ROMs with 17 copies to ensure enough ports to satisfy II or latency constraints.
INFO: [HLS 200-2168] Implementing memory 'run_model_conv_bn_act_pool_2_Pipeline_Loop2Big_ConvW3_15_ROM_AUTO_1R' using auto ROMs with 16 copies to ensure enough ports to satisfy II or latency constraints.
INFO: [HLS 200-2168] Implementing memory 'run_model_conv_bn_act_pool_2_Pipeline_Loop2Big_ConvW3_16_ROM_AUTO_1R' using auto ROMs with 15 copies to ensure enough ports to satisfy II or latency constraints.
INFO: [HLS 200-2168] Implementing memory 'run_model_conv_bn_act_pool_2_Pipeline_Loop2Big_ConvW3_17_ROM_AUTO_1R' using auto ROMs with 14 copies to ensure enough ports to satisfy II or latency constraints.
INFO: [HLS 200-2168] Implementing memory 'run_model_conv_bn_act_pool_2_Pipeline_Loop2Big_ConvW3_18_ROM_AUTO_1R' using auto ROMs with 13 copies to ensure enough ports to satisfy II or latency constraints.
INFO: [HLS 200-2168] Implementing memory 'run_model_conv_bn_act_pool_2_Pipeline_Loop2Big_ConvW3_19_ROM_AUTO_1R' using auto ROMs with 12 copies to ensure enough ports to satisfy II or latency constraints.
INFO: [HLS 200-2168] Implementing memory 'run_model_conv_bn_act_pool_2_Pipeline_Loop2Big_ConvW3_20_ROM_AUTO_1R' using auto ROMs with 11 copies to ensure enough ports to satisfy II or latency constraints.
INFO: [HLS 200-2168] Implementing memory 'run_model_conv_bn_act_pool_2_Pipeline_Loop2Big_ConvW3_21_ROM_AUTO_1R' using auto ROMs with 10 copies to ensure enough ports to satisfy II or latency constraints.
INFO: [HLS 200-2168] Implementing memory 'run_model_conv_bn_act_pool_2_Pipeline_Loop2Big_ConvW3_22_ROM_AUTO_1R' using auto ROMs with 9 copies to ensure enough ports to satisfy II or latency constraints.
INFO: [HLS 200-2168] Implementing memory 'run_model_conv_bn_act_pool_2_Pipeline_Loop2Big_ConvW3_23_ROM_AUTO_1R' using auto ROMs with 8 copies to ensure enough ports to satisfy II or latency constraints.
INFO: [HLS 200-2168] Implementing memory 'run_model_conv_bn_act_pool_2_Pipeline_Loop2Big_ConvW3_24_ROM_AUTO_1R' using auto ROMs with 7 copies to ensure enough ports to satisfy II or latency constraints.
INFO: [HLS 200-2168] Implementing memory 'run_model_conv_bn_act_pool_2_Pipeline_Loop2Big_ConvW3_25_ROM_AUTO_1R' using auto ROMs with 6 copies to ensure enough ports to satisfy II or latency constraints.
INFO: [HLS 200-2168] Implementing memory 'run_model_conv_bn_act_pool_2_Pipeline_Loop2Big_ConvW3_26_ROM_AUTO_1R' using auto ROMs with 5 copies to ensure enough ports to satisfy II or latency constraints.
INFO: [HLS 200-2168] Implementing memory 'run_model_conv_bn_act_pool_2_Pipeline_Loop2Big_ConvW3_27_ROM_AUTO_1R' using auto ROMs with 4 copies to ensure enough ports to satisfy II or latency constraints.
INFO: [HLS 200-2168] Implementing memory 'run_model_conv_bn_act_pool_2_Pipeline_Loop2Big_ConvW3_28_ROM_AUTO_1R' using auto ROMs with 3 copies to ensure enough ports to satisfy II or latency constraints.
INFO: [HLS 200-2168] Implementing memory 'run_model_conv_bn_act_pool_2_Pipeline_Loop2Big_ConvW3_29_ROM_AUTO_1R' using auto ROMs with 2 copies to ensure enough ports to satisfy II or latency constraints.
INFO: [RTMG 210-279] Implementing memory 'run_model_conv_bn_act_pool_2_Pipeline_Loop2Big_ConvW3_30_ROM_AUTO_1R' using auto ROMs.
INFO: [HLS 200-2168] Implementing memory 'run_model_conv_bn_act_pool_2_Pipeline_Loop2Big_ConvW3_224_ROM_AUTO_1R' using auto ROMs with 31 copies to ensure enough ports to satisfy II or latency constraints.
INFO: [HLS 200-2168] Implementing memory 'run_model_conv_bn_act_pool_2_Pipeline_Loop2Big_ConvW3_223_ROM_AUTO_1R' using auto ROMs with 30 copies to ensure enough ports to satisfy II or latency constraints.
INFO: [HLS 200-2168] Implementing memory 'run_model_conv_bn_act_pool_2_Pipeline_Loop2Big_ConvW3_222_ROM_AUTO_1R' using auto ROMs with 29 copies to ensure enough ports to satisfy II or latency constraints.
INFO: [HLS 200-2168] Implementing memory 'run_model_conv_bn_act_pool_2_Pipeline_Loop2Big_ConvW3_221_ROM_AUTO_1R' using auto ROMs with 28 copies to ensure enough ports to satisfy II or latency constraints.
INFO: [HLS 200-2168] Implementing memory 'run_model_conv_bn_act_pool_2_Pipeline_Loop2Big_ConvW3_220_ROM_AUTO_1R' using auto ROMs with 27 copies to ensure enough ports to satisfy II or latency constraints.
INFO: [HLS 200-2168] Implementing memory 'run_model_conv_bn_act_pool_2_Pipeline_Loop2Big_ConvW3_219_ROM_AUTO_1R' using auto ROMs with 26 copies to ensure enough ports to satisfy II or latency constraints.
INFO: [HLS 200-2168] Implementing memory 'run_model_conv_bn_act_pool_2_Pipeline_Loop2Big_ConvW3_218_ROM_AUTO_1R' using auto ROMs with 25 copies to ensure enough ports to satisfy II or latency constraints.
INFO: [HLS 200-2168] Implementing memory 'run_model_conv_bn_act_pool_2_Pipeline_Loop2Big_ConvW3_217_ROM_AUTO_1R' using auto ROMs with 24 copies to ensure enough ports to satisfy II or latency constraints.
INFO: [HLS 200-2168] Implementing memory 'run_model_conv_bn_act_pool_2_Pipeline_Loop2Big_ConvW3_216_ROM_AUTO_1R' using auto ROMs with 23 copies to ensure enough ports to satisfy II or latency constraints.
INFO: [HLS 200-2168] Implementing memory 'run_model_conv_bn_act_pool_2_Pipeline_Loop2Big_ConvW3_215_ROM_AUTO_1R' using auto ROMs with 22 copies to ensure enough ports to satisfy II or latency constraints.
INFO: [HLS 200-2168] Implementing memory 'run_model_conv_bn_act_pool_2_Pipeline_Loop2Big_ConvW3_214_ROM_AUTO_1R' using auto ROMs with 21 copies to ensure enough ports to satisfy II or latency constraints.
INFO: [HLS 200-2168] Implementing memory 'run_model_conv_bn_act_pool_2_Pipeline_Loop2Big_ConvW3_213_ROM_AUTO_1R' using auto ROMs with 20 copies to ensure enough ports to satisfy II or latency constraints.
INFO: [HLS 200-2168] Implementing memory 'run_model_conv_bn_act_pool_2_Pipeline_Loop2Big_ConvW3_212_ROM_AUTO_1R' using auto ROMs with 19 copies to ensure enough ports to satisfy II or latency constraints.
INFO: [HLS 200-2168] Implementing memory 'run_model_conv_bn_act_pool_2_Pipeline_Loop2Big_ConvW3_211_ROM_AUTO_1R' using auto ROMs with 18 copies to ensure enough ports to satisfy II or latency constraints.
INFO: [HLS 200-2168] Implementing memory 'run_model_conv_bn_act_pool_2_Pipeline_Loop2Big_ConvW3_210_ROM_AUTO_1R' using auto ROMs with 17 copies to ensure enough ports to satisfy II or latency constraints.
INFO: [HLS 200-2168] Implementing memory 'run_model_conv_bn_act_pool_2_Pipeline_Loop2Big_ConvW3_209_ROM_AUTO_1R' using auto ROMs with 16 copies to ensure enough ports to satisfy II or latency constraints.
INFO: [HLS 200-2168] Implementing memory 'run_model_conv_bn_act_pool_2_Pipeline_Loop2Big_ConvW3_208_ROM_AUTO_1R' using auto ROMs with 15 copies to ensure enough ports to satisfy II or latency constraints.
INFO: [HLS 200-2168] Implementing memory 'run_model_conv_bn_act_pool_2_Pipeline_Loop2Big_ConvW3_207_ROM_AUTO_1R' using auto ROMs with 14 copies to ensure enough ports to satisfy II or latency constraints.
INFO: [HLS 200-2168] Implementing memory 'run_model_conv_bn_act_pool_2_Pipeline_Loop2Big_ConvW3_206_ROM_AUTO_1R' using auto ROMs with 13 copies to ensure enough ports to satisfy II or latency constraints.
INFO: [HLS 200-2168] Implementing memory 'run_model_conv_bn_act_pool_2_Pipeline_Loop2Big_ConvW3_205_ROM_AUTO_1R' using auto ROMs with 12 copies to ensure enough ports to satisfy II or latency constraints.
INFO: [HLS 200-2168] Implementing memory 'run_model_conv_bn_act_pool_2_Pipeline_Loop2Big_ConvW3_204_ROM_AUTO_1R' using auto ROMs with 11 copies to ensure enough ports to satisfy II or latency constraints.
INFO: [HLS 200-2168] Implementing memory 'run_model_conv_bn_act_pool_2_Pipeline_Loop2Big_ConvW3_203_ROM_AUTO_1R' using auto ROMs with 10 copies to ensure enough ports to satisfy II or latency constraints.
INFO: [HLS 200-2168] Implementing memory 'run_model_conv_bn_act_pool_2_Pipeline_Loop2Big_ConvW3_202_ROM_AUTO_1R' using auto ROMs with 9 copies to ensure enough ports to satisfy II or latency constraints.
INFO: [HLS 200-2168] Implementing memory 'run_model_conv_bn_act_pool_2_Pipeline_Loop2Big_ConvW3_201_ROM_AUTO_1R' using auto ROMs with 8 copies to ensure enough ports to satisfy II or latency constraints.
INFO: [HLS 200-2168] Implementing memory 'run_model_conv_bn_act_pool_2_Pipeline_Loop2Big_ConvW3_200_ROM_AUTO_1R' using auto ROMs with 7 copies to ensure enough ports to satisfy II or latency constraints.
INFO: [HLS 200-2168] Implementing memory 'run_model_conv_bn_act_pool_2_Pipeline_Loop2Big_ConvW3_199_ROM_AUTO_1R' using auto ROMs with 6 copies to ensure enough ports to satisfy II or latency constraints.
INFO: [HLS 200-2168] Implementing memory 'run_model_conv_bn_act_pool_2_Pipeline_Loop2Big_ConvW3_198_ROM_AUTO_1R' using auto ROMs with 5 copies to ensure enough ports to satisfy II or latency constraints.
INFO: [HLS 200-2168] Implementing memory 'run_model_conv_bn_act_pool_2_Pipeline_Loop2Big_ConvW3_197_ROM_AUTO_1R' using auto ROMs with 4 copies to ensure enough ports to satisfy II or latency constraints.
INFO: [HLS 200-2168] Implementing memory 'run_model_conv_bn_act_pool_2_Pipeline_Loop2Big_ConvW3_196_ROM_AUTO_1R' using auto ROMs with 3 copies to ensure enough ports to satisfy II or latency constraints.
INFO: [HLS 200-2168] Implementing memory 'run_model_conv_bn_act_pool_2_Pipeline_Loop2Big_ConvW3_195_ROM_AUTO_1R' using auto ROMs with 2 copies to ensure enough ports to satisfy II or latency constraints.
INFO: [RTMG 210-279] Implementing memory 'run_model_conv_bn_act_pool_2_Pipeline_Loop2Big_ConvW3_194_ROM_AUTO_1R' using auto ROMs.
INFO: [HLS 200-111] Finished Creating RTL model: CPU user time: 24.73 seconds. CPU system time: 0.51 seconds. Elapsed time: 25.26 seconds; current allocated memory: 3.398 GB.
INFO: [HLS 200-10] ----------------------------------------------------------------
INFO: [HLS 200-10] -- Generating RTL for module 'conv_bn_act_pool_2_Pipeline_Loop3_2Big' 
INFO: [HLS 200-10] ----------------------------------------------------------------
INFO: [HLS 200-1030] Apply Unified Pipeline Control on module 'conv_bn_act_pool_2_Pipeline_Loop3_2Big' pipeline 'Loop3_2Big' pipeline type 'loop pipeline'
INFO: [RTGEN 206-100] Generating core module 'hdiv_16ns_16ns_16_6_no_dsp_1': 1 instance(s).
INFO: [RTGEN 206-100] Generating core module 'sparsemux_65_5_16_1_1': 1 instance(s).
INFO: [RTGEN 206-100] Finished creating RTL model for 'conv_bn_act_pool_2_Pipeline_Loop3_2Big'.
INFO: [HLS 200-111] Finished Creating RTL model: CPU user time: 4.91 seconds. CPU system time: 0.31 seconds. Elapsed time: 5.33 seconds; current allocated memory: 3.428 GB.
INFO: [HLS 200-10] ----------------------------------------------------------------
INFO: [HLS 200-10] -- Generating RTL for module 'conv_bn_act_pool_2' 
INFO: [HLS 200-10] ----------------------------------------------------------------
WARNING: [RTGEN 206-101] Setting dangling out port 'conv_bn_act_pool_2/grp_fu_3532_p_opcode' to 0.
WARNING: [RTGEN 206-101] Setting dangling out port 'conv_bn_act_pool_2/grp_fu_3536_p_opcode' to 0.
INFO: [RTGEN 206-104] Estimated max fanout for 'conv_bn_act_pool_2' is 7168 from HDL expression: (1'b1 == ap_CS_fsm_state7)
INFO: [RTGEN 206-100] Generating core module 'fadd_32ns_32ns_32_4_full_dsp_1': 1 instance(s).
INFO: [RTGEN 206-100] Generating core module 'fdiv_32ns_32ns_32_10_no_dsp_1': 1 instance(s).
INFO: [RTGEN 206-100] Generating core module 'fmul_32ns_32ns_32_3_max_dsp_1': 2 instance(s).
INFO: [RTGEN 206-100] Generating core module 'fsqrt_32ns_32ns_32_10_no_dsp_1': 1 instance(s).
INFO: [RTGEN 206-100] Generating core module 'fsub_32ns_32ns_32_4_full_dsp_1': 1 instance(s).
INFO: [RTGEN 206-100] Generating core module 'hadd_16ns_16ns_16_5_full_dsp_1': 225 instance(s).
INFO: [RTGEN 206-100] Generating core module 'hcmp_16ns_16ns_1_2_no_dsp_1': 1 instance(s).
INFO: [RTGEN 206-100] Generating core module 'hdiv_16ns_16ns_16_6_no_dsp_1': 1 instance(s).
INFO: [RTGEN 206-100] Generating core module 'hmul_16ns_16ns_16_4_max_dsp_1': 224 instance(s).
INFO: [RTGEN 206-100] Generating core module 'hptosp_16ns_32_2_no_dsp_1': 3 instance(s).
INFO: [RTGEN 206-100] Generating core module 'mul_14ns_16ns_29_1_1': 223 instance(s).
INFO: [RTGEN 206-100] Generating core module 'sparsemux_15_3_16_1_1': 224 instance(s).
INFO: [RTGEN 206-100] Generating core module 'sptohp_32ns_16_2_no_dsp_1': 2 instance(s).
INFO: [RTGEN 206-100] Finished creating RTL model for 'conv_bn_act_pool_2'.
INFO: [HLS 200-2168] Implementing memory 'run_model_conv_bn_act_pool_2_X_slice42_0_ROM_AUTO_3R' using auto ROMs with 14 copies to ensure enough ports to satisfy II or latency constraints.
INFO: [HLS 200-2168] Implementing memory 'run_model_conv_bn_act_pool_2_X_slice42_16_ROM_AUTO_3R' using auto ROMs with 14 copies to ensure enough ports to satisfy II or latency constraints.
INFO: [HLS 200-2168] Implementing memory 'run_model_conv_bn_act_pool_2_X_slice42_32_ROM_AUTO_3R' using auto ROMs with 14 copies to ensure enough ports to satisfy II or latency constraints.
INFO: [HLS 200-2168] Implementing memory 'run_model_conv_bn_act_pool_2_X_slice42_48_ROM_AUTO_3R' using auto ROMs with 14 copies to ensure enough ports to satisfy II or latency constraints.
INFO: [HLS 200-2168] Implementing memory 'run_model_conv_bn_act_pool_2_X_slice42_64_ROM_AUTO_3R' using auto ROMs with 14 copies to ensure enough ports to satisfy II or latency constraints.
INFO: [HLS 200-2168] Implementing memory 'run_model_conv_bn_act_pool_2_X_slice42_80_ROM_AUTO_3R' using auto ROMs with 14 copies to ensure enough ports to satisfy II or latency constraints.
INFO: [HLS 200-2168] Implementing memory 'run_model_conv_bn_act_pool_2_X_slice42_96_ROM_AUTO_3R' using auto ROMs with 14 copies to ensure enough ports to satisfy II or latency constraints.
INFO: [HLS 200-2168] Implementing memory 'run_model_conv_bn_act_pool_2_X_slice42_1_ROM_AUTO_3R' using auto ROMs with 14 copies to ensure enough ports to satisfy II or latency constraints.
INFO: [HLS 200-2168] Implementing memory 'run_model_conv_bn_act_pool_2_X_slice42_17_ROM_AUTO_3R' using auto ROMs with 14 copies to ensure enough ports to satisfy II or latency constraints.
INFO: [HLS 200-2168] Implementing memory 'run_model_conv_bn_act_pool_2_X_slice42_33_ROM_AUTO_3R' using auto ROMs with 14 copies to ensure enough ports to satisfy II or latency constraints.
INFO: [HLS 200-2168] Implementing memory 'run_model_conv_bn_act_pool_2_X_slice42_49_ROM_AUTO_3R' using auto ROMs with 14 copies to ensure enough ports to satisfy II or latency constraints.
INFO: [HLS 200-2168] Implementing memory 'run_model_conv_bn_act_pool_2_X_slice42_65_ROM_AUTO_3R' using auto ROMs with 14 copies to ensure enough ports to satisfy II or latency constraints.
INFO: [HLS 200-2168] Implementing memory 'run_model_conv_bn_act_pool_2_X_slice42_81_ROM_AUTO_3R' using auto ROMs with 14 copies to ensure enough ports to satisfy II or latency constraints.
INFO: [HLS 200-2168] Implementing memory 'run_model_conv_bn_act_pool_2_X_slice42_97_ROM_AUTO_3R' using auto ROMs with 14 copies to ensure enough ports to satisfy II or latency constraints.
INFO: [HLS 200-2168] Implementing memory 'run_model_conv_bn_act_pool_2_X_slice42_2_ROM_AUTO_3R' using auto ROMs with 14 copies to ensure enough ports to satisfy II or latency constraints.
INFO: [HLS 200-2168] Implementing memory 'run_model_conv_bn_act_pool_2_X_slice42_18_ROM_AUTO_3R' using auto ROMs with 14 copies to ensure enough ports to satisfy II or latency constraints.
INFO: [HLS 200-2168] Implementing memory 'run_model_conv_bn_act_pool_2_X_slice42_34_ROM_AUTO_3R' using auto ROMs with 14 copies to ensure enough ports to satisfy II or latency constraints.
INFO: [HLS 200-2168] Implementing memory 'run_model_conv_bn_act_pool_2_X_slice42_50_ROM_AUTO_3R' using auto ROMs with 14 copies to ensure enough ports to satisfy II or latency constraints.
INFO: [HLS 200-2168] Implementing memory 'run_model_conv_bn_act_pool_2_X_slice42_66_ROM_AUTO_3R' using auto ROMs with 14 copies to ensure enough ports to satisfy II or latency constraints.
INFO: [HLS 200-2168] Implementing memory 'run_model_conv_bn_act_pool_2_X_slice42_82_ROM_AUTO_3R' using auto ROMs with 14 copies to ensure enough ports to satisfy II or latency constraints.
INFO: [HLS 200-2168] Implementing memory 'run_model_conv_bn_act_pool_2_X_slice42_98_ROM_AUTO_3R' using auto ROMs with 14 copies to ensure enough ports to satisfy II or latency constraints.
INFO: [HLS 200-2168] Implementing memory 'run_model_conv_bn_act_pool_2_X_slice42_3_ROM_AUTO_3R' using auto ROMs with 14 copies to ensure enough ports to satisfy II or latency constraints.
INFO: [HLS 200-2168] Implementing memory 'run_model_conv_bn_act_pool_2_X_slice42_19_ROM_AUTO_3R' using auto ROMs with 14 copies to ensure enough ports to satisfy II or latency constraints.
INFO: [HLS 200-2168] Implementing memory 'run_model_conv_bn_act_pool_2_X_slice42_35_ROM_AUTO_3R' using auto ROMs with 14 copies to ensure enough ports to satisfy II or latency constraints.
INFO: [HLS 200-2168] Implementing memory 'run_model_conv_bn_act_pool_2_X_slice42_51_ROM_AUTO_3R' using auto ROMs with 14 copies to ensure enough ports to satisfy II or latency constraints.
INFO: [HLS 200-2168] Implementing memory 'run_model_conv_bn_act_pool_2_X_slice42_67_ROM_AUTO_3R' using auto ROMs with 14 copies to ensure enough ports to satisfy II or latency constraints.
INFO: [HLS 200-2168] Implementing memory 'run_model_conv_bn_act_pool_2_X_slice42_83_ROM_AUTO_3R' using auto ROMs with 14 copies to ensure enough ports to satisfy II or latency constraints.
INFO: [HLS 200-2168] Implementing memory 'run_model_conv_bn_act_pool_2_X_slice42_99_ROM_AUTO_3R' using auto ROMs with 14 copies to ensure enough ports to satisfy II or latency constraints.
INFO: [HLS 200-2168] Implementing memory 'run_model_conv_bn_act_pool_2_X_slice42_4_ROM_AUTO_3R' using auto ROMs with 14 copies to ensure enough ports to satisfy II or latency constraints.
INFO: [HLS 200-2168] Implementing memory 'run_model_conv_bn_act_pool_2_X_slice42_20_ROM_AUTO_3R' using auto ROMs with 14 copies to ensure enough ports to satisfy II or latency constraints.
INFO: [HLS 200-2168] Implementing memory 'run_model_conv_bn_act_pool_2_X_slice42_36_ROM_AUTO_3R' using auto ROMs with 14 copies to ensure enough ports to satisfy II or latency constraints.
INFO: [HLS 200-2168] Implementing memory 'run_model_conv_bn_act_pool_2_X_slice42_52_ROM_AUTO_3R' using auto ROMs with 14 copies to ensure enough ports to satisfy II or latency constraints.
INFO: [HLS 200-2168] Implementing memory 'run_model_conv_bn_act_pool_2_X_slice42_68_ROM_AUTO_3R' using auto ROMs with 14 copies to ensure enough ports to satisfy II or latency constraints.
INFO: [HLS 200-2168] Implementing memory 'run_model_conv_bn_act_pool_2_X_slice42_84_ROM_AUTO_3R' using auto ROMs with 14 copies to ensure enough ports to satisfy II or latency constraints.
INFO: [HLS 200-2168] Implementing memory 'run_model_conv_bn_act_pool_2_X_slice42_100_ROM_AUTO_3R' using auto ROMs with 14 copies to ensure enough ports to satisfy II or latency constraints.
INFO: [HLS 200-2168] Implementing memory 'run_model_conv_bn_act_pool_2_X_slice42_5_ROM_AUTO_3R' using auto ROMs with 14 copies to ensure enough ports to satisfy II or latency constraints.
INFO: [HLS 200-2168] Implementing memory 'run_model_conv_bn_act_pool_2_X_slice42_21_ROM_AUTO_3R' using auto ROMs with 14 copies to ensure enough ports to satisfy II or latency constraints.
INFO: [HLS 200-2168] Implementing memory 'run_model_conv_bn_act_pool_2_X_slice42_37_ROM_AUTO_3R' using auto ROMs with 14 copies to ensure enough ports to satisfy II or latency constraints.
INFO: [HLS 200-2168] Implementing memory 'run_model_conv_bn_act_pool_2_X_slice42_53_ROM_AUTO_3R' using auto ROMs with 14 copies to ensure enough ports to satisfy II or latency constraints.
INFO: [HLS 200-2168] Implementing memory 'run_model_conv_bn_act_pool_2_X_slice42_69_ROM_AUTO_3R' using auto ROMs with 14 copies to ensure enough ports to satisfy II or latency constraints.
INFO: [HLS 200-2168] Implementing memory 'run_model_conv_bn_act_pool_2_X_slice42_85_ROM_AUTO_3R' using auto ROMs with 14 copies to ensure enough ports to satisfy II or latency constraints.
INFO: [HLS 200-2168] Implementing memory 'run_model_conv_bn_act_pool_2_X_slice42_101_ROM_AUTO_3R' using auto ROMs with 14 copies to ensure enough ports to satisfy II or latency constraints.
INFO: [HLS 200-2168] Implementing memory 'run_model_conv_bn_act_pool_2_X_slice42_6_ROM_AUTO_3R' using auto ROMs with 14 copies to ensure enough ports to satisfy II or latency constraints.
INFO: [HLS 200-2168] Implementing memory 'run_model_conv_bn_act_pool_2_X_slice42_22_ROM_AUTO_3R' using auto ROMs with 14 copies to ensure enough ports to satisfy II or latency constraints.
INFO: [HLS 200-2168] Implementing memory 'run_model_conv_bn_act_pool_2_X_slice42_38_ROM_AUTO_3R' using auto ROMs with 14 copies to ensure enough ports to satisfy II or latency constraints.
INFO: [HLS 200-2168] Implementing memory 'run_model_conv_bn_act_pool_2_X_slice42_54_ROM_AUTO_3R' using auto ROMs with 14 copies to ensure enough ports to satisfy II or latency constraints.
INFO: [HLS 200-2168] Implementing memory 'run_model_conv_bn_act_pool_2_X_slice42_70_ROM_AUTO_3R' using auto ROMs with 14 copies to ensure enough ports to satisfy II or latency constraints.
INFO: [HLS 200-2168] Implementing memory 'run_model_conv_bn_act_pool_2_X_slice42_86_ROM_AUTO_3R' using auto ROMs with 14 copies to ensure enough ports to satisfy II or latency constraints.
INFO: [HLS 200-2168] Implementing memory 'run_model_conv_bn_act_pool_2_X_slice42_102_ROM_AUTO_3R' using auto ROMs with 14 copies to ensure enough ports to satisfy II or latency constraints.
INFO: [HLS 200-2168] Implementing memory 'run_model_conv_bn_act_pool_2_X_slice42_7_ROM_AUTO_3R' using auto ROMs with 14 copies to ensure enough ports to satisfy II or latency constraints.
INFO: [HLS 200-2168] Implementing memory 'run_model_conv_bn_act_pool_2_X_slice42_23_ROM_AUTO_3R' using auto ROMs with 14 copies to ensure enough ports to satisfy II or latency constraints.
INFO: [HLS 200-2168] Implementing memory 'run_model_conv_bn_act_pool_2_X_slice42_39_ROM_AUTO_3R' using auto ROMs with 14 copies to ensure enough ports to satisfy II or latency constraints.
INFO: [HLS 200-2168] Implementing memory 'run_model_conv_bn_act_pool_2_X_slice42_55_ROM_AUTO_3R' using auto ROMs with 14 copies to ensure enough ports to satisfy II or latency constraints.
INFO: [HLS 200-2168] Implementing memory 'run_model_conv_bn_act_pool_2_X_slice42_71_ROM_AUTO_3R' using auto ROMs with 14 copies to ensure enough ports to satisfy II or latency constraints.
INFO: [HLS 200-2168] Implementing memory 'run_model_conv_bn_act_pool_2_X_slice42_87_ROM_AUTO_3R' using auto ROMs with 14 copies to ensure enough ports to satisfy II or latency constraints.
INFO: [HLS 200-2168] Implementing memory 'run_model_conv_bn_act_pool_2_X_slice42_103_ROM_AUTO_3R' using auto ROMs with 14 copies to ensure enough ports to satisfy II or latency constraints.
INFO: [HLS 200-2168] Implementing memory 'run_model_conv_bn_act_pool_2_X_slice42_8_ROM_AUTO_3R' using auto ROMs with 14 copies to ensure enough ports to satisfy II or latency constraints.
INFO: [HLS 200-2168] Implementing memory 'run_model_conv_bn_act_pool_2_X_slice42_24_ROM_AUTO_3R' using auto ROMs with 14 copies to ensure enough ports to satisfy II or latency constraints.
INFO: [HLS 200-2168] Implementing memory 'run_model_conv_bn_act_pool_2_X_slice42_40_ROM_AUTO_3R' using auto ROMs with 14 copies to ensure enough ports to satisfy II or latency constraints.
INFO: [HLS 200-2168] Implementing memory 'run_model_conv_bn_act_pool_2_X_slice42_56_ROM_AUTO_3R' using auto ROMs with 14 copies to ensure enough ports to satisfy II or latency constraints.
INFO: [HLS 200-2168] Implementing memory 'run_model_conv_bn_act_pool_2_X_slice42_72_ROM_AUTO_3R' using auto ROMs with 14 copies to ensure enough ports to satisfy II or latency constraints.
INFO: [HLS 200-2168] Implementing memory 'run_model_conv_bn_act_pool_2_X_slice42_88_ROM_AUTO_3R' using auto ROMs with 14 copies to ensure enough ports to satisfy II or latency constraints.
INFO: [HLS 200-2168] Implementing memory 'run_model_conv_bn_act_pool_2_X_slice42_104_ROM_AUTO_3R' using auto ROMs with 14 copies to ensure enough ports to satisfy II or latency constraints.
INFO: [HLS 200-2168] Implementing memory 'run_model_conv_bn_act_pool_2_X_slice42_9_ROM_AUTO_3R' using auto ROMs with 14 copies to ensure enough ports to satisfy II or latency constraints.
INFO: [HLS 200-2168] Implementing memory 'run_model_conv_bn_act_pool_2_X_slice42_25_ROM_AUTO_3R' using auto ROMs with 14 copies to ensure enough ports to satisfy II or latency constraints.
INFO: [HLS 200-2168] Implementing memory 'run_model_conv_bn_act_pool_2_X_slice42_41_ROM_AUTO_3R' using auto ROMs with 14 copies to ensure enough ports to satisfy II or latency constraints.
INFO: [HLS 200-2168] Implementing memory 'run_model_conv_bn_act_pool_2_X_slice42_57_ROM_AUTO_3R' using auto ROMs with 14 copies to ensure enough ports to satisfy II or latency constraints.
INFO: [HLS 200-2168] Implementing memory 'run_model_conv_bn_act_pool_2_X_slice42_73_ROM_AUTO_3R' using auto ROMs with 14 copies to ensure enough ports to satisfy II or latency constraints.
INFO: [HLS 200-2168] Implementing memory 'run_model_conv_bn_act_pool_2_X_slice42_89_ROM_AUTO_3R' using auto ROMs with 14 copies to ensure enough ports to satisfy II or latency constraints.
INFO: [HLS 200-2168] Implementing memory 'run_model_conv_bn_act_pool_2_X_slice42_105_ROM_AUTO_3R' using auto ROMs with 14 copies to ensure enough ports to satisfy II or latency constraints.
INFO: [HLS 200-2168] Implementing memory 'run_model_conv_bn_act_pool_2_X_slice42_10_ROM_AUTO_3R' using auto ROMs with 14 copies to ensure enough ports to satisfy II or latency constraints.
INFO: [HLS 200-2168] Implementing memory 'run_model_conv_bn_act_pool_2_X_slice42_26_ROM_AUTO_3R' using auto ROMs with 14 copies to ensure enough ports to satisfy II or latency constraints.
INFO: [HLS 200-2168] Implementing memory 'run_model_conv_bn_act_pool_2_X_slice42_42_ROM_AUTO_3R' using auto ROMs with 14 copies to ensure enough ports to satisfy II or latency constraints.
INFO: [HLS 200-2168] Implementing memory 'run_model_conv_bn_act_pool_2_X_slice42_58_ROM_AUTO_3R' using auto ROMs with 14 copies to ensure enough ports to satisfy II or latency constraints.
INFO: [HLS 200-2168] Implementing memory 'run_model_conv_bn_act_pool_2_X_slice42_74_ROM_AUTO_3R' using auto ROMs with 14 copies to ensure enough ports to satisfy II or latency constraints.
INFO: [HLS 200-2168] Implementing memory 'run_model_conv_bn_act_pool_2_X_slice42_90_ROM_AUTO_3R' using auto ROMs with 14 copies to ensure enough ports to satisfy II or latency constraints.
INFO: [HLS 200-2168] Implementing memory 'run_model_conv_bn_act_pool_2_X_slice42_106_ROM_AUTO_3R' using auto ROMs with 14 copies to ensure enough ports to satisfy II or latency constraints.
INFO: [HLS 200-2168] Implementing memory 'run_model_conv_bn_act_pool_2_X_slice42_11_ROM_AUTO_3R' using auto ROMs with 14 copies to ensure enough ports to satisfy II or latency constraints.
INFO: [HLS 200-2168] Implementing memory 'run_model_conv_bn_act_pool_2_X_slice42_27_ROM_AUTO_3R' using auto ROMs with 14 copies to ensure enough ports to satisfy II or latency constraints.
INFO: [HLS 200-2168] Implementing memory 'run_model_conv_bn_act_pool_2_X_slice42_43_ROM_AUTO_3R' using auto ROMs with 14 copies to ensure enough ports to satisfy II or latency constraints.
INFO: [HLS 200-2168] Implementing memory 'run_model_conv_bn_act_pool_2_X_slice42_59_ROM_AUTO_3R' using auto ROMs with 14 copies to ensure enough ports to satisfy II or latency constraints.
INFO: [HLS 200-2168] Implementing memory 'run_model_conv_bn_act_pool_2_X_slice42_75_ROM_AUTO_3R' using auto ROMs with 14 copies to ensure enough ports to satisfy II or latency constraints.
INFO: [HLS 200-2168] Implementing memory 'run_model_conv_bn_act_pool_2_X_slice42_91_ROM_AUTO_3R' using auto ROMs with 14 copies to ensure enough ports to satisfy II or latency constraints.
INFO: [HLS 200-2168] Implementing memory 'run_model_conv_bn_act_pool_2_X_slice42_107_ROM_AUTO_3R' using auto ROMs with 14 copies to ensure enough ports to satisfy II or latency constraints.
INFO: [HLS 200-2168] Implementing memory 'run_model_conv_bn_act_pool_2_X_slice42_12_ROM_AUTO_3R' using auto ROMs with 14 copies to ensure enough ports to satisfy II or latency constraints.
INFO: [HLS 200-2168] Implementing memory 'run_model_conv_bn_act_pool_2_X_slice42_28_ROM_AUTO_3R' using auto ROMs with 14 copies to ensure enough ports to satisfy II or latency constraints.
INFO: [HLS 200-2168] Implementing memory 'run_model_conv_bn_act_pool_2_X_slice42_44_ROM_AUTO_3R' using auto ROMs with 14 copies to ensure enough ports to satisfy II or latency constraints.
INFO: [HLS 200-2168] Implementing memory 'run_model_conv_bn_act_pool_2_X_slice42_60_ROM_AUTO_3R' using auto ROMs with 14 copies to ensure enough ports to satisfy II or latency constraints.
INFO: [HLS 200-2168] Implementing memory 'run_model_conv_bn_act_pool_2_X_slice42_76_ROM_AUTO_3R' using auto ROMs with 14 copies to ensure enough ports to satisfy II or latency constraints.
INFO: [HLS 200-2168] Implementing memory 'run_model_conv_bn_act_pool_2_X_slice42_92_ROM_AUTO_3R' using auto ROMs with 14 copies to ensure enough ports to satisfy II or latency constraints.
INFO: [HLS 200-2168] Implementing memory 'run_model_conv_bn_act_pool_2_X_slice42_108_ROM_AUTO_3R' using auto ROMs with 14 copies to ensure enough ports to satisfy II or latency constraints.
INFO: [HLS 200-2168] Implementing memory 'run_model_conv_bn_act_pool_2_X_slice42_13_ROM_AUTO_3R' using auto ROMs with 14 copies to ensure enough ports to satisfy II or latency constraints.
INFO: [HLS 200-2168] Implementing memory 'run_model_conv_bn_act_pool_2_X_slice42_29_ROM_AUTO_3R' using auto ROMs with 14 copies to ensure enough ports to satisfy II or latency constraints.
INFO: [HLS 200-2168] Implementing memory 'run_model_conv_bn_act_pool_2_X_slice42_45_ROM_AUTO_3R' using auto ROMs with 14 copies to ensure enough ports to satisfy II or latency constraints.
INFO: [HLS 200-2168] Implementing memory 'run_model_conv_bn_act_pool_2_X_slice42_61_ROM_AUTO_3R' using auto ROMs with 14 copies to ensure enough ports to satisfy II or latency constraints.
INFO: [HLS 200-2168] Implementing memory 'run_model_conv_bn_act_pool_2_X_slice42_77_ROM_AUTO_3R' using auto ROMs with 14 copies to ensure enough ports to satisfy II or latency constraints.
INFO: [HLS 200-2168] Implementing memory 'run_model_conv_bn_act_pool_2_X_slice42_93_ROM_AUTO_3R' using auto ROMs with 14 copies to ensure enough ports to satisfy II or latency constraints.
INFO: [HLS 200-2168] Implementing memory 'run_model_conv_bn_act_pool_2_X_slice42_109_ROM_AUTO_3R' using auto ROMs with 14 copies to ensure enough ports to satisfy II or latency constraints.
INFO: [HLS 200-2168] Implementing memory 'run_model_conv_bn_act_pool_2_X_slice42_14_ROM_AUTO_3R' using auto ROMs with 14 copies to ensure enough ports to satisfy II or latency constraints.
INFO: [HLS 200-2168] Implementing memory 'run_model_conv_bn_act_pool_2_X_slice42_30_ROM_AUTO_3R' using auto ROMs with 14 copies to ensure enough ports to satisfy II or latency constraints.
INFO: [HLS 200-2168] Implementing memory 'run_model_conv_bn_act_pool_2_X_slice42_46_ROM_AUTO_3R' using auto ROMs with 14 copies to ensure enough ports to satisfy II or latency constraints.
INFO: [HLS 200-2168] Implementing memory 'run_model_conv_bn_act_pool_2_X_slice42_62_ROM_AUTO_3R' using auto ROMs with 14 copies to ensure enough ports to satisfy II or latency constraints.
INFO: [HLS 200-2168] Implementing memory 'run_model_conv_bn_act_pool_2_X_slice42_78_ROM_AUTO_3R' using auto ROMs with 14 copies to ensure enough ports to satisfy II or latency constraints.
INFO: [HLS 200-2168] Implementing memory 'run_model_conv_bn_act_pool_2_X_slice42_94_ROM_AUTO_3R' using auto ROMs with 14 copies to ensure enough ports to satisfy II or latency constraints.
INFO: [HLS 200-2168] Implementing memory 'run_model_conv_bn_act_pool_2_X_slice42_110_ROM_AUTO_3R' using auto ROMs with 14 copies to ensure enough ports to satisfy II or latency constraints.
INFO: [HLS 200-2168] Implementing memory 'run_model_conv_bn_act_pool_2_X_slice42_15_ROM_AUTO_3R' using auto ROMs with 14 copies to ensure enough ports to satisfy II or latency constraints.
INFO: [HLS 200-2168] Implementing memory 'run_model_conv_bn_act_pool_2_X_slice42_31_ROM_AUTO_3R' using auto ROMs with 14 copies to ensure enough ports to satisfy II or latency constraints.
INFO: [HLS 200-2168] Implementing memory 'run_model_conv_bn_act_pool_2_X_slice42_47_ROM_AUTO_3R' using auto ROMs with 14 copies to ensure enough ports to satisfy II or latency constraints.
INFO: [HLS 200-2168] Implementing memory 'run_model_conv_bn_act_pool_2_X_slice42_63_ROM_AUTO_3R' using auto ROMs with 14 copies to ensure enough ports to satisfy II or latency constraints.
INFO: [HLS 200-2168] Implementing memory 'run_model_conv_bn_act_pool_2_X_slice42_79_ROM_AUTO_3R' using auto ROMs with 14 copies to ensure enough ports to satisfy II or latency constraints.
INFO: [HLS 200-2168] Implementing memory 'run_model_conv_bn_act_pool_2_X_slice42_95_ROM_AUTO_3R' using auto ROMs with 14 copies to ensure enough ports to satisfy II or latency constraints.
INFO: [HLS 200-2168] Implementing memory 'run_model_conv_bn_act_pool_2_X_slice42_111_ROM_AUTO_3R' using auto ROMs with 14 copies to ensure enough ports to satisfy II or latency constraints.
INFO: [HLS 200-111] Finished Creating RTL model: CPU user time: 9.31 seconds. CPU system time: 0.24 seconds. Elapsed time: 10.61 seconds; current allocated memory: 3.447 GB.
INFO: [HLS 200-10] ----------------------------------------------------------------
INFO: [HLS 200-10] -- Generating RTL for module 'run_all_slices_unrolled_Pipeline_Loop_BN4' 
INFO: [HLS 200-10] ----------------------------------------------------------------
INFO: [HLS 200-1030] Apply Unified Pipeline Control on module 'run_all_slices_unrolled_Pipeline_Loop_BN4' pipeline 'Loop_BN' pipeline type 'loop pipeline'
INFO: [RTGEN 206-100] Generating core module 'fdiv_32ns_32ns_32_10_no_dsp_1': 1 instance(s).
INFO: [RTGEN 206-100] Generating core module 'fsqrt_32ns_32ns_32_10_no_dsp_1': 1 instance(s).
INFO: [RTGEN 206-100] Generating core module 'hadd_16ns_16ns_16_5_full_dsp_1': 2 instance(s).
INFO: [RTGEN 206-100] Generating core module 'hmul_16ns_16ns_16_4_max_dsp_1': 1 instance(s).
INFO: [RTGEN 206-100] Generating core module 'hptosp_16ns_32_2_no_dsp_1': 2 instance(s).
INFO: [RTGEN 206-100] Generating core module 'sptohp_32ns_16_2_no_dsp_1': 1 instance(s).
INFO: [RTGEN 206-100] Finished creating RTL model for 'run_all_slices_unrolled_Pipeline_Loop_BN4'.
INFO: [HLS 200-111] Finished Creating RTL model: CPU user time: 4.58 seconds. CPU system time: 0.38 seconds. Elapsed time: 5.55 seconds; current allocated memory: 3.520 GB.
INFO: [HLS 200-10] ----------------------------------------------------------------
INFO: [HLS 200-10] -- Generating RTL for module 'run_all_slices_unrolled_Pipeline_MergedLoop3' 
INFO: [HLS 200-10] ----------------------------------------------------------------
INFO: [HLS 200-1030] Apply Unified Pipeline Control on module 'run_all_slices_unrolled_Pipeline_MergedLoop3' pipeline 'MergedLoop3' pipeline type 'loop pipeline'
INFO: [RTGEN 206-100] Generating core module 'hadd_16ns_16ns_16_5_full_dsp_1': 1 instance(s).
INFO: [RTGEN 206-100] Generating core module 'hcmp_16ns_16ns_1_2_no_dsp_1': 2 instance(s).
INFO: [RTGEN 206-100] Generating core module 'sparsemux_65_5_16_1_1': 1 instance(s).
INFO: [RTGEN 206-100] Generating core module 'sparsemux_7_2_16_1_1': 1 instance(s).
INFO: [RTGEN 206-100] Finished creating RTL model for 'run_all_slices_unrolled_Pipeline_MergedLoop3'.
INFO: [HLS 200-111] Finished Creating RTL model: CPU user time: 0.28 seconds. CPU system time: 0.03 seconds. Elapsed time: 0.32 seconds; current allocated memory: 3.530 GB.
INFO: [HLS 200-10] ----------------------------------------------------------------
INFO: [HLS 200-10] -- Generating RTL for module 'conv_bn_act_pool_3_Pipeline_BNParamsLoop' 
INFO: [HLS 200-10] ----------------------------------------------------------------
INFO: [HLS 200-1030] Apply Unified Pipeline Control on module 'conv_bn_act_pool_3_Pipeline_BNParamsLoop' pipeline 'BNParamsLoop' pipeline type 'loop pipeline'
INFO: [RTGEN 206-100] Generating core module 'fadd_32ns_32ns_32_4_full_dsp_1': 1 instance(s).
INFO: [RTGEN 206-100] Generating core module 'fdiv_32ns_32ns_32_10_no_dsp_1': 1 instance(s).
INFO: [RTGEN 206-100] Generating core module 'fmul_32ns_32ns_32_3_max_dsp_1': 2 instance(s).
INFO: [RTGEN 206-100] Generating core module 'fsqrt_32ns_32ns_32_10_no_dsp_1': 1 instance(s).
INFO: [RTGEN 206-100] Generating core module 'fsub_32ns_32ns_32_4_full_dsp_1': 1 instance(s).
INFO: [RTGEN 206-100] Generating core module 'hptosp_16ns_32_2_no_dsp_1': 2 instance(s).
INFO: [RTGEN 206-100] Generating core module 'sptohp_32ns_16_2_no_dsp_1': 2 instance(s).
INFO: [RTGEN 206-100] Finished creating RTL model for 'conv_bn_act_pool_3_Pipeline_BNParamsLoop'.
INFO: [HLS 200-111] Finished Creating RTL model: CPU user time: 0.8 seconds. CPU system time: 0.03 seconds. Elapsed time: 0.83 seconds; current allocated memory: 3.531 GB.
INFO: [HLS 200-10] ----------------------------------------------------------------
INFO: [HLS 200-10] -- Generating RTL for module 'conv_bn_act_pool_3_Pipeline_Loop2Big' 
INFO: [HLS 200-10] ----------------------------------------------------------------
INFO: [HLS 200-1030] Apply Unified Pipeline Control on module 'conv_bn_act_pool_3_Pipeline_Loop2Big' pipeline 'Loop2Big' pipeline type 'loop pipeline'
INFO: [RTGEN 206-104] Estimated max fanout for 'conv_bn_act_pool_3_Pipeline_Loop2Big' is 48578 from HDL expression: (1'b0 == ap_block_pp0_stage0_11001)
INFO: [RTGEN 206-100] Generating core module 'fadd_32ns_32ns_32_4_full_dsp_1': 1 instance(s).
INFO: [RTGEN 206-100] Generating core module 'fmul_32ns_32ns_32_3_max_dsp_1': 1 instance(s).
INFO: [RTGEN 206-100] Generating core module 'hadd_16ns_16ns_16_5_full_dsp_1': 225 instance(s).
INFO: [RTGEN 206-100] Generating core module 'hcmp_16ns_16ns_1_2_no_dsp_1': 1 instance(s).
INFO: [RTGEN 206-100] Generating core module 'hmul_16ns_16ns_16_4_max_dsp_1': 224 instance(s).
INFO: [RTGEN 206-100] Generating core module 'hptosp_16ns_32_2_no_dsp_1': 3 instance(s).
INFO: [RTGEN 206-100] Generating core module 'mul_10ns_12ns_21_1_1': 2 instance(s).
INFO: [RTGEN 206-100] Generating core module 'mul_11ns_13ns_23_1_1': 5 instance(s).
INFO: [RTGEN 206-100] Generating core module 'mul_12ns_14ns_25_1_1': 9 instance(s).
INFO: [RTGEN 206-100] Generating core module 'mul_13ns_15ns_27_1_1': 13 instance(s).
INFO: [RTGEN 206-100] Generating core module 'mul_9ns_11ns_19_1_1': 1 instance(s).
INFO: [RTGEN 206-100] Generating core module 'sparsemux_65_5_16_1_1': 196 instance(s).
INFO: [RTGEN 206-100] Generating core module 'sparsemux_65_5_16_1_1_x': 31 instance(s).
INFO: [RTGEN 206-100] Generating core module 'sptohp_32ns_16_2_no_dsp_1': 1 instance(s).
INFO: [RTGEN 206-100] Finished creating RTL model for 'conv_bn_act_pool_3_Pipeline_Loop2Big'.
INFO: [HLS 200-2168] Implementing memory 'run_model_conv_bn_act_pool_3_Pipeline_Loop2Big_ConvW4_0_ROM_AUTO_1R' using auto ROMs with 31 copies to ensure enough ports to satisfy II or latency constraints.
INFO: [HLS 200-2168] Implementing memory 'run_model_conv_bn_act_pool_3_Pipeline_Loop2Big_ConvW4_1_ROM_AUTO_1R' using auto ROMs with 30 copies to ensure enough ports to satisfy II or latency constraints.
INFO: [HLS 200-2168] Implementing memory 'run_model_conv_bn_act_pool_3_Pipeline_Loop2Big_ConvW4_2_ROM_AUTO_1R' using auto ROMs with 29 copies to ensure enough ports to satisfy II or latency constraints.
INFO: [HLS 200-2168] Implementing memory 'run_model_conv_bn_act_pool_3_Pipeline_Loop2Big_ConvW4_3_ROM_AUTO_1R' using auto ROMs with 28 copies to ensure enough ports to satisfy II or latency constraints.
INFO: [HLS 200-2168] Implementing memory 'run_model_conv_bn_act_pool_3_Pipeline_Loop2Big_ConvW4_4_ROM_AUTO_1R' using auto ROMs with 27 copies to ensure enough ports to satisfy II or latency constraints.
INFO: [HLS 200-2168] Implementing memory 'run_model_conv_bn_act_pool_3_Pipeline_Loop2Big_ConvW4_5_ROM_AUTO_1R' using auto ROMs with 26 copies to ensure enough ports to satisfy II or latency constraints.
INFO: [HLS 200-2168] Implementing memory 'run_model_conv_bn_act_pool_3_Pipeline_Loop2Big_ConvW4_6_ROM_AUTO_1R' using auto ROMs with 25 copies to ensure enough ports to satisfy II or latency constraints.
INFO: [HLS 200-2168] Implementing memory 'run_model_conv_bn_act_pool_3_Pipeline_Loop2Big_ConvW4_7_ROM_AUTO_1R' using auto ROMs with 24 copies to ensure enough ports to satisfy II or latency constraints.
INFO: [HLS 200-2168] Implementing memory 'run_model_conv_bn_act_pool_3_Pipeline_Loop2Big_ConvW4_8_ROM_AUTO_1R' using auto ROMs with 23 copies to ensure enough ports to satisfy II or latency constraints.
INFO: [HLS 200-2168] Implementing memory 'run_model_conv_bn_act_pool_3_Pipeline_Loop2Big_ConvW4_9_ROM_AUTO_1R' using auto ROMs with 22 copies to ensure enough ports to satisfy II or latency constraints.
INFO: [HLS 200-2168] Implementing memory 'run_model_conv_bn_act_pool_3_Pipeline_Loop2Big_ConvW4_10_ROM_AUTO_1R' using auto ROMs with 21 copies to ensure enough ports to satisfy II or latency constraints.
INFO: [HLS 200-2168] Implementing memory 'run_model_conv_bn_act_pool_3_Pipeline_Loop2Big_ConvW4_11_ROM_AUTO_1R' using auto ROMs with 20 copies to ensure enough ports to satisfy II or latency constraints.
INFO: [HLS 200-2168] Implementing memory 'run_model_conv_bn_act_pool_3_Pipeline_Loop2Big_ConvW4_12_ROM_AUTO_1R' using auto ROMs with 19 copies to ensure enough ports to satisfy II or latency constraints.
INFO: [HLS 200-2168] Implementing memory 'run_model_conv_bn_act_pool_3_Pipeline_Loop2Big_ConvW4_13_ROM_AUTO_1R' using auto ROMs with 18 copies to ensure enough ports to satisfy II or latency constraints.
INFO: [HLS 200-2168] Implementing memory 'run_model_conv_bn_act_pool_3_Pipeline_Loop2Big_ConvW4_14_ROM_AUTO_1R' using auto ROMs with 17 copies to ensure enough ports to satisfy II or latency constraints.
INFO: [HLS 200-2168] Implementing memory 'run_model_conv_bn_act_pool_3_Pipeline_Loop2Big_ConvW4_15_ROM_AUTO_1R' using auto ROMs with 16 copies to ensure enough ports to satisfy II or latency constraints.
INFO: [HLS 200-2168] Implementing memory 'run_model_conv_bn_act_pool_3_Pipeline_Loop2Big_ConvW4_16_ROM_AUTO_1R' using auto ROMs with 15 copies to ensure enough ports to satisfy II or latency constraints.
INFO: [HLS 200-2168] Implementing memory 'run_model_conv_bn_act_pool_3_Pipeline_Loop2Big_ConvW4_17_ROM_AUTO_1R' using auto ROMs with 14 copies to ensure enough ports to satisfy II or latency constraints.
INFO: [HLS 200-2168] Implementing memory 'run_model_conv_bn_act_pool_3_Pipeline_Loop2Big_ConvW4_18_ROM_AUTO_1R' using auto ROMs with 13 copies to ensure enough ports to satisfy II or latency constraints.
INFO: [HLS 200-2168] Implementing memory 'run_model_conv_bn_act_pool_3_Pipeline_Loop2Big_ConvW4_19_ROM_AUTO_1R' using auto ROMs with 12 copies to ensure enough ports to satisfy II or latency constraints.
INFO: [HLS 200-2168] Implementing memory 'run_model_conv_bn_act_pool_3_Pipeline_Loop2Big_ConvW4_20_ROM_AUTO_1R' using auto ROMs with 11 copies to ensure enough ports to satisfy II or latency constraints.
INFO: [HLS 200-2168] Implementing memory 'run_model_conv_bn_act_pool_3_Pipeline_Loop2Big_ConvW4_21_ROM_AUTO_1R' using auto ROMs with 10 copies to ensure enough ports to satisfy II or latency constraints.
INFO: [HLS 200-2168] Implementing memory 'run_model_conv_bn_act_pool_3_Pipeline_Loop2Big_ConvW4_22_ROM_AUTO_1R' using auto ROMs with 9 copies to ensure enough ports to satisfy II or latency constraints.
INFO: [HLS 200-2168] Implementing memory 'run_model_conv_bn_act_pool_3_Pipeline_Loop2Big_ConvW4_23_ROM_AUTO_1R' using auto ROMs with 8 copies to ensure enough ports to satisfy II or latency constraints.
INFO: [HLS 200-2168] Implementing memory 'run_model_conv_bn_act_pool_3_Pipeline_Loop2Big_ConvW4_24_ROM_AUTO_1R' using auto ROMs with 7 copies to ensure enough ports to satisfy II or latency constraints.
INFO: [HLS 200-2168] Implementing memory 'run_model_conv_bn_act_pool_3_Pipeline_Loop2Big_ConvW4_25_ROM_AUTO_1R' using auto ROMs with 6 copies to ensure enough ports to satisfy II or latency constraints.
INFO: [HLS 200-2168] Implementing memory 'run_model_conv_bn_act_pool_3_Pipeline_Loop2Big_ConvW4_26_ROM_AUTO_1R' using auto ROMs with 5 copies to ensure enough ports to satisfy II or latency constraints.
INFO: [HLS 200-2168] Implementing memory 'run_model_conv_bn_act_pool_3_Pipeline_Loop2Big_ConvW4_27_ROM_AUTO_1R' using auto ROMs with 4 copies to ensure enough ports to satisfy II or latency constraints.
INFO: [HLS 200-2168] Implementing memory 'run_model_conv_bn_act_pool_3_Pipeline_Loop2Big_ConvW4_28_ROM_AUTO_1R' using auto ROMs with 3 copies to ensure enough ports to satisfy II or latency constraints.
INFO: [HLS 200-2168] Implementing memory 'run_model_conv_bn_act_pool_3_Pipeline_Loop2Big_ConvW4_29_ROM_AUTO_1R' using auto ROMs with 2 copies to ensure enough ports to satisfy II or latency constraints.
INFO: [RTMG 210-279] Implementing memory 'run_model_conv_bn_act_pool_3_Pipeline_Loop2Big_ConvW4_30_ROM_AUTO_1R' using auto ROMs.
INFO: [HLS 200-2168] Implementing memory 'run_model_conv_bn_act_pool_3_Pipeline_Loop2Big_ConvW4_224_ROM_AUTO_1R' using auto ROMs with 31 copies to ensure enough ports to satisfy II or latency constraints.
INFO: [HLS 200-2168] Implementing memory 'run_model_conv_bn_act_pool_3_Pipeline_Loop2Big_ConvW4_223_ROM_AUTO_1R' using auto ROMs with 30 copies to ensure enough ports to satisfy II or latency constraints.
INFO: [HLS 200-2168] Implementing memory 'run_model_conv_bn_act_pool_3_Pipeline_Loop2Big_ConvW4_222_ROM_AUTO_1R' using auto ROMs with 29 copies to ensure enough ports to satisfy II or latency constraints.
INFO: [HLS 200-2168] Implementing memory 'run_model_conv_bn_act_pool_3_Pipeline_Loop2Big_ConvW4_221_ROM_AUTO_1R' using auto ROMs with 28 copies to ensure enough ports to satisfy II or latency constraints.
INFO: [HLS 200-2168] Implementing memory 'run_model_conv_bn_act_pool_3_Pipeline_Loop2Big_ConvW4_220_ROM_AUTO_1R' using auto ROMs with 27 copies to ensure enough ports to satisfy II or latency constraints.
INFO: [HLS 200-2168] Implementing memory 'run_model_conv_bn_act_pool_3_Pipeline_Loop2Big_ConvW4_219_ROM_AUTO_1R' using auto ROMs with 26 copies to ensure enough ports to satisfy II or latency constraints.
INFO: [HLS 200-2168] Implementing memory 'run_model_conv_bn_act_pool_3_Pipeline_Loop2Big_ConvW4_218_ROM_AUTO_1R' using auto ROMs with 25 copies to ensure enough ports to satisfy II or latency constraints.
INFO: [HLS 200-2168] Implementing memory 'run_model_conv_bn_act_pool_3_Pipeline_Loop2Big_ConvW4_217_ROM_AUTO_1R' using auto ROMs with 24 copies to ensure enough ports to satisfy II or latency constraints.
INFO: [HLS 200-2168] Implementing memory 'run_model_conv_bn_act_pool_3_Pipeline_Loop2Big_ConvW4_216_ROM_AUTO_1R' using auto ROMs with 23 copies to ensure enough ports to satisfy II or latency constraints.
INFO: [HLS 200-2168] Implementing memory 'run_model_conv_bn_act_pool_3_Pipeline_Loop2Big_ConvW4_215_ROM_AUTO_1R' using auto ROMs with 22 copies to ensure enough ports to satisfy II or latency constraints.
INFO: [HLS 200-2168] Implementing memory 'run_model_conv_bn_act_pool_3_Pipeline_Loop2Big_ConvW4_214_ROM_AUTO_1R' using auto ROMs with 21 copies to ensure enough ports to satisfy II or latency constraints.
INFO: [HLS 200-2168] Implementing memory 'run_model_conv_bn_act_pool_3_Pipeline_Loop2Big_ConvW4_213_ROM_AUTO_1R' using auto ROMs with 20 copies to ensure enough ports to satisfy II or latency constraints.
INFO: [HLS 200-2168] Implementing memory 'run_model_conv_bn_act_pool_3_Pipeline_Loop2Big_ConvW4_212_ROM_AUTO_1R' using auto ROMs with 19 copies to ensure enough ports to satisfy II or latency constraints.
INFO: [HLS 200-2168] Implementing memory 'run_model_conv_bn_act_pool_3_Pipeline_Loop2Big_ConvW4_211_ROM_AUTO_1R' using auto ROMs with 18 copies to ensure enough ports to satisfy II or latency constraints.
INFO: [HLS 200-2168] Implementing memory 'run_model_conv_bn_act_pool_3_Pipeline_Loop2Big_ConvW4_210_ROM_AUTO_1R' using auto ROMs with 17 copies to ensure enough ports to satisfy II or latency constraints.
INFO: [HLS 200-2168] Implementing memory 'run_model_conv_bn_act_pool_3_Pipeline_Loop2Big_ConvW4_209_ROM_AUTO_1R' using auto ROMs with 16 copies to ensure enough ports to satisfy II or latency constraints.
INFO: [HLS 200-2168] Implementing memory 'run_model_conv_bn_act_pool_3_Pipeline_Loop2Big_ConvW4_208_ROM_AUTO_1R' using auto ROMs with 15 copies to ensure enough ports to satisfy II or latency constraints.
INFO: [HLS 200-2168] Implementing memory 'run_model_conv_bn_act_pool_3_Pipeline_Loop2Big_ConvW4_207_ROM_AUTO_1R' using auto ROMs with 14 copies to ensure enough ports to satisfy II or latency constraints.
INFO: [HLS 200-2168] Implementing memory 'run_model_conv_bn_act_pool_3_Pipeline_Loop2Big_ConvW4_206_ROM_AUTO_1R' using auto ROMs with 13 copies to ensure enough ports to satisfy II or latency constraints.
INFO: [HLS 200-2168] Implementing memory 'run_model_conv_bn_act_pool_3_Pipeline_Loop2Big_ConvW4_205_ROM_AUTO_1R' using auto ROMs with 12 copies to ensure enough ports to satisfy II or latency constraints.
INFO: [HLS 200-2168] Implementing memory 'run_model_conv_bn_act_pool_3_Pipeline_Loop2Big_ConvW4_204_ROM_AUTO_1R' using auto ROMs with 11 copies to ensure enough ports to satisfy II or latency constraints.
INFO: [HLS 200-2168] Implementing memory 'run_model_conv_bn_act_pool_3_Pipeline_Loop2Big_ConvW4_203_ROM_AUTO_1R' using auto ROMs with 10 copies to ensure enough ports to satisfy II or latency constraints.
INFO: [HLS 200-2168] Implementing memory 'run_model_conv_bn_act_pool_3_Pipeline_Loop2Big_ConvW4_202_ROM_AUTO_1R' using auto ROMs with 9 copies to ensure enough ports to satisfy II or latency constraints.
INFO: [HLS 200-2168] Implementing memory 'run_model_conv_bn_act_pool_3_Pipeline_Loop2Big_ConvW4_201_ROM_AUTO_1R' using auto ROMs with 8 copies to ensure enough ports to satisfy II or latency constraints.
INFO: [HLS 200-2168] Implementing memory 'run_model_conv_bn_act_pool_3_Pipeline_Loop2Big_ConvW4_200_ROM_AUTO_1R' using auto ROMs with 7 copies to ensure enough ports to satisfy II or latency constraints.
INFO: [HLS 200-2168] Implementing memory 'run_model_conv_bn_act_pool_3_Pipeline_Loop2Big_ConvW4_199_ROM_AUTO_1R' using auto ROMs with 6 copies to ensure enough ports to satisfy II or latency constraints.
INFO: [HLS 200-2168] Implementing memory 'run_model_conv_bn_act_pool_3_Pipeline_Loop2Big_ConvW4_198_ROM_AUTO_1R' using auto ROMs with 5 copies to ensure enough ports to satisfy II or latency constraints.
INFO: [HLS 200-2168] Implementing memory 'run_model_conv_bn_act_pool_3_Pipeline_Loop2Big_ConvW4_197_ROM_AUTO_1R' using auto ROMs with 4 copies to ensure enough ports to satisfy II or latency constraints.
INFO: [HLS 200-2168] Implementing memory 'run_model_conv_bn_act_pool_3_Pipeline_Loop2Big_ConvW4_196_ROM_AUTO_1R' using auto ROMs with 3 copies to ensure enough ports to satisfy II or latency constraints.
INFO: [HLS 200-2168] Implementing memory 'run_model_conv_bn_act_pool_3_Pipeline_Loop2Big_ConvW4_195_ROM_AUTO_1R' using auto ROMs with 2 copies to ensure enough ports to satisfy II or latency constraints.
INFO: [RTMG 210-279] Implementing memory 'run_model_conv_bn_act_pool_3_Pipeline_Loop2Big_ConvW4_194_ROM_AUTO_1R' using auto ROMs.
INFO: [HLS 200-111] Finished Creating RTL model: CPU user time: 26.37 seconds. CPU system time: 0.44 seconds. Elapsed time: 26.83 seconds; current allocated memory: 4.100 GB.
INFO: [HLS 200-10] ----------------------------------------------------------------
INFO: [HLS 200-10] -- Generating RTL for module 'conv_bn_act_pool_3_Pipeline_Loop3_2Big' 
INFO: [HLS 200-10] ----------------------------------------------------------------
INFO: [HLS 200-1030] Apply Unified Pipeline Control on module 'conv_bn_act_pool_3_Pipeline_Loop3_2Big' pipeline 'Loop3_2Big' pipeline type 'loop pipeline'
INFO: [RTGEN 206-100] Generating core module 'hdiv_16ns_16ns_16_6_no_dsp_1': 1 instance(s).
INFO: [RTGEN 206-100] Generating core module 'sparsemux_65_5_16_1_1': 1 instance(s).
INFO: [RTGEN 206-100] Finished creating RTL model for 'conv_bn_act_pool_3_Pipeline_Loop3_2Big'.
INFO: [HLS 200-111] Finished Creating RTL model: CPU user time: 4.29 seconds. CPU system time: 0.21 seconds. Elapsed time: 4.51 seconds; current allocated memory: 4.157 GB.
INFO: [HLS 200-10] ----------------------------------------------------------------
INFO: [HLS 200-10] -- Generating RTL for module 'conv_bn_act_pool_3' 
INFO: [HLS 200-10] ----------------------------------------------------------------
WARNING: [RTGEN 206-101] Setting dangling out port 'conv_bn_act_pool_3/grp_fu_3532_p_opcode' to 0.
WARNING: [RTGEN 206-101] Setting dangling out port 'conv_bn_act_pool_3/grp_fu_3536_p_opcode' to 0.
INFO: [RTGEN 206-104] Estimated max fanout for 'conv_bn_act_pool_3' is 7168 from HDL expression: (1'b1 == ap_CS_fsm_state7)
INFO: [RTGEN 206-100] Generating core module 'fadd_32ns_32ns_32_4_full_dsp_1': 1 instance(s).
INFO: [RTGEN 206-100] Generating core module 'fdiv_32ns_32ns_32_10_no_dsp_1': 1 instance(s).
INFO: [RTGEN 206-100] Generating core module 'fmul_32ns_32ns_32_3_max_dsp_1': 2 instance(s).
INFO: [RTGEN 206-100] Generating core module 'fsqrt_32ns_32ns_32_10_no_dsp_1': 1 instance(s).
INFO: [RTGEN 206-100] Generating core module 'fsub_32ns_32ns_32_4_full_dsp_1': 1 instance(s).
INFO: [RTGEN 206-100] Generating core module 'hadd_16ns_16ns_16_5_full_dsp_1': 225 instance(s).
INFO: [RTGEN 206-100] Generating core module 'hcmp_16ns_16ns_1_2_no_dsp_1': 1 instance(s).
INFO: [RTGEN 206-100] Generating core module 'hdiv_16ns_16ns_16_6_no_dsp_1': 1 instance(s).
INFO: [RTGEN 206-100] Generating core module 'hmul_16ns_16ns_16_4_max_dsp_1': 224 instance(s).
INFO: [RTGEN 206-100] Generating core module 'hptosp_16ns_32_2_no_dsp_1': 3 instance(s).
INFO: [RTGEN 206-100] Generating core module 'mul_15ns_17ns_31_1_1': 223 instance(s).
INFO: [RTGEN 206-100] Generating core module 'sparsemux_15_3_16_1_1': 224 instance(s).
INFO: [RTGEN 206-100] Generating core module 'sptohp_32ns_16_2_no_dsp_1': 2 instance(s).
INFO: [RTGEN 206-100] Finished creating RTL model for 'conv_bn_act_pool_3'.
INFO: [HLS 200-2168] Implementing memory 'run_model_conv_bn_act_pool_3_X_slice57_0_ROM_AUTO_3R' using auto ROMs with 14 copies to ensure enough ports to satisfy II or latency constraints.
INFO: [HLS 200-2168] Implementing memory 'run_model_conv_bn_act_pool_3_X_slice57_16_ROM_AUTO_3R' using auto ROMs with 14 copies to ensure enough ports to satisfy II or latency constraints.
INFO: [HLS 200-2168] Implementing memory 'run_model_conv_bn_act_pool_3_X_slice57_32_ROM_AUTO_3R' using auto ROMs with 14 copies to ensure enough ports to satisfy II or latency constraints.
INFO: [HLS 200-2168] Implementing memory 'run_model_conv_bn_act_pool_3_X_slice57_48_ROM_AUTO_3R' using auto ROMs with 14 copies to ensure enough ports to satisfy II or latency constraints.
INFO: [HLS 200-2168] Implementing memory 'run_model_conv_bn_act_pool_3_X_slice57_64_ROM_AUTO_3R' using auto ROMs with 14 copies to ensure enough ports to satisfy II or latency constraints.
INFO: [HLS 200-2168] Implementing memory 'run_model_conv_bn_act_pool_3_X_slice57_80_ROM_AUTO_3R' using auto ROMs with 14 copies to ensure enough ports to satisfy II or latency constraints.
INFO: [HLS 200-2168] Implementing memory 'run_model_conv_bn_act_pool_3_X_slice57_96_ROM_AUTO_3R' using auto ROMs with 14 copies to ensure enough ports to satisfy II or latency constraints.
INFO: [HLS 200-2168] Implementing memory 'run_model_conv_bn_act_pool_3_X_slice57_1_ROM_AUTO_3R' using auto ROMs with 14 copies to ensure enough ports to satisfy II or latency constraints.
INFO: [HLS 200-2168] Implementing memory 'run_model_conv_bn_act_pool_3_X_slice57_17_ROM_AUTO_3R' using auto ROMs with 14 copies to ensure enough ports to satisfy II or latency constraints.
INFO: [HLS 200-2168] Implementing memory 'run_model_conv_bn_act_pool_3_X_slice57_33_ROM_AUTO_3R' using auto ROMs with 14 copies to ensure enough ports to satisfy II or latency constraints.
INFO: [HLS 200-2168] Implementing memory 'run_model_conv_bn_act_pool_3_X_slice57_49_ROM_AUTO_3R' using auto ROMs with 14 copies to ensure enough ports to satisfy II or latency constraints.
INFO: [HLS 200-2168] Implementing memory 'run_model_conv_bn_act_pool_3_X_slice57_65_ROM_AUTO_3R' using auto ROMs with 14 copies to ensure enough ports to satisfy II or latency constraints.
INFO: [HLS 200-2168] Implementing memory 'run_model_conv_bn_act_pool_3_X_slice57_81_ROM_AUTO_3R' using auto ROMs with 14 copies to ensure enough ports to satisfy II or latency constraints.
INFO: [HLS 200-2168] Implementing memory 'run_model_conv_bn_act_pool_3_X_slice57_97_ROM_AUTO_3R' using auto ROMs with 14 copies to ensure enough ports to satisfy II or latency constraints.
INFO: [HLS 200-2168] Implementing memory 'run_model_conv_bn_act_pool_3_X_slice57_2_ROM_AUTO_3R' using auto ROMs with 14 copies to ensure enough ports to satisfy II or latency constraints.
INFO: [HLS 200-2168] Implementing memory 'run_model_conv_bn_act_pool_3_X_slice57_18_ROM_AUTO_3R' using auto ROMs with 14 copies to ensure enough ports to satisfy II or latency constraints.
INFO: [HLS 200-2168] Implementing memory 'run_model_conv_bn_act_pool_3_X_slice57_34_ROM_AUTO_3R' using auto ROMs with 14 copies to ensure enough ports to satisfy II or latency constraints.
INFO: [HLS 200-2168] Implementing memory 'run_model_conv_bn_act_pool_3_X_slice57_50_ROM_AUTO_3R' using auto ROMs with 14 copies to ensure enough ports to satisfy II or latency constraints.
INFO: [HLS 200-2168] Implementing memory 'run_model_conv_bn_act_pool_3_X_slice57_66_ROM_AUTO_3R' using auto ROMs with 14 copies to ensure enough ports to satisfy II or latency constraints.
INFO: [HLS 200-2168] Implementing memory 'run_model_conv_bn_act_pool_3_X_slice57_82_ROM_AUTO_3R' using auto ROMs with 14 copies to ensure enough ports to satisfy II or latency constraints.
INFO: [HLS 200-2168] Implementing memory 'run_model_conv_bn_act_pool_3_X_slice57_98_ROM_AUTO_3R' using auto ROMs with 14 copies to ensure enough ports to satisfy II or latency constraints.
INFO: [HLS 200-2168] Implementing memory 'run_model_conv_bn_act_pool_3_X_slice57_3_ROM_AUTO_3R' using auto ROMs with 14 copies to ensure enough ports to satisfy II or latency constraints.
INFO: [HLS 200-2168] Implementing memory 'run_model_conv_bn_act_pool_3_X_slice57_19_ROM_AUTO_3R' using auto ROMs with 14 copies to ensure enough ports to satisfy II or latency constraints.
INFO: [HLS 200-2168] Implementing memory 'run_model_conv_bn_act_pool_3_X_slice57_35_ROM_AUTO_3R' using auto ROMs with 14 copies to ensure enough ports to satisfy II or latency constraints.
INFO: [HLS 200-2168] Implementing memory 'run_model_conv_bn_act_pool_3_X_slice57_51_ROM_AUTO_3R' using auto ROMs with 14 copies to ensure enough ports to satisfy II or latency constraints.
INFO: [HLS 200-2168] Implementing memory 'run_model_conv_bn_act_pool_3_X_slice57_67_ROM_AUTO_3R' using auto ROMs with 14 copies to ensure enough ports to satisfy II or latency constraints.
INFO: [HLS 200-2168] Implementing memory 'run_model_conv_bn_act_pool_3_X_slice57_83_ROM_AUTO_3R' using auto ROMs with 14 copies to ensure enough ports to satisfy II or latency constraints.
INFO: [HLS 200-2168] Implementing memory 'run_model_conv_bn_act_pool_3_X_slice57_99_ROM_AUTO_3R' using auto ROMs with 14 copies to ensure enough ports to satisfy II or latency constraints.
INFO: [HLS 200-2168] Implementing memory 'run_model_conv_bn_act_pool_3_X_slice57_4_ROM_AUTO_3R' using auto ROMs with 14 copies to ensure enough ports to satisfy II or latency constraints.
INFO: [HLS 200-2168] Implementing memory 'run_model_conv_bn_act_pool_3_X_slice57_20_ROM_AUTO_3R' using auto ROMs with 14 copies to ensure enough ports to satisfy II or latency constraints.
INFO: [HLS 200-2168] Implementing memory 'run_model_conv_bn_act_pool_3_X_slice57_36_ROM_AUTO_3R' using auto ROMs with 14 copies to ensure enough ports to satisfy II or latency constraints.
INFO: [HLS 200-2168] Implementing memory 'run_model_conv_bn_act_pool_3_X_slice57_52_ROM_AUTO_3R' using auto ROMs with 14 copies to ensure enough ports to satisfy II or latency constraints.
INFO: [HLS 200-2168] Implementing memory 'run_model_conv_bn_act_pool_3_X_slice57_68_ROM_AUTO_3R' using auto ROMs with 14 copies to ensure enough ports to satisfy II or latency constraints.
INFO: [HLS 200-2168] Implementing memory 'run_model_conv_bn_act_pool_3_X_slice57_84_ROM_AUTO_3R' using auto ROMs with 14 copies to ensure enough ports to satisfy II or latency constraints.
INFO: [HLS 200-2168] Implementing memory 'run_model_conv_bn_act_pool_3_X_slice57_100_ROM_AUTO_3R' using auto ROMs with 14 copies to ensure enough ports to satisfy II or latency constraints.
INFO: [HLS 200-2168] Implementing memory 'run_model_conv_bn_act_pool_3_X_slice57_5_ROM_AUTO_3R' using auto ROMs with 14 copies to ensure enough ports to satisfy II or latency constraints.
INFO: [HLS 200-2168] Implementing memory 'run_model_conv_bn_act_pool_3_X_slice57_21_ROM_AUTO_3R' using auto ROMs with 14 copies to ensure enough ports to satisfy II or latency constraints.
INFO: [HLS 200-2168] Implementing memory 'run_model_conv_bn_act_pool_3_X_slice57_37_ROM_AUTO_3R' using auto ROMs with 14 copies to ensure enough ports to satisfy II or latency constraints.
INFO: [HLS 200-2168] Implementing memory 'run_model_conv_bn_act_pool_3_X_slice57_53_ROM_AUTO_3R' using auto ROMs with 14 copies to ensure enough ports to satisfy II or latency constraints.
INFO: [HLS 200-2168] Implementing memory 'run_model_conv_bn_act_pool_3_X_slice57_69_ROM_AUTO_3R' using auto ROMs with 14 copies to ensure enough ports to satisfy II or latency constraints.
INFO: [HLS 200-2168] Implementing memory 'run_model_conv_bn_act_pool_3_X_slice57_85_ROM_AUTO_3R' using auto ROMs with 14 copies to ensure enough ports to satisfy II or latency constraints.
INFO: [HLS 200-2168] Implementing memory 'run_model_conv_bn_act_pool_3_X_slice57_101_ROM_AUTO_3R' using auto ROMs with 14 copies to ensure enough ports to satisfy II or latency constraints.
INFO: [HLS 200-2168] Implementing memory 'run_model_conv_bn_act_pool_3_X_slice57_6_ROM_AUTO_3R' using auto ROMs with 14 copies to ensure enough ports to satisfy II or latency constraints.
INFO: [HLS 200-2168] Implementing memory 'run_model_conv_bn_act_pool_3_X_slice57_22_ROM_AUTO_3R' using auto ROMs with 14 copies to ensure enough ports to satisfy II or latency constraints.
INFO: [HLS 200-2168] Implementing memory 'run_model_conv_bn_act_pool_3_X_slice57_38_ROM_AUTO_3R' using auto ROMs with 14 copies to ensure enough ports to satisfy II or latency constraints.
INFO: [HLS 200-2168] Implementing memory 'run_model_conv_bn_act_pool_3_X_slice57_54_ROM_AUTO_3R' using auto ROMs with 14 copies to ensure enough ports to satisfy II or latency constraints.
INFO: [HLS 200-2168] Implementing memory 'run_model_conv_bn_act_pool_3_X_slice57_70_ROM_AUTO_3R' using auto ROMs with 14 copies to ensure enough ports to satisfy II or latency constraints.
INFO: [HLS 200-2168] Implementing memory 'run_model_conv_bn_act_pool_3_X_slice57_86_ROM_AUTO_3R' using auto ROMs with 14 copies to ensure enough ports to satisfy II or latency constraints.
INFO: [HLS 200-2168] Implementing memory 'run_model_conv_bn_act_pool_3_X_slice57_102_ROM_AUTO_3R' using auto ROMs with 14 copies to ensure enough ports to satisfy II or latency constraints.
INFO: [HLS 200-2168] Implementing memory 'run_model_conv_bn_act_pool_3_X_slice57_7_ROM_AUTO_3R' using auto ROMs with 14 copies to ensure enough ports to satisfy II or latency constraints.
INFO: [HLS 200-2168] Implementing memory 'run_model_conv_bn_act_pool_3_X_slice57_23_ROM_AUTO_3R' using auto ROMs with 14 copies to ensure enough ports to satisfy II or latency constraints.
INFO: [HLS 200-2168] Implementing memory 'run_model_conv_bn_act_pool_3_X_slice57_39_ROM_AUTO_3R' using auto ROMs with 14 copies to ensure enough ports to satisfy II or latency constraints.
INFO: [HLS 200-2168] Implementing memory 'run_model_conv_bn_act_pool_3_X_slice57_55_ROM_AUTO_3R' using auto ROMs with 14 copies to ensure enough ports to satisfy II or latency constraints.
INFO: [HLS 200-2168] Implementing memory 'run_model_conv_bn_act_pool_3_X_slice57_71_ROM_AUTO_3R' using auto ROMs with 14 copies to ensure enough ports to satisfy II or latency constraints.
INFO: [HLS 200-2168] Implementing memory 'run_model_conv_bn_act_pool_3_X_slice57_87_ROM_AUTO_3R' using auto ROMs with 14 copies to ensure enough ports to satisfy II or latency constraints.
INFO: [HLS 200-2168] Implementing memory 'run_model_conv_bn_act_pool_3_X_slice57_103_ROM_AUTO_3R' using auto ROMs with 14 copies to ensure enough ports to satisfy II or latency constraints.
INFO: [HLS 200-2168] Implementing memory 'run_model_conv_bn_act_pool_3_X_slice57_8_ROM_AUTO_3R' using auto ROMs with 14 copies to ensure enough ports to satisfy II or latency constraints.
INFO: [HLS 200-2168] Implementing memory 'run_model_conv_bn_act_pool_3_X_slice57_24_ROM_AUTO_3R' using auto ROMs with 14 copies to ensure enough ports to satisfy II or latency constraints.
INFO: [HLS 200-2168] Implementing memory 'run_model_conv_bn_act_pool_3_X_slice57_40_ROM_AUTO_3R' using auto ROMs with 14 copies to ensure enough ports to satisfy II or latency constraints.
INFO: [HLS 200-2168] Implementing memory 'run_model_conv_bn_act_pool_3_X_slice57_56_ROM_AUTO_3R' using auto ROMs with 14 copies to ensure enough ports to satisfy II or latency constraints.
INFO: [HLS 200-2168] Implementing memory 'run_model_conv_bn_act_pool_3_X_slice57_72_ROM_AUTO_3R' using auto ROMs with 14 copies to ensure enough ports to satisfy II or latency constraints.
INFO: [HLS 200-2168] Implementing memory 'run_model_conv_bn_act_pool_3_X_slice57_88_ROM_AUTO_3R' using auto ROMs with 14 copies to ensure enough ports to satisfy II or latency constraints.
INFO: [HLS 200-2168] Implementing memory 'run_model_conv_bn_act_pool_3_X_slice57_104_ROM_AUTO_3R' using auto ROMs with 14 copies to ensure enough ports to satisfy II or latency constraints.
INFO: [HLS 200-2168] Implementing memory 'run_model_conv_bn_act_pool_3_X_slice57_9_ROM_AUTO_3R' using auto ROMs with 14 copies to ensure enough ports to satisfy II or latency constraints.
INFO: [HLS 200-2168] Implementing memory 'run_model_conv_bn_act_pool_3_X_slice57_25_ROM_AUTO_3R' using auto ROMs with 14 copies to ensure enough ports to satisfy II or latency constraints.
INFO: [HLS 200-2168] Implementing memory 'run_model_conv_bn_act_pool_3_X_slice57_41_ROM_AUTO_3R' using auto ROMs with 14 copies to ensure enough ports to satisfy II or latency constraints.
INFO: [HLS 200-2168] Implementing memory 'run_model_conv_bn_act_pool_3_X_slice57_57_ROM_AUTO_3R' using auto ROMs with 14 copies to ensure enough ports to satisfy II or latency constraints.
INFO: [HLS 200-2168] Implementing memory 'run_model_conv_bn_act_pool_3_X_slice57_73_ROM_AUTO_3R' using auto ROMs with 14 copies to ensure enough ports to satisfy II or latency constraints.
INFO: [HLS 200-2168] Implementing memory 'run_model_conv_bn_act_pool_3_X_slice57_89_ROM_AUTO_3R' using auto ROMs with 14 copies to ensure enough ports to satisfy II or latency constraints.
INFO: [HLS 200-2168] Implementing memory 'run_model_conv_bn_act_pool_3_X_slice57_105_ROM_AUTO_3R' using auto ROMs with 14 copies to ensure enough ports to satisfy II or latency constraints.
INFO: [HLS 200-2168] Implementing memory 'run_model_conv_bn_act_pool_3_X_slice57_10_ROM_AUTO_3R' using auto ROMs with 14 copies to ensure enough ports to satisfy II or latency constraints.
INFO: [HLS 200-2168] Implementing memory 'run_model_conv_bn_act_pool_3_X_slice57_26_ROM_AUTO_3R' using auto ROMs with 14 copies to ensure enough ports to satisfy II or latency constraints.
INFO: [HLS 200-2168] Implementing memory 'run_model_conv_bn_act_pool_3_X_slice57_42_ROM_AUTO_3R' using auto ROMs with 14 copies to ensure enough ports to satisfy II or latency constraints.
INFO: [HLS 200-2168] Implementing memory 'run_model_conv_bn_act_pool_3_X_slice57_58_ROM_AUTO_3R' using auto ROMs with 14 copies to ensure enough ports to satisfy II or latency constraints.
INFO: [HLS 200-2168] Implementing memory 'run_model_conv_bn_act_pool_3_X_slice57_74_ROM_AUTO_3R' using auto ROMs with 14 copies to ensure enough ports to satisfy II or latency constraints.
INFO: [HLS 200-2168] Implementing memory 'run_model_conv_bn_act_pool_3_X_slice57_90_ROM_AUTO_3R' using auto ROMs with 14 copies to ensure enough ports to satisfy II or latency constraints.
INFO: [HLS 200-2168] Implementing memory 'run_model_conv_bn_act_pool_3_X_slice57_106_ROM_AUTO_3R' using auto ROMs with 14 copies to ensure enough ports to satisfy II or latency constraints.
INFO: [HLS 200-2168] Implementing memory 'run_model_conv_bn_act_pool_3_X_slice57_11_ROM_AUTO_3R' using auto ROMs with 14 copies to ensure enough ports to satisfy II or latency constraints.
INFO: [HLS 200-2168] Implementing memory 'run_model_conv_bn_act_pool_3_X_slice57_27_ROM_AUTO_3R' using auto ROMs with 14 copies to ensure enough ports to satisfy II or latency constraints.
INFO: [HLS 200-2168] Implementing memory 'run_model_conv_bn_act_pool_3_X_slice57_43_ROM_AUTO_3R' using auto ROMs with 14 copies to ensure enough ports to satisfy II or latency constraints.
INFO: [HLS 200-2168] Implementing memory 'run_model_conv_bn_act_pool_3_X_slice57_59_ROM_AUTO_3R' using auto ROMs with 14 copies to ensure enough ports to satisfy II or latency constraints.
INFO: [HLS 200-2168] Implementing memory 'run_model_conv_bn_act_pool_3_X_slice57_75_ROM_AUTO_3R' using auto ROMs with 14 copies to ensure enough ports to satisfy II or latency constraints.
INFO: [HLS 200-2168] Implementing memory 'run_model_conv_bn_act_pool_3_X_slice57_91_ROM_AUTO_3R' using auto ROMs with 14 copies to ensure enough ports to satisfy II or latency constraints.
INFO: [HLS 200-2168] Implementing memory 'run_model_conv_bn_act_pool_3_X_slice57_107_ROM_AUTO_3R' using auto ROMs with 14 copies to ensure enough ports to satisfy II or latency constraints.
INFO: [HLS 200-2168] Implementing memory 'run_model_conv_bn_act_pool_3_X_slice57_12_ROM_AUTO_3R' using auto ROMs with 14 copies to ensure enough ports to satisfy II or latency constraints.
INFO: [HLS 200-2168] Implementing memory 'run_model_conv_bn_act_pool_3_X_slice57_28_ROM_AUTO_3R' using auto ROMs with 14 copies to ensure enough ports to satisfy II or latency constraints.
INFO: [HLS 200-2168] Implementing memory 'run_model_conv_bn_act_pool_3_X_slice57_44_ROM_AUTO_3R' using auto ROMs with 14 copies to ensure enough ports to satisfy II or latency constraints.
INFO: [HLS 200-2168] Implementing memory 'run_model_conv_bn_act_pool_3_X_slice57_60_ROM_AUTO_3R' using auto ROMs with 14 copies to ensure enough ports to satisfy II or latency constraints.
INFO: [HLS 200-2168] Implementing memory 'run_model_conv_bn_act_pool_3_X_slice57_76_ROM_AUTO_3R' using auto ROMs with 14 copies to ensure enough ports to satisfy II or latency constraints.
INFO: [HLS 200-2168] Implementing memory 'run_model_conv_bn_act_pool_3_X_slice57_92_ROM_AUTO_3R' using auto ROMs with 14 copies to ensure enough ports to satisfy II or latency constraints.
INFO: [HLS 200-2168] Implementing memory 'run_model_conv_bn_act_pool_3_X_slice57_108_ROM_AUTO_3R' using auto ROMs with 14 copies to ensure enough ports to satisfy II or latency constraints.
INFO: [HLS 200-2168] Implementing memory 'run_model_conv_bn_act_pool_3_X_slice57_13_ROM_AUTO_3R' using auto ROMs with 14 copies to ensure enough ports to satisfy II or latency constraints.
INFO: [HLS 200-2168] Implementing memory 'run_model_conv_bn_act_pool_3_X_slice57_29_ROM_AUTO_3R' using auto ROMs with 14 copies to ensure enough ports to satisfy II or latency constraints.
INFO: [HLS 200-2168] Implementing memory 'run_model_conv_bn_act_pool_3_X_slice57_45_ROM_AUTO_3R' using auto ROMs with 14 copies to ensure enough ports to satisfy II or latency constraints.
INFO: [HLS 200-2168] Implementing memory 'run_model_conv_bn_act_pool_3_X_slice57_61_ROM_AUTO_3R' using auto ROMs with 14 copies to ensure enough ports to satisfy II or latency constraints.
INFO: [HLS 200-2168] Implementing memory 'run_model_conv_bn_act_pool_3_X_slice57_77_ROM_AUTO_3R' using auto ROMs with 14 copies to ensure enough ports to satisfy II or latency constraints.
INFO: [HLS 200-2168] Implementing memory 'run_model_conv_bn_act_pool_3_X_slice57_93_ROM_AUTO_3R' using auto ROMs with 14 copies to ensure enough ports to satisfy II or latency constraints.
INFO: [HLS 200-2168] Implementing memory 'run_model_conv_bn_act_pool_3_X_slice57_109_ROM_AUTO_3R' using auto ROMs with 14 copies to ensure enough ports to satisfy II or latency constraints.
INFO: [HLS 200-2168] Implementing memory 'run_model_conv_bn_act_pool_3_X_slice57_14_ROM_AUTO_3R' using auto ROMs with 14 copies to ensure enough ports to satisfy II or latency constraints.
INFO: [HLS 200-2168] Implementing memory 'run_model_conv_bn_act_pool_3_X_slice57_30_ROM_AUTO_3R' using auto ROMs with 14 copies to ensure enough ports to satisfy II or latency constraints.
INFO: [HLS 200-2168] Implementing memory 'run_model_conv_bn_act_pool_3_X_slice57_46_ROM_AUTO_3R' using auto ROMs with 14 copies to ensure enough ports to satisfy II or latency constraints.
INFO: [HLS 200-2168] Implementing memory 'run_model_conv_bn_act_pool_3_X_slice57_62_ROM_AUTO_3R' using auto ROMs with 14 copies to ensure enough ports to satisfy II or latency constraints.
INFO: [HLS 200-2168] Implementing memory 'run_model_conv_bn_act_pool_3_X_slice57_78_ROM_AUTO_3R' using auto ROMs with 14 copies to ensure enough ports to satisfy II or latency constraints.
INFO: [HLS 200-2168] Implementing memory 'run_model_conv_bn_act_pool_3_X_slice57_94_ROM_AUTO_3R' using auto ROMs with 14 copies to ensure enough ports to satisfy II or latency constraints.
INFO: [HLS 200-2168] Implementing memory 'run_model_conv_bn_act_pool_3_X_slice57_110_ROM_AUTO_3R' using auto ROMs with 14 copies to ensure enough ports to satisfy II or latency constraints.
INFO: [HLS 200-2168] Implementing memory 'run_model_conv_bn_act_pool_3_X_slice57_15_ROM_AUTO_3R' using auto ROMs with 14 copies to ensure enough ports to satisfy II or latency constraints.
INFO: [HLS 200-2168] Implementing memory 'run_model_conv_bn_act_pool_3_X_slice57_31_ROM_AUTO_3R' using auto ROMs with 14 copies to ensure enough ports to satisfy II or latency constraints.
INFO: [HLS 200-2168] Implementing memory 'run_model_conv_bn_act_pool_3_X_slice57_47_ROM_AUTO_3R' using auto ROMs with 14 copies to ensure enough ports to satisfy II or latency constraints.
INFO: [HLS 200-2168] Implementing memory 'run_model_conv_bn_act_pool_3_X_slice57_63_ROM_AUTO_3R' using auto ROMs with 14 copies to ensure enough ports to satisfy II or latency constraints.
INFO: [HLS 200-2168] Implementing memory 'run_model_conv_bn_act_pool_3_X_slice57_79_ROM_AUTO_3R' using auto ROMs with 14 copies to ensure enough ports to satisfy II or latency constraints.
INFO: [HLS 200-2168] Implementing memory 'run_model_conv_bn_act_pool_3_X_slice57_95_ROM_AUTO_3R' using auto ROMs with 14 copies to ensure enough ports to satisfy II or latency constraints.
INFO: [HLS 200-2168] Implementing memory 'run_model_conv_bn_act_pool_3_X_slice57_111_ROM_AUTO_3R' using auto ROMs with 14 copies to ensure enough ports to satisfy II or latency constraints.
INFO: [HLS 200-111] Finished Creating RTL model: CPU user time: 6.4 seconds. CPU system time: 0.15 seconds. Elapsed time: 6.56 seconds; current allocated memory: 4.157 GB.
INFO: [HLS 200-10] ----------------------------------------------------------------
INFO: [HLS 200-10] -- Generating RTL for module 'run_all_slices_unrolled_Pipeline_Loop_BN5' 
INFO: [HLS 200-10] ----------------------------------------------------------------
INFO: [HLS 200-1030] Apply Unified Pipeline Control on module 'run_all_slices_unrolled_Pipeline_Loop_BN5' pipeline 'Loop_BN' pipeline type 'loop pipeline'
INFO: [RTGEN 206-100] Generating core module 'fdiv_32ns_32ns_32_10_no_dsp_1': 1 instance(s).
INFO: [RTGEN 206-100] Generating core module 'fsqrt_32ns_32ns_32_10_no_dsp_1': 1 instance(s).
INFO: [RTGEN 206-100] Generating core module 'hadd_16ns_16ns_16_5_full_dsp_1': 2 instance(s).
INFO: [RTGEN 206-100] Generating core module 'hmul_16ns_16ns_16_4_max_dsp_1': 1 instance(s).
INFO: [RTGEN 206-100] Generating core module 'hptosp_16ns_32_2_no_dsp_1': 2 instance(s).
INFO: [RTGEN 206-100] Generating core module 'sptohp_32ns_16_2_no_dsp_1': 1 instance(s).
INFO: [RTGEN 206-100] Finished creating RTL model for 'run_all_slices_unrolled_Pipeline_Loop_BN5'.
INFO: [HLS 200-111] Finished Creating RTL model: CPU user time: 3.2 seconds. CPU system time: 0.3 seconds. Elapsed time: 3.5 seconds; current allocated memory: 4.248 GB.
INFO: [HLS 200-10] ----------------------------------------------------------------
INFO: [HLS 200-10] -- Generating RTL for module 'run_all_slices_unrolled_Pipeline_MergedLoop4' 
INFO: [HLS 200-10] ----------------------------------------------------------------
INFO: [HLS 200-1030] Apply Unified Pipeline Control on module 'run_all_slices_unrolled_Pipeline_MergedLoop4' pipeline 'MergedLoop4' pipeline type 'loop pipeline'
INFO: [RTGEN 206-100] Generating core module 'hadd_16ns_16ns_16_5_full_dsp_1': 1 instance(s).
INFO: [RTGEN 206-100] Generating core module 'hcmp_16ns_16ns_1_2_no_dsp_1': 2 instance(s).
INFO: [RTGEN 206-100] Generating core module 'sparsemux_65_5_16_1_1': 1 instance(s).
INFO: [RTGEN 206-100] Generating core module 'sparsemux_7_2_16_1_1': 1 instance(s).
INFO: [RTGEN 206-100] Finished creating RTL model for 'run_all_slices_unrolled_Pipeline_MergedLoop4'.
INFO: [HLS 200-111] Finished Creating RTL model: CPU user time: 0.4 seconds. CPU system time: 0.03 seconds. Elapsed time: 0.43 seconds; current allocated memory: 4.251 GB.
INFO: [HLS 200-10] ----------------------------------------------------------------
INFO: [HLS 200-10] -- Generating RTL for module 'run_all_slices_unrolled' 
INFO: [HLS 200-10] ----------------------------------------------------------------
INFO: [RTGEN 206-104] Estimated max fanout for 'run_all_slices_unrolled' is 15747, found 4 HDL expressions with this fanout: (1'b1 == ap_CS_fsm_state4), (1'b1 == ap_CS_fsm_state10), (1'b1 == ap_CS_fsm_state16), (1'b1 == ap_CS_fsm_state22)
INFO: [RTGEN 206-100] Generating core module 'fadd_32ns_32ns_32_4_full_dsp_1': 1 instance(s).
INFO: [RTGEN 206-100] Generating core module 'fdiv_32ns_32ns_32_10_no_dsp_1': 2 instance(s).
INFO: [RTGEN 206-100] Generating core module 'fmul_32ns_32ns_32_3_max_dsp_1': 2 instance(s).
INFO: [RTGEN 206-100] Generating core module 'fsqrt_32ns_32ns_32_10_no_dsp_1': 2 instance(s).
INFO: [RTGEN 206-100] Generating core module 'fsub_32ns_32ns_32_4_full_dsp_1': 1 instance(s).
INFO: [RTGEN 206-100] Generating core module 'hadd_16ns_16ns_16_5_full_dsp_1': 227 instance(s).
INFO: [RTGEN 206-100] Generating core module 'hcmp_16ns_16ns_1_2_no_dsp_1': 2 instance(s).
INFO: [RTGEN 206-100] Generating core module 'hdiv_16ns_16ns_16_6_no_dsp_1': 1 instance(s).
INFO: [RTGEN 206-100] Generating core module 'hmul_16ns_16ns_16_4_max_dsp_1': 225 instance(s).
INFO: [RTGEN 206-100] Generating core module 'hptosp_16ns_32_2_no_dsp_1': 5 instance(s).
INFO: [RTGEN 206-100] Generating core module 'sptohp_32ns_16_2_no_dsp_1': 3 instance(s).
INFO: [RTGEN 206-100] Finished creating RTL model for 'run_all_slices_unrolled'.
INFO: [RTMG 210-278] Implementing memory 'run_model_run_all_slices_unrolled_h_slice_RAM_AUTO_1R1W' using auto RAMs.
INFO: [RTMG 210-278] Implementing memory 'run_model_run_all_slices_unrolled_U_slice_RAM_AUTO_3R2W' using auto RAMs.
INFO: [RTMG 210-279] Implementing memory 'run_model_run_all_slices_unrolled_LSTM_W_ifog0_ROM_AUTO_3R' using auto ROMs.
INFO: [RTMG 210-279] Implementing memory 'run_model_run_all_slices_unrolled_LSTM_R_ifog0_ROM_AUTO_3R' using auto ROMs.
INFO: [RTMG 210-279] Implementing memory 'run_model_run_all_slices_unrolled_LSTM_b_ifog0_ROM_AUTO_3R' using auto ROMs.
INFO: [RTMG 210-279] Implementing memory 'run_model_run_all_slices_unrolled_LSTM_W_ifog1_ROM_AUTO_3R' using auto ROMs.
INFO: [RTMG 210-279] Implementing memory 'run_model_run_all_slices_unrolled_LSTM_R_ifog1_ROM_AUTO_3R' using auto ROMs.
INFO: [RTMG 210-279] Implementing memory 'run_model_run_all_slices_unrolled_LSTM_W_ifog2_ROM_AUTO_3R' using auto ROMs.
INFO: [RTMG 210-279] Implementing memory 'run_model_run_all_slices_unrolled_LSTM_R_ifog2_ROM_AUTO_3R' using auto ROMs.
INFO: [RTMG 210-279] Implementing memory 'run_model_run_all_slices_unrolled_LSTM_W_ifog3_ROM_AUTO_3R' using auto ROMs.
INFO: [RTMG 210-279] Implementing memory 'run_model_run_all_slices_unrolled_LSTM_R_ifog3_ROM_AUTO_3R' using auto ROMs.
INFO: [RTMG 210-279] Implementing memory 'run_model_run_all_slices_unrolled_LSTM_W_ifog4_ROM_AUTO_3R' using auto ROMs.
INFO: [RTMG 210-279] Implementing memory 'run_model_run_all_slices_unrolled_LSTM_R_ifog4_ROM_AUTO_3R' using auto ROMs.
INFO: [HLS 200-111] Finished Creating RTL model: CPU user time: 1.82 seconds. CPU system time: 0.05 seconds. Elapsed time: 1.91 seconds; current allocated memory: 4.266 GB.
INFO: [HLS 200-10] ----------------------------------------------------------------
INFO: [HLS 200-10] -- Generating RTL for module 'dense_forward_4' 
INFO: [HLS 200-10] ----------------------------------------------------------------
INFO: [HLS 200-1030] Apply Unified Pipeline Control on module 'dense_forward_4' pipeline 'OuterLoopDense' pipeline type 'loop pipeline'
INFO: [RTGEN 206-104] Estimated max fanout for 'dense_forward_4' is 11862 from HDL expression: (1'b0 == ap_block_pp0_stage0_11001)
INFO: [RTGEN 206-100] Generating core module 'hadd_16ns_16ns_16_5_full_dsp_1': 32 instance(s).
INFO: [RTGEN 206-100] Generating core module 'hmul_16ns_16ns_16_4_max_dsp_1': 32 instance(s).
INFO: [RTGEN 206-100] Generating core module 'mul_10ns_12ns_21_1_1': 4 instance(s).
INFO: [RTGEN 206-100] Generating core module 'mul_11ns_13ns_23_1_1': 8 instance(s).
INFO: [RTGEN 206-100] Generating core module 'mul_12ns_14ns_25_1_1': 16 instance(s).
INFO: [RTGEN 206-100] Generating core module 'mul_7ns_9ns_15_1_1': 1 instance(s).
INFO: [RTGEN 206-100] Generating core module 'mul_8ns_10ns_17_1_1': 1 instance(s).
INFO: [RTGEN 206-100] Generating core module 'mul_9ns_11ns_19_1_1': 2 instance(s).
INFO: [RTGEN 206-100] Generating core module 'sparsemux_67_6_16_1_1': 32 instance(s).
INFO: [RTGEN 206-100] Finished creating RTL model for 'dense_forward_4'.
INFO: [HLS 200-2168] Implementing memory 'run_model_dense_forward_4_fc_0_W_0_ROM_AUTO_3R' using auto ROMs with 29 copies to ensure enough ports to satisfy II or latency constraints.
INFO: [HLS 200-2168] Implementing memory 'run_model_dense_forward_4_fc_0_W_1_ROM_AUTO_3R' using auto ROMs with 29 copies to ensure enough ports to satisfy II or latency constraints.
INFO: [HLS 200-2168] Implementing memory 'run_model_dense_forward_4_fc_0_W_2_ROM_AUTO_3R' using auto ROMs with 29 copies to ensure enough ports to satisfy II or latency constraints.
INFO: [HLS 200-2168] Implementing memory 'run_model_dense_forward_4_fc_0_W_3_ROM_AUTO_3R' using auto ROMs with 29 copies to ensure enough ports to satisfy II or latency constraints.
INFO: [HLS 200-2168] Implementing memory 'run_model_dense_forward_4_fc_0_W_4_ROM_AUTO_3R' using auto ROMs with 29 copies to ensure enough ports to satisfy II or latency constraints.
INFO: [HLS 200-2168] Implementing memory 'run_model_dense_forward_4_fc_0_W_5_ROM_AUTO_3R' using auto ROMs with 29 copies to ensure enough ports to satisfy II or latency constraints.
INFO: [HLS 200-2168] Implementing memory 'run_model_dense_forward_4_fc_0_W_6_ROM_AUTO_3R' using auto ROMs with 29 copies to ensure enough ports to satisfy II or latency constraints.
INFO: [HLS 200-2168] Implementing memory 'run_model_dense_forward_4_fc_0_W_7_ROM_AUTO_3R' using auto ROMs with 29 copies to ensure enough ports to satisfy II or latency constraints.
INFO: [HLS 200-2168] Implementing memory 'run_model_dense_forward_4_fc_0_W_8_ROM_AUTO_3R' using auto ROMs with 29 copies to ensure enough ports to satisfy II or latency constraints.
INFO: [HLS 200-2168] Implementing memory 'run_model_dense_forward_4_fc_0_W_9_ROM_AUTO_3R' using auto ROMs with 29 copies to ensure enough ports to satisfy II or latency constraints.
INFO: [HLS 200-2168] Implementing memory 'run_model_dense_forward_4_fc_0_W_10_ROM_AUTO_3R' using auto ROMs with 29 copies to ensure enough ports to satisfy II or latency constraints.
INFO: [HLS 200-2168] Implementing memory 'run_model_dense_forward_4_fc_0_W_11_ROM_AUTO_3R' using auto ROMs with 29 copies to ensure enough ports to satisfy II or latency constraints.
INFO: [HLS 200-2168] Implementing memory 'run_model_dense_forward_4_fc_0_W_12_ROM_AUTO_3R' using auto ROMs with 29 copies to ensure enough ports to satisfy II or latency constraints.
INFO: [HLS 200-2168] Implementing memory 'run_model_dense_forward_4_fc_0_W_13_ROM_AUTO_3R' using auto ROMs with 29 copies to ensure enough ports to satisfy II or latency constraints.
INFO: [HLS 200-2168] Implementing memory 'run_model_dense_forward_4_fc_0_W_14_ROM_AUTO_3R' using auto ROMs with 29 copies to ensure enough ports to satisfy II or latency constraints.
INFO: [HLS 200-2168] Implementing memory 'run_model_dense_forward_4_fc_0_W_15_ROM_AUTO_3R' using auto ROMs with 29 copies to ensure enough ports to satisfy II or latency constraints.
INFO: [HLS 200-2168] Implementing memory 'run_model_dense_forward_4_fc_0_W_16_ROM_AUTO_3R' using auto ROMs with 29 copies to ensure enough ports to satisfy II or latency constraints.
INFO: [HLS 200-2168] Implementing memory 'run_model_dense_forward_4_fc_0_W_17_ROM_AUTO_3R' using auto ROMs with 29 copies to ensure enough ports to satisfy II or latency constraints.
INFO: [HLS 200-2168] Implementing memory 'run_model_dense_forward_4_fc_0_W_18_ROM_AUTO_3R' using auto ROMs with 29 copies to ensure enough ports to satisfy II or latency constraints.
INFO: [HLS 200-2168] Implementing memory 'run_model_dense_forward_4_fc_0_W_19_ROM_AUTO_3R' using auto ROMs with 29 copies to ensure enough ports to satisfy II or latency constraints.
INFO: [HLS 200-2168] Implementing memory 'run_model_dense_forward_4_fc_0_W_20_ROM_AUTO_3R' using auto ROMs with 29 copies to ensure enough ports to satisfy II or latency constraints.
INFO: [HLS 200-2168] Implementing memory 'run_model_dense_forward_4_fc_0_W_21_ROM_AUTO_3R' using auto ROMs with 29 copies to ensure enough ports to satisfy II or latency constraints.
INFO: [HLS 200-2168] Implementing memory 'run_model_dense_forward_4_fc_0_W_22_ROM_AUTO_3R' using auto ROMs with 29 copies to ensure enough ports to satisfy II or latency constraints.
INFO: [HLS 200-2168] Implementing memory 'run_model_dense_forward_4_fc_0_W_23_ROM_AUTO_3R' using auto ROMs with 29 copies to ensure enough ports to satisfy II or latency constraints.
INFO: [HLS 200-2168] Implementing memory 'run_model_dense_forward_4_fc_0_W_24_ROM_AUTO_3R' using auto ROMs with 29 copies to ensure enough ports to satisfy II or latency constraints.
INFO: [HLS 200-2168] Implementing memory 'run_model_dense_forward_4_fc_0_W_25_ROM_AUTO_3R' using auto ROMs with 29 copies to ensure enough ports to satisfy II or latency constraints.
INFO: [HLS 200-2168] Implementing memory 'run_model_dense_forward_4_fc_0_W_26_ROM_AUTO_3R' using auto ROMs with 29 copies to ensure enough ports to satisfy II or latency constraints.
INFO: [HLS 200-2168] Implementing memory 'run_model_dense_forward_4_fc_0_W_27_ROM_AUTO_3R' using auto ROMs with 29 copies to ensure enough ports to satisfy II or latency constraints.
INFO: [HLS 200-2168] Implementing memory 'run_model_dense_forward_4_fc_0_W_28_ROM_AUTO_3R' using auto ROMs with 29 copies to ensure enough ports to satisfy II or latency constraints.
INFO: [HLS 200-2168] Implementing memory 'run_model_dense_forward_4_fc_0_W_29_ROM_AUTO_3R' using auto ROMs with 29 copies to ensure enough ports to satisfy II or latency constraints.
INFO: [HLS 200-2168] Implementing memory 'run_model_dense_forward_4_fc_0_W_30_ROM_AUTO_3R' using auto ROMs with 29 copies to ensure enough ports to satisfy II or latency constraints.
INFO: [HLS 200-2168] Implementing memory 'run_model_dense_forward_4_fc_0_W_31_ROM_AUTO_3R' using auto ROMs with 29 copies to ensure enough ports to satisfy II or latency constraints.
INFO: [HLS 200-2168] Implementing memory 'run_model_dense_forward_4_fc_0_W_32_ROM_AUTO_3R' using auto ROMs with 29 copies to ensure enough ports to satisfy II or latency constraints.
INFO: [HLS 200-111] Finished Creating RTL model: CPU user time: 5.24 seconds. CPU system time: 0.1 seconds. Elapsed time: 5.41 seconds; current allocated memory: 4.327 GB.
INFO: [HLS 200-10] ----------------------------------------------------------------
INFO: [HLS 200-10] -- Generating RTL for module 'run_model_Pipeline_Loop_BN' 
INFO: [HLS 200-10] ----------------------------------------------------------------
INFO: [HLS 200-1030] Apply Unified Pipeline Control on module 'run_model_Pipeline_Loop_BN' pipeline 'Loop_BN' pipeline type 'loop pipeline'
INFO: [RTGEN 206-100] Generating core module 'fdiv_32ns_32ns_32_10_no_dsp_1': 1 instance(s).
INFO: [RTGEN 206-100] Generating core module 'fsqrt_32ns_32ns_32_10_no_dsp_1': 1 instance(s).
INFO: [RTGEN 206-100] Generating core module 'hadd_16ns_16ns_16_5_full_dsp_1': 2 instance(s).
INFO: [RTGEN 206-100] Generating core module 'hmul_16ns_16ns_16_4_max_dsp_1': 1 instance(s).
INFO: [RTGEN 206-100] Generating core module 'hptosp_16ns_32_2_no_dsp_1': 2 instance(s).
INFO: [RTGEN 206-100] Generating core module 'sptohp_32ns_16_2_no_dsp_1': 1 instance(s).
INFO: [RTGEN 206-100] Finished creating RTL model for 'run_model_Pipeline_Loop_BN'.
INFO: [RTMG 210-279] Implementing memory 'run_model_run_model_Pipeline_Loop_BN_fc_0_bn_var_ROM_AUTO_3R' using auto ROMs.
INFO: [HLS 200-111] Finished Creating RTL model: CPU user time: 1.71 seconds. CPU system time: 0.22 seconds. Elapsed time: 1.95 seconds; current allocated memory: 4.373 GB.
INFO: [HLS 200-10] ----------------------------------------------------------------
INFO: [HLS 200-10] -- Generating RTL for module 'run_model_Pipeline_ReLULoop1' 
INFO: [HLS 200-10] ----------------------------------------------------------------
INFO: [HLS 200-1030] Apply Unified Pipeline Control on module 'run_model_Pipeline_ReLULoop1' pipeline 'ReLULoop1' pipeline type 'loop pipeline'
INFO: [RTGEN 206-100] Generating core module 'hcmp_16ns_16ns_1_2_no_dsp_1': 1 instance(s).
INFO: [RTGEN 206-100] Finished creating RTL model for 'run_model_Pipeline_ReLULoop1'.
INFO: [HLS 200-111] Finished Creating RTL model: CPU user time: 0.31 seconds. CPU system time: 0.02 seconds. Elapsed time: 0.32 seconds; current allocated memory: 4.394 GB.
INFO: [HLS 200-10] ----------------------------------------------------------------
INFO: [HLS 200-10] -- Generating RTL for module 'run_model_Pipeline_OuterLoopDense_InnerLoopDense' 
INFO: [HLS 200-10] ----------------------------------------------------------------
INFO: [HLS 200-1030] Apply Unified Pipeline Control on module 'run_model_Pipeline_OuterLoopDense_InnerLoopDense' pipeline 'OuterLoopDense_InnerLoopDense' pipeline type 'loop pipeline'
INFO: [RTGEN 206-100] Generating core module 'hadd_16ns_16ns_16_5_full_dsp_1': 1 instance(s).
INFO: [RTGEN 206-100] Generating core module 'hmul_16ns_16ns_16_4_max_dsp_1': 1 instance(s).
INFO: [RTGEN 206-100] Finished creating RTL model for 'run_model_Pipeline_OuterLoopDense_InnerLoopDense'.
INFO: [RTMG 210-279] Implementing memory 'run_model_run_model_Pipeline_OuterLoopDense_InnerLoopDense_fc_1_W_ROM_AUTO_3R' using auto ROMs.
INFO: [HLS 200-111] Finished Creating RTL model: CPU user time: 0.35 seconds. CPU system time: 0.02 seconds. Elapsed time: 0.37 seconds; current allocated memory: 4.396 GB.
INFO: [HLS 200-10] ----------------------------------------------------------------
INFO: [HLS 200-10] -- Generating RTL for module 'run_model_Pipeline_Loop_BN1' 
INFO: [HLS 200-10] ----------------------------------------------------------------
INFO: [HLS 200-1030] Apply Unified Pipeline Control on module 'run_model_Pipeline_Loop_BN1' pipeline 'Loop_BN' pipeline type 'loop pipeline'
INFO: [RTGEN 206-100] Generating core module 'fdiv_32ns_32ns_32_10_no_dsp_1': 1 instance(s).
INFO: [RTGEN 206-100] Generating core module 'fsqrt_32ns_32ns_32_10_no_dsp_1': 1 instance(s).
INFO: [RTGEN 206-100] Generating core module 'hadd_16ns_16ns_16_5_full_dsp_1': 2 instance(s).
INFO: [RTGEN 206-100] Generating core module 'hmul_16ns_16ns_16_4_max_dsp_1': 1 instance(s).
INFO: [RTGEN 206-100] Generating core module 'hptosp_16ns_32_2_no_dsp_1': 2 instance(s).
INFO: [RTGEN 206-100] Generating core module 'sptohp_32ns_16_2_no_dsp_1': 1 instance(s).
INFO: [RTGEN 206-100] Finished creating RTL model for 'run_model_Pipeline_Loop_BN1'.
INFO: [HLS 200-111] Finished Creating RTL model: CPU user time: 0.4 seconds. CPU system time: 0.03 seconds. Elapsed time: 0.43 seconds; current allocated memory: 4.397 GB.
INFO: [HLS 200-10] ----------------------------------------------------------------
INFO: [HLS 200-10] -- Generating RTL for module 'run_model_Pipeline_ReLULoop2' 
INFO: [HLS 200-10] ----------------------------------------------------------------
INFO: [HLS 200-1030] Apply Unified Pipeline Control on module 'run_model_Pipeline_ReLULoop2' pipeline 'ReLULoop2' pipeline type 'loop pipeline'
INFO: [RTGEN 206-100] Generating core module 'hcmp_16ns_16ns_1_2_no_dsp_1': 1 instance(s).
INFO: [RTGEN 206-100] Finished creating RTL model for 'run_model_Pipeline_ReLULoop2'.
INFO: [HLS 200-111] Finished Creating RTL model: CPU user time: 0.33 seconds. CPU system time: 0.02 seconds. Elapsed time: 0.35 seconds; current allocated memory: 4.400 GB.
INFO: [HLS 200-10] ----------------------------------------------------------------
INFO: [HLS 200-10] -- Generating RTL for module 'run_model' 
INFO: [HLS 200-10] ----------------------------------------------------------------
INFO: [RTGEN 206-500] Setting interface mode on port 'run_model/y_hat_out' to 'ap_none'.
INFO: [RTGEN 206-500] Setting interface mode on function 'run_model' to 'ap_ctrl_hs'.
WARNING: [RTGEN 206-101] Port 'run_model/y_hat_out' has no fanin or fanout and is left dangling.
               Please use C simulation to confirm this function argument can be read from or written to.
INFO: [RTGEN 206-100] Generating core module 'fdiv_32ns_32ns_32_10_no_dsp_1': 1 instance(s).
INFO: [RTGEN 206-100] Generating core module 'fsqrt_32ns_32ns_32_10_no_dsp_1': 1 instance(s).
INFO: [RTGEN 206-100] Generating core module 'hadd_16ns_16ns_16_5_full_dsp_1': 32 instance(s).
INFO: [RTGEN 206-100] Generating core module 'hcmp_16ns_16ns_1_2_no_dsp_1': 1 instance(s).
INFO: [RTGEN 206-100] Generating core module 'hmul_16ns_16ns_16_4_max_dsp_1': 32 instance(s).
INFO: [RTGEN 206-100] Generating core module 'hptosp_16ns_32_2_no_dsp_1': 2 instance(s).
INFO: [RTGEN 206-100] Generating core module 'sptohp_32ns_16_2_no_dsp_1': 1 instance(s).
INFO: [RTGEN 206-100] Finished creating RTL model for 'run_model'.
INFO: [RTMG 210-278] Implementing memory 'run_model_z0_RAM_AUTO_3R2W' using auto RAMs.
INFO: [RTMG 210-278] Implementing memory 'run_model_z1_RAM_AUTO_3R2W' using auto RAMs.
INFO: [HLS 200-111] Finished Creating RTL model: CPU user time: 0.67 seconds. CPU system time: 0.03 seconds. Elapsed time: 0.71 seconds; current allocated memory: 4.402 GB.
INFO: [HLS 200-111] Finished Generating all RTL models: CPU user time: 3.91 seconds. CPU system time: 0.85 seconds. Elapsed time: 5.08 seconds; current allocated memory: 4.410 GB.
INFO: [HLS 200-111] Finished Updating report files: CPU user time: 12.6 seconds. CPU system time: 0.36 seconds. Elapsed time: 13.33 seconds; current allocated memory: 4.506 GB.
INFO: [VHDL 208-304] Generating VHDL RTL for run_model.
INFO: [VLOG 209-307] Generating Verilog RTL for run_model.
INFO: [HLS 200-790] **** Loop Constraint Status: All loop constraints were NOT satisfied.
INFO: [HLS 200-789] **** Estimated Fmax: 127.44 MHz
INFO: [HLS 200-112] Total CPU user time: 393.32 seconds. Total CPU system time: 9.75 seconds. Total elapsed time: 409.23 seconds; peak allocated memory: 4.506 GB.
INFO: [v++ 60-791] Total elapsed time: 0h 6m 54s
