INFO: [HLS 200-2005] Using work_dir /home/gkapakos/Desktop/ECE/10th_Semester/Architecture_of_Parallel_Systems/Project/BranchPredictionAI/C_Implementation/BranchPredictionAI/run_model 
INFO: [HLS 200-1505] Using default flow_target 'vivado'
Resolution: For help on HLS 200-1505 see docs.xilinx.com/access/sources/dita/topic?Doc_Version=2024.2%20English&url=ug1448-hls-guidance&resourceid=200-1505.html
INFO: [HLS 200-1465] Applying ini 'syn.file=/home/gkapakos/Desktop/ECE/10th_Semester/Architecture_of_Parallel_Systems/Project/BranchPredictionAI/C_Implementation/head_weights.h' from /home/gkapakos/Desktop/ECE/10th_Semester/Architecture_of_Parallel_Systems/Project/BranchPredictionAI/C_Implementation/BranchPredictionAI/hls_config.cfg(8)
INFO: [HLS 200-10] Adding design file '/home/gkapakos/Desktop/ECE/10th_Semester/Architecture_of_Parallel_Systems/Project/BranchPredictionAI/C_Implementation/head_weights.h' to the project
INFO: [HLS 200-1465] Applying ini 'syn.file=/home/gkapakos/Desktop/ECE/10th_Semester/Architecture_of_Parallel_Systems/Project/BranchPredictionAI/C_Implementation/main_5_slices.cpp' from /home/gkapakos/Desktop/ECE/10th_Semester/Architecture_of_Parallel_Systems/Project/BranchPredictionAI/C_Implementation/BranchPredictionAI/hls_config.cfg(9)
INFO: [HLS 200-10] Adding design file '/home/gkapakos/Desktop/ECE/10th_Semester/Architecture_of_Parallel_Systems/Project/BranchPredictionAI/C_Implementation/main_5_slices.cpp' to the project
INFO: [HLS 200-1465] Applying ini 'syn.file=/home/gkapakos/Desktop/ECE/10th_Semester/Architecture_of_Parallel_Systems/Project/BranchPredictionAI/C_Implementation/slice0_weights.h' from /home/gkapakos/Desktop/ECE/10th_Semester/Architecture_of_Parallel_Systems/Project/BranchPredictionAI/C_Implementation/BranchPredictionAI/hls_config.cfg(10)
INFO: [HLS 200-10] Adding design file '/home/gkapakos/Desktop/ECE/10th_Semester/Architecture_of_Parallel_Systems/Project/BranchPredictionAI/C_Implementation/slice0_weights.h' to the project
INFO: [HLS 200-1465] Applying ini 'syn.file=/home/gkapakos/Desktop/ECE/10th_Semester/Architecture_of_Parallel_Systems/Project/BranchPredictionAI/C_Implementation/slice1_weights.h' from /home/gkapakos/Desktop/ECE/10th_Semester/Architecture_of_Parallel_Systems/Project/BranchPredictionAI/C_Implementation/BranchPredictionAI/hls_config.cfg(11)
INFO: [HLS 200-10] Adding design file '/home/gkapakos/Desktop/ECE/10th_Semester/Architecture_of_Parallel_Systems/Project/BranchPredictionAI/C_Implementation/slice1_weights.h' to the project
INFO: [HLS 200-1465] Applying ini 'syn.file=/home/gkapakos/Desktop/ECE/10th_Semester/Architecture_of_Parallel_Systems/Project/BranchPredictionAI/C_Implementation/slice2_weights.h' from /home/gkapakos/Desktop/ECE/10th_Semester/Architecture_of_Parallel_Systems/Project/BranchPredictionAI/C_Implementation/BranchPredictionAI/hls_config.cfg(12)
INFO: [HLS 200-10] Adding design file '/home/gkapakos/Desktop/ECE/10th_Semester/Architecture_of_Parallel_Systems/Project/BranchPredictionAI/C_Implementation/slice2_weights.h' to the project
INFO: [HLS 200-1465] Applying ini 'syn.file=/home/gkapakos/Desktop/ECE/10th_Semester/Architecture_of_Parallel_Systems/Project/BranchPredictionAI/C_Implementation/slice3_weights.h' from /home/gkapakos/Desktop/ECE/10th_Semester/Architecture_of_Parallel_Systems/Project/BranchPredictionAI/C_Implementation/BranchPredictionAI/hls_config.cfg(13)
INFO: [HLS 200-10] Adding design file '/home/gkapakos/Desktop/ECE/10th_Semester/Architecture_of_Parallel_Systems/Project/BranchPredictionAI/C_Implementation/slice3_weights.h' to the project
INFO: [HLS 200-1465] Applying ini 'syn.file=/home/gkapakos/Desktop/ECE/10th_Semester/Architecture_of_Parallel_Systems/Project/BranchPredictionAI/C_Implementation/slice4_weights.h' from /home/gkapakos/Desktop/ECE/10th_Semester/Architecture_of_Parallel_Systems/Project/BranchPredictionAI/C_Implementation/BranchPredictionAI/hls_config.cfg(14)
INFO: [HLS 200-10] Adding design file '/home/gkapakos/Desktop/ECE/10th_Semester/Architecture_of_Parallel_Systems/Project/BranchPredictionAI/C_Implementation/slice4_weights.h' to the project
INFO: [HLS 200-1465] Applying ini 'syn.top=run_model' from /home/gkapakos/Desktop/ECE/10th_Semester/Architecture_of_Parallel_Systems/Project/BranchPredictionAI/C_Implementation/BranchPredictionAI/hls_config.cfg(7)
INFO: [HLS 200-1465] Applying ini 'flow_target=vivado' from /home/gkapakos/Desktop/ECE/10th_Semester/Architecture_of_Parallel_Systems/Project/BranchPredictionAI/C_Implementation/BranchPredictionAI/hls_config.cfg(4)
INFO: [HLS 200-1505] Using flow_target 'vivado'
Resolution: For help on HLS 200-1505 see docs.xilinx.com/access/sources/dita/topic?Doc_Version=2024.2%20English&url=ug1448-hls-guidance&resourceid=200-1505.html
INFO: [HLS 200-1465] Applying ini 'part=xc7z020clg400-3' from /home/gkapakos/Desktop/ECE/10th_Semester/Architecture_of_Parallel_Systems/Project/BranchPredictionAI/C_Implementation/BranchPredictionAI/hls_config.cfg(1)
INFO: [HLS 200-1611] Setting target device to 'xc7z020-clg400-3'
INFO: [HLS 200-1465] Applying ini 'clock=10ns' from /home/gkapakos/Desktop/ECE/10th_Semester/Architecture_of_Parallel_Systems/Project/BranchPredictionAI/C_Implementation/BranchPredictionAI/hls_config.cfg(15)
INFO: [SYN 201-201] Setting up clock 'default' with a period of 10ns.
INFO: [HLS 200-1465] Applying ini 'clock_uncertainty=2ns' from /home/gkapakos/Desktop/ECE/10th_Semester/Architecture_of_Parallel_Systems/Project/BranchPredictionAI/C_Implementation/BranchPredictionAI/hls_config.cfg(16)
INFO: [SYN 201-201] Setting up clock 'default' with an uncertainty of 2ns.
INFO: [HLS 200-1465] Applying ini 'package.output.format=ip_catalog' from /home/gkapakos/Desktop/ECE/10th_Semester/Architecture_of_Parallel_Systems/Project/BranchPredictionAI/C_Implementation/BranchPredictionAI/hls_config.cfg(5)
INFO: [HLS 200-111] Finished File checks and directory preparation: CPU user time: 2.74 seconds. CPU system time: 0.21 seconds. Elapsed time: 2.79 seconds; current allocated memory: 244.680 MB.
INFO: [HLS 200-10] Analyzing design file '../main_5_slices.cpp' ... 
WARNING: [HLS 207-5292] unused parameter 'C' (../main_5_slices.cpp:77:9)
WARNING: [HLS 207-5292] unused parameter 'y_hat_out' (../main_5_slices.cpp:351:66)
INFO: [HLS 200-111] Finished Source Code Analysis and Preprocessing: CPU user time: 15 seconds. CPU system time: 1.08 seconds. Elapsed time: 16.14 seconds; current allocated memory: 247.004 MB.
INFO: [HLS 200-777] Using interface defaults for 'Vivado' flow target.
INFO: [HLS 200-1995] There were 2,942 instructions in the design after the 'Compile/Link' phase of compilation. See the Design Size Report for more details: /home/gkapakos/Desktop/ECE/10th_Semester/Architecture_of_Parallel_Systems/Project/BranchPredictionAI/C_Implementation/BranchPredictionAI/run_model/hls/syn/report/csynth_design_size.rpt
INFO: [HLS 200-1995] There were 2,956 instructions in the design after the 'Unroll/Inline (step 1)' phase of compilation. See the Design Size Report for more details: /home/gkapakos/Desktop/ECE/10th_Semester/Architecture_of_Parallel_Systems/Project/BranchPredictionAI/C_Implementation/BranchPredictionAI/run_model/hls/syn/report/csynth_design_size.rpt
INFO: [HLS 200-1995] There were 2,666 instructions in the design after the 'Unroll/Inline (step 2)' phase of compilation. See the Design Size Report for more details: /home/gkapakos/Desktop/ECE/10th_Semester/Architecture_of_Parallel_Systems/Project/BranchPredictionAI/C_Implementation/BranchPredictionAI/run_model/hls/syn/report/csynth_design_size.rpt
INFO: [HLS 200-1995] There were 2,577 instructions in the design after the 'Unroll/Inline (step 3)' phase of compilation. See the Design Size Report for more details: /home/gkapakos/Desktop/ECE/10th_Semester/Architecture_of_Parallel_Systems/Project/BranchPredictionAI/C_Implementation/BranchPredictionAI/run_model/hls/syn/report/csynth_design_size.rpt
INFO: [HLS 200-1995] There were 2,577 instructions in the design after the 'Unroll/Inline (step 4)' phase of compilation. See the Design Size Report for more details: /home/gkapakos/Desktop/ECE/10th_Semester/Architecture_of_Parallel_Systems/Project/BranchPredictionAI/C_Implementation/BranchPredictionAI/run_model/hls/syn/report/csynth_design_size.rpt
INFO: [HLS 200-1995] There were 5,766 instructions in the design after the 'Array/Struct (step 1)' phase of compilation. See the Design Size Report for more details: /home/gkapakos/Desktop/ECE/10th_Semester/Architecture_of_Parallel_Systems/Project/BranchPredictionAI/C_Implementation/BranchPredictionAI/run_model/hls/syn/report/csynth_design_size.rpt
INFO: [HLS 200-1995] There were 4,838 instructions in the design after the 'Array/Struct (step 2)' phase of compilation. See the Design Size Report for more details: /home/gkapakos/Desktop/ECE/10th_Semester/Architecture_of_Parallel_Systems/Project/BranchPredictionAI/C_Implementation/BranchPredictionAI/run_model/hls/syn/report/csynth_design_size.rpt
INFO: [HLS 200-1995] There were 4,838 instructions in the design after the 'Array/Struct (step 3)' phase of compilation. See the Design Size Report for more details: /home/gkapakos/Desktop/ECE/10th_Semester/Architecture_of_Parallel_Systems/Project/BranchPredictionAI/C_Implementation/BranchPredictionAI/run_model/hls/syn/report/csynth_design_size.rpt
INFO: [HLS 200-1995] There were 4,838 instructions in the design after the 'Array/Struct (step 4)' phase of compilation. See the Design Size Report for more details: /home/gkapakos/Desktop/ECE/10th_Semester/Architecture_of_Parallel_Systems/Project/BranchPredictionAI/C_Implementation/BranchPredictionAI/run_model/hls/syn/report/csynth_design_size.rpt
INFO: [HLS 200-1995] There were 5,593 instructions in the design after the 'Array/Struct (step 5)' phase of compilation. See the Design Size Report for more details: /home/gkapakos/Desktop/ECE/10th_Semester/Architecture_of_Parallel_Systems/Project/BranchPredictionAI/C_Implementation/BranchPredictionAI/run_model/hls/syn/report/csynth_design_size.rpt
INFO: [HLS 200-1995] There were 5,077 instructions in the design after the 'Performance (step 1)' phase of compilation. See the Design Size Report for more details: /home/gkapakos/Desktop/ECE/10th_Semester/Architecture_of_Parallel_Systems/Project/BranchPredictionAI/C_Implementation/BranchPredictionAI/run_model/hls/syn/report/csynth_design_size.rpt
INFO: [HLS 200-1995] There were 4,698 instructions in the design after the 'Performance (step 2)' phase of compilation. See the Design Size Report for more details: /home/gkapakos/Desktop/ECE/10th_Semester/Architecture_of_Parallel_Systems/Project/BranchPredictionAI/C_Implementation/BranchPredictionAI/run_model/hls/syn/report/csynth_design_size.rpt
INFO: [HLS 200-1995] There were 16,849 instructions in the design after the 'Performance (step 3)' phase of compilation. See the Design Size Report for more details: /home/gkapakos/Desktop/ECE/10th_Semester/Architecture_of_Parallel_Systems/Project/BranchPredictionAI/C_Implementation/BranchPredictionAI/run_model/hls/syn/report/csynth_design_size.rpt
INFO: [HLS 200-1995] There were 13,425 instructions in the design after the 'Performance (step 4)' phase of compilation. See the Design Size Report for more details: /home/gkapakos/Desktop/ECE/10th_Semester/Architecture_of_Parallel_Systems/Project/BranchPredictionAI/C_Implementation/BranchPredictionAI/run_model/hls/syn/report/csynth_design_size.rpt
INFO: [HLS 200-1995] There were 13,415 instructions in the design after the 'HW Transforms (step 1)' phase of compilation. See the Design Size Report for more details: /home/gkapakos/Desktop/ECE/10th_Semester/Architecture_of_Parallel_Systems/Project/BranchPredictionAI/C_Implementation/BranchPredictionAI/run_model/hls/syn/report/csynth_design_size.rpt
INFO: [HLS 200-1995] There were 13,331 instructions in the design after the 'HW Transforms (step 2)' phase of compilation. See the Design Size Report for more details: /home/gkapakos/Desktop/ECE/10th_Semester/Architecture_of_Parallel_Systems/Project/BranchPredictionAI/C_Implementation/BranchPredictionAI/run_model/hls/syn/report/csynth_design_size.rpt
INFO: [HLS 214-131] Inlining function 'reluf(half)' into 'conv_bn_act_pool(half const*, int, half const*, int, half const*, int, half const*, half const*, half const*, half const*, half, act_t, int, half*)' (../main_5_slices.cpp:123:35)
INFO: [HLS 214-131] Inlining function 'sigmoidf(half)' into 'conv_bn_act_pool(half const*, int, half const*, int, half const*, int, half const*, half const*, half const*, half const*, half, act_t, int, half*)' (../main_5_slices.cpp:123:79)
INFO: [HLS 214-131] Inlining function 'tanhf_fast(half)' into 'conv_bn_act_pool(half const*, int, half const*, int, half const*, int, half const*, half const*, half const*, half const*, half, act_t, int, half*)' (../main_5_slices.cpp:123:63)
INFO: [HLS 214-131] Inlining function 'tanhf_fast(half)' into 'lstm_forward_unidir(half const*, int, int, half const*, half const*, half const*, half*, half*)' (../main_5_slices.cpp:178:22)
INFO: [HLS 214-131] Inlining function 'bn_vector(half*, int, half const*, half const*, half const*, half const*, half)' into 'run_all_slices_unrolled(half*)' (../main_5_slices.cpp:288:9)
INFO: [HLS 214-131] Inlining function 'tanhf_fast(half)' into 'run_all_slices_unrolled(half*)' (../main_5_slices.cpp:346:26)
INFO: [HLS 214-131] Inlining function 'bn_vector(half*, int, half const*, half const*, half const*, half const*, half)' into 'run_model(half*)' (../main_5_slices.cpp:362:5)
INFO: [HLS 214-131] Inlining function 'reluf(half)' into 'run_model(half*)' (../main_5_slices.cpp:363:49)
INFO: [HLS 214-291] Loop 'Loop4Big' is marked as complete unroll implied by the pipeline pragma (../main_5_slices.cpp:116:27)
INFO: [HLS 214-186] Unrolling loop 'Loop4Big' (../main_5_slices.cpp:116:27) in function 'conv_bn_act_pool' completely with a factor of 32 (../main_5_slices.cpp:79:0)
INFO: [HLS 214-248] Applying array_partition to 'BN1_var4': Complete partitioning on dimension 1. (../slice4_weights.h:17315:0)
INFO: [HLS 214-248] Applying array_partition to 'BN1_mean4': Complete partitioning on dimension 1. (../slice4_weights.h:17309:0)
INFO: [HLS 214-248] Applying array_partition to 'BN1_beta4': Complete partitioning on dimension 1. (../slice4_weights.h:17303:0)
INFO: [HLS 214-248] Applying array_partition to 'BN1_gamma4': Complete partitioning on dimension 1. (../slice4_weights.h:17297:0)
INFO: [HLS 214-248] Applying array_partition to 'BN1_var3': Complete partitioning on dimension 1. (../slice3_weights.h:17315:0)
INFO: [HLS 214-248] Applying array_partition to 'BN1_mean3': Complete partitioning on dimension 1. (../slice3_weights.h:17309:0)
INFO: [HLS 214-248] Applying array_partition to 'BN1_beta3': Complete partitioning on dimension 1. (../slice3_weights.h:17303:0)
INFO: [HLS 214-248] Applying array_partition to 'BN1_gamma3': Complete partitioning on dimension 1. (../slice3_weights.h:17297:0)
INFO: [HLS 214-248] Applying array_partition to 'BN1_var2': Complete partitioning on dimension 1. (../slice2_weights.h:17315:0)
INFO: [HLS 214-248] Applying array_partition to 'BN1_mean2': Complete partitioning on dimension 1. (../slice2_weights.h:17309:0)
INFO: [HLS 214-248] Applying array_partition to 'BN1_beta2': Complete partitioning on dimension 1. (../slice2_weights.h:17303:0)
INFO: [HLS 214-248] Applying array_partition to 'BN1_gamma2': Complete partitioning on dimension 1. (../slice2_weights.h:17297:0)
INFO: [HLS 214-248] Applying array_partition to 'BN1_var1': Complete partitioning on dimension 1. (../slice1_weights.h:17315:0)
INFO: [HLS 214-248] Applying array_partition to 'BN1_mean1': Complete partitioning on dimension 1. (../slice1_weights.h:17309:0)
INFO: [HLS 214-248] Applying array_partition to 'BN1_beta1': Complete partitioning on dimension 1. (../slice1_weights.h:17303:0)
INFO: [HLS 214-248] Applying array_partition to 'BN1_gamma1': Complete partitioning on dimension 1. (../slice1_weights.h:17297:0)
INFO: [HLS 214-248] Applying array_partition to 'a_bn': Complete partitioning on dimension 1. (../main_5_slices.cpp:84:10)
INFO: [HLS 214-248] Applying array_partition to 'b_bn': Complete partitioning on dimension 1. (../main_5_slices.cpp:84:19)
INFO: [HLS 214-248] Applying array_partition to 'pool_acc': Complete partitioning on dimension 1. (../main_5_slices.cpp:98:10)
INFO: [HLS 214-376] automatically set the pipeline for Loop< InnerLoopDense> at ../main_5_slices.cpp:203:25 
INFO: [HLS 214-376] automatically set the pipeline for Loop< VITIS_LOOP_146_1> at ../main_5_slices.cpp:146:23 
INFO: [HLS 214-376] automatically set the pipeline for Loop< Loop3_3_1LSTM> at ../main_5_slices.cpp:170:28 
INFO: [HLS 214-376] automatically set the pipeline for Loop< Loop3_2_1LSTM> at ../main_5_slices.cpp:163:28 
INFO: [HLS 214-376] automatically set the pipeline for Loop< Loop2_1LSTM> at ../main_5_slices.cpp:155:15 
INFO: [HLS 214-376] automatically set the pipeline for Loop< MergedLoop> at ../main_5_slices.cpp:276:17 
INFO: [HLS 214-376] automatically set the pipeline for Loop< MergedLoop0> at ../main_5_slices.cpp:289:22 
INFO: [HLS 214-376] automatically set the pipeline for Loop< MergedLoop1> at ../main_5_slices.cpp:303:22 
INFO: [HLS 214-376] automatically set the pipeline for Loop< MergedLoop2> at ../main_5_slices.cpp:317:22 
INFO: [HLS 214-376] automatically set the pipeline for Loop< MergedLoop3> at ../main_5_slices.cpp:331:22 
INFO: [HLS 214-376] automatically set the pipeline for Loop< MergedLoop4> at ../main_5_slices.cpp:345:22 
INFO: [HLS 214-376] automatically set the pipeline for Loop< ReLULoop1> at ../main_5_slices.cpp:363:16 
INFO: [HLS 214-376] automatically set the pipeline for Loop< ReLULoop2> at ../main_5_slices.cpp:368:16 
INFO: [HLS 214-421] Automatically partitioning small array 'y_lin' completely based on array size. (../main_5_slices.cpp:370:10)
INFO: [HLS 214-270] Inferring pragma 'array_partition type=cyclic factor=33 dim=1' for array 'ConvW1' due to pipeline pragma (../main_5_slices.cpp:112:9)
INFO: [HLS 214-270] Inferring pragma 'array_partition type=cyclic factor=33 dim=1' for array 'ConvW2' due to pipeline pragma (../main_5_slices.cpp:112:9)
INFO: [HLS 214-270] Inferring pragma 'array_partition type=cyclic factor=33 dim=1' for array 'ConvW3' due to pipeline pragma (../main_5_slices.cpp:112:9)
INFO: [HLS 214-270] Inferring pragma 'array_partition type=cyclic factor=33 dim=1' for array 'ConvW4' due to pipeline pragma (../main_5_slices.cpp:112:9)
INFO: [HLS 214-270] Inferring pragma 'array_partition type=cyclic factor=16 dim=1' for array 'X_slice12' due to pipeline pragma (../main_5_slices.cpp:112:9)
INFO: [HLS 214-270] Inferring pragma 'array_partition type=cyclic factor=16 dim=1' for array 'X_slice27' due to pipeline pragma (../main_5_slices.cpp:112:9)
INFO: [HLS 214-270] Inferring pragma 'array_partition type=cyclic factor=16 dim=1' for array 'X_slice42' due to pipeline pragma (../main_5_slices.cpp:112:9)
INFO: [HLS 214-270] Inferring pragma 'array_partition type=cyclic factor=16 dim=1' for array 'X_slice57' due to pipeline pragma (../main_5_slices.cpp:112:9)
INFO: [HLS 214-270] Inferring pragma 'array_partition type=complete dim=1' for array 'y_lin' due to pipeline pragma (../main_5_slices.cpp:370:10)
INFO: [HLS 214-248] Applying array_partition to 'X_slice57': Cyclic partitioning with factor 16 on dimension 1.
INFO: [HLS 214-248] Applying array_partition to 'X_slice42': Cyclic partitioning with factor 16 on dimension 1.
INFO: [HLS 214-248] Applying array_partition to 'X_slice27': Cyclic partitioning with factor 16 on dimension 1.
INFO: [HLS 214-248] Applying array_partition to 'X_slice12': Cyclic partitioning with factor 16 on dimension 1.
INFO: [HLS 214-248] Applying array_partition to 'ConvW4': Cyclic partitioning with factor 33 on dimension 1. (../slice4_weights.h:16393:0)
INFO: [HLS 214-248] Applying array_partition to 'ConvW3': Cyclic partitioning with factor 33 on dimension 1. (../slice3_weights.h:16393:0)
INFO: [HLS 214-248] Applying array_partition to 'ConvW2': Cyclic partitioning with factor 33 on dimension 1. (../slice2_weights.h:16393:0)
INFO: [HLS 214-248] Applying array_partition to 'ConvW1': Cyclic partitioning with factor 33 on dimension 1. (../slice1_weights.h:16393:0)
INFO: [HLS 214-248] Applying array_partition to 'y_lin': Complete partitioning on dimension 1. (../main_5_slices.cpp:370:10)
INFO: [HLS 200-111] Finished Compiling Optimization and Transform: CPU user time: 21.81 seconds. CPU system time: 0.42 seconds. Elapsed time: 22.94 seconds; current allocated memory: 249.691 MB.
INFO: [HLS 200-111] Finished Checking Pragmas: CPU user time: 0 seconds. CPU system time: 0 seconds. Elapsed time: 0 seconds; current allocated memory: 249.691 MB.
INFO: [HLS 200-10] Starting code transformations ...
INFO: [HLS 200-111] Finished Standard Transforms: CPU user time: 2.17 seconds. CPU system time: 0 seconds. Elapsed time: 2.18 seconds; current allocated memory: 268.121 MB.
INFO: [HLS 200-10] Checking synthesizability ...
INFO: [XFORM 203-602] Inlining function 'dense_forward' into 'run_model' (../main_5_slices.cpp:361) automatically.
INFO: [XFORM 203-602] Inlining function 'dense_forward.1' into 'run_model' (../main_5_slices.cpp:366) automatically.
WARNING: [SYNCHK 200-77] The top function 'run_model' (../main_5_slices.cpp:351) has no outputs. Possible cause(s) are: (1) Output parameters are passed by value; (2) intended outputs (parameters or global variables) are never written; (3) there are infinite loops.
INFO: [SYNCHK 200-10] 0 error(s), 1 warning(s).
INFO: [HLS 200-111] Finished Checking Synthesizability: CPU user time: 0.9 seconds. CPU system time: 0.01 seconds. Elapsed time: 0.92 seconds; current allocated memory: 278.652 MB.
INFO: [XFORM 203-602] Inlining function 'dense_forward' into 'run_model' (../main_5_slices.cpp:361) automatically.
INFO: [XFORM 203-602] Inlining function 'dense_forward.1' into 'run_model' (../main_5_slices.cpp:366) automatically.
INFO: [XFORM 203-401] Performing if-conversion on hyperblock from (../main_5_slices.cpp:275:9) to (../main_5_slices.cpp:289:22) in function 'run_all_slices_unrolled'... converting 4 basic blocks.
INFO: [XFORM 203-401] Performing if-conversion on hyperblock from (../main_5_slices.cpp:275:9) to (../main_5_slices.cpp:303:22) in function 'run_all_slices_unrolled'... converting 4 basic blocks.
INFO: [XFORM 203-401] Performing if-conversion on hyperblock from (../main_5_slices.cpp:275:9) to (../main_5_slices.cpp:317:22) in function 'run_all_slices_unrolled'... converting 4 basic blocks.
INFO: [XFORM 203-401] Performing if-conversion on hyperblock from (../main_5_slices.cpp:275:9) to (../main_5_slices.cpp:331:22) in function 'run_all_slices_unrolled'... converting 4 basic blocks.
INFO: [XFORM 203-401] Performing if-conversion on hyperblock from (../main_5_slices.cpp:275:9) to (../main_5_slices.cpp:345:22) in function 'run_all_slices_unrolled'... converting 4 basic blocks.
INFO: [XFORM 203-401] Performing if-conversion on hyperblock from (../main_5_slices.cpp:174:9) to (../main_5_slices.cpp:173:22) in function 'lstm_forward_unidir'... converting 7 basic blocks.
INFO: [XFORM 203-401] Performing if-conversion on hyperblock from (../main_5_slices.cpp:101:9) to (../main_5_slices.cpp:100:15) in function 'conv_bn_act_pool.4'... converting 3 basic blocks.
INFO: [XFORM 203-401] Performing if-conversion on hyperblock from (../main_5_slices.cpp:101:9) to (../main_5_slices.cpp:100:15) in function 'conv_bn_act_pool.3'... converting 3 basic blocks.
INFO: [XFORM 203-401] Performing if-conversion on hyperblock from (../main_5_slices.cpp:101:9) to (../main_5_slices.cpp:100:15) in function 'conv_bn_act_pool.2'... converting 3 basic blocks.
INFO: [XFORM 203-401] Performing if-conversion on hyperblock from (../main_5_slices.cpp:101:9) to (../main_5_slices.cpp:100:15) in function 'conv_bn_act_pool'... converting 3 basic blocks.
INFO: [HLS 200-111] Finished Loop, function and other optimizations: CPU user time: 8.63 seconds. CPU system time: 0.02 seconds. Elapsed time: 8.68 seconds; current allocated memory: 312.391 MB.
INFO: [HLS 200-2061] Successfully converted nested loops 'OuterLoopDense'(../main_5_slices.cpp:200:21) and 'InnerLoopDense'(../main_5_slices.cpp:203:25) in function 'run_model' into perfectly nested loops.
INFO: [HLS 200-2061] Successfully converted nested loops 'OuterLoopDense'(../main_5_slices.cpp:200:21) and 'InnerLoopDense'(../main_5_slices.cpp:203:25) in function 'run_model' into perfectly nested loops.
INFO: [HLS 200-2061] Successfully converted nested loops 'Loop2_2LSTM'(../main_5_slices.cpp:159:22) and 'Loop3_2_1LSTM'(../main_5_slices.cpp:163:28) in function 'lstm_forward_unidir' into perfectly nested loops.
INFO: [HLS 200-2061] Successfully converted nested loops 'Loop2_3LSTM'(../main_5_slices.cpp:166:22) and 'Loop3_3_1LSTM'(../main_5_slices.cpp:170:28) in function 'lstm_forward_unidir' into perfectly nested loops.
INFO: [XFORM 203-541] Flattening a loop nest 'OuterLoopDense' (../main_5_slices.cpp:200:21) in function 'run_model'.
INFO: [XFORM 203-541] Flattening a loop nest 'OuterLoopDense' (../main_5_slices.cpp:200:21) in function 'run_model'.
INFO: [XFORM 203-541] Flattening a loop nest 'Loop2_2LSTM' (../main_5_slices.cpp:159:22) in function 'lstm_forward_unidir'.
INFO: [XFORM 203-541] Flattening a loop nest 'Loop2_3LSTM' (../main_5_slices.cpp:166:22) in function 'lstm_forward_unidir'.
WARNING: [HLS 200-960] Cannot flatten loop 'Loop2Big' (../main_5_slices.cpp:108:12) in function 'conv_bn_act_pool.4' the outer loop is not a perfect loop because there is nontrivial logic before entering the inner loop.
Resolution: For help on HLS 200-960 see docs.xilinx.com/access/sources/dita/topic?Doc_Version=2024.2%20English&url=ug1448-hls-guidance&resourceid=200-960.html
WARNING: [HLS 200-960] Cannot flatten loop 'Loop2Big' (../main_5_slices.cpp:108:12) in function 'conv_bn_act_pool.3' the outer loop is not a perfect loop because there is nontrivial logic before entering the inner loop.
Resolution: For help on HLS 200-960 see docs.xilinx.com/access/sources/dita/topic?Doc_Version=2024.2%20English&url=ug1448-hls-guidance&resourceid=200-960.html
WARNING: [HLS 200-960] Cannot flatten loop 'Loop2Big' (../main_5_slices.cpp:108:12) in function 'conv_bn_act_pool.2' the outer loop is not a perfect loop because there is nontrivial logic before entering the inner loop.
Resolution: For help on HLS 200-960 see docs.xilinx.com/access/sources/dita/topic?Doc_Version=2024.2%20English&url=ug1448-hls-guidance&resourceid=200-960.html
WARNING: [HLS 200-960] Cannot flatten loop 'Loop2Big' (../main_5_slices.cpp:108:12) in function 'conv_bn_act_pool' the outer loop is not a perfect loop because there is nontrivial logic before entering the inner loop.
Resolution: For help on HLS 200-960 see docs.xilinx.com/access/sources/dita/topic?Doc_Version=2024.2%20English&url=ug1448-hls-guidance&resourceid=200-960.html
INFO: [HLS 200-111] Finished Architecture Synthesis: CPU user time: 5.84 seconds. CPU system time: 0.1 seconds. Elapsed time: 5.95 seconds; current allocated memory: 692.824 MB.
INFO: [HLS 200-10] Starting hardware synthesis ...
INFO: [HLS 200-10] Synthesizing 'run_model' ...
WARNING: [SYN 201-103] Legalizing function name 'conv_bn_act_pool.2_Pipeline_BNParamsLoop' to 'conv_bn_act_pool_2_Pipeline_BNParamsLoop'.
WARNING: [SYN 201-103] Legalizing function name 'conv_bn_act_pool.2_Pipeline_Loop3_1Big' to 'conv_bn_act_pool_2_Pipeline_Loop3_1Big'.
WARNING: [SYN 201-103] Legalizing function name 'conv_bn_act_pool.2_Pipeline_Loop3_2Big' to 'conv_bn_act_pool_2_Pipeline_Loop3_2Big'.
WARNING: [SYN 201-103] Legalizing function name 'conv_bn_act_pool.2' to 'conv_bn_act_pool_2'.
WARNING: [SYN 201-103] Legalizing function name 'conv_bn_act_pool.3_Pipeline_BNParamsLoop' to 'conv_bn_act_pool_3_Pipeline_BNParamsLoop'.
WARNING: [SYN 201-103] Legalizing function name 'conv_bn_act_pool.3_Pipeline_Loop3_1Big' to 'conv_bn_act_pool_3_Pipeline_Loop3_1Big'.
WARNING: [SYN 201-103] Legalizing function name 'conv_bn_act_pool.3_Pipeline_Loop3_2Big' to 'conv_bn_act_pool_3_Pipeline_Loop3_2Big'.
WARNING: [SYN 201-103] Legalizing function name 'conv_bn_act_pool.3' to 'conv_bn_act_pool_3'.
WARNING: [SYN 201-103] Legalizing function name 'conv_bn_act_pool.4_Pipeline_BNParamsLoop' to 'conv_bn_act_pool_4_Pipeline_BNParamsLoop'.
WARNING: [SYN 201-103] Legalizing function name 'conv_bn_act_pool.4_Pipeline_Loop3_1Big' to 'conv_bn_act_pool_4_Pipeline_Loop3_1Big'.
WARNING: [SYN 201-103] Legalizing function name 'conv_bn_act_pool.4_Pipeline_Loop3_2Big' to 'conv_bn_act_pool_4_Pipeline_Loop3_2Big'.
WARNING: [SYN 201-103] Legalizing function name 'conv_bn_act_pool.4' to 'conv_bn_act_pool_4'.
INFO: [HLS 200-10] ----------------------------------------------------------------
INFO: [HLS 200-42] -- Implementing module 'run_all_slices_unrolled_Pipeline_MergedLoop' 
INFO: [HLS 200-10] ----------------------------------------------------------------
INFO: [SCHED 204-11] Starting scheduling ...
INFO: [SCHED 204-61] Pipelining loop 'MergedLoop'.
INFO: [HLS 200-1470] Pipelining result : Target II = NA, Final II = 1, Depth = 1, loop 'MergedLoop'
INFO: [SCHED 204-11] Finished scheduling.
INFO: [HLS 200-111] Finished Scheduling: CPU user time: 1.1 seconds. CPU system time: 0.04 seconds. Elapsed time: 1.15 seconds; current allocated memory: 696.680 MB.
INFO: [BIND 205-100] Starting micro-architecture generation ...
INFO: [BIND 205-101] Performing variable lifetime analysis.
INFO: [BIND 205-101] Exploring resource sharing.
INFO: [BIND 205-101] Binding ...
INFO: [BIND 205-100] Finished micro-architecture generation.
INFO: [HLS 200-111] Finished Binding: CPU user time: 0.01 seconds. CPU system time: 0.01 seconds. Elapsed time: 0.01 seconds; current allocated memory: 696.680 MB.
INFO: [HLS 200-10] ----------------------------------------------------------------
INFO: [HLS 200-42] -- Implementing module 'lstm_forward_unidir_Pipeline_VITIS_LOOP_146_1' 
INFO: [HLS 200-10] ----------------------------------------------------------------
INFO: [SCHED 204-11] Starting scheduling ...
INFO: [SCHED 204-61] Pipelining loop 'VITIS_LOOP_146_1'.
INFO: [HLS 200-1470] Pipelining result : Target II = NA, Final II = 1, Depth = 1, loop 'VITIS_LOOP_146_1'
INFO: [SCHED 204-11] Finished scheduling.
INFO: [HLS 200-111] Finished Scheduling: CPU user time: 0.02 seconds. CPU system time: 0 seconds. Elapsed time: 0.02 seconds; current allocated memory: 696.836 MB.
INFO: [BIND 205-100] Starting micro-architecture generation ...
INFO: [BIND 205-101] Performing variable lifetime analysis.
INFO: [BIND 205-101] Exploring resource sharing.
INFO: [BIND 205-101] Binding ...
INFO: [BIND 205-100] Finished micro-architecture generation.
INFO: [HLS 200-111] Finished Binding: CPU user time: 0.02 seconds. CPU system time: 0 seconds. Elapsed time: 0.01 seconds; current allocated memory: 696.836 MB.
INFO: [HLS 200-10] ----------------------------------------------------------------
INFO: [HLS 200-42] -- Implementing module 'lstm_forward_unidir_Pipeline_Loop2_1LSTM' 
INFO: [HLS 200-10] ----------------------------------------------------------------
INFO: [SCHED 204-11] Starting scheduling ...
INFO: [SCHED 204-61] Pipelining loop 'Loop2_1LSTM'.
INFO: [HLS 200-1470] Pipelining result : Target II = NA, Final II = 1, Depth = 5, loop 'Loop2_1LSTM'
INFO: [SCHED 204-11] Finished scheduling.
INFO: [HLS 200-111] Finished Scheduling: CPU user time: 0.02 seconds. CPU system time: 0 seconds. Elapsed time: 0.03 seconds; current allocated memory: 697.102 MB.
INFO: [BIND 205-100] Starting micro-architecture generation ...
INFO: [BIND 205-101] Performing variable lifetime analysis.
INFO: [BIND 205-101] Exploring resource sharing.
INFO: [BIND 205-101] Binding ...
INFO: [BIND 205-100] Finished micro-architecture generation.
INFO: [HLS 200-111] Finished Binding: CPU user time: 0.01 seconds. CPU system time: 0 seconds. Elapsed time: 0.01 seconds; current allocated memory: 697.102 MB.
INFO: [HLS 200-10] ----------------------------------------------------------------
INFO: [HLS 200-42] -- Implementing module 'lstm_forward_unidir' 
INFO: [HLS 200-10] ----------------------------------------------------------------
INFO: [SCHED 204-11] Starting scheduling ...
INFO: [SCHED 204-61] Pipelining loop 'Loop2_2LSTM_Loop3_2_1LSTM'.
INFO: [SCHED 204-61] Pipelining loop 'Loop2_3LSTM_Loop3_3_1LSTM'.
INFO: [HLS 200-1470] Pipelining result : Target II = NA, Final II = 1, Depth = 13, loop 'Loop2_2LSTM_Loop3_2_1LSTM'
INFO: [HLS 200-1470] Pipelining result : Target II = NA, Final II = 1, Depth = 13, loop 'Loop2_3LSTM_Loop3_3_1LSTM'
INFO: [SCHED 204-11] Finished scheduling.
INFO: [HLS 200-111] Finished Scheduling: CPU user time: 0.11 seconds. CPU system time: 0 seconds. Elapsed time: 0.11 seconds; current allocated memory: 698.023 MB.
INFO: [BIND 205-100] Starting micro-architecture generation ...
INFO: [BIND 205-101] Performing variable lifetime analysis.
INFO: [BIND 205-101] Exploring resource sharing.
INFO: [BIND 205-101] Binding ...
INFO: [BIND 205-100] Finished micro-architecture generation.
INFO: [HLS 200-111] Finished Binding: CPU user time: 0.03 seconds. CPU system time: 0 seconds. Elapsed time: 0.03 seconds; current allocated memory: 698.168 MB.
INFO: [HLS 200-10] ----------------------------------------------------------------
INFO: [HLS 200-42] -- Implementing module 'run_all_slices_unrolled_Pipeline_Loop_BN' 
INFO: [HLS 200-10] ----------------------------------------------------------------
INFO: [SCHED 204-11] Starting scheduling ...
INFO: [SCHED 204-61] Pipelining loop 'Loop_BN'.
INFO: [HLS 200-1470] Pipelining result : Target II = NA, Final II = 1, Depth = 39, loop 'Loop_BN'
INFO: [SCHED 204-11] Finished scheduling.
INFO: [HLS 200-111] Finished Scheduling: CPU user time: 0.04 seconds. CPU system time: 0 seconds. Elapsed time: 0.05 seconds; current allocated memory: 699.285 MB.
INFO: [BIND 205-100] Starting micro-architecture generation ...
INFO: [BIND 205-101] Performing variable lifetime analysis.
INFO: [BIND 205-101] Exploring resource sharing.
INFO: [BIND 205-101] Binding ...
INFO: [BIND 205-100] Finished micro-architecture generation.
INFO: [HLS 200-111] Finished Binding: CPU user time: 0.02 seconds. CPU system time: 0 seconds. Elapsed time: 0.01 seconds; current allocated memory: 699.285 MB.
INFO: [HLS 200-10] ----------------------------------------------------------------
INFO: [HLS 200-42] -- Implementing module 'run_all_slices_unrolled_Pipeline_MergedLoop0' 
INFO: [HLS 200-10] ----------------------------------------------------------------
INFO: [SCHED 204-11] Starting scheduling ...
INFO: [SCHED 204-61] Pipelining loop 'MergedLoop0'.
INFO: [HLS 200-1470] Pipelining result : Target II = NA, Final II = 1, Depth = 8, loop 'MergedLoop0'
INFO: [SCHED 204-11] Finished scheduling.
INFO: [HLS 200-111] Finished Scheduling: CPU user time: 0.02 seconds. CPU system time: 0.01 seconds. Elapsed time: 0.02 seconds; current allocated memory: 699.812 MB.
INFO: [BIND 205-100] Starting micro-architecture generation ...
INFO: [BIND 205-101] Performing variable lifetime analysis.
INFO: [BIND 205-101] Exploring resource sharing.
INFO: [BIND 205-101] Binding ...
INFO: [BIND 205-100] Finished micro-architecture generation.
INFO: [HLS 200-111] Finished Binding: CPU user time: 0.02 seconds. CPU system time: 0 seconds. Elapsed time: 0.02 seconds; current allocated memory: 699.812 MB.
INFO: [HLS 200-10] ----------------------------------------------------------------
INFO: [HLS 200-42] -- Implementing module 'conv_bn_act_pool_Pipeline_BNParamsLoop' 
INFO: [HLS 200-10] ----------------------------------------------------------------
INFO: [SCHED 204-11] Starting scheduling ...
INFO: [SCHED 204-61] Pipelining loop 'BNParamsLoop'.
INFO: [HLS 200-1470] Pipelining result : Target II = NA, Final II = 1, Depth = 38, loop 'BNParamsLoop'
INFO: [SCHED 204-11] Finished scheduling.
INFO: [HLS 200-111] Finished Scheduling: CPU user time: 0.11 seconds. CPU system time: 0 seconds. Elapsed time: 0.11 seconds; current allocated memory: 702.020 MB.
INFO: [BIND 205-100] Starting micro-architecture generation ...
INFO: [BIND 205-101] Performing variable lifetime analysis.
INFO: [BIND 205-101] Exploring resource sharing.
INFO: [BIND 205-101] Binding ...
INFO: [BIND 205-100] Finished micro-architecture generation.
INFO: [HLS 200-111] Finished Binding: CPU user time: 0.04 seconds. CPU system time: 0 seconds. Elapsed time: 0.04 seconds; current allocated memory: 702.020 MB.
INFO: [HLS 200-10] ----------------------------------------------------------------
INFO: [HLS 200-42] -- Implementing module 'conv_bn_act_pool_Pipeline_Loop3_1Big' 
INFO: [HLS 200-10] ----------------------------------------------------------------
INFO: [SCHED 204-11] Starting scheduling ...
INFO: [SCHED 204-61] Pipelining loop 'Loop3_1Big'.
WARNING: [HLS 200-880] The II Violation in module 'conv_bn_act_pool_Pipeline_Loop3_1Big' (loop 'Loop3_1Big'): Unable to enforce a carried dependence constraint (II = 1, distance = 1, offset = 1) between 'hadd' operation 16 bit ('acc', ../main_5_slices.cpp:118) and 'hadd' operation 16 bit ('acc', ../main_5_slices.cpp:118).
Resolution: For help on HLS 200-880 see docs.xilinx.com/access/sources/dita/topic?Doc_Version=2024.2%20English&url=ug1448-hls-guidance&resourceid=200-880.html
WARNING: [HLS 200-880] The II Violation in module 'conv_bn_act_pool_Pipeline_Loop3_1Big' (loop 'Loop3_1Big'): Unable to enforce a carried dependence constraint (II = 2, distance = 1, offset = 1) between 'hadd' operation 16 bit ('acc', ../main_5_slices.cpp:118) and 'hadd' operation 16 bit ('acc', ../main_5_slices.cpp:118).
Resolution: For help on HLS 200-880 see docs.xilinx.com/access/sources/dita/topic?Doc_Version=2024.2%20English&url=ug1448-hls-guidance&resourceid=200-880.html
WARNING: [HLS 200-880] The II Violation in module 'conv_bn_act_pool_Pipeline_Loop3_1Big' (loop 'Loop3_1Big'): Unable to enforce a carried dependence constraint (II = 3, distance = 1, offset = 1) between 'hadd' operation 16 bit ('acc', ../main_5_slices.cpp:118) and 'hadd' operation 16 bit ('acc', ../main_5_slices.cpp:118).
Resolution: For help on HLS 200-880 see docs.xilinx.com/access/sources/dita/topic?Doc_Version=2024.2%20English&url=ug1448-hls-guidance&resourceid=200-880.html
WARNING: [HLS 200-880] The II Violation in module 'conv_bn_act_pool_Pipeline_Loop3_1Big' (loop 'Loop3_1Big'): Unable to enforce a carried dependence constraint (II = 4, distance = 1, offset = 1) between 'hadd' operation 16 bit ('acc', ../main_5_slices.cpp:118) and 'hadd' operation 16 bit ('acc', ../main_5_slices.cpp:118).
Resolution: For help on HLS 200-880 see docs.xilinx.com/access/sources/dita/topic?Doc_Version=2024.2%20English&url=ug1448-hls-guidance&resourceid=200-880.html
WARNING: [HLS 200-880] The II Violation in module 'conv_bn_act_pool_Pipeline_Loop3_1Big' (loop 'Loop3_1Big'): Unable to enforce a carried dependence constraint (II = 130, distance = 1, offset = 1) between 'hadd' operation 16 bit ('acc', ../main_5_slices.cpp:118) and 'hadd' operation 16 bit ('acc', ../main_5_slices.cpp:118).
Resolution: For help on HLS 200-880 see docs.xilinx.com/access/sources/dita/topic?Doc_Version=2024.2%20English&url=ug1448-hls-guidance&resourceid=200-880.html
WARNING: [HLS 200-880] The II Violation in module 'conv_bn_act_pool_Pipeline_Loop3_1Big' (loop 'Loop3_1Big'): Unable to enforce a carried dependence constraint (II = 145, distance = 1, offset = 1) between 'hadd' operation 16 bit ('acc', ../main_5_slices.cpp:118) and 'hadd' operation 16 bit ('acc', ../main_5_slices.cpp:118).
Resolution: For help on HLS 200-880 see docs.xilinx.com/access/sources/dita/topic?Doc_Version=2024.2%20English&url=ug1448-hls-guidance&resourceid=200-880.html
WARNING: [HLS 200-880] The II Violation in module 'conv_bn_act_pool_Pipeline_Loop3_1Big' (loop 'Loop3_1Big'): Unable to enforce a carried dependence constraint (II = 153, distance = 1, offset = 1) between 'hadd' operation 16 bit ('acc', ../main_5_slices.cpp:118) and 'hadd' operation 16 bit ('acc', ../main_5_slices.cpp:118).
Resolution: For help on HLS 200-880 see docs.xilinx.com/access/sources/dita/topic?Doc_Version=2024.2%20English&url=ug1448-hls-guidance&resourceid=200-880.html
WARNING: [HLS 200-880] The II Violation in module 'conv_bn_act_pool_Pipeline_Loop3_1Big' (loop 'Loop3_1Big'): Unable to enforce a carried dependence constraint (II = 157, distance = 1, offset = 1) between 'hadd' operation 16 bit ('acc', ../main_5_slices.cpp:118) and 'hadd' operation 16 bit ('acc', ../main_5_slices.cpp:118).
Resolution: For help on HLS 200-880 see docs.xilinx.com/access/sources/dita/topic?Doc_Version=2024.2%20English&url=ug1448-hls-guidance&resourceid=200-880.html
WARNING: [HLS 200-880] The II Violation in module 'conv_bn_act_pool_Pipeline_Loop3_1Big' (loop 'Loop3_1Big'): Unable to enforce a carried dependence constraint (II = 159, distance = 1, offset = 1) between 'hadd' operation 16 bit ('acc', ../main_5_slices.cpp:118) and 'hadd' operation 16 bit ('acc', ../main_5_slices.cpp:118).
Resolution: For help on HLS 200-880 see docs.xilinx.com/access/sources/dita/topic?Doc_Version=2024.2%20English&url=ug1448-hls-guidance&resourceid=200-880.html
INFO: [HLS 200-1470] Pipelining result : Target II = NA, Final II = 160, Depth = 181, loop 'Loop3_1Big'
INFO: [SCHED 204-11] Finished scheduling.
INFO: [HLS 200-111] Finished Scheduling: CPU user time: 6.49 seconds. CPU system time: 0.01 seconds. Elapsed time: 6.5 seconds; current allocated memory: 733.637 MB.
INFO: [BIND 205-100] Starting micro-architecture generation ...
INFO: [BIND 205-101] Performing variable lifetime analysis.
INFO: [BIND 205-101] Exploring resource sharing.
INFO: [BIND 205-101] Binding ...
INFO: [BIND 205-100] Finished micro-architecture generation.
INFO: [HLS 200-111] Finished Binding: CPU user time: 0.98 seconds. CPU system time: 0.01 seconds. Elapsed time: 0.99 seconds; current allocated memory: 733.637 MB.
INFO: [HLS 200-10] ----------------------------------------------------------------
INFO: [HLS 200-42] -- Implementing module 'conv_bn_act_pool_Pipeline_Loop3_2Big' 
INFO: [HLS 200-10] ----------------------------------------------------------------
INFO: [SCHED 204-11] Starting scheduling ...
INFO: [SCHED 204-61] Pipelining loop 'Loop3_2Big'.
INFO: [HLS 200-1470] Pipelining result : Target II = NA, Final II = 1, Depth = 9, loop 'Loop3_2Big'
INFO: [SCHED 204-11] Finished scheduling.
INFO: [HLS 200-111] Finished Scheduling: CPU user time: 0.36 seconds. CPU system time: 0.02 seconds. Elapsed time: 0.39 seconds; current allocated memory: 733.637 MB.
INFO: [BIND 205-100] Starting micro-architecture generation ...
INFO: [BIND 205-101] Performing variable lifetime analysis.
INFO: [BIND 205-101] Exploring resource sharing.
INFO: [BIND 205-101] Binding ...
INFO: [BIND 205-100] Finished micro-architecture generation.
INFO: [HLS 200-111] Finished Binding: CPU user time: 0.03 seconds. CPU system time: 0 seconds. Elapsed time: 0.02 seconds; current allocated memory: 733.637 MB.
INFO: [HLS 200-10] ----------------------------------------------------------------
INFO: [HLS 200-42] -- Implementing module 'conv_bn_act_pool' 
INFO: [HLS 200-10] ----------------------------------------------------------------
INFO: [SCHED 204-11] Starting scheduling ...
INFO: [SCHED 204-11] Finished scheduling.
INFO: [HLS 200-111] Finished Scheduling: CPU user time: 0.12 seconds. CPU system time: 0.01 seconds. Elapsed time: 0.14 seconds; current allocated memory: 734.992 MB.
INFO: [BIND 205-100] Starting micro-architecture generation ...
INFO: [BIND 205-101] Performing variable lifetime analysis.
INFO: [BIND 205-101] Exploring resource sharing.
INFO: [BIND 205-101] Binding ...
INFO: [BIND 205-100] Finished micro-architecture generation.
INFO: [HLS 200-111] Finished Binding: CPU user time: 0.06 seconds. CPU system time: 0 seconds. Elapsed time: 0.07 seconds; current allocated memory: 734.992 MB.
INFO: [HLS 200-10] ----------------------------------------------------------------
INFO: [HLS 200-42] -- Implementing module 'run_all_slices_unrolled_Pipeline_Loop_BN2' 
INFO: [HLS 200-10] ----------------------------------------------------------------
INFO: [SCHED 204-11] Starting scheduling ...
INFO: [SCHED 204-61] Pipelining loop 'Loop_BN'.
INFO: [HLS 200-1470] Pipelining result : Target II = NA, Final II = 1, Depth = 39, loop 'Loop_BN'
INFO: [SCHED 204-11] Finished scheduling.
INFO: [HLS 200-111] Finished Scheduling: CPU user time: 0.1 seconds. CPU system time: 0 seconds. Elapsed time: 0.11 seconds; current allocated memory: 734.992 MB.
INFO: [BIND 205-100] Starting micro-architecture generation ...
INFO: [BIND 205-101] Performing variable lifetime analysis.
INFO: [BIND 205-101] Exploring resource sharing.
INFO: [BIND 205-101] Binding ...
INFO: [BIND 205-100] Finished micro-architecture generation.
INFO: [HLS 200-111] Finished Binding: CPU user time: 0.02 seconds. CPU system time: 0.01 seconds. Elapsed time: 0.02 seconds; current allocated memory: 734.992 MB.
INFO: [HLS 200-10] ----------------------------------------------------------------
INFO: [HLS 200-42] -- Implementing module 'run_all_slices_unrolled_Pipeline_MergedLoop1' 
INFO: [HLS 200-10] ----------------------------------------------------------------
INFO: [SCHED 204-11] Starting scheduling ...
INFO: [SCHED 204-61] Pipelining loop 'MergedLoop1'.
INFO: [HLS 200-1470] Pipelining result : Target II = NA, Final II = 1, Depth = 8, loop 'MergedLoop1'
INFO: [SCHED 204-11] Finished scheduling.
INFO: [HLS 200-111] Finished Scheduling: CPU user time: 0.03 seconds. CPU system time: 0 seconds. Elapsed time: 0.03 seconds; current allocated memory: 735.184 MB.
INFO: [BIND 205-100] Starting micro-architecture generation ...
INFO: [BIND 205-101] Performing variable lifetime analysis.
INFO: [BIND 205-101] Exploring resource sharing.
INFO: [BIND 205-101] Binding ...
INFO: [BIND 205-100] Finished micro-architecture generation.
INFO: [HLS 200-111] Finished Binding: CPU user time: 0.02 seconds. CPU system time: 0 seconds. Elapsed time: 0.02 seconds; current allocated memory: 735.184 MB.
INFO: [HLS 200-10] ----------------------------------------------------------------
INFO: [HLS 200-42] -- Implementing module 'conv_bn_act_pool_2_Pipeline_BNParamsLoop' 
INFO: [HLS 200-10] ----------------------------------------------------------------
INFO: [SCHED 204-11] Starting scheduling ...
INFO: [SCHED 204-61] Pipelining loop 'BNParamsLoop'.
INFO: [HLS 200-1470] Pipelining result : Target II = NA, Final II = 1, Depth = 38, loop 'BNParamsLoop'
INFO: [SCHED 204-11] Finished scheduling.
INFO: [HLS 200-111] Finished Scheduling: CPU user time: 0.1 seconds. CPU system time: 0 seconds. Elapsed time: 0.1 seconds; current allocated memory: 737.188 MB.
INFO: [BIND 205-100] Starting micro-architecture generation ...
INFO: [BIND 205-101] Performing variable lifetime analysis.
INFO: [BIND 205-101] Exploring resource sharing.
INFO: [BIND 205-101] Binding ...
INFO: [BIND 205-100] Finished micro-architecture generation.
INFO: [HLS 200-111] Finished Binding: CPU user time: 0.04 seconds. CPU system time: 0.01 seconds. Elapsed time: 0.04 seconds; current allocated memory: 737.188 MB.
INFO: [HLS 200-10] ----------------------------------------------------------------
INFO: [HLS 200-42] -- Implementing module 'conv_bn_act_pool_2_Pipeline_Loop3_1Big' 
INFO: [HLS 200-10] ----------------------------------------------------------------
INFO: [SCHED 204-11] Starting scheduling ...
INFO: [SCHED 204-61] Pipelining loop 'Loop3_1Big'.
WARNING: [HLS 200-880] The II Violation in module 'conv_bn_act_pool_2_Pipeline_Loop3_1Big' (loop 'Loop3_1Big'): Unable to enforce a carried dependence constraint (II = 1, distance = 1, offset = 1) between 'hadd' operation 16 bit ('acc', ../main_5_slices.cpp:118) and 'hadd' operation 16 bit ('acc', ../main_5_slices.cpp:118).
Resolution: For help on HLS 200-880 see docs.xilinx.com/access/sources/dita/topic?Doc_Version=2024.2%20English&url=ug1448-hls-guidance&resourceid=200-880.html
WARNING: [HLS 200-880] The II Violation in module 'conv_bn_act_pool_2_Pipeline_Loop3_1Big' (loop 'Loop3_1Big'): Unable to enforce a carried dependence constraint (II = 2, distance = 1, offset = 1) between 'hadd' operation 16 bit ('acc', ../main_5_slices.cpp:118) and 'hadd' operation 16 bit ('acc', ../main_5_slices.cpp:118).
Resolution: For help on HLS 200-880 see docs.xilinx.com/access/sources/dita/topic?Doc_Version=2024.2%20English&url=ug1448-hls-guidance&resourceid=200-880.html
WARNING: [HLS 200-880] The II Violation in module 'conv_bn_act_pool_2_Pipeline_Loop3_1Big' (loop 'Loop3_1Big'): Unable to enforce a carried dependence constraint (II = 3, distance = 1, offset = 1) between 'hadd' operation 16 bit ('acc', ../main_5_slices.cpp:118) and 'hadd' operation 16 bit ('acc', ../main_5_slices.cpp:118).
Resolution: For help on HLS 200-880 see docs.xilinx.com/access/sources/dita/topic?Doc_Version=2024.2%20English&url=ug1448-hls-guidance&resourceid=200-880.html
WARNING: [HLS 200-880] The II Violation in module 'conv_bn_act_pool_2_Pipeline_Loop3_1Big' (loop 'Loop3_1Big'): Unable to enforce a carried dependence constraint (II = 4, distance = 1, offset = 1) between 'hadd' operation 16 bit ('acc', ../main_5_slices.cpp:118) and 'hadd' operation 16 bit ('acc', ../main_5_slices.cpp:118).
Resolution: For help on HLS 200-880 see docs.xilinx.com/access/sources/dita/topic?Doc_Version=2024.2%20English&url=ug1448-hls-guidance&resourceid=200-880.html
WARNING: [HLS 200-880] The II Violation in module 'conv_bn_act_pool_2_Pipeline_Loop3_1Big' (loop 'Loop3_1Big'): Unable to enforce a carried dependence constraint (II = 130, distance = 1, offset = 1) between 'hadd' operation 16 bit ('acc', ../main_5_slices.cpp:118) and 'hadd' operation 16 bit ('acc', ../main_5_slices.cpp:118).
Resolution: For help on HLS 200-880 see docs.xilinx.com/access/sources/dita/topic?Doc_Version=2024.2%20English&url=ug1448-hls-guidance&resourceid=200-880.html
WARNING: [HLS 200-880] The II Violation in module 'conv_bn_act_pool_2_Pipeline_Loop3_1Big' (loop 'Loop3_1Big'): Unable to enforce a carried dependence constraint (II = 145, distance = 1, offset = 1) between 'hadd' operation 16 bit ('acc', ../main_5_slices.cpp:118) and 'hadd' operation 16 bit ('acc', ../main_5_slices.cpp:118).
Resolution: For help on HLS 200-880 see docs.xilinx.com/access/sources/dita/topic?Doc_Version=2024.2%20English&url=ug1448-hls-guidance&resourceid=200-880.html
WARNING: [HLS 200-880] The II Violation in module 'conv_bn_act_pool_2_Pipeline_Loop3_1Big' (loop 'Loop3_1Big'): Unable to enforce a carried dependence constraint (II = 153, distance = 1, offset = 1) between 'hadd' operation 16 bit ('acc', ../main_5_slices.cpp:118) and 'hadd' operation 16 bit ('acc', ../main_5_slices.cpp:118).
Resolution: For help on HLS 200-880 see docs.xilinx.com/access/sources/dita/topic?Doc_Version=2024.2%20English&url=ug1448-hls-guidance&resourceid=200-880.html
WARNING: [HLS 200-880] The II Violation in module 'conv_bn_act_pool_2_Pipeline_Loop3_1Big' (loop 'Loop3_1Big'): Unable to enforce a carried dependence constraint (II = 157, distance = 1, offset = 1) between 'hadd' operation 16 bit ('acc', ../main_5_slices.cpp:118) and 'hadd' operation 16 bit ('acc', ../main_5_slices.cpp:118).
Resolution: For help on HLS 200-880 see docs.xilinx.com/access/sources/dita/topic?Doc_Version=2024.2%20English&url=ug1448-hls-guidance&resourceid=200-880.html
WARNING: [HLS 200-880] The II Violation in module 'conv_bn_act_pool_2_Pipeline_Loop3_1Big' (loop 'Loop3_1Big'): Unable to enforce a carried dependence constraint (II = 159, distance = 1, offset = 1) between 'hadd' operation 16 bit ('acc', ../main_5_slices.cpp:118) and 'hadd' operation 16 bit ('acc', ../main_5_slices.cpp:118).
Resolution: For help on HLS 200-880 see docs.xilinx.com/access/sources/dita/topic?Doc_Version=2024.2%20English&url=ug1448-hls-guidance&resourceid=200-880.html
INFO: [HLS 200-1470] Pipelining result : Target II = NA, Final II = 160, Depth = 181, loop 'Loop3_1Big'
INFO: [SCHED 204-11] Finished scheduling.
INFO: [HLS 200-111] Finished Scheduling: CPU user time: 6.39 seconds. CPU system time: 0.01 seconds. Elapsed time: 6.4 seconds; current allocated memory: 762.836 MB.
INFO: [BIND 205-100] Starting micro-architecture generation ...
INFO: [BIND 205-101] Performing variable lifetime analysis.
INFO: [BIND 205-101] Exploring resource sharing.
INFO: [BIND 205-101] Binding ...
INFO: [BIND 205-100] Finished micro-architecture generation.
INFO: [HLS 200-111] Finished Binding: CPU user time: 0.88 seconds. CPU system time: 0.01 seconds. Elapsed time: 0.89 seconds; current allocated memory: 764.090 MB.
INFO: [HLS 200-10] ----------------------------------------------------------------
INFO: [HLS 200-42] -- Implementing module 'conv_bn_act_pool_2_Pipeline_Loop3_2Big' 
INFO: [HLS 200-10] ----------------------------------------------------------------
INFO: [SCHED 204-11] Starting scheduling ...
INFO: [SCHED 204-61] Pipelining loop 'Loop3_2Big'.
INFO: [HLS 200-1470] Pipelining result : Target II = NA, Final II = 1, Depth = 9, loop 'Loop3_2Big'
INFO: [SCHED 204-11] Finished scheduling.
INFO: [HLS 200-111] Finished Scheduling: CPU user time: 0.41 seconds. CPU system time: 0.01 seconds. Elapsed time: 0.44 seconds; current allocated memory: 766.805 MB.
INFO: [BIND 205-100] Starting micro-architecture generation ...
INFO: [BIND 205-101] Performing variable lifetime analysis.
INFO: [BIND 205-101] Exploring resource sharing.
INFO: [BIND 205-101] Binding ...
INFO: [BIND 205-100] Finished micro-architecture generation.
INFO: [HLS 200-111] Finished Binding: CPU user time: 0.05 seconds. CPU system time: 0.01 seconds. Elapsed time: 0.07 seconds; current allocated memory: 766.805 MB.
INFO: [HLS 200-10] ----------------------------------------------------------------
INFO: [HLS 200-42] -- Implementing module 'conv_bn_act_pool_2' 
INFO: [HLS 200-10] ----------------------------------------------------------------
INFO: [SCHED 204-11] Starting scheduling ...
INFO: [SCHED 204-11] Finished scheduling.
INFO: [HLS 200-111] Finished Scheduling: CPU user time: 0.19 seconds. CPU system time: 0 seconds. Elapsed time: 0.2 seconds; current allocated memory: 770.184 MB.
INFO: [BIND 205-100] Starting micro-architecture generation ...
INFO: [BIND 205-101] Performing variable lifetime analysis.
INFO: [BIND 205-101] Exploring resource sharing.
INFO: [BIND 205-101] Binding ...
INFO: [BIND 205-100] Finished micro-architecture generation.
INFO: [HLS 200-111] Finished Binding: CPU user time: 0.07 seconds. CPU system time: 0 seconds. Elapsed time: 0.06 seconds; current allocated memory: 770.184 MB.
INFO: [HLS 200-10] ----------------------------------------------------------------
INFO: [HLS 200-42] -- Implementing module 'run_all_slices_unrolled_Pipeline_Loop_BN3' 
INFO: [HLS 200-10] ----------------------------------------------------------------
INFO: [SCHED 204-11] Starting scheduling ...
INFO: [SCHED 204-61] Pipelining loop 'Loop_BN'.
INFO: [HLS 200-1470] Pipelining result : Target II = NA, Final II = 1, Depth = 39, loop 'Loop_BN'
INFO: [SCHED 204-11] Finished scheduling.
INFO: [HLS 200-111] Finished Scheduling: CPU user time: 0.09 seconds. CPU system time: 0.01 seconds. Elapsed time: 0.1 seconds; current allocated memory: 770.344 MB.
INFO: [BIND 205-100] Starting micro-architecture generation ...
INFO: [BIND 205-101] Performing variable lifetime analysis.
INFO: [BIND 205-101] Exploring resource sharing.
INFO: [BIND 205-101] Binding ...
INFO: [BIND 205-100] Finished micro-architecture generation.
INFO: [HLS 200-111] Finished Binding: CPU user time: 0.02 seconds. CPU system time: 0 seconds. Elapsed time: 0.03 seconds; current allocated memory: 770.344 MB.
INFO: [HLS 200-10] ----------------------------------------------------------------
INFO: [HLS 200-42] -- Implementing module 'run_all_slices_unrolled_Pipeline_MergedLoop2' 
INFO: [HLS 200-10] ----------------------------------------------------------------
INFO: [SCHED 204-11] Starting scheduling ...
INFO: [SCHED 204-61] Pipelining loop 'MergedLoop2'.
INFO: [HLS 200-1470] Pipelining result : Target II = NA, Final II = 1, Depth = 8, loop 'MergedLoop2'
INFO: [SCHED 204-11] Finished scheduling.
INFO: [HLS 200-111] Finished Scheduling: CPU user time: 0.03 seconds. CPU system time: 0 seconds. Elapsed time: 0.03 seconds; current allocated memory: 770.777 MB.
INFO: [BIND 205-100] Starting micro-architecture generation ...
INFO: [BIND 205-101] Performing variable lifetime analysis.
INFO: [BIND 205-101] Exploring resource sharing.
INFO: [BIND 205-101] Binding ...
INFO: [BIND 205-100] Finished micro-architecture generation.
INFO: [HLS 200-111] Finished Binding: CPU user time: 0.01 seconds. CPU system time: 0 seconds. Elapsed time: 0.02 seconds; current allocated memory: 770.777 MB.
INFO: [HLS 200-10] ----------------------------------------------------------------
INFO: [HLS 200-42] -- Implementing module 'conv_bn_act_pool_3_Pipeline_BNParamsLoop' 
INFO: [HLS 200-10] ----------------------------------------------------------------
INFO: [SCHED 204-11] Starting scheduling ...
INFO: [SCHED 204-61] Pipelining loop 'BNParamsLoop'.
INFO: [HLS 200-1470] Pipelining result : Target II = NA, Final II = 1, Depth = 38, loop 'BNParamsLoop'
INFO: [SCHED 204-11] Finished scheduling.
INFO: [HLS 200-111] Finished Scheduling: CPU user time: 0.1 seconds. CPU system time: 0 seconds. Elapsed time: 0.1 seconds; current allocated memory: 772.535 MB.
INFO: [BIND 205-100] Starting micro-architecture generation ...
INFO: [BIND 205-101] Performing variable lifetime analysis.
INFO: [BIND 205-101] Exploring resource sharing.
INFO: [BIND 205-101] Binding ...
INFO: [BIND 205-100] Finished micro-architecture generation.
INFO: [HLS 200-111] Finished Binding: CPU user time: 0.06 seconds. CPU system time: 0.01 seconds. Elapsed time: 0.06 seconds; current allocated memory: 772.535 MB.
INFO: [HLS 200-10] ----------------------------------------------------------------
INFO: [HLS 200-42] -- Implementing module 'conv_bn_act_pool_3_Pipeline_Loop3_1Big' 
INFO: [HLS 200-10] ----------------------------------------------------------------
INFO: [SCHED 204-11] Starting scheduling ...
INFO: [SCHED 204-61] Pipelining loop 'Loop3_1Big'.
WARNING: [HLS 200-880] The II Violation in module 'conv_bn_act_pool_3_Pipeline_Loop3_1Big' (loop 'Loop3_1Big'): Unable to enforce a carried dependence constraint (II = 1, distance = 1, offset = 1) between 'hadd' operation 16 bit ('acc', ../main_5_slices.cpp:118) and 'hadd' operation 16 bit ('acc', ../main_5_slices.cpp:118).
Resolution: For help on HLS 200-880 see docs.xilinx.com/access/sources/dita/topic?Doc_Version=2024.2%20English&url=ug1448-hls-guidance&resourceid=200-880.html
WARNING: [HLS 200-880] The II Violation in module 'conv_bn_act_pool_3_Pipeline_Loop3_1Big' (loop 'Loop3_1Big'): Unable to enforce a carried dependence constraint (II = 2, distance = 1, offset = 1) between 'hadd' operation 16 bit ('acc', ../main_5_slices.cpp:118) and 'hadd' operation 16 bit ('acc', ../main_5_slices.cpp:118).
Resolution: For help on HLS 200-880 see docs.xilinx.com/access/sources/dita/topic?Doc_Version=2024.2%20English&url=ug1448-hls-guidance&resourceid=200-880.html
WARNING: [HLS 200-880] The II Violation in module 'conv_bn_act_pool_3_Pipeline_Loop3_1Big' (loop 'Loop3_1Big'): Unable to enforce a carried dependence constraint (II = 3, distance = 1, offset = 1) between 'hadd' operation 16 bit ('acc', ../main_5_slices.cpp:118) and 'hadd' operation 16 bit ('acc', ../main_5_slices.cpp:118).
Resolution: For help on HLS 200-880 see docs.xilinx.com/access/sources/dita/topic?Doc_Version=2024.2%20English&url=ug1448-hls-guidance&resourceid=200-880.html
WARNING: [HLS 200-880] The II Violation in module 'conv_bn_act_pool_3_Pipeline_Loop3_1Big' (loop 'Loop3_1Big'): Unable to enforce a carried dependence constraint (II = 4, distance = 1, offset = 1) between 'hadd' operation 16 bit ('acc', ../main_5_slices.cpp:118) and 'hadd' operation 16 bit ('acc', ../main_5_slices.cpp:118).
Resolution: For help on HLS 200-880 see docs.xilinx.com/access/sources/dita/topic?Doc_Version=2024.2%20English&url=ug1448-hls-guidance&resourceid=200-880.html
WARNING: [HLS 200-880] The II Violation in module 'conv_bn_act_pool_3_Pipeline_Loop3_1Big' (loop 'Loop3_1Big'): Unable to enforce a carried dependence constraint (II = 130, distance = 1, offset = 1) between 'hadd' operation 16 bit ('acc', ../main_5_slices.cpp:118) and 'hadd' operation 16 bit ('acc', ../main_5_slices.cpp:118).
Resolution: For help on HLS 200-880 see docs.xilinx.com/access/sources/dita/topic?Doc_Version=2024.2%20English&url=ug1448-hls-guidance&resourceid=200-880.html
WARNING: [HLS 200-880] The II Violation in module 'conv_bn_act_pool_3_Pipeline_Loop3_1Big' (loop 'Loop3_1Big'): Unable to enforce a carried dependence constraint (II = 145, distance = 1, offset = 1) between 'hadd' operation 16 bit ('acc', ../main_5_slices.cpp:118) and 'hadd' operation 16 bit ('acc', ../main_5_slices.cpp:118).
Resolution: For help on HLS 200-880 see docs.xilinx.com/access/sources/dita/topic?Doc_Version=2024.2%20English&url=ug1448-hls-guidance&resourceid=200-880.html
WARNING: [HLS 200-880] The II Violation in module 'conv_bn_act_pool_3_Pipeline_Loop3_1Big' (loop 'Loop3_1Big'): Unable to enforce a carried dependence constraint (II = 153, distance = 1, offset = 1) between 'hadd' operation 16 bit ('acc', ../main_5_slices.cpp:118) and 'hadd' operation 16 bit ('acc', ../main_5_slices.cpp:118).
Resolution: For help on HLS 200-880 see docs.xilinx.com/access/sources/dita/topic?Doc_Version=2024.2%20English&url=ug1448-hls-guidance&resourceid=200-880.html
WARNING: [HLS 200-880] The II Violation in module 'conv_bn_act_pool_3_Pipeline_Loop3_1Big' (loop 'Loop3_1Big'): Unable to enforce a carried dependence constraint (II = 157, distance = 1, offset = 1) between 'hadd' operation 16 bit ('acc', ../main_5_slices.cpp:118) and 'hadd' operation 16 bit ('acc', ../main_5_slices.cpp:118).
Resolution: For help on HLS 200-880 see docs.xilinx.com/access/sources/dita/topic?Doc_Version=2024.2%20English&url=ug1448-hls-guidance&resourceid=200-880.html
WARNING: [HLS 200-880] The II Violation in module 'conv_bn_act_pool_3_Pipeline_Loop3_1Big' (loop 'Loop3_1Big'): Unable to enforce a carried dependence constraint (II = 159, distance = 1, offset = 1) between 'hadd' operation 16 bit ('acc', ../main_5_slices.cpp:118) and 'hadd' operation 16 bit ('acc', ../main_5_slices.cpp:118).
Resolution: For help on HLS 200-880 see docs.xilinx.com/access/sources/dita/topic?Doc_Version=2024.2%20English&url=ug1448-hls-guidance&resourceid=200-880.html
INFO: [HLS 200-1470] Pipelining result : Target II = NA, Final II = 160, Depth = 181, loop 'Loop3_1Big'
INFO: [SCHED 204-11] Finished scheduling.
INFO: [HLS 200-111] Finished Scheduling: CPU user time: 6.53 seconds. CPU system time: 0.02 seconds. Elapsed time: 6.55 seconds; current allocated memory: 803.922 MB.
INFO: [BIND 205-100] Starting micro-architecture generation ...
INFO: [BIND 205-101] Performing variable lifetime analysis.
INFO: [BIND 205-101] Exploring resource sharing.
INFO: [BIND 205-101] Binding ...
INFO: [BIND 205-100] Finished micro-architecture generation.
INFO: [HLS 200-111] Finished Binding: CPU user time: 0.86 seconds. CPU system time: 0.01 seconds. Elapsed time: 0.87 seconds; current allocated memory: 803.922 MB.
INFO: [HLS 200-10] ----------------------------------------------------------------
INFO: [HLS 200-42] -- Implementing module 'conv_bn_act_pool_3_Pipeline_Loop3_2Big' 
INFO: [HLS 200-10] ----------------------------------------------------------------
INFO: [SCHED 204-11] Starting scheduling ...
INFO: [SCHED 204-61] Pipelining loop 'Loop3_2Big'.
INFO: [HLS 200-1470] Pipelining result : Target II = NA, Final II = 1, Depth = 9, loop 'Loop3_2Big'
INFO: [SCHED 204-11] Finished scheduling.
INFO: [HLS 200-111] Finished Scheduling: CPU user time: 0.32 seconds. CPU system time: 0.01 seconds. Elapsed time: 0.35 seconds; current allocated memory: 803.922 MB.
INFO: [BIND 205-100] Starting micro-architecture generation ...
INFO: [BIND 205-101] Performing variable lifetime analysis.
INFO: [BIND 205-101] Exploring resource sharing.
INFO: [BIND 205-101] Binding ...
INFO: [BIND 205-100] Finished micro-architecture generation.
INFO: [HLS 200-111] Finished Binding: CPU user time: 0.03 seconds. CPU system time: 0 seconds. Elapsed time: 0.04 seconds; current allocated memory: 803.922 MB.
INFO: [HLS 200-10] ----------------------------------------------------------------
INFO: [HLS 200-42] -- Implementing module 'conv_bn_act_pool_3' 
INFO: [HLS 200-10] ----------------------------------------------------------------
INFO: [SCHED 204-11] Starting scheduling ...
INFO: [SCHED 204-11] Finished scheduling.
INFO: [HLS 200-111] Finished Scheduling: CPU user time: 0.13 seconds. CPU system time: 0.01 seconds. Elapsed time: 0.13 seconds; current allocated memory: 805.344 MB.
INFO: [BIND 205-100] Starting micro-architecture generation ...
INFO: [BIND 205-101] Performing variable lifetime analysis.
INFO: [BIND 205-101] Exploring resource sharing.
INFO: [BIND 205-101] Binding ...
INFO: [BIND 205-100] Finished micro-architecture generation.
INFO: [HLS 200-111] Finished Binding: CPU user time: 0.07 seconds. CPU system time: 0 seconds. Elapsed time: 0.08 seconds; current allocated memory: 805.344 MB.
INFO: [HLS 200-10] ----------------------------------------------------------------
INFO: [HLS 200-42] -- Implementing module 'run_all_slices_unrolled_Pipeline_Loop_BN4' 
INFO: [HLS 200-10] ----------------------------------------------------------------
INFO: [SCHED 204-11] Starting scheduling ...
INFO: [SCHED 204-61] Pipelining loop 'Loop_BN'.
INFO: [HLS 200-1470] Pipelining result : Target II = NA, Final II = 1, Depth = 39, loop 'Loop_BN'
INFO: [SCHED 204-11] Finished scheduling.
INFO: [HLS 200-111] Finished Scheduling: CPU user time: 0.11 seconds. CPU system time: 0 seconds. Elapsed time: 0.12 seconds; current allocated memory: 805.719 MB.
INFO: [BIND 205-100] Starting micro-architecture generation ...
INFO: [BIND 205-101] Performing variable lifetime analysis.
INFO: [BIND 205-101] Exploring resource sharing.
INFO: [BIND 205-101] Binding ...
INFO: [BIND 205-100] Finished micro-architecture generation.
INFO: [HLS 200-111] Finished Binding: CPU user time: 0.03 seconds. CPU system time: 0.01 seconds. Elapsed time: 0.03 seconds; current allocated memory: 805.719 MB.
INFO: [HLS 200-10] ----------------------------------------------------------------
INFO: [HLS 200-42] -- Implementing module 'run_all_slices_unrolled_Pipeline_MergedLoop3' 
INFO: [HLS 200-10] ----------------------------------------------------------------
INFO: [SCHED 204-11] Starting scheduling ...
INFO: [SCHED 204-61] Pipelining loop 'MergedLoop3'.
INFO: [HLS 200-1470] Pipelining result : Target II = NA, Final II = 1, Depth = 8, loop 'MergedLoop3'
INFO: [SCHED 204-11] Finished scheduling.
INFO: [HLS 200-111] Finished Scheduling: CPU user time: 0.04 seconds. CPU system time: 0 seconds. Elapsed time: 0.04 seconds; current allocated memory: 806.379 MB.
INFO: [BIND 205-100] Starting micro-architecture generation ...
INFO: [BIND 205-101] Performing variable lifetime analysis.
INFO: [BIND 205-101] Exploring resource sharing.
INFO: [BIND 205-101] Binding ...
INFO: [BIND 205-100] Finished micro-architecture generation.
INFO: [HLS 200-111] Finished Binding: CPU user time: 0.03 seconds. CPU system time: 0 seconds. Elapsed time: 0.02 seconds; current allocated memory: 806.379 MB.
INFO: [HLS 200-10] ----------------------------------------------------------------
INFO: [HLS 200-42] -- Implementing module 'conv_bn_act_pool_4_Pipeline_BNParamsLoop' 
INFO: [HLS 200-10] ----------------------------------------------------------------
INFO: [SCHED 204-11] Starting scheduling ...
INFO: [SCHED 204-61] Pipelining loop 'BNParamsLoop'.
INFO: [HLS 200-1470] Pipelining result : Target II = NA, Final II = 1, Depth = 38, loop 'BNParamsLoop'
INFO: [SCHED 204-11] Finished scheduling.
INFO: [HLS 200-111] Finished Scheduling: CPU user time: 0.1 seconds. CPU system time: 0 seconds. Elapsed time: 0.11 seconds; current allocated memory: 808.039 MB.
INFO: [BIND 205-100] Starting micro-architecture generation ...
INFO: [BIND 205-101] Performing variable lifetime analysis.
INFO: [BIND 205-101] Exploring resource sharing.
INFO: [BIND 205-101] Binding ...
INFO: [BIND 205-100] Finished micro-architecture generation.
INFO: [HLS 200-111] Finished Binding: CPU user time: 0.04 seconds. CPU system time: 0 seconds. Elapsed time: 0.05 seconds; current allocated memory: 808.039 MB.
INFO: [HLS 200-10] ----------------------------------------------------------------
INFO: [HLS 200-42] -- Implementing module 'conv_bn_act_pool_4_Pipeline_Loop3_1Big' 
INFO: [HLS 200-10] ----------------------------------------------------------------
INFO: [SCHED 204-11] Starting scheduling ...
INFO: [SCHED 204-61] Pipelining loop 'Loop3_1Big'.
WARNING: [HLS 200-880] The II Violation in module 'conv_bn_act_pool_4_Pipeline_Loop3_1Big' (loop 'Loop3_1Big'): Unable to enforce a carried dependence constraint (II = 1, distance = 1, offset = 1) between 'hadd' operation 16 bit ('acc', ../main_5_slices.cpp:118) and 'hadd' operation 16 bit ('acc', ../main_5_slices.cpp:118).
Resolution: For help on HLS 200-880 see docs.xilinx.com/access/sources/dita/topic?Doc_Version=2024.2%20English&url=ug1448-hls-guidance&resourceid=200-880.html
WARNING: [HLS 200-880] The II Violation in module 'conv_bn_act_pool_4_Pipeline_Loop3_1Big' (loop 'Loop3_1Big'): Unable to enforce a carried dependence constraint (II = 2, distance = 1, offset = 1) between 'hadd' operation 16 bit ('acc', ../main_5_slices.cpp:118) and 'hadd' operation 16 bit ('acc', ../main_5_slices.cpp:118).
Resolution: For help on HLS 200-880 see docs.xilinx.com/access/sources/dita/topic?Doc_Version=2024.2%20English&url=ug1448-hls-guidance&resourceid=200-880.html
WARNING: [HLS 200-880] The II Violation in module 'conv_bn_act_pool_4_Pipeline_Loop3_1Big' (loop 'Loop3_1Big'): Unable to enforce a carried dependence constraint (II = 3, distance = 1, offset = 1) between 'hadd' operation 16 bit ('acc', ../main_5_slices.cpp:118) and 'hadd' operation 16 bit ('acc', ../main_5_slices.cpp:118).
Resolution: For help on HLS 200-880 see docs.xilinx.com/access/sources/dita/topic?Doc_Version=2024.2%20English&url=ug1448-hls-guidance&resourceid=200-880.html
WARNING: [HLS 200-880] The II Violation in module 'conv_bn_act_pool_4_Pipeline_Loop3_1Big' (loop 'Loop3_1Big'): Unable to enforce a carried dependence constraint (II = 4, distance = 1, offset = 1) between 'hadd' operation 16 bit ('acc', ../main_5_slices.cpp:118) and 'hadd' operation 16 bit ('acc', ../main_5_slices.cpp:118).
Resolution: For help on HLS 200-880 see docs.xilinx.com/access/sources/dita/topic?Doc_Version=2024.2%20English&url=ug1448-hls-guidance&resourceid=200-880.html
WARNING: [HLS 200-880] The II Violation in module 'conv_bn_act_pool_4_Pipeline_Loop3_1Big' (loop 'Loop3_1Big'): Unable to enforce a carried dependence constraint (II = 130, distance = 1, offset = 1) between 'hadd' operation 16 bit ('acc', ../main_5_slices.cpp:118) and 'hadd' operation 16 bit ('acc', ../main_5_slices.cpp:118).
Resolution: For help on HLS 200-880 see docs.xilinx.com/access/sources/dita/topic?Doc_Version=2024.2%20English&url=ug1448-hls-guidance&resourceid=200-880.html
WARNING: [HLS 200-880] The II Violation in module 'conv_bn_act_pool_4_Pipeline_Loop3_1Big' (loop 'Loop3_1Big'): Unable to enforce a carried dependence constraint (II = 145, distance = 1, offset = 1) between 'hadd' operation 16 bit ('acc', ../main_5_slices.cpp:118) and 'hadd' operation 16 bit ('acc', ../main_5_slices.cpp:118).
Resolution: For help on HLS 200-880 see docs.xilinx.com/access/sources/dita/topic?Doc_Version=2024.2%20English&url=ug1448-hls-guidance&resourceid=200-880.html
WARNING: [HLS 200-880] The II Violation in module 'conv_bn_act_pool_4_Pipeline_Loop3_1Big' (loop 'Loop3_1Big'): Unable to enforce a carried dependence constraint (II = 153, distance = 1, offset = 1) between 'hadd' operation 16 bit ('acc', ../main_5_slices.cpp:118) and 'hadd' operation 16 bit ('acc', ../main_5_slices.cpp:118).
Resolution: For help on HLS 200-880 see docs.xilinx.com/access/sources/dita/topic?Doc_Version=2024.2%20English&url=ug1448-hls-guidance&resourceid=200-880.html
WARNING: [HLS 200-880] The II Violation in module 'conv_bn_act_pool_4_Pipeline_Loop3_1Big' (loop 'Loop3_1Big'): Unable to enforce a carried dependence constraint (II = 157, distance = 1, offset = 1) between 'hadd' operation 16 bit ('acc', ../main_5_slices.cpp:118) and 'hadd' operation 16 bit ('acc', ../main_5_slices.cpp:118).
Resolution: For help on HLS 200-880 see docs.xilinx.com/access/sources/dita/topic?Doc_Version=2024.2%20English&url=ug1448-hls-guidance&resourceid=200-880.html
WARNING: [HLS 200-880] The II Violation in module 'conv_bn_act_pool_4_Pipeline_Loop3_1Big' (loop 'Loop3_1Big'): Unable to enforce a carried dependence constraint (II = 159, distance = 1, offset = 1) between 'hadd' operation 16 bit ('acc', ../main_5_slices.cpp:118) and 'hadd' operation 16 bit ('acc', ../main_5_slices.cpp:118).
Resolution: For help on HLS 200-880 see docs.xilinx.com/access/sources/dita/topic?Doc_Version=2024.2%20English&url=ug1448-hls-guidance&resourceid=200-880.html
INFO: [HLS 200-1470] Pipelining result : Target II = NA, Final II = 160, Depth = 181, loop 'Loop3_1Big'
INFO: [SCHED 204-11] Finished scheduling.
INFO: [HLS 200-111] Finished Scheduling: CPU user time: 6.13 seconds. CPU system time: 0.03 seconds. Elapsed time: 6.16 seconds; current allocated memory: 833.277 MB.
INFO: [BIND 205-100] Starting micro-architecture generation ...
INFO: [BIND 205-101] Performing variable lifetime analysis.
INFO: [BIND 205-101] Exploring resource sharing.
INFO: [BIND 205-101] Binding ...
INFO: [BIND 205-100] Finished micro-architecture generation.
INFO: [HLS 200-111] Finished Binding: CPU user time: 0.83 seconds. CPU system time: 0.01 seconds. Elapsed time: 0.85 seconds; current allocated memory: 834.941 MB.
INFO: [HLS 200-10] ----------------------------------------------------------------
INFO: [HLS 200-42] -- Implementing module 'conv_bn_act_pool_4_Pipeline_Loop3_2Big' 
INFO: [HLS 200-10] ----------------------------------------------------------------
INFO: [SCHED 204-11] Starting scheduling ...
INFO: [SCHED 204-61] Pipelining loop 'Loop3_2Big'.
INFO: [HLS 200-1470] Pipelining result : Target II = NA, Final II = 1, Depth = 9, loop 'Loop3_2Big'
INFO: [SCHED 204-11] Finished scheduling.
INFO: [HLS 200-111] Finished Scheduling: CPU user time: 0.32 seconds. CPU system time: 0.01 seconds. Elapsed time: 0.35 seconds; current allocated memory: 837.477 MB.
INFO: [BIND 205-100] Starting micro-architecture generation ...
INFO: [BIND 205-101] Performing variable lifetime analysis.
INFO: [BIND 205-101] Exploring resource sharing.
INFO: [BIND 205-101] Binding ...
INFO: [BIND 205-100] Finished micro-architecture generation.
INFO: [HLS 200-111] Finished Binding: CPU user time: 0.03 seconds. CPU system time: 0 seconds. Elapsed time: 0.04 seconds; current allocated memory: 837.477 MB.
INFO: [HLS 200-10] ----------------------------------------------------------------
INFO: [HLS 200-42] -- Implementing module 'conv_bn_act_pool_4' 
INFO: [HLS 200-10] ----------------------------------------------------------------
INFO: [SCHED 204-11] Starting scheduling ...
INFO: [SCHED 204-11] Finished scheduling.
INFO: [HLS 200-111] Finished Scheduling: CPU user time: 0.13 seconds. CPU system time: 0.01 seconds. Elapsed time: 0.14 seconds; current allocated memory: 840.602 MB.
INFO: [BIND 205-100] Starting micro-architecture generation ...
INFO: [BIND 205-101] Performing variable lifetime analysis.
INFO: [BIND 205-101] Exploring resource sharing.
INFO: [BIND 205-101] Binding ...
INFO: [BIND 205-100] Finished micro-architecture generation.
INFO: [HLS 200-111] Finished Binding: CPU user time: 0.07 seconds. CPU system time: 0 seconds. Elapsed time: 0.07 seconds; current allocated memory: 840.602 MB.
INFO: [HLS 200-10] ----------------------------------------------------------------
INFO: [HLS 200-42] -- Implementing module 'run_all_slices_unrolled_Pipeline_Loop_BN5' 
INFO: [HLS 200-10] ----------------------------------------------------------------
INFO: [SCHED 204-11] Starting scheduling ...
INFO: [SCHED 204-61] Pipelining loop 'Loop_BN'.
INFO: [HLS 200-1470] Pipelining result : Target II = NA, Final II = 1, Depth = 39, loop 'Loop_BN'
INFO: [SCHED 204-11] Finished scheduling.
INFO: [HLS 200-111] Finished Scheduling: CPU user time: 0.11 seconds. CPU system time: 0 seconds. Elapsed time: 0.12 seconds; current allocated memory: 841.305 MB.
INFO: [BIND 205-100] Starting micro-architecture generation ...
INFO: [BIND 205-101] Performing variable lifetime analysis.
INFO: [BIND 205-101] Exploring resource sharing.
INFO: [BIND 205-101] Binding ...
INFO: [BIND 205-100] Finished micro-architecture generation.
INFO: [HLS 200-111] Finished Binding: CPU user time: 0.03 seconds. CPU system time: 0 seconds. Elapsed time: 0.03 seconds; current allocated memory: 841.305 MB.
INFO: [HLS 200-10] ----------------------------------------------------------------
INFO: [HLS 200-42] -- Implementing module 'run_all_slices_unrolled_Pipeline_MergedLoop4' 
INFO: [HLS 200-10] ----------------------------------------------------------------
INFO: [SCHED 204-11] Starting scheduling ...
INFO: [SCHED 204-61] Pipelining loop 'MergedLoop4'.
INFO: [HLS 200-1470] Pipelining result : Target II = NA, Final II = 1, Depth = 8, loop 'MergedLoop4'
INFO: [SCHED 204-11] Finished scheduling.
INFO: [HLS 200-111] Finished Scheduling: CPU user time: 0.04 seconds. CPU system time: 0 seconds. Elapsed time: 0.05 seconds; current allocated memory: 841.645 MB.
INFO: [BIND 205-100] Starting micro-architecture generation ...
INFO: [BIND 205-101] Performing variable lifetime analysis.
INFO: [BIND 205-101] Exploring resource sharing.
INFO: [BIND 205-101] Binding ...
INFO: [BIND 205-100] Finished micro-architecture generation.
INFO: [HLS 200-111] Finished Binding: CPU user time: 0.03 seconds. CPU system time: 0 seconds. Elapsed time: 0.03 seconds; current allocated memory: 841.645 MB.
INFO: [HLS 200-10] ----------------------------------------------------------------
INFO: [HLS 200-42] -- Implementing module 'run_all_slices_unrolled' 
INFO: [HLS 200-10] ----------------------------------------------------------------
INFO: [SCHED 204-11] Starting scheduling ...
INFO: [SCHED 204-11] Finished scheduling.
INFO: [HLS 200-111] Finished Scheduling: CPU user time: 0.03 seconds. CPU system time: 0.01 seconds. Elapsed time: 0.03 seconds; current allocated memory: 842.066 MB.
INFO: [BIND 205-100] Starting micro-architecture generation ...
INFO: [BIND 205-101] Performing variable lifetime analysis.
INFO: [BIND 205-101] Exploring resource sharing.
INFO: [BIND 205-101] Binding ...
INFO: [BIND 205-100] Finished micro-architecture generation.
INFO: [HLS 200-111] Finished Binding: CPU user time: 0.09 seconds. CPU system time: 0 seconds. Elapsed time: 0.09 seconds; current allocated memory: 842.066 MB.
INFO: [HLS 200-10] ----------------------------------------------------------------
INFO: [HLS 200-42] -- Implementing module 'run_model_Pipeline_Loop_BN' 
INFO: [HLS 200-10] ----------------------------------------------------------------
INFO: [SCHED 204-11] Starting scheduling ...
INFO: [SCHED 204-61] Pipelining loop 'Loop_BN'.
INFO: [HLS 200-1470] Pipelining result : Target II = NA, Final II = 1, Depth = 42, loop 'Loop_BN'
INFO: [SCHED 204-11] Finished scheduling.
INFO: [HLS 200-111] Finished Scheduling: CPU user time: 0.24 seconds. CPU system time: 0 seconds. Elapsed time: 0.24 seconds; current allocated memory: 843.215 MB.
INFO: [BIND 205-100] Starting micro-architecture generation ...
INFO: [BIND 205-101] Performing variable lifetime analysis.
INFO: [BIND 205-101] Exploring resource sharing.
INFO: [BIND 205-101] Binding ...
INFO: [BIND 205-100] Finished micro-architecture generation.
INFO: [HLS 200-111] Finished Binding: CPU user time: 0.03 seconds. CPU system time: 0 seconds. Elapsed time: 0.03 seconds; current allocated memory: 843.215 MB.
INFO: [HLS 200-10] ----------------------------------------------------------------
INFO: [HLS 200-42] -- Implementing module 'run_model_Pipeline_ReLULoop1' 
INFO: [HLS 200-10] ----------------------------------------------------------------
INFO: [SCHED 204-11] Starting scheduling ...
INFO: [SCHED 204-61] Pipelining loop 'ReLULoop1'.
INFO: [HLS 200-1470] Pipelining result : Target II = NA, Final II = 1, Depth = 6, loop 'ReLULoop1'
INFO: [SCHED 204-11] Finished scheduling.
INFO: [HLS 200-111] Finished Scheduling: CPU user time: 0.04 seconds. CPU system time: 0 seconds. Elapsed time: 0.05 seconds; current allocated memory: 843.602 MB.
INFO: [BIND 205-100] Starting micro-architecture generation ...
INFO: [BIND 205-101] Performing variable lifetime analysis.
INFO: [BIND 205-101] Exploring resource sharing.
INFO: [BIND 205-101] Binding ...
INFO: [BIND 205-100] Finished micro-architecture generation.
INFO: [HLS 200-111] Finished Binding: CPU user time: 0.02 seconds. CPU system time: 0 seconds. Elapsed time: 0.03 seconds; current allocated memory: 843.602 MB.
INFO: [HLS 200-10] ----------------------------------------------------------------
INFO: [HLS 200-42] -- Implementing module 'run_model_Pipeline_Loop_BN1' 
INFO: [HLS 200-10] ----------------------------------------------------------------
INFO: [SCHED 204-11] Starting scheduling ...
INFO: [SCHED 204-61] Pipelining loop 'Loop_BN'.
INFO: [HLS 200-1470] Pipelining result : Target II = NA, Final II = 1, Depth = 42, loop 'Loop_BN'
INFO: [SCHED 204-11] Finished scheduling.
INFO: [HLS 200-111] Finished Scheduling: CPU user time: 0.04 seconds. CPU system time: 0.01 seconds. Elapsed time: 0.05 seconds; current allocated memory: 843.879 MB.
INFO: [BIND 205-100] Starting micro-architecture generation ...
INFO: [BIND 205-101] Performing variable lifetime analysis.
INFO: [BIND 205-101] Exploring resource sharing.
INFO: [BIND 205-101] Binding ...
INFO: [BIND 205-100] Finished micro-architecture generation.
INFO: [HLS 200-111] Finished Binding: CPU user time: 0.03 seconds. CPU system time: 0 seconds. Elapsed time: 0.03 seconds; current allocated memory: 843.879 MB.
INFO: [HLS 200-10] ----------------------------------------------------------------
INFO: [HLS 200-42] -- Implementing module 'run_model_Pipeline_ReLULoop2' 
INFO: [HLS 200-10] ----------------------------------------------------------------
INFO: [SCHED 204-11] Starting scheduling ...
INFO: [SCHED 204-61] Pipelining loop 'ReLULoop2'.
INFO: [HLS 200-1470] Pipelining result : Target II = NA, Final II = 1, Depth = 6, loop 'ReLULoop2'
INFO: [SCHED 204-11] Finished scheduling.
INFO: [HLS 200-111] Finished Scheduling: CPU user time: 0.04 seconds. CPU system time: 0.01 seconds. Elapsed time: 0.04 seconds; current allocated memory: 844.445 MB.
INFO: [BIND 205-100] Starting micro-architecture generation ...
INFO: [BIND 205-101] Performing variable lifetime analysis.
INFO: [BIND 205-101] Exploring resource sharing.
INFO: [BIND 205-101] Binding ...
INFO: [BIND 205-100] Finished micro-architecture generation.
INFO: [HLS 200-111] Finished Binding: CPU user time: 0.03 seconds. CPU system time: 0 seconds. Elapsed time: 0.03 seconds; current allocated memory: 844.445 MB.
INFO: [HLS 200-10] ----------------------------------------------------------------
INFO: [HLS 200-42] -- Implementing module 'run_model' 
INFO: [HLS 200-10] ----------------------------------------------------------------
INFO: [SCHED 204-11] Starting scheduling ...
INFO: [SCHED 204-61] Pipelining loop 'OuterLoopDense_InnerLoopDense'.
WARNING: [HLS 200-880] The II Violation in module 'run_model' (loop 'OuterLoopDense_InnerLoopDense'): Unable to enforce a carried dependence constraint (II = 1, distance = 1, offset = 0) between 'store' operation 0 bit ('acc_write_ln199', ../main_5_slices.cpp:199->../main_5_slices.cpp:361) of variable 'acc', ../main_5_slices.cpp:205->../main_5_slices.cpp:361 on local variable 'acc', ../main_5_slices.cpp:199->../main_5_slices.cpp:361 and 'load' operation 16 bit ('acc_load', ../main_5_slices.cpp:201->../main_5_slices.cpp:361) on local variable 'acc', ../main_5_slices.cpp:199->../main_5_slices.cpp:361.
Resolution: For help on HLS 200-880 see docs.xilinx.com/access/sources/dita/topic?Doc_Version=2024.2%20English&url=ug1448-hls-guidance&resourceid=200-880.html
WARNING: [HLS 200-880] The II Violation in module 'run_model' (loop 'OuterLoopDense_InnerLoopDense'): Unable to enforce a carried dependence constraint (II = 2, distance = 1, offset = 0) between 'store' operation 0 bit ('acc_write_ln199', ../main_5_slices.cpp:199->../main_5_slices.cpp:361) of variable 'acc', ../main_5_slices.cpp:205->../main_5_slices.cpp:361 on local variable 'acc', ../main_5_slices.cpp:199->../main_5_slices.cpp:361 and 'load' operation 16 bit ('acc_load', ../main_5_slices.cpp:201->../main_5_slices.cpp:361) on local variable 'acc', ../main_5_slices.cpp:199->../main_5_slices.cpp:361.
Resolution: For help on HLS 200-880 see docs.xilinx.com/access/sources/dita/topic?Doc_Version=2024.2%20English&url=ug1448-hls-guidance&resourceid=200-880.html
WARNING: [HLS 200-880] The II Violation in module 'run_model' (loop 'OuterLoopDense_InnerLoopDense'): Unable to enforce a carried dependence constraint (II = 3, distance = 1, offset = 0) between 'store' operation 0 bit ('acc_write_ln199', ../main_5_slices.cpp:199->../main_5_slices.cpp:361) of variable 'acc', ../main_5_slices.cpp:205->../main_5_slices.cpp:361 on local variable 'acc', ../main_5_slices.cpp:199->../main_5_slices.cpp:361 and 'load' operation 16 bit ('acc_load', ../main_5_slices.cpp:201->../main_5_slices.cpp:361) on local variable 'acc', ../main_5_slices.cpp:199->../main_5_slices.cpp:361.
Resolution: For help on HLS 200-880 see docs.xilinx.com/access/sources/dita/topic?Doc_Version=2024.2%20English&url=ug1448-hls-guidance&resourceid=200-880.html
INFO: [SCHED 204-61] Pipelining loop 'OuterLoopDense_InnerLoopDense'.
WARNING: [HLS 200-880] The II Violation in module 'run_model' (loop 'OuterLoopDense_InnerLoopDense'): Unable to enforce a carried dependence constraint (II = 1, distance = 1, offset = 0) between 'store' operation 0 bit ('acc_2_write_ln199', ../main_5_slices.cpp:199->../main_5_slices.cpp:366) of variable 'acc', ../main_5_slices.cpp:205->../main_5_slices.cpp:366 on local variable 'acc', ../main_5_slices.cpp:199->../main_5_slices.cpp:366 and 'load' operation 16 bit ('acc_2_load', ../main_5_slices.cpp:201->../main_5_slices.cpp:366) on local variable 'acc', ../main_5_slices.cpp:199->../main_5_slices.cpp:366.
Resolution: For help on HLS 200-880 see docs.xilinx.com/access/sources/dita/topic?Doc_Version=2024.2%20English&url=ug1448-hls-guidance&resourceid=200-880.html
WARNING: [HLS 200-880] The II Violation in module 'run_model' (loop 'OuterLoopDense_InnerLoopDense'): Unable to enforce a carried dependence constraint (II = 2, distance = 1, offset = 0) between 'store' operation 0 bit ('acc_2_write_ln199', ../main_5_slices.cpp:199->../main_5_slices.cpp:366) of variable 'acc', ../main_5_slices.cpp:205->../main_5_slices.cpp:366 on local variable 'acc', ../main_5_slices.cpp:199->../main_5_slices.cpp:366 and 'load' operation 16 bit ('acc_2_load', ../main_5_slices.cpp:201->../main_5_slices.cpp:366) on local variable 'acc', ../main_5_slices.cpp:199->../main_5_slices.cpp:366.
Resolution: For help on HLS 200-880 see docs.xilinx.com/access/sources/dita/topic?Doc_Version=2024.2%20English&url=ug1448-hls-guidance&resourceid=200-880.html
WARNING: [HLS 200-880] The II Violation in module 'run_model' (loop 'OuterLoopDense_InnerLoopDense'): Unable to enforce a carried dependence constraint (II = 3, distance = 1, offset = 0) between 'store' operation 0 bit ('acc_2_write_ln199', ../main_5_slices.cpp:199->../main_5_slices.cpp:366) of variable 'acc', ../main_5_slices.cpp:205->../main_5_slices.cpp:366 on local variable 'acc', ../main_5_slices.cpp:199->../main_5_slices.cpp:366 and 'load' operation 16 bit ('acc_2_load', ../main_5_slices.cpp:201->../main_5_slices.cpp:366) on local variable 'acc', ../main_5_slices.cpp:199->../main_5_slices.cpp:366.
Resolution: For help on HLS 200-880 see docs.xilinx.com/access/sources/dita/topic?Doc_Version=2024.2%20English&url=ug1448-hls-guidance&resourceid=200-880.html
INFO: [HLS 200-1470] Pipelining result : Target II = NA, Final II = 4, Depth = 13, loop 'OuterLoopDense_InnerLoopDense'
INFO: [HLS 200-1470] Pipelining result : Target II = NA, Final II = 4, Depth = 13, loop 'OuterLoopDense_InnerLoopDense'
INFO: [SCHED 204-11] Finished scheduling.
INFO: [HLS 200-111] Finished Scheduling: CPU user time: 0.11 seconds. CPU system time: 0 seconds. Elapsed time: 0.12 seconds; current allocated memory: 845.082 MB.
INFO: [BIND 205-100] Starting micro-architecture generation ...
INFO: [BIND 205-101] Performing variable lifetime analysis.
INFO: [BIND 205-101] Exploring resource sharing.
INFO: [BIND 205-101] Binding ...
INFO: [BIND 205-100] Finished micro-architecture generation.
INFO: [HLS 200-111] Finished Binding: CPU user time: 0.14 seconds. CPU system time: 0 seconds. Elapsed time: 0.15 seconds; current allocated memory: 845.781 MB.
INFO: [HLS 200-10] ----------------------------------------------------------------
INFO: [HLS 200-10] -- Generating RTL for module 'run_all_slices_unrolled_Pipeline_MergedLoop' 
INFO: [HLS 200-10] ----------------------------------------------------------------
INFO: [RTGEN 206-100] Finished creating RTL model for 'run_all_slices_unrolled_Pipeline_MergedLoop'.
INFO: [HLS 200-111] Finished Creating RTL model: CPU user time: 0.25 seconds. CPU system time: 0.01 seconds. Elapsed time: 0.26 seconds; current allocated memory: 846.102 MB.
INFO: [HLS 200-10] ----------------------------------------------------------------
INFO: [HLS 200-10] -- Generating RTL for module 'lstm_forward_unidir_Pipeline_VITIS_LOOP_146_1' 
INFO: [HLS 200-10] ----------------------------------------------------------------
INFO: [RTGEN 206-100] Finished creating RTL model for 'lstm_forward_unidir_Pipeline_VITIS_LOOP_146_1'.
INFO: [HLS 200-111] Finished Creating RTL model: CPU user time: 0.04 seconds. CPU system time: 0 seconds. Elapsed time: 0.04 seconds; current allocated memory: 846.688 MB.
INFO: [HLS 200-10] ----------------------------------------------------------------
INFO: [HLS 200-10] -- Generating RTL for module 'lstm_forward_unidir_Pipeline_Loop2_1LSTM' 
INFO: [HLS 200-10] ----------------------------------------------------------------
INFO: [HLS 200-1030] Apply Unified Pipeline Control on module 'lstm_forward_unidir_Pipeline_Loop2_1LSTM' pipeline 'Loop2_1LSTM' pipeline type 'loop pipeline'
INFO: [RTGEN 206-100] Finished creating RTL model for 'lstm_forward_unidir_Pipeline_Loop2_1LSTM'.
INFO: [HLS 200-111] Finished Creating RTL model: CPU user time: 0.04 seconds. CPU system time: 0 seconds. Elapsed time: 0.05 seconds; current allocated memory: 847.387 MB.
INFO: [HLS 200-10] ----------------------------------------------------------------
INFO: [HLS 200-10] -- Generating RTL for module 'lstm_forward_unidir' 
INFO: [HLS 200-10] ----------------------------------------------------------------
INFO: [RTGEN 206-100] Generating core module 'fadd_32ns_32ns_32_4_full_dsp_1': 2 instance(s).
INFO: [RTGEN 206-100] Generating core module 'fdiv_32ns_32ns_32_10_no_dsp_1': 2 instance(s).
INFO: [RTGEN 206-100] Generating core module 'fexp_32ns_32ns_32_8_full_dsp_1': 2 instance(s).
INFO: [RTGEN 206-100] Generating core module 'hadd_16ns_16ns_16_5_full_dsp_1': 1 instance(s).
INFO: [RTGEN 206-100] Generating core module 'hcmp_16ns_16ns_1_2_no_dsp_1': 2 instance(s).
INFO: [RTGEN 206-100] Generating core module 'hmul_16ns_16ns_16_4_max_dsp_1': 2 instance(s).
INFO: [RTGEN 206-100] Generating core module 'hptosp_16ns_32_2_no_dsp_1': 2 instance(s).
INFO: [RTGEN 206-100] Generating core module 'sparsemux_7_2_16_1_1': 2 instance(s).
INFO: [RTGEN 206-100] Generating core module 'sptohp_32ns_16_2_no_dsp_1': 2 instance(s).
INFO: [RTGEN 206-100] Finished creating RTL model for 'lstm_forward_unidir'.
INFO: [RTMG 210-278] Implementing memory 'run_model_lstm_forward_unidir_c_slice_RAM_AUTO_1R1W' using auto RAMs.
INFO: [RTMG 210-278] Implementing memory 'run_model_lstm_forward_unidir_z_RAM_AUTO_3R2W' using auto RAMs.
INFO: [HLS 200-111] Finished Creating RTL model: CPU user time: 0.13 seconds. CPU system time: 0.01 seconds. Elapsed time: 0.14 seconds; current allocated memory: 850.180 MB.
INFO: [HLS 200-10] ----------------------------------------------------------------
INFO: [HLS 200-10] -- Generating RTL for module 'run_all_slices_unrolled_Pipeline_Loop_BN' 
INFO: [HLS 200-10] ----------------------------------------------------------------
INFO: [HLS 200-1030] Apply Unified Pipeline Control on module 'run_all_slices_unrolled_Pipeline_Loop_BN' pipeline 'Loop_BN' pipeline type 'loop pipeline'
INFO: [RTGEN 206-100] Generating core module 'fdiv_32ns_32ns_32_10_no_dsp_1': 1 instance(s).
INFO: [RTGEN 206-100] Generating core module 'fsqrt_32ns_32ns_32_10_no_dsp_1': 1 instance(s).
INFO: [RTGEN 206-100] Generating core module 'hadd_16ns_16ns_16_5_full_dsp_1': 2 instance(s).
INFO: [RTGEN 206-100] Generating core module 'hmul_16ns_16ns_16_4_max_dsp_1': 1 instance(s).
INFO: [RTGEN 206-100] Generating core module 'hptosp_16ns_32_2_no_dsp_1': 2 instance(s).
INFO: [RTGEN 206-100] Generating core module 'sptohp_32ns_16_2_no_dsp_1': 1 instance(s).
INFO: [RTGEN 206-100] Finished creating RTL model for 'run_all_slices_unrolled_Pipeline_Loop_BN'.
INFO: [RTMG 210-279] Implementing memory 'run_model_run_all_slices_unrolled_Pipeline_Loop_BN_BN2_var0_ROM_AUTO_1R' using auto ROMs.
INFO: [HLS 200-111] Finished Creating RTL model: CPU user time: 0.15 seconds. CPU system time: 0.01 seconds. Elapsed time: 0.16 seconds; current allocated memory: 854.359 MB.
INFO: [HLS 200-10] ----------------------------------------------------------------
INFO: [HLS 200-10] -- Generating RTL for module 'run_all_slices_unrolled_Pipeline_MergedLoop0' 
INFO: [HLS 200-10] ----------------------------------------------------------------
INFO: [HLS 200-1030] Apply Unified Pipeline Control on module 'run_all_slices_unrolled_Pipeline_MergedLoop0' pipeline 'MergedLoop0' pipeline type 'loop pipeline'
INFO: [RTGEN 206-100] Generating core module 'hadd_16ns_16ns_16_5_full_dsp_1': 1 instance(s).
INFO: [RTGEN 206-100] Generating core module 'hcmp_16ns_16ns_1_2_no_dsp_1': 2 instance(s).
INFO: [RTGEN 206-100] Generating core module 'sparsemux_7_2_16_1_1': 1 instance(s).
INFO: [RTGEN 206-100] Finished creating RTL model for 'run_all_slices_unrolled_Pipeline_MergedLoop0'.
INFO: [HLS 200-111] Finished Creating RTL model: CPU user time: 0.08 seconds. CPU system time: 0.01 seconds. Elapsed time: 0.09 seconds; current allocated memory: 855.801 MB.
INFO: [HLS 200-10] ----------------------------------------------------------------
INFO: [HLS 200-10] -- Generating RTL for module 'conv_bn_act_pool_Pipeline_BNParamsLoop' 
INFO: [HLS 200-10] ----------------------------------------------------------------
INFO: [HLS 200-1030] Apply Unified Pipeline Control on module 'conv_bn_act_pool_Pipeline_BNParamsLoop' pipeline 'BNParamsLoop' pipeline type 'loop pipeline'
INFO: [RTGEN 206-100] Generating core module 'fadd_32ns_32ns_32_4_full_dsp_1': 1 instance(s).
INFO: [RTGEN 206-100] Generating core module 'fdiv_32ns_32ns_32_10_no_dsp_1': 1 instance(s).
INFO: [RTGEN 206-100] Generating core module 'fmul_32ns_32ns_32_3_max_dsp_1': 2 instance(s).
INFO: [RTGEN 206-100] Generating core module 'fsqrt_32ns_32ns_32_10_no_dsp_1': 1 instance(s).
INFO: [RTGEN 206-100] Generating core module 'fsub_32ns_32ns_32_4_full_dsp_1': 1 instance(s).
INFO: [RTGEN 206-100] Generating core module 'hptosp_16ns_32_2_no_dsp_1': 2 instance(s).
INFO: [RTGEN 206-100] Generating core module 'sparsemux_65_5_16_1_1': 2 instance(s).
INFO: [RTGEN 206-100] Generating core module 'sptohp_32ns_16_2_no_dsp_1': 2 instance(s).
INFO: [RTGEN 206-100] Finished creating RTL model for 'conv_bn_act_pool_Pipeline_BNParamsLoop'.
INFO: [HLS 200-111] Finished Creating RTL model: CPU user time: 0.43 seconds. CPU system time: 0.01 seconds. Elapsed time: 0.46 seconds; current allocated memory: 863.070 MB.
INFO: [HLS 200-10] ----------------------------------------------------------------
INFO: [HLS 200-10] -- Generating RTL for module 'conv_bn_act_pool_Pipeline_Loop3_1Big' 
INFO: [HLS 200-10] ----------------------------------------------------------------
INFO: [HLS 200-1030] Apply Unified Pipeline Control on module 'conv_bn_act_pool_Pipeline_Loop3_1Big' pipeline 'Loop3_1Big' pipeline type 'loop pipeline'
INFO: [RTGEN 206-100] Generating core module 'hadd_16ns_16ns_16_5_full_dsp_1': 1 instance(s).
INFO: [RTGEN 206-100] Generating core module 'hmul_16ns_16ns_16_4_max_dsp_1': 1 instance(s).
INFO: [RTGEN 206-100] Generating core module 'mul_13ns_15ns_27_1_1': 32 instance(s).
INFO: [RTGEN 206-100] Generating core module 'sparsemux_67_6_16_1_1': 32 instance(s).
INFO: [RTGEN 206-100] Generating core module 'urem_13ns_7ns_6_17_1': 1 instance(s).
INFO: [RTGEN 206-100] Finished creating RTL model for 'conv_bn_act_pool_Pipeline_Loop3_1Big'.
INFO: [RTMG 210-279] Implementing memory 'run_model_conv_bn_act_pool_Pipeline_Loop3_1Big_X_slice12_0_ROM_AUTO_3R' using auto ROMs.
INFO: [RTMG 210-279] Implementing memory 'run_model_conv_bn_act_pool_Pipeline_Loop3_1Big_ConvW1_0_ROM_AUTO_3R' using auto ROMs.
INFO: [RTMG 210-279] Implementing memory 'run_model_conv_bn_act_pool_Pipeline_Loop3_1Big_ConvW1_1_ROM_AUTO_3R' using auto ROMs.
INFO: [RTMG 210-279] Implementing memory 'run_model_conv_bn_act_pool_Pipeline_Loop3_1Big_ConvW1_2_ROM_AUTO_3R' using auto ROMs.
INFO: [RTMG 210-279] Implementing memory 'run_model_conv_bn_act_pool_Pipeline_Loop3_1Big_ConvW1_3_ROM_AUTO_3R' using auto ROMs.
INFO: [RTMG 210-279] Implementing memory 'run_model_conv_bn_act_pool_Pipeline_Loop3_1Big_ConvW1_4_ROM_AUTO_3R' using auto ROMs.
INFO: [RTMG 210-279] Implementing memory 'run_model_conv_bn_act_pool_Pipeline_Loop3_1Big_ConvW1_5_ROM_AUTO_3R' using auto ROMs.
INFO: [RTMG 210-279] Implementing memory 'run_model_conv_bn_act_pool_Pipeline_Loop3_1Big_ConvW1_6_ROM_AUTO_3R' using auto ROMs.
INFO: [RTMG 210-279] Implementing memory 'run_model_conv_bn_act_pool_Pipeline_Loop3_1Big_ConvW1_7_ROM_AUTO_3R' using auto ROMs.
INFO: [RTMG 210-279] Implementing memory 'run_model_conv_bn_act_pool_Pipeline_Loop3_1Big_ConvW1_8_ROM_AUTO_3R' using auto ROMs.
INFO: [RTMG 210-279] Implementing memory 'run_model_conv_bn_act_pool_Pipeline_Loop3_1Big_ConvW1_9_ROM_AUTO_3R' using auto ROMs.
INFO: [RTMG 210-279] Implementing memory 'run_model_conv_bn_act_pool_Pipeline_Loop3_1Big_ConvW1_10_ROM_AUTO_3R' using auto ROMs.
INFO: [RTMG 210-279] Implementing memory 'run_model_conv_bn_act_pool_Pipeline_Loop3_1Big_ConvW1_11_ROM_AUTO_3R' using auto ROMs.
INFO: [RTMG 210-279] Implementing memory 'run_model_conv_bn_act_pool_Pipeline_Loop3_1Big_ConvW1_12_ROM_AUTO_3R' using auto ROMs.
INFO: [RTMG 210-279] Implementing memory 'run_model_conv_bn_act_pool_Pipeline_Loop3_1Big_ConvW1_13_ROM_AUTO_3R' using auto ROMs.
INFO: [RTMG 210-279] Implementing memory 'run_model_conv_bn_act_pool_Pipeline_Loop3_1Big_ConvW1_14_ROM_AUTO_3R' using auto ROMs.
INFO: [RTMG 210-279] Implementing memory 'run_model_conv_bn_act_pool_Pipeline_Loop3_1Big_ConvW1_15_ROM_AUTO_3R' using auto ROMs.
INFO: [RTMG 210-279] Implementing memory 'run_model_conv_bn_act_pool_Pipeline_Loop3_1Big_ConvW1_16_ROM_AUTO_3R' using auto ROMs.
INFO: [RTMG 210-279] Implementing memory 'run_model_conv_bn_act_pool_Pipeline_Loop3_1Big_ConvW1_17_ROM_AUTO_3R' using auto ROMs.
INFO: [RTMG 210-279] Implementing memory 'run_model_conv_bn_act_pool_Pipeline_Loop3_1Big_ConvW1_18_ROM_AUTO_3R' using auto ROMs.
INFO: [RTMG 210-279] Implementing memory 'run_model_conv_bn_act_pool_Pipeline_Loop3_1Big_ConvW1_19_ROM_AUTO_3R' using auto ROMs.
INFO: [RTMG 210-279] Implementing memory 'run_model_conv_bn_act_pool_Pipeline_Loop3_1Big_ConvW1_20_ROM_AUTO_3R' using auto ROMs.
INFO: [RTMG 210-279] Implementing memory 'run_model_conv_bn_act_pool_Pipeline_Loop3_1Big_ConvW1_21_ROM_AUTO_3R' using auto ROMs.
INFO: [RTMG 210-279] Implementing memory 'run_model_conv_bn_act_pool_Pipeline_Loop3_1Big_ConvW1_22_ROM_AUTO_3R' using auto ROMs.
INFO: [RTMG 210-279] Implementing memory 'run_model_conv_bn_act_pool_Pipeline_Loop3_1Big_ConvW1_23_ROM_AUTO_3R' using auto ROMs.
INFO: [RTMG 210-279] Implementing memory 'run_model_conv_bn_act_pool_Pipeline_Loop3_1Big_ConvW1_24_ROM_AUTO_3R' using auto ROMs.
INFO: [RTMG 210-279] Implementing memory 'run_model_conv_bn_act_pool_Pipeline_Loop3_1Big_ConvW1_25_ROM_AUTO_3R' using auto ROMs.
INFO: [RTMG 210-279] Implementing memory 'run_model_conv_bn_act_pool_Pipeline_Loop3_1Big_ConvW1_26_ROM_AUTO_3R' using auto ROMs.
INFO: [RTMG 210-279] Implementing memory 'run_model_conv_bn_act_pool_Pipeline_Loop3_1Big_ConvW1_27_ROM_AUTO_3R' using auto ROMs.
INFO: [RTMG 210-279] Implementing memory 'run_model_conv_bn_act_pool_Pipeline_Loop3_1Big_ConvW1_28_ROM_AUTO_3R' using auto ROMs.
INFO: [RTMG 210-279] Implementing memory 'run_model_conv_bn_act_pool_Pipeline_Loop3_1Big_ConvW1_29_ROM_AUTO_3R' using auto ROMs.
INFO: [RTMG 210-279] Implementing memory 'run_model_conv_bn_act_pool_Pipeline_Loop3_1Big_ConvW1_30_ROM_AUTO_3R' using auto ROMs.
INFO: [RTMG 210-279] Implementing memory 'run_model_conv_bn_act_pool_Pipeline_Loop3_1Big_ConvW1_31_ROM_AUTO_3R' using auto ROMs.
INFO: [RTMG 210-279] Implementing memory 'run_model_conv_bn_act_pool_Pipeline_Loop3_1Big_ConvW1_32_ROM_AUTO_3R' using auto ROMs.
INFO: [RTMG 210-279] Implementing memory 'run_model_conv_bn_act_pool_Pipeline_Loop3_1Big_X_slice12_1_ROM_AUTO_3R' using auto ROMs.
INFO: [RTMG 210-279] Implementing memory 'run_model_conv_bn_act_pool_Pipeline_Loop3_1Big_X_slice12_2_ROM_AUTO_3R' using auto ROMs.
INFO: [RTMG 210-279] Implementing memory 'run_model_conv_bn_act_pool_Pipeline_Loop3_1Big_X_slice12_3_ROM_AUTO_3R' using auto ROMs.
INFO: [RTMG 210-279] Implementing memory 'run_model_conv_bn_act_pool_Pipeline_Loop3_1Big_X_slice12_4_ROM_AUTO_3R' using auto ROMs.
INFO: [RTMG 210-279] Implementing memory 'run_model_conv_bn_act_pool_Pipeline_Loop3_1Big_X_slice12_5_ROM_AUTO_3R' using auto ROMs.
INFO: [RTMG 210-279] Implementing memory 'run_model_conv_bn_act_pool_Pipeline_Loop3_1Big_X_slice12_6_ROM_AUTO_3R' using auto ROMs.
INFO: [RTMG 210-279] Implementing memory 'run_model_conv_bn_act_pool_Pipeline_Loop3_1Big_X_slice12_7_ROM_AUTO_3R' using auto ROMs.
INFO: [RTMG 210-279] Implementing memory 'run_model_conv_bn_act_pool_Pipeline_Loop3_1Big_X_slice12_8_ROM_AUTO_3R' using auto ROMs.
INFO: [RTMG 210-279] Implementing memory 'run_model_conv_bn_act_pool_Pipeline_Loop3_1Big_X_slice12_9_ROM_AUTO_3R' using auto ROMs.
INFO: [RTMG 210-279] Implementing memory 'run_model_conv_bn_act_pool_Pipeline_Loop3_1Big_X_slice12_10_ROM_AUTO_3R' using auto ROMs.
INFO: [RTMG 210-279] Implementing memory 'run_model_conv_bn_act_pool_Pipeline_Loop3_1Big_X_slice12_11_ROM_AUTO_3R' using auto ROMs.
INFO: [RTMG 210-279] Implementing memory 'run_model_conv_bn_act_pool_Pipeline_Loop3_1Big_X_slice12_12_ROM_AUTO_3R' using auto ROMs.
INFO: [RTMG 210-279] Implementing memory 'run_model_conv_bn_act_pool_Pipeline_Loop3_1Big_X_slice12_13_ROM_AUTO_3R' using auto ROMs.
INFO: [RTMG 210-279] Implementing memory 'run_model_conv_bn_act_pool_Pipeline_Loop3_1Big_X_slice12_14_ROM_AUTO_3R' using auto ROMs.
INFO: [RTMG 210-279] Implementing memory 'run_model_conv_bn_act_pool_Pipeline_Loop3_1Big_X_slice12_15_ROM_AUTO_3R' using auto ROMs.
INFO: [HLS 200-111] Finished Creating RTL model: CPU user time: 1.55 seconds. CPU system time: 0.04 seconds. Elapsed time: 1.6 seconds; current allocated memory: 889.555 MB.
INFO: [HLS 200-10] ----------------------------------------------------------------
INFO: [HLS 200-10] -- Generating RTL for module 'conv_bn_act_pool_Pipeline_Loop3_2Big' 
INFO: [HLS 200-10] ----------------------------------------------------------------
INFO: [HLS 200-1030] Apply Unified Pipeline Control on module 'conv_bn_act_pool_Pipeline_Loop3_2Big' pipeline 'Loop3_2Big' pipeline type 'loop pipeline'
INFO: [RTGEN 206-100] Generating core module 'hdiv_16ns_16ns_16_6_no_dsp_1': 1 instance(s).
INFO: [RTGEN 206-100] Generating core module 'sparsemux_65_5_16_1_1': 1 instance(s).
INFO: [RTGEN 206-100] Finished creating RTL model for 'conv_bn_act_pool_Pipeline_Loop3_2Big'.
INFO: [HLS 200-111] Finished Creating RTL model: CPU user time: 0.93 seconds. CPU system time: 0.11 seconds. Elapsed time: 1.05 seconds; current allocated memory: 942.723 MB.
INFO: [HLS 200-10] ----------------------------------------------------------------
INFO: [HLS 200-10] -- Generating RTL for module 'conv_bn_act_pool' 
INFO: [HLS 200-10] ----------------------------------------------------------------
WARNING: [RTGEN 206-101] Setting dangling out port 'conv_bn_act_pool/grp_fu_1063_p_opcode' to 0.
INFO: [RTGEN 206-100] Generating core module 'fadd_32ns_32ns_32_4_full_dsp_1': 1 instance(s).
INFO: [RTGEN 206-100] Generating core module 'fdiv_32ns_32ns_32_10_no_dsp_1': 1 instance(s).
INFO: [RTGEN 206-100] Generating core module 'fmul_32ns_32ns_32_3_max_dsp_1': 2 instance(s).
INFO: [RTGEN 206-100] Generating core module 'fsqrt_32ns_32ns_32_10_no_dsp_1': 1 instance(s).
INFO: [RTGEN 206-100] Generating core module 'fsub_32ns_32ns_32_4_full_dsp_1': 1 instance(s).
INFO: [RTGEN 206-100] Generating core module 'hadd_16ns_16ns_16_5_full_dsp_1': 1 instance(s).
INFO: [RTGEN 206-100] Generating core module 'hcmp_16ns_16ns_1_2_no_dsp_1': 1 instance(s).
INFO: [RTGEN 206-100] Generating core module 'hdiv_16ns_16ns_16_6_no_dsp_1': 1 instance(s).
INFO: [RTGEN 206-100] Generating core module 'hmul_16ns_16ns_16_4_max_dsp_1': 1 instance(s).
INFO: [RTGEN 206-100] Generating core module 'hptosp_16ns_32_2_no_dsp_1': 2 instance(s).
INFO: [RTGEN 206-100] Generating core module 'sparsemux_65_5_16_1_1': 3 instance(s).
INFO: [RTGEN 206-100] Generating core module 'sptohp_32ns_16_2_no_dsp_1': 2 instance(s).
INFO: [RTGEN 206-100] Finished creating RTL model for 'conv_bn_act_pool'.
INFO: [HLS 200-111] Finished Creating RTL model: CPU user time: 0.2 seconds. CPU system time: 0.01 seconds. Elapsed time: 0.22 seconds; current allocated memory: 942.723 MB.
INFO: [HLS 200-10] ----------------------------------------------------------------
INFO: [HLS 200-10] -- Generating RTL for module 'run_all_slices_unrolled_Pipeline_Loop_BN2' 
INFO: [HLS 200-10] ----------------------------------------------------------------
INFO: [HLS 200-1030] Apply Unified Pipeline Control on module 'run_all_slices_unrolled_Pipeline_Loop_BN2' pipeline 'Loop_BN' pipeline type 'loop pipeline'
INFO: [RTGEN 206-100] Generating core module 'fdiv_32ns_32ns_32_10_no_dsp_1': 1 instance(s).
INFO: [RTGEN 206-100] Generating core module 'fsqrt_32ns_32ns_32_10_no_dsp_1': 1 instance(s).
INFO: [RTGEN 206-100] Generating core module 'hadd_16ns_16ns_16_5_full_dsp_1': 2 instance(s).
INFO: [RTGEN 206-100] Generating core module 'hmul_16ns_16ns_16_4_max_dsp_1': 1 instance(s).
INFO: [RTGEN 206-100] Generating core module 'hptosp_16ns_32_2_no_dsp_1': 2 instance(s).
INFO: [RTGEN 206-100] Generating core module 'sptohp_32ns_16_2_no_dsp_1': 1 instance(s).
INFO: [RTGEN 206-100] Finished creating RTL model for 'run_all_slices_unrolled_Pipeline_Loop_BN2'.
INFO: [HLS 200-111] Finished Creating RTL model: CPU user time: 0.24 seconds. CPU system time: 0.02 seconds. Elapsed time: 0.26 seconds; current allocated memory: 942.723 MB.
INFO: [HLS 200-10] ----------------------------------------------------------------
INFO: [HLS 200-10] -- Generating RTL for module 'run_all_slices_unrolled_Pipeline_MergedLoop1' 
INFO: [HLS 200-10] ----------------------------------------------------------------
INFO: [HLS 200-1030] Apply Unified Pipeline Control on module 'run_all_slices_unrolled_Pipeline_MergedLoop1' pipeline 'MergedLoop1' pipeline type 'loop pipeline'
INFO: [RTGEN 206-100] Generating core module 'hadd_16ns_16ns_16_5_full_dsp_1': 1 instance(s).
INFO: [RTGEN 206-100] Generating core module 'hcmp_16ns_16ns_1_2_no_dsp_1': 2 instance(s).
INFO: [RTGEN 206-100] Generating core module 'sparsemux_7_2_16_1_1': 1 instance(s).
INFO: [RTGEN 206-100] Finished creating RTL model for 'run_all_slices_unrolled_Pipeline_MergedLoop1'.
INFO: [HLS 200-111] Finished Creating RTL model: CPU user time: 0.12 seconds. CPU system time: 0 seconds. Elapsed time: 0.13 seconds; current allocated memory: 943.719 MB.
INFO: [HLS 200-10] ----------------------------------------------------------------
INFO: [HLS 200-10] -- Generating RTL for module 'conv_bn_act_pool_2_Pipeline_BNParamsLoop' 
INFO: [HLS 200-10] ----------------------------------------------------------------
INFO: [HLS 200-1030] Apply Unified Pipeline Control on module 'conv_bn_act_pool_2_Pipeline_BNParamsLoop' pipeline 'BNParamsLoop' pipeline type 'loop pipeline'
INFO: [RTGEN 206-100] Generating core module 'fadd_32ns_32ns_32_4_full_dsp_1': 1 instance(s).
INFO: [RTGEN 206-100] Generating core module 'fdiv_32ns_32ns_32_10_no_dsp_1': 1 instance(s).
INFO: [RTGEN 206-100] Generating core module 'fmul_32ns_32ns_32_3_max_dsp_1': 2 instance(s).
INFO: [RTGEN 206-100] Generating core module 'fsqrt_32ns_32ns_32_10_no_dsp_1': 1 instance(s).
INFO: [RTGEN 206-100] Generating core module 'fsub_32ns_32ns_32_4_full_dsp_1': 1 instance(s).
INFO: [RTGEN 206-100] Generating core module 'hptosp_16ns_32_2_no_dsp_1': 2 instance(s).
INFO: [RTGEN 206-100] Generating core module 'sparsemux_65_5_16_1_1': 2 instance(s).
INFO: [RTGEN 206-100] Generating core module 'sptohp_32ns_16_2_no_dsp_1': 2 instance(s).
INFO: [RTGEN 206-100] Finished creating RTL model for 'conv_bn_act_pool_2_Pipeline_BNParamsLoop'.
INFO: [HLS 200-111] Finished Creating RTL model: CPU user time: 0.47 seconds. CPU system time: 0.01 seconds. Elapsed time: 0.49 seconds; current allocated memory: 951.039 MB.
INFO: [HLS 200-10] ----------------------------------------------------------------
INFO: [HLS 200-10] -- Generating RTL for module 'conv_bn_act_pool_2_Pipeline_Loop3_1Big' 
INFO: [HLS 200-10] ----------------------------------------------------------------
INFO: [HLS 200-1030] Apply Unified Pipeline Control on module 'conv_bn_act_pool_2_Pipeline_Loop3_1Big' pipeline 'Loop3_1Big' pipeline type 'loop pipeline'
INFO: [RTGEN 206-100] Generating core module 'hadd_16ns_16ns_16_5_full_dsp_1': 1 instance(s).
INFO: [RTGEN 206-100] Generating core module 'hmul_16ns_16ns_16_4_max_dsp_1': 1 instance(s).
INFO: [RTGEN 206-100] Generating core module 'mul_13ns_15ns_27_1_1': 32 instance(s).
INFO: [RTGEN 206-100] Generating core module 'sparsemux_67_6_16_1_1': 32 instance(s).
INFO: [RTGEN 206-100] Generating core module 'urem_13ns_7ns_6_17_1': 1 instance(s).
INFO: [RTGEN 206-100] Finished creating RTL model for 'conv_bn_act_pool_2_Pipeline_Loop3_1Big'.
INFO: [RTMG 210-279] Implementing memory 'run_model_conv_bn_act_pool_2_Pipeline_Loop3_1Big_X_slice27_0_ROM_AUTO_3R' using auto ROMs.
INFO: [RTMG 210-279] Implementing memory 'run_model_conv_bn_act_pool_2_Pipeline_Loop3_1Big_ConvW2_0_ROM_AUTO_3R' using auto ROMs.
INFO: [RTMG 210-279] Implementing memory 'run_model_conv_bn_act_pool_2_Pipeline_Loop3_1Big_ConvW2_1_ROM_AUTO_3R' using auto ROMs.
INFO: [RTMG 210-279] Implementing memory 'run_model_conv_bn_act_pool_2_Pipeline_Loop3_1Big_ConvW2_2_ROM_AUTO_3R' using auto ROMs.
INFO: [RTMG 210-279] Implementing memory 'run_model_conv_bn_act_pool_2_Pipeline_Loop3_1Big_ConvW2_3_ROM_AUTO_3R' using auto ROMs.
INFO: [RTMG 210-279] Implementing memory 'run_model_conv_bn_act_pool_2_Pipeline_Loop3_1Big_ConvW2_4_ROM_AUTO_3R' using auto ROMs.
INFO: [RTMG 210-279] Implementing memory 'run_model_conv_bn_act_pool_2_Pipeline_Loop3_1Big_ConvW2_5_ROM_AUTO_3R' using auto ROMs.
INFO: [RTMG 210-279] Implementing memory 'run_model_conv_bn_act_pool_2_Pipeline_Loop3_1Big_ConvW2_6_ROM_AUTO_3R' using auto ROMs.
INFO: [RTMG 210-279] Implementing memory 'run_model_conv_bn_act_pool_2_Pipeline_Loop3_1Big_ConvW2_7_ROM_AUTO_3R' using auto ROMs.
INFO: [RTMG 210-279] Implementing memory 'run_model_conv_bn_act_pool_2_Pipeline_Loop3_1Big_ConvW2_8_ROM_AUTO_3R' using auto ROMs.
INFO: [RTMG 210-279] Implementing memory 'run_model_conv_bn_act_pool_2_Pipeline_Loop3_1Big_ConvW2_9_ROM_AUTO_3R' using auto ROMs.
INFO: [RTMG 210-279] Implementing memory 'run_model_conv_bn_act_pool_2_Pipeline_Loop3_1Big_ConvW2_10_ROM_AUTO_3R' using auto ROMs.
INFO: [RTMG 210-279] Implementing memory 'run_model_conv_bn_act_pool_2_Pipeline_Loop3_1Big_ConvW2_11_ROM_AUTO_3R' using auto ROMs.
INFO: [RTMG 210-279] Implementing memory 'run_model_conv_bn_act_pool_2_Pipeline_Loop3_1Big_ConvW2_12_ROM_AUTO_3R' using auto ROMs.
INFO: [RTMG 210-279] Implementing memory 'run_model_conv_bn_act_pool_2_Pipeline_Loop3_1Big_ConvW2_13_ROM_AUTO_3R' using auto ROMs.
INFO: [RTMG 210-279] Implementing memory 'run_model_conv_bn_act_pool_2_Pipeline_Loop3_1Big_ConvW2_14_ROM_AUTO_3R' using auto ROMs.
INFO: [RTMG 210-279] Implementing memory 'run_model_conv_bn_act_pool_2_Pipeline_Loop3_1Big_ConvW2_15_ROM_AUTO_3R' using auto ROMs.
INFO: [RTMG 210-279] Implementing memory 'run_model_conv_bn_act_pool_2_Pipeline_Loop3_1Big_ConvW2_16_ROM_AUTO_3R' using auto ROMs.
INFO: [RTMG 210-279] Implementing memory 'run_model_conv_bn_act_pool_2_Pipeline_Loop3_1Big_ConvW2_17_ROM_AUTO_3R' using auto ROMs.
INFO: [RTMG 210-279] Implementing memory 'run_model_conv_bn_act_pool_2_Pipeline_Loop3_1Big_ConvW2_18_ROM_AUTO_3R' using auto ROMs.
INFO: [RTMG 210-279] Implementing memory 'run_model_conv_bn_act_pool_2_Pipeline_Loop3_1Big_ConvW2_19_ROM_AUTO_3R' using auto ROMs.
INFO: [RTMG 210-279] Implementing memory 'run_model_conv_bn_act_pool_2_Pipeline_Loop3_1Big_ConvW2_20_ROM_AUTO_3R' using auto ROMs.
INFO: [RTMG 210-279] Implementing memory 'run_model_conv_bn_act_pool_2_Pipeline_Loop3_1Big_ConvW2_21_ROM_AUTO_3R' using auto ROMs.
INFO: [RTMG 210-279] Implementing memory 'run_model_conv_bn_act_pool_2_Pipeline_Loop3_1Big_ConvW2_22_ROM_AUTO_3R' using auto ROMs.
INFO: [RTMG 210-279] Implementing memory 'run_model_conv_bn_act_pool_2_Pipeline_Loop3_1Big_ConvW2_23_ROM_AUTO_3R' using auto ROMs.
INFO: [RTMG 210-279] Implementing memory 'run_model_conv_bn_act_pool_2_Pipeline_Loop3_1Big_ConvW2_24_ROM_AUTO_3R' using auto ROMs.
INFO: [RTMG 210-279] Implementing memory 'run_model_conv_bn_act_pool_2_Pipeline_Loop3_1Big_ConvW2_25_ROM_AUTO_3R' using auto ROMs.
INFO: [RTMG 210-279] Implementing memory 'run_model_conv_bn_act_pool_2_Pipeline_Loop3_1Big_ConvW2_26_ROM_AUTO_3R' using auto ROMs.
INFO: [RTMG 210-279] Implementing memory 'run_model_conv_bn_act_pool_2_Pipeline_Loop3_1Big_ConvW2_27_ROM_AUTO_3R' using auto ROMs.
INFO: [RTMG 210-279] Implementing memory 'run_model_conv_bn_act_pool_2_Pipeline_Loop3_1Big_ConvW2_28_ROM_AUTO_3R' using auto ROMs.
INFO: [RTMG 210-279] Implementing memory 'run_model_conv_bn_act_pool_2_Pipeline_Loop3_1Big_ConvW2_29_ROM_AUTO_3R' using auto ROMs.
INFO: [RTMG 210-279] Implementing memory 'run_model_conv_bn_act_pool_2_Pipeline_Loop3_1Big_ConvW2_30_ROM_AUTO_3R' using auto ROMs.
INFO: [RTMG 210-279] Implementing memory 'run_model_conv_bn_act_pool_2_Pipeline_Loop3_1Big_ConvW2_31_ROM_AUTO_3R' using auto ROMs.
INFO: [RTMG 210-279] Implementing memory 'run_model_conv_bn_act_pool_2_Pipeline_Loop3_1Big_ConvW2_32_ROM_AUTO_3R' using auto ROMs.
INFO: [RTMG 210-279] Implementing memory 'run_model_conv_bn_act_pool_2_Pipeline_Loop3_1Big_X_slice27_1_ROM_AUTO_3R' using auto ROMs.
INFO: [RTMG 210-279] Implementing memory 'run_model_conv_bn_act_pool_2_Pipeline_Loop3_1Big_X_slice27_2_ROM_AUTO_3R' using auto ROMs.
INFO: [RTMG 210-279] Implementing memory 'run_model_conv_bn_act_pool_2_Pipeline_Loop3_1Big_X_slice27_3_ROM_AUTO_3R' using auto ROMs.
INFO: [RTMG 210-279] Implementing memory 'run_model_conv_bn_act_pool_2_Pipeline_Loop3_1Big_X_slice27_4_ROM_AUTO_3R' using auto ROMs.
INFO: [RTMG 210-279] Implementing memory 'run_model_conv_bn_act_pool_2_Pipeline_Loop3_1Big_X_slice27_5_ROM_AUTO_3R' using auto ROMs.
INFO: [RTMG 210-279] Implementing memory 'run_model_conv_bn_act_pool_2_Pipeline_Loop3_1Big_X_slice27_6_ROM_AUTO_3R' using auto ROMs.
INFO: [RTMG 210-279] Implementing memory 'run_model_conv_bn_act_pool_2_Pipeline_Loop3_1Big_X_slice27_7_ROM_AUTO_3R' using auto ROMs.
INFO: [RTMG 210-279] Implementing memory 'run_model_conv_bn_act_pool_2_Pipeline_Loop3_1Big_X_slice27_8_ROM_AUTO_3R' using auto ROMs.
INFO: [RTMG 210-279] Implementing memory 'run_model_conv_bn_act_pool_2_Pipeline_Loop3_1Big_X_slice27_9_ROM_AUTO_3R' using auto ROMs.
INFO: [RTMG 210-279] Implementing memory 'run_model_conv_bn_act_pool_2_Pipeline_Loop3_1Big_X_slice27_10_ROM_AUTO_3R' using auto ROMs.
INFO: [RTMG 210-279] Implementing memory 'run_model_conv_bn_act_pool_2_Pipeline_Loop3_1Big_X_slice27_11_ROM_AUTO_3R' using auto ROMs.
INFO: [RTMG 210-279] Implementing memory 'run_model_conv_bn_act_pool_2_Pipeline_Loop3_1Big_X_slice27_12_ROM_AUTO_3R' using auto ROMs.
INFO: [RTMG 210-279] Implementing memory 'run_model_conv_bn_act_pool_2_Pipeline_Loop3_1Big_X_slice27_13_ROM_AUTO_3R' using auto ROMs.
INFO: [RTMG 210-279] Implementing memory 'run_model_conv_bn_act_pool_2_Pipeline_Loop3_1Big_X_slice27_14_ROM_AUTO_3R' using auto ROMs.
INFO: [RTMG 210-279] Implementing memory 'run_model_conv_bn_act_pool_2_Pipeline_Loop3_1Big_X_slice27_15_ROM_AUTO_3R' using auto ROMs.
INFO: [HLS 200-111] Finished Creating RTL model: CPU user time: 2.66 seconds. CPU system time: 0.07 seconds. Elapsed time: 2.76 seconds; current allocated memory: 979.363 MB.
INFO: [HLS 200-10] ----------------------------------------------------------------
INFO: [HLS 200-10] -- Generating RTL for module 'conv_bn_act_pool_2_Pipeline_Loop3_2Big' 
INFO: [HLS 200-10] ----------------------------------------------------------------
INFO: [HLS 200-1030] Apply Unified Pipeline Control on module 'conv_bn_act_pool_2_Pipeline_Loop3_2Big' pipeline 'Loop3_2Big' pipeline type 'loop pipeline'
INFO: [RTGEN 206-100] Generating core module 'hdiv_16ns_16ns_16_6_no_dsp_1': 1 instance(s).
INFO: [RTGEN 206-100] Generating core module 'sparsemux_65_5_16_1_1': 1 instance(s).
INFO: [RTGEN 206-100] Finished creating RTL model for 'conv_bn_act_pool_2_Pipeline_Loop3_2Big'.
INFO: [HLS 200-111] Finished Creating RTL model: CPU user time: 1.33 seconds. CPU system time: 0.14 seconds. Elapsed time: 1.57 seconds; current allocated memory: 1.008 GB.
INFO: [HLS 200-10] ----------------------------------------------------------------
INFO: [HLS 200-10] -- Generating RTL for module 'conv_bn_act_pool_2' 
INFO: [HLS 200-10] ----------------------------------------------------------------
WARNING: [RTGEN 206-101] Setting dangling out port 'conv_bn_act_pool_2/grp_fu_1063_p_opcode' to 0.
INFO: [RTGEN 206-100] Generating core module 'fadd_32ns_32ns_32_4_full_dsp_1': 1 instance(s).
INFO: [RTGEN 206-100] Generating core module 'fdiv_32ns_32ns_32_10_no_dsp_1': 1 instance(s).
INFO: [RTGEN 206-100] Generating core module 'fmul_32ns_32ns_32_3_max_dsp_1': 2 instance(s).
INFO: [RTGEN 206-100] Generating core module 'fsqrt_32ns_32ns_32_10_no_dsp_1': 1 instance(s).
INFO: [RTGEN 206-100] Generating core module 'fsub_32ns_32ns_32_4_full_dsp_1': 1 instance(s).
INFO: [RTGEN 206-100] Generating core module 'hadd_16ns_16ns_16_5_full_dsp_1': 1 instance(s).
INFO: [RTGEN 206-100] Generating core module 'hcmp_16ns_16ns_1_2_no_dsp_1': 1 instance(s).
INFO: [RTGEN 206-100] Generating core module 'hdiv_16ns_16ns_16_6_no_dsp_1': 1 instance(s).
INFO: [RTGEN 206-100] Generating core module 'hmul_16ns_16ns_16_4_max_dsp_1': 1 instance(s).
INFO: [RTGEN 206-100] Generating core module 'hptosp_16ns_32_2_no_dsp_1': 2 instance(s).
INFO: [RTGEN 206-100] Generating core module 'sparsemux_65_5_16_1_1': 3 instance(s).
INFO: [RTGEN 206-100] Generating core module 'sptohp_32ns_16_2_no_dsp_1': 2 instance(s).
INFO: [RTGEN 206-100] Finished creating RTL model for 'conv_bn_act_pool_2'.
INFO: [HLS 200-111] Finished Creating RTL model: CPU user time: 0.38 seconds. CPU system time: 0.02 seconds. Elapsed time: 0.41 seconds; current allocated memory: 1.008 GB.
INFO: [HLS 200-10] ----------------------------------------------------------------
INFO: [HLS 200-10] -- Generating RTL for module 'run_all_slices_unrolled_Pipeline_Loop_BN3' 
INFO: [HLS 200-10] ----------------------------------------------------------------
INFO: [HLS 200-1030] Apply Unified Pipeline Control on module 'run_all_slices_unrolled_Pipeline_Loop_BN3' pipeline 'Loop_BN' pipeline type 'loop pipeline'
INFO: [RTGEN 206-100] Generating core module 'fdiv_32ns_32ns_32_10_no_dsp_1': 1 instance(s).
INFO: [RTGEN 206-100] Generating core module 'fsqrt_32ns_32ns_32_10_no_dsp_1': 1 instance(s).
INFO: [RTGEN 206-100] Generating core module 'hadd_16ns_16ns_16_5_full_dsp_1': 2 instance(s).
INFO: [RTGEN 206-100] Generating core module 'hmul_16ns_16ns_16_4_max_dsp_1': 1 instance(s).
INFO: [RTGEN 206-100] Generating core module 'hptosp_16ns_32_2_no_dsp_1': 2 instance(s).
INFO: [RTGEN 206-100] Generating core module 'sptohp_32ns_16_2_no_dsp_1': 1 instance(s).
INFO: [RTGEN 206-100] Finished creating RTL model for 'run_all_slices_unrolled_Pipeline_Loop_BN3'.
INFO: [HLS 200-111] Finished Creating RTL model: CPU user time: 0.38 seconds. CPU system time: 0.02 seconds. Elapsed time: 0.4 seconds; current allocated memory: 1.008 GB.
INFO: [HLS 200-10] ----------------------------------------------------------------
INFO: [HLS 200-10] -- Generating RTL for module 'run_all_slices_unrolled_Pipeline_MergedLoop2' 
INFO: [HLS 200-10] ----------------------------------------------------------------
INFO: [HLS 200-1030] Apply Unified Pipeline Control on module 'run_all_slices_unrolled_Pipeline_MergedLoop2' pipeline 'MergedLoop2' pipeline type 'loop pipeline'
INFO: [RTGEN 206-100] Generating core module 'hadd_16ns_16ns_16_5_full_dsp_1': 1 instance(s).
INFO: [RTGEN 206-100] Generating core module 'hcmp_16ns_16ns_1_2_no_dsp_1': 2 instance(s).
INFO: [RTGEN 206-100] Generating core module 'sparsemux_7_2_16_1_1': 1 instance(s).
INFO: [RTGEN 206-100] Finished creating RTL model for 'run_all_slices_unrolled_Pipeline_MergedLoop2'.
INFO: [HLS 200-111] Finished Creating RTL model: CPU user time: 0.13 seconds. CPU system time: 0.01 seconds. Elapsed time: 0.14 seconds; current allocated memory: 1.010 GB.
INFO: [HLS 200-10] ----------------------------------------------------------------
INFO: [HLS 200-10] -- Generating RTL for module 'conv_bn_act_pool_3_Pipeline_BNParamsLoop' 
INFO: [HLS 200-10] ----------------------------------------------------------------
INFO: [HLS 200-1030] Apply Unified Pipeline Control on module 'conv_bn_act_pool_3_Pipeline_BNParamsLoop' pipeline 'BNParamsLoop' pipeline type 'loop pipeline'
INFO: [RTGEN 206-100] Generating core module 'fadd_32ns_32ns_32_4_full_dsp_1': 1 instance(s).
INFO: [RTGEN 206-100] Generating core module 'fdiv_32ns_32ns_32_10_no_dsp_1': 1 instance(s).
INFO: [RTGEN 206-100] Generating core module 'fmul_32ns_32ns_32_3_max_dsp_1': 2 instance(s).
INFO: [RTGEN 206-100] Generating core module 'fsqrt_32ns_32ns_32_10_no_dsp_1': 1 instance(s).
INFO: [RTGEN 206-100] Generating core module 'fsub_32ns_32ns_32_4_full_dsp_1': 1 instance(s).
INFO: [RTGEN 206-100] Generating core module 'hptosp_16ns_32_2_no_dsp_1': 2 instance(s).
INFO: [RTGEN 206-100] Generating core module 'sparsemux_65_5_16_1_1': 2 instance(s).
INFO: [RTGEN 206-100] Generating core module 'sptohp_32ns_16_2_no_dsp_1': 2 instance(s).
INFO: [RTGEN 206-100] Finished creating RTL model for 'conv_bn_act_pool_3_Pipeline_BNParamsLoop'.
INFO: [HLS 200-111] Finished Creating RTL model: CPU user time: 0.59 seconds. CPU system time: 0.02 seconds. Elapsed time: 0.61 seconds; current allocated memory: 1.017 GB.
INFO: [HLS 200-10] ----------------------------------------------------------------
INFO: [HLS 200-10] -- Generating RTL for module 'conv_bn_act_pool_3_Pipeline_Loop3_1Big' 
INFO: [HLS 200-10] ----------------------------------------------------------------
INFO: [HLS 200-1030] Apply Unified Pipeline Control on module 'conv_bn_act_pool_3_Pipeline_Loop3_1Big' pipeline 'Loop3_1Big' pipeline type 'loop pipeline'
INFO: [RTGEN 206-100] Generating core module 'hadd_16ns_16ns_16_5_full_dsp_1': 1 instance(s).
INFO: [RTGEN 206-100] Generating core module 'hmul_16ns_16ns_16_4_max_dsp_1': 1 instance(s).
INFO: [RTGEN 206-100] Generating core module 'mul_13ns_15ns_27_1_1': 32 instance(s).
INFO: [RTGEN 206-100] Generating core module 'sparsemux_67_6_16_1_1': 32 instance(s).
INFO: [RTGEN 206-100] Generating core module 'urem_13ns_7ns_6_17_1': 1 instance(s).
INFO: [RTGEN 206-100] Finished creating RTL model for 'conv_bn_act_pool_3_Pipeline_Loop3_1Big'.
INFO: [RTMG 210-279] Implementing memory 'run_model_conv_bn_act_pool_3_Pipeline_Loop3_1Big_X_slice42_0_ROM_AUTO_3R' using auto ROMs.
INFO: [RTMG 210-279] Implementing memory 'run_model_conv_bn_act_pool_3_Pipeline_Loop3_1Big_ConvW3_0_ROM_AUTO_3R' using auto ROMs.
INFO: [RTMG 210-279] Implementing memory 'run_model_conv_bn_act_pool_3_Pipeline_Loop3_1Big_ConvW3_1_ROM_AUTO_3R' using auto ROMs.
INFO: [RTMG 210-279] Implementing memory 'run_model_conv_bn_act_pool_3_Pipeline_Loop3_1Big_ConvW3_2_ROM_AUTO_3R' using auto ROMs.
INFO: [RTMG 210-279] Implementing memory 'run_model_conv_bn_act_pool_3_Pipeline_Loop3_1Big_ConvW3_3_ROM_AUTO_3R' using auto ROMs.
INFO: [RTMG 210-279] Implementing memory 'run_model_conv_bn_act_pool_3_Pipeline_Loop3_1Big_ConvW3_4_ROM_AUTO_3R' using auto ROMs.
INFO: [RTMG 210-279] Implementing memory 'run_model_conv_bn_act_pool_3_Pipeline_Loop3_1Big_ConvW3_5_ROM_AUTO_3R' using auto ROMs.
INFO: [RTMG 210-279] Implementing memory 'run_model_conv_bn_act_pool_3_Pipeline_Loop3_1Big_ConvW3_6_ROM_AUTO_3R' using auto ROMs.
INFO: [RTMG 210-279] Implementing memory 'run_model_conv_bn_act_pool_3_Pipeline_Loop3_1Big_ConvW3_7_ROM_AUTO_3R' using auto ROMs.
INFO: [RTMG 210-279] Implementing memory 'run_model_conv_bn_act_pool_3_Pipeline_Loop3_1Big_ConvW3_8_ROM_AUTO_3R' using auto ROMs.
INFO: [RTMG 210-279] Implementing memory 'run_model_conv_bn_act_pool_3_Pipeline_Loop3_1Big_ConvW3_9_ROM_AUTO_3R' using auto ROMs.
INFO: [RTMG 210-279] Implementing memory 'run_model_conv_bn_act_pool_3_Pipeline_Loop3_1Big_ConvW3_10_ROM_AUTO_3R' using auto ROMs.
INFO: [RTMG 210-279] Implementing memory 'run_model_conv_bn_act_pool_3_Pipeline_Loop3_1Big_ConvW3_11_ROM_AUTO_3R' using auto ROMs.
INFO: [RTMG 210-279] Implementing memory 'run_model_conv_bn_act_pool_3_Pipeline_Loop3_1Big_ConvW3_12_ROM_AUTO_3R' using auto ROMs.
INFO: [RTMG 210-279] Implementing memory 'run_model_conv_bn_act_pool_3_Pipeline_Loop3_1Big_ConvW3_13_ROM_AUTO_3R' using auto ROMs.
INFO: [RTMG 210-279] Implementing memory 'run_model_conv_bn_act_pool_3_Pipeline_Loop3_1Big_ConvW3_14_ROM_AUTO_3R' using auto ROMs.
INFO: [RTMG 210-279] Implementing memory 'run_model_conv_bn_act_pool_3_Pipeline_Loop3_1Big_ConvW3_15_ROM_AUTO_3R' using auto ROMs.
INFO: [RTMG 210-279] Implementing memory 'run_model_conv_bn_act_pool_3_Pipeline_Loop3_1Big_ConvW3_16_ROM_AUTO_3R' using auto ROMs.
INFO: [RTMG 210-279] Implementing memory 'run_model_conv_bn_act_pool_3_Pipeline_Loop3_1Big_ConvW3_17_ROM_AUTO_3R' using auto ROMs.
INFO: [RTMG 210-279] Implementing memory 'run_model_conv_bn_act_pool_3_Pipeline_Loop3_1Big_ConvW3_18_ROM_AUTO_3R' using auto ROMs.
INFO: [RTMG 210-279] Implementing memory 'run_model_conv_bn_act_pool_3_Pipeline_Loop3_1Big_ConvW3_19_ROM_AUTO_3R' using auto ROMs.
INFO: [RTMG 210-279] Implementing memory 'run_model_conv_bn_act_pool_3_Pipeline_Loop3_1Big_ConvW3_20_ROM_AUTO_3R' using auto ROMs.
INFO: [RTMG 210-279] Implementing memory 'run_model_conv_bn_act_pool_3_Pipeline_Loop3_1Big_ConvW3_21_ROM_AUTO_3R' using auto ROMs.
INFO: [RTMG 210-279] Implementing memory 'run_model_conv_bn_act_pool_3_Pipeline_Loop3_1Big_ConvW3_22_ROM_AUTO_3R' using auto ROMs.
INFO: [RTMG 210-279] Implementing memory 'run_model_conv_bn_act_pool_3_Pipeline_Loop3_1Big_ConvW3_23_ROM_AUTO_3R' using auto ROMs.
INFO: [RTMG 210-279] Implementing memory 'run_model_conv_bn_act_pool_3_Pipeline_Loop3_1Big_ConvW3_24_ROM_AUTO_3R' using auto ROMs.
INFO: [RTMG 210-279] Implementing memory 'run_model_conv_bn_act_pool_3_Pipeline_Loop3_1Big_ConvW3_25_ROM_AUTO_3R' using auto ROMs.
INFO: [RTMG 210-279] Implementing memory 'run_model_conv_bn_act_pool_3_Pipeline_Loop3_1Big_ConvW3_26_ROM_AUTO_3R' using auto ROMs.
INFO: [RTMG 210-279] Implementing memory 'run_model_conv_bn_act_pool_3_Pipeline_Loop3_1Big_ConvW3_27_ROM_AUTO_3R' using auto ROMs.
INFO: [RTMG 210-279] Implementing memory 'run_model_conv_bn_act_pool_3_Pipeline_Loop3_1Big_ConvW3_28_ROM_AUTO_3R' using auto ROMs.
INFO: [RTMG 210-279] Implementing memory 'run_model_conv_bn_act_pool_3_Pipeline_Loop3_1Big_ConvW3_29_ROM_AUTO_3R' using auto ROMs.
INFO: [RTMG 210-279] Implementing memory 'run_model_conv_bn_act_pool_3_Pipeline_Loop3_1Big_ConvW3_30_ROM_AUTO_3R' using auto ROMs.
INFO: [RTMG 210-279] Implementing memory 'run_model_conv_bn_act_pool_3_Pipeline_Loop3_1Big_ConvW3_31_ROM_AUTO_3R' using auto ROMs.
INFO: [RTMG 210-279] Implementing memory 'run_model_conv_bn_act_pool_3_Pipeline_Loop3_1Big_ConvW3_32_ROM_AUTO_3R' using auto ROMs.
INFO: [RTMG 210-279] Implementing memory 'run_model_conv_bn_act_pool_3_Pipeline_Loop3_1Big_X_slice42_1_ROM_AUTO_3R' using auto ROMs.
INFO: [RTMG 210-279] Implementing memory 'run_model_conv_bn_act_pool_3_Pipeline_Loop3_1Big_X_slice42_2_ROM_AUTO_3R' using auto ROMs.
INFO: [RTMG 210-279] Implementing memory 'run_model_conv_bn_act_pool_3_Pipeline_Loop3_1Big_X_slice42_3_ROM_AUTO_3R' using auto ROMs.
INFO: [RTMG 210-279] Implementing memory 'run_model_conv_bn_act_pool_3_Pipeline_Loop3_1Big_X_slice42_4_ROM_AUTO_3R' using auto ROMs.
INFO: [RTMG 210-279] Implementing memory 'run_model_conv_bn_act_pool_3_Pipeline_Loop3_1Big_X_slice42_5_ROM_AUTO_3R' using auto ROMs.
INFO: [RTMG 210-279] Implementing memory 'run_model_conv_bn_act_pool_3_Pipeline_Loop3_1Big_X_slice42_6_ROM_AUTO_3R' using auto ROMs.
INFO: [RTMG 210-279] Implementing memory 'run_model_conv_bn_act_pool_3_Pipeline_Loop3_1Big_X_slice42_7_ROM_AUTO_3R' using auto ROMs.
INFO: [RTMG 210-279] Implementing memory 'run_model_conv_bn_act_pool_3_Pipeline_Loop3_1Big_X_slice42_8_ROM_AUTO_3R' using auto ROMs.
INFO: [RTMG 210-279] Implementing memory 'run_model_conv_bn_act_pool_3_Pipeline_Loop3_1Big_X_slice42_9_ROM_AUTO_3R' using auto ROMs.
INFO: [RTMG 210-279] Implementing memory 'run_model_conv_bn_act_pool_3_Pipeline_Loop3_1Big_X_slice42_10_ROM_AUTO_3R' using auto ROMs.
INFO: [RTMG 210-279] Implementing memory 'run_model_conv_bn_act_pool_3_Pipeline_Loop3_1Big_X_slice42_11_ROM_AUTO_3R' using auto ROMs.
INFO: [RTMG 210-279] Implementing memory 'run_model_conv_bn_act_pool_3_Pipeline_Loop3_1Big_X_slice42_12_ROM_AUTO_3R' using auto ROMs.
INFO: [RTMG 210-279] Implementing memory 'run_model_conv_bn_act_pool_3_Pipeline_Loop3_1Big_X_slice42_13_ROM_AUTO_3R' using auto ROMs.
INFO: [RTMG 210-279] Implementing memory 'run_model_conv_bn_act_pool_3_Pipeline_Loop3_1Big_X_slice42_14_ROM_AUTO_3R' using auto ROMs.
INFO: [RTMG 210-279] Implementing memory 'run_model_conv_bn_act_pool_3_Pipeline_Loop3_1Big_X_slice42_15_ROM_AUTO_3R' using auto ROMs.
INFO: [HLS 200-111] Finished Creating RTL model: CPU user time: 2.18 seconds. CPU system time: 0.06 seconds. Elapsed time: 2.24 seconds; current allocated memory: 1.044 GB.
INFO: [HLS 200-10] ----------------------------------------------------------------
INFO: [HLS 200-10] -- Generating RTL for module 'conv_bn_act_pool_3_Pipeline_Loop3_2Big' 
INFO: [HLS 200-10] ----------------------------------------------------------------
INFO: [HLS 200-1030] Apply Unified Pipeline Control on module 'conv_bn_act_pool_3_Pipeline_Loop3_2Big' pipeline 'Loop3_2Big' pipeline type 'loop pipeline'
INFO: [RTGEN 206-100] Generating core module 'hdiv_16ns_16ns_16_6_no_dsp_1': 1 instance(s).
INFO: [RTGEN 206-100] Generating core module 'sparsemux_65_5_16_1_1': 1 instance(s).
INFO: [RTGEN 206-100] Finished creating RTL model for 'conv_bn_act_pool_3_Pipeline_Loop3_2Big'.
INFO: [HLS 200-111] Finished Creating RTL model: CPU user time: 1.02 seconds. CPU system time: 0.1 seconds. Elapsed time: 1.14 seconds; current allocated memory: 1.089 GB.
INFO: [HLS 200-10] ----------------------------------------------------------------
INFO: [HLS 200-10] -- Generating RTL for module 'conv_bn_act_pool_3' 
INFO: [HLS 200-10] ----------------------------------------------------------------
WARNING: [RTGEN 206-101] Setting dangling out port 'conv_bn_act_pool_3/grp_fu_1063_p_opcode' to 0.
INFO: [RTGEN 206-100] Generating core module 'fadd_32ns_32ns_32_4_full_dsp_1': 1 instance(s).
INFO: [RTGEN 206-100] Generating core module 'fdiv_32ns_32ns_32_10_no_dsp_1': 1 instance(s).
INFO: [RTGEN 206-100] Generating core module 'fmul_32ns_32ns_32_3_max_dsp_1': 2 instance(s).
INFO: [RTGEN 206-100] Generating core module 'fsqrt_32ns_32ns_32_10_no_dsp_1': 1 instance(s).
INFO: [RTGEN 206-100] Generating core module 'fsub_32ns_32ns_32_4_full_dsp_1': 1 instance(s).
INFO: [RTGEN 206-100] Generating core module 'hadd_16ns_16ns_16_5_full_dsp_1': 1 instance(s).
INFO: [RTGEN 206-100] Generating core module 'hcmp_16ns_16ns_1_2_no_dsp_1': 1 instance(s).
INFO: [RTGEN 206-100] Generating core module 'hdiv_16ns_16ns_16_6_no_dsp_1': 1 instance(s).
INFO: [RTGEN 206-100] Generating core module 'hmul_16ns_16ns_16_4_max_dsp_1': 1 instance(s).
INFO: [RTGEN 206-100] Generating core module 'hptosp_16ns_32_2_no_dsp_1': 2 instance(s).
INFO: [RTGEN 206-100] Generating core module 'sparsemux_65_5_16_1_1': 3 instance(s).
INFO: [RTGEN 206-100] Generating core module 'sptohp_32ns_16_2_no_dsp_1': 2 instance(s).
INFO: [RTGEN 206-100] Finished creating RTL model for 'conv_bn_act_pool_3'.
INFO: [HLS 200-111] Finished Creating RTL model: CPU user time: 0.25 seconds. CPU system time: 0.02 seconds. Elapsed time: 0.26 seconds; current allocated memory: 1.095 GB.
INFO: [HLS 200-10] ----------------------------------------------------------------
INFO: [HLS 200-10] -- Generating RTL for module 'run_all_slices_unrolled_Pipeline_Loop_BN4' 
INFO: [HLS 200-10] ----------------------------------------------------------------
INFO: [HLS 200-1030] Apply Unified Pipeline Control on module 'run_all_slices_unrolled_Pipeline_Loop_BN4' pipeline 'Loop_BN' pipeline type 'loop pipeline'
INFO: [RTGEN 206-100] Generating core module 'fdiv_32ns_32ns_32_10_no_dsp_1': 1 instance(s).
INFO: [RTGEN 206-100] Generating core module 'fsqrt_32ns_32ns_32_10_no_dsp_1': 1 instance(s).
INFO: [RTGEN 206-100] Generating core module 'hadd_16ns_16ns_16_5_full_dsp_1': 2 instance(s).
INFO: [RTGEN 206-100] Generating core module 'hmul_16ns_16ns_16_4_max_dsp_1': 1 instance(s).
INFO: [RTGEN 206-100] Generating core module 'hptosp_16ns_32_2_no_dsp_1': 2 instance(s).
INFO: [RTGEN 206-100] Generating core module 'sptohp_32ns_16_2_no_dsp_1': 1 instance(s).
INFO: [RTGEN 206-100] Finished creating RTL model for 'run_all_slices_unrolled_Pipeline_Loop_BN4'.
INFO: [HLS 200-111] Finished Creating RTL model: CPU user time: 0.32 seconds. CPU system time: 0.02 seconds. Elapsed time: 0.34 seconds; current allocated memory: 1.102 GB.
INFO: [HLS 200-10] ----------------------------------------------------------------
INFO: [HLS 200-10] -- Generating RTL for module 'run_all_slices_unrolled_Pipeline_MergedLoop3' 
INFO: [HLS 200-10] ----------------------------------------------------------------
INFO: [HLS 200-1030] Apply Unified Pipeline Control on module 'run_all_slices_unrolled_Pipeline_MergedLoop3' pipeline 'MergedLoop3' pipeline type 'loop pipeline'
INFO: [RTGEN 206-100] Generating core module 'hadd_16ns_16ns_16_5_full_dsp_1': 1 instance(s).
INFO: [RTGEN 206-100] Generating core module 'hcmp_16ns_16ns_1_2_no_dsp_1': 2 instance(s).
INFO: [RTGEN 206-100] Generating core module 'sparsemux_7_2_16_1_1': 1 instance(s).
INFO: [RTGEN 206-100] Finished creating RTL model for 'run_all_slices_unrolled_Pipeline_MergedLoop3'.
INFO: [HLS 200-111] Finished Creating RTL model: CPU user time: 0.14 seconds. CPU system time: 0.01 seconds. Elapsed time: 0.15 seconds; current allocated memory: 1.103 GB.
INFO: [HLS 200-10] ----------------------------------------------------------------
INFO: [HLS 200-10] -- Generating RTL for module 'conv_bn_act_pool_4_Pipeline_BNParamsLoop' 
INFO: [HLS 200-10] ----------------------------------------------------------------
INFO: [HLS 200-1030] Apply Unified Pipeline Control on module 'conv_bn_act_pool_4_Pipeline_BNParamsLoop' pipeline 'BNParamsLoop' pipeline type 'loop pipeline'
INFO: [RTGEN 206-100] Generating core module 'fadd_32ns_32ns_32_4_full_dsp_1': 1 instance(s).
INFO: [RTGEN 206-100] Generating core module 'fdiv_32ns_32ns_32_10_no_dsp_1': 1 instance(s).
INFO: [RTGEN 206-100] Generating core module 'fmul_32ns_32ns_32_3_max_dsp_1': 2 instance(s).
INFO: [RTGEN 206-100] Generating core module 'fsqrt_32ns_32ns_32_10_no_dsp_1': 1 instance(s).
INFO: [RTGEN 206-100] Generating core module 'fsub_32ns_32ns_32_4_full_dsp_1': 1 instance(s).
INFO: [RTGEN 206-100] Generating core module 'hptosp_16ns_32_2_no_dsp_1': 2 instance(s).
INFO: [RTGEN 206-100] Generating core module 'sparsemux_65_5_16_1_1': 2 instance(s).
INFO: [RTGEN 206-100] Generating core module 'sptohp_32ns_16_2_no_dsp_1': 2 instance(s).
INFO: [RTGEN 206-100] Finished creating RTL model for 'conv_bn_act_pool_4_Pipeline_BNParamsLoop'.
INFO: [HLS 200-111] Finished Creating RTL model: CPU user time: 0.51 seconds. CPU system time: 0.01 seconds. Elapsed time: 0.53 seconds; current allocated memory: 1.110 GB.
INFO: [HLS 200-10] ----------------------------------------------------------------
INFO: [HLS 200-10] -- Generating RTL for module 'conv_bn_act_pool_4_Pipeline_Loop3_1Big' 
INFO: [HLS 200-10] ----------------------------------------------------------------
INFO: [HLS 200-1030] Apply Unified Pipeline Control on module 'conv_bn_act_pool_4_Pipeline_Loop3_1Big' pipeline 'Loop3_1Big' pipeline type 'loop pipeline'
INFO: [RTGEN 206-100] Generating core module 'hadd_16ns_16ns_16_5_full_dsp_1': 1 instance(s).
INFO: [RTGEN 206-100] Generating core module 'hmul_16ns_16ns_16_4_max_dsp_1': 1 instance(s).
INFO: [RTGEN 206-100] Generating core module 'mul_13ns_15ns_27_1_1': 32 instance(s).
INFO: [RTGEN 206-100] Generating core module 'sparsemux_67_6_16_1_1': 32 instance(s).
INFO: [RTGEN 206-100] Generating core module 'urem_13ns_7ns_6_17_1': 1 instance(s).
INFO: [RTGEN 206-100] Finished creating RTL model for 'conv_bn_act_pool_4_Pipeline_Loop3_1Big'.
INFO: [RTMG 210-279] Implementing memory 'run_model_conv_bn_act_pool_4_Pipeline_Loop3_1Big_X_slice57_0_ROM_AUTO_3R' using auto ROMs.
INFO: [RTMG 210-279] Implementing memory 'run_model_conv_bn_act_pool_4_Pipeline_Loop3_1Big_ConvW4_0_ROM_AUTO_3R' using auto ROMs.
INFO: [RTMG 210-279] Implementing memory 'run_model_conv_bn_act_pool_4_Pipeline_Loop3_1Big_ConvW4_1_ROM_AUTO_3R' using auto ROMs.
INFO: [RTMG 210-279] Implementing memory 'run_model_conv_bn_act_pool_4_Pipeline_Loop3_1Big_ConvW4_2_ROM_AUTO_3R' using auto ROMs.
INFO: [RTMG 210-279] Implementing memory 'run_model_conv_bn_act_pool_4_Pipeline_Loop3_1Big_ConvW4_3_ROM_AUTO_3R' using auto ROMs.
INFO: [RTMG 210-279] Implementing memory 'run_model_conv_bn_act_pool_4_Pipeline_Loop3_1Big_ConvW4_4_ROM_AUTO_3R' using auto ROMs.
INFO: [RTMG 210-279] Implementing memory 'run_model_conv_bn_act_pool_4_Pipeline_Loop3_1Big_ConvW4_5_ROM_AUTO_3R' using auto ROMs.
INFO: [RTMG 210-279] Implementing memory 'run_model_conv_bn_act_pool_4_Pipeline_Loop3_1Big_ConvW4_6_ROM_AUTO_3R' using auto ROMs.
INFO: [RTMG 210-279] Implementing memory 'run_model_conv_bn_act_pool_4_Pipeline_Loop3_1Big_ConvW4_7_ROM_AUTO_3R' using auto ROMs.
INFO: [RTMG 210-279] Implementing memory 'run_model_conv_bn_act_pool_4_Pipeline_Loop3_1Big_ConvW4_8_ROM_AUTO_3R' using auto ROMs.
INFO: [RTMG 210-279] Implementing memory 'run_model_conv_bn_act_pool_4_Pipeline_Loop3_1Big_ConvW4_9_ROM_AUTO_3R' using auto ROMs.
INFO: [RTMG 210-279] Implementing memory 'run_model_conv_bn_act_pool_4_Pipeline_Loop3_1Big_ConvW4_10_ROM_AUTO_3R' using auto ROMs.
INFO: [RTMG 210-279] Implementing memory 'run_model_conv_bn_act_pool_4_Pipeline_Loop3_1Big_ConvW4_11_ROM_AUTO_3R' using auto ROMs.
INFO: [RTMG 210-279] Implementing memory 'run_model_conv_bn_act_pool_4_Pipeline_Loop3_1Big_ConvW4_12_ROM_AUTO_3R' using auto ROMs.
INFO: [RTMG 210-279] Implementing memory 'run_model_conv_bn_act_pool_4_Pipeline_Loop3_1Big_ConvW4_13_ROM_AUTO_3R' using auto ROMs.
INFO: [RTMG 210-279] Implementing memory 'run_model_conv_bn_act_pool_4_Pipeline_Loop3_1Big_ConvW4_14_ROM_AUTO_3R' using auto ROMs.
INFO: [RTMG 210-279] Implementing memory 'run_model_conv_bn_act_pool_4_Pipeline_Loop3_1Big_ConvW4_15_ROM_AUTO_3R' using auto ROMs.
INFO: [RTMG 210-279] Implementing memory 'run_model_conv_bn_act_pool_4_Pipeline_Loop3_1Big_ConvW4_16_ROM_AUTO_3R' using auto ROMs.
INFO: [RTMG 210-279] Implementing memory 'run_model_conv_bn_act_pool_4_Pipeline_Loop3_1Big_ConvW4_17_ROM_AUTO_3R' using auto ROMs.
INFO: [RTMG 210-279] Implementing memory 'run_model_conv_bn_act_pool_4_Pipeline_Loop3_1Big_ConvW4_18_ROM_AUTO_3R' using auto ROMs.
INFO: [RTMG 210-279] Implementing memory 'run_model_conv_bn_act_pool_4_Pipeline_Loop3_1Big_ConvW4_19_ROM_AUTO_3R' using auto ROMs.
INFO: [RTMG 210-279] Implementing memory 'run_model_conv_bn_act_pool_4_Pipeline_Loop3_1Big_ConvW4_20_ROM_AUTO_3R' using auto ROMs.
INFO: [RTMG 210-279] Implementing memory 'run_model_conv_bn_act_pool_4_Pipeline_Loop3_1Big_ConvW4_21_ROM_AUTO_3R' using auto ROMs.
INFO: [RTMG 210-279] Implementing memory 'run_model_conv_bn_act_pool_4_Pipeline_Loop3_1Big_ConvW4_22_ROM_AUTO_3R' using auto ROMs.
INFO: [RTMG 210-279] Implementing memory 'run_model_conv_bn_act_pool_4_Pipeline_Loop3_1Big_ConvW4_23_ROM_AUTO_3R' using auto ROMs.
INFO: [RTMG 210-279] Implementing memory 'run_model_conv_bn_act_pool_4_Pipeline_Loop3_1Big_ConvW4_24_ROM_AUTO_3R' using auto ROMs.
INFO: [RTMG 210-279] Implementing memory 'run_model_conv_bn_act_pool_4_Pipeline_Loop3_1Big_ConvW4_25_ROM_AUTO_3R' using auto ROMs.
INFO: [RTMG 210-279] Implementing memory 'run_model_conv_bn_act_pool_4_Pipeline_Loop3_1Big_ConvW4_26_ROM_AUTO_3R' using auto ROMs.
INFO: [RTMG 210-279] Implementing memory 'run_model_conv_bn_act_pool_4_Pipeline_Loop3_1Big_ConvW4_27_ROM_AUTO_3R' using auto ROMs.
INFO: [RTMG 210-279] Implementing memory 'run_model_conv_bn_act_pool_4_Pipeline_Loop3_1Big_ConvW4_28_ROM_AUTO_3R' using auto ROMs.
INFO: [RTMG 210-279] Implementing memory 'run_model_conv_bn_act_pool_4_Pipeline_Loop3_1Big_ConvW4_29_ROM_AUTO_3R' using auto ROMs.
INFO: [RTMG 210-279] Implementing memory 'run_model_conv_bn_act_pool_4_Pipeline_Loop3_1Big_ConvW4_30_ROM_AUTO_3R' using auto ROMs.
INFO: [RTMG 210-279] Implementing memory 'run_model_conv_bn_act_pool_4_Pipeline_Loop3_1Big_ConvW4_31_ROM_AUTO_3R' using auto ROMs.
INFO: [RTMG 210-279] Implementing memory 'run_model_conv_bn_act_pool_4_Pipeline_Loop3_1Big_ConvW4_32_ROM_AUTO_3R' using auto ROMs.
INFO: [RTMG 210-279] Implementing memory 'run_model_conv_bn_act_pool_4_Pipeline_Loop3_1Big_X_slice57_1_ROM_AUTO_3R' using auto ROMs.
INFO: [RTMG 210-279] Implementing memory 'run_model_conv_bn_act_pool_4_Pipeline_Loop3_1Big_X_slice57_2_ROM_AUTO_3R' using auto ROMs.
INFO: [RTMG 210-279] Implementing memory 'run_model_conv_bn_act_pool_4_Pipeline_Loop3_1Big_X_slice57_3_ROM_AUTO_3R' using auto ROMs.
INFO: [RTMG 210-279] Implementing memory 'run_model_conv_bn_act_pool_4_Pipeline_Loop3_1Big_X_slice57_4_ROM_AUTO_3R' using auto ROMs.
INFO: [RTMG 210-279] Implementing memory 'run_model_conv_bn_act_pool_4_Pipeline_Loop3_1Big_X_slice57_5_ROM_AUTO_3R' using auto ROMs.
INFO: [RTMG 210-279] Implementing memory 'run_model_conv_bn_act_pool_4_Pipeline_Loop3_1Big_X_slice57_6_ROM_AUTO_3R' using auto ROMs.
INFO: [RTMG 210-279] Implementing memory 'run_model_conv_bn_act_pool_4_Pipeline_Loop3_1Big_X_slice57_7_ROM_AUTO_3R' using auto ROMs.
INFO: [RTMG 210-279] Implementing memory 'run_model_conv_bn_act_pool_4_Pipeline_Loop3_1Big_X_slice57_8_ROM_AUTO_3R' using auto ROMs.
INFO: [RTMG 210-279] Implementing memory 'run_model_conv_bn_act_pool_4_Pipeline_Loop3_1Big_X_slice57_9_ROM_AUTO_3R' using auto ROMs.
INFO: [RTMG 210-279] Implementing memory 'run_model_conv_bn_act_pool_4_Pipeline_Loop3_1Big_X_slice57_10_ROM_AUTO_3R' using auto ROMs.
INFO: [RTMG 210-279] Implementing memory 'run_model_conv_bn_act_pool_4_Pipeline_Loop3_1Big_X_slice57_11_ROM_AUTO_3R' using auto ROMs.
INFO: [RTMG 210-279] Implementing memory 'run_model_conv_bn_act_pool_4_Pipeline_Loop3_1Big_X_slice57_12_ROM_AUTO_3R' using auto ROMs.
INFO: [RTMG 210-279] Implementing memory 'run_model_conv_bn_act_pool_4_Pipeline_Loop3_1Big_X_slice57_13_ROM_AUTO_3R' using auto ROMs.
INFO: [RTMG 210-279] Implementing memory 'run_model_conv_bn_act_pool_4_Pipeline_Loop3_1Big_X_slice57_14_ROM_AUTO_3R' using auto ROMs.
INFO: [RTMG 210-279] Implementing memory 'run_model_conv_bn_act_pool_4_Pipeline_Loop3_1Big_X_slice57_15_ROM_AUTO_3R' using auto ROMs.
INFO: [HLS 200-111] Finished Creating RTL model: CPU user time: 1.96 seconds. CPU system time: 0.04 seconds. Elapsed time: 2 seconds; current allocated memory: 1.137 GB.
INFO: [HLS 200-10] ----------------------------------------------------------------
INFO: [HLS 200-10] -- Generating RTL for module 'conv_bn_act_pool_4_Pipeline_Loop3_2Big' 
INFO: [HLS 200-10] ----------------------------------------------------------------
INFO: [HLS 200-1030] Apply Unified Pipeline Control on module 'conv_bn_act_pool_4_Pipeline_Loop3_2Big' pipeline 'Loop3_2Big' pipeline type 'loop pipeline'
INFO: [RTGEN 206-100] Generating core module 'hdiv_16ns_16ns_16_6_no_dsp_1': 1 instance(s).
INFO: [RTGEN 206-100] Generating core module 'sparsemux_65_5_16_1_1': 1 instance(s).
INFO: [RTGEN 206-100] Finished creating RTL model for 'conv_bn_act_pool_4_Pipeline_Loop3_2Big'.
INFO: [HLS 200-111] Finished Creating RTL model: CPU user time: 1.03 seconds. CPU system time: 0.12 seconds. Elapsed time: 1.14 seconds; current allocated memory: 1.189 GB.
INFO: [HLS 200-10] ----------------------------------------------------------------
INFO: [HLS 200-10] -- Generating RTL for module 'conv_bn_act_pool_4' 
INFO: [HLS 200-10] ----------------------------------------------------------------
WARNING: [RTGEN 206-101] Setting dangling out port 'conv_bn_act_pool_4/grp_fu_1063_p_opcode' to 0.
INFO: [RTGEN 206-100] Generating core module 'fadd_32ns_32ns_32_4_full_dsp_1': 1 instance(s).
INFO: [RTGEN 206-100] Generating core module 'fdiv_32ns_32ns_32_10_no_dsp_1': 1 instance(s).
INFO: [RTGEN 206-100] Generating core module 'fmul_32ns_32ns_32_3_max_dsp_1': 2 instance(s).
INFO: [RTGEN 206-100] Generating core module 'fsqrt_32ns_32ns_32_10_no_dsp_1': 1 instance(s).
INFO: [RTGEN 206-100] Generating core module 'fsub_32ns_32ns_32_4_full_dsp_1': 1 instance(s).
INFO: [RTGEN 206-100] Generating core module 'hadd_16ns_16ns_16_5_full_dsp_1': 1 instance(s).
INFO: [RTGEN 206-100] Generating core module 'hcmp_16ns_16ns_1_2_no_dsp_1': 1 instance(s).
INFO: [RTGEN 206-100] Generating core module 'hdiv_16ns_16ns_16_6_no_dsp_1': 1 instance(s).
INFO: [RTGEN 206-100] Generating core module 'hmul_16ns_16ns_16_4_max_dsp_1': 1 instance(s).
INFO: [RTGEN 206-100] Generating core module 'hptosp_16ns_32_2_no_dsp_1': 2 instance(s).
INFO: [RTGEN 206-100] Generating core module 'sparsemux_65_5_16_1_1': 3 instance(s).
INFO: [RTGEN 206-100] Generating core module 'sptohp_32ns_16_2_no_dsp_1': 2 instance(s).
INFO: [RTGEN 206-100] Finished creating RTL model for 'conv_bn_act_pool_4'.
INFO: [HLS 200-111] Finished Creating RTL model: CPU user time: 0.25 seconds. CPU system time: 0.01 seconds. Elapsed time: 0.27 seconds; current allocated memory: 1.189 GB.
INFO: [HLS 200-10] ----------------------------------------------------------------
INFO: [HLS 200-10] -- Generating RTL for module 'run_all_slices_unrolled_Pipeline_Loop_BN5' 
INFO: [HLS 200-10] ----------------------------------------------------------------
INFO: [HLS 200-1030] Apply Unified Pipeline Control on module 'run_all_slices_unrolled_Pipeline_Loop_BN5' pipeline 'Loop_BN' pipeline type 'loop pipeline'
INFO: [RTGEN 206-100] Generating core module 'fdiv_32ns_32ns_32_10_no_dsp_1': 1 instance(s).
INFO: [RTGEN 206-100] Generating core module 'fsqrt_32ns_32ns_32_10_no_dsp_1': 1 instance(s).
INFO: [RTGEN 206-100] Generating core module 'hadd_16ns_16ns_16_5_full_dsp_1': 2 instance(s).
INFO: [RTGEN 206-100] Generating core module 'hmul_16ns_16ns_16_4_max_dsp_1': 1 instance(s).
INFO: [RTGEN 206-100] Generating core module 'hptosp_16ns_32_2_no_dsp_1': 2 instance(s).
INFO: [RTGEN 206-100] Generating core module 'sptohp_32ns_16_2_no_dsp_1': 1 instance(s).
INFO: [RTGEN 206-100] Finished creating RTL model for 'run_all_slices_unrolled_Pipeline_Loop_BN5'.
INFO: [HLS 200-111] Finished Creating RTL model: CPU user time: 0.31 seconds. CPU system time: 0.01 seconds. Elapsed time: 0.33 seconds; current allocated memory: 1.190 GB.
INFO: [HLS 200-10] ----------------------------------------------------------------
INFO: [HLS 200-10] -- Generating RTL for module 'run_all_slices_unrolled_Pipeline_MergedLoop4' 
INFO: [HLS 200-10] ----------------------------------------------------------------
INFO: [HLS 200-1030] Apply Unified Pipeline Control on module 'run_all_slices_unrolled_Pipeline_MergedLoop4' pipeline 'MergedLoop4' pipeline type 'loop pipeline'
INFO: [RTGEN 206-100] Generating core module 'hadd_16ns_16ns_16_5_full_dsp_1': 1 instance(s).
INFO: [RTGEN 206-100] Generating core module 'hcmp_16ns_16ns_1_2_no_dsp_1': 2 instance(s).
INFO: [RTGEN 206-100] Generating core module 'sparsemux_7_2_16_1_1': 1 instance(s).
INFO: [RTGEN 206-100] Finished creating RTL model for 'run_all_slices_unrolled_Pipeline_MergedLoop4'.
INFO: [HLS 200-111] Finished Creating RTL model: CPU user time: 0.15 seconds. CPU system time: 0.01 seconds. Elapsed time: 0.16 seconds; current allocated memory: 1.192 GB.
INFO: [HLS 200-10] ----------------------------------------------------------------
INFO: [HLS 200-10] -- Generating RTL for module 'run_all_slices_unrolled' 
INFO: [HLS 200-10] ----------------------------------------------------------------
INFO: [RTGEN 206-100] Generating core module 'fadd_32ns_32ns_32_4_full_dsp_1': 1 instance(s).
INFO: [RTGEN 206-100] Generating core module 'fdiv_32ns_32ns_32_10_no_dsp_1': 2 instance(s).
INFO: [RTGEN 206-100] Generating core module 'fmul_32ns_32ns_32_3_max_dsp_1': 2 instance(s).
INFO: [RTGEN 206-100] Generating core module 'fsqrt_32ns_32ns_32_10_no_dsp_1': 2 instance(s).
INFO: [RTGEN 206-100] Generating core module 'fsub_32ns_32ns_32_4_full_dsp_1': 1 instance(s).
INFO: [RTGEN 206-100] Generating core module 'hadd_16ns_16ns_16_5_full_dsp_1': 3 instance(s).
INFO: [RTGEN 206-100] Generating core module 'hcmp_16ns_16ns_1_2_no_dsp_1': 2 instance(s).
INFO: [RTGEN 206-100] Generating core module 'hdiv_16ns_16ns_16_6_no_dsp_1': 1 instance(s).
INFO: [RTGEN 206-100] Generating core module 'hmul_16ns_16ns_16_4_max_dsp_1': 2 instance(s).
INFO: [RTGEN 206-100] Generating core module 'hptosp_16ns_32_2_no_dsp_1': 4 instance(s).
INFO: [RTGEN 206-100] Generating core module 'sptohp_32ns_16_2_no_dsp_1': 3 instance(s).
INFO: [RTGEN 206-100] Finished creating RTL model for 'run_all_slices_unrolled'.
INFO: [RTMG 210-278] Implementing memory 'run_model_run_all_slices_unrolled_h_slice_RAM_AUTO_1R1W' using auto RAMs.
INFO: [RTMG 210-278] Implementing memory 'run_model_run_all_slices_unrolled_U_slice_RAM_AUTO_3R2W' using auto RAMs.
INFO: [RTMG 210-279] Implementing memory 'run_model_run_all_slices_unrolled_LSTM_W_ifog0_ROM_AUTO_3R' using auto ROMs.
INFO: [RTMG 210-279] Implementing memory 'run_model_run_all_slices_unrolled_LSTM_R_ifog0_ROM_AUTO_3R' using auto ROMs.
INFO: [RTMG 210-279] Implementing memory 'run_model_run_all_slices_unrolled_LSTM_b_ifog0_ROM_AUTO_3R' using auto ROMs.
INFO: [RTMG 210-279] Implementing memory 'run_model_run_all_slices_unrolled_LSTM_W_ifog1_ROM_AUTO_3R' using auto ROMs.
INFO: [RTMG 210-279] Implementing memory 'run_model_run_all_slices_unrolled_LSTM_R_ifog1_ROM_AUTO_3R' using auto ROMs.
INFO: [RTMG 210-279] Implementing memory 'run_model_run_all_slices_unrolled_LSTM_W_ifog2_ROM_AUTO_3R' using auto ROMs.
INFO: [RTMG 210-279] Implementing memory 'run_model_run_all_slices_unrolled_LSTM_R_ifog2_ROM_AUTO_3R' using auto ROMs.
INFO: [RTMG 210-279] Implementing memory 'run_model_run_all_slices_unrolled_LSTM_W_ifog3_ROM_AUTO_3R' using auto ROMs.
INFO: [RTMG 210-279] Implementing memory 'run_model_run_all_slices_unrolled_LSTM_R_ifog3_ROM_AUTO_3R' using auto ROMs.
INFO: [RTMG 210-279] Implementing memory 'run_model_run_all_slices_unrolled_LSTM_W_ifog4_ROM_AUTO_3R' using auto ROMs.
INFO: [RTMG 210-279] Implementing memory 'run_model_run_all_slices_unrolled_LSTM_R_ifog4_ROM_AUTO_3R' using auto ROMs.
INFO: [HLS 200-111] Finished Creating RTL model: CPU user time: 0.43 seconds. CPU system time: 0.03 seconds. Elapsed time: 0.46 seconds; current allocated memory: 1.197 GB.
INFO: [HLS 200-10] ----------------------------------------------------------------
INFO: [HLS 200-10] -- Generating RTL for module 'run_model_Pipeline_Loop_BN' 
INFO: [HLS 200-10] ----------------------------------------------------------------
INFO: [HLS 200-1030] Apply Unified Pipeline Control on module 'run_model_Pipeline_Loop_BN' pipeline 'Loop_BN' pipeline type 'loop pipeline'
INFO: [RTGEN 206-100] Generating core module 'fdiv_32ns_32ns_32_10_no_dsp_1': 1 instance(s).
INFO: [RTGEN 206-100] Generating core module 'fsqrt_32ns_32ns_32_10_no_dsp_1': 1 instance(s).
INFO: [RTGEN 206-100] Generating core module 'hadd_16ns_16ns_16_5_full_dsp_1': 2 instance(s).
INFO: [RTGEN 206-100] Generating core module 'hmul_16ns_16ns_16_4_max_dsp_1': 1 instance(s).
INFO: [RTGEN 206-100] Generating core module 'hptosp_16ns_32_2_no_dsp_1': 2 instance(s).
INFO: [RTGEN 206-100] Generating core module 'sptohp_32ns_16_2_no_dsp_1': 1 instance(s).
INFO: [RTGEN 206-100] Finished creating RTL model for 'run_model_Pipeline_Loop_BN'.
INFO: [RTMG 210-279] Implementing memory 'run_model_run_model_Pipeline_Loop_BN_fc_0_bn_var_ROM_AUTO_3R' using auto ROMs.
INFO: [HLS 200-111] Finished Creating RTL model: CPU user time: 0.48 seconds. CPU system time: 0.01 seconds. Elapsed time: 0.5 seconds; current allocated memory: 1.200 GB.
INFO: [HLS 200-10] ----------------------------------------------------------------
INFO: [HLS 200-10] -- Generating RTL for module 'run_model_Pipeline_ReLULoop1' 
INFO: [HLS 200-10] ----------------------------------------------------------------
INFO: [HLS 200-1030] Apply Unified Pipeline Control on module 'run_model_Pipeline_ReLULoop1' pipeline 'ReLULoop1' pipeline type 'loop pipeline'
INFO: [RTGEN 206-100] Generating core module 'hcmp_16ns_16ns_1_2_no_dsp_1': 1 instance(s).
INFO: [RTGEN 206-100] Finished creating RTL model for 'run_model_Pipeline_ReLULoop1'.
INFO: [HLS 200-111] Finished Creating RTL model: CPU user time: 0.11 seconds. CPU system time: 0.01 seconds. Elapsed time: 0.13 seconds; current allocated memory: 1.201 GB.
INFO: [HLS 200-10] ----------------------------------------------------------------
INFO: [HLS 200-10] -- Generating RTL for module 'run_model_Pipeline_Loop_BN1' 
INFO: [HLS 200-10] ----------------------------------------------------------------
INFO: [HLS 200-1030] Apply Unified Pipeline Control on module 'run_model_Pipeline_Loop_BN1' pipeline 'Loop_BN' pipeline type 'loop pipeline'
INFO: [RTGEN 206-100] Generating core module 'fdiv_32ns_32ns_32_10_no_dsp_1': 1 instance(s).
INFO: [RTGEN 206-100] Generating core module 'fsqrt_32ns_32ns_32_10_no_dsp_1': 1 instance(s).
INFO: [RTGEN 206-100] Generating core module 'hadd_16ns_16ns_16_5_full_dsp_1': 2 instance(s).
INFO: [RTGEN 206-100] Generating core module 'hmul_16ns_16ns_16_4_max_dsp_1': 1 instance(s).
INFO: [RTGEN 206-100] Generating core module 'hptosp_16ns_32_2_no_dsp_1': 2 instance(s).
INFO: [RTGEN 206-100] Generating core module 'sptohp_32ns_16_2_no_dsp_1': 1 instance(s).
INFO: [RTGEN 206-100] Finished creating RTL model for 'run_model_Pipeline_Loop_BN1'.
INFO: [HLS 200-111] Finished Creating RTL model: CPU user time: 0.16 seconds. CPU system time: 0.01 seconds. Elapsed time: 0.16 seconds; current allocated memory: 1.203 GB.
INFO: [HLS 200-10] ----------------------------------------------------------------
INFO: [HLS 200-10] -- Generating RTL for module 'run_model_Pipeline_ReLULoop2' 
INFO: [HLS 200-10] ----------------------------------------------------------------
INFO: [HLS 200-1030] Apply Unified Pipeline Control on module 'run_model_Pipeline_ReLULoop2' pipeline 'ReLULoop2' pipeline type 'loop pipeline'
INFO: [RTGEN 206-100] Generating core module 'hcmp_16ns_16ns_1_2_no_dsp_1': 1 instance(s).
INFO: [RTGEN 206-100] Finished creating RTL model for 'run_model_Pipeline_ReLULoop2'.
INFO: [HLS 200-111] Finished Creating RTL model: CPU user time: 0.14 seconds. CPU system time: 0 seconds. Elapsed time: 0.15 seconds; current allocated memory: 1.204 GB.
INFO: [HLS 200-10] ----------------------------------------------------------------
INFO: [HLS 200-10] -- Generating RTL for module 'run_model' 
INFO: [HLS 200-10] ----------------------------------------------------------------
INFO: [RTGEN 206-500] Setting interface mode on port 'run_model/y_hat_out' to 'ap_none'.
INFO: [RTGEN 206-500] Setting interface mode on function 'run_model' to 'ap_ctrl_hs'.
WARNING: [RTGEN 206-101] Port 'run_model/y_hat_out' has no fanin or fanout and is left dangling.
               Please use C simulation to confirm this function argument can be read from or written to.
INFO: [RTGEN 206-100] Generating core module 'fdiv_32ns_32ns_32_10_no_dsp_1': 1 instance(s).
INFO: [RTGEN 206-100] Generating core module 'fsqrt_32ns_32ns_32_10_no_dsp_1': 1 instance(s).
INFO: [RTGEN 206-100] Generating core module 'hadd_16ns_16ns_16_5_full_dsp_1': 2 instance(s).
INFO: [RTGEN 206-100] Generating core module 'hcmp_16ns_16ns_1_2_no_dsp_1': 1 instance(s).
INFO: [RTGEN 206-100] Generating core module 'hmul_16ns_16ns_16_4_max_dsp_1': 1 instance(s).
INFO: [RTGEN 206-100] Generating core module 'hptosp_16ns_32_2_no_dsp_1': 2 instance(s).
INFO: [RTGEN 206-100] Generating core module 'sptohp_32ns_16_2_no_dsp_1': 1 instance(s).
INFO: [RTGEN 206-100] Finished creating RTL model for 'run_model'.
INFO: [RTMG 210-279] Implementing memory 'run_model_fc_0_W_ROM_AUTO_3R' using auto ROMs.
INFO: [RTMG 210-279] Implementing memory 'run_model_fc_1_W_ROM_AUTO_3R' using auto ROMs.
INFO: [RTMG 210-278] Implementing memory 'run_model_merged_RAM_AUTO_1R1W' using auto RAMs.
INFO: [RTMG 210-278] Implementing memory 'run_model_z1_RAM_AUTO_3R2W' using auto RAMs.
INFO: [HLS 200-111] Finished Creating RTL model: CPU user time: 0.27 seconds. CPU system time: 0.02 seconds. Elapsed time: 0.28 seconds; current allocated memory: 1.209 GB.
INFO: [HLS 200-111] Finished Generating all RTL models: CPU user time: 0.88 seconds. CPU system time: 0.22 seconds. Elapsed time: 1.11 seconds; current allocated memory: 1.209 GB.
INFO: [HLS 200-111] Finished Updating report files: CPU user time: 2.64 seconds. CPU system time: 0.03 seconds. Elapsed time: 2.67 seconds; current allocated memory: 1.233 GB.
INFO: [VHDL 208-304] Generating VHDL RTL for run_model.
INFO: [VLOG 209-307] Generating Verilog RTL for run_model.
INFO: [HLS 200-790] **** Loop Constraint Status: All loop constraints were NOT satisfied.
INFO: [HLS 200-789] **** Estimated Fmax: 127.44 MHz
INFO: [HLS 200-112] Total CPU user time: 116.38 seconds. Total CPU system time: 3.51 seconds. Total elapsed time: 120.89 seconds; peak allocated memory: 1.235 GB.
INFO: [v++ 60-791] Total elapsed time: 0h 2m 5s
