INFO: [HLS 200-2005] Using work_dir /home/gkapakos/Desktop/ECE/10th_Semester/Architecture_of_Parallel_Systems/Project/BranchPredictionAI/C_Implementation/BranchPredictionAI/run_model 
INFO: [HLS 200-1505] Using default flow_target 'vivado'
Resolution: For help on HLS 200-1505 see docs.xilinx.com/access/sources/dita/topic?Doc_Version=2024.2%20English&url=ug1448-hls-guidance&resourceid=200-1505.html
INFO: [HLS 200-1465] Applying ini 'syn.file=/home/gkapakos/Desktop/ECE/10th_Semester/Architecture_of_Parallel_Systems/Project/BranchPredictionAI/C_Implementation/head_weights.h' from /home/gkapakos/Desktop/ECE/10th_Semester/Architecture_of_Parallel_Systems/Project/BranchPredictionAI/C_Implementation/BranchPredictionAI/hls_config.cfg(8)
INFO: [HLS 200-10] Adding design file '/home/gkapakos/Desktop/ECE/10th_Semester/Architecture_of_Parallel_Systems/Project/BranchPredictionAI/C_Implementation/head_weights.h' to the project
INFO: [HLS 200-1465] Applying ini 'syn.file=/home/gkapakos/Desktop/ECE/10th_Semester/Architecture_of_Parallel_Systems/Project/BranchPredictionAI/C_Implementation/main_5_slices.cpp' from /home/gkapakos/Desktop/ECE/10th_Semester/Architecture_of_Parallel_Systems/Project/BranchPredictionAI/C_Implementation/BranchPredictionAI/hls_config.cfg(9)
INFO: [HLS 200-10] Adding design file '/home/gkapakos/Desktop/ECE/10th_Semester/Architecture_of_Parallel_Systems/Project/BranchPredictionAI/C_Implementation/main_5_slices.cpp' to the project
INFO: [HLS 200-1465] Applying ini 'syn.file=/home/gkapakos/Desktop/ECE/10th_Semester/Architecture_of_Parallel_Systems/Project/BranchPredictionAI/C_Implementation/slice0_weights.h' from /home/gkapakos/Desktop/ECE/10th_Semester/Architecture_of_Parallel_Systems/Project/BranchPredictionAI/C_Implementation/BranchPredictionAI/hls_config.cfg(10)
INFO: [HLS 200-10] Adding design file '/home/gkapakos/Desktop/ECE/10th_Semester/Architecture_of_Parallel_Systems/Project/BranchPredictionAI/C_Implementation/slice0_weights.h' to the project
INFO: [HLS 200-1465] Applying ini 'syn.file=/home/gkapakos/Desktop/ECE/10th_Semester/Architecture_of_Parallel_Systems/Project/BranchPredictionAI/C_Implementation/slice1_weights.h' from /home/gkapakos/Desktop/ECE/10th_Semester/Architecture_of_Parallel_Systems/Project/BranchPredictionAI/C_Implementation/BranchPredictionAI/hls_config.cfg(11)
INFO: [HLS 200-10] Adding design file '/home/gkapakos/Desktop/ECE/10th_Semester/Architecture_of_Parallel_Systems/Project/BranchPredictionAI/C_Implementation/slice1_weights.h' to the project
INFO: [HLS 200-1465] Applying ini 'syn.file=/home/gkapakos/Desktop/ECE/10th_Semester/Architecture_of_Parallel_Systems/Project/BranchPredictionAI/C_Implementation/slice2_weights.h' from /home/gkapakos/Desktop/ECE/10th_Semester/Architecture_of_Parallel_Systems/Project/BranchPredictionAI/C_Implementation/BranchPredictionAI/hls_config.cfg(12)
INFO: [HLS 200-10] Adding design file '/home/gkapakos/Desktop/ECE/10th_Semester/Architecture_of_Parallel_Systems/Project/BranchPredictionAI/C_Implementation/slice2_weights.h' to the project
INFO: [HLS 200-1465] Applying ini 'syn.file=/home/gkapakos/Desktop/ECE/10th_Semester/Architecture_of_Parallel_Systems/Project/BranchPredictionAI/C_Implementation/slice3_weights.h' from /home/gkapakos/Desktop/ECE/10th_Semester/Architecture_of_Parallel_Systems/Project/BranchPredictionAI/C_Implementation/BranchPredictionAI/hls_config.cfg(13)
INFO: [HLS 200-10] Adding design file '/home/gkapakos/Desktop/ECE/10th_Semester/Architecture_of_Parallel_Systems/Project/BranchPredictionAI/C_Implementation/slice3_weights.h' to the project
INFO: [HLS 200-1465] Applying ini 'syn.file=/home/gkapakos/Desktop/ECE/10th_Semester/Architecture_of_Parallel_Systems/Project/BranchPredictionAI/C_Implementation/slice4_weights.h' from /home/gkapakos/Desktop/ECE/10th_Semester/Architecture_of_Parallel_Systems/Project/BranchPredictionAI/C_Implementation/BranchPredictionAI/hls_config.cfg(14)
INFO: [HLS 200-10] Adding design file '/home/gkapakos/Desktop/ECE/10th_Semester/Architecture_of_Parallel_Systems/Project/BranchPredictionAI/C_Implementation/slice4_weights.h' to the project
INFO: [HLS 200-1465] Applying ini 'syn.top=run_model' from /home/gkapakos/Desktop/ECE/10th_Semester/Architecture_of_Parallel_Systems/Project/BranchPredictionAI/C_Implementation/BranchPredictionAI/hls_config.cfg(7)
INFO: [HLS 200-1465] Applying ini 'flow_target=vivado' from /home/gkapakos/Desktop/ECE/10th_Semester/Architecture_of_Parallel_Systems/Project/BranchPredictionAI/C_Implementation/BranchPredictionAI/hls_config.cfg(4)
INFO: [HLS 200-1505] Using flow_target 'vivado'
Resolution: For help on HLS 200-1505 see docs.xilinx.com/access/sources/dita/topic?Doc_Version=2024.2%20English&url=ug1448-hls-guidance&resourceid=200-1505.html
INFO: [HLS 200-1465] Applying ini 'part=xc7z020clg400-3' from /home/gkapakos/Desktop/ECE/10th_Semester/Architecture_of_Parallel_Systems/Project/BranchPredictionAI/C_Implementation/BranchPredictionAI/hls_config.cfg(1)
INFO: [HLS 200-1611] Setting target device to 'xc7z020-clg400-3'
INFO: [HLS 200-1465] Applying ini 'clock=10ns' from /home/gkapakos/Desktop/ECE/10th_Semester/Architecture_of_Parallel_Systems/Project/BranchPredictionAI/C_Implementation/BranchPredictionAI/hls_config.cfg(15)
INFO: [SYN 201-201] Setting up clock 'default' with a period of 10ns.
INFO: [HLS 200-1465] Applying ini 'clock_uncertainty=2ns' from /home/gkapakos/Desktop/ECE/10th_Semester/Architecture_of_Parallel_Systems/Project/BranchPredictionAI/C_Implementation/BranchPredictionAI/hls_config.cfg(16)
INFO: [SYN 201-201] Setting up clock 'default' with an uncertainty of 2ns.
INFO: [HLS 200-1465] Applying ini 'package.output.format=ip_catalog' from /home/gkapakos/Desktop/ECE/10th_Semester/Architecture_of_Parallel_Systems/Project/BranchPredictionAI/C_Implementation/BranchPredictionAI/hls_config.cfg(5)
INFO: [HLS 200-111] Finished File checks and directory preparation: CPU user time: 2.94 seconds. CPU system time: 0.25 seconds. Elapsed time: 3 seconds; current allocated memory: 233.789 MB.
INFO: [HLS 200-10] Analyzing design file '../main_5_slices.cpp' ... 
WARNING: [HLS 207-5292] unused parameter 'C' (../main_5_slices.cpp:78:9)
WARNING: [HLS 207-5292] unused parameter 'y_hat_out' (../main_5_slices.cpp:495:66)
INFO: [HLS 200-111] Finished Source Code Analysis and Preprocessing: CPU user time: 14.99 seconds. CPU system time: 0.99 seconds. Elapsed time: 16.03 seconds; current allocated memory: 237.062 MB.
INFO: [HLS 200-777] Using interface defaults for 'Vivado' flow target.
INFO: [HLS 200-1995] There were 3,807 instructions in the design after the 'Compile/Link' phase of compilation. See the Design Size Report for more details: /home/gkapakos/Desktop/ECE/10th_Semester/Architecture_of_Parallel_Systems/Project/BranchPredictionAI/C_Implementation/BranchPredictionAI/run_model/hls/syn/report/csynth_design_size.rpt
INFO: [HLS 200-1995] There were 31,954 instructions in the design after the 'Unroll/Inline (step 1)' phase of compilation. See the Design Size Report for more details: /home/gkapakos/Desktop/ECE/10th_Semester/Architecture_of_Parallel_Systems/Project/BranchPredictionAI/C_Implementation/BranchPredictionAI/run_model/hls/syn/report/csynth_design_size.rpt
INFO: [HLS 200-1995] There were 22,868 instructions in the design after the 'Unroll/Inline (step 2)' phase of compilation. See the Design Size Report for more details: /home/gkapakos/Desktop/ECE/10th_Semester/Architecture_of_Parallel_Systems/Project/BranchPredictionAI/C_Implementation/BranchPredictionAI/run_model/hls/syn/report/csynth_design_size.rpt
INFO: [HLS 200-1995] There were 22,519 instructions in the design after the 'Unroll/Inline (step 3)' phase of compilation. See the Design Size Report for more details: /home/gkapakos/Desktop/ECE/10th_Semester/Architecture_of_Parallel_Systems/Project/BranchPredictionAI/C_Implementation/BranchPredictionAI/run_model/hls/syn/report/csynth_design_size.rpt
INFO: [HLS 200-1995] There were 22,519 instructions in the design after the 'Unroll/Inline (step 4)' phase of compilation. See the Design Size Report for more details: /home/gkapakos/Desktop/ECE/10th_Semester/Architecture_of_Parallel_Systems/Project/BranchPredictionAI/C_Implementation/BranchPredictionAI/run_model/hls/syn/report/csynth_design_size.rpt
WARNING: [HLS 200-1995] There were 607,502 instructions in the design after the 'Array/Struct (step 1)' phase of compilation. See the Design Size Report for more details: /home/gkapakos/Desktop/ECE/10th_Semester/Architecture_of_Parallel_Systems/Project/BranchPredictionAI/C_Implementation/BranchPredictionAI/run_model/hls/syn/report/csynth_design_size.rpt
INFO: [HLS 200-1995] There were 33,605 instructions in the design after the 'Array/Struct (step 2)' phase of compilation. See the Design Size Report for more details: /home/gkapakos/Desktop/ECE/10th_Semester/Architecture_of_Parallel_Systems/Project/BranchPredictionAI/C_Implementation/BranchPredictionAI/run_model/hls/syn/report/csynth_design_size.rpt
INFO: [HLS 200-1995] There were 33,605 instructions in the design after the 'Array/Struct (step 3)' phase of compilation. See the Design Size Report for more details: /home/gkapakos/Desktop/ECE/10th_Semester/Architecture_of_Parallel_Systems/Project/BranchPredictionAI/C_Implementation/BranchPredictionAI/run_model/hls/syn/report/csynth_design_size.rpt
INFO: [HLS 200-1995] There were 33,605 instructions in the design after the 'Array/Struct (step 4)' phase of compilation. See the Design Size Report for more details: /home/gkapakos/Desktop/ECE/10th_Semester/Architecture_of_Parallel_Systems/Project/BranchPredictionAI/C_Implementation/BranchPredictionAI/run_model/hls/syn/report/csynth_design_size.rpt
INFO: [HLS 200-1995] There were 34,617 instructions in the design after the 'Array/Struct (step 5)' phase of compilation. See the Design Size Report for more details: /home/gkapakos/Desktop/ECE/10th_Semester/Architecture_of_Parallel_Systems/Project/BranchPredictionAI/C_Implementation/BranchPredictionAI/run_model/hls/syn/report/csynth_design_size.rpt
INFO: [HLS 200-1995] There were 33,973 instructions in the design after the 'Performance (step 1)' phase of compilation. See the Design Size Report for more details: /home/gkapakos/Desktop/ECE/10th_Semester/Architecture_of_Parallel_Systems/Project/BranchPredictionAI/C_Implementation/BranchPredictionAI/run_model/hls/syn/report/csynth_design_size.rpt
INFO: [HLS 200-1995] There were 33,330 instructions in the design after the 'Performance (step 2)' phase of compilation. See the Design Size Report for more details: /home/gkapakos/Desktop/ECE/10th_Semester/Architecture_of_Parallel_Systems/Project/BranchPredictionAI/C_Implementation/BranchPredictionAI/run_model/hls/syn/report/csynth_design_size.rpt
INFO: [HLS 200-1995] There were 40,550 instructions in the design after the 'Performance (step 3)' phase of compilation. See the Design Size Report for more details: /home/gkapakos/Desktop/ECE/10th_Semester/Architecture_of_Parallel_Systems/Project/BranchPredictionAI/C_Implementation/BranchPredictionAI/run_model/hls/syn/report/csynth_design_size.rpt
INFO: [HLS 200-1995] There were 34,244 instructions in the design after the 'Performance (step 4)' phase of compilation. See the Design Size Report for more details: /home/gkapakos/Desktop/ECE/10th_Semester/Architecture_of_Parallel_Systems/Project/BranchPredictionAI/C_Implementation/BranchPredictionAI/run_model/hls/syn/report/csynth_design_size.rpt
INFO: [HLS 200-1995] There were 34,234 instructions in the design after the 'HW Transforms (step 1)' phase of compilation. See the Design Size Report for more details: /home/gkapakos/Desktop/ECE/10th_Semester/Architecture_of_Parallel_Systems/Project/BranchPredictionAI/C_Implementation/BranchPredictionAI/run_model/hls/syn/report/csynth_design_size.rpt
INFO: [HLS 200-1995] There were 31,846 instructions in the design after the 'HW Transforms (step 2)' phase of compilation. See the Design Size Report for more details: /home/gkapakos/Desktop/ECE/10th_Semester/Architecture_of_Parallel_Systems/Project/BranchPredictionAI/C_Implementation/BranchPredictionAI/run_model/hls/syn/report/csynth_design_size.rpt
INFO: [HLS 214-131] Inlining function 'reluf(half)' into 'conv_bn_act_pool(half const*, int, half const*, int, half const*, int, half const*, half const*, half const*, half const*, half, act_t, int, half*)' (../main_5_slices.cpp:181:35)
INFO: [HLS 214-131] Inlining function 'sigmoidf(half)' into 'conv_bn_act_pool(half const*, int, half const*, int, half const*, int, half const*, half const*, half const*, half const*, half, act_t, int, half*)' (../main_5_slices.cpp:182:50)
INFO: [HLS 214-131] Inlining function 'tanhf_fast(half)' into 'conv_bn_act_pool(half const*, int, half const*, int, half const*, int, half const*, half const*, half const*, half const*, half, act_t, int, half*)' (../main_5_slices.cpp:182:34)
INFO: [HLS 214-131] Inlining function 'tanhf_fast(half)' into 'lstm_forward_unidir(half const*, int, int, half const*, half const*, half const*, half*, half*)' (../main_5_slices.cpp:311:22)
INFO: [HLS 214-131] Inlining function 'bn_vector(half*, int, half const*, half const*, half const*, half const*, half)' into 'run_all_slices_unrolled(half*)' (../main_5_slices.cpp:427:9)
INFO: [HLS 214-131] Inlining function 'tanhf_fast(half)' into 'run_all_slices_unrolled(half*)' (../main_5_slices.cpp:490:15)
INFO: [HLS 214-131] Inlining function 'bn_vector(half*, int, half const*, half const*, half const*, half const*, half)' into 'run_model(half*)' (../main_5_slices.cpp:506:5)
INFO: [HLS 214-131] Inlining function 'reluf(half)' into 'run_model(half*)' (../main_5_slices.cpp:507:49)
INFO: [HLS 214-291] Loop 'VITIS_LOOP_143_9' is marked as complete unroll implied by the pipeline pragma (../main_5_slices.cpp:143:20)
INFO: [HLS 214-291] Loop 'VITIS_LOOP_134_7' is marked as complete unroll implied by the pipeline pragma (../main_5_slices.cpp:134:20)
INFO: [HLS 214-291] Loop 'VITIS_LOOP_166_13' is marked as complete unroll implied by the pipeline pragma (../main_5_slices.cpp:166:21)
INFO: [HLS 214-291] Loop 'VITIS_LOOP_169_14' is marked as complete unroll implied by the pipeline pragma (../main_5_slices.cpp:169:36)
INFO: [HLS 214-291] Loop 'VITIS_LOOP_109_3' is marked as complete unroll implied by the pipeline pragma (../main_5_slices.cpp:109:20)
INFO: [HLS 214-186] Unrolling loop 'VITIS_LOOP_143_9' (../main_5_slices.cpp:143:20) in function 'conv_bn_act_pool' completely with a factor of 32 (../main_5_slices.cpp:80:0)
INFO: [HLS 214-186] Unrolling loop 'VITIS_LOOP_134_7' (../main_5_slices.cpp:134:20) in function 'conv_bn_act_pool' completely with a factor of 32 (../main_5_slices.cpp:80:0)
INFO: [HLS 214-188] Unrolling loop 'VITIS_LOOP_158_11' (../main_5_slices.cpp:158:21) in function 'conv_bn_act_pool' partially with a factor of 4 (../main_5_slices.cpp:80:0)
INFO: [HLS 214-186] Unrolling loop 'VITIS_LOOP_166_13' (../main_5_slices.cpp:166:21) in function 'conv_bn_act_pool' completely with a factor of 32 (../main_5_slices.cpp:80:0)
INFO: [HLS 214-186] Unrolling loop 'VITIS_LOOP_169_14' (../main_5_slices.cpp:169:36) in function 'conv_bn_act_pool' completely with a factor of 32 (../main_5_slices.cpp:80:0)
INFO: [HLS 214-186] Unrolling loop 'VITIS_LOOP_178_15' (../main_5_slices.cpp:178:28) in function 'conv_bn_act_pool' completely with a factor of 32 (../main_5_slices.cpp:80:0)
INFO: [HLS 214-186] Unrolling loop 'VITIS_LOOP_119_4' (../main_5_slices.cpp:119:20) in function 'conv_bn_act_pool' completely with a factor of 32 (../main_5_slices.cpp:80:0)
INFO: [HLS 214-186] Unrolling loop 'VITIS_LOOP_109_3' (../main_5_slices.cpp:109:20) in function 'conv_bn_act_pool' completely with a factor of 32 (../main_5_slices.cpp:80:0)
INFO: [HLS 214-248] Applying array_partition to 'LSTM_R_ifog4': Block partitioning with factor 32 on dimension 1. (../slice4_weights.h:17835:0)
INFO: [HLS 214-248] Applying array_partition to 'LSTM_b_ifog4': Complete partitioning on dimension 1. (../slice4_weights.h:18349:0)
INFO: [HLS 214-248] Applying array_partition to 'BN1_var4': Complete partitioning on dimension 1. (../slice4_weights.h:17315:0)
INFO: [HLS 214-248] Applying array_partition to 'BN1_mean4': Complete partitioning on dimension 1. (../slice4_weights.h:17309:0)
INFO: [HLS 214-248] Applying array_partition to 'BN1_beta4': Complete partitioning on dimension 1. (../slice4_weights.h:17303:0)
INFO: [HLS 214-248] Applying array_partition to 'BN1_gamma4': Complete partitioning on dimension 1. (../slice4_weights.h:17297:0)
INFO: [HLS 214-248] Applying array_partition to 'LSTM_R_ifog3': Block partitioning with factor 32 on dimension 1. (../slice3_weights.h:17835:0)
INFO: [HLS 214-248] Applying array_partition to 'LSTM_b_ifog3': Complete partitioning on dimension 1. (../slice3_weights.h:18349:0)
INFO: [HLS 214-248] Applying array_partition to 'BN1_var3': Complete partitioning on dimension 1. (../slice3_weights.h:17315:0)
INFO: [HLS 214-248] Applying array_partition to 'BN1_mean3': Complete partitioning on dimension 1. (../slice3_weights.h:17309:0)
INFO: [HLS 214-248] Applying array_partition to 'BN1_beta3': Complete partitioning on dimension 1. (../slice3_weights.h:17303:0)
INFO: [HLS 214-248] Applying array_partition to 'BN1_gamma3': Complete partitioning on dimension 1. (../slice3_weights.h:17297:0)
INFO: [HLS 214-248] Applying array_partition to 'LSTM_R_ifog2': Block partitioning with factor 32 on dimension 1. (../slice2_weights.h:17835:0)
INFO: [HLS 214-248] Applying array_partition to 'LSTM_b_ifog2': Complete partitioning on dimension 1. (../slice2_weights.h:18349:0)
INFO: [HLS 214-248] Applying array_partition to 'BN1_var2': Complete partitioning on dimension 1. (../slice2_weights.h:17315:0)
INFO: [HLS 214-248] Applying array_partition to 'BN1_mean2': Complete partitioning on dimension 1. (../slice2_weights.h:17309:0)
INFO: [HLS 214-248] Applying array_partition to 'BN1_beta2': Complete partitioning on dimension 1. (../slice2_weights.h:17303:0)
INFO: [HLS 214-248] Applying array_partition to 'BN1_gamma2': Complete partitioning on dimension 1. (../slice2_weights.h:17297:0)
INFO: [HLS 214-248] Applying array_partition to 'LSTM_R_ifog1': Block partitioning with factor 32 on dimension 1. (../slice1_weights.h:17835:0)
INFO: [HLS 214-248] Applying array_partition to 'LSTM_b_ifog1': Complete partitioning on dimension 1. (../slice1_weights.h:18349:0)
INFO: [HLS 214-248] Applying array_partition to 'BN1_var1': Complete partitioning on dimension 1. (../slice1_weights.h:17315:0)
INFO: [HLS 214-248] Applying array_partition to 'BN1_mean1': Complete partitioning on dimension 1. (../slice1_weights.h:17309:0)
INFO: [HLS 214-248] Applying array_partition to 'BN1_beta1': Complete partitioning on dimension 1. (../slice1_weights.h:17303:0)
INFO: [HLS 214-248] Applying array_partition to 'BN1_gamma1': Complete partitioning on dimension 1. (../slice1_weights.h:17297:0)
INFO: [HLS 214-248] Applying array_partition to 'LSTM_R_ifog0': Block partitioning with factor 32 on dimension 1. (../slice0_weights.h:17835:0)
INFO: [HLS 214-248] Applying array_partition to 'LSTM_b_ifog0': Complete partitioning on dimension 1. (../slice0_weights.h:18349:0)
INFO: [HLS 214-248] Applying array_partition to 'a_bn': Complete partitioning on dimension 1. (../main_5_slices.cpp:84:10)
INFO: [HLS 214-248] Applying array_partition to 'b_bn': Complete partitioning on dimension 1. (../main_5_slices.cpp:84:19)
INFO: [HLS 214-248] Applying array_partition to 'X_local': Cyclic partitioning with factor 2 on dimension 1. Complete partitioning on dimension 2. (../main_5_slices.cpp:96:10)
INFO: [HLS 214-248] Applying array_partition to 'W_local': Cyclic partitioning with factor 4 on dimension 2. Complete partitioning on dimension 3. (../main_5_slices.cpp:101:7)
INFO: [HLS 214-248] Applying array_partition to 'pool_acc': Complete partitioning on dimension 1. (../main_5_slices.cpp:115:10)
INFO: [HLS 214-248] Applying array_partition to 'conv_out': Complete partitioning on dimension 1. (../main_5_slices.cpp:155:14)
INFO: [HLS 214-376] automatically set the pipeline for Loop< InnerLoopDense> at ../main_5_slices.cpp:336:25 
INFO: [HLS 214-376] automatically set the pipeline for Loop< VITIS_LOOP_158_11> at ../main_5_slices.cpp:158:21 
INFO: [HLS 214-376] automatically set the pipeline for Loop< ReLULoop1> at ../main_5_slices.cpp:507:16 
INFO: [HLS 214-376] automatically set the pipeline for Loop< ReLULoop2> at ../main_5_slices.cpp:512:16 
INFO: [HLS 214-421] Automatically partitioning small array 'y_lin' completely based on array size. (../main_5_slices.cpp:514:10)
INFO: [HLS 214-270] Inferring pragma 'array_partition type=cyclic factor=2 dim=1' for array 'ConvB1' due to pipeline pragma (../slice1_weights.h:17291:0)
INFO: [HLS 214-270] Inferring pragma 'array_partition type=cyclic factor=2 dim=1' for array 'ConvB2' due to pipeline pragma (../slice2_weights.h:17291:0)
INFO: [HLS 214-270] Inferring pragma 'array_partition type=cyclic factor=2 dim=1' for array 'ConvB3' due to pipeline pragma (../slice3_weights.h:17291:0)
INFO: [HLS 214-270] Inferring pragma 'array_partition type=cyclic factor=2 dim=1' for array 'ConvB4' due to pipeline pragma (../slice4_weights.h:17291:0)
INFO: [HLS 214-270] Inferring pragma 'array_partition type=cyclic factor=16 dim=1' for array 'ConvW1' due to pipeline pragma (../main_5_slices.cpp:108:9)
INFO: [HLS 214-270] Inferring pragma 'array_partition type=cyclic factor=16 dim=1' for array 'ConvW2' due to pipeline pragma (../main_5_slices.cpp:108:9)
INFO: [HLS 214-270] Inferring pragma 'array_partition type=cyclic factor=16 dim=1' for array 'ConvW3' due to pipeline pragma (../main_5_slices.cpp:108:9)
INFO: [HLS 214-270] Inferring pragma 'array_partition type=cyclic factor=16 dim=1' for array 'ConvW4' due to pipeline pragma (../main_5_slices.cpp:108:9)
INFO: [HLS 214-270] Inferring pragma 'array_partition type=cyclic factor=16 dim=1' for array 'X_slice12' due to pipeline pragma (../main_5_slices.cpp:133:9)
INFO: [HLS 214-270] Inferring pragma 'array_partition type=cyclic factor=16 dim=1' for array 'X_slice27' due to pipeline pragma (../main_5_slices.cpp:133:9)
INFO: [HLS 214-270] Inferring pragma 'array_partition type=cyclic factor=16 dim=1' for array 'X_slice42' due to pipeline pragma (../main_5_slices.cpp:133:9)
INFO: [HLS 214-270] Inferring pragma 'array_partition type=cyclic factor=16 dim=1' for array 'X_slice57' due to pipeline pragma (../main_5_slices.cpp:133:9)
INFO: [HLS 214-270] Inferring pragma 'array_partition type=cyclic factor=5 dim=1' for array 'z' due to pipeline pragma (../main_5_slices.cpp:307:9)
INFO: [HLS 214-270] Inferring pragma 'array_partition type=complete dim=1' for array 'y_lin' due to pipeline pragma (../main_5_slices.cpp:514:10)
INFO: [HLS 214-248] Applying array_partition to 'X_slice57': Cyclic partitioning with factor 16 on dimension 1.
INFO: [HLS 214-248] Applying array_partition to 'X_slice42': Cyclic partitioning with factor 16 on dimension 1.
INFO: [HLS 214-248] Applying array_partition to 'X_slice27': Cyclic partitioning with factor 16 on dimension 1.
INFO: [HLS 214-248] Applying array_partition to 'X_slice12': Cyclic partitioning with factor 16 on dimension 1.
INFO: [HLS 214-248] Applying array_partition to 'ConvW4': Cyclic partitioning with factor 16 on dimension 1. (../slice4_weights.h:16393:0)
INFO: [HLS 214-248] Applying array_partition to 'ConvW3': Cyclic partitioning with factor 16 on dimension 1. (../slice3_weights.h:16393:0)
INFO: [HLS 214-248] Applying array_partition to 'ConvW2': Cyclic partitioning with factor 16 on dimension 1. (../slice2_weights.h:16393:0)
INFO: [HLS 214-248] Applying array_partition to 'ConvW1': Cyclic partitioning with factor 16 on dimension 1. (../slice1_weights.h:16393:0)
INFO: [HLS 214-248] Applying array_partition to 'ConvB4': Cyclic partitioning with factor 2 on dimension 1. (../slice4_weights.h:17291:0)
INFO: [HLS 214-248] Applying array_partition to 'ConvB3': Cyclic partitioning with factor 2 on dimension 1. (../slice3_weights.h:17291:0)
INFO: [HLS 214-248] Applying array_partition to 'ConvB2': Cyclic partitioning with factor 2 on dimension 1. (../slice2_weights.h:17291:0)
INFO: [HLS 214-248] Applying array_partition to 'ConvB1': Cyclic partitioning with factor 2 on dimension 1. (../slice1_weights.h:17291:0)
INFO: [HLS 214-248] Applying array_partition to 'z': Cyclic partitioning with factor 5 on dimension 1. (../main_5_slices.cpp:274:10)
INFO: [HLS 214-248] Applying array_partition to 'y_lin': Complete partitioning on dimension 1. (../main_5_slices.cpp:514:10)
INFO: [HLS 200-111] Finished Compiling Optimization and Transform: CPU user time: 35.28 seconds. CPU system time: 0.53 seconds. Elapsed time: 38.13 seconds; current allocated memory: 240.184 MB.
INFO: [HLS 200-111] Finished Checking Pragmas: CPU user time: 0 seconds. CPU system time: 0 seconds. Elapsed time: 0 seconds; current allocated memory: 240.184 MB.
INFO: [HLS 200-10] Starting code transformations ...
INFO: [HLS 200-111] Finished Standard Transforms: CPU user time: 2.19 seconds. CPU system time: 0.01 seconds. Elapsed time: 2.21 seconds; current allocated memory: 265.402 MB.
INFO: [HLS 200-10] Checking synthesizability ...
INFO: [XFORM 203-602] Inlining function 'dense_forward' into 'run_model' (../main_5_slices.cpp:505) automatically.
INFO: [XFORM 203-602] Inlining function 'dense_forward.1' into 'run_model' (../main_5_slices.cpp:510) automatically.
WARNING: [SYNCHK 200-77] The top function 'run_model' (../main_5_slices.cpp:495) has no outputs. Possible cause(s) are: (1) Output parameters are passed by value; (2) intended outputs (parameters or global variables) are never written; (3) there are infinite loops.
INFO: [SYNCHK 200-10] 0 error(s), 1 warning(s).
INFO: [HLS 200-111] Finished Checking Synthesizability: CPU user time: 2.64 seconds. CPU system time: 0.02 seconds. Elapsed time: 2.69 seconds; current allocated memory: 300.414 MB.
INFO: [XFORM 203-602] Inlining function 'dense_forward' into 'run_model' (../main_5_slices.cpp:505) automatically.
INFO: [XFORM 203-602] Inlining function 'dense_forward.1' into 'run_model' (../main_5_slices.cpp:510) automatically.
INFO: [XFORM 203-401] Performing if-conversion on hyperblock from (../main_5_slices.cpp:429:9) to (../main_5_slices.cpp:428:22) in function 'run_all_slices_unrolled'... converting 4 basic blocks.
INFO: [XFORM 203-401] Performing if-conversion on hyperblock from (../main_5_slices.cpp:444:9) to (../main_5_slices.cpp:443:22) in function 'run_all_slices_unrolled'... converting 4 basic blocks.
INFO: [XFORM 203-401] Performing if-conversion on hyperblock from (../main_5_slices.cpp:459:9) to (../main_5_slices.cpp:458:22) in function 'run_all_slices_unrolled'... converting 4 basic blocks.
INFO: [XFORM 203-401] Performing if-conversion on hyperblock from (../main_5_slices.cpp:474:9) to (../main_5_slices.cpp:473:22) in function 'run_all_slices_unrolled'... converting 4 basic blocks.
INFO: [XFORM 203-401] Performing if-conversion on hyperblock from (../main_5_slices.cpp:489:9) to (../main_5_slices.cpp:488:22) in function 'run_all_slices_unrolled'... converting 4 basic blocks.
INFO: [XFORM 203-401] Performing if-conversion on hyperblock from (../main_5_slices.cpp:307:9) to (../main_5_slices.cpp:306:22) in function 'lstm_forward_unidir'... converting 7 basic blocks.
INFO: [HLS 200-111] Finished Loop, function and other optimizations: CPU user time: 7.07 seconds. CPU system time: 0.03 seconds. Elapsed time: 7.14 seconds; current allocated memory: 349.555 MB.
INFO: [HLS 200-2061] Successfully converted nested loops 'OuterLoopDense'(../main_5_slices.cpp:333:21) and 'InnerLoopDense'(../main_5_slices.cpp:336:25) in function 'run_model' into perfectly nested loops.
INFO: [HLS 200-2061] Successfully converted nested loops 'OuterLoopDense'(../main_5_slices.cpp:333:21) and 'InnerLoopDense'(../main_5_slices.cpp:336:25) in function 'run_model' into perfectly nested loops.
INFO: [HLS 200-2061] Successfully converted nested loops 'Loop2_2LSTM'(../main_5_slices.cpp:286:22) and 'Loop3_2_1LSTM'(../main_5_slices.cpp:290:28) in function 'lstm_forward_unidir' into perfectly nested loops.
INFO: [HLS 200-2061] Successfully converted nested loops 'Loop2_3LSTM'(../main_5_slices.cpp:296:22) and 'Loop3_3_1LSTM'(../main_5_slices.cpp:300:28) in function 'lstm_forward_unidir' into perfectly nested loops.
INFO: [HLS 200-2061] Successfully converted nested loops 'VITIS_LOOP_106_1'(../main_5_slices.cpp:106:20) and 'VITIS_LOOP_107_2'(../main_5_slices.cpp:107:27) in function 'conv_bn_act_pool.4' into perfectly nested loops.
INFO: [HLS 200-2061] Successfully converted nested loops 'VITIS_LOOP_106_1'(../main_5_slices.cpp:106:20) and 'VITIS_LOOP_107_2'(../main_5_slices.cpp:107:27) in function 'conv_bn_act_pool.3' into perfectly nested loops.
INFO: [HLS 200-2061] Successfully converted nested loops 'VITIS_LOOP_106_1'(../main_5_slices.cpp:106:20) and 'VITIS_LOOP_107_2'(../main_5_slices.cpp:107:27) in function 'conv_bn_act_pool.2' into perfectly nested loops.
INFO: [HLS 200-2061] Successfully converted nested loops 'VITIS_LOOP_106_1'(../main_5_slices.cpp:106:20) and 'VITIS_LOOP_107_2'(../main_5_slices.cpp:107:27) in function 'conv_bn_act_pool' into perfectly nested loops.
INFO: [XFORM 203-541] Flattening a loop nest 'OuterLoopDense' (../main_5_slices.cpp:333:21) in function 'run_model'.
INFO: [XFORM 203-541] Flattening a loop nest 'OuterLoopDense' (../main_5_slices.cpp:333:21) in function 'run_model'.
INFO: [XFORM 203-541] Flattening a loop nest 'Loop2_2LSTM' (../main_5_slices.cpp:286:22) in function 'lstm_forward_unidir'.
INFO: [XFORM 203-541] Flattening a loop nest 'Loop2_3LSTM' (../main_5_slices.cpp:296:22) in function 'lstm_forward_unidir'.
INFO: [XFORM 203-541] Flattening a loop nest 'VITIS_LOOP_106_1' (../main_5_slices.cpp:106:20) in function 'conv_bn_act_pool.4'.
INFO: [XFORM 203-541] Flattening a loop nest 'VITIS_LOOP_106_1' (../main_5_slices.cpp:106:20) in function 'conv_bn_act_pool.3'.
INFO: [XFORM 203-541] Flattening a loop nest 'VITIS_LOOP_106_1' (../main_5_slices.cpp:106:20) in function 'conv_bn_act_pool.2'.
INFO: [XFORM 203-541] Flattening a loop nest 'VITIS_LOOP_106_1' (../main_5_slices.cpp:106:20) in function 'conv_bn_act_pool'.
INFO: [HLS 200-111] Finished Architecture Synthesis: CPU user time: 7.29 seconds. CPU system time: 0.24 seconds. Elapsed time: 7.57 seconds; current allocated memory: 984.008 MB.
INFO: [HLS 200-10] Starting hardware synthesis ...
INFO: [HLS 200-10] Synthesizing 'run_model' ...
WARNING: [SYN 201-103] Legalizing function name 'conv_bn_act_pool.2_Pipeline_BNParamsLoop' to 'conv_bn_act_pool_2_Pipeline_BNParamsLoop'.
WARNING: [SYN 201-103] Legalizing function name 'conv_bn_act_pool.2_Pipeline_VITIS_LOOP_106_1_VITIS_LOOP_107_2' to 'conv_bn_act_pool_2_Pipeline_VITIS_LOOP_106_1_VITIS_LOOP_107_2'.
WARNING: [SYN 201-103] Legalizing function name 'conv_bn_act_pool.2_Pipeline_VITIS_LOOP_141_8' to 'conv_bn_act_pool_2_Pipeline_VITIS_LOOP_141_8'.
WARNING: [SYN 201-103] Legalizing function name 'conv_bn_act_pool.2_Pipeline_VITIS_LOOP_148_10' to 'conv_bn_act_pool_2_Pipeline_VITIS_LOOP_148_10'.
WARNING: [SYN 201-103] Legalizing function name 'conv_bn_act_pool.2_Pipeline_VITIS_LOOP_132_6' to 'conv_bn_act_pool_2_Pipeline_VITIS_LOOP_132_6'.
WARNING: [SYN 201-103] Legalizing function name 'conv_bn_act_pool.2_Pipeline_VITIS_LOOP_158_11' to 'conv_bn_act_pool_2_Pipeline_VITIS_LOOP_158_11'.
WARNING: [SYN 201-103] Legalizing function name 'conv_bn_act_pool.2_Pipeline_VITIS_LOOP_164_12' to 'conv_bn_act_pool_2_Pipeline_VITIS_LOOP_164_12'.
WARNING: [SYN 201-103] Legalizing function name 'conv_bn_act_pool.2_Pipeline_VITIS_LOOP_188_16' to 'conv_bn_act_pool_2_Pipeline_VITIS_LOOP_188_16'.
WARNING: [SYN 201-103] Legalizing function name 'conv_bn_act_pool.2' to 'conv_bn_act_pool_2'.
WARNING: [SYN 201-103] Legalizing function name 'conv_bn_act_pool.3_Pipeline_BNParamsLoop' to 'conv_bn_act_pool_3_Pipeline_BNParamsLoop'.
WARNING: [SYN 201-103] Legalizing function name 'conv_bn_act_pool.3_Pipeline_VITIS_LOOP_106_1_VITIS_LOOP_107_2' to 'conv_bn_act_pool_3_Pipeline_VITIS_LOOP_106_1_VITIS_LOOP_107_2'.
WARNING: [SYN 201-103] Legalizing function name 'conv_bn_act_pool.3_Pipeline_VITIS_LOOP_141_8' to 'conv_bn_act_pool_3_Pipeline_VITIS_LOOP_141_8'.
WARNING: [SYN 201-103] Legalizing function name 'conv_bn_act_pool.3_Pipeline_VITIS_LOOP_148_10' to 'conv_bn_act_pool_3_Pipeline_VITIS_LOOP_148_10'.
WARNING: [SYN 201-103] Legalizing function name 'conv_bn_act_pool.3_Pipeline_VITIS_LOOP_132_6' to 'conv_bn_act_pool_3_Pipeline_VITIS_LOOP_132_6'.
WARNING: [SYN 201-103] Legalizing function name 'conv_bn_act_pool.3_Pipeline_VITIS_LOOP_158_11' to 'conv_bn_act_pool_3_Pipeline_VITIS_LOOP_158_11'.
WARNING: [SYN 201-103] Legalizing function name 'conv_bn_act_pool.3_Pipeline_VITIS_LOOP_164_12' to 'conv_bn_act_pool_3_Pipeline_VITIS_LOOP_164_12'.
WARNING: [SYN 201-103] Legalizing function name 'conv_bn_act_pool.3_Pipeline_VITIS_LOOP_188_16' to 'conv_bn_act_pool_3_Pipeline_VITIS_LOOP_188_16'.
WARNING: [SYN 201-103] Legalizing function name 'conv_bn_act_pool.3' to 'conv_bn_act_pool_3'.
WARNING: [SYN 201-103] Legalizing function name 'conv_bn_act_pool.4_Pipeline_BNParamsLoop' to 'conv_bn_act_pool_4_Pipeline_BNParamsLoop'.
WARNING: [SYN 201-103] Legalizing function name 'conv_bn_act_pool.4_Pipeline_VITIS_LOOP_106_1_VITIS_LOOP_107_2' to 'conv_bn_act_pool_4_Pipeline_VITIS_LOOP_106_1_VITIS_LOOP_107_2'.
WARNING: [SYN 201-103] Legalizing function name 'conv_bn_act_pool.4_Pipeline_VITIS_LOOP_141_8' to 'conv_bn_act_pool_4_Pipeline_VITIS_LOOP_141_8'.
WARNING: [SYN 201-103] Legalizing function name 'conv_bn_act_pool.4_Pipeline_VITIS_LOOP_148_10' to 'conv_bn_act_pool_4_Pipeline_VITIS_LOOP_148_10'.
WARNING: [SYN 201-103] Legalizing function name 'conv_bn_act_pool.4_Pipeline_VITIS_LOOP_132_6' to 'conv_bn_act_pool_4_Pipeline_VITIS_LOOP_132_6'.
WARNING: [SYN 201-103] Legalizing function name 'conv_bn_act_pool.4_Pipeline_VITIS_LOOP_158_11' to 'conv_bn_act_pool_4_Pipeline_VITIS_LOOP_158_11'.
WARNING: [SYN 201-103] Legalizing function name 'conv_bn_act_pool.4_Pipeline_VITIS_LOOP_164_12' to 'conv_bn_act_pool_4_Pipeline_VITIS_LOOP_164_12'.
WARNING: [SYN 201-103] Legalizing function name 'conv_bn_act_pool.4_Pipeline_VITIS_LOOP_188_16' to 'conv_bn_act_pool_4_Pipeline_VITIS_LOOP_188_16'.
WARNING: [SYN 201-103] Legalizing function name 'conv_bn_act_pool.4' to 'conv_bn_act_pool_4'.
INFO: [HLS 200-10] ----------------------------------------------------------------
INFO: [HLS 200-42] -- Implementing module 'run_all_slices_unrolled_Pipeline_MergedLoop' 
INFO: [HLS 200-10] ----------------------------------------------------------------
INFO: [SCHED 204-11] Starting scheduling ...
INFO: [SCHED 204-61] Pipelining loop 'MergedLoop'.
INFO: [HLS 200-1470] Pipelining result : Target II = NA, Final II = 1, Depth = 1, loop 'MergedLoop'
INFO: [SCHED 204-11] Finished scheduling.
INFO: [HLS 200-111] Finished Scheduling: CPU user time: 1.58 seconds. CPU system time: 0.06 seconds. Elapsed time: 1.65 seconds; current allocated memory: 989.129 MB.
INFO: [BIND 205-100] Starting micro-architecture generation ...
INFO: [BIND 205-101] Performing variable lifetime analysis.
INFO: [BIND 205-101] Exploring resource sharing.
INFO: [BIND 205-101] Binding ...
INFO: [BIND 205-100] Finished micro-architecture generation.
INFO: [HLS 200-111] Finished Binding: CPU user time: 0.01 seconds. CPU system time: 0 seconds. Elapsed time: 0.01 seconds; current allocated memory: 989.129 MB.
INFO: [HLS 200-10] ----------------------------------------------------------------
INFO: [HLS 200-42] -- Implementing module 'lstm_forward_unidir_Pipeline_VITIS_LOOP_269_1' 
INFO: [HLS 200-10] ----------------------------------------------------------------
INFO: [SCHED 204-11] Starting scheduling ...
INFO: [SCHED 204-61] Pipelining loop 'VITIS_LOOP_269_1'.
INFO: [HLS 200-1470] Pipelining result : Target II = NA, Final II = 1, Depth = 1, loop 'VITIS_LOOP_269_1'
INFO: [SCHED 204-11] Finished scheduling.
INFO: [HLS 200-111] Finished Scheduling: CPU user time: 0.02 seconds. CPU system time: 0.01 seconds. Elapsed time: 0.02 seconds; current allocated memory: 989.223 MB.
INFO: [BIND 205-100] Starting micro-architecture generation ...
INFO: [BIND 205-101] Performing variable lifetime analysis.
INFO: [BIND 205-101] Exploring resource sharing.
INFO: [BIND 205-101] Binding ...
INFO: [BIND 205-100] Finished micro-architecture generation.
INFO: [HLS 200-111] Finished Binding: CPU user time: 0.02 seconds. CPU system time: 0 seconds. Elapsed time: 0.02 seconds; current allocated memory: 989.223 MB.
INFO: [HLS 200-10] ----------------------------------------------------------------
INFO: [HLS 200-42] -- Implementing module 'lstm_forward_unidir_Pipeline_Loop2_1LSTM' 
INFO: [HLS 200-10] ----------------------------------------------------------------
INFO: [SCHED 204-11] Starting scheduling ...
INFO: [SCHED 204-61] Pipelining loop 'Loop2_1LSTM'.
INFO: [HLS 200-1470] Pipelining result : Target II = NA, Final II = 1, Depth = 1, loop 'Loop2_1LSTM'
INFO: [SCHED 204-11] Finished scheduling.
INFO: [HLS 200-111] Finished Scheduling: CPU user time: 0.07 seconds. CPU system time: 0 seconds. Elapsed time: 0.07 seconds; current allocated memory: 989.605 MB.
INFO: [BIND 205-100] Starting micro-architecture generation ...
INFO: [BIND 205-101] Performing variable lifetime analysis.
INFO: [BIND 205-101] Exploring resource sharing.
INFO: [BIND 205-101] Binding ...
INFO: [BIND 205-100] Finished micro-architecture generation.
INFO: [HLS 200-111] Finished Binding: CPU user time: 0.03 seconds. CPU system time: 0 seconds. Elapsed time: 0.03 seconds; current allocated memory: 989.605 MB.
INFO: [HLS 200-10] ----------------------------------------------------------------
INFO: [HLS 200-42] -- Implementing module 'lstm_forward_unidir_Pipeline_Loop2_4LSTM' 
INFO: [HLS 200-10] ----------------------------------------------------------------
INFO: [SCHED 204-11] Starting scheduling ...
INFO: [SCHED 204-61] Pipelining loop 'Loop2_4LSTM'.
INFO: [SCHED 204-61] Discarding stage scheduling solution.
INFO: [HLS 200-1470] Pipelining result : Target II = NA, Final II = 1, Depth = 43, loop 'Loop2_4LSTM'
INFO: [SCHED 204-11] Finished scheduling.
INFO: [HLS 200-111] Finished Scheduling: CPU user time: 0.16 seconds. CPU system time: 0 seconds. Elapsed time: 0.19 seconds; current allocated memory: 991.062 MB.
INFO: [BIND 205-100] Starting micro-architecture generation ...
INFO: [BIND 205-101] Performing variable lifetime analysis.
INFO: [BIND 205-101] Exploring resource sharing.
INFO: [BIND 205-101] Binding ...
INFO: [BIND 205-100] Finished micro-architecture generation.
INFO: [HLS 200-111] Finished Binding: CPU user time: 0.06 seconds. CPU system time: 0.01 seconds. Elapsed time: 0.08 seconds; current allocated memory: 991.062 MB.
INFO: [HLS 200-10] ----------------------------------------------------------------
INFO: [HLS 200-42] -- Implementing module 'lstm_forward_unidir' 
INFO: [HLS 200-10] ----------------------------------------------------------------
INFO: [SCHED 204-11] Starting scheduling ...
INFO: [SCHED 204-61] Pipelining loop 'Loop2_2LSTM_Loop3_2_1LSTM'.
INFO: [SCHED 204-61] Pipelining loop 'Loop2_3LSTM_Loop3_3_1LSTM'.
INFO: [HLS 200-1470] Pipelining result : Target II = NA, Final II = 1, Depth = 17, loop 'Loop2_2LSTM_Loop3_2_1LSTM'
INFO: [HLS 200-1470] Pipelining result : Target II = NA, Final II = 1, Depth = 17, loop 'Loop2_3LSTM_Loop3_3_1LSTM'
INFO: [SCHED 204-11] Finished scheduling.
INFO: [HLS 200-111] Finished Scheduling: CPU user time: 0.26 seconds. CPU system time: 0.01 seconds. Elapsed time: 0.27 seconds; current allocated memory: 993.793 MB.
INFO: [BIND 205-100] Starting micro-architecture generation ...
INFO: [BIND 205-101] Performing variable lifetime analysis.
INFO: [BIND 205-101] Exploring resource sharing.
INFO: [BIND 205-101] Binding ...
INFO: [BIND 205-100] Finished micro-architecture generation.
INFO: [HLS 200-111] Finished Binding: CPU user time: 0.07 seconds. CPU system time: 0 seconds. Elapsed time: 0.07 seconds; current allocated memory: 993.793 MB.
INFO: [HLS 200-10] ----------------------------------------------------------------
INFO: [HLS 200-42] -- Implementing module 'run_all_slices_unrolled_Pipeline_Loop_BN' 
INFO: [HLS 200-10] ----------------------------------------------------------------
INFO: [SCHED 204-11] Starting scheduling ...
INFO: [SCHED 204-61] Pipelining loop 'Loop_BN'.
INFO: [HLS 200-1470] Pipelining result : Target II = NA, Final II = 1, Depth = 39, loop 'Loop_BN'
INFO: [SCHED 204-11] Finished scheduling.
INFO: [HLS 200-111] Finished Scheduling: CPU user time: 0.09 seconds. CPU system time: 0.01 seconds. Elapsed time: 0.1 seconds; current allocated memory: 994.535 MB.
INFO: [BIND 205-100] Starting micro-architecture generation ...
INFO: [BIND 205-101] Performing variable lifetime analysis.
INFO: [BIND 205-101] Exploring resource sharing.
INFO: [BIND 205-101] Binding ...
INFO: [BIND 205-100] Finished micro-architecture generation.
INFO: [HLS 200-111] Finished Binding: CPU user time: 0.03 seconds. CPU system time: 0 seconds. Elapsed time: 0.04 seconds; current allocated memory: 994.535 MB.
INFO: [HLS 200-10] ----------------------------------------------------------------
INFO: [HLS 200-42] -- Implementing module 'run_all_slices_unrolled_Pipeline_MergedLoop0' 
INFO: [HLS 200-10] ----------------------------------------------------------------
INFO: [SCHED 204-11] Starting scheduling ...
INFO: [SCHED 204-61] Pipelining loop 'MergedLoop0'.
INFO: [HLS 200-1470] Pipelining result : Target II = NA, Final II = 1, Depth = 8, loop 'MergedLoop0'
INFO: [SCHED 204-11] Finished scheduling.
INFO: [HLS 200-111] Finished Scheduling: CPU user time: 0.06 seconds. CPU system time: 0.01 seconds. Elapsed time: 0.06 seconds; current allocated memory: 995.023 MB.
INFO: [BIND 205-100] Starting micro-architecture generation ...
INFO: [BIND 205-101] Performing variable lifetime analysis.
INFO: [BIND 205-101] Exploring resource sharing.
INFO: [BIND 205-101] Binding ...
INFO: [BIND 205-100] Finished micro-architecture generation.
INFO: [HLS 200-111] Finished Binding: CPU user time: 0.02 seconds. CPU system time: 0 seconds. Elapsed time: 0.03 seconds; current allocated memory: 995.023 MB.
INFO: [HLS 200-10] ----------------------------------------------------------------
INFO: [HLS 200-42] -- Implementing module 'conv_bn_act_pool_Pipeline_BNParamsLoop' 
INFO: [HLS 200-10] ----------------------------------------------------------------
INFO: [SCHED 204-11] Starting scheduling ...
INFO: [SCHED 204-61] Pipelining loop 'BNParamsLoop'.
INFO: [HLS 200-1470] Pipelining result : Target II = 1, Final II = 1, Depth = 35, loop 'BNParamsLoop'
INFO: [SCHED 204-11] Finished scheduling.
INFO: [HLS 200-111] Finished Scheduling: CPU user time: 0.13 seconds. CPU system time: 0.01 seconds. Elapsed time: 0.14 seconds; current allocated memory: 997.059 MB.
INFO: [BIND 205-100] Starting micro-architecture generation ...
INFO: [BIND 205-101] Performing variable lifetime analysis.
INFO: [BIND 205-101] Exploring resource sharing.
INFO: [BIND 205-101] Binding ...
INFO: [BIND 205-100] Finished micro-architecture generation.
INFO: [HLS 200-111] Finished Binding: CPU user time: 0.06 seconds. CPU system time: 0 seconds. Elapsed time: 0.06 seconds; current allocated memory: 997.059 MB.
INFO: [HLS 200-10] ----------------------------------------------------------------
INFO: [HLS 200-42] -- Implementing module 'conv_bn_act_pool_Pipeline_VITIS_LOOP_106_1_VITIS_LOOP_107_2' 
INFO: [HLS 200-10] ----------------------------------------------------------------
INFO: [SCHED 204-11] Starting scheduling ...
INFO: [HLS 200-1457] Automatically inferring inferring RAM_1WNR storage type for array 'W_local_508'. Use bind_storage pragma to override this type.
INFO: [HLS 200-1457] Automatically inferring inferring RAM_1WNR storage type for array 'W_local_507'. Use bind_storage pragma to override this type.
INFO: [HLS 200-1457] Automatically inferring inferring RAM_1WNR storage type for array 'W_local_506'. Use bind_storage pragma to override this type.
INFO: [HLS 200-1457] Automatically inferring inferring RAM_1WNR storage type for array 'W_local_505'. Use bind_storage pragma to override this type.
INFO: [HLS 200-1457] Automatically inferring inferring RAM_1WNR storage type for array 'W_local_504'. Use bind_storage pragma to override this type.
INFO: [HLS 200-1457] Automatically inferring inferring RAM_1WNR storage type for array 'W_local_503'. Use bind_storage pragma to override this type.
INFO: [HLS 200-1457] Automatically inferring inferring RAM_1WNR storage type for array 'W_local_502'. Use bind_storage pragma to override this type.
INFO: [HLS 200-1457] Automatically inferring inferring RAM_1WNR storage type for array 'W_local_501'. Use bind_storage pragma to override this type.
INFO: [HLS 200-1457] Automatically inferring inferring RAM_1WNR storage type for array 'W_local_500'. Use bind_storage pragma to override this type.
INFO: [HLS 200-1457] Automatically inferring inferring RAM_1WNR storage type for array 'W_local_499'. Use bind_storage pragma to override this type.
INFO: [HLS 200-1457] Automatically inferring inferring RAM_1WNR storage type for array 'W_local_498'. Use bind_storage pragma to override this type.
INFO: [HLS 200-1457] Automatically inferring inferring RAM_1WNR storage type for array 'W_local_497'. Use bind_storage pragma to override this type.
INFO: [HLS 200-1457] Automatically inferring inferring RAM_1WNR storage type for array 'W_local_496'. Use bind_storage pragma to override this type.
INFO: [HLS 200-1457] Automatically inferring inferring RAM_1WNR storage type for array 'W_local_495'. Use bind_storage pragma to override this type.
INFO: [HLS 200-1457] Automatically inferring inferring RAM_1WNR storage type for array 'W_local_494'. Use bind_storage pragma to override this type.
INFO: [HLS 200-1457] Automatically inferring inferring RAM_1WNR storage type for array 'W_local_493'. Use bind_storage pragma to override this type.
INFO: [HLS 200-1457] Automatically inferring inferring RAM_1WNR storage type for array 'W_local_492'. Use bind_storage pragma to override this type.
INFO: [HLS 200-1457] Automatically inferring inferring RAM_1WNR storage type for array 'W_local_491'. Use bind_storage pragma to override this type.
INFO: [HLS 200-1457] Automatically inferring inferring RAM_1WNR storage type for array 'W_local_490'. Use bind_storage pragma to override this type.
INFO: [HLS 200-1457] Automatically inferring inferring RAM_1WNR storage type for array 'W_local_489'. Use bind_storage pragma to override this type.
INFO: [HLS 200-1457] Automatically inferring inferring RAM_1WNR storage type for array 'W_local_488'. Use bind_storage pragma to override this type.
INFO: [HLS 200-1457] Automatically inferring inferring RAM_1WNR storage type for array 'W_local_487'. Use bind_storage pragma to override this type.
INFO: [HLS 200-1457] Automatically inferring inferring RAM_1WNR storage type for array 'W_local_486'. Use bind_storage pragma to override this type.
INFO: [HLS 200-1457] Automatically inferring inferring RAM_1WNR storage type for array 'W_local_485'. Use bind_storage pragma to override this type.
INFO: [HLS 200-1457] Automatically inferring inferring RAM_1WNR storage type for array 'W_local_484'. Use bind_storage pragma to override this type.
INFO: [HLS 200-1457] Automatically inferring inferring RAM_1WNR storage type for array 'W_local_483'. Use bind_storage pragma to override this type.
INFO: [HLS 200-1457] Automatically inferring inferring RAM_1WNR storage type for array 'W_local_482'. Use bind_storage pragma to override this type.
INFO: [HLS 200-1457] Automatically inferring inferring RAM_1WNR storage type for array 'W_local_481'. Use bind_storage pragma to override this type.
INFO: [HLS 200-1457] Automatically inferring inferring RAM_1WNR storage type for array 'W_local_480'. Use bind_storage pragma to override this type.
INFO: [HLS 200-1457] Automatically inferring inferring RAM_1WNR storage type for array 'W_local_479'. Use bind_storage pragma to override this type.
INFO: [HLS 200-1457] Automatically inferring inferring RAM_1WNR storage type for array 'W_local_478'. Use bind_storage pragma to override this type.
INFO: [HLS 200-1457] Automatically inferring inferring RAM_1WNR storage type for array 'W_local_477'. Use bind_storage pragma to override this type.
INFO: [HLS 200-1457] Automatically inferring inferring RAM_1WNR storage type for array 'W_local_412'. Use bind_storage pragma to override this type.
INFO: [HLS 200-1457] Automatically inferring inferring RAM_1WNR storage type for array 'W_local_411'. Use bind_storage pragma to override this type.
INFO: [HLS 200-1457] Automatically inferring inferring RAM_1WNR storage type for array 'W_local_410'. Use bind_storage pragma to override this type.
INFO: [HLS 200-1457] Automatically inferring inferring RAM_1WNR storage type for array 'W_local_409'. Use bind_storage pragma to override this type.
INFO: [HLS 200-1457] Automatically inferring inferring RAM_1WNR storage type for array 'W_local_408'. Use bind_storage pragma to override this type.
INFO: [HLS 200-1457] Automatically inferring inferring RAM_1WNR storage type for array 'W_local_407'. Use bind_storage pragma to override this type.
INFO: [HLS 200-1457] Automatically inferring inferring RAM_1WNR storage type for array 'W_local_406'. Use bind_storage pragma to override this type.
INFO: [HLS 200-1457] Automatically inferring inferring RAM_1WNR storage type for array 'W_local_405'. Use bind_storage pragma to override this type.
INFO: [HLS 200-1457] Automatically inferring inferring RAM_1WNR storage type for array 'W_local_404'. Use bind_storage pragma to override this type.
INFO: [HLS 200-1457] Automatically inferring inferring RAM_1WNR storage type for array 'W_local_403'. Use bind_storage pragma to override this type.
INFO: [HLS 200-1457] Automatically inferring inferring RAM_1WNR storage type for array 'W_local_402'. Use bind_storage pragma to override this type.
INFO: [HLS 200-1457] Automatically inferring inferring RAM_1WNR storage type for array 'W_local_401'. Use bind_storage pragma to override this type.
INFO: [HLS 200-1457] Automatically inferring inferring RAM_1WNR storage type for array 'W_local_400'. Use bind_storage pragma to override this type.
INFO: [HLS 200-1457] Automatically inferring inferring RAM_1WNR storage type for array 'W_local_399'. Use bind_storage pragma to override this type.
INFO: [HLS 200-1457] Automatically inferring inferring RAM_1WNR storage type for array 'W_local_398'. Use bind_storage pragma to override this type.
INFO: [HLS 200-1457] Automatically inferring inferring RAM_1WNR storage type for array 'W_local_397'. Use bind_storage pragma to override this type.
INFO: [HLS 200-1457] Automatically inferring inferring RAM_1WNR storage type for array 'W_local_396'. Use bind_storage pragma to override this type.
INFO: [HLS 200-1457] Automatically inferring inferring RAM_1WNR storage type for array 'W_local_395'. Use bind_storage pragma to override this type.
INFO: [HLS 200-1457] Automatically inferring inferring RAM_1WNR storage type for array 'W_local_394'. Use bind_storage pragma to override this type.
INFO: [HLS 200-1457] Automatically inferring inferring RAM_1WNR storage type for array 'W_local_393'. Use bind_storage pragma to override this type.
INFO: [HLS 200-1457] Automatically inferring inferring RAM_1WNR storage type for array 'W_local_392'. Use bind_storage pragma to override this type.
INFO: [HLS 200-1457] Automatically inferring inferring RAM_1WNR storage type for array 'W_local_391'. Use bind_storage pragma to override this type.
INFO: [HLS 200-1457] Automatically inferring inferring RAM_1WNR storage type for array 'W_local_390'. Use bind_storage pragma to override this type.
INFO: [HLS 200-1457] Automatically inferring inferring RAM_1WNR storage type for array 'W_local_389'. Use bind_storage pragma to override this type.
INFO: [HLS 200-1457] Automatically inferring inferring RAM_1WNR storage type for array 'W_local_388'. Use bind_storage pragma to override this type.
INFO: [HLS 200-1457] Automatically inferring inferring RAM_1WNR storage type for array 'W_local_387'. Use bind_storage pragma to override this type.
INFO: [HLS 200-1457] Automatically inferring inferring RAM_1WNR storage type for array 'W_local_386'. Use bind_storage pragma to override this type.
INFO: [HLS 200-1457] Automatically inferring inferring RAM_1WNR storage type for array 'W_local_385'. Use bind_storage pragma to override this type.
INFO: [HLS 200-1457] Automatically inferring inferring RAM_1WNR storage type for array 'W_local_384'. Use bind_storage pragma to override this type.
INFO: [HLS 200-1457] Automatically inferring inferring RAM_1WNR storage type for array 'W_local_383'. Use bind_storage pragma to override this type.
INFO: [HLS 200-1457] Automatically inferring inferring RAM_1WNR storage type for array 'W_local_382'. Use bind_storage pragma to override this type.
INFO: [HLS 200-1457] Automatically inferring inferring RAM_1WNR storage type for array 'W_local'. Use bind_storage pragma to override this type.
INFO: [HLS 200-1457] Automatically inferring inferring RAM_1WNR storage type for array 'W_local_444'. Use bind_storage pragma to override this type.
INFO: [HLS 200-1457] Automatically inferring inferring RAM_1WNR storage type for array 'W_local_443'. Use bind_storage pragma to override this type.
INFO: [HLS 200-1457] Automatically inferring inferring RAM_1WNR storage type for array 'W_local_442'. Use bind_storage pragma to override this type.
INFO: [HLS 200-1457] Automatically inferring inferring RAM_1WNR storage type for array 'W_local_441'. Use bind_storage pragma to override this type.
INFO: [HLS 200-1457] Automatically inferring inferring RAM_1WNR storage type for array 'W_local_440'. Use bind_storage pragma to override this type.
INFO: [HLS 200-1457] Automatically inferring inferring RAM_1WNR storage type for array 'W_local_439'. Use bind_storage pragma to override this type.
INFO: [HLS 200-1457] Automatically inferring inferring RAM_1WNR storage type for array 'W_local_438'. Use bind_storage pragma to override this type.
INFO: [HLS 200-1457] Automatically inferring inferring RAM_1WNR storage type for array 'W_local_437'. Use bind_storage pragma to override this type.
INFO: [HLS 200-1457] Automatically inferring inferring RAM_1WNR storage type for array 'W_local_436'. Use bind_storage pragma to override this type.
INFO: [HLS 200-1457] Automatically inferring inferring RAM_1WNR storage type for array 'W_local_435'. Use bind_storage pragma to override this type.
INFO: [HLS 200-1457] Automatically inferring inferring RAM_1WNR storage type for array 'W_local_434'. Use bind_storage pragma to override this type.
INFO: [HLS 200-1457] Automatically inferring inferring RAM_1WNR storage type for array 'W_local_433'. Use bind_storage pragma to override this type.
INFO: [HLS 200-1457] Automatically inferring inferring RAM_1WNR storage type for array 'W_local_432'. Use bind_storage pragma to override this type.
INFO: [HLS 200-1457] Automatically inferring inferring RAM_1WNR storage type for array 'W_local_431'. Use bind_storage pragma to override this type.
INFO: [HLS 200-1457] Automatically inferring inferring RAM_1WNR storage type for array 'W_local_430'. Use bind_storage pragma to override this type.
INFO: [HLS 200-1457] Automatically inferring inferring RAM_1WNR storage type for array 'W_local_429'. Use bind_storage pragma to override this type.
INFO: [HLS 200-1457] Automatically inferring inferring RAM_1WNR storage type for array 'W_local_428'. Use bind_storage pragma to override this type.
INFO: [HLS 200-1457] Automatically inferring inferring RAM_1WNR storage type for array 'W_local_427'. Use bind_storage pragma to override this type.
INFO: [HLS 200-1457] Automatically inferring inferring RAM_1WNR storage type for array 'W_local_426'. Use bind_storage pragma to override this type.
INFO: [HLS 200-1457] Automatically inferring inferring RAM_1WNR storage type for array 'W_local_425'. Use bind_storage pragma to override this type.
INFO: [HLS 200-1457] Automatically inferring inferring RAM_1WNR storage type for array 'W_local_424'. Use bind_storage pragma to override this type.
INFO: [HLS 200-1457] Automatically inferring inferring RAM_1WNR storage type for array 'W_local_423'. Use bind_storage pragma to override this type.
INFO: [HLS 200-1457] Automatically inferring inferring RAM_1WNR storage type for array 'W_local_422'. Use bind_storage pragma to override this type.
INFO: [HLS 200-1457] Automatically inferring inferring RAM_1WNR storage type for array 'W_local_421'. Use bind_storage pragma to override this type.
INFO: [HLS 200-1457] Automatically inferring inferring RAM_1WNR storage type for array 'W_local_420'. Use bind_storage pragma to override this type.
INFO: [HLS 200-1457] Automatically inferring inferring RAM_1WNR storage type for array 'W_local_419'. Use bind_storage pragma to override this type.
INFO: [HLS 200-1457] Automatically inferring inferring RAM_1WNR storage type for array 'W_local_418'. Use bind_storage pragma to override this type.
INFO: [HLS 200-1457] Automatically inferring inferring RAM_1WNR storage type for array 'W_local_417'. Use bind_storage pragma to override this type.
INFO: [HLS 200-1457] Automatically inferring inferring RAM_1WNR storage type for array 'W_local_416'. Use bind_storage pragma to override this type.
INFO: [HLS 200-1457] Automatically inferring inferring RAM_1WNR storage type for array 'W_local_415'. Use bind_storage pragma to override this type.
INFO: [HLS 200-1457] Automatically inferring inferring RAM_1WNR storage type for array 'W_local_414'. Use bind_storage pragma to override this type.
INFO: [HLS 200-1457] Automatically inferring inferring RAM_1WNR storage type for array 'W_local_413'. Use bind_storage pragma to override this type.
INFO: [HLS 200-1457] Automatically inferring inferring RAM_1WNR storage type for array 'W_local_476'. Use bind_storage pragma to override this type.
INFO: [HLS 200-1457] Automatically inferring inferring RAM_1WNR storage type for array 'W_local_475'. Use bind_storage pragma to override this type.
INFO: [HLS 200-1457] Automatically inferring inferring RAM_1WNR storage type for array 'W_local_474'. Use bind_storage pragma to override this type.
INFO: [HLS 200-1457] Automatically inferring inferring RAM_1WNR storage type for array 'W_local_473'. Use bind_storage pragma to override this type.
INFO: [HLS 200-1457] Automatically inferring inferring RAM_1WNR storage type for array 'W_local_472'. Use bind_storage pragma to override this type.
INFO: [HLS 200-1457] Automatically inferring inferring RAM_1WNR storage type for array 'W_local_471'. Use bind_storage pragma to override this type.
INFO: [HLS 200-1457] Automatically inferring inferring RAM_1WNR storage type for array 'W_local_470'. Use bind_storage pragma to override this type.
INFO: [HLS 200-1457] Automatically inferring inferring RAM_1WNR storage type for array 'W_local_469'. Use bind_storage pragma to override this type.
INFO: [HLS 200-1457] Automatically inferring inferring RAM_1WNR storage type for array 'W_local_468'. Use bind_storage pragma to override this type.
INFO: [HLS 200-1457] Automatically inferring inferring RAM_1WNR storage type for array 'W_local_467'. Use bind_storage pragma to override this type.
INFO: [HLS 200-1457] Automatically inferring inferring RAM_1WNR storage type for array 'W_local_466'. Use bind_storage pragma to override this type.
INFO: [HLS 200-1457] Automatically inferring inferring RAM_1WNR storage type for array 'W_local_465'. Use bind_storage pragma to override this type.
INFO: [HLS 200-1457] Automatically inferring inferring RAM_1WNR storage type for array 'W_local_464'. Use bind_storage pragma to override this type.
INFO: [HLS 200-1457] Automatically inferring inferring RAM_1WNR storage type for array 'W_local_463'. Use bind_storage pragma to override this type.
INFO: [HLS 200-1457] Automatically inferring inferring RAM_1WNR storage type for array 'W_local_462'. Use bind_storage pragma to override this type.
INFO: [HLS 200-1457] Automatically inferring inferring RAM_1WNR storage type for array 'W_local_461'. Use bind_storage pragma to override this type.
INFO: [HLS 200-1457] Automatically inferring inferring RAM_1WNR storage type for array 'W_local_460'. Use bind_storage pragma to override this type.
INFO: [HLS 200-1457] Automatically inferring inferring RAM_1WNR storage type for array 'W_local_459'. Use bind_storage pragma to override this type.
INFO: [HLS 200-1457] Automatically inferring inferring RAM_1WNR storage type for array 'W_local_458'. Use bind_storage pragma to override this type.
INFO: [HLS 200-1457] Automatically inferring inferring RAM_1WNR storage type for array 'W_local_457'. Use bind_storage pragma to override this type.
INFO: [HLS 200-1457] Automatically inferring inferring RAM_1WNR storage type for array 'W_local_456'. Use bind_storage pragma to override this type.
INFO: [HLS 200-1457] Automatically inferring inferring RAM_1WNR storage type for array 'W_local_455'. Use bind_storage pragma to override this type.
INFO: [HLS 200-1457] Automatically inferring inferring RAM_1WNR storage type for array 'W_local_454'. Use bind_storage pragma to override this type.
INFO: [HLS 200-1457] Automatically inferring inferring RAM_1WNR storage type for array 'W_local_453'. Use bind_storage pragma to override this type.
INFO: [HLS 200-1457] Automatically inferring inferring RAM_1WNR storage type for array 'W_local_452'. Use bind_storage pragma to override this type.
INFO: [HLS 200-1457] Automatically inferring inferring RAM_1WNR storage type for array 'W_local_451'. Use bind_storage pragma to override this type.
INFO: [HLS 200-1457] Automatically inferring inferring RAM_1WNR storage type for array 'W_local_450'. Use bind_storage pragma to override this type.
INFO: [HLS 200-1457] Automatically inferring inferring RAM_1WNR storage type for array 'W_local_449'. Use bind_storage pragma to override this type.
INFO: [HLS 200-1457] Automatically inferring inferring RAM_1WNR storage type for array 'W_local_448'. Use bind_storage pragma to override this type.
INFO: [HLS 200-1457] Automatically inferring inferring RAM_1WNR storage type for array 'W_local_447'. Use bind_storage pragma to override this type.
INFO: [HLS 200-1457] Automatically inferring inferring RAM_1WNR storage type for array 'W_local_446'. Use bind_storage pragma to override this type.
INFO: [HLS 200-1457] Automatically inferring inferring RAM_1WNR storage type for array 'W_local_445'. Use bind_storage pragma to override this type.
INFO: [SCHED 204-61] Pipelining loop 'VITIS_LOOP_106_1_VITIS_LOOP_107_2'.
INFO: [HLS 200-1470] Pipelining result : Target II = NA, Final II = 1, Depth = 4, loop 'VITIS_LOOP_106_1_VITIS_LOOP_107_2'
INFO: [SCHED 204-11] Finished scheduling.
INFO: [HLS 200-111] Finished Scheduling: CPU user time: 0.98 seconds. CPU system time: 0.08 seconds. Elapsed time: 1.07 seconds; current allocated memory: 1001.992 MB.
INFO: [BIND 205-100] Starting micro-architecture generation ...
INFO: [BIND 205-101] Performing variable lifetime analysis.
INFO: [BIND 205-101] Exploring resource sharing.
INFO: [BIND 205-101] Binding ...
INFO: [BIND 205-100] Finished micro-architecture generation.
INFO: [HLS 200-111] Finished Binding: CPU user time: 0.06 seconds. CPU system time: 0.01 seconds. Elapsed time: 0.06 seconds; current allocated memory: 1001.992 MB.
INFO: [HLS 200-10] ----------------------------------------------------------------
INFO: [HLS 200-42] -- Implementing module 'conv_bn_act_pool_Pipeline_VITIS_LOOP_141_8' 
INFO: [HLS 200-10] ----------------------------------------------------------------
INFO: [SCHED 204-11] Starting scheduling ...
INFO: [SCHED 204-61] Pipelining loop 'VITIS_LOOP_141_8'.
INFO: [HLS 200-1470] Pipelining result : Target II = NA, Final II = 1, Depth = 2, loop 'VITIS_LOOP_141_8'
INFO: [SCHED 204-11] Finished scheduling.
INFO: [HLS 200-111] Finished Scheduling: CPU user time: 0.21 seconds. CPU system time: 0 seconds. Elapsed time: 0.22 seconds; current allocated memory: 1004.129 MB.
INFO: [BIND 205-100] Starting micro-architecture generation ...
INFO: [BIND 205-101] Performing variable lifetime analysis.
INFO: [BIND 205-101] Exploring resource sharing.
INFO: [BIND 205-101] Binding ...
INFO: [BIND 205-100] Finished micro-architecture generation.
INFO: [HLS 200-111] Finished Binding: CPU user time: 0.06 seconds. CPU system time: 0 seconds. Elapsed time: 0.05 seconds; current allocated memory: 1004.129 MB.
INFO: [HLS 200-10] ----------------------------------------------------------------
INFO: [HLS 200-42] -- Implementing module 'conv_bn_act_pool_Pipeline_VITIS_LOOP_148_10' 
INFO: [HLS 200-10] ----------------------------------------------------------------
INFO: [SCHED 204-11] Starting scheduling ...
INFO: [SCHED 204-61] Pipelining loop 'VITIS_LOOP_148_10'.
INFO: [HLS 200-1470] Pipelining result : Target II = NA, Final II = 1, Depth = 4, loop 'VITIS_LOOP_148_10'
INFO: [SCHED 204-11] Finished scheduling.
INFO: [HLS 200-111] Finished Scheduling: CPU user time: 0.12 seconds. CPU system time: 0.01 seconds. Elapsed time: 0.12 seconds; current allocated memory: 1006.254 MB.
INFO: [BIND 205-100] Starting micro-architecture generation ...
INFO: [BIND 205-101] Performing variable lifetime analysis.
INFO: [BIND 205-101] Exploring resource sharing.
INFO: [BIND 205-101] Binding ...
INFO: [BIND 205-100] Finished micro-architecture generation.
INFO: [HLS 200-111] Finished Binding: CPU user time: 0.08 seconds. CPU system time: 0.01 seconds. Elapsed time: 0.09 seconds; current allocated memory: 1006.254 MB.
INFO: [HLS 200-10] ----------------------------------------------------------------
INFO: [HLS 200-42] -- Implementing module 'conv_bn_act_pool_Pipeline_VITIS_LOOP_132_6' 
INFO: [HLS 200-10] ----------------------------------------------------------------
INFO: [SCHED 204-11] Starting scheduling ...
INFO: [SCHED 204-61] Pipelining loop 'VITIS_LOOP_132_6'.
INFO: [HLS 200-1470] Pipelining result : Target II = NA, Final II = 1, Depth = 4, loop 'VITIS_LOOP_132_6'
INFO: [SCHED 204-11] Finished scheduling.
INFO: [HLS 200-111] Finished Scheduling: CPU user time: 0.23 seconds. CPU system time: 0.01 seconds. Elapsed time: 0.23 seconds; current allocated memory: 1007.934 MB.
INFO: [BIND 205-100] Starting micro-architecture generation ...
INFO: [BIND 205-101] Performing variable lifetime analysis.
INFO: [BIND 205-101] Exploring resource sharing.
INFO: [BIND 205-101] Binding ...
INFO: [BIND 205-100] Finished micro-architecture generation.
INFO: [HLS 200-111] Finished Binding: CPU user time: 0.05 seconds. CPU system time: 0 seconds. Elapsed time: 0.05 seconds; current allocated memory: 1008.199 MB.
INFO: [HLS 200-10] ----------------------------------------------------------------
INFO: [HLS 200-42] -- Implementing module 'conv_bn_act_pool_Pipeline_VITIS_LOOP_158_11' 
INFO: [HLS 200-10] ----------------------------------------------------------------
INFO: [SCHED 204-11] Starting scheduling ...
INFO: [SCHED 204-61] Pipelining loop 'VITIS_LOOP_158_11'.
INFO: [HLS 200-1470] Pipelining result : Target II = NA, Final II = 1, Depth = 1, loop 'VITIS_LOOP_158_11'
INFO: [SCHED 204-11] Finished scheduling.
INFO: [HLS 200-111] Finished Scheduling: CPU user time: 0.09 seconds. CPU system time: 0 seconds. Elapsed time: 0.08 seconds; current allocated memory: 1009.391 MB.
INFO: [BIND 205-100] Starting micro-architecture generation ...
INFO: [BIND 205-101] Performing variable lifetime analysis.
INFO: [BIND 205-101] Exploring resource sharing.
INFO: [BIND 205-101] Binding ...
INFO: [BIND 205-100] Finished micro-architecture generation.
INFO: [HLS 200-111] Finished Binding: CPU user time: 0.03 seconds. CPU system time: 0 seconds. Elapsed time: 0.03 seconds; current allocated memory: 1009.391 MB.
INFO: [HLS 200-10] ----------------------------------------------------------------
INFO: [HLS 200-42] -- Implementing module 'conv_bn_act_pool_Pipeline_VITIS_LOOP_164_12' 
INFO: [HLS 200-10] ----------------------------------------------------------------
INFO: [SCHED 204-11] Starting scheduling ...
INFO: [HLS 200-1457] Automatically inferring inferring RAM_1WNR storage type for array 'W_local_508'. Use bind_storage pragma to override this type.
INFO: [HLS 200-1457] Automatically inferring inferring RAM_1WNR storage type for array 'W_local_476'. Use bind_storage pragma to override this type.
INFO: [HLS 200-1457] Automatically inferring inferring RAM_1WNR storage type for array 'W_local_444'. Use bind_storage pragma to override this type.
INFO: [HLS 200-1457] Automatically inferring inferring RAM_1WNR storage type for array 'W_local_412'. Use bind_storage pragma to override this type.
INFO: [HLS 200-1457] Automatically inferring inferring RAM_1WNR storage type for array 'W_local_507'. Use bind_storage pragma to override this type.
INFO: [HLS 200-1457] Automatically inferring inferring RAM_1WNR storage type for array 'W_local_475'. Use bind_storage pragma to override this type.
INFO: [HLS 200-1457] Automatically inferring inferring RAM_1WNR storage type for array 'W_local_443'. Use bind_storage pragma to override this type.
INFO: [HLS 200-1457] Automatically inferring inferring RAM_1WNR storage type for array 'W_local_411'. Use bind_storage pragma to override this type.
INFO: [HLS 200-1457] Automatically inferring inferring RAM_1WNR storage type for array 'W_local_506'. Use bind_storage pragma to override this type.
INFO: [HLS 200-1457] Automatically inferring inferring RAM_1WNR storage type for array 'W_local_474'. Use bind_storage pragma to override this type.
INFO: [HLS 200-1457] Automatically inferring inferring RAM_1WNR storage type for array 'W_local_442'. Use bind_storage pragma to override this type.
INFO: [HLS 200-1457] Automatically inferring inferring RAM_1WNR storage type for array 'W_local_410'. Use bind_storage pragma to override this type.
INFO: [HLS 200-1457] Automatically inferring inferring RAM_1WNR storage type for array 'W_local_505'. Use bind_storage pragma to override this type.
INFO: [HLS 200-1457] Automatically inferring inferring RAM_1WNR storage type for array 'W_local_473'. Use bind_storage pragma to override this type.
INFO: [HLS 200-1457] Automatically inferring inferring RAM_1WNR storage type for array 'W_local_441'. Use bind_storage pragma to override this type.
INFO: [HLS 200-1457] Automatically inferring inferring RAM_1WNR storage type for array 'W_local_409'. Use bind_storage pragma to override this type.
INFO: [HLS 200-1457] Automatically inferring inferring RAM_1WNR storage type for array 'W_local_504'. Use bind_storage pragma to override this type.
INFO: [HLS 200-1457] Automatically inferring inferring RAM_1WNR storage type for array 'W_local_472'. Use bind_storage pragma to override this type.
INFO: [HLS 200-1457] Automatically inferring inferring RAM_1WNR storage type for array 'W_local_440'. Use bind_storage pragma to override this type.
INFO: [HLS 200-1457] Automatically inferring inferring RAM_1WNR storage type for array 'W_local_408'. Use bind_storage pragma to override this type.
INFO: [HLS 200-1457] Automatically inferring inferring RAM_1WNR storage type for array 'W_local_503'. Use bind_storage pragma to override this type.
INFO: [HLS 200-1457] Automatically inferring inferring RAM_1WNR storage type for array 'W_local_471'. Use bind_storage pragma to override this type.
INFO: [HLS 200-1457] Automatically inferring inferring RAM_1WNR storage type for array 'W_local_439'. Use bind_storage pragma to override this type.
INFO: [HLS 200-1457] Automatically inferring inferring RAM_1WNR storage type for array 'W_local_407'. Use bind_storage pragma to override this type.
INFO: [HLS 200-1457] Automatically inferring inferring RAM_1WNR storage type for array 'W_local_502'. Use bind_storage pragma to override this type.
INFO: [HLS 200-1457] Automatically inferring inferring RAM_1WNR storage type for array 'W_local_470'. Use bind_storage pragma to override this type.
INFO: [HLS 200-1457] Automatically inferring inferring RAM_1WNR storage type for array 'W_local_438'. Use bind_storage pragma to override this type.
INFO: [HLS 200-1457] Automatically inferring inferring RAM_1WNR storage type for array 'W_local_406'. Use bind_storage pragma to override this type.
INFO: [HLS 200-1457] Automatically inferring inferring RAM_1WNR storage type for array 'W_local_501'. Use bind_storage pragma to override this type.
INFO: [HLS 200-1457] Automatically inferring inferring RAM_1WNR storage type for array 'W_local_469'. Use bind_storage pragma to override this type.
INFO: [HLS 200-1457] Automatically inferring inferring RAM_1WNR storage type for array 'W_local_437'. Use bind_storage pragma to override this type.
INFO: [HLS 200-1457] Automatically inferring inferring RAM_1WNR storage type for array 'W_local_405'. Use bind_storage pragma to override this type.
INFO: [HLS 200-1457] Automatically inferring inferring RAM_1WNR storage type for array 'W_local_500'. Use bind_storage pragma to override this type.
INFO: [HLS 200-1457] Automatically inferring inferring RAM_1WNR storage type for array 'W_local_468'. Use bind_storage pragma to override this type.
INFO: [HLS 200-1457] Automatically inferring inferring RAM_1WNR storage type for array 'W_local_436'. Use bind_storage pragma to override this type.
INFO: [HLS 200-1457] Automatically inferring inferring RAM_1WNR storage type for array 'W_local_404'. Use bind_storage pragma to override this type.
INFO: [HLS 200-1457] Automatically inferring inferring RAM_1WNR storage type for array 'W_local_499'. Use bind_storage pragma to override this type.
INFO: [HLS 200-1457] Automatically inferring inferring RAM_1WNR storage type for array 'W_local_467'. Use bind_storage pragma to override this type.
INFO: [HLS 200-1457] Automatically inferring inferring RAM_1WNR storage type for array 'W_local_435'. Use bind_storage pragma to override this type.
INFO: [HLS 200-1457] Automatically inferring inferring RAM_1WNR storage type for array 'W_local_403'. Use bind_storage pragma to override this type.
INFO: [HLS 200-1457] Automatically inferring inferring RAM_1WNR storage type for array 'W_local_498'. Use bind_storage pragma to override this type.
INFO: [HLS 200-1457] Automatically inferring inferring RAM_1WNR storage type for array 'W_local_466'. Use bind_storage pragma to override this type.
INFO: [HLS 200-1457] Automatically inferring inferring RAM_1WNR storage type for array 'W_local_434'. Use bind_storage pragma to override this type.
INFO: [HLS 200-1457] Automatically inferring inferring RAM_1WNR storage type for array 'W_local_402'. Use bind_storage pragma to override this type.
INFO: [HLS 200-1457] Automatically inferring inferring RAM_1WNR storage type for array 'W_local_497'. Use bind_storage pragma to override this type.
INFO: [HLS 200-1457] Automatically inferring inferring RAM_1WNR storage type for array 'W_local_465'. Use bind_storage pragma to override this type.
INFO: [HLS 200-1457] Automatically inferring inferring RAM_1WNR storage type for array 'W_local_433'. Use bind_storage pragma to override this type.
INFO: [HLS 200-1457] Automatically inferring inferring RAM_1WNR storage type for array 'W_local_401'. Use bind_storage pragma to override this type.
INFO: [HLS 200-1457] Automatically inferring inferring RAM_1WNR storage type for array 'W_local_496'. Use bind_storage pragma to override this type.
INFO: [HLS 200-1457] Automatically inferring inferring RAM_1WNR storage type for array 'W_local_464'. Use bind_storage pragma to override this type.
INFO: [HLS 200-1457] Automatically inferring inferring RAM_1WNR storage type for array 'W_local_432'. Use bind_storage pragma to override this type.
INFO: [HLS 200-1457] Automatically inferring inferring RAM_1WNR storage type for array 'W_local_400'. Use bind_storage pragma to override this type.
INFO: [HLS 200-1457] Automatically inferring inferring RAM_1WNR storage type for array 'W_local_495'. Use bind_storage pragma to override this type.
INFO: [HLS 200-1457] Automatically inferring inferring RAM_1WNR storage type for array 'W_local_463'. Use bind_storage pragma to override this type.
INFO: [HLS 200-1457] Automatically inferring inferring RAM_1WNR storage type for array 'W_local_431'. Use bind_storage pragma to override this type.
INFO: [HLS 200-1457] Automatically inferring inferring RAM_1WNR storage type for array 'W_local_399'. Use bind_storage pragma to override this type.
INFO: [HLS 200-1457] Automatically inferring inferring RAM_1WNR storage type for array 'W_local_494'. Use bind_storage pragma to override this type.
INFO: [HLS 200-1457] Automatically inferring inferring RAM_1WNR storage type for array 'W_local_462'. Use bind_storage pragma to override this type.
INFO: [HLS 200-1457] Automatically inferring inferring RAM_1WNR storage type for array 'W_local_430'. Use bind_storage pragma to override this type.
INFO: [HLS 200-1457] Automatically inferring inferring RAM_1WNR storage type for array 'W_local_398'. Use bind_storage pragma to override this type.
INFO: [HLS 200-1457] Automatically inferring inferring RAM_1WNR storage type for array 'W_local_493'. Use bind_storage pragma to override this type.
INFO: [HLS 200-1457] Automatically inferring inferring RAM_1WNR storage type for array 'W_local_461'. Use bind_storage pragma to override this type.
INFO: [HLS 200-1457] Automatically inferring inferring RAM_1WNR storage type for array 'W_local_429'. Use bind_storage pragma to override this type.
INFO: [HLS 200-1457] Automatically inferring inferring RAM_1WNR storage type for array 'W_local_397'. Use bind_storage pragma to override this type.
INFO: [HLS 200-1457] Automatically inferring inferring RAM_1WNR storage type for array 'W_local_492'. Use bind_storage pragma to override this type.
INFO: [HLS 200-1457] Automatically inferring inferring RAM_1WNR storage type for array 'W_local_460'. Use bind_storage pragma to override this type.
INFO: [HLS 200-1457] Automatically inferring inferring RAM_1WNR storage type for array 'W_local_428'. Use bind_storage pragma to override this type.
INFO: [HLS 200-1457] Automatically inferring inferring RAM_1WNR storage type for array 'W_local_396'. Use bind_storage pragma to override this type.
INFO: [HLS 200-1457] Automatically inferring inferring RAM_1WNR storage type for array 'W_local_491'. Use bind_storage pragma to override this type.
INFO: [HLS 200-1457] Automatically inferring inferring RAM_1WNR storage type for array 'W_local_459'. Use bind_storage pragma to override this type.
INFO: [HLS 200-1457] Automatically inferring inferring RAM_1WNR storage type for array 'W_local_427'. Use bind_storage pragma to override this type.
INFO: [HLS 200-1457] Automatically inferring inferring RAM_1WNR storage type for array 'W_local_395'. Use bind_storage pragma to override this type.
INFO: [HLS 200-1457] Automatically inferring inferring RAM_1WNR storage type for array 'W_local_490'. Use bind_storage pragma to override this type.
INFO: [HLS 200-1457] Automatically inferring inferring RAM_1WNR storage type for array 'W_local_458'. Use bind_storage pragma to override this type.
INFO: [HLS 200-1457] Automatically inferring inferring RAM_1WNR storage type for array 'W_local_426'. Use bind_storage pragma to override this type.
INFO: [HLS 200-1457] Automatically inferring inferring RAM_1WNR storage type for array 'W_local_394'. Use bind_storage pragma to override this type.
INFO: [HLS 200-1457] Automatically inferring inferring RAM_1WNR storage type for array 'W_local_489'. Use bind_storage pragma to override this type.
INFO: [HLS 200-1457] Automatically inferring inferring RAM_1WNR storage type for array 'W_local_457'. Use bind_storage pragma to override this type.
INFO: [HLS 200-1457] Automatically inferring inferring RAM_1WNR storage type for array 'W_local_425'. Use bind_storage pragma to override this type.
INFO: [HLS 200-1457] Automatically inferring inferring RAM_1WNR storage type for array 'W_local_393'. Use bind_storage pragma to override this type.
INFO: [HLS 200-1457] Automatically inferring inferring RAM_1WNR storage type for array 'W_local_488'. Use bind_storage pragma to override this type.
INFO: [HLS 200-1457] Automatically inferring inferring RAM_1WNR storage type for array 'W_local_456'. Use bind_storage pragma to override this type.
INFO: [HLS 200-1457] Automatically inferring inferring RAM_1WNR storage type for array 'W_local_424'. Use bind_storage pragma to override this type.
INFO: [HLS 200-1457] Automatically inferring inferring RAM_1WNR storage type for array 'W_local_392'. Use bind_storage pragma to override this type.
INFO: [HLS 200-1457] Automatically inferring inferring RAM_1WNR storage type for array 'W_local_487'. Use bind_storage pragma to override this type.
INFO: [HLS 200-1457] Automatically inferring inferring RAM_1WNR storage type for array 'W_local_455'. Use bind_storage pragma to override this type.
INFO: [HLS 200-1457] Automatically inferring inferring RAM_1WNR storage type for array 'W_local_423'. Use bind_storage pragma to override this type.
INFO: [HLS 200-1457] Automatically inferring inferring RAM_1WNR storage type for array 'W_local_391'. Use bind_storage pragma to override this type.
INFO: [HLS 200-1457] Automatically inferring inferring RAM_1WNR storage type for array 'W_local_486'. Use bind_storage pragma to override this type.
INFO: [HLS 200-1457] Automatically inferring inferring RAM_1WNR storage type for array 'W_local_454'. Use bind_storage pragma to override this type.
INFO: [HLS 200-1457] Automatically inferring inferring RAM_1WNR storage type for array 'W_local_422'. Use bind_storage pragma to override this type.
INFO: [HLS 200-1457] Automatically inferring inferring RAM_1WNR storage type for array 'W_local_390'. Use bind_storage pragma to override this type.
INFO: [HLS 200-1457] Automatically inferring inferring RAM_1WNR storage type for array 'W_local_485'. Use bind_storage pragma to override this type.
INFO: [HLS 200-1457] Automatically inferring inferring RAM_1WNR storage type for array 'W_local_453'. Use bind_storage pragma to override this type.
INFO: [HLS 200-1457] Automatically inferring inferring RAM_1WNR storage type for array 'W_local_421'. Use bind_storage pragma to override this type.
INFO: [HLS 200-1457] Automatically inferring inferring RAM_1WNR storage type for array 'W_local_389'. Use bind_storage pragma to override this type.
INFO: [HLS 200-1457] Automatically inferring inferring RAM_1WNR storage type for array 'W_local_484'. Use bind_storage pragma to override this type.
INFO: [HLS 200-1457] Automatically inferring inferring RAM_1WNR storage type for array 'W_local_452'. Use bind_storage pragma to override this type.
INFO: [HLS 200-1457] Automatically inferring inferring RAM_1WNR storage type for array 'W_local_420'. Use bind_storage pragma to override this type.
INFO: [HLS 200-1457] Automatically inferring inferring RAM_1WNR storage type for array 'W_local_388'. Use bind_storage pragma to override this type.
INFO: [HLS 200-1457] Automatically inferring inferring RAM_1WNR storage type for array 'W_local_483'. Use bind_storage pragma to override this type.
INFO: [HLS 200-1457] Automatically inferring inferring RAM_1WNR storage type for array 'W_local_451'. Use bind_storage pragma to override this type.
INFO: [HLS 200-1457] Automatically inferring inferring RAM_1WNR storage type for array 'W_local_419'. Use bind_storage pragma to override this type.
INFO: [HLS 200-1457] Automatically inferring inferring RAM_1WNR storage type for array 'W_local_387'. Use bind_storage pragma to override this type.
INFO: [HLS 200-1457] Automatically inferring inferring RAM_1WNR storage type for array 'W_local_482'. Use bind_storage pragma to override this type.
INFO: [HLS 200-1457] Automatically inferring inferring RAM_1WNR storage type for array 'W_local_450'. Use bind_storage pragma to override this type.
INFO: [HLS 200-1457] Automatically inferring inferring RAM_1WNR storage type for array 'W_local_418'. Use bind_storage pragma to override this type.
INFO: [HLS 200-1457] Automatically inferring inferring RAM_1WNR storage type for array 'W_local_386'. Use bind_storage pragma to override this type.
INFO: [HLS 200-1457] Automatically inferring inferring RAM_1WNR storage type for array 'W_local_481'. Use bind_storage pragma to override this type.
INFO: [HLS 200-1457] Automatically inferring inferring RAM_1WNR storage type for array 'W_local_449'. Use bind_storage pragma to override this type.
INFO: [HLS 200-1457] Automatically inferring inferring RAM_1WNR storage type for array 'W_local_417'. Use bind_storage pragma to override this type.
INFO: [HLS 200-1457] Automatically inferring inferring RAM_1WNR storage type for array 'W_local_385'. Use bind_storage pragma to override this type.
INFO: [HLS 200-1457] Automatically inferring inferring RAM_1WNR storage type for array 'W_local_480'. Use bind_storage pragma to override this type.
INFO: [HLS 200-1457] Automatically inferring inferring RAM_1WNR storage type for array 'W_local_448'. Use bind_storage pragma to override this type.
INFO: [HLS 200-1457] Automatically inferring inferring RAM_1WNR storage type for array 'W_local_416'. Use bind_storage pragma to override this type.
INFO: [HLS 200-1457] Automatically inferring inferring RAM_1WNR storage type for array 'W_local_384'. Use bind_storage pragma to override this type.
INFO: [HLS 200-1457] Automatically inferring inferring RAM_1WNR storage type for array 'W_local_479'. Use bind_storage pragma to override this type.
INFO: [HLS 200-1457] Automatically inferring inferring RAM_1WNR storage type for array 'W_local_447'. Use bind_storage pragma to override this type.
INFO: [HLS 200-1457] Automatically inferring inferring RAM_1WNR storage type for array 'W_local_415'. Use bind_storage pragma to override this type.
INFO: [HLS 200-1457] Automatically inferring inferring RAM_1WNR storage type for array 'W_local_383'. Use bind_storage pragma to override this type.
INFO: [HLS 200-1457] Automatically inferring inferring RAM_1WNR storage type for array 'W_local_478'. Use bind_storage pragma to override this type.
INFO: [HLS 200-1457] Automatically inferring inferring RAM_1WNR storage type for array 'W_local_446'. Use bind_storage pragma to override this type.
INFO: [HLS 200-1457] Automatically inferring inferring RAM_1WNR storage type for array 'W_local_414'. Use bind_storage pragma to override this type.
INFO: [HLS 200-1457] Automatically inferring inferring RAM_1WNR storage type for array 'W_local_382'. Use bind_storage pragma to override this type.
INFO: [HLS 200-1457] Automatically inferring inferring RAM_1WNR storage type for array 'W_local_477'. Use bind_storage pragma to override this type.
INFO: [HLS 200-1457] Automatically inferring inferring RAM_1WNR storage type for array 'W_local_445'. Use bind_storage pragma to override this type.
INFO: [HLS 200-1457] Automatically inferring inferring RAM_1WNR storage type for array 'W_local_413'. Use bind_storage pragma to override this type.
INFO: [HLS 200-1457] Automatically inferring inferring RAM_1WNR storage type for array 'W_local'. Use bind_storage pragma to override this type.
INFO: [SCHED 204-61] Pipelining loop 'VITIS_LOOP_164_12'.
WARNING: [HLS 200-880] The II Violation in module 'conv_bn_act_pool_Pipeline_VITIS_LOOP_164_12' (loop 'VITIS_LOOP_164_12'): Unable to enforce a carried dependence constraint (II = 1, distance = 1, offset = 0) between 'store' operation 0 bit ('add183196_write_ln173', ../main_5_slices.cpp:173) of variable 'conv_out', ../main_5_slices.cpp:173 on local variable 'add183196' and 'load' operation 16 bit ('add183196_load', ../main_5_slices.cpp:173) on local variable 'add183196'.
Resolution: For help on HLS 200-880 see docs.xilinx.com/access/sources/dita/topic?Doc_Version=2024.2%20English&url=ug1448-hls-guidance&resourceid=200-880.html
WARNING: [HLS 200-880] The II Violation in module 'conv_bn_act_pool_Pipeline_VITIS_LOOP_164_12' (loop 'VITIS_LOOP_164_12'): Unable to enforce a carried dependence constraint (II = 2, distance = 1, offset = 0) between 'store' operation 0 bit ('add183196_write_ln173', ../main_5_slices.cpp:173) of variable 'conv_out', ../main_5_slices.cpp:173 on local variable 'add183196' and 'load' operation 16 bit ('add183196_load', ../main_5_slices.cpp:173) on local variable 'add183196'.
Resolution: For help on HLS 200-880 see docs.xilinx.com/access/sources/dita/topic?Doc_Version=2024.2%20English&url=ug1448-hls-guidance&resourceid=200-880.html
INFO: [HLS 200-1470] Pipelining result : Target II = 1, Final II = 3, Depth = 171, loop 'VITIS_LOOP_164_12'
INFO: [SCHED 204-11] Finished scheduling.
INFO: [HLS 200-111] Finished Scheduling: CPU user time: 11.35 seconds. CPU system time: 0.09 seconds. Elapsed time: 11.55 seconds; current allocated memory: 1.034 GB.
INFO: [BIND 205-100] Starting micro-architecture generation ...
INFO: [BIND 205-101] Performing variable lifetime analysis.
INFO: [BIND 205-101] Exploring resource sharing.
INFO: [BIND 205-101] Binding ...
INFO: [BIND 205-100] Finished micro-architecture generation.
INFO: [HLS 200-111] Finished Binding: CPU user time: 2.53 seconds. CPU system time: 0.03 seconds. Elapsed time: 2.57 seconds; current allocated memory: 1.046 GB.
INFO: [HLS 200-10] ----------------------------------------------------------------
INFO: [HLS 200-42] -- Implementing module 'conv_bn_act_pool_Pipeline_VITIS_LOOP_188_16' 
INFO: [HLS 200-10] ----------------------------------------------------------------
INFO: [SCHED 204-11] Starting scheduling ...
INFO: [SCHED 204-61] Pipelining loop 'VITIS_LOOP_188_16'.
INFO: [HLS 200-1470] Pipelining result : Target II = NA, Final II = 1, Depth = 9, loop 'VITIS_LOOP_188_16'
INFO: [SCHED 204-11] Finished scheduling.
INFO: [HLS 200-111] Finished Scheduling: CPU user time: 0.7 seconds. CPU system time: 0.03 seconds. Elapsed time: 0.73 seconds; current allocated memory: 1.049 GB.
INFO: [BIND 205-100] Starting micro-architecture generation ...
INFO: [BIND 205-101] Performing variable lifetime analysis.
INFO: [BIND 205-101] Exploring resource sharing.
INFO: [BIND 205-101] Binding ...
INFO: [BIND 205-100] Finished micro-architecture generation.
INFO: [HLS 200-111] Finished Binding: CPU user time: 0.04 seconds. CPU system time: 0 seconds. Elapsed time: 0.05 seconds; current allocated memory: 1.049 GB.
INFO: [HLS 200-10] ----------------------------------------------------------------
INFO: [HLS 200-42] -- Implementing module 'conv_bn_act_pool' 
INFO: [HLS 200-10] ----------------------------------------------------------------
INFO: [SCHED 204-11] Starting scheduling ...
INFO: [SCHED 204-11] Finished scheduling.
INFO: [HLS 200-111] Finished Scheduling: CPU user time: 0.44 seconds. CPU system time: 0.02 seconds. Elapsed time: 0.47 seconds; current allocated memory: 1.056 GB.
INFO: [BIND 205-100] Starting micro-architecture generation ...
INFO: [BIND 205-101] Performing variable lifetime analysis.
INFO: [BIND 205-101] Exploring resource sharing.
INFO: [BIND 205-101] Binding ...
INFO: [BIND 205-100] Finished micro-architecture generation.
INFO: [HLS 200-111] Finished Binding: CPU user time: 0.18 seconds. CPU system time: 0.01 seconds. Elapsed time: 0.18 seconds; current allocated memory: 1.056 GB.
INFO: [HLS 200-10] ----------------------------------------------------------------
INFO: [HLS 200-42] -- Implementing module 'run_all_slices_unrolled_Pipeline_Loop_BN2' 
INFO: [HLS 200-10] ----------------------------------------------------------------
INFO: [SCHED 204-11] Starting scheduling ...
INFO: [SCHED 204-61] Pipelining loop 'Loop_BN'.
INFO: [HLS 200-1470] Pipelining result : Target II = NA, Final II = 1, Depth = 39, loop 'Loop_BN'
INFO: [SCHED 204-11] Finished scheduling.
INFO: [HLS 200-111] Finished Scheduling: CPU user time: 0.23 seconds. CPU system time: 0.01 seconds. Elapsed time: 0.25 seconds; current allocated memory: 1.057 GB.
INFO: [BIND 205-100] Starting micro-architecture generation ...
INFO: [BIND 205-101] Performing variable lifetime analysis.
INFO: [BIND 205-101] Exploring resource sharing.
INFO: [BIND 205-101] Binding ...
INFO: [BIND 205-100] Finished micro-architecture generation.
INFO: [HLS 200-111] Finished Binding: CPU user time: 0.03 seconds. CPU system time: 0.01 seconds. Elapsed time: 0.03 seconds; current allocated memory: 1.057 GB.
INFO: [HLS 200-10] ----------------------------------------------------------------
INFO: [HLS 200-42] -- Implementing module 'run_all_slices_unrolled_Pipeline_MergedLoop1' 
INFO: [HLS 200-10] ----------------------------------------------------------------
INFO: [SCHED 204-11] Starting scheduling ...
INFO: [SCHED 204-61] Pipelining loop 'MergedLoop1'.
INFO: [HLS 200-1470] Pipelining result : Target II = NA, Final II = 1, Depth = 8, loop 'MergedLoop1'
INFO: [SCHED 204-11] Finished scheduling.
INFO: [HLS 200-111] Finished Scheduling: CPU user time: 0.06 seconds. CPU system time: 0 seconds. Elapsed time: 0.07 seconds; current allocated memory: 1.057 GB.
INFO: [BIND 205-100] Starting micro-architecture generation ...
INFO: [BIND 205-101] Performing variable lifetime analysis.
INFO: [BIND 205-101] Exploring resource sharing.
INFO: [BIND 205-101] Binding ...
INFO: [BIND 205-100] Finished micro-architecture generation.
INFO: [HLS 200-111] Finished Binding: CPU user time: 0.06 seconds. CPU system time: 0.01 seconds. Elapsed time: 0.07 seconds; current allocated memory: 1.057 GB.
INFO: [HLS 200-10] ----------------------------------------------------------------
INFO: [HLS 200-42] -- Implementing module 'conv_bn_act_pool_2_Pipeline_BNParamsLoop' 
INFO: [HLS 200-10] ----------------------------------------------------------------
INFO: [SCHED 204-11] Starting scheduling ...
INFO: [SCHED 204-61] Pipelining loop 'BNParamsLoop'.
INFO: [HLS 200-1470] Pipelining result : Target II = 1, Final II = 1, Depth = 35, loop 'BNParamsLoop'
INFO: [SCHED 204-11] Finished scheduling.
INFO: [HLS 200-111] Finished Scheduling: CPU user time: 0.22 seconds. CPU system time: 0.02 seconds. Elapsed time: 0.25 seconds; current allocated memory: 1.059 GB.
INFO: [BIND 205-100] Starting micro-architecture generation ...
INFO: [BIND 205-101] Performing variable lifetime analysis.
INFO: [BIND 205-101] Exploring resource sharing.
INFO: [BIND 205-101] Binding ...
INFO: [BIND 205-100] Finished micro-architecture generation.
INFO: [HLS 200-111] Finished Binding: CPU user time: 0.1 seconds. CPU system time: 0.01 seconds. Elapsed time: 0.12 seconds; current allocated memory: 1.059 GB.
INFO: [HLS 200-10] ----------------------------------------------------------------
INFO: [HLS 200-42] -- Implementing module 'conv_bn_act_pool_2_Pipeline_VITIS_LOOP_106_1_VITIS_LOOP_107_2' 
INFO: [HLS 200-10] ----------------------------------------------------------------
INFO: [SCHED 204-11] Starting scheduling ...
INFO: [HLS 200-1457] Automatically inferring inferring RAM_1WNR storage type for array 'W_local_381'. Use bind_storage pragma to override this type.
INFO: [HLS 200-1457] Automatically inferring inferring RAM_1WNR storage type for array 'W_local_380'. Use bind_storage pragma to override this type.
INFO: [HLS 200-1457] Automatically inferring inferring RAM_1WNR storage type for array 'W_local_379'. Use bind_storage pragma to override this type.
INFO: [HLS 200-1457] Automatically inferring inferring RAM_1WNR storage type for array 'W_local_378'. Use bind_storage pragma to override this type.
INFO: [HLS 200-1457] Automatically inferring inferring RAM_1WNR storage type for array 'W_local_377'. Use bind_storage pragma to override this type.
INFO: [HLS 200-1457] Automatically inferring inferring RAM_1WNR storage type for array 'W_local_376'. Use bind_storage pragma to override this type.
INFO: [HLS 200-1457] Automatically inferring inferring RAM_1WNR storage type for array 'W_local_375'. Use bind_storage pragma to override this type.
INFO: [HLS 200-1457] Automatically inferring inferring RAM_1WNR storage type for array 'W_local_374'. Use bind_storage pragma to override this type.
INFO: [HLS 200-1457] Automatically inferring inferring RAM_1WNR storage type for array 'W_local_373'. Use bind_storage pragma to override this type.
INFO: [HLS 200-1457] Automatically inferring inferring RAM_1WNR storage type for array 'W_local_372'. Use bind_storage pragma to override this type.
INFO: [HLS 200-1457] Automatically inferring inferring RAM_1WNR storage type for array 'W_local_371'. Use bind_storage pragma to override this type.
INFO: [HLS 200-1457] Automatically inferring inferring RAM_1WNR storage type for array 'W_local_370'. Use bind_storage pragma to override this type.
INFO: [HLS 200-1457] Automatically inferring inferring RAM_1WNR storage type for array 'W_local_369'. Use bind_storage pragma to override this type.
INFO: [HLS 200-1457] Automatically inferring inferring RAM_1WNR storage type for array 'W_local_368'. Use bind_storage pragma to override this type.
INFO: [HLS 200-1457] Automatically inferring inferring RAM_1WNR storage type for array 'W_local_367'. Use bind_storage pragma to override this type.
INFO: [HLS 200-1457] Automatically inferring inferring RAM_1WNR storage type for array 'W_local_366'. Use bind_storage pragma to override this type.
INFO: [HLS 200-1457] Automatically inferring inferring RAM_1WNR storage type for array 'W_local_365'. Use bind_storage pragma to override this type.
INFO: [HLS 200-1457] Automatically inferring inferring RAM_1WNR storage type for array 'W_local_364'. Use bind_storage pragma to override this type.
INFO: [HLS 200-1457] Automatically inferring inferring RAM_1WNR storage type for array 'W_local_363'. Use bind_storage pragma to override this type.
INFO: [HLS 200-1457] Automatically inferring inferring RAM_1WNR storage type for array 'W_local_362'. Use bind_storage pragma to override this type.
INFO: [HLS 200-1457] Automatically inferring inferring RAM_1WNR storage type for array 'W_local_361'. Use bind_storage pragma to override this type.
INFO: [HLS 200-1457] Automatically inferring inferring RAM_1WNR storage type for array 'W_local_360'. Use bind_storage pragma to override this type.
INFO: [HLS 200-1457] Automatically inferring inferring RAM_1WNR storage type for array 'W_local_359'. Use bind_storage pragma to override this type.
INFO: [HLS 200-1457] Automatically inferring inferring RAM_1WNR storage type for array 'W_local_358'. Use bind_storage pragma to override this type.
INFO: [HLS 200-1457] Automatically inferring inferring RAM_1WNR storage type for array 'W_local_357'. Use bind_storage pragma to override this type.
INFO: [HLS 200-1457] Automatically inferring inferring RAM_1WNR storage type for array 'W_local_356'. Use bind_storage pragma to override this type.
INFO: [HLS 200-1457] Automatically inferring inferring RAM_1WNR storage type for array 'W_local_355'. Use bind_storage pragma to override this type.
INFO: [HLS 200-1457] Automatically inferring inferring RAM_1WNR storage type for array 'W_local_354'. Use bind_storage pragma to override this type.
INFO: [HLS 200-1457] Automatically inferring inferring RAM_1WNR storage type for array 'W_local_353'. Use bind_storage pragma to override this type.
INFO: [HLS 200-1457] Automatically inferring inferring RAM_1WNR storage type for array 'W_local_352'. Use bind_storage pragma to override this type.
INFO: [HLS 200-1457] Automatically inferring inferring RAM_1WNR storage type for array 'W_local_351'. Use bind_storage pragma to override this type.
INFO: [HLS 200-1457] Automatically inferring inferring RAM_1WNR storage type for array 'W_local_350'. Use bind_storage pragma to override this type.
INFO: [HLS 200-1457] Automatically inferring inferring RAM_1WNR storage type for array 'W_local_285'. Use bind_storage pragma to override this type.
INFO: [HLS 200-1457] Automatically inferring inferring RAM_1WNR storage type for array 'W_local_284'. Use bind_storage pragma to override this type.
INFO: [HLS 200-1457] Automatically inferring inferring RAM_1WNR storage type for array 'W_local_283'. Use bind_storage pragma to override this type.
INFO: [HLS 200-1457] Automatically inferring inferring RAM_1WNR storage type for array 'W_local_282'. Use bind_storage pragma to override this type.
INFO: [HLS 200-1457] Automatically inferring inferring RAM_1WNR storage type for array 'W_local_281'. Use bind_storage pragma to override this type.
INFO: [HLS 200-1457] Automatically inferring inferring RAM_1WNR storage type for array 'W_local_280'. Use bind_storage pragma to override this type.
INFO: [HLS 200-1457] Automatically inferring inferring RAM_1WNR storage type for array 'W_local_279'. Use bind_storage pragma to override this type.
INFO: [HLS 200-1457] Automatically inferring inferring RAM_1WNR storage type for array 'W_local_278'. Use bind_storage pragma to override this type.
INFO: [HLS 200-1457] Automatically inferring inferring RAM_1WNR storage type for array 'W_local_277'. Use bind_storage pragma to override this type.
INFO: [HLS 200-1457] Automatically inferring inferring RAM_1WNR storage type for array 'W_local_276'. Use bind_storage pragma to override this type.
INFO: [HLS 200-1457] Automatically inferring inferring RAM_1WNR storage type for array 'W_local_275'. Use bind_storage pragma to override this type.
INFO: [HLS 200-1457] Automatically inferring inferring RAM_1WNR storage type for array 'W_local_274'. Use bind_storage pragma to override this type.
INFO: [HLS 200-1457] Automatically inferring inferring RAM_1WNR storage type for array 'W_local_273'. Use bind_storage pragma to override this type.
INFO: [HLS 200-1457] Automatically inferring inferring RAM_1WNR storage type for array 'W_local_272'. Use bind_storage pragma to override this type.
INFO: [HLS 200-1457] Automatically inferring inferring RAM_1WNR storage type for array 'W_local_271'. Use bind_storage pragma to override this type.
INFO: [HLS 200-1457] Automatically inferring inferring RAM_1WNR storage type for array 'W_local_270'. Use bind_storage pragma to override this type.
INFO: [HLS 200-1457] Automatically inferring inferring RAM_1WNR storage type for array 'W_local_269'. Use bind_storage pragma to override this type.
INFO: [HLS 200-1457] Automatically inferring inferring RAM_1WNR storage type for array 'W_local_268'. Use bind_storage pragma to override this type.
INFO: [HLS 200-1457] Automatically inferring inferring RAM_1WNR storage type for array 'W_local_267'. Use bind_storage pragma to override this type.
INFO: [HLS 200-1457] Automatically inferring inferring RAM_1WNR storage type for array 'W_local_266'. Use bind_storage pragma to override this type.
INFO: [HLS 200-1457] Automatically inferring inferring RAM_1WNR storage type for array 'W_local_265'. Use bind_storage pragma to override this type.
INFO: [HLS 200-1457] Automatically inferring inferring RAM_1WNR storage type for array 'W_local_264'. Use bind_storage pragma to override this type.
INFO: [HLS 200-1457] Automatically inferring inferring RAM_1WNR storage type for array 'W_local_263'. Use bind_storage pragma to override this type.
INFO: [HLS 200-1457] Automatically inferring inferring RAM_1WNR storage type for array 'W_local_262'. Use bind_storage pragma to override this type.
INFO: [HLS 200-1457] Automatically inferring inferring RAM_1WNR storage type for array 'W_local_261'. Use bind_storage pragma to override this type.
INFO: [HLS 200-1457] Automatically inferring inferring RAM_1WNR storage type for array 'W_local_260'. Use bind_storage pragma to override this type.
INFO: [HLS 200-1457] Automatically inferring inferring RAM_1WNR storage type for array 'W_local_259'. Use bind_storage pragma to override this type.
INFO: [HLS 200-1457] Automatically inferring inferring RAM_1WNR storage type for array 'W_local_258'. Use bind_storage pragma to override this type.
INFO: [HLS 200-1457] Automatically inferring inferring RAM_1WNR storage type for array 'W_local_257'. Use bind_storage pragma to override this type.
INFO: [HLS 200-1457] Automatically inferring inferring RAM_1WNR storage type for array 'W_local_256'. Use bind_storage pragma to override this type.
INFO: [HLS 200-1457] Automatically inferring inferring RAM_1WNR storage type for array 'W_local_255'. Use bind_storage pragma to override this type.
INFO: [HLS 200-1457] Automatically inferring inferring RAM_1WNR storage type for array 'W_local'. Use bind_storage pragma to override this type.
INFO: [HLS 200-1457] Automatically inferring inferring RAM_1WNR storage type for array 'W_local_317'. Use bind_storage pragma to override this type.
INFO: [HLS 200-1457] Automatically inferring inferring RAM_1WNR storage type for array 'W_local_316'. Use bind_storage pragma to override this type.
INFO: [HLS 200-1457] Automatically inferring inferring RAM_1WNR storage type for array 'W_local_315'. Use bind_storage pragma to override this type.
INFO: [HLS 200-1457] Automatically inferring inferring RAM_1WNR storage type for array 'W_local_314'. Use bind_storage pragma to override this type.
INFO: [HLS 200-1457] Automatically inferring inferring RAM_1WNR storage type for array 'W_local_313'. Use bind_storage pragma to override this type.
INFO: [HLS 200-1457] Automatically inferring inferring RAM_1WNR storage type for array 'W_local_312'. Use bind_storage pragma to override this type.
INFO: [HLS 200-1457] Automatically inferring inferring RAM_1WNR storage type for array 'W_local_311'. Use bind_storage pragma to override this type.
INFO: [HLS 200-1457] Automatically inferring inferring RAM_1WNR storage type for array 'W_local_310'. Use bind_storage pragma to override this type.
INFO: [HLS 200-1457] Automatically inferring inferring RAM_1WNR storage type for array 'W_local_309'. Use bind_storage pragma to override this type.
INFO: [HLS 200-1457] Automatically inferring inferring RAM_1WNR storage type for array 'W_local_308'. Use bind_storage pragma to override this type.
INFO: [HLS 200-1457] Automatically inferring inferring RAM_1WNR storage type for array 'W_local_307'. Use bind_storage pragma to override this type.
INFO: [HLS 200-1457] Automatically inferring inferring RAM_1WNR storage type for array 'W_local_306'. Use bind_storage pragma to override this type.
INFO: [HLS 200-1457] Automatically inferring inferring RAM_1WNR storage type for array 'W_local_305'. Use bind_storage pragma to override this type.
INFO: [HLS 200-1457] Automatically inferring inferring RAM_1WNR storage type for array 'W_local_304'. Use bind_storage pragma to override this type.
INFO: [HLS 200-1457] Automatically inferring inferring RAM_1WNR storage type for array 'W_local_303'. Use bind_storage pragma to override this type.
INFO: [HLS 200-1457] Automatically inferring inferring RAM_1WNR storage type for array 'W_local_302'. Use bind_storage pragma to override this type.
INFO: [HLS 200-1457] Automatically inferring inferring RAM_1WNR storage type for array 'W_local_301'. Use bind_storage pragma to override this type.
INFO: [HLS 200-1457] Automatically inferring inferring RAM_1WNR storage type for array 'W_local_300'. Use bind_storage pragma to override this type.
INFO: [HLS 200-1457] Automatically inferring inferring RAM_1WNR storage type for array 'W_local_299'. Use bind_storage pragma to override this type.
INFO: [HLS 200-1457] Automatically inferring inferring RAM_1WNR storage type for array 'W_local_298'. Use bind_storage pragma to override this type.
INFO: [HLS 200-1457] Automatically inferring inferring RAM_1WNR storage type for array 'W_local_297'. Use bind_storage pragma to override this type.
INFO: [HLS 200-1457] Automatically inferring inferring RAM_1WNR storage type for array 'W_local_296'. Use bind_storage pragma to override this type.
INFO: [HLS 200-1457] Automatically inferring inferring RAM_1WNR storage type for array 'W_local_295'. Use bind_storage pragma to override this type.
INFO: [HLS 200-1457] Automatically inferring inferring RAM_1WNR storage type for array 'W_local_294'. Use bind_storage pragma to override this type.
INFO: [HLS 200-1457] Automatically inferring inferring RAM_1WNR storage type for array 'W_local_293'. Use bind_storage pragma to override this type.
INFO: [HLS 200-1457] Automatically inferring inferring RAM_1WNR storage type for array 'W_local_292'. Use bind_storage pragma to override this type.
INFO: [HLS 200-1457] Automatically inferring inferring RAM_1WNR storage type for array 'W_local_291'. Use bind_storage pragma to override this type.
INFO: [HLS 200-1457] Automatically inferring inferring RAM_1WNR storage type for array 'W_local_290'. Use bind_storage pragma to override this type.
INFO: [HLS 200-1457] Automatically inferring inferring RAM_1WNR storage type for array 'W_local_289'. Use bind_storage pragma to override this type.
INFO: [HLS 200-1457] Automatically inferring inferring RAM_1WNR storage type for array 'W_local_288'. Use bind_storage pragma to override this type.
INFO: [HLS 200-1457] Automatically inferring inferring RAM_1WNR storage type for array 'W_local_287'. Use bind_storage pragma to override this type.
INFO: [HLS 200-1457] Automatically inferring inferring RAM_1WNR storage type for array 'W_local_286'. Use bind_storage pragma to override this type.
INFO: [HLS 200-1457] Automatically inferring inferring RAM_1WNR storage type for array 'W_local_349'. Use bind_storage pragma to override this type.
INFO: [HLS 200-1457] Automatically inferring inferring RAM_1WNR storage type for array 'W_local_348'. Use bind_storage pragma to override this type.
INFO: [HLS 200-1457] Automatically inferring inferring RAM_1WNR storage type for array 'W_local_347'. Use bind_storage pragma to override this type.
INFO: [HLS 200-1457] Automatically inferring inferring RAM_1WNR storage type for array 'W_local_346'. Use bind_storage pragma to override this type.
INFO: [HLS 200-1457] Automatically inferring inferring RAM_1WNR storage type for array 'W_local_345'. Use bind_storage pragma to override this type.
INFO: [HLS 200-1457] Automatically inferring inferring RAM_1WNR storage type for array 'W_local_344'. Use bind_storage pragma to override this type.
INFO: [HLS 200-1457] Automatically inferring inferring RAM_1WNR storage type for array 'W_local_343'. Use bind_storage pragma to override this type.
INFO: [HLS 200-1457] Automatically inferring inferring RAM_1WNR storage type for array 'W_local_342'. Use bind_storage pragma to override this type.
INFO: [HLS 200-1457] Automatically inferring inferring RAM_1WNR storage type for array 'W_local_341'. Use bind_storage pragma to override this type.
INFO: [HLS 200-1457] Automatically inferring inferring RAM_1WNR storage type for array 'W_local_340'. Use bind_storage pragma to override this type.
INFO: [HLS 200-1457] Automatically inferring inferring RAM_1WNR storage type for array 'W_local_339'. Use bind_storage pragma to override this type.
INFO: [HLS 200-1457] Automatically inferring inferring RAM_1WNR storage type for array 'W_local_338'. Use bind_storage pragma to override this type.
INFO: [HLS 200-1457] Automatically inferring inferring RAM_1WNR storage type for array 'W_local_337'. Use bind_storage pragma to override this type.
INFO: [HLS 200-1457] Automatically inferring inferring RAM_1WNR storage type for array 'W_local_336'. Use bind_storage pragma to override this type.
INFO: [HLS 200-1457] Automatically inferring inferring RAM_1WNR storage type for array 'W_local_335'. Use bind_storage pragma to override this type.
INFO: [HLS 200-1457] Automatically inferring inferring RAM_1WNR storage type for array 'W_local_334'. Use bind_storage pragma to override this type.
INFO: [HLS 200-1457] Automatically inferring inferring RAM_1WNR storage type for array 'W_local_333'. Use bind_storage pragma to override this type.
INFO: [HLS 200-1457] Automatically inferring inferring RAM_1WNR storage type for array 'W_local_332'. Use bind_storage pragma to override this type.
INFO: [HLS 200-1457] Automatically inferring inferring RAM_1WNR storage type for array 'W_local_331'. Use bind_storage pragma to override this type.
INFO: [HLS 200-1457] Automatically inferring inferring RAM_1WNR storage type for array 'W_local_330'. Use bind_storage pragma to override this type.
INFO: [HLS 200-1457] Automatically inferring inferring RAM_1WNR storage type for array 'W_local_329'. Use bind_storage pragma to override this type.
INFO: [HLS 200-1457] Automatically inferring inferring RAM_1WNR storage type for array 'W_local_328'. Use bind_storage pragma to override this type.
INFO: [HLS 200-1457] Automatically inferring inferring RAM_1WNR storage type for array 'W_local_327'. Use bind_storage pragma to override this type.
INFO: [HLS 200-1457] Automatically inferring inferring RAM_1WNR storage type for array 'W_local_326'. Use bind_storage pragma to override this type.
INFO: [HLS 200-1457] Automatically inferring inferring RAM_1WNR storage type for array 'W_local_325'. Use bind_storage pragma to override this type.
INFO: [HLS 200-1457] Automatically inferring inferring RAM_1WNR storage type for array 'W_local_324'. Use bind_storage pragma to override this type.
INFO: [HLS 200-1457] Automatically inferring inferring RAM_1WNR storage type for array 'W_local_323'. Use bind_storage pragma to override this type.
INFO: [HLS 200-1457] Automatically inferring inferring RAM_1WNR storage type for array 'W_local_322'. Use bind_storage pragma to override this type.
INFO: [HLS 200-1457] Automatically inferring inferring RAM_1WNR storage type for array 'W_local_321'. Use bind_storage pragma to override this type.
INFO: [HLS 200-1457] Automatically inferring inferring RAM_1WNR storage type for array 'W_local_320'. Use bind_storage pragma to override this type.
INFO: [HLS 200-1457] Automatically inferring inferring RAM_1WNR storage type for array 'W_local_319'. Use bind_storage pragma to override this type.
INFO: [HLS 200-1457] Automatically inferring inferring RAM_1WNR storage type for array 'W_local_318'. Use bind_storage pragma to override this type.
INFO: [SCHED 204-61] Pipelining loop 'VITIS_LOOP_106_1_VITIS_LOOP_107_2'.
INFO: [HLS 200-1470] Pipelining result : Target II = NA, Final II = 1, Depth = 4, loop 'VITIS_LOOP_106_1_VITIS_LOOP_107_2'
INFO: [SCHED 204-11] Finished scheduling.
INFO: [HLS 200-111] Finished Scheduling: CPU user time: 1.4 seconds. CPU system time: 0.07 seconds. Elapsed time: 1.47 seconds; current allocated memory: 1.063 GB.
INFO: [BIND 205-100] Starting micro-architecture generation ...
INFO: [BIND 205-101] Performing variable lifetime analysis.
INFO: [BIND 205-101] Exploring resource sharing.
INFO: [BIND 205-101] Binding ...
INFO: [BIND 205-100] Finished micro-architecture generation.
INFO: [HLS 200-111] Finished Binding: CPU user time: 0.1 seconds. CPU system time: 0.01 seconds. Elapsed time: 0.11 seconds; current allocated memory: 1.064 GB.
INFO: [HLS 200-10] ----------------------------------------------------------------
INFO: [HLS 200-42] -- Implementing module 'conv_bn_act_pool_2_Pipeline_VITIS_LOOP_141_8' 
INFO: [HLS 200-10] ----------------------------------------------------------------
INFO: [SCHED 204-11] Starting scheduling ...
INFO: [SCHED 204-61] Pipelining loop 'VITIS_LOOP_141_8'.
INFO: [HLS 200-1470] Pipelining result : Target II = NA, Final II = 1, Depth = 2, loop 'VITIS_LOOP_141_8'
INFO: [SCHED 204-11] Finished scheduling.
INFO: [HLS 200-111] Finished Scheduling: CPU user time: 0.29 seconds. CPU system time: 0 seconds. Elapsed time: 0.3 seconds; current allocated memory: 1.066 GB.
INFO: [BIND 205-100] Starting micro-architecture generation ...
INFO: [BIND 205-101] Performing variable lifetime analysis.
INFO: [BIND 205-101] Exploring resource sharing.
INFO: [BIND 205-101] Binding ...
INFO: [BIND 205-100] Finished micro-architecture generation.
INFO: [HLS 200-111] Finished Binding: CPU user time: 0.07 seconds. CPU system time: 0.01 seconds. Elapsed time: 0.07 seconds; current allocated memory: 1.066 GB.
INFO: [HLS 200-10] ----------------------------------------------------------------
INFO: [HLS 200-42] -- Implementing module 'conv_bn_act_pool_2_Pipeline_VITIS_LOOP_148_10' 
INFO: [HLS 200-10] ----------------------------------------------------------------
INFO: [SCHED 204-11] Starting scheduling ...
INFO: [SCHED 204-61] Pipelining loop 'VITIS_LOOP_148_10'.
INFO: [HLS 200-1470] Pipelining result : Target II = NA, Final II = 1, Depth = 4, loop 'VITIS_LOOP_148_10'
INFO: [SCHED 204-11] Finished scheduling.
INFO: [HLS 200-111] Finished Scheduling: CPU user time: 0.15 seconds. CPU system time: 0.01 seconds. Elapsed time: 0.15 seconds; current allocated memory: 1.068 GB.
INFO: [BIND 205-100] Starting micro-architecture generation ...
INFO: [BIND 205-101] Performing variable lifetime analysis.
INFO: [BIND 205-101] Exploring resource sharing.
INFO: [BIND 205-101] Binding ...
INFO: [BIND 205-100] Finished micro-architecture generation.
INFO: [HLS 200-111] Finished Binding: CPU user time: 0.06 seconds. CPU system time: 0 seconds. Elapsed time: 0.06 seconds; current allocated memory: 1.069 GB.
INFO: [HLS 200-10] ----------------------------------------------------------------
INFO: [HLS 200-42] -- Implementing module 'conv_bn_act_pool_2_Pipeline_VITIS_LOOP_132_6' 
INFO: [HLS 200-10] ----------------------------------------------------------------
INFO: [SCHED 204-11] Starting scheduling ...
INFO: [SCHED 204-61] Pipelining loop 'VITIS_LOOP_132_6'.
INFO: [HLS 200-1470] Pipelining result : Target II = NA, Final II = 1, Depth = 4, loop 'VITIS_LOOP_132_6'
INFO: [SCHED 204-11] Finished scheduling.
INFO: [HLS 200-111] Finished Scheduling: CPU user time: 0.21 seconds. CPU system time: 0.01 seconds. Elapsed time: 0.22 seconds; current allocated memory: 1.070 GB.
INFO: [BIND 205-100] Starting micro-architecture generation ...
INFO: [BIND 205-101] Performing variable lifetime analysis.
INFO: [BIND 205-101] Exploring resource sharing.
INFO: [BIND 205-101] Binding ...
INFO: [BIND 205-100] Finished micro-architecture generation.
INFO: [HLS 200-111] Finished Binding: CPU user time: 0.06 seconds. CPU system time: 0 seconds. Elapsed time: 0.06 seconds; current allocated memory: 1.070 GB.
INFO: [HLS 200-10] ----------------------------------------------------------------
INFO: [HLS 200-42] -- Implementing module 'conv_bn_act_pool_2_Pipeline_VITIS_LOOP_158_11' 
INFO: [HLS 200-10] ----------------------------------------------------------------
INFO: [SCHED 204-11] Starting scheduling ...
INFO: [SCHED 204-61] Pipelining loop 'VITIS_LOOP_158_11'.
INFO: [HLS 200-1470] Pipelining result : Target II = NA, Final II = 1, Depth = 1, loop 'VITIS_LOOP_158_11'
INFO: [SCHED 204-11] Finished scheduling.
INFO: [HLS 200-111] Finished Scheduling: CPU user time: 0.09 seconds. CPU system time: 0.01 seconds. Elapsed time: 0.1 seconds; current allocated memory: 1.071 GB.
INFO: [BIND 205-100] Starting micro-architecture generation ...
INFO: [BIND 205-101] Performing variable lifetime analysis.
INFO: [BIND 205-101] Exploring resource sharing.
INFO: [BIND 205-101] Binding ...
INFO: [BIND 205-100] Finished micro-architecture generation.
INFO: [HLS 200-111] Finished Binding: CPU user time: 0.04 seconds. CPU system time: 0 seconds. Elapsed time: 0.05 seconds; current allocated memory: 1.072 GB.
INFO: [HLS 200-10] ----------------------------------------------------------------
INFO: [HLS 200-42] -- Implementing module 'conv_bn_act_pool_2_Pipeline_VITIS_LOOP_164_12' 
INFO: [HLS 200-10] ----------------------------------------------------------------
INFO: [SCHED 204-11] Starting scheduling ...
INFO: [HLS 200-1457] Automatically inferring inferring RAM_1WNR storage type for array 'W_local_381'. Use bind_storage pragma to override this type.
INFO: [HLS 200-1457] Automatically inferring inferring RAM_1WNR storage type for array 'W_local_349'. Use bind_storage pragma to override this type.
INFO: [HLS 200-1457] Automatically inferring inferring RAM_1WNR storage type for array 'W_local_317'. Use bind_storage pragma to override this type.
INFO: [HLS 200-1457] Automatically inferring inferring RAM_1WNR storage type for array 'W_local_285'. Use bind_storage pragma to override this type.
INFO: [HLS 200-1457] Automatically inferring inferring RAM_1WNR storage type for array 'W_local_380'. Use bind_storage pragma to override this type.
INFO: [HLS 200-1457] Automatically inferring inferring RAM_1WNR storage type for array 'W_local_348'. Use bind_storage pragma to override this type.
INFO: [HLS 200-1457] Automatically inferring inferring RAM_1WNR storage type for array 'W_local_316'. Use bind_storage pragma to override this type.
INFO: [HLS 200-1457] Automatically inferring inferring RAM_1WNR storage type for array 'W_local_284'. Use bind_storage pragma to override this type.
INFO: [HLS 200-1457] Automatically inferring inferring RAM_1WNR storage type for array 'W_local_379'. Use bind_storage pragma to override this type.
INFO: [HLS 200-1457] Automatically inferring inferring RAM_1WNR storage type for array 'W_local_347'. Use bind_storage pragma to override this type.
INFO: [HLS 200-1457] Automatically inferring inferring RAM_1WNR storage type for array 'W_local_315'. Use bind_storage pragma to override this type.
INFO: [HLS 200-1457] Automatically inferring inferring RAM_1WNR storage type for array 'W_local_283'. Use bind_storage pragma to override this type.
INFO: [HLS 200-1457] Automatically inferring inferring RAM_1WNR storage type for array 'W_local_378'. Use bind_storage pragma to override this type.
INFO: [HLS 200-1457] Automatically inferring inferring RAM_1WNR storage type for array 'W_local_346'. Use bind_storage pragma to override this type.
INFO: [HLS 200-1457] Automatically inferring inferring RAM_1WNR storage type for array 'W_local_314'. Use bind_storage pragma to override this type.
INFO: [HLS 200-1457] Automatically inferring inferring RAM_1WNR storage type for array 'W_local_282'. Use bind_storage pragma to override this type.
INFO: [HLS 200-1457] Automatically inferring inferring RAM_1WNR storage type for array 'W_local_377'. Use bind_storage pragma to override this type.
INFO: [HLS 200-1457] Automatically inferring inferring RAM_1WNR storage type for array 'W_local_345'. Use bind_storage pragma to override this type.
INFO: [HLS 200-1457] Automatically inferring inferring RAM_1WNR storage type for array 'W_local_313'. Use bind_storage pragma to override this type.
INFO: [HLS 200-1457] Automatically inferring inferring RAM_1WNR storage type for array 'W_local_281'. Use bind_storage pragma to override this type.
INFO: [HLS 200-1457] Automatically inferring inferring RAM_1WNR storage type for array 'W_local_376'. Use bind_storage pragma to override this type.
INFO: [HLS 200-1457] Automatically inferring inferring RAM_1WNR storage type for array 'W_local_344'. Use bind_storage pragma to override this type.
INFO: [HLS 200-1457] Automatically inferring inferring RAM_1WNR storage type for array 'W_local_312'. Use bind_storage pragma to override this type.
INFO: [HLS 200-1457] Automatically inferring inferring RAM_1WNR storage type for array 'W_local_280'. Use bind_storage pragma to override this type.
INFO: [HLS 200-1457] Automatically inferring inferring RAM_1WNR storage type for array 'W_local_375'. Use bind_storage pragma to override this type.
INFO: [HLS 200-1457] Automatically inferring inferring RAM_1WNR storage type for array 'W_local_343'. Use bind_storage pragma to override this type.
INFO: [HLS 200-1457] Automatically inferring inferring RAM_1WNR storage type for array 'W_local_311'. Use bind_storage pragma to override this type.
INFO: [HLS 200-1457] Automatically inferring inferring RAM_1WNR storage type for array 'W_local_279'. Use bind_storage pragma to override this type.
INFO: [HLS 200-1457] Automatically inferring inferring RAM_1WNR storage type for array 'W_local_374'. Use bind_storage pragma to override this type.
INFO: [HLS 200-1457] Automatically inferring inferring RAM_1WNR storage type for array 'W_local_342'. Use bind_storage pragma to override this type.
INFO: [HLS 200-1457] Automatically inferring inferring RAM_1WNR storage type for array 'W_local_310'. Use bind_storage pragma to override this type.
INFO: [HLS 200-1457] Automatically inferring inferring RAM_1WNR storage type for array 'W_local_278'. Use bind_storage pragma to override this type.
INFO: [HLS 200-1457] Automatically inferring inferring RAM_1WNR storage type for array 'W_local_373'. Use bind_storage pragma to override this type.
INFO: [HLS 200-1457] Automatically inferring inferring RAM_1WNR storage type for array 'W_local_341'. Use bind_storage pragma to override this type.
INFO: [HLS 200-1457] Automatically inferring inferring RAM_1WNR storage type for array 'W_local_309'. Use bind_storage pragma to override this type.
INFO: [HLS 200-1457] Automatically inferring inferring RAM_1WNR storage type for array 'W_local_277'. Use bind_storage pragma to override this type.
INFO: [HLS 200-1457] Automatically inferring inferring RAM_1WNR storage type for array 'W_local_372'. Use bind_storage pragma to override this type.
INFO: [HLS 200-1457] Automatically inferring inferring RAM_1WNR storage type for array 'W_local_340'. Use bind_storage pragma to override this type.
INFO: [HLS 200-1457] Automatically inferring inferring RAM_1WNR storage type for array 'W_local_308'. Use bind_storage pragma to override this type.
INFO: [HLS 200-1457] Automatically inferring inferring RAM_1WNR storage type for array 'W_local_276'. Use bind_storage pragma to override this type.
INFO: [HLS 200-1457] Automatically inferring inferring RAM_1WNR storage type for array 'W_local_371'. Use bind_storage pragma to override this type.
INFO: [HLS 200-1457] Automatically inferring inferring RAM_1WNR storage type for array 'W_local_339'. Use bind_storage pragma to override this type.
INFO: [HLS 200-1457] Automatically inferring inferring RAM_1WNR storage type for array 'W_local_307'. Use bind_storage pragma to override this type.
INFO: [HLS 200-1457] Automatically inferring inferring RAM_1WNR storage type for array 'W_local_275'. Use bind_storage pragma to override this type.
INFO: [HLS 200-1457] Automatically inferring inferring RAM_1WNR storage type for array 'W_local_370'. Use bind_storage pragma to override this type.
INFO: [HLS 200-1457] Automatically inferring inferring RAM_1WNR storage type for array 'W_local_338'. Use bind_storage pragma to override this type.
INFO: [HLS 200-1457] Automatically inferring inferring RAM_1WNR storage type for array 'W_local_306'. Use bind_storage pragma to override this type.
INFO: [HLS 200-1457] Automatically inferring inferring RAM_1WNR storage type for array 'W_local_274'. Use bind_storage pragma to override this type.
INFO: [HLS 200-1457] Automatically inferring inferring RAM_1WNR storage type for array 'W_local_369'. Use bind_storage pragma to override this type.
INFO: [HLS 200-1457] Automatically inferring inferring RAM_1WNR storage type for array 'W_local_337'. Use bind_storage pragma to override this type.
INFO: [HLS 200-1457] Automatically inferring inferring RAM_1WNR storage type for array 'W_local_305'. Use bind_storage pragma to override this type.
INFO: [HLS 200-1457] Automatically inferring inferring RAM_1WNR storage type for array 'W_local_273'. Use bind_storage pragma to override this type.
INFO: [HLS 200-1457] Automatically inferring inferring RAM_1WNR storage type for array 'W_local_368'. Use bind_storage pragma to override this type.
INFO: [HLS 200-1457] Automatically inferring inferring RAM_1WNR storage type for array 'W_local_336'. Use bind_storage pragma to override this type.
INFO: [HLS 200-1457] Automatically inferring inferring RAM_1WNR storage type for array 'W_local_304'. Use bind_storage pragma to override this type.
INFO: [HLS 200-1457] Automatically inferring inferring RAM_1WNR storage type for array 'W_local_272'. Use bind_storage pragma to override this type.
INFO: [HLS 200-1457] Automatically inferring inferring RAM_1WNR storage type for array 'W_local_367'. Use bind_storage pragma to override this type.
INFO: [HLS 200-1457] Automatically inferring inferring RAM_1WNR storage type for array 'W_local_335'. Use bind_storage pragma to override this type.
INFO: [HLS 200-1457] Automatically inferring inferring RAM_1WNR storage type for array 'W_local_303'. Use bind_storage pragma to override this type.
INFO: [HLS 200-1457] Automatically inferring inferring RAM_1WNR storage type for array 'W_local_271'. Use bind_storage pragma to override this type.
INFO: [HLS 200-1457] Automatically inferring inferring RAM_1WNR storage type for array 'W_local_366'. Use bind_storage pragma to override this type.
INFO: [HLS 200-1457] Automatically inferring inferring RAM_1WNR storage type for array 'W_local_334'. Use bind_storage pragma to override this type.
INFO: [HLS 200-1457] Automatically inferring inferring RAM_1WNR storage type for array 'W_local_302'. Use bind_storage pragma to override this type.
INFO: [HLS 200-1457] Automatically inferring inferring RAM_1WNR storage type for array 'W_local_270'. Use bind_storage pragma to override this type.
INFO: [HLS 200-1457] Automatically inferring inferring RAM_1WNR storage type for array 'W_local_365'. Use bind_storage pragma to override this type.
INFO: [HLS 200-1457] Automatically inferring inferring RAM_1WNR storage type for array 'W_local_333'. Use bind_storage pragma to override this type.
INFO: [HLS 200-1457] Automatically inferring inferring RAM_1WNR storage type for array 'W_local_301'. Use bind_storage pragma to override this type.
INFO: [HLS 200-1457] Automatically inferring inferring RAM_1WNR storage type for array 'W_local_269'. Use bind_storage pragma to override this type.
INFO: [HLS 200-1457] Automatically inferring inferring RAM_1WNR storage type for array 'W_local_364'. Use bind_storage pragma to override this type.
INFO: [HLS 200-1457] Automatically inferring inferring RAM_1WNR storage type for array 'W_local_332'. Use bind_storage pragma to override this type.
INFO: [HLS 200-1457] Automatically inferring inferring RAM_1WNR storage type for array 'W_local_300'. Use bind_storage pragma to override this type.
INFO: [HLS 200-1457] Automatically inferring inferring RAM_1WNR storage type for array 'W_local_268'. Use bind_storage pragma to override this type.
INFO: [HLS 200-1457] Automatically inferring inferring RAM_1WNR storage type for array 'W_local_363'. Use bind_storage pragma to override this type.
INFO: [HLS 200-1457] Automatically inferring inferring RAM_1WNR storage type for array 'W_local_331'. Use bind_storage pragma to override this type.
INFO: [HLS 200-1457] Automatically inferring inferring RAM_1WNR storage type for array 'W_local_299'. Use bind_storage pragma to override this type.
INFO: [HLS 200-1457] Automatically inferring inferring RAM_1WNR storage type for array 'W_local_267'. Use bind_storage pragma to override this type.
INFO: [HLS 200-1457] Automatically inferring inferring RAM_1WNR storage type for array 'W_local_362'. Use bind_storage pragma to override this type.
INFO: [HLS 200-1457] Automatically inferring inferring RAM_1WNR storage type for array 'W_local_330'. Use bind_storage pragma to override this type.
INFO: [HLS 200-1457] Automatically inferring inferring RAM_1WNR storage type for array 'W_local_298'. Use bind_storage pragma to override this type.
INFO: [HLS 200-1457] Automatically inferring inferring RAM_1WNR storage type for array 'W_local_266'. Use bind_storage pragma to override this type.
INFO: [HLS 200-1457] Automatically inferring inferring RAM_1WNR storage type for array 'W_local_361'. Use bind_storage pragma to override this type.
INFO: [HLS 200-1457] Automatically inferring inferring RAM_1WNR storage type for array 'W_local_329'. Use bind_storage pragma to override this type.
INFO: [HLS 200-1457] Automatically inferring inferring RAM_1WNR storage type for array 'W_local_297'. Use bind_storage pragma to override this type.
INFO: [HLS 200-1457] Automatically inferring inferring RAM_1WNR storage type for array 'W_local_265'. Use bind_storage pragma to override this type.
INFO: [HLS 200-1457] Automatically inferring inferring RAM_1WNR storage type for array 'W_local_360'. Use bind_storage pragma to override this type.
INFO: [HLS 200-1457] Automatically inferring inferring RAM_1WNR storage type for array 'W_local_328'. Use bind_storage pragma to override this type.
INFO: [HLS 200-1457] Automatically inferring inferring RAM_1WNR storage type for array 'W_local_296'. Use bind_storage pragma to override this type.
INFO: [HLS 200-1457] Automatically inferring inferring RAM_1WNR storage type for array 'W_local_264'. Use bind_storage pragma to override this type.
INFO: [HLS 200-1457] Automatically inferring inferring RAM_1WNR storage type for array 'W_local_359'. Use bind_storage pragma to override this type.
INFO: [HLS 200-1457] Automatically inferring inferring RAM_1WNR storage type for array 'W_local_327'. Use bind_storage pragma to override this type.
INFO: [HLS 200-1457] Automatically inferring inferring RAM_1WNR storage type for array 'W_local_295'. Use bind_storage pragma to override this type.
INFO: [HLS 200-1457] Automatically inferring inferring RAM_1WNR storage type for array 'W_local_263'. Use bind_storage pragma to override this type.
INFO: [HLS 200-1457] Automatically inferring inferring RAM_1WNR storage type for array 'W_local_358'. Use bind_storage pragma to override this type.
INFO: [HLS 200-1457] Automatically inferring inferring RAM_1WNR storage type for array 'W_local_326'. Use bind_storage pragma to override this type.
INFO: [HLS 200-1457] Automatically inferring inferring RAM_1WNR storage type for array 'W_local_294'. Use bind_storage pragma to override this type.
INFO: [HLS 200-1457] Automatically inferring inferring RAM_1WNR storage type for array 'W_local_262'. Use bind_storage pragma to override this type.
INFO: [HLS 200-1457] Automatically inferring inferring RAM_1WNR storage type for array 'W_local_357'. Use bind_storage pragma to override this type.
INFO: [HLS 200-1457] Automatically inferring inferring RAM_1WNR storage type for array 'W_local_325'. Use bind_storage pragma to override this type.
INFO: [HLS 200-1457] Automatically inferring inferring RAM_1WNR storage type for array 'W_local_293'. Use bind_storage pragma to override this type.
INFO: [HLS 200-1457] Automatically inferring inferring RAM_1WNR storage type for array 'W_local_261'. Use bind_storage pragma to override this type.
INFO: [HLS 200-1457] Automatically inferring inferring RAM_1WNR storage type for array 'W_local_356'. Use bind_storage pragma to override this type.
INFO: [HLS 200-1457] Automatically inferring inferring RAM_1WNR storage type for array 'W_local_324'. Use bind_storage pragma to override this type.
INFO: [HLS 200-1457] Automatically inferring inferring RAM_1WNR storage type for array 'W_local_292'. Use bind_storage pragma to override this type.
INFO: [HLS 200-1457] Automatically inferring inferring RAM_1WNR storage type for array 'W_local_260'. Use bind_storage pragma to override this type.
INFO: [HLS 200-1457] Automatically inferring inferring RAM_1WNR storage type for array 'W_local_355'. Use bind_storage pragma to override this type.
INFO: [HLS 200-1457] Automatically inferring inferring RAM_1WNR storage type for array 'W_local_323'. Use bind_storage pragma to override this type.
INFO: [HLS 200-1457] Automatically inferring inferring RAM_1WNR storage type for array 'W_local_291'. Use bind_storage pragma to override this type.
INFO: [HLS 200-1457] Automatically inferring inferring RAM_1WNR storage type for array 'W_local_259'. Use bind_storage pragma to override this type.
INFO: [HLS 200-1457] Automatically inferring inferring RAM_1WNR storage type for array 'W_local_354'. Use bind_storage pragma to override this type.
INFO: [HLS 200-1457] Automatically inferring inferring RAM_1WNR storage type for array 'W_local_322'. Use bind_storage pragma to override this type.
INFO: [HLS 200-1457] Automatically inferring inferring RAM_1WNR storage type for array 'W_local_290'. Use bind_storage pragma to override this type.
INFO: [HLS 200-1457] Automatically inferring inferring RAM_1WNR storage type for array 'W_local_258'. Use bind_storage pragma to override this type.
INFO: [HLS 200-1457] Automatically inferring inferring RAM_1WNR storage type for array 'W_local_353'. Use bind_storage pragma to override this type.
INFO: [HLS 200-1457] Automatically inferring inferring RAM_1WNR storage type for array 'W_local_321'. Use bind_storage pragma to override this type.
INFO: [HLS 200-1457] Automatically inferring inferring RAM_1WNR storage type for array 'W_local_289'. Use bind_storage pragma to override this type.
INFO: [HLS 200-1457] Automatically inferring inferring RAM_1WNR storage type for array 'W_local_257'. Use bind_storage pragma to override this type.
INFO: [HLS 200-1457] Automatically inferring inferring RAM_1WNR storage type for array 'W_local_352'. Use bind_storage pragma to override this type.
INFO: [HLS 200-1457] Automatically inferring inferring RAM_1WNR storage type for array 'W_local_320'. Use bind_storage pragma to override this type.
INFO: [HLS 200-1457] Automatically inferring inferring RAM_1WNR storage type for array 'W_local_288'. Use bind_storage pragma to override this type.
INFO: [HLS 200-1457] Automatically inferring inferring RAM_1WNR storage type for array 'W_local_256'. Use bind_storage pragma to override this type.
INFO: [HLS 200-1457] Automatically inferring inferring RAM_1WNR storage type for array 'W_local_351'. Use bind_storage pragma to override this type.
INFO: [HLS 200-1457] Automatically inferring inferring RAM_1WNR storage type for array 'W_local_319'. Use bind_storage pragma to override this type.
INFO: [HLS 200-1457] Automatically inferring inferring RAM_1WNR storage type for array 'W_local_287'. Use bind_storage pragma to override this type.
INFO: [HLS 200-1457] Automatically inferring inferring RAM_1WNR storage type for array 'W_local_255'. Use bind_storage pragma to override this type.
INFO: [HLS 200-1457] Automatically inferring inferring RAM_1WNR storage type for array 'W_local_350'. Use bind_storage pragma to override this type.
INFO: [HLS 200-1457] Automatically inferring inferring RAM_1WNR storage type for array 'W_local_318'. Use bind_storage pragma to override this type.
INFO: [HLS 200-1457] Automatically inferring inferring RAM_1WNR storage type for array 'W_local_286'. Use bind_storage pragma to override this type.
INFO: [HLS 200-1457] Automatically inferring inferring RAM_1WNR storage type for array 'W_local'. Use bind_storage pragma to override this type.
INFO: [SCHED 204-61] Pipelining loop 'VITIS_LOOP_164_12'.
WARNING: [HLS 200-880] The II Violation in module 'conv_bn_act_pool_2_Pipeline_VITIS_LOOP_164_12' (loop 'VITIS_LOOP_164_12'): Unable to enforce a carried dependence constraint (II = 1, distance = 1, offset = 0) between 'store' operation 0 bit ('add183196_write_ln173', ../main_5_slices.cpp:173) of variable 'conv_out', ../main_5_slices.cpp:173 on local variable 'add183196' and 'load' operation 16 bit ('add183196_load', ../main_5_slices.cpp:173) on local variable 'add183196'.
Resolution: For help on HLS 200-880 see docs.xilinx.com/access/sources/dita/topic?Doc_Version=2024.2%20English&url=ug1448-hls-guidance&resourceid=200-880.html
WARNING: [HLS 200-880] The II Violation in module 'conv_bn_act_pool_2_Pipeline_VITIS_LOOP_164_12' (loop 'VITIS_LOOP_164_12'): Unable to enforce a carried dependence constraint (II = 2, distance = 1, offset = 0) between 'store' operation 0 bit ('add183196_write_ln173', ../main_5_slices.cpp:173) of variable 'conv_out', ../main_5_slices.cpp:173 on local variable 'add183196' and 'load' operation 16 bit ('add183196_load', ../main_5_slices.cpp:173) on local variable 'add183196'.
Resolution: For help on HLS 200-880 see docs.xilinx.com/access/sources/dita/topic?Doc_Version=2024.2%20English&url=ug1448-hls-guidance&resourceid=200-880.html
INFO: [HLS 200-1470] Pipelining result : Target II = 1, Final II = 3, Depth = 171, loop 'VITIS_LOOP_164_12'
INFO: [SCHED 204-11] Finished scheduling.
INFO: [HLS 200-111] Finished Scheduling: CPU user time: 10.61 seconds. CPU system time: 0.08 seconds. Elapsed time: 10.71 seconds; current allocated memory: 1.122 GB.
INFO: [BIND 205-100] Starting micro-architecture generation ...
INFO: [BIND 205-101] Performing variable lifetime analysis.
INFO: [BIND 205-101] Exploring resource sharing.
INFO: [BIND 205-101] Binding ...
INFO: [BIND 205-100] Finished micro-architecture generation.
INFO: [HLS 200-111] Finished Binding: CPU user time: 2.38 seconds. CPU system time: 0.03 seconds. Elapsed time: 2.4 seconds; current allocated memory: 1.134 GB.
INFO: [HLS 200-10] ----------------------------------------------------------------
INFO: [HLS 200-42] -- Implementing module 'conv_bn_act_pool_2_Pipeline_VITIS_LOOP_188_16' 
INFO: [HLS 200-10] ----------------------------------------------------------------
INFO: [SCHED 204-11] Starting scheduling ...
INFO: [SCHED 204-61] Pipelining loop 'VITIS_LOOP_188_16'.
INFO: [HLS 200-1470] Pipelining result : Target II = NA, Final II = 1, Depth = 9, loop 'VITIS_LOOP_188_16'
INFO: [SCHED 204-11] Finished scheduling.
INFO: [HLS 200-111] Finished Scheduling: CPU user time: 0.8 seconds. CPU system time: 0.03 seconds. Elapsed time: 0.83 seconds; current allocated memory: 1.137 GB.
INFO: [BIND 205-100] Starting micro-architecture generation ...
INFO: [BIND 205-101] Performing variable lifetime analysis.
INFO: [BIND 205-101] Exploring resource sharing.
INFO: [BIND 205-101] Binding ...
INFO: [BIND 205-100] Finished micro-architecture generation.
INFO: [HLS 200-111] Finished Binding: CPU user time: 0.05 seconds. CPU system time: 0 seconds. Elapsed time: 0.06 seconds; current allocated memory: 1.138 GB.
INFO: [HLS 200-10] ----------------------------------------------------------------
INFO: [HLS 200-42] -- Implementing module 'conv_bn_act_pool_2' 
INFO: [HLS 200-10] ----------------------------------------------------------------
INFO: [SCHED 204-11] Starting scheduling ...
INFO: [SCHED 204-11] Finished scheduling.
INFO: [HLS 200-111] Finished Scheduling: CPU user time: 0.39 seconds. CPU system time: 0 seconds. Elapsed time: 0.39 seconds; current allocated memory: 1.144 GB.
INFO: [BIND 205-100] Starting micro-architecture generation ...
INFO: [BIND 205-101] Performing variable lifetime analysis.
INFO: [BIND 205-101] Exploring resource sharing.
INFO: [BIND 205-101] Binding ...
INFO: [BIND 205-100] Finished micro-architecture generation.
INFO: [HLS 200-111] Finished Binding: CPU user time: 0.2 seconds. CPU system time: 0.01 seconds. Elapsed time: 0.2 seconds; current allocated memory: 1.145 GB.
INFO: [HLS 200-10] ----------------------------------------------------------------
INFO: [HLS 200-42] -- Implementing module 'run_all_slices_unrolled_Pipeline_Loop_BN3' 
INFO: [HLS 200-10] ----------------------------------------------------------------
INFO: [SCHED 204-11] Starting scheduling ...
INFO: [SCHED 204-61] Pipelining loop 'Loop_BN'.
INFO: [HLS 200-1470] Pipelining result : Target II = NA, Final II = 1, Depth = 39, loop 'Loop_BN'
INFO: [SCHED 204-11] Finished scheduling.
INFO: [HLS 200-111] Finished Scheduling: CPU user time: 0.29 seconds. CPU system time: 0.01 seconds. Elapsed time: 0.29 seconds; current allocated memory: 1.145 GB.
INFO: [BIND 205-100] Starting micro-architecture generation ...
INFO: [BIND 205-101] Performing variable lifetime analysis.
INFO: [BIND 205-101] Exploring resource sharing.
INFO: [BIND 205-101] Binding ...
INFO: [BIND 205-100] Finished micro-architecture generation.
INFO: [HLS 200-111] Finished Binding: CPU user time: 0.04 seconds. CPU system time: 0 seconds. Elapsed time: 0.04 seconds; current allocated memory: 1.146 GB.
INFO: [HLS 200-10] ----------------------------------------------------------------
INFO: [HLS 200-42] -- Implementing module 'run_all_slices_unrolled_Pipeline_MergedLoop2' 
INFO: [HLS 200-10] ----------------------------------------------------------------
INFO: [SCHED 204-11] Starting scheduling ...
INFO: [SCHED 204-61] Pipelining loop 'MergedLoop2'.
INFO: [HLS 200-1470] Pipelining result : Target II = NA, Final II = 1, Depth = 8, loop 'MergedLoop2'
INFO: [SCHED 204-11] Finished scheduling.
INFO: [HLS 200-111] Finished Scheduling: CPU user time: 0.08 seconds. CPU system time: 0.01 seconds. Elapsed time: 0.08 seconds; current allocated memory: 1.146 GB.
INFO: [BIND 205-100] Starting micro-architecture generation ...
INFO: [BIND 205-101] Performing variable lifetime analysis.
INFO: [BIND 205-101] Exploring resource sharing.
INFO: [BIND 205-101] Binding ...
INFO: [BIND 205-100] Finished micro-architecture generation.
INFO: [HLS 200-111] Finished Binding: CPU user time: 0.04 seconds. CPU system time: 0 seconds. Elapsed time: 0.04 seconds; current allocated memory: 1.146 GB.
INFO: [HLS 200-10] ----------------------------------------------------------------
INFO: [HLS 200-42] -- Implementing module 'conv_bn_act_pool_3_Pipeline_BNParamsLoop' 
INFO: [HLS 200-10] ----------------------------------------------------------------
INFO: [SCHED 204-11] Starting scheduling ...
INFO: [SCHED 204-61] Pipelining loop 'BNParamsLoop'.
INFO: [HLS 200-1470] Pipelining result : Target II = 1, Final II = 1, Depth = 35, loop 'BNParamsLoop'
INFO: [SCHED 204-11] Finished scheduling.
INFO: [HLS 200-111] Finished Scheduling: CPU user time: 0.15 seconds. CPU system time: 0.01 seconds. Elapsed time: 0.15 seconds; current allocated memory: 1.148 GB.
INFO: [BIND 205-100] Starting micro-architecture generation ...
INFO: [BIND 205-101] Performing variable lifetime analysis.
INFO: [BIND 205-101] Exploring resource sharing.
INFO: [BIND 205-101] Binding ...
INFO: [BIND 205-100] Finished micro-architecture generation.
INFO: [HLS 200-111] Finished Binding: CPU user time: 0.07 seconds. CPU system time: 0 seconds. Elapsed time: 0.07 seconds; current allocated memory: 1.148 GB.
INFO: [HLS 200-10] ----------------------------------------------------------------
INFO: [HLS 200-42] -- Implementing module 'conv_bn_act_pool_3_Pipeline_VITIS_LOOP_106_1_VITIS_LOOP_107_2' 
INFO: [HLS 200-10] ----------------------------------------------------------------
INFO: [SCHED 204-11] Starting scheduling ...
INFO: [HLS 200-1457] Automatically inferring inferring RAM_1WNR storage type for array 'W_local_254'. Use bind_storage pragma to override this type.
INFO: [HLS 200-1457] Automatically inferring inferring RAM_1WNR storage type for array 'W_local_253'. Use bind_storage pragma to override this type.
INFO: [HLS 200-1457] Automatically inferring inferring RAM_1WNR storage type for array 'W_local_252'. Use bind_storage pragma to override this type.
INFO: [HLS 200-1457] Automatically inferring inferring RAM_1WNR storage type for array 'W_local_251'. Use bind_storage pragma to override this type.
INFO: [HLS 200-1457] Automatically inferring inferring RAM_1WNR storage type for array 'W_local_250'. Use bind_storage pragma to override this type.
INFO: [HLS 200-1457] Automatically inferring inferring RAM_1WNR storage type for array 'W_local_249'. Use bind_storage pragma to override this type.
INFO: [HLS 200-1457] Automatically inferring inferring RAM_1WNR storage type for array 'W_local_248'. Use bind_storage pragma to override this type.
INFO: [HLS 200-1457] Automatically inferring inferring RAM_1WNR storage type for array 'W_local_247'. Use bind_storage pragma to override this type.
INFO: [HLS 200-1457] Automatically inferring inferring RAM_1WNR storage type for array 'W_local_246'. Use bind_storage pragma to override this type.
INFO: [HLS 200-1457] Automatically inferring inferring RAM_1WNR storage type for array 'W_local_245'. Use bind_storage pragma to override this type.
INFO: [HLS 200-1457] Automatically inferring inferring RAM_1WNR storage type for array 'W_local_244'. Use bind_storage pragma to override this type.
INFO: [HLS 200-1457] Automatically inferring inferring RAM_1WNR storage type for array 'W_local_243'. Use bind_storage pragma to override this type.
INFO: [HLS 200-1457] Automatically inferring inferring RAM_1WNR storage type for array 'W_local_242'. Use bind_storage pragma to override this type.
INFO: [HLS 200-1457] Automatically inferring inferring RAM_1WNR storage type for array 'W_local_241'. Use bind_storage pragma to override this type.
INFO: [HLS 200-1457] Automatically inferring inferring RAM_1WNR storage type for array 'W_local_240'. Use bind_storage pragma to override this type.
INFO: [HLS 200-1457] Automatically inferring inferring RAM_1WNR storage type for array 'W_local_239'. Use bind_storage pragma to override this type.
INFO: [HLS 200-1457] Automatically inferring inferring RAM_1WNR storage type for array 'W_local_238'. Use bind_storage pragma to override this type.
INFO: [HLS 200-1457] Automatically inferring inferring RAM_1WNR storage type for array 'W_local_237'. Use bind_storage pragma to override this type.
INFO: [HLS 200-1457] Automatically inferring inferring RAM_1WNR storage type for array 'W_local_236'. Use bind_storage pragma to override this type.
INFO: [HLS 200-1457] Automatically inferring inferring RAM_1WNR storage type for array 'W_local_235'. Use bind_storage pragma to override this type.
INFO: [HLS 200-1457] Automatically inferring inferring RAM_1WNR storage type for array 'W_local_234'. Use bind_storage pragma to override this type.
INFO: [HLS 200-1457] Automatically inferring inferring RAM_1WNR storage type for array 'W_local_233'. Use bind_storage pragma to override this type.
INFO: [HLS 200-1457] Automatically inferring inferring RAM_1WNR storage type for array 'W_local_232'. Use bind_storage pragma to override this type.
INFO: [HLS 200-1457] Automatically inferring inferring RAM_1WNR storage type for array 'W_local_231'. Use bind_storage pragma to override this type.
INFO: [HLS 200-1457] Automatically inferring inferring RAM_1WNR storage type for array 'W_local_230'. Use bind_storage pragma to override this type.
INFO: [HLS 200-1457] Automatically inferring inferring RAM_1WNR storage type for array 'W_local_229'. Use bind_storage pragma to override this type.
INFO: [HLS 200-1457] Automatically inferring inferring RAM_1WNR storage type for array 'W_local_228'. Use bind_storage pragma to override this type.
INFO: [HLS 200-1457] Automatically inferring inferring RAM_1WNR storage type for array 'W_local_227'. Use bind_storage pragma to override this type.
INFO: [HLS 200-1457] Automatically inferring inferring RAM_1WNR storage type for array 'W_local_226'. Use bind_storage pragma to override this type.
INFO: [HLS 200-1457] Automatically inferring inferring RAM_1WNR storage type for array 'W_local_225'. Use bind_storage pragma to override this type.
INFO: [HLS 200-1457] Automatically inferring inferring RAM_1WNR storage type for array 'W_local_224'. Use bind_storage pragma to override this type.
INFO: [HLS 200-1457] Automatically inferring inferring RAM_1WNR storage type for array 'W_local_223'. Use bind_storage pragma to override this type.
INFO: [HLS 200-1457] Automatically inferring inferring RAM_1WNR storage type for array 'W_local_158'. Use bind_storage pragma to override this type.
INFO: [HLS 200-1457] Automatically inferring inferring RAM_1WNR storage type for array 'W_local_157'. Use bind_storage pragma to override this type.
INFO: [HLS 200-1457] Automatically inferring inferring RAM_1WNR storage type for array 'W_local_156'. Use bind_storage pragma to override this type.
INFO: [HLS 200-1457] Automatically inferring inferring RAM_1WNR storage type for array 'W_local_155'. Use bind_storage pragma to override this type.
INFO: [HLS 200-1457] Automatically inferring inferring RAM_1WNR storage type for array 'W_local_154'. Use bind_storage pragma to override this type.
INFO: [HLS 200-1457] Automatically inferring inferring RAM_1WNR storage type for array 'W_local_153'. Use bind_storage pragma to override this type.
INFO: [HLS 200-1457] Automatically inferring inferring RAM_1WNR storage type for array 'W_local_152'. Use bind_storage pragma to override this type.
INFO: [HLS 200-1457] Automatically inferring inferring RAM_1WNR storage type for array 'W_local_151'. Use bind_storage pragma to override this type.
INFO: [HLS 200-1457] Automatically inferring inferring RAM_1WNR storage type for array 'W_local_150'. Use bind_storage pragma to override this type.
INFO: [HLS 200-1457] Automatically inferring inferring RAM_1WNR storage type for array 'W_local_149'. Use bind_storage pragma to override this type.
INFO: [HLS 200-1457] Automatically inferring inferring RAM_1WNR storage type for array 'W_local_148'. Use bind_storage pragma to override this type.
INFO: [HLS 200-1457] Automatically inferring inferring RAM_1WNR storage type for array 'W_local_147'. Use bind_storage pragma to override this type.
INFO: [HLS 200-1457] Automatically inferring inferring RAM_1WNR storage type for array 'W_local_146'. Use bind_storage pragma to override this type.
INFO: [HLS 200-1457] Automatically inferring inferring RAM_1WNR storage type for array 'W_local_145'. Use bind_storage pragma to override this type.
INFO: [HLS 200-1457] Automatically inferring inferring RAM_1WNR storage type for array 'W_local_144'. Use bind_storage pragma to override this type.
INFO: [HLS 200-1457] Automatically inferring inferring RAM_1WNR storage type for array 'W_local_143'. Use bind_storage pragma to override this type.
INFO: [HLS 200-1457] Automatically inferring inferring RAM_1WNR storage type for array 'W_local_142'. Use bind_storage pragma to override this type.
INFO: [HLS 200-1457] Automatically inferring inferring RAM_1WNR storage type for array 'W_local_141'. Use bind_storage pragma to override this type.
INFO: [HLS 200-1457] Automatically inferring inferring RAM_1WNR storage type for array 'W_local_140'. Use bind_storage pragma to override this type.
INFO: [HLS 200-1457] Automatically inferring inferring RAM_1WNR storage type for array 'W_local_139'. Use bind_storage pragma to override this type.
INFO: [HLS 200-1457] Automatically inferring inferring RAM_1WNR storage type for array 'W_local_138'. Use bind_storage pragma to override this type.
INFO: [HLS 200-1457] Automatically inferring inferring RAM_1WNR storage type for array 'W_local_137'. Use bind_storage pragma to override this type.
INFO: [HLS 200-1457] Automatically inferring inferring RAM_1WNR storage type for array 'W_local_136'. Use bind_storage pragma to override this type.
INFO: [HLS 200-1457] Automatically inferring inferring RAM_1WNR storage type for array 'W_local_135'. Use bind_storage pragma to override this type.
INFO: [HLS 200-1457] Automatically inferring inferring RAM_1WNR storage type for array 'W_local_134'. Use bind_storage pragma to override this type.
INFO: [HLS 200-1457] Automatically inferring inferring RAM_1WNR storage type for array 'W_local_133'. Use bind_storage pragma to override this type.
INFO: [HLS 200-1457] Automatically inferring inferring RAM_1WNR storage type for array 'W_local_132'. Use bind_storage pragma to override this type.
INFO: [HLS 200-1457] Automatically inferring inferring RAM_1WNR storage type for array 'W_local_131'. Use bind_storage pragma to override this type.
INFO: [HLS 200-1457] Automatically inferring inferring RAM_1WNR storage type for array 'W_local_130'. Use bind_storage pragma to override this type.
INFO: [HLS 200-1457] Automatically inferring inferring RAM_1WNR storage type for array 'W_local_129'. Use bind_storage pragma to override this type.
INFO: [HLS 200-1457] Automatically inferring inferring RAM_1WNR storage type for array 'W_local_128'. Use bind_storage pragma to override this type.
INFO: [HLS 200-1457] Automatically inferring inferring RAM_1WNR storage type for array 'W_local'. Use bind_storage pragma to override this type.
INFO: [HLS 200-1457] Automatically inferring inferring RAM_1WNR storage type for array 'W_local_190'. Use bind_storage pragma to override this type.
INFO: [HLS 200-1457] Automatically inferring inferring RAM_1WNR storage type for array 'W_local_189'. Use bind_storage pragma to override this type.
INFO: [HLS 200-1457] Automatically inferring inferring RAM_1WNR storage type for array 'W_local_188'. Use bind_storage pragma to override this type.
INFO: [HLS 200-1457] Automatically inferring inferring RAM_1WNR storage type for array 'W_local_187'. Use bind_storage pragma to override this type.
INFO: [HLS 200-1457] Automatically inferring inferring RAM_1WNR storage type for array 'W_local_186'. Use bind_storage pragma to override this type.
INFO: [HLS 200-1457] Automatically inferring inferring RAM_1WNR storage type for array 'W_local_185'. Use bind_storage pragma to override this type.
INFO: [HLS 200-1457] Automatically inferring inferring RAM_1WNR storage type for array 'W_local_184'. Use bind_storage pragma to override this type.
INFO: [HLS 200-1457] Automatically inferring inferring RAM_1WNR storage type for array 'W_local_183'. Use bind_storage pragma to override this type.
INFO: [HLS 200-1457] Automatically inferring inferring RAM_1WNR storage type for array 'W_local_182'. Use bind_storage pragma to override this type.
INFO: [HLS 200-1457] Automatically inferring inferring RAM_1WNR storage type for array 'W_local_181'. Use bind_storage pragma to override this type.
INFO: [HLS 200-1457] Automatically inferring inferring RAM_1WNR storage type for array 'W_local_180'. Use bind_storage pragma to override this type.
INFO: [HLS 200-1457] Automatically inferring inferring RAM_1WNR storage type for array 'W_local_179'. Use bind_storage pragma to override this type.
INFO: [HLS 200-1457] Automatically inferring inferring RAM_1WNR storage type for array 'W_local_178'. Use bind_storage pragma to override this type.
INFO: [HLS 200-1457] Automatically inferring inferring RAM_1WNR storage type for array 'W_local_177'. Use bind_storage pragma to override this type.
INFO: [HLS 200-1457] Automatically inferring inferring RAM_1WNR storage type for array 'W_local_176'. Use bind_storage pragma to override this type.
INFO: [HLS 200-1457] Automatically inferring inferring RAM_1WNR storage type for array 'W_local_175'. Use bind_storage pragma to override this type.
INFO: [HLS 200-1457] Automatically inferring inferring RAM_1WNR storage type for array 'W_local_174'. Use bind_storage pragma to override this type.
INFO: [HLS 200-1457] Automatically inferring inferring RAM_1WNR storage type for array 'W_local_173'. Use bind_storage pragma to override this type.
INFO: [HLS 200-1457] Automatically inferring inferring RAM_1WNR storage type for array 'W_local_172'. Use bind_storage pragma to override this type.
INFO: [HLS 200-1457] Automatically inferring inferring RAM_1WNR storage type for array 'W_local_171'. Use bind_storage pragma to override this type.
INFO: [HLS 200-1457] Automatically inferring inferring RAM_1WNR storage type for array 'W_local_170'. Use bind_storage pragma to override this type.
INFO: [HLS 200-1457] Automatically inferring inferring RAM_1WNR storage type for array 'W_local_169'. Use bind_storage pragma to override this type.
INFO: [HLS 200-1457] Automatically inferring inferring RAM_1WNR storage type for array 'W_local_168'. Use bind_storage pragma to override this type.
INFO: [HLS 200-1457] Automatically inferring inferring RAM_1WNR storage type for array 'W_local_167'. Use bind_storage pragma to override this type.
INFO: [HLS 200-1457] Automatically inferring inferring RAM_1WNR storage type for array 'W_local_166'. Use bind_storage pragma to override this type.
INFO: [HLS 200-1457] Automatically inferring inferring RAM_1WNR storage type for array 'W_local_165'. Use bind_storage pragma to override this type.
INFO: [HLS 200-1457] Automatically inferring inferring RAM_1WNR storage type for array 'W_local_164'. Use bind_storage pragma to override this type.
INFO: [HLS 200-1457] Automatically inferring inferring RAM_1WNR storage type for array 'W_local_163'. Use bind_storage pragma to override this type.
INFO: [HLS 200-1457] Automatically inferring inferring RAM_1WNR storage type for array 'W_local_162'. Use bind_storage pragma to override this type.
INFO: [HLS 200-1457] Automatically inferring inferring RAM_1WNR storage type for array 'W_local_161'. Use bind_storage pragma to override this type.
INFO: [HLS 200-1457] Automatically inferring inferring RAM_1WNR storage type for array 'W_local_160'. Use bind_storage pragma to override this type.
INFO: [HLS 200-1457] Automatically inferring inferring RAM_1WNR storage type for array 'W_local_159'. Use bind_storage pragma to override this type.
INFO: [HLS 200-1457] Automatically inferring inferring RAM_1WNR storage type for array 'W_local_222'. Use bind_storage pragma to override this type.
INFO: [HLS 200-1457] Automatically inferring inferring RAM_1WNR storage type for array 'W_local_221'. Use bind_storage pragma to override this type.
INFO: [HLS 200-1457] Automatically inferring inferring RAM_1WNR storage type for array 'W_local_220'. Use bind_storage pragma to override this type.
INFO: [HLS 200-1457] Automatically inferring inferring RAM_1WNR storage type for array 'W_local_219'. Use bind_storage pragma to override this type.
INFO: [HLS 200-1457] Automatically inferring inferring RAM_1WNR storage type for array 'W_local_218'. Use bind_storage pragma to override this type.
INFO: [HLS 200-1457] Automatically inferring inferring RAM_1WNR storage type for array 'W_local_217'. Use bind_storage pragma to override this type.
INFO: [HLS 200-1457] Automatically inferring inferring RAM_1WNR storage type for array 'W_local_216'. Use bind_storage pragma to override this type.
INFO: [HLS 200-1457] Automatically inferring inferring RAM_1WNR storage type for array 'W_local_215'. Use bind_storage pragma to override this type.
INFO: [HLS 200-1457] Automatically inferring inferring RAM_1WNR storage type for array 'W_local_214'. Use bind_storage pragma to override this type.
INFO: [HLS 200-1457] Automatically inferring inferring RAM_1WNR storage type for array 'W_local_213'. Use bind_storage pragma to override this type.
INFO: [HLS 200-1457] Automatically inferring inferring RAM_1WNR storage type for array 'W_local_212'. Use bind_storage pragma to override this type.
INFO: [HLS 200-1457] Automatically inferring inferring RAM_1WNR storage type for array 'W_local_211'. Use bind_storage pragma to override this type.
INFO: [HLS 200-1457] Automatically inferring inferring RAM_1WNR storage type for array 'W_local_210'. Use bind_storage pragma to override this type.
INFO: [HLS 200-1457] Automatically inferring inferring RAM_1WNR storage type for array 'W_local_209'. Use bind_storage pragma to override this type.
INFO: [HLS 200-1457] Automatically inferring inferring RAM_1WNR storage type for array 'W_local_208'. Use bind_storage pragma to override this type.
INFO: [HLS 200-1457] Automatically inferring inferring RAM_1WNR storage type for array 'W_local_207'. Use bind_storage pragma to override this type.
INFO: [HLS 200-1457] Automatically inferring inferring RAM_1WNR storage type for array 'W_local_206'. Use bind_storage pragma to override this type.
INFO: [HLS 200-1457] Automatically inferring inferring RAM_1WNR storage type for array 'W_local_205'. Use bind_storage pragma to override this type.
INFO: [HLS 200-1457] Automatically inferring inferring RAM_1WNR storage type for array 'W_local_204'. Use bind_storage pragma to override this type.
INFO: [HLS 200-1457] Automatically inferring inferring RAM_1WNR storage type for array 'W_local_203'. Use bind_storage pragma to override this type.
INFO: [HLS 200-1457] Automatically inferring inferring RAM_1WNR storage type for array 'W_local_202'. Use bind_storage pragma to override this type.
INFO: [HLS 200-1457] Automatically inferring inferring RAM_1WNR storage type for array 'W_local_201'. Use bind_storage pragma to override this type.
INFO: [HLS 200-1457] Automatically inferring inferring RAM_1WNR storage type for array 'W_local_200'. Use bind_storage pragma to override this type.
INFO: [HLS 200-1457] Automatically inferring inferring RAM_1WNR storage type for array 'W_local_199'. Use bind_storage pragma to override this type.
INFO: [HLS 200-1457] Automatically inferring inferring RAM_1WNR storage type for array 'W_local_198'. Use bind_storage pragma to override this type.
INFO: [HLS 200-1457] Automatically inferring inferring RAM_1WNR storage type for array 'W_local_197'. Use bind_storage pragma to override this type.
INFO: [HLS 200-1457] Automatically inferring inferring RAM_1WNR storage type for array 'W_local_196'. Use bind_storage pragma to override this type.
INFO: [HLS 200-1457] Automatically inferring inferring RAM_1WNR storage type for array 'W_local_195'. Use bind_storage pragma to override this type.
INFO: [HLS 200-1457] Automatically inferring inferring RAM_1WNR storage type for array 'W_local_194'. Use bind_storage pragma to override this type.
INFO: [HLS 200-1457] Automatically inferring inferring RAM_1WNR storage type for array 'W_local_193'. Use bind_storage pragma to override this type.
INFO: [HLS 200-1457] Automatically inferring inferring RAM_1WNR storage type for array 'W_local_192'. Use bind_storage pragma to override this type.
INFO: [HLS 200-1457] Automatically inferring inferring RAM_1WNR storage type for array 'W_local_191'. Use bind_storage pragma to override this type.
INFO: [SCHED 204-61] Pipelining loop 'VITIS_LOOP_106_1_VITIS_LOOP_107_2'.
INFO: [HLS 200-1470] Pipelining result : Target II = NA, Final II = 1, Depth = 4, loop 'VITIS_LOOP_106_1_VITIS_LOOP_107_2'
INFO: [SCHED 204-11] Finished scheduling.
INFO: [HLS 200-111] Finished Scheduling: CPU user time: 2.04 seconds. CPU system time: 0.1 seconds. Elapsed time: 2.17 seconds; current allocated memory: 1.153 GB.
INFO: [BIND 205-100] Starting micro-architecture generation ...
INFO: [BIND 205-101] Performing variable lifetime analysis.
INFO: [BIND 205-101] Exploring resource sharing.
INFO: [BIND 205-101] Binding ...
INFO: [BIND 205-100] Finished micro-architecture generation.
INFO: [HLS 200-111] Finished Binding: CPU user time: 0.11 seconds. CPU system time: 0 seconds. Elapsed time: 0.11 seconds; current allocated memory: 1.153 GB.
INFO: [HLS 200-10] ----------------------------------------------------------------
INFO: [HLS 200-42] -- Implementing module 'conv_bn_act_pool_3_Pipeline_VITIS_LOOP_141_8' 
INFO: [HLS 200-10] ----------------------------------------------------------------
INFO: [SCHED 204-11] Starting scheduling ...
INFO: [SCHED 204-61] Pipelining loop 'VITIS_LOOP_141_8'.
INFO: [HLS 200-1470] Pipelining result : Target II = NA, Final II = 1, Depth = 2, loop 'VITIS_LOOP_141_8'
INFO: [SCHED 204-11] Finished scheduling.
INFO: [HLS 200-111] Finished Scheduling: CPU user time: 0.28 seconds. CPU system time: 0 seconds. Elapsed time: 0.27 seconds; current allocated memory: 1.155 GB.
INFO: [BIND 205-100] Starting micro-architecture generation ...
INFO: [BIND 205-101] Performing variable lifetime analysis.
INFO: [BIND 205-101] Exploring resource sharing.
INFO: [BIND 205-101] Binding ...
INFO: [BIND 205-100] Finished micro-architecture generation.
INFO: [HLS 200-111] Finished Binding: CPU user time: 0.08 seconds. CPU system time: 0.01 seconds. Elapsed time: 0.09 seconds; current allocated memory: 1.156 GB.
INFO: [HLS 200-10] ----------------------------------------------------------------
INFO: [HLS 200-42] -- Implementing module 'conv_bn_act_pool_3_Pipeline_VITIS_LOOP_148_10' 
INFO: [HLS 200-10] ----------------------------------------------------------------
INFO: [SCHED 204-11] Starting scheduling ...
INFO: [SCHED 204-61] Pipelining loop 'VITIS_LOOP_148_10'.
INFO: [HLS 200-1470] Pipelining result : Target II = NA, Final II = 1, Depth = 4, loop 'VITIS_LOOP_148_10'
INFO: [SCHED 204-11] Finished scheduling.
INFO: [HLS 200-111] Finished Scheduling: CPU user time: 0.17 seconds. CPU system time: 0.01 seconds. Elapsed time: 0.17 seconds; current allocated memory: 1.157 GB.
INFO: [BIND 205-100] Starting micro-architecture generation ...
INFO: [BIND 205-101] Performing variable lifetime analysis.
INFO: [BIND 205-101] Exploring resource sharing.
INFO: [BIND 205-101] Binding ...
INFO: [BIND 205-100] Finished micro-architecture generation.
INFO: [HLS 200-111] Finished Binding: CPU user time: 0.07 seconds. CPU system time: 0.01 seconds. Elapsed time: 0.08 seconds; current allocated memory: 1.158 GB.
INFO: [HLS 200-10] ----------------------------------------------------------------
INFO: [HLS 200-42] -- Implementing module 'conv_bn_act_pool_3_Pipeline_VITIS_LOOP_132_6' 
INFO: [HLS 200-10] ----------------------------------------------------------------
INFO: [SCHED 204-11] Starting scheduling ...
INFO: [SCHED 204-61] Pipelining loop 'VITIS_LOOP_132_6'.
INFO: [HLS 200-1470] Pipelining result : Target II = NA, Final II = 1, Depth = 4, loop 'VITIS_LOOP_132_6'
INFO: [SCHED 204-11] Finished scheduling.
INFO: [HLS 200-111] Finished Scheduling: CPU user time: 0.23 seconds. CPU system time: 0 seconds. Elapsed time: 0.24 seconds; current allocated memory: 1.159 GB.
INFO: [BIND 205-100] Starting micro-architecture generation ...
INFO: [BIND 205-101] Performing variable lifetime analysis.
INFO: [BIND 205-101] Exploring resource sharing.
INFO: [BIND 205-101] Binding ...
INFO: [BIND 205-100] Finished micro-architecture generation.
INFO: [HLS 200-111] Finished Binding: CPU user time: 0.07 seconds. CPU system time: 0.01 seconds. Elapsed time: 0.07 seconds; current allocated memory: 1.160 GB.
INFO: [HLS 200-10] ----------------------------------------------------------------
INFO: [HLS 200-42] -- Implementing module 'conv_bn_act_pool_3_Pipeline_VITIS_LOOP_158_11' 
INFO: [HLS 200-10] ----------------------------------------------------------------
INFO: [SCHED 204-11] Starting scheduling ...
INFO: [SCHED 204-61] Pipelining loop 'VITIS_LOOP_158_11'.
INFO: [HLS 200-1470] Pipelining result : Target II = NA, Final II = 1, Depth = 1, loop 'VITIS_LOOP_158_11'
INFO: [SCHED 204-11] Finished scheduling.
INFO: [HLS 200-111] Finished Scheduling: CPU user time: 0.13 seconds. CPU system time: 0 seconds. Elapsed time: 0.13 seconds; current allocated memory: 1.161 GB.
INFO: [BIND 205-100] Starting micro-architecture generation ...
INFO: [BIND 205-101] Performing variable lifetime analysis.
INFO: [BIND 205-101] Exploring resource sharing.
INFO: [BIND 205-101] Binding ...
INFO: [BIND 205-100] Finished micro-architecture generation.
INFO: [HLS 200-111] Finished Binding: CPU user time: 0.06 seconds. CPU system time: 0.01 seconds. Elapsed time: 0.06 seconds; current allocated memory: 1.161 GB.
INFO: [HLS 200-10] ----------------------------------------------------------------
INFO: [HLS 200-42] -- Implementing module 'conv_bn_act_pool_3_Pipeline_VITIS_LOOP_164_12' 
INFO: [HLS 200-10] ----------------------------------------------------------------
INFO: [SCHED 204-11] Starting scheduling ...
INFO: [HLS 200-1457] Automatically inferring inferring RAM_1WNR storage type for array 'W_local_254'. Use bind_storage pragma to override this type.
INFO: [HLS 200-1457] Automatically inferring inferring RAM_1WNR storage type for array 'W_local_222'. Use bind_storage pragma to override this type.
INFO: [HLS 200-1457] Automatically inferring inferring RAM_1WNR storage type for array 'W_local_190'. Use bind_storage pragma to override this type.
INFO: [HLS 200-1457] Automatically inferring inferring RAM_1WNR storage type for array 'W_local_158'. Use bind_storage pragma to override this type.
INFO: [HLS 200-1457] Automatically inferring inferring RAM_1WNR storage type for array 'W_local_253'. Use bind_storage pragma to override this type.
INFO: [HLS 200-1457] Automatically inferring inferring RAM_1WNR storage type for array 'W_local_221'. Use bind_storage pragma to override this type.
INFO: [HLS 200-1457] Automatically inferring inferring RAM_1WNR storage type for array 'W_local_189'. Use bind_storage pragma to override this type.
INFO: [HLS 200-1457] Automatically inferring inferring RAM_1WNR storage type for array 'W_local_157'. Use bind_storage pragma to override this type.
INFO: [HLS 200-1457] Automatically inferring inferring RAM_1WNR storage type for array 'W_local_252'. Use bind_storage pragma to override this type.
INFO: [HLS 200-1457] Automatically inferring inferring RAM_1WNR storage type for array 'W_local_220'. Use bind_storage pragma to override this type.
INFO: [HLS 200-1457] Automatically inferring inferring RAM_1WNR storage type for array 'W_local_188'. Use bind_storage pragma to override this type.
INFO: [HLS 200-1457] Automatically inferring inferring RAM_1WNR storage type for array 'W_local_156'. Use bind_storage pragma to override this type.
INFO: [HLS 200-1457] Automatically inferring inferring RAM_1WNR storage type for array 'W_local_251'. Use bind_storage pragma to override this type.
INFO: [HLS 200-1457] Automatically inferring inferring RAM_1WNR storage type for array 'W_local_219'. Use bind_storage pragma to override this type.
INFO: [HLS 200-1457] Automatically inferring inferring RAM_1WNR storage type for array 'W_local_187'. Use bind_storage pragma to override this type.
INFO: [HLS 200-1457] Automatically inferring inferring RAM_1WNR storage type for array 'W_local_155'. Use bind_storage pragma to override this type.
INFO: [HLS 200-1457] Automatically inferring inferring RAM_1WNR storage type for array 'W_local_250'. Use bind_storage pragma to override this type.
INFO: [HLS 200-1457] Automatically inferring inferring RAM_1WNR storage type for array 'W_local_218'. Use bind_storage pragma to override this type.
INFO: [HLS 200-1457] Automatically inferring inferring RAM_1WNR storage type for array 'W_local_186'. Use bind_storage pragma to override this type.
INFO: [HLS 200-1457] Automatically inferring inferring RAM_1WNR storage type for array 'W_local_154'. Use bind_storage pragma to override this type.
INFO: [HLS 200-1457] Automatically inferring inferring RAM_1WNR storage type for array 'W_local_249'. Use bind_storage pragma to override this type.
INFO: [HLS 200-1457] Automatically inferring inferring RAM_1WNR storage type for array 'W_local_217'. Use bind_storage pragma to override this type.
INFO: [HLS 200-1457] Automatically inferring inferring RAM_1WNR storage type for array 'W_local_185'. Use bind_storage pragma to override this type.
INFO: [HLS 200-1457] Automatically inferring inferring RAM_1WNR storage type for array 'W_local_153'. Use bind_storage pragma to override this type.
INFO: [HLS 200-1457] Automatically inferring inferring RAM_1WNR storage type for array 'W_local_248'. Use bind_storage pragma to override this type.
INFO: [HLS 200-1457] Automatically inferring inferring RAM_1WNR storage type for array 'W_local_216'. Use bind_storage pragma to override this type.
INFO: [HLS 200-1457] Automatically inferring inferring RAM_1WNR storage type for array 'W_local_184'. Use bind_storage pragma to override this type.
INFO: [HLS 200-1457] Automatically inferring inferring RAM_1WNR storage type for array 'W_local_152'. Use bind_storage pragma to override this type.
INFO: [HLS 200-1457] Automatically inferring inferring RAM_1WNR storage type for array 'W_local_247'. Use bind_storage pragma to override this type.
INFO: [HLS 200-1457] Automatically inferring inferring RAM_1WNR storage type for array 'W_local_215'. Use bind_storage pragma to override this type.
INFO: [HLS 200-1457] Automatically inferring inferring RAM_1WNR storage type for array 'W_local_183'. Use bind_storage pragma to override this type.
INFO: [HLS 200-1457] Automatically inferring inferring RAM_1WNR storage type for array 'W_local_151'. Use bind_storage pragma to override this type.
INFO: [HLS 200-1457] Automatically inferring inferring RAM_1WNR storage type for array 'W_local_246'. Use bind_storage pragma to override this type.
INFO: [HLS 200-1457] Automatically inferring inferring RAM_1WNR storage type for array 'W_local_214'. Use bind_storage pragma to override this type.
INFO: [HLS 200-1457] Automatically inferring inferring RAM_1WNR storage type for array 'W_local_182'. Use bind_storage pragma to override this type.
INFO: [HLS 200-1457] Automatically inferring inferring RAM_1WNR storage type for array 'W_local_150'. Use bind_storage pragma to override this type.
INFO: [HLS 200-1457] Automatically inferring inferring RAM_1WNR storage type for array 'W_local_245'. Use bind_storage pragma to override this type.
INFO: [HLS 200-1457] Automatically inferring inferring RAM_1WNR storage type for array 'W_local_213'. Use bind_storage pragma to override this type.
INFO: [HLS 200-1457] Automatically inferring inferring RAM_1WNR storage type for array 'W_local_181'. Use bind_storage pragma to override this type.
INFO: [HLS 200-1457] Automatically inferring inferring RAM_1WNR storage type for array 'W_local_149'. Use bind_storage pragma to override this type.
INFO: [HLS 200-1457] Automatically inferring inferring RAM_1WNR storage type for array 'W_local_244'. Use bind_storage pragma to override this type.
INFO: [HLS 200-1457] Automatically inferring inferring RAM_1WNR storage type for array 'W_local_212'. Use bind_storage pragma to override this type.
INFO: [HLS 200-1457] Automatically inferring inferring RAM_1WNR storage type for array 'W_local_180'. Use bind_storage pragma to override this type.
INFO: [HLS 200-1457] Automatically inferring inferring RAM_1WNR storage type for array 'W_local_148'. Use bind_storage pragma to override this type.
INFO: [HLS 200-1457] Automatically inferring inferring RAM_1WNR storage type for array 'W_local_243'. Use bind_storage pragma to override this type.
INFO: [HLS 200-1457] Automatically inferring inferring RAM_1WNR storage type for array 'W_local_211'. Use bind_storage pragma to override this type.
INFO: [HLS 200-1457] Automatically inferring inferring RAM_1WNR storage type for array 'W_local_179'. Use bind_storage pragma to override this type.
INFO: [HLS 200-1457] Automatically inferring inferring RAM_1WNR storage type for array 'W_local_147'. Use bind_storage pragma to override this type.
INFO: [HLS 200-1457] Automatically inferring inferring RAM_1WNR storage type for array 'W_local_242'. Use bind_storage pragma to override this type.
INFO: [HLS 200-1457] Automatically inferring inferring RAM_1WNR storage type for array 'W_local_210'. Use bind_storage pragma to override this type.
INFO: [HLS 200-1457] Automatically inferring inferring RAM_1WNR storage type for array 'W_local_178'. Use bind_storage pragma to override this type.
INFO: [HLS 200-1457] Automatically inferring inferring RAM_1WNR storage type for array 'W_local_146'. Use bind_storage pragma to override this type.
INFO: [HLS 200-1457] Automatically inferring inferring RAM_1WNR storage type for array 'W_local_241'. Use bind_storage pragma to override this type.
INFO: [HLS 200-1457] Automatically inferring inferring RAM_1WNR storage type for array 'W_local_209'. Use bind_storage pragma to override this type.
INFO: [HLS 200-1457] Automatically inferring inferring RAM_1WNR storage type for array 'W_local_177'. Use bind_storage pragma to override this type.
INFO: [HLS 200-1457] Automatically inferring inferring RAM_1WNR storage type for array 'W_local_145'. Use bind_storage pragma to override this type.
INFO: [HLS 200-1457] Automatically inferring inferring RAM_1WNR storage type for array 'W_local_240'. Use bind_storage pragma to override this type.
INFO: [HLS 200-1457] Automatically inferring inferring RAM_1WNR storage type for array 'W_local_208'. Use bind_storage pragma to override this type.
INFO: [HLS 200-1457] Automatically inferring inferring RAM_1WNR storage type for array 'W_local_176'. Use bind_storage pragma to override this type.
INFO: [HLS 200-1457] Automatically inferring inferring RAM_1WNR storage type for array 'W_local_144'. Use bind_storage pragma to override this type.
INFO: [HLS 200-1457] Automatically inferring inferring RAM_1WNR storage type for array 'W_local_239'. Use bind_storage pragma to override this type.
INFO: [HLS 200-1457] Automatically inferring inferring RAM_1WNR storage type for array 'W_local_207'. Use bind_storage pragma to override this type.
INFO: [HLS 200-1457] Automatically inferring inferring RAM_1WNR storage type for array 'W_local_175'. Use bind_storage pragma to override this type.
INFO: [HLS 200-1457] Automatically inferring inferring RAM_1WNR storage type for array 'W_local_143'. Use bind_storage pragma to override this type.
INFO: [HLS 200-1457] Automatically inferring inferring RAM_1WNR storage type for array 'W_local_238'. Use bind_storage pragma to override this type.
INFO: [HLS 200-1457] Automatically inferring inferring RAM_1WNR storage type for array 'W_local_206'. Use bind_storage pragma to override this type.
INFO: [HLS 200-1457] Automatically inferring inferring RAM_1WNR storage type for array 'W_local_174'. Use bind_storage pragma to override this type.
INFO: [HLS 200-1457] Automatically inferring inferring RAM_1WNR storage type for array 'W_local_142'. Use bind_storage pragma to override this type.
INFO: [HLS 200-1457] Automatically inferring inferring RAM_1WNR storage type for array 'W_local_237'. Use bind_storage pragma to override this type.
INFO: [HLS 200-1457] Automatically inferring inferring RAM_1WNR storage type for array 'W_local_205'. Use bind_storage pragma to override this type.
INFO: [HLS 200-1457] Automatically inferring inferring RAM_1WNR storage type for array 'W_local_173'. Use bind_storage pragma to override this type.
INFO: [HLS 200-1457] Automatically inferring inferring RAM_1WNR storage type for array 'W_local_141'. Use bind_storage pragma to override this type.
INFO: [HLS 200-1457] Automatically inferring inferring RAM_1WNR storage type for array 'W_local_236'. Use bind_storage pragma to override this type.
INFO: [HLS 200-1457] Automatically inferring inferring RAM_1WNR storage type for array 'W_local_204'. Use bind_storage pragma to override this type.
INFO: [HLS 200-1457] Automatically inferring inferring RAM_1WNR storage type for array 'W_local_172'. Use bind_storage pragma to override this type.
INFO: [HLS 200-1457] Automatically inferring inferring RAM_1WNR storage type for array 'W_local_140'. Use bind_storage pragma to override this type.
INFO: [HLS 200-1457] Automatically inferring inferring RAM_1WNR storage type for array 'W_local_235'. Use bind_storage pragma to override this type.
INFO: [HLS 200-1457] Automatically inferring inferring RAM_1WNR storage type for array 'W_local_203'. Use bind_storage pragma to override this type.
INFO: [HLS 200-1457] Automatically inferring inferring RAM_1WNR storage type for array 'W_local_171'. Use bind_storage pragma to override this type.
INFO: [HLS 200-1457] Automatically inferring inferring RAM_1WNR storage type for array 'W_local_139'. Use bind_storage pragma to override this type.
INFO: [HLS 200-1457] Automatically inferring inferring RAM_1WNR storage type for array 'W_local_234'. Use bind_storage pragma to override this type.
INFO: [HLS 200-1457] Automatically inferring inferring RAM_1WNR storage type for array 'W_local_202'. Use bind_storage pragma to override this type.
INFO: [HLS 200-1457] Automatically inferring inferring RAM_1WNR storage type for array 'W_local_170'. Use bind_storage pragma to override this type.
INFO: [HLS 200-1457] Automatically inferring inferring RAM_1WNR storage type for array 'W_local_138'. Use bind_storage pragma to override this type.
INFO: [HLS 200-1457] Automatically inferring inferring RAM_1WNR storage type for array 'W_local_233'. Use bind_storage pragma to override this type.
INFO: [HLS 200-1457] Automatically inferring inferring RAM_1WNR storage type for array 'W_local_201'. Use bind_storage pragma to override this type.
INFO: [HLS 200-1457] Automatically inferring inferring RAM_1WNR storage type for array 'W_local_169'. Use bind_storage pragma to override this type.
INFO: [HLS 200-1457] Automatically inferring inferring RAM_1WNR storage type for array 'W_local_137'. Use bind_storage pragma to override this type.
INFO: [HLS 200-1457] Automatically inferring inferring RAM_1WNR storage type for array 'W_local_232'. Use bind_storage pragma to override this type.
INFO: [HLS 200-1457] Automatically inferring inferring RAM_1WNR storage type for array 'W_local_200'. Use bind_storage pragma to override this type.
INFO: [HLS 200-1457] Automatically inferring inferring RAM_1WNR storage type for array 'W_local_168'. Use bind_storage pragma to override this type.
INFO: [HLS 200-1457] Automatically inferring inferring RAM_1WNR storage type for array 'W_local_136'. Use bind_storage pragma to override this type.
INFO: [HLS 200-1457] Automatically inferring inferring RAM_1WNR storage type for array 'W_local_231'. Use bind_storage pragma to override this type.
INFO: [HLS 200-1457] Automatically inferring inferring RAM_1WNR storage type for array 'W_local_199'. Use bind_storage pragma to override this type.
INFO: [HLS 200-1457] Automatically inferring inferring RAM_1WNR storage type for array 'W_local_167'. Use bind_storage pragma to override this type.
INFO: [HLS 200-1457] Automatically inferring inferring RAM_1WNR storage type for array 'W_local_135'. Use bind_storage pragma to override this type.
INFO: [HLS 200-1457] Automatically inferring inferring RAM_1WNR storage type for array 'W_local_230'. Use bind_storage pragma to override this type.
INFO: [HLS 200-1457] Automatically inferring inferring RAM_1WNR storage type for array 'W_local_198'. Use bind_storage pragma to override this type.
INFO: [HLS 200-1457] Automatically inferring inferring RAM_1WNR storage type for array 'W_local_166'. Use bind_storage pragma to override this type.
INFO: [HLS 200-1457] Automatically inferring inferring RAM_1WNR storage type for array 'W_local_134'. Use bind_storage pragma to override this type.
INFO: [HLS 200-1457] Automatically inferring inferring RAM_1WNR storage type for array 'W_local_229'. Use bind_storage pragma to override this type.
INFO: [HLS 200-1457] Automatically inferring inferring RAM_1WNR storage type for array 'W_local_197'. Use bind_storage pragma to override this type.
INFO: [HLS 200-1457] Automatically inferring inferring RAM_1WNR storage type for array 'W_local_165'. Use bind_storage pragma to override this type.
INFO: [HLS 200-1457] Automatically inferring inferring RAM_1WNR storage type for array 'W_local_133'. Use bind_storage pragma to override this type.
INFO: [HLS 200-1457] Automatically inferring inferring RAM_1WNR storage type for array 'W_local_228'. Use bind_storage pragma to override this type.
INFO: [HLS 200-1457] Automatically inferring inferring RAM_1WNR storage type for array 'W_local_196'. Use bind_storage pragma to override this type.
INFO: [HLS 200-1457] Automatically inferring inferring RAM_1WNR storage type for array 'W_local_164'. Use bind_storage pragma to override this type.
INFO: [HLS 200-1457] Automatically inferring inferring RAM_1WNR storage type for array 'W_local_132'. Use bind_storage pragma to override this type.
INFO: [HLS 200-1457] Automatically inferring inferring RAM_1WNR storage type for array 'W_local_227'. Use bind_storage pragma to override this type.
INFO: [HLS 200-1457] Automatically inferring inferring RAM_1WNR storage type for array 'W_local_195'. Use bind_storage pragma to override this type.
INFO: [HLS 200-1457] Automatically inferring inferring RAM_1WNR storage type for array 'W_local_163'. Use bind_storage pragma to override this type.
INFO: [HLS 200-1457] Automatically inferring inferring RAM_1WNR storage type for array 'W_local_131'. Use bind_storage pragma to override this type.
INFO: [HLS 200-1457] Automatically inferring inferring RAM_1WNR storage type for array 'W_local_226'. Use bind_storage pragma to override this type.
INFO: [HLS 200-1457] Automatically inferring inferring RAM_1WNR storage type for array 'W_local_194'. Use bind_storage pragma to override this type.
INFO: [HLS 200-1457] Automatically inferring inferring RAM_1WNR storage type for array 'W_local_162'. Use bind_storage pragma to override this type.
INFO: [HLS 200-1457] Automatically inferring inferring RAM_1WNR storage type for array 'W_local_130'. Use bind_storage pragma to override this type.
INFO: [HLS 200-1457] Automatically inferring inferring RAM_1WNR storage type for array 'W_local_225'. Use bind_storage pragma to override this type.
INFO: [HLS 200-1457] Automatically inferring inferring RAM_1WNR storage type for array 'W_local_193'. Use bind_storage pragma to override this type.
INFO: [HLS 200-1457] Automatically inferring inferring RAM_1WNR storage type for array 'W_local_161'. Use bind_storage pragma to override this type.
INFO: [HLS 200-1457] Automatically inferring inferring RAM_1WNR storage type for array 'W_local_129'. Use bind_storage pragma to override this type.
INFO: [HLS 200-1457] Automatically inferring inferring RAM_1WNR storage type for array 'W_local_224'. Use bind_storage pragma to override this type.
INFO: [HLS 200-1457] Automatically inferring inferring RAM_1WNR storage type for array 'W_local_192'. Use bind_storage pragma to override this type.
INFO: [HLS 200-1457] Automatically inferring inferring RAM_1WNR storage type for array 'W_local_160'. Use bind_storage pragma to override this type.
INFO: [HLS 200-1457] Automatically inferring inferring RAM_1WNR storage type for array 'W_local_128'. Use bind_storage pragma to override this type.
INFO: [HLS 200-1457] Automatically inferring inferring RAM_1WNR storage type for array 'W_local_223'. Use bind_storage pragma to override this type.
INFO: [HLS 200-1457] Automatically inferring inferring RAM_1WNR storage type for array 'W_local_191'. Use bind_storage pragma to override this type.
INFO: [HLS 200-1457] Automatically inferring inferring RAM_1WNR storage type for array 'W_local_159'. Use bind_storage pragma to override this type.
INFO: [HLS 200-1457] Automatically inferring inferring RAM_1WNR storage type for array 'W_local'. Use bind_storage pragma to override this type.
INFO: [SCHED 204-61] Pipelining loop 'VITIS_LOOP_164_12'.
WARNING: [HLS 200-880] The II Violation in module 'conv_bn_act_pool_3_Pipeline_VITIS_LOOP_164_12' (loop 'VITIS_LOOP_164_12'): Unable to enforce a carried dependence constraint (II = 1, distance = 1, offset = 0) between 'store' operation 0 bit ('add183196_write_ln173', ../main_5_slices.cpp:173) of variable 'conv_out', ../main_5_slices.cpp:173 on local variable 'add183196' and 'load' operation 16 bit ('add183196_load', ../main_5_slices.cpp:173) on local variable 'add183196'.
Resolution: For help on HLS 200-880 see docs.xilinx.com/access/sources/dita/topic?Doc_Version=2024.2%20English&url=ug1448-hls-guidance&resourceid=200-880.html
WARNING: [HLS 200-880] The II Violation in module 'conv_bn_act_pool_3_Pipeline_VITIS_LOOP_164_12' (loop 'VITIS_LOOP_164_12'): Unable to enforce a carried dependence constraint (II = 2, distance = 1, offset = 0) between 'store' operation 0 bit ('add183196_write_ln173', ../main_5_slices.cpp:173) of variable 'conv_out', ../main_5_slices.cpp:173 on local variable 'add183196' and 'load' operation 16 bit ('add183196_load', ../main_5_slices.cpp:173) on local variable 'add183196'.
Resolution: For help on HLS 200-880 see docs.xilinx.com/access/sources/dita/topic?Doc_Version=2024.2%20English&url=ug1448-hls-guidance&resourceid=200-880.html
INFO: [HLS 200-1470] Pipelining result : Target II = 1, Final II = 3, Depth = 171, loop 'VITIS_LOOP_164_12'
INFO: [SCHED 204-11] Finished scheduling.
INFO: [HLS 200-111] Finished Scheduling: CPU user time: 12.32 seconds. CPU system time: 0.09 seconds. Elapsed time: 12.43 seconds; current allocated memory: 1.206 GB.
INFO: [BIND 205-100] Starting micro-architecture generation ...
INFO: [BIND 205-101] Performing variable lifetime analysis.
INFO: [BIND 205-101] Exploring resource sharing.
INFO: [BIND 205-101] Binding ...
INFO: [BIND 205-100] Finished micro-architecture generation.
INFO: [HLS 200-111] Finished Binding: CPU user time: 2.92 seconds. CPU system time: 0.03 seconds. Elapsed time: 2.96 seconds; current allocated memory: 1.220 GB.
INFO: [HLS 200-10] ----------------------------------------------------------------
INFO: [HLS 200-42] -- Implementing module 'conv_bn_act_pool_3_Pipeline_VITIS_LOOP_188_16' 
INFO: [HLS 200-10] ----------------------------------------------------------------
INFO: [SCHED 204-11] Starting scheduling ...
INFO: [SCHED 204-61] Pipelining loop 'VITIS_LOOP_188_16'.
INFO: [HLS 200-1470] Pipelining result : Target II = NA, Final II = 1, Depth = 9, loop 'VITIS_LOOP_188_16'
INFO: [SCHED 204-11] Finished scheduling.
INFO: [HLS 200-111] Finished Scheduling: CPU user time: 0.67 seconds. CPU system time: 0.03 seconds. Elapsed time: 0.7 seconds; current allocated memory: 1.223 GB.
INFO: [BIND 205-100] Starting micro-architecture generation ...
INFO: [BIND 205-101] Performing variable lifetime analysis.
INFO: [BIND 205-101] Exploring resource sharing.
INFO: [BIND 205-101] Binding ...
INFO: [BIND 205-100] Finished micro-architecture generation.
INFO: [HLS 200-111] Finished Binding: CPU user time: 0.08 seconds. CPU system time: 0.01 seconds. Elapsed time: 0.09 seconds; current allocated memory: 1.224 GB.
INFO: [HLS 200-10] ----------------------------------------------------------------
INFO: [HLS 200-42] -- Implementing module 'conv_bn_act_pool_3' 
INFO: [HLS 200-10] ----------------------------------------------------------------
INFO: [SCHED 204-11] Starting scheduling ...
INFO: [SCHED 204-11] Finished scheduling.
INFO: [HLS 200-111] Finished Scheduling: CPU user time: 0.39 seconds. CPU system time: 0 seconds. Elapsed time: 0.39 seconds; current allocated memory: 1.230 GB.
INFO: [BIND 205-100] Starting micro-architecture generation ...
INFO: [BIND 205-101] Performing variable lifetime analysis.
INFO: [BIND 205-101] Exploring resource sharing.
INFO: [BIND 205-101] Binding ...
INFO: [BIND 205-100] Finished micro-architecture generation.
INFO: [HLS 200-111] Finished Binding: CPU user time: 0.42 seconds. CPU system time: 0.02 seconds. Elapsed time: 0.47 seconds; current allocated memory: 1.231 GB.
INFO: [HLS 200-10] ----------------------------------------------------------------
INFO: [HLS 200-42] -- Implementing module 'run_all_slices_unrolled_Pipeline_Loop_BN4' 
INFO: [HLS 200-10] ----------------------------------------------------------------
INFO: [SCHED 204-11] Starting scheduling ...
INFO: [SCHED 204-61] Pipelining loop 'Loop_BN'.
INFO: [HLS 200-1470] Pipelining result : Target II = NA, Final II = 1, Depth = 39, loop 'Loop_BN'
INFO: [SCHED 204-11] Finished scheduling.
INFO: [HLS 200-111] Finished Scheduling: CPU user time: 0.39 seconds. CPU system time: 0.01 seconds. Elapsed time: 0.4 seconds; current allocated memory: 1.231 GB.
INFO: [BIND 205-100] Starting micro-architecture generation ...
INFO: [BIND 205-101] Performing variable lifetime analysis.
INFO: [BIND 205-101] Exploring resource sharing.
INFO: [BIND 205-101] Binding ...
INFO: [BIND 205-100] Finished micro-architecture generation.
INFO: [HLS 200-111] Finished Binding: CPU user time: 0.06 seconds. CPU system time: 0.01 seconds. Elapsed time: 0.06 seconds; current allocated memory: 1.232 GB.
INFO: [HLS 200-10] ----------------------------------------------------------------
INFO: [HLS 200-42] -- Implementing module 'run_all_slices_unrolled_Pipeline_MergedLoop3' 
INFO: [HLS 200-10] ----------------------------------------------------------------
INFO: [SCHED 204-11] Starting scheduling ...
INFO: [SCHED 204-61] Pipelining loop 'MergedLoop3'.
INFO: [HLS 200-1470] Pipelining result : Target II = NA, Final II = 1, Depth = 8, loop 'MergedLoop3'
INFO: [SCHED 204-11] Finished scheduling.
INFO: [HLS 200-111] Finished Scheduling: CPU user time: 0.09 seconds. CPU system time: 0 seconds. Elapsed time: 0.1 seconds; current allocated memory: 1.232 GB.
INFO: [BIND 205-100] Starting micro-architecture generation ...
INFO: [BIND 205-101] Performing variable lifetime analysis.
INFO: [BIND 205-101] Exploring resource sharing.
INFO: [BIND 205-101] Binding ...
INFO: [BIND 205-100] Finished micro-architecture generation.
INFO: [HLS 200-111] Finished Binding: CPU user time: 0.05 seconds. CPU system time: 0 seconds. Elapsed time: 0.06 seconds; current allocated memory: 1.232 GB.
INFO: [HLS 200-10] ----------------------------------------------------------------
INFO: [HLS 200-42] -- Implementing module 'conv_bn_act_pool_4_Pipeline_BNParamsLoop' 
INFO: [HLS 200-10] ----------------------------------------------------------------
INFO: [SCHED 204-11] Starting scheduling ...
INFO: [SCHED 204-61] Pipelining loop 'BNParamsLoop'.
INFO: [HLS 200-1470] Pipelining result : Target II = 1, Final II = 1, Depth = 35, loop 'BNParamsLoop'
INFO: [SCHED 204-11] Finished scheduling.
INFO: [HLS 200-111] Finished Scheduling: CPU user time: 0.16 seconds. CPU system time: 0 seconds. Elapsed time: 0.16 seconds; current allocated memory: 1.234 GB.
INFO: [BIND 205-100] Starting micro-architecture generation ...
INFO: [BIND 205-101] Performing variable lifetime analysis.
INFO: [BIND 205-101] Exploring resource sharing.
INFO: [BIND 205-101] Binding ...
INFO: [BIND 205-100] Finished micro-architecture generation.
INFO: [HLS 200-111] Finished Binding: CPU user time: 0.08 seconds. CPU system time: 0.01 seconds. Elapsed time: 0.08 seconds; current allocated memory: 1.234 GB.
INFO: [HLS 200-10] ----------------------------------------------------------------
INFO: [HLS 200-42] -- Implementing module 'conv_bn_act_pool_4_Pipeline_VITIS_LOOP_106_1_VITIS_LOOP_107_2' 
INFO: [HLS 200-10] ----------------------------------------------------------------
INFO: [SCHED 204-11] Starting scheduling ...
INFO: [HLS 200-1457] Automatically inferring inferring RAM_1WNR storage type for array 'W_local_127'. Use bind_storage pragma to override this type.
INFO: [HLS 200-1457] Automatically inferring inferring RAM_1WNR storage type for array 'W_local_126'. Use bind_storage pragma to override this type.
INFO: [HLS 200-1457] Automatically inferring inferring RAM_1WNR storage type for array 'W_local_125'. Use bind_storage pragma to override this type.
INFO: [HLS 200-1457] Automatically inferring inferring RAM_1WNR storage type for array 'W_local_124'. Use bind_storage pragma to override this type.
INFO: [HLS 200-1457] Automatically inferring inferring RAM_1WNR storage type for array 'W_local_123'. Use bind_storage pragma to override this type.
INFO: [HLS 200-1457] Automatically inferring inferring RAM_1WNR storage type for array 'W_local_122'. Use bind_storage pragma to override this type.
INFO: [HLS 200-1457] Automatically inferring inferring RAM_1WNR storage type for array 'W_local_121'. Use bind_storage pragma to override this type.
INFO: [HLS 200-1457] Automatically inferring inferring RAM_1WNR storage type for array 'W_local_120'. Use bind_storage pragma to override this type.
INFO: [HLS 200-1457] Automatically inferring inferring RAM_1WNR storage type for array 'W_local_119'. Use bind_storage pragma to override this type.
INFO: [HLS 200-1457] Automatically inferring inferring RAM_1WNR storage type for array 'W_local_118'. Use bind_storage pragma to override this type.
INFO: [HLS 200-1457] Automatically inferring inferring RAM_1WNR storage type for array 'W_local_117'. Use bind_storage pragma to override this type.
INFO: [HLS 200-1457] Automatically inferring inferring RAM_1WNR storage type for array 'W_local_116'. Use bind_storage pragma to override this type.
INFO: [HLS 200-1457] Automatically inferring inferring RAM_1WNR storage type for array 'W_local_115'. Use bind_storage pragma to override this type.
INFO: [HLS 200-1457] Automatically inferring inferring RAM_1WNR storage type for array 'W_local_114'. Use bind_storage pragma to override this type.
INFO: [HLS 200-1457] Automatically inferring inferring RAM_1WNR storage type for array 'W_local_113'. Use bind_storage pragma to override this type.
INFO: [HLS 200-1457] Automatically inferring inferring RAM_1WNR storage type for array 'W_local_112'. Use bind_storage pragma to override this type.
INFO: [HLS 200-1457] Automatically inferring inferring RAM_1WNR storage type for array 'W_local_111'. Use bind_storage pragma to override this type.
INFO: [HLS 200-1457] Automatically inferring inferring RAM_1WNR storage type for array 'W_local_110'. Use bind_storage pragma to override this type.
INFO: [HLS 200-1457] Automatically inferring inferring RAM_1WNR storage type for array 'W_local_109'. Use bind_storage pragma to override this type.
INFO: [HLS 200-1457] Automatically inferring inferring RAM_1WNR storage type for array 'W_local_108'. Use bind_storage pragma to override this type.
INFO: [HLS 200-1457] Automatically inferring inferring RAM_1WNR storage type for array 'W_local_107'. Use bind_storage pragma to override this type.
INFO: [HLS 200-1457] Automatically inferring inferring RAM_1WNR storage type for array 'W_local_106'. Use bind_storage pragma to override this type.
INFO: [HLS 200-1457] Automatically inferring inferring RAM_1WNR storage type for array 'W_local_105'. Use bind_storage pragma to override this type.
INFO: [HLS 200-1457] Automatically inferring inferring RAM_1WNR storage type for array 'W_local_104'. Use bind_storage pragma to override this type.
INFO: [HLS 200-1457] Automatically inferring inferring RAM_1WNR storage type for array 'W_local_103'. Use bind_storage pragma to override this type.
INFO: [HLS 200-1457] Automatically inferring inferring RAM_1WNR storage type for array 'W_local_102'. Use bind_storage pragma to override this type.
INFO: [HLS 200-1457] Automatically inferring inferring RAM_1WNR storage type for array 'W_local_101'. Use bind_storage pragma to override this type.
INFO: [HLS 200-1457] Automatically inferring inferring RAM_1WNR storage type for array 'W_local_100'. Use bind_storage pragma to override this type.
INFO: [HLS 200-1457] Automatically inferring inferring RAM_1WNR storage type for array 'W_local_99'. Use bind_storage pragma to override this type.
INFO: [HLS 200-1457] Automatically inferring inferring RAM_1WNR storage type for array 'W_local_98'. Use bind_storage pragma to override this type.
INFO: [HLS 200-1457] Automatically inferring inferring RAM_1WNR storage type for array 'W_local_97'. Use bind_storage pragma to override this type.
INFO: [HLS 200-1457] Automatically inferring inferring RAM_1WNR storage type for array 'W_local_96'. Use bind_storage pragma to override this type.
INFO: [HLS 200-1457] Automatically inferring inferring RAM_1WNR storage type for array 'W_local_31'. Use bind_storage pragma to override this type.
INFO: [HLS 200-1457] Automatically inferring inferring RAM_1WNR storage type for array 'W_local_30'. Use bind_storage pragma to override this type.
INFO: [HLS 200-1457] Automatically inferring inferring RAM_1WNR storage type for array 'W_local_29'. Use bind_storage pragma to override this type.
INFO: [HLS 200-1457] Automatically inferring inferring RAM_1WNR storage type for array 'W_local_28'. Use bind_storage pragma to override this type.
INFO: [HLS 200-1457] Automatically inferring inferring RAM_1WNR storage type for array 'W_local_27'. Use bind_storage pragma to override this type.
INFO: [HLS 200-1457] Automatically inferring inferring RAM_1WNR storage type for array 'W_local_26'. Use bind_storage pragma to override this type.
INFO: [HLS 200-1457] Automatically inferring inferring RAM_1WNR storage type for array 'W_local_25'. Use bind_storage pragma to override this type.
INFO: [HLS 200-1457] Automatically inferring inferring RAM_1WNR storage type for array 'W_local_24'. Use bind_storage pragma to override this type.
INFO: [HLS 200-1457] Automatically inferring inferring RAM_1WNR storage type for array 'W_local_23'. Use bind_storage pragma to override this type.
INFO: [HLS 200-1457] Automatically inferring inferring RAM_1WNR storage type for array 'W_local_22'. Use bind_storage pragma to override this type.
INFO: [HLS 200-1457] Automatically inferring inferring RAM_1WNR storage type for array 'W_local_21'. Use bind_storage pragma to override this type.
INFO: [HLS 200-1457] Automatically inferring inferring RAM_1WNR storage type for array 'W_local_20'. Use bind_storage pragma to override this type.
INFO: [HLS 200-1457] Automatically inferring inferring RAM_1WNR storage type for array 'W_local_19'. Use bind_storage pragma to override this type.
INFO: [HLS 200-1457] Automatically inferring inferring RAM_1WNR storage type for array 'W_local_18'. Use bind_storage pragma to override this type.
INFO: [HLS 200-1457] Automatically inferring inferring RAM_1WNR storage type for array 'W_local_17'. Use bind_storage pragma to override this type.
INFO: [HLS 200-1457] Automatically inferring inferring RAM_1WNR storage type for array 'W_local_16'. Use bind_storage pragma to override this type.
INFO: [HLS 200-1457] Automatically inferring inferring RAM_1WNR storage type for array 'W_local_15'. Use bind_storage pragma to override this type.
INFO: [HLS 200-1457] Automatically inferring inferring RAM_1WNR storage type for array 'W_local_14'. Use bind_storage pragma to override this type.
INFO: [HLS 200-1457] Automatically inferring inferring RAM_1WNR storage type for array 'W_local_13'. Use bind_storage pragma to override this type.
INFO: [HLS 200-1457] Automatically inferring inferring RAM_1WNR storage type for array 'W_local_12'. Use bind_storage pragma to override this type.
INFO: [HLS 200-1457] Automatically inferring inferring RAM_1WNR storage type for array 'W_local_11'. Use bind_storage pragma to override this type.
INFO: [HLS 200-1457] Automatically inferring inferring RAM_1WNR storage type for array 'W_local_10'. Use bind_storage pragma to override this type.
INFO: [HLS 200-1457] Automatically inferring inferring RAM_1WNR storage type for array 'W_local_9'. Use bind_storage pragma to override this type.
INFO: [HLS 200-1457] Automatically inferring inferring RAM_1WNR storage type for array 'W_local_8'. Use bind_storage pragma to override this type.
INFO: [HLS 200-1457] Automatically inferring inferring RAM_1WNR storage type for array 'W_local_7'. Use bind_storage pragma to override this type.
INFO: [HLS 200-1457] Automatically inferring inferring RAM_1WNR storage type for array 'W_local_6'. Use bind_storage pragma to override this type.
INFO: [HLS 200-1457] Automatically inferring inferring RAM_1WNR storage type for array 'W_local_5'. Use bind_storage pragma to override this type.
INFO: [HLS 200-1457] Automatically inferring inferring RAM_1WNR storage type for array 'W_local_4'. Use bind_storage pragma to override this type.
INFO: [HLS 200-1457] Automatically inferring inferring RAM_1WNR storage type for array 'W_local_3'. Use bind_storage pragma to override this type.
INFO: [HLS 200-1457] Automatically inferring inferring RAM_1WNR storage type for array 'W_local_2'. Use bind_storage pragma to override this type.
INFO: [HLS 200-1457] Automatically inferring inferring RAM_1WNR storage type for array 'W_local_1'. Use bind_storage pragma to override this type.
INFO: [HLS 200-1457] Automatically inferring inferring RAM_1WNR storage type for array 'W_local'. Use bind_storage pragma to override this type.
INFO: [HLS 200-1457] Automatically inferring inferring RAM_1WNR storage type for array 'W_local_63'. Use bind_storage pragma to override this type.
INFO: [HLS 200-1457] Automatically inferring inferring RAM_1WNR storage type for array 'W_local_62'. Use bind_storage pragma to override this type.
INFO: [HLS 200-1457] Automatically inferring inferring RAM_1WNR storage type for array 'W_local_61'. Use bind_storage pragma to override this type.
INFO: [HLS 200-1457] Automatically inferring inferring RAM_1WNR storage type for array 'W_local_60'. Use bind_storage pragma to override this type.
INFO: [HLS 200-1457] Automatically inferring inferring RAM_1WNR storage type for array 'W_local_59'. Use bind_storage pragma to override this type.
INFO: [HLS 200-1457] Automatically inferring inferring RAM_1WNR storage type for array 'W_local_58'. Use bind_storage pragma to override this type.
INFO: [HLS 200-1457] Automatically inferring inferring RAM_1WNR storage type for array 'W_local_57'. Use bind_storage pragma to override this type.
INFO: [HLS 200-1457] Automatically inferring inferring RAM_1WNR storage type for array 'W_local_56'. Use bind_storage pragma to override this type.
INFO: [HLS 200-1457] Automatically inferring inferring RAM_1WNR storage type for array 'W_local_55'. Use bind_storage pragma to override this type.
INFO: [HLS 200-1457] Automatically inferring inferring RAM_1WNR storage type for array 'W_local_54'. Use bind_storage pragma to override this type.
INFO: [HLS 200-1457] Automatically inferring inferring RAM_1WNR storage type for array 'W_local_53'. Use bind_storage pragma to override this type.
INFO: [HLS 200-1457] Automatically inferring inferring RAM_1WNR storage type for array 'W_local_52'. Use bind_storage pragma to override this type.
INFO: [HLS 200-1457] Automatically inferring inferring RAM_1WNR storage type for array 'W_local_51'. Use bind_storage pragma to override this type.
INFO: [HLS 200-1457] Automatically inferring inferring RAM_1WNR storage type for array 'W_local_50'. Use bind_storage pragma to override this type.
INFO: [HLS 200-1457] Automatically inferring inferring RAM_1WNR storage type for array 'W_local_49'. Use bind_storage pragma to override this type.
INFO: [HLS 200-1457] Automatically inferring inferring RAM_1WNR storage type for array 'W_local_48'. Use bind_storage pragma to override this type.
INFO: [HLS 200-1457] Automatically inferring inferring RAM_1WNR storage type for array 'W_local_47'. Use bind_storage pragma to override this type.
INFO: [HLS 200-1457] Automatically inferring inferring RAM_1WNR storage type for array 'W_local_46'. Use bind_storage pragma to override this type.
INFO: [HLS 200-1457] Automatically inferring inferring RAM_1WNR storage type for array 'W_local_45'. Use bind_storage pragma to override this type.
INFO: [HLS 200-1457] Automatically inferring inferring RAM_1WNR storage type for array 'W_local_44'. Use bind_storage pragma to override this type.
INFO: [HLS 200-1457] Automatically inferring inferring RAM_1WNR storage type for array 'W_local_43'. Use bind_storage pragma to override this type.
INFO: [HLS 200-1457] Automatically inferring inferring RAM_1WNR storage type for array 'W_local_42'. Use bind_storage pragma to override this type.
INFO: [HLS 200-1457] Automatically inferring inferring RAM_1WNR storage type for array 'W_local_41'. Use bind_storage pragma to override this type.
INFO: [HLS 200-1457] Automatically inferring inferring RAM_1WNR storage type for array 'W_local_40'. Use bind_storage pragma to override this type.
INFO: [HLS 200-1457] Automatically inferring inferring RAM_1WNR storage type for array 'W_local_39'. Use bind_storage pragma to override this type.
INFO: [HLS 200-1457] Automatically inferring inferring RAM_1WNR storage type for array 'W_local_38'. Use bind_storage pragma to override this type.
INFO: [HLS 200-1457] Automatically inferring inferring RAM_1WNR storage type for array 'W_local_37'. Use bind_storage pragma to override this type.
INFO: [HLS 200-1457] Automatically inferring inferring RAM_1WNR storage type for array 'W_local_36'. Use bind_storage pragma to override this type.
INFO: [HLS 200-1457] Automatically inferring inferring RAM_1WNR storage type for array 'W_local_35'. Use bind_storage pragma to override this type.
INFO: [HLS 200-1457] Automatically inferring inferring RAM_1WNR storage type for array 'W_local_34'. Use bind_storage pragma to override this type.
INFO: [HLS 200-1457] Automatically inferring inferring RAM_1WNR storage type for array 'W_local_33'. Use bind_storage pragma to override this type.
INFO: [HLS 200-1457] Automatically inferring inferring RAM_1WNR storage type for array 'W_local_32'. Use bind_storage pragma to override this type.
INFO: [HLS 200-1457] Automatically inferring inferring RAM_1WNR storage type for array 'W_local_95'. Use bind_storage pragma to override this type.
INFO: [HLS 200-1457] Automatically inferring inferring RAM_1WNR storage type for array 'W_local_94'. Use bind_storage pragma to override this type.
INFO: [HLS 200-1457] Automatically inferring inferring RAM_1WNR storage type for array 'W_local_93'. Use bind_storage pragma to override this type.
INFO: [HLS 200-1457] Automatically inferring inferring RAM_1WNR storage type for array 'W_local_92'. Use bind_storage pragma to override this type.
INFO: [HLS 200-1457] Automatically inferring inferring RAM_1WNR storage type for array 'W_local_91'. Use bind_storage pragma to override this type.
INFO: [HLS 200-1457] Automatically inferring inferring RAM_1WNR storage type for array 'W_local_90'. Use bind_storage pragma to override this type.
INFO: [HLS 200-1457] Automatically inferring inferring RAM_1WNR storage type for array 'W_local_89'. Use bind_storage pragma to override this type.
INFO: [HLS 200-1457] Automatically inferring inferring RAM_1WNR storage type for array 'W_local_88'. Use bind_storage pragma to override this type.
INFO: [HLS 200-1457] Automatically inferring inferring RAM_1WNR storage type for array 'W_local_87'. Use bind_storage pragma to override this type.
INFO: [HLS 200-1457] Automatically inferring inferring RAM_1WNR storage type for array 'W_local_86'. Use bind_storage pragma to override this type.
INFO: [HLS 200-1457] Automatically inferring inferring RAM_1WNR storage type for array 'W_local_85'. Use bind_storage pragma to override this type.
INFO: [HLS 200-1457] Automatically inferring inferring RAM_1WNR storage type for array 'W_local_84'. Use bind_storage pragma to override this type.
INFO: [HLS 200-1457] Automatically inferring inferring RAM_1WNR storage type for array 'W_local_83'. Use bind_storage pragma to override this type.
INFO: [HLS 200-1457] Automatically inferring inferring RAM_1WNR storage type for array 'W_local_82'. Use bind_storage pragma to override this type.
INFO: [HLS 200-1457] Automatically inferring inferring RAM_1WNR storage type for array 'W_local_81'. Use bind_storage pragma to override this type.
INFO: [HLS 200-1457] Automatically inferring inferring RAM_1WNR storage type for array 'W_local_80'. Use bind_storage pragma to override this type.
INFO: [HLS 200-1457] Automatically inferring inferring RAM_1WNR storage type for array 'W_local_79'. Use bind_storage pragma to override this type.
INFO: [HLS 200-1457] Automatically inferring inferring RAM_1WNR storage type for array 'W_local_78'. Use bind_storage pragma to override this type.
INFO: [HLS 200-1457] Automatically inferring inferring RAM_1WNR storage type for array 'W_local_77'. Use bind_storage pragma to override this type.
INFO: [HLS 200-1457] Automatically inferring inferring RAM_1WNR storage type for array 'W_local_76'. Use bind_storage pragma to override this type.
INFO: [HLS 200-1457] Automatically inferring inferring RAM_1WNR storage type for array 'W_local_75'. Use bind_storage pragma to override this type.
INFO: [HLS 200-1457] Automatically inferring inferring RAM_1WNR storage type for array 'W_local_74'. Use bind_storage pragma to override this type.
INFO: [HLS 200-1457] Automatically inferring inferring RAM_1WNR storage type for array 'W_local_73'. Use bind_storage pragma to override this type.
INFO: [HLS 200-1457] Automatically inferring inferring RAM_1WNR storage type for array 'W_local_72'. Use bind_storage pragma to override this type.
INFO: [HLS 200-1457] Automatically inferring inferring RAM_1WNR storage type for array 'W_local_71'. Use bind_storage pragma to override this type.
INFO: [HLS 200-1457] Automatically inferring inferring RAM_1WNR storage type for array 'W_local_70'. Use bind_storage pragma to override this type.
INFO: [HLS 200-1457] Automatically inferring inferring RAM_1WNR storage type for array 'W_local_69'. Use bind_storage pragma to override this type.
INFO: [HLS 200-1457] Automatically inferring inferring RAM_1WNR storage type for array 'W_local_68'. Use bind_storage pragma to override this type.
INFO: [HLS 200-1457] Automatically inferring inferring RAM_1WNR storage type for array 'W_local_67'. Use bind_storage pragma to override this type.
INFO: [HLS 200-1457] Automatically inferring inferring RAM_1WNR storage type for array 'W_local_66'. Use bind_storage pragma to override this type.
INFO: [HLS 200-1457] Automatically inferring inferring RAM_1WNR storage type for array 'W_local_65'. Use bind_storage pragma to override this type.
INFO: [HLS 200-1457] Automatically inferring inferring RAM_1WNR storage type for array 'W_local_64'. Use bind_storage pragma to override this type.
INFO: [SCHED 204-61] Pipelining loop 'VITIS_LOOP_106_1_VITIS_LOOP_107_2'.
INFO: [HLS 200-1470] Pipelining result : Target II = NA, Final II = 1, Depth = 4, loop 'VITIS_LOOP_106_1_VITIS_LOOP_107_2'
INFO: [SCHED 204-11] Finished scheduling.
INFO: [HLS 200-111] Finished Scheduling: CPU user time: 1.94 seconds. CPU system time: 0.08 seconds. Elapsed time: 2.03 seconds; current allocated memory: 1.238 GB.
INFO: [BIND 205-100] Starting micro-architecture generation ...
INFO: [BIND 205-101] Performing variable lifetime analysis.
INFO: [BIND 205-101] Exploring resource sharing.
INFO: [BIND 205-101] Binding ...
INFO: [BIND 205-100] Finished micro-architecture generation.
INFO: [HLS 200-111] Finished Binding: CPU user time: 0.1 seconds. CPU system time: 0 seconds. Elapsed time: 0.1 seconds; current allocated memory: 1.239 GB.
INFO: [HLS 200-10] ----------------------------------------------------------------
INFO: [HLS 200-42] -- Implementing module 'conv_bn_act_pool_4_Pipeline_VITIS_LOOP_141_8' 
INFO: [HLS 200-10] ----------------------------------------------------------------
INFO: [SCHED 204-11] Starting scheduling ...
INFO: [SCHED 204-61] Pipelining loop 'VITIS_LOOP_141_8'.
INFO: [HLS 200-1470] Pipelining result : Target II = NA, Final II = 1, Depth = 2, loop 'VITIS_LOOP_141_8'
INFO: [SCHED 204-11] Finished scheduling.
INFO: [HLS 200-111] Finished Scheduling: CPU user time: 0.27 seconds. CPU system time: 0.01 seconds. Elapsed time: 0.28 seconds; current allocated memory: 1.241 GB.
INFO: [BIND 205-100] Starting micro-architecture generation ...
INFO: [BIND 205-101] Performing variable lifetime analysis.
INFO: [BIND 205-101] Exploring resource sharing.
INFO: [BIND 205-101] Binding ...
INFO: [BIND 205-100] Finished micro-architecture generation.
INFO: [HLS 200-111] Finished Binding: CPU user time: 0.09 seconds. CPU system time: 0.01 seconds. Elapsed time: 0.09 seconds; current allocated memory: 1.241 GB.
INFO: [HLS 200-10] ----------------------------------------------------------------
INFO: [HLS 200-42] -- Implementing module 'conv_bn_act_pool_4_Pipeline_VITIS_LOOP_148_10' 
INFO: [HLS 200-10] ----------------------------------------------------------------
INFO: [SCHED 204-11] Starting scheduling ...
INFO: [SCHED 204-61] Pipelining loop 'VITIS_LOOP_148_10'.
INFO: [HLS 200-1470] Pipelining result : Target II = NA, Final II = 1, Depth = 4, loop 'VITIS_LOOP_148_10'
INFO: [SCHED 204-11] Finished scheduling.
INFO: [HLS 200-111] Finished Scheduling: CPU user time: 0.17 seconds. CPU system time: 0.01 seconds. Elapsed time: 0.19 seconds; current allocated memory: 1.243 GB.
INFO: [BIND 205-100] Starting micro-architecture generation ...
INFO: [BIND 205-101] Performing variable lifetime analysis.
INFO: [BIND 205-101] Exploring resource sharing.
INFO: [BIND 205-101] Binding ...
INFO: [BIND 205-100] Finished micro-architecture generation.
INFO: [HLS 200-111] Finished Binding: CPU user time: 0.09 seconds. CPU system time: 0 seconds. Elapsed time: 0.09 seconds; current allocated memory: 1.244 GB.
INFO: [HLS 200-10] ----------------------------------------------------------------
INFO: [HLS 200-42] -- Implementing module 'conv_bn_act_pool_4_Pipeline_VITIS_LOOP_132_6' 
INFO: [HLS 200-10] ----------------------------------------------------------------
INFO: [SCHED 204-11] Starting scheduling ...
INFO: [SCHED 204-61] Pipelining loop 'VITIS_LOOP_132_6'.
INFO: [HLS 200-1470] Pipelining result : Target II = NA, Final II = 1, Depth = 4, loop 'VITIS_LOOP_132_6'
INFO: [SCHED 204-11] Finished scheduling.
INFO: [HLS 200-111] Finished Scheduling: CPU user time: 0.25 seconds. CPU system time: 0.01 seconds. Elapsed time: 0.25 seconds; current allocated memory: 1.245 GB.
INFO: [BIND 205-100] Starting micro-architecture generation ...
INFO: [BIND 205-101] Performing variable lifetime analysis.
INFO: [BIND 205-101] Exploring resource sharing.
INFO: [BIND 205-101] Binding ...
INFO: [BIND 205-100] Finished micro-architecture generation.
INFO: [HLS 200-111] Finished Binding: CPU user time: 0.08 seconds. CPU system time: 0 seconds. Elapsed time: 0.08 seconds; current allocated memory: 1.246 GB.
INFO: [HLS 200-10] ----------------------------------------------------------------
INFO: [HLS 200-42] -- Implementing module 'conv_bn_act_pool_4_Pipeline_VITIS_LOOP_158_11' 
INFO: [HLS 200-10] ----------------------------------------------------------------
INFO: [SCHED 204-11] Starting scheduling ...
INFO: [SCHED 204-61] Pipelining loop 'VITIS_LOOP_158_11'.
INFO: [HLS 200-1470] Pipelining result : Target II = NA, Final II = 1, Depth = 1, loop 'VITIS_LOOP_158_11'
INFO: [SCHED 204-11] Finished scheduling.
INFO: [HLS 200-111] Finished Scheduling: CPU user time: 0.13 seconds. CPU system time: 0.01 seconds. Elapsed time: 0.14 seconds; current allocated memory: 1.246 GB.
INFO: [BIND 205-100] Starting micro-architecture generation ...
INFO: [BIND 205-101] Performing variable lifetime analysis.
INFO: [BIND 205-101] Exploring resource sharing.
INFO: [BIND 205-101] Binding ...
INFO: [BIND 205-100] Finished micro-architecture generation.
INFO: [HLS 200-111] Finished Binding: CPU user time: 0.07 seconds. CPU system time: 0.01 seconds. Elapsed time: 0.08 seconds; current allocated memory: 1.247 GB.
INFO: [HLS 200-10] ----------------------------------------------------------------
INFO: [HLS 200-42] -- Implementing module 'conv_bn_act_pool_4_Pipeline_VITIS_LOOP_164_12' 
INFO: [HLS 200-10] ----------------------------------------------------------------
INFO: [SCHED 204-11] Starting scheduling ...
INFO: [HLS 200-1457] Automatically inferring inferring RAM_1WNR storage type for array 'W_local_127'. Use bind_storage pragma to override this type.
INFO: [HLS 200-1457] Automatically inferring inferring RAM_1WNR storage type for array 'W_local_95'. Use bind_storage pragma to override this type.
INFO: [HLS 200-1457] Automatically inferring inferring RAM_1WNR storage type for array 'W_local_63'. Use bind_storage pragma to override this type.
INFO: [HLS 200-1457] Automatically inferring inferring RAM_1WNR storage type for array 'W_local_31'. Use bind_storage pragma to override this type.
INFO: [HLS 200-1457] Automatically inferring inferring RAM_1WNR storage type for array 'W_local_126'. Use bind_storage pragma to override this type.
INFO: [HLS 200-1457] Automatically inferring inferring RAM_1WNR storage type for array 'W_local_94'. Use bind_storage pragma to override this type.
INFO: [HLS 200-1457] Automatically inferring inferring RAM_1WNR storage type for array 'W_local_62'. Use bind_storage pragma to override this type.
INFO: [HLS 200-1457] Automatically inferring inferring RAM_1WNR storage type for array 'W_local_30'. Use bind_storage pragma to override this type.
INFO: [HLS 200-1457] Automatically inferring inferring RAM_1WNR storage type for array 'W_local_125'. Use bind_storage pragma to override this type.
INFO: [HLS 200-1457] Automatically inferring inferring RAM_1WNR storage type for array 'W_local_93'. Use bind_storage pragma to override this type.
INFO: [HLS 200-1457] Automatically inferring inferring RAM_1WNR storage type for array 'W_local_61'. Use bind_storage pragma to override this type.
INFO: [HLS 200-1457] Automatically inferring inferring RAM_1WNR storage type for array 'W_local_29'. Use bind_storage pragma to override this type.
INFO: [HLS 200-1457] Automatically inferring inferring RAM_1WNR storage type for array 'W_local_124'. Use bind_storage pragma to override this type.
INFO: [HLS 200-1457] Automatically inferring inferring RAM_1WNR storage type for array 'W_local_92'. Use bind_storage pragma to override this type.
INFO: [HLS 200-1457] Automatically inferring inferring RAM_1WNR storage type for array 'W_local_60'. Use bind_storage pragma to override this type.
INFO: [HLS 200-1457] Automatically inferring inferring RAM_1WNR storage type for array 'W_local_28'. Use bind_storage pragma to override this type.
INFO: [HLS 200-1457] Automatically inferring inferring RAM_1WNR storage type for array 'W_local_123'. Use bind_storage pragma to override this type.
INFO: [HLS 200-1457] Automatically inferring inferring RAM_1WNR storage type for array 'W_local_91'. Use bind_storage pragma to override this type.
INFO: [HLS 200-1457] Automatically inferring inferring RAM_1WNR storage type for array 'W_local_59'. Use bind_storage pragma to override this type.
INFO: [HLS 200-1457] Automatically inferring inferring RAM_1WNR storage type for array 'W_local_27'. Use bind_storage pragma to override this type.
INFO: [HLS 200-1457] Automatically inferring inferring RAM_1WNR storage type for array 'W_local_122'. Use bind_storage pragma to override this type.
INFO: [HLS 200-1457] Automatically inferring inferring RAM_1WNR storage type for array 'W_local_90'. Use bind_storage pragma to override this type.
INFO: [HLS 200-1457] Automatically inferring inferring RAM_1WNR storage type for array 'W_local_58'. Use bind_storage pragma to override this type.
INFO: [HLS 200-1457] Automatically inferring inferring RAM_1WNR storage type for array 'W_local_26'. Use bind_storage pragma to override this type.
INFO: [HLS 200-1457] Automatically inferring inferring RAM_1WNR storage type for array 'W_local_121'. Use bind_storage pragma to override this type.
INFO: [HLS 200-1457] Automatically inferring inferring RAM_1WNR storage type for array 'W_local_89'. Use bind_storage pragma to override this type.
INFO: [HLS 200-1457] Automatically inferring inferring RAM_1WNR storage type for array 'W_local_57'. Use bind_storage pragma to override this type.
INFO: [HLS 200-1457] Automatically inferring inferring RAM_1WNR storage type for array 'W_local_25'. Use bind_storage pragma to override this type.
INFO: [HLS 200-1457] Automatically inferring inferring RAM_1WNR storage type for array 'W_local_120'. Use bind_storage pragma to override this type.
INFO: [HLS 200-1457] Automatically inferring inferring RAM_1WNR storage type for array 'W_local_88'. Use bind_storage pragma to override this type.
INFO: [HLS 200-1457] Automatically inferring inferring RAM_1WNR storage type for array 'W_local_56'. Use bind_storage pragma to override this type.
INFO: [HLS 200-1457] Automatically inferring inferring RAM_1WNR storage type for array 'W_local_24'. Use bind_storage pragma to override this type.
INFO: [HLS 200-1457] Automatically inferring inferring RAM_1WNR storage type for array 'W_local_119'. Use bind_storage pragma to override this type.
INFO: [HLS 200-1457] Automatically inferring inferring RAM_1WNR storage type for array 'W_local_87'. Use bind_storage pragma to override this type.
INFO: [HLS 200-1457] Automatically inferring inferring RAM_1WNR storage type for array 'W_local_55'. Use bind_storage pragma to override this type.
INFO: [HLS 200-1457] Automatically inferring inferring RAM_1WNR storage type for array 'W_local_23'. Use bind_storage pragma to override this type.
INFO: [HLS 200-1457] Automatically inferring inferring RAM_1WNR storage type for array 'W_local_118'. Use bind_storage pragma to override this type.
INFO: [HLS 200-1457] Automatically inferring inferring RAM_1WNR storage type for array 'W_local_86'. Use bind_storage pragma to override this type.
INFO: [HLS 200-1457] Automatically inferring inferring RAM_1WNR storage type for array 'W_local_54'. Use bind_storage pragma to override this type.
INFO: [HLS 200-1457] Automatically inferring inferring RAM_1WNR storage type for array 'W_local_22'. Use bind_storage pragma to override this type.
INFO: [HLS 200-1457] Automatically inferring inferring RAM_1WNR storage type for array 'W_local_117'. Use bind_storage pragma to override this type.
INFO: [HLS 200-1457] Automatically inferring inferring RAM_1WNR storage type for array 'W_local_85'. Use bind_storage pragma to override this type.
INFO: [HLS 200-1457] Automatically inferring inferring RAM_1WNR storage type for array 'W_local_53'. Use bind_storage pragma to override this type.
INFO: [HLS 200-1457] Automatically inferring inferring RAM_1WNR storage type for array 'W_local_21'. Use bind_storage pragma to override this type.
INFO: [HLS 200-1457] Automatically inferring inferring RAM_1WNR storage type for array 'W_local_116'. Use bind_storage pragma to override this type.
INFO: [HLS 200-1457] Automatically inferring inferring RAM_1WNR storage type for array 'W_local_84'. Use bind_storage pragma to override this type.
INFO: [HLS 200-1457] Automatically inferring inferring RAM_1WNR storage type for array 'W_local_52'. Use bind_storage pragma to override this type.
INFO: [HLS 200-1457] Automatically inferring inferring RAM_1WNR storage type for array 'W_local_20'. Use bind_storage pragma to override this type.
INFO: [HLS 200-1457] Automatically inferring inferring RAM_1WNR storage type for array 'W_local_115'. Use bind_storage pragma to override this type.
INFO: [HLS 200-1457] Automatically inferring inferring RAM_1WNR storage type for array 'W_local_83'. Use bind_storage pragma to override this type.
INFO: [HLS 200-1457] Automatically inferring inferring RAM_1WNR storage type for array 'W_local_51'. Use bind_storage pragma to override this type.
INFO: [HLS 200-1457] Automatically inferring inferring RAM_1WNR storage type for array 'W_local_19'. Use bind_storage pragma to override this type.
INFO: [HLS 200-1457] Automatically inferring inferring RAM_1WNR storage type for array 'W_local_114'. Use bind_storage pragma to override this type.
INFO: [HLS 200-1457] Automatically inferring inferring RAM_1WNR storage type for array 'W_local_82'. Use bind_storage pragma to override this type.
INFO: [HLS 200-1457] Automatically inferring inferring RAM_1WNR storage type for array 'W_local_50'. Use bind_storage pragma to override this type.
INFO: [HLS 200-1457] Automatically inferring inferring RAM_1WNR storage type for array 'W_local_18'. Use bind_storage pragma to override this type.
INFO: [HLS 200-1457] Automatically inferring inferring RAM_1WNR storage type for array 'W_local_113'. Use bind_storage pragma to override this type.
INFO: [HLS 200-1457] Automatically inferring inferring RAM_1WNR storage type for array 'W_local_81'. Use bind_storage pragma to override this type.
INFO: [HLS 200-1457] Automatically inferring inferring RAM_1WNR storage type for array 'W_local_49'. Use bind_storage pragma to override this type.
INFO: [HLS 200-1457] Automatically inferring inferring RAM_1WNR storage type for array 'W_local_17'. Use bind_storage pragma to override this type.
INFO: [HLS 200-1457] Automatically inferring inferring RAM_1WNR storage type for array 'W_local_112'. Use bind_storage pragma to override this type.
INFO: [HLS 200-1457] Automatically inferring inferring RAM_1WNR storage type for array 'W_local_80'. Use bind_storage pragma to override this type.
INFO: [HLS 200-1457] Automatically inferring inferring RAM_1WNR storage type for array 'W_local_48'. Use bind_storage pragma to override this type.
INFO: [HLS 200-1457] Automatically inferring inferring RAM_1WNR storage type for array 'W_local_16'. Use bind_storage pragma to override this type.
INFO: [HLS 200-1457] Automatically inferring inferring RAM_1WNR storage type for array 'W_local_111'. Use bind_storage pragma to override this type.
INFO: [HLS 200-1457] Automatically inferring inferring RAM_1WNR storage type for array 'W_local_79'. Use bind_storage pragma to override this type.
INFO: [HLS 200-1457] Automatically inferring inferring RAM_1WNR storage type for array 'W_local_47'. Use bind_storage pragma to override this type.
INFO: [HLS 200-1457] Automatically inferring inferring RAM_1WNR storage type for array 'W_local_15'. Use bind_storage pragma to override this type.
INFO: [HLS 200-1457] Automatically inferring inferring RAM_1WNR storage type for array 'W_local_110'. Use bind_storage pragma to override this type.
INFO: [HLS 200-1457] Automatically inferring inferring RAM_1WNR storage type for array 'W_local_78'. Use bind_storage pragma to override this type.
INFO: [HLS 200-1457] Automatically inferring inferring RAM_1WNR storage type for array 'W_local_46'. Use bind_storage pragma to override this type.
INFO: [HLS 200-1457] Automatically inferring inferring RAM_1WNR storage type for array 'W_local_14'. Use bind_storage pragma to override this type.
INFO: [HLS 200-1457] Automatically inferring inferring RAM_1WNR storage type for array 'W_local_109'. Use bind_storage pragma to override this type.
INFO: [HLS 200-1457] Automatically inferring inferring RAM_1WNR storage type for array 'W_local_77'. Use bind_storage pragma to override this type.
INFO: [HLS 200-1457] Automatically inferring inferring RAM_1WNR storage type for array 'W_local_45'. Use bind_storage pragma to override this type.
INFO: [HLS 200-1457] Automatically inferring inferring RAM_1WNR storage type for array 'W_local_13'. Use bind_storage pragma to override this type.
INFO: [HLS 200-1457] Automatically inferring inferring RAM_1WNR storage type for array 'W_local_108'. Use bind_storage pragma to override this type.
INFO: [HLS 200-1457] Automatically inferring inferring RAM_1WNR storage type for array 'W_local_76'. Use bind_storage pragma to override this type.
INFO: [HLS 200-1457] Automatically inferring inferring RAM_1WNR storage type for array 'W_local_44'. Use bind_storage pragma to override this type.
INFO: [HLS 200-1457] Automatically inferring inferring RAM_1WNR storage type for array 'W_local_12'. Use bind_storage pragma to override this type.
INFO: [HLS 200-1457] Automatically inferring inferring RAM_1WNR storage type for array 'W_local_107'. Use bind_storage pragma to override this type.
INFO: [HLS 200-1457] Automatically inferring inferring RAM_1WNR storage type for array 'W_local_75'. Use bind_storage pragma to override this type.
INFO: [HLS 200-1457] Automatically inferring inferring RAM_1WNR storage type for array 'W_local_43'. Use bind_storage pragma to override this type.
INFO: [HLS 200-1457] Automatically inferring inferring RAM_1WNR storage type for array 'W_local_11'. Use bind_storage pragma to override this type.
INFO: [HLS 200-1457] Automatically inferring inferring RAM_1WNR storage type for array 'W_local_106'. Use bind_storage pragma to override this type.
INFO: [HLS 200-1457] Automatically inferring inferring RAM_1WNR storage type for array 'W_local_74'. Use bind_storage pragma to override this type.
INFO: [HLS 200-1457] Automatically inferring inferring RAM_1WNR storage type for array 'W_local_42'. Use bind_storage pragma to override this type.
INFO: [HLS 200-1457] Automatically inferring inferring RAM_1WNR storage type for array 'W_local_10'. Use bind_storage pragma to override this type.
INFO: [HLS 200-1457] Automatically inferring inferring RAM_1WNR storage type for array 'W_local_105'. Use bind_storage pragma to override this type.
INFO: [HLS 200-1457] Automatically inferring inferring RAM_1WNR storage type for array 'W_local_73'. Use bind_storage pragma to override this type.
INFO: [HLS 200-1457] Automatically inferring inferring RAM_1WNR storage type for array 'W_local_41'. Use bind_storage pragma to override this type.
INFO: [HLS 200-1457] Automatically inferring inferring RAM_1WNR storage type for array 'W_local_9'. Use bind_storage pragma to override this type.
INFO: [HLS 200-1457] Automatically inferring inferring RAM_1WNR storage type for array 'W_local_104'. Use bind_storage pragma to override this type.
INFO: [HLS 200-1457] Automatically inferring inferring RAM_1WNR storage type for array 'W_local_72'. Use bind_storage pragma to override this type.
INFO: [HLS 200-1457] Automatically inferring inferring RAM_1WNR storage type for array 'W_local_40'. Use bind_storage pragma to override this type.
INFO: [HLS 200-1457] Automatically inferring inferring RAM_1WNR storage type for array 'W_local_8'. Use bind_storage pragma to override this type.
INFO: [HLS 200-1457] Automatically inferring inferring RAM_1WNR storage type for array 'W_local_103'. Use bind_storage pragma to override this type.
INFO: [HLS 200-1457] Automatically inferring inferring RAM_1WNR storage type for array 'W_local_71'. Use bind_storage pragma to override this type.
INFO: [HLS 200-1457] Automatically inferring inferring RAM_1WNR storage type for array 'W_local_39'. Use bind_storage pragma to override this type.
INFO: [HLS 200-1457] Automatically inferring inferring RAM_1WNR storage type for array 'W_local_7'. Use bind_storage pragma to override this type.
INFO: [HLS 200-1457] Automatically inferring inferring RAM_1WNR storage type for array 'W_local_102'. Use bind_storage pragma to override this type.
INFO: [HLS 200-1457] Automatically inferring inferring RAM_1WNR storage type for array 'W_local_70'. Use bind_storage pragma to override this type.
INFO: [HLS 200-1457] Automatically inferring inferring RAM_1WNR storage type for array 'W_local_38'. Use bind_storage pragma to override this type.
INFO: [HLS 200-1457] Automatically inferring inferring RAM_1WNR storage type for array 'W_local_6'. Use bind_storage pragma to override this type.
INFO: [HLS 200-1457] Automatically inferring inferring RAM_1WNR storage type for array 'W_local_101'. Use bind_storage pragma to override this type.
INFO: [HLS 200-1457] Automatically inferring inferring RAM_1WNR storage type for array 'W_local_69'. Use bind_storage pragma to override this type.
INFO: [HLS 200-1457] Automatically inferring inferring RAM_1WNR storage type for array 'W_local_37'. Use bind_storage pragma to override this type.
INFO: [HLS 200-1457] Automatically inferring inferring RAM_1WNR storage type for array 'W_local_5'. Use bind_storage pragma to override this type.
INFO: [HLS 200-1457] Automatically inferring inferring RAM_1WNR storage type for array 'W_local_100'. Use bind_storage pragma to override this type.
INFO: [HLS 200-1457] Automatically inferring inferring RAM_1WNR storage type for array 'W_local_68'. Use bind_storage pragma to override this type.
INFO: [HLS 200-1457] Automatically inferring inferring RAM_1WNR storage type for array 'W_local_36'. Use bind_storage pragma to override this type.
INFO: [HLS 200-1457] Automatically inferring inferring RAM_1WNR storage type for array 'W_local_4'. Use bind_storage pragma to override this type.
INFO: [HLS 200-1457] Automatically inferring inferring RAM_1WNR storage type for array 'W_local_99'. Use bind_storage pragma to override this type.
INFO: [HLS 200-1457] Automatically inferring inferring RAM_1WNR storage type for array 'W_local_67'. Use bind_storage pragma to override this type.
INFO: [HLS 200-1457] Automatically inferring inferring RAM_1WNR storage type for array 'W_local_35'. Use bind_storage pragma to override this type.
INFO: [HLS 200-1457] Automatically inferring inferring RAM_1WNR storage type for array 'W_local_3'. Use bind_storage pragma to override this type.
INFO: [HLS 200-1457] Automatically inferring inferring RAM_1WNR storage type for array 'W_local_98'. Use bind_storage pragma to override this type.
INFO: [HLS 200-1457] Automatically inferring inferring RAM_1WNR storage type for array 'W_local_66'. Use bind_storage pragma to override this type.
INFO: [HLS 200-1457] Automatically inferring inferring RAM_1WNR storage type for array 'W_local_34'. Use bind_storage pragma to override this type.
INFO: [HLS 200-1457] Automatically inferring inferring RAM_1WNR storage type for array 'W_local_2'. Use bind_storage pragma to override this type.
INFO: [HLS 200-1457] Automatically inferring inferring RAM_1WNR storage type for array 'W_local_97'. Use bind_storage pragma to override this type.
INFO: [HLS 200-1457] Automatically inferring inferring RAM_1WNR storage type for array 'W_local_65'. Use bind_storage pragma to override this type.
INFO: [HLS 200-1457] Automatically inferring inferring RAM_1WNR storage type for array 'W_local_33'. Use bind_storage pragma to override this type.
INFO: [HLS 200-1457] Automatically inferring inferring RAM_1WNR storage type for array 'W_local_1'. Use bind_storage pragma to override this type.
INFO: [HLS 200-1457] Automatically inferring inferring RAM_1WNR storage type for array 'W_local_96'. Use bind_storage pragma to override this type.
INFO: [HLS 200-1457] Automatically inferring inferring RAM_1WNR storage type for array 'W_local_64'. Use bind_storage pragma to override this type.
INFO: [HLS 200-1457] Automatically inferring inferring RAM_1WNR storage type for array 'W_local_32'. Use bind_storage pragma to override this type.
INFO: [HLS 200-1457] Automatically inferring inferring RAM_1WNR storage type for array 'W_local'. Use bind_storage pragma to override this type.
INFO: [SCHED 204-61] Pipelining loop 'VITIS_LOOP_164_12'.
WARNING: [HLS 200-880] The II Violation in module 'conv_bn_act_pool_4_Pipeline_VITIS_LOOP_164_12' (loop 'VITIS_LOOP_164_12'): Unable to enforce a carried dependence constraint (II = 1, distance = 1, offset = 0) between 'store' operation 0 bit ('add183196_write_ln173', ../main_5_slices.cpp:173) of variable 'conv_out', ../main_5_slices.cpp:173 on local variable 'add183196' and 'load' operation 16 bit ('add183196_load', ../main_5_slices.cpp:173) on local variable 'add183196'.
Resolution: For help on HLS 200-880 see docs.xilinx.com/access/sources/dita/topic?Doc_Version=2024.2%20English&url=ug1448-hls-guidance&resourceid=200-880.html
WARNING: [HLS 200-880] The II Violation in module 'conv_bn_act_pool_4_Pipeline_VITIS_LOOP_164_12' (loop 'VITIS_LOOP_164_12'): Unable to enforce a carried dependence constraint (II = 2, distance = 1, offset = 0) between 'store' operation 0 bit ('add183196_write_ln173', ../main_5_slices.cpp:173) of variable 'conv_out', ../main_5_slices.cpp:173 on local variable 'add183196' and 'load' operation 16 bit ('add183196_load', ../main_5_slices.cpp:173) on local variable 'add183196'.
Resolution: For help on HLS 200-880 see docs.xilinx.com/access/sources/dita/topic?Doc_Version=2024.2%20English&url=ug1448-hls-guidance&resourceid=200-880.html
INFO: [HLS 200-1470] Pipelining result : Target II = 1, Final II = 3, Depth = 171, loop 'VITIS_LOOP_164_12'
INFO: [SCHED 204-11] Finished scheduling.
INFO: [HLS 200-111] Finished Scheduling: CPU user time: 11.98 seconds. CPU system time: 0.09 seconds. Elapsed time: 12.09 seconds; current allocated memory: 1.291 GB.
INFO: [BIND 205-100] Starting micro-architecture generation ...
INFO: [BIND 205-101] Performing variable lifetime analysis.
INFO: [BIND 205-101] Exploring resource sharing.
INFO: [BIND 205-101] Binding ...
INFO: [BIND 205-100] Finished micro-architecture generation.
INFO: [HLS 200-111] Finished Binding: CPU user time: 2.56 seconds. CPU system time: 0.02 seconds. Elapsed time: 2.59 seconds; current allocated memory: 1.306 GB.
INFO: [HLS 200-10] ----------------------------------------------------------------
INFO: [HLS 200-42] -- Implementing module 'conv_bn_act_pool_4_Pipeline_VITIS_LOOP_188_16' 
INFO: [HLS 200-10] ----------------------------------------------------------------
INFO: [SCHED 204-11] Starting scheduling ...
INFO: [SCHED 204-61] Pipelining loop 'VITIS_LOOP_188_16'.
INFO: [HLS 200-1470] Pipelining result : Target II = NA, Final II = 1, Depth = 9, loop 'VITIS_LOOP_188_16'
INFO: [SCHED 204-11] Finished scheduling.
INFO: [HLS 200-111] Finished Scheduling: CPU user time: 0.67 seconds. CPU system time: 0.05 seconds. Elapsed time: 0.71 seconds; current allocated memory: 1.309 GB.
INFO: [BIND 205-100] Starting micro-architecture generation ...
INFO: [BIND 205-101] Performing variable lifetime analysis.
INFO: [BIND 205-101] Exploring resource sharing.
INFO: [BIND 205-101] Binding ...
INFO: [BIND 205-100] Finished micro-architecture generation.
INFO: [HLS 200-111] Finished Binding: CPU user time: 0.09 seconds. CPU system time: 0 seconds. Elapsed time: 0.09 seconds; current allocated memory: 1.309 GB.
INFO: [HLS 200-10] ----------------------------------------------------------------
INFO: [HLS 200-42] -- Implementing module 'conv_bn_act_pool_4' 
INFO: [HLS 200-10] ----------------------------------------------------------------
INFO: [SCHED 204-11] Starting scheduling ...
INFO: [SCHED 204-11] Finished scheduling.
INFO: [HLS 200-111] Finished Scheduling: CPU user time: 0.41 seconds. CPU system time: 0.01 seconds. Elapsed time: 0.42 seconds; current allocated memory: 1.316 GB.
INFO: [BIND 205-100] Starting micro-architecture generation ...
INFO: [BIND 205-101] Performing variable lifetime analysis.
INFO: [BIND 205-101] Exploring resource sharing.
INFO: [BIND 205-101] Binding ...
INFO: [BIND 205-100] Finished micro-architecture generation.
INFO: [HLS 200-111] Finished Binding: CPU user time: 0.2 seconds. CPU system time: 0.01 seconds. Elapsed time: 0.22 seconds; current allocated memory: 1.316 GB.
INFO: [HLS 200-10] ----------------------------------------------------------------
INFO: [HLS 200-42] -- Implementing module 'run_all_slices_unrolled_Pipeline_Loop_BN5' 
INFO: [HLS 200-10] ----------------------------------------------------------------
INFO: [SCHED 204-11] Starting scheduling ...
INFO: [SCHED 204-61] Pipelining loop 'Loop_BN'.
INFO: [HLS 200-1470] Pipelining result : Target II = NA, Final II = 1, Depth = 39, loop 'Loop_BN'
INFO: [SCHED 204-11] Finished scheduling.
INFO: [HLS 200-111] Finished Scheduling: CPU user time: 0.31 seconds. CPU system time: 0 seconds. Elapsed time: 0.31 seconds; current allocated memory: 1.317 GB.
INFO: [BIND 205-100] Starting micro-architecture generation ...
INFO: [BIND 205-101] Performing variable lifetime analysis.
INFO: [BIND 205-101] Exploring resource sharing.
INFO: [BIND 205-101] Binding ...
INFO: [BIND 205-100] Finished micro-architecture generation.
INFO: [HLS 200-111] Finished Binding: CPU user time: 0.06 seconds. CPU system time: 0.01 seconds. Elapsed time: 0.07 seconds; current allocated memory: 1.318 GB.
INFO: [HLS 200-10] ----------------------------------------------------------------
INFO: [HLS 200-42] -- Implementing module 'run_all_slices_unrolled_Pipeline_MergedLoop4' 
INFO: [HLS 200-10] ----------------------------------------------------------------
INFO: [SCHED 204-11] Starting scheduling ...
INFO: [SCHED 204-61] Pipelining loop 'MergedLoop4'.
INFO: [HLS 200-1470] Pipelining result : Target II = NA, Final II = 1, Depth = 8, loop 'MergedLoop4'
INFO: [SCHED 204-11] Finished scheduling.
INFO: [HLS 200-111] Finished Scheduling: CPU user time: 0.09 seconds. CPU system time: 0 seconds. Elapsed time: 0.1 seconds; current allocated memory: 1.318 GB.
INFO: [BIND 205-100] Starting micro-architecture generation ...
INFO: [BIND 205-101] Performing variable lifetime analysis.
INFO: [BIND 205-101] Exploring resource sharing.
INFO: [BIND 205-101] Binding ...
INFO: [BIND 205-100] Finished micro-architecture generation.
INFO: [HLS 200-111] Finished Binding: CPU user time: 0.07 seconds. CPU system time: 0 seconds. Elapsed time: 0.08 seconds; current allocated memory: 1.318 GB.
INFO: [HLS 200-10] ----------------------------------------------------------------
INFO: [HLS 200-42] -- Implementing module 'run_all_slices_unrolled' 
INFO: [HLS 200-10] ----------------------------------------------------------------
INFO: [SCHED 204-11] Starting scheduling ...
INFO: [SCHED 204-11] Finished scheduling.
INFO: [HLS 200-111] Finished Scheduling: CPU user time: 0.08 seconds. CPU system time: 0.01 seconds. Elapsed time: 0.08 seconds; current allocated memory: 1.318 GB.
INFO: [BIND 205-100] Starting micro-architecture generation ...
INFO: [BIND 205-101] Performing variable lifetime analysis.
INFO: [BIND 205-101] Exploring resource sharing.
INFO: [BIND 205-101] Binding ...
INFO: [BIND 205-100] Finished micro-architecture generation.
INFO: [HLS 200-111] Finished Binding: CPU user time: 0.28 seconds. CPU system time: 0 seconds. Elapsed time: 0.29 seconds; current allocated memory: 1.319 GB.
INFO: [HLS 200-10] ----------------------------------------------------------------
INFO: [HLS 200-42] -- Implementing module 'run_model_Pipeline_Loop_BN' 
INFO: [HLS 200-10] ----------------------------------------------------------------
INFO: [SCHED 204-11] Starting scheduling ...
INFO: [SCHED 204-61] Pipelining loop 'Loop_BN'.
INFO: [HLS 200-1470] Pipelining result : Target II = NA, Final II = 1, Depth = 42, loop 'Loop_BN'
INFO: [SCHED 204-11] Finished scheduling.
INFO: [HLS 200-111] Finished Scheduling: CPU user time: 0.77 seconds. CPU system time: 0.02 seconds. Elapsed time: 0.79 seconds; current allocated memory: 1.319 GB.
INFO: [BIND 205-100] Starting micro-architecture generation ...
INFO: [BIND 205-101] Performing variable lifetime analysis.
INFO: [BIND 205-101] Exploring resource sharing.
INFO: [BIND 205-101] Binding ...
INFO: [BIND 205-100] Finished micro-architecture generation.
INFO: [HLS 200-111] Finished Binding: CPU user time: 0.15 seconds. CPU system time: 0 seconds. Elapsed time: 0.16 seconds; current allocated memory: 1.320 GB.
INFO: [HLS 200-10] ----------------------------------------------------------------
INFO: [HLS 200-42] -- Implementing module 'run_model_Pipeline_ReLULoop1' 
INFO: [HLS 200-10] ----------------------------------------------------------------
INFO: [SCHED 204-11] Starting scheduling ...
INFO: [SCHED 204-61] Pipelining loop 'ReLULoop1'.
INFO: [HLS 200-1470] Pipelining result : Target II = NA, Final II = 1, Depth = 6, loop 'ReLULoop1'
INFO: [SCHED 204-11] Finished scheduling.
INFO: [HLS 200-111] Finished Scheduling: CPU user time: 0.18 seconds. CPU system time: 0.01 seconds. Elapsed time: 0.19 seconds; current allocated memory: 1.320 GB.
INFO: [BIND 205-100] Starting micro-architecture generation ...
INFO: [BIND 205-101] Performing variable lifetime analysis.
INFO: [BIND 205-101] Exploring resource sharing.
INFO: [BIND 205-101] Binding ...
INFO: [BIND 205-100] Finished micro-architecture generation.
INFO: [HLS 200-111] Finished Binding: CPU user time: 0.15 seconds. CPU system time: 0 seconds. Elapsed time: 0.15 seconds; current allocated memory: 1.320 GB.
INFO: [HLS 200-10] ----------------------------------------------------------------
INFO: [HLS 200-42] -- Implementing module 'run_model_Pipeline_Loop_BN1' 
INFO: [HLS 200-10] ----------------------------------------------------------------
INFO: [SCHED 204-11] Starting scheduling ...
INFO: [SCHED 204-61] Pipelining loop 'Loop_BN'.
INFO: [HLS 200-1470] Pipelining result : Target II = NA, Final II = 1, Depth = 42, loop 'Loop_BN'
INFO: [SCHED 204-11] Finished scheduling.
INFO: [HLS 200-111] Finished Scheduling: CPU user time: 0.12 seconds. CPU system time: 0.01 seconds. Elapsed time: 0.13 seconds; current allocated memory: 1.320 GB.
INFO: [BIND 205-100] Starting micro-architecture generation ...
INFO: [BIND 205-101] Performing variable lifetime analysis.
INFO: [BIND 205-101] Exploring resource sharing.
INFO: [BIND 205-101] Binding ...
INFO: [BIND 205-100] Finished micro-architecture generation.
INFO: [HLS 200-111] Finished Binding: CPU user time: 0.09 seconds. CPU system time: 0.01 seconds. Elapsed time: 0.1 seconds; current allocated memory: 1.320 GB.
INFO: [HLS 200-10] ----------------------------------------------------------------
INFO: [HLS 200-42] -- Implementing module 'run_model_Pipeline_ReLULoop2' 
INFO: [HLS 200-10] ----------------------------------------------------------------
INFO: [SCHED 204-11] Starting scheduling ...
INFO: [SCHED 204-61] Pipelining loop 'ReLULoop2'.
INFO: [HLS 200-1470] Pipelining result : Target II = NA, Final II = 1, Depth = 6, loop 'ReLULoop2'
INFO: [SCHED 204-11] Finished scheduling.
INFO: [HLS 200-111] Finished Scheduling: CPU user time: 0.12 seconds. CPU system time: 0.01 seconds. Elapsed time: 0.13 seconds; current allocated memory: 1.321 GB.
INFO: [BIND 205-100] Starting micro-architecture generation ...
INFO: [BIND 205-101] Performing variable lifetime analysis.
INFO: [BIND 205-101] Exploring resource sharing.
INFO: [BIND 205-101] Binding ...
INFO: [BIND 205-100] Finished micro-architecture generation.
INFO: [HLS 200-111] Finished Binding: CPU user time: 0.08 seconds. CPU system time: 0 seconds. Elapsed time: 0.08 seconds; current allocated memory: 1.321 GB.
INFO: [HLS 200-10] ----------------------------------------------------------------
INFO: [HLS 200-42] -- Implementing module 'run_model' 
INFO: [HLS 200-10] ----------------------------------------------------------------
INFO: [SCHED 204-11] Starting scheduling ...
INFO: [SCHED 204-61] Pipelining loop 'OuterLoopDense_InnerLoopDense'.
WARNING: [HLS 200-880] The II Violation in module 'run_model' (loop 'OuterLoopDense_InnerLoopDense'): Unable to enforce a carried dependence constraint (II = 1, distance = 1, offset = 0) between 'store' operation 0 bit ('acc_write_ln332', ../main_5_slices.cpp:332->../main_5_slices.cpp:505) of variable 'acc', ../main_5_slices.cpp:338->../main_5_slices.cpp:505 on local variable 'acc', ../main_5_slices.cpp:332->../main_5_slices.cpp:505 and 'load' operation 16 bit ('acc_load', ../main_5_slices.cpp:334->../main_5_slices.cpp:505) on local variable 'acc', ../main_5_slices.cpp:332->../main_5_slices.cpp:505.
Resolution: For help on HLS 200-880 see docs.xilinx.com/access/sources/dita/topic?Doc_Version=2024.2%20English&url=ug1448-hls-guidance&resourceid=200-880.html
WARNING: [HLS 200-880] The II Violation in module 'run_model' (loop 'OuterLoopDense_InnerLoopDense'): Unable to enforce a carried dependence constraint (II = 2, distance = 1, offset = 0) between 'store' operation 0 bit ('acc_write_ln332', ../main_5_slices.cpp:332->../main_5_slices.cpp:505) of variable 'acc', ../main_5_slices.cpp:338->../main_5_slices.cpp:505 on local variable 'acc', ../main_5_slices.cpp:332->../main_5_slices.cpp:505 and 'load' operation 16 bit ('acc_load', ../main_5_slices.cpp:334->../main_5_slices.cpp:505) on local variable 'acc', ../main_5_slices.cpp:332->../main_5_slices.cpp:505.
Resolution: For help on HLS 200-880 see docs.xilinx.com/access/sources/dita/topic?Doc_Version=2024.2%20English&url=ug1448-hls-guidance&resourceid=200-880.html
WARNING: [HLS 200-880] The II Violation in module 'run_model' (loop 'OuterLoopDense_InnerLoopDense'): Unable to enforce a carried dependence constraint (II = 3, distance = 1, offset = 0) between 'store' operation 0 bit ('acc_write_ln332', ../main_5_slices.cpp:332->../main_5_slices.cpp:505) of variable 'acc', ../main_5_slices.cpp:338->../main_5_slices.cpp:505 on local variable 'acc', ../main_5_slices.cpp:332->../main_5_slices.cpp:505 and 'load' operation 16 bit ('acc_load', ../main_5_slices.cpp:334->../main_5_slices.cpp:505) on local variable 'acc', ../main_5_slices.cpp:332->../main_5_slices.cpp:505.
Resolution: For help on HLS 200-880 see docs.xilinx.com/access/sources/dita/topic?Doc_Version=2024.2%20English&url=ug1448-hls-guidance&resourceid=200-880.html
INFO: [SCHED 204-61] Pipelining loop 'OuterLoopDense_InnerLoopDense'.
WARNING: [HLS 200-880] The II Violation in module 'run_model' (loop 'OuterLoopDense_InnerLoopDense'): Unable to enforce a carried dependence constraint (II = 1, distance = 1, offset = 0) between 'store' operation 0 bit ('acc_2_write_ln332', ../main_5_slices.cpp:332->../main_5_slices.cpp:510) of variable 'acc', ../main_5_slices.cpp:338->../main_5_slices.cpp:510 on local variable 'acc', ../main_5_slices.cpp:332->../main_5_slices.cpp:510 and 'load' operation 16 bit ('acc_2_load', ../main_5_slices.cpp:334->../main_5_slices.cpp:510) on local variable 'acc', ../main_5_slices.cpp:332->../main_5_slices.cpp:510.
Resolution: For help on HLS 200-880 see docs.xilinx.com/access/sources/dita/topic?Doc_Version=2024.2%20English&url=ug1448-hls-guidance&resourceid=200-880.html
WARNING: [HLS 200-880] The II Violation in module 'run_model' (loop 'OuterLoopDense_InnerLoopDense'): Unable to enforce a carried dependence constraint (II = 2, distance = 1, offset = 0) between 'store' operation 0 bit ('acc_2_write_ln332', ../main_5_slices.cpp:332->../main_5_slices.cpp:510) of variable 'acc', ../main_5_slices.cpp:338->../main_5_slices.cpp:510 on local variable 'acc', ../main_5_slices.cpp:332->../main_5_slices.cpp:510 and 'load' operation 16 bit ('acc_2_load', ../main_5_slices.cpp:334->../main_5_slices.cpp:510) on local variable 'acc', ../main_5_slices.cpp:332->../main_5_slices.cpp:510.
Resolution: For help on HLS 200-880 see docs.xilinx.com/access/sources/dita/topic?Doc_Version=2024.2%20English&url=ug1448-hls-guidance&resourceid=200-880.html
WARNING: [HLS 200-880] The II Violation in module 'run_model' (loop 'OuterLoopDense_InnerLoopDense'): Unable to enforce a carried dependence constraint (II = 3, distance = 1, offset = 0) between 'store' operation 0 bit ('acc_2_write_ln332', ../main_5_slices.cpp:332->../main_5_slices.cpp:510) of variable 'acc', ../main_5_slices.cpp:338->../main_5_slices.cpp:510 on local variable 'acc', ../main_5_slices.cpp:332->../main_5_slices.cpp:510 and 'load' operation 16 bit ('acc_2_load', ../main_5_slices.cpp:334->../main_5_slices.cpp:510) on local variable 'acc', ../main_5_slices.cpp:332->../main_5_slices.cpp:510.
Resolution: For help on HLS 200-880 see docs.xilinx.com/access/sources/dita/topic?Doc_Version=2024.2%20English&url=ug1448-hls-guidance&resourceid=200-880.html
INFO: [HLS 200-1470] Pipelining result : Target II = NA, Final II = 4, Depth = 13, loop 'OuterLoopDense_InnerLoopDense'
INFO: [HLS 200-1470] Pipelining result : Target II = NA, Final II = 4, Depth = 13, loop 'OuterLoopDense_InnerLoopDense'
INFO: [SCHED 204-11] Finished scheduling.
INFO: [HLS 200-111] Finished Scheduling: CPU user time: 0.26 seconds. CPU system time: 0.01 seconds. Elapsed time: 0.27 seconds; current allocated memory: 1.321 GB.
INFO: [BIND 205-100] Starting micro-architecture generation ...
INFO: [BIND 205-101] Performing variable lifetime analysis.
INFO: [BIND 205-101] Exploring resource sharing.
INFO: [BIND 205-101] Binding ...
INFO: [BIND 205-100] Finished micro-architecture generation.
INFO: [HLS 200-111] Finished Binding: CPU user time: 8.41 seconds. CPU system time: 0.01 seconds. Elapsed time: 8.43 seconds; current allocated memory: 1.327 GB.
INFO: [HLS 200-10] ----------------------------------------------------------------
INFO: [HLS 200-10] -- Generating RTL for module 'run_all_slices_unrolled_Pipeline_MergedLoop' 
INFO: [HLS 200-10] ----------------------------------------------------------------
INFO: [RTGEN 206-100] Finished creating RTL model for 'run_all_slices_unrolled_Pipeline_MergedLoop'.
INFO: [HLS 200-111] Finished Creating RTL model: CPU user time: 0.67 seconds. CPU system time: 0.01 seconds. Elapsed time: 0.68 seconds; current allocated memory: 1.327 GB.
INFO: [HLS 200-10] ----------------------------------------------------------------
INFO: [HLS 200-10] -- Generating RTL for module 'lstm_forward_unidir_Pipeline_VITIS_LOOP_269_1' 
INFO: [HLS 200-10] ----------------------------------------------------------------
INFO: [RTGEN 206-100] Finished creating RTL model for 'lstm_forward_unidir_Pipeline_VITIS_LOOP_269_1'.
INFO: [HLS 200-111] Finished Creating RTL model: CPU user time: 0.07 seconds. CPU system time: 0.01 seconds. Elapsed time: 0.07 seconds; current allocated memory: 1.328 GB.
INFO: [HLS 200-10] ----------------------------------------------------------------
INFO: [HLS 200-10] -- Generating RTL for module 'lstm_forward_unidir_Pipeline_Loop2_1LSTM' 
INFO: [HLS 200-10] ----------------------------------------------------------------
INFO: [RTGEN 206-100] Generating core module 'mul_7ns_9ns_15_1_1': 1 instance(s).
INFO: [RTGEN 206-100] Generating core module 'sparsemux_257_7_16_1_1': 1 instance(s).
INFO: [RTGEN 206-100] Finished creating RTL model for 'lstm_forward_unidir_Pipeline_Loop2_1LSTM'.
INFO: [HLS 200-111] Finished Creating RTL model: CPU user time: 0.1 seconds. CPU system time: 0.01 seconds. Elapsed time: 0.1 seconds; current allocated memory: 1.329 GB.
INFO: [HLS 200-10] ----------------------------------------------------------------
INFO: [HLS 200-10] -- Generating RTL for module 'lstm_forward_unidir_Pipeline_Loop2_4LSTM' 
INFO: [HLS 200-10] ----------------------------------------------------------------
INFO: [HLS 200-1030] Apply Unified Pipeline Control on module 'lstm_forward_unidir_Pipeline_Loop2_4LSTM' pipeline 'Loop2_4LSTM' pipeline type 'loop pipeline'
INFO: [RTGEN 206-100] Generating core module 'fadd_32ns_32ns_32_4_full_dsp_1': 3 instance(s).
INFO: [RTGEN 206-100] Generating core module 'fdiv_32ns_32ns_32_10_no_dsp_1': 3 instance(s).
INFO: [RTGEN 206-100] Generating core module 'fexp_32ns_32ns_32_8_full_dsp_1': 3 instance(s).
INFO: [RTGEN 206-100] Generating core module 'hadd_16ns_16ns_16_5_full_dsp_1': 1 instance(s).
INFO: [RTGEN 206-100] Generating core module 'hcmp_16ns_16ns_1_2_no_dsp_1': 4 instance(s).
INFO: [RTGEN 206-100] Generating core module 'hmul_16ns_16ns_16_4_max_dsp_1': 3 instance(s).
INFO: [RTGEN 206-100] Generating core module 'hptosp_16ns_32_2_no_dsp_1': 3 instance(s).
INFO: [RTGEN 206-100] Generating core module 'mul_5ns_7ns_11_1_1': 1 instance(s).
INFO: [RTGEN 206-100] Generating core module 'mul_6ns_8ns_13_1_1': 1 instance(s).
INFO: [RTGEN 206-100] Generating core module 'mul_7ns_9ns_15_1_1': 2 instance(s).
INFO: [RTGEN 206-100] Generating core module 'sparsemux_11_3_16_1_1': 4 instance(s).
INFO: [RTGEN 206-100] Generating core module 'sparsemux_7_2_16_1_1': 2 instance(s).
INFO: [RTGEN 206-100] Generating core module 'sptohp_32ns_16_2_no_dsp_1': 3 instance(s).
INFO: [RTGEN 206-100] Finished creating RTL model for 'lstm_forward_unidir_Pipeline_Loop2_4LSTM'.
INFO: [HLS 200-111] Finished Creating RTL model: CPU user time: 0.29 seconds. CPU system time: 0.01 seconds. Elapsed time: 0.31 seconds; current allocated memory: 1.333 GB.
INFO: [HLS 200-10] ----------------------------------------------------------------
INFO: [HLS 200-10] -- Generating RTL for module 'lstm_forward_unidir' 
INFO: [HLS 200-10] ----------------------------------------------------------------
INFO: [RTGEN 206-100] Generating core module 'hadd_16ns_16ns_16_5_full_dsp_1': 1 instance(s).
INFO: [RTGEN 206-100] Generating core module 'hmul_16ns_16ns_16_4_max_dsp_1': 1 instance(s).
INFO: [RTGEN 206-100] Generating core module 'mul_8ns_10ns_17_1_1': 2 instance(s).
INFO: [RTGEN 206-100] Generating core module 'sparsemux_11_3_16_1_1': 2 instance(s).
INFO: [RTGEN 206-100] Generating core module 'sparsemux_65_5_16_1_1': 1 instance(s).
INFO: [RTGEN 206-100] Generating core module 'urem_8ns_4ns_3_12_1': 2 instance(s).
INFO: [RTGEN 206-100] Finished creating RTL model for 'lstm_forward_unidir'.
INFO: [RTMG 210-278] Implementing memory 'run_model_lstm_forward_unidir_c_slice_RAM_AUTO_1R1W' using auto RAMs.
INFO: [RTMG 210-278] Implementing memory 'run_model_lstm_forward_unidir_z_RAM_AUTO_1R1W' using auto RAMs.
INFO: [HLS 200-111] Finished Creating RTL model: CPU user time: 0.32 seconds. CPU system time: 0.02 seconds. Elapsed time: 0.33 seconds; current allocated memory: 1.339 GB.
INFO: [HLS 200-10] ----------------------------------------------------------------
INFO: [HLS 200-10] -- Generating RTL for module 'run_all_slices_unrolled_Pipeline_Loop_BN' 
INFO: [HLS 200-10] ----------------------------------------------------------------
INFO: [HLS 200-1030] Apply Unified Pipeline Control on module 'run_all_slices_unrolled_Pipeline_Loop_BN' pipeline 'Loop_BN' pipeline type 'loop pipeline'
INFO: [RTGEN 206-100] Generating core module 'fdiv_32ns_32ns_32_10_no_dsp_1': 1 instance(s).
INFO: [RTGEN 206-100] Generating core module 'fsqrt_32ns_32ns_32_10_no_dsp_1': 1 instance(s).
INFO: [RTGEN 206-100] Generating core module 'hadd_16ns_16ns_16_5_full_dsp_1': 2 instance(s).
INFO: [RTGEN 206-100] Generating core module 'hmul_16ns_16ns_16_4_max_dsp_1': 1 instance(s).
INFO: [RTGEN 206-100] Generating core module 'hptosp_16ns_32_2_no_dsp_1': 2 instance(s).
INFO: [RTGEN 206-100] Generating core module 'sptohp_32ns_16_2_no_dsp_1': 1 instance(s).
INFO: [RTGEN 206-100] Finished creating RTL model for 'run_all_slices_unrolled_Pipeline_Loop_BN'.
INFO: [RTMG 210-279] Implementing memory 'run_model_run_all_slices_unrolled_Pipeline_Loop_BN_BN2_var0_ROM_AUTO_1R' using auto ROMs.
INFO: [HLS 200-111] Finished Creating RTL model: CPU user time: 0.3 seconds. CPU system time: 0.02 seconds. Elapsed time: 0.32 seconds; current allocated memory: 1.344 GB.
INFO: [HLS 200-10] ----------------------------------------------------------------
INFO: [HLS 200-10] -- Generating RTL for module 'run_all_slices_unrolled_Pipeline_MergedLoop0' 
INFO: [HLS 200-10] ----------------------------------------------------------------
INFO: [HLS 200-1030] Apply Unified Pipeline Control on module 'run_all_slices_unrolled_Pipeline_MergedLoop0' pipeline 'MergedLoop0' pipeline type 'loop pipeline'
INFO: [RTGEN 206-100] Generating core module 'hadd_16ns_16ns_16_5_full_dsp_1': 1 instance(s).
INFO: [RTGEN 206-100] Generating core module 'hcmp_16ns_16ns_1_2_no_dsp_1': 2 instance(s).
INFO: [RTGEN 206-100] Generating core module 'sparsemux_7_2_16_1_1': 1 instance(s).
INFO: [RTGEN 206-100] Finished creating RTL model for 'run_all_slices_unrolled_Pipeline_MergedLoop0'.
INFO: [HLS 200-111] Finished Creating RTL model: CPU user time: 0.18 seconds. CPU system time: 0.01 seconds. Elapsed time: 0.19 seconds; current allocated memory: 1.345 GB.
INFO: [HLS 200-10] ----------------------------------------------------------------
INFO: [HLS 200-10] -- Generating RTL for module 'conv_bn_act_pool_Pipeline_BNParamsLoop' 
INFO: [HLS 200-10] ----------------------------------------------------------------
INFO: [HLS 200-1030] Apply Unified Pipeline Control on module 'conv_bn_act_pool_Pipeline_BNParamsLoop' pipeline 'BNParamsLoop' pipeline type 'loop pipeline'
INFO: [RTGEN 206-100] Generating core module 'fadd_32ns_32ns_32_4_full_dsp_1': 1 instance(s).
INFO: [RTGEN 206-100] Generating core module 'fdiv_32ns_32ns_32_10_no_dsp_1': 1 instance(s).
INFO: [RTGEN 206-100] Generating core module 'fmul_32ns_32ns_32_3_max_dsp_1': 3 instance(s).
INFO: [RTGEN 206-100] Generating core module 'fsqrt_32ns_32ns_32_10_no_dsp_1': 1 instance(s).
INFO: [RTGEN 206-100] Generating core module 'fsub_32ns_32ns_32_4_full_dsp_1': 1 instance(s).
INFO: [RTGEN 206-100] Generating core module 'hptosp_16ns_32_2_no_dsp_1': 2 instance(s).
INFO: [RTGEN 206-100] Generating core module 'sparsemux_65_5_16_1_1': 2 instance(s).
INFO: [RTGEN 206-100] Generating core module 'sptohp_32ns_16_2_no_dsp_1': 2 instance(s).
INFO: [RTGEN 206-100] Finished creating RTL model for 'conv_bn_act_pool_Pipeline_BNParamsLoop'.
INFO: [HLS 200-111] Finished Creating RTL model: CPU user time: 0.57 seconds. CPU system time: 0.01 seconds. Elapsed time: 0.58 seconds; current allocated memory: 1.352 GB.
INFO: [HLS 200-10] ----------------------------------------------------------------
INFO: [HLS 200-10] -- Generating RTL for module 'conv_bn_act_pool_Pipeline_VITIS_LOOP_106_1_VITIS_LOOP_107_2' 
INFO: [HLS 200-10] ----------------------------------------------------------------
INFO: [SYN 201-210] Renamed object name 'conv_bn_act_pool_Pipeline_VITIS_LOOP_106_1_VITIS_LOOP_107_2_ConvW1_0_ROM_AUTO_3R' to 'conv_bn_act_pool_Pipeline_VITIS_LOOP_106_1_VITIS_LOOP_107_2_ConvW1_0_ROM_AUTObkb' due to the length limit 80
INFO: [SYN 201-210] Renamed object name 'conv_bn_act_pool_Pipeline_VITIS_LOOP_106_1_VITIS_LOOP_107_2_ConvW1_1_ROM_AUTO_3R' to 'conv_bn_act_pool_Pipeline_VITIS_LOOP_106_1_VITIS_LOOP_107_2_ConvW1_1_ROM_AUTOcud' due to the length limit 80
INFO: [SYN 201-210] Renamed object name 'conv_bn_act_pool_Pipeline_VITIS_LOOP_106_1_VITIS_LOOP_107_2_ConvW1_2_ROM_AUTO_3R' to 'conv_bn_act_pool_Pipeline_VITIS_LOOP_106_1_VITIS_LOOP_107_2_ConvW1_2_ROM_AUTOdEe' due to the length limit 80
INFO: [SYN 201-210] Renamed object name 'conv_bn_act_pool_Pipeline_VITIS_LOOP_106_1_VITIS_LOOP_107_2_ConvW1_3_ROM_AUTO_3R' to 'conv_bn_act_pool_Pipeline_VITIS_LOOP_106_1_VITIS_LOOP_107_2_ConvW1_3_ROM_AUTOeOg' due to the length limit 80
INFO: [SYN 201-210] Renamed object name 'conv_bn_act_pool_Pipeline_VITIS_LOOP_106_1_VITIS_LOOP_107_2_ConvW1_4_ROM_AUTO_3R' to 'conv_bn_act_pool_Pipeline_VITIS_LOOP_106_1_VITIS_LOOP_107_2_ConvW1_4_ROM_AUTOfYi' due to the length limit 80
INFO: [SYN 201-210] Renamed object name 'conv_bn_act_pool_Pipeline_VITIS_LOOP_106_1_VITIS_LOOP_107_2_ConvW1_5_ROM_AUTO_3R' to 'conv_bn_act_pool_Pipeline_VITIS_LOOP_106_1_VITIS_LOOP_107_2_ConvW1_5_ROM_AUTOg8j' due to the length limit 80
INFO: [SYN 201-210] Renamed object name 'conv_bn_act_pool_Pipeline_VITIS_LOOP_106_1_VITIS_LOOP_107_2_ConvW1_6_ROM_AUTO_3R' to 'conv_bn_act_pool_Pipeline_VITIS_LOOP_106_1_VITIS_LOOP_107_2_ConvW1_6_ROM_AUTOhbi' due to the length limit 80
INFO: [SYN 201-210] Renamed object name 'conv_bn_act_pool_Pipeline_VITIS_LOOP_106_1_VITIS_LOOP_107_2_ConvW1_7_ROM_AUTO_3R' to 'conv_bn_act_pool_Pipeline_VITIS_LOOP_106_1_VITIS_LOOP_107_2_ConvW1_7_ROM_AUTOibs' due to the length limit 80
INFO: [SYN 201-210] Renamed object name 'conv_bn_act_pool_Pipeline_VITIS_LOOP_106_1_VITIS_LOOP_107_2_ConvW1_8_ROM_AUTO_3R' to 'conv_bn_act_pool_Pipeline_VITIS_LOOP_106_1_VITIS_LOOP_107_2_ConvW1_8_ROM_AUTOjbC' due to the length limit 80
INFO: [SYN 201-210] Renamed object name 'conv_bn_act_pool_Pipeline_VITIS_LOOP_106_1_VITIS_LOOP_107_2_ConvW1_9_ROM_AUTO_3R' to 'conv_bn_act_pool_Pipeline_VITIS_LOOP_106_1_VITIS_LOOP_107_2_ConvW1_9_ROM_AUTOkbM' due to the length limit 80
INFO: [SYN 201-210] Renamed object name 'conv_bn_act_pool_Pipeline_VITIS_LOOP_106_1_VITIS_LOOP_107_2_ConvW1_10_ROM_AUTO_3R' to 'conv_bn_act_pool_Pipeline_VITIS_LOOP_106_1_VITIS_LOOP_107_2_ConvW1_10_ROM_AUTlbW' due to the length limit 80
INFO: [SYN 201-210] Renamed object name 'conv_bn_act_pool_Pipeline_VITIS_LOOP_106_1_VITIS_LOOP_107_2_ConvW1_11_ROM_AUTO_3R' to 'conv_bn_act_pool_Pipeline_VITIS_LOOP_106_1_VITIS_LOOP_107_2_ConvW1_11_ROM_AUTmb6' due to the length limit 80
INFO: [SYN 201-210] Renamed object name 'conv_bn_act_pool_Pipeline_VITIS_LOOP_106_1_VITIS_LOOP_107_2_ConvW1_12_ROM_AUTO_3R' to 'conv_bn_act_pool_Pipeline_VITIS_LOOP_106_1_VITIS_LOOP_107_2_ConvW1_12_ROM_AUTncg' due to the length limit 80
INFO: [SYN 201-210] Renamed object name 'conv_bn_act_pool_Pipeline_VITIS_LOOP_106_1_VITIS_LOOP_107_2_ConvW1_13_ROM_AUTO_3R' to 'conv_bn_act_pool_Pipeline_VITIS_LOOP_106_1_VITIS_LOOP_107_2_ConvW1_13_ROM_AUTocq' due to the length limit 80
INFO: [SYN 201-210] Renamed object name 'conv_bn_act_pool_Pipeline_VITIS_LOOP_106_1_VITIS_LOOP_107_2_ConvW1_14_ROM_AUTO_3R' to 'conv_bn_act_pool_Pipeline_VITIS_LOOP_106_1_VITIS_LOOP_107_2_ConvW1_14_ROM_AUTpcA' due to the length limit 80
INFO: [SYN 201-210] Renamed object name 'conv_bn_act_pool_Pipeline_VITIS_LOOP_106_1_VITIS_LOOP_107_2_ConvW1_15_ROM_AUTO_3R' to 'conv_bn_act_pool_Pipeline_VITIS_LOOP_106_1_VITIS_LOOP_107_2_ConvW1_15_ROM_AUTqcK' due to the length limit 80
INFO: [HLS 200-1030] Apply Unified Pipeline Control on module 'conv_bn_act_pool_Pipeline_VITIS_LOOP_106_1_VITIS_LOOP_107_2' pipeline 'VITIS_LOOP_106_1_VITIS_LOOP_107_2' pipeline type 'loop pipeline'
INFO: [RTGEN 206-100] Finished creating RTL model for 'conv_bn_act_pool_Pipeline_VITIS_LOOP_106_1_VITIS_LOOP_107_2'.
INFO: [HLS 200-2168] Implementing memory 'run_model_conv_bn_act_pool_Pipeline_VITIS_LOOP_106_1_VITIS_LOOP_107_2_ConvW1_0_ROM_AUTObkb' using auto ROMs with 2 copies to ensure enough ports to satisfy II or latency constraints.
INFO: [HLS 200-2168] Implementing memory 'run_model_conv_bn_act_pool_Pipeline_VITIS_LOOP_106_1_VITIS_LOOP_107_2_ConvW1_1_ROM_AUTOcud' using auto ROMs with 2 copies to ensure enough ports to satisfy II or latency constraints.
INFO: [HLS 200-2168] Implementing memory 'run_model_conv_bn_act_pool_Pipeline_VITIS_LOOP_106_1_VITIS_LOOP_107_2_ConvW1_2_ROM_AUTOdEe' using auto ROMs with 2 copies to ensure enough ports to satisfy II or latency constraints.
INFO: [HLS 200-2168] Implementing memory 'run_model_conv_bn_act_pool_Pipeline_VITIS_LOOP_106_1_VITIS_LOOP_107_2_ConvW1_3_ROM_AUTOeOg' using auto ROMs with 2 copies to ensure enough ports to satisfy II or latency constraints.
INFO: [HLS 200-2168] Implementing memory 'run_model_conv_bn_act_pool_Pipeline_VITIS_LOOP_106_1_VITIS_LOOP_107_2_ConvW1_4_ROM_AUTOfYi' using auto ROMs with 2 copies to ensure enough ports to satisfy II or latency constraints.
INFO: [HLS 200-2168] Implementing memory 'run_model_conv_bn_act_pool_Pipeline_VITIS_LOOP_106_1_VITIS_LOOP_107_2_ConvW1_5_ROM_AUTOg8j' using auto ROMs with 2 copies to ensure enough ports to satisfy II or latency constraints.
INFO: [HLS 200-2168] Implementing memory 'run_model_conv_bn_act_pool_Pipeline_VITIS_LOOP_106_1_VITIS_LOOP_107_2_ConvW1_6_ROM_AUTOhbi' using auto ROMs with 2 copies to ensure enough ports to satisfy II or latency constraints.
INFO: [HLS 200-2168] Implementing memory 'run_model_conv_bn_act_pool_Pipeline_VITIS_LOOP_106_1_VITIS_LOOP_107_2_ConvW1_7_ROM_AUTOibs' using auto ROMs with 2 copies to ensure enough ports to satisfy II or latency constraints.
INFO: [HLS 200-2168] Implementing memory 'run_model_conv_bn_act_pool_Pipeline_VITIS_LOOP_106_1_VITIS_LOOP_107_2_ConvW1_8_ROM_AUTOjbC' using auto ROMs with 2 copies to ensure enough ports to satisfy II or latency constraints.
INFO: [HLS 200-2168] Implementing memory 'run_model_conv_bn_act_pool_Pipeline_VITIS_LOOP_106_1_VITIS_LOOP_107_2_ConvW1_9_ROM_AUTOkbM' using auto ROMs with 2 copies to ensure enough ports to satisfy II or latency constraints.
INFO: [HLS 200-2168] Implementing memory 'run_model_conv_bn_act_pool_Pipeline_VITIS_LOOP_106_1_VITIS_LOOP_107_2_ConvW1_10_ROM_AUTlbW' using auto ROMs with 2 copies to ensure enough ports to satisfy II or latency constraints.
INFO: [HLS 200-2168] Implementing memory 'run_model_conv_bn_act_pool_Pipeline_VITIS_LOOP_106_1_VITIS_LOOP_107_2_ConvW1_11_ROM_AUTmb6' using auto ROMs with 2 copies to ensure enough ports to satisfy II or latency constraints.
INFO: [HLS 200-2168] Implementing memory 'run_model_conv_bn_act_pool_Pipeline_VITIS_LOOP_106_1_VITIS_LOOP_107_2_ConvW1_12_ROM_AUTncg' using auto ROMs with 2 copies to ensure enough ports to satisfy II or latency constraints.
INFO: [HLS 200-2168] Implementing memory 'run_model_conv_bn_act_pool_Pipeline_VITIS_LOOP_106_1_VITIS_LOOP_107_2_ConvW1_13_ROM_AUTocq' using auto ROMs with 2 copies to ensure enough ports to satisfy II or latency constraints.
INFO: [HLS 200-2168] Implementing memory 'run_model_conv_bn_act_pool_Pipeline_VITIS_LOOP_106_1_VITIS_LOOP_107_2_ConvW1_14_ROM_AUTpcA' using auto ROMs with 2 copies to ensure enough ports to satisfy II or latency constraints.
INFO: [HLS 200-2168] Implementing memory 'run_model_conv_bn_act_pool_Pipeline_VITIS_LOOP_106_1_VITIS_LOOP_107_2_ConvW1_15_ROM_AUTqcK' using auto ROMs with 2 copies to ensure enough ports to satisfy II or latency constraints.
INFO: [HLS 200-111] Finished Creating RTL model: CPU user time: 1.2 seconds. CPU system time: 0.07 seconds. Elapsed time: 1.34 seconds; current allocated memory: 1.363 GB.
INFO: [HLS 200-10] ----------------------------------------------------------------
INFO: [HLS 200-10] -- Generating RTL for module 'conv_bn_act_pool_Pipeline_VITIS_LOOP_141_8' 
INFO: [HLS 200-10] ----------------------------------------------------------------
INFO: [HLS 200-1030] Apply Unified Pipeline Control on module 'conv_bn_act_pool_Pipeline_VITIS_LOOP_141_8' pipeline 'VITIS_LOOP_141_8' pipeline type 'loop pipeline'
INFO: [RTGEN 206-100] Finished creating RTL model for 'conv_bn_act_pool_Pipeline_VITIS_LOOP_141_8'.
INFO: [HLS 200-111] Finished Creating RTL model: CPU user time: 0.41 seconds. CPU system time: 0.03 seconds. Elapsed time: 0.44 seconds; current allocated memory: 1.372 GB.
INFO: [HLS 200-10] ----------------------------------------------------------------
INFO: [HLS 200-10] -- Generating RTL for module 'conv_bn_act_pool_Pipeline_VITIS_LOOP_148_10' 
INFO: [HLS 200-10] ----------------------------------------------------------------
INFO: [HLS 200-1030] Apply Unified Pipeline Control on module 'conv_bn_act_pool_Pipeline_VITIS_LOOP_148_10' pipeline 'VITIS_LOOP_148_10' pipeline type 'loop pipeline'
INFO: [RTGEN 206-100] Generating core module 'sparsemux_33_4_16_1_1': 1 instance(s).
INFO: [RTGEN 206-100] Finished creating RTL model for 'conv_bn_act_pool_Pipeline_VITIS_LOOP_148_10'.
INFO: [HLS 200-111] Finished Creating RTL model: CPU user time: 0.34 seconds. CPU system time: 0.03 seconds. Elapsed time: 0.37 seconds; current allocated memory: 1.379 GB.
INFO: [HLS 200-10] ----------------------------------------------------------------
INFO: [HLS 200-10] -- Generating RTL for module 'conv_bn_act_pool_Pipeline_VITIS_LOOP_132_6' 
INFO: [HLS 200-10] ----------------------------------------------------------------
INFO: [HLS 200-1030] Apply Unified Pipeline Control on module 'conv_bn_act_pool_Pipeline_VITIS_LOOP_132_6' pipeline 'VITIS_LOOP_132_6' pipeline type 'loop pipeline'
INFO: [RTGEN 206-100] Finished creating RTL model for 'conv_bn_act_pool_Pipeline_VITIS_LOOP_132_6'.
INFO: [HLS 200-111] Finished Creating RTL model: CPU user time: 0.27 seconds. CPU system time: 0.01 seconds. Elapsed time: 0.28 seconds; current allocated memory: 1.387 GB.
INFO: [HLS 200-10] ----------------------------------------------------------------
INFO: [HLS 200-10] -- Generating RTL for module 'conv_bn_act_pool_Pipeline_VITIS_LOOP_158_11' 
INFO: [HLS 200-10] ----------------------------------------------------------------
INFO: [RTGEN 206-100] Finished creating RTL model for 'conv_bn_act_pool_Pipeline_VITIS_LOOP_158_11'.
INFO: [HLS 200-111] Finished Creating RTL model: CPU user time: 0.18 seconds. CPU system time: 0.02 seconds. Elapsed time: 0.21 seconds; current allocated memory: 1.391 GB.
INFO: [HLS 200-10] ----------------------------------------------------------------
INFO: [HLS 200-10] -- Generating RTL for module 'conv_bn_act_pool_Pipeline_VITIS_LOOP_164_12' 
INFO: [HLS 200-10] ----------------------------------------------------------------
INFO: [HLS 200-1030] Apply Unified Pipeline Control on module 'conv_bn_act_pool_Pipeline_VITIS_LOOP_164_12' pipeline 'VITIS_LOOP_164_12' pipeline type 'loop pipeline'
INFO: [RTGEN 206-104] Estimated max fanout for 'conv_bn_act_pool_Pipeline_VITIS_LOOP_164_12' is 232302 from HDL expression: ((1'b0 == ap_block_pp0_stage0_11001) & (1'b1 == ap_CS_fsm_pp0_stage0))
INFO: [RTGEN 206-100] Generating core module 'hadd_16ns_16ns_16_4_no_dsp_1': 11 instance(s).
INFO: [RTGEN 206-100] Generating core module 'hadd_16ns_16ns_16_5_full_dsp_1': 342 instance(s).
INFO: [RTGEN 206-100] Generating core module 'hmul_16ns_16ns_16_4_max_dsp_1': 342 instance(s).
INFO: [RTGEN 206-100] Finished creating RTL model for 'conv_bn_act_pool_Pipeline_VITIS_LOOP_164_12'.
INFO: [HLS 200-111] Finished Creating RTL model: CPU user time: 4.2 seconds. CPU system time: 0.07 seconds. Elapsed time: 4.28 seconds; current allocated memory: 1.494 GB.
INFO: [HLS 200-10] ----------------------------------------------------------------
INFO: [HLS 200-10] -- Generating RTL for module 'conv_bn_act_pool_Pipeline_VITIS_LOOP_188_16' 
INFO: [HLS 200-10] ----------------------------------------------------------------
INFO: [HLS 200-1030] Apply Unified Pipeline Control on module 'conv_bn_act_pool_Pipeline_VITIS_LOOP_188_16' pipeline 'VITIS_LOOP_188_16' pipeline type 'loop pipeline'
INFO: [RTGEN 206-100] Generating core module 'hdiv_16ns_16ns_16_6_no_dsp_1': 1 instance(s).
INFO: [RTGEN 206-100] Generating core module 'sparsemux_65_5_16_1_1': 1 instance(s).
INFO: [RTGEN 206-100] Finished creating RTL model for 'conv_bn_act_pool_Pipeline_VITIS_LOOP_188_16'.
INFO: [HLS 200-111] Finished Creating RTL model: CPU user time: 3.41 seconds. CPU system time: 0.19 seconds. Elapsed time: 3.61 seconds; current allocated memory: 1.568 GB.
INFO: [HLS 200-10] ----------------------------------------------------------------
INFO: [HLS 200-10] -- Generating RTL for module 'conv_bn_act_pool' 
INFO: [HLS 200-10] ----------------------------------------------------------------
WARNING: [RTGEN 206-101] Setting dangling out port 'conv_bn_act_pool/grp_fu_1643_p_opcode' to 0.
WARNING: [RTGEN 206-101] Setting dangling out port 'conv_bn_act_pool/grp_fu_1647_p_opcode' to 0.
INFO: [RTGEN 206-100] Generating core module 'fadd_32ns_32ns_32_4_full_dsp_1': 1 instance(s).
INFO: [RTGEN 206-100] Generating core module 'fdiv_32ns_32ns_32_10_no_dsp_1': 1 instance(s).
INFO: [RTGEN 206-100] Generating core module 'fmul_32ns_32ns_32_3_max_dsp_1': 3 instance(s).
INFO: [RTGEN 206-100] Generating core module 'fsqrt_32ns_32ns_32_10_no_dsp_1': 1 instance(s).
INFO: [RTGEN 206-100] Generating core module 'fsub_32ns_32ns_32_4_full_dsp_1': 1 instance(s).
INFO: [RTGEN 206-100] Generating core module 'hadd_16ns_16ns_16_4_no_dsp_1': 11 instance(s).
INFO: [RTGEN 206-100] Generating core module 'hadd_16ns_16ns_16_5_full_dsp_1': 342 instance(s).
INFO: [RTGEN 206-100] Generating core module 'hcmp_16ns_16ns_1_2_no_dsp_1': 32 instance(s).
INFO: [RTGEN 206-100] Generating core module 'hdiv_16ns_16ns_16_6_no_dsp_1': 1 instance(s).
INFO: [RTGEN 206-100] Generating core module 'hmul_16ns_16ns_16_4_max_dsp_1': 342 instance(s).
INFO: [RTGEN 206-100] Generating core module 'hptosp_16ns_32_2_no_dsp_1': 2 instance(s).
INFO: [RTGEN 206-100] Generating core module 'sptohp_32ns_16_2_no_dsp_1': 2 instance(s).
INFO: [RTGEN 206-100] Finished creating RTL model for 'conv_bn_act_pool'.
INFO: [HLS 200-2168] Implementing memory 'run_model_conv_bn_act_pool_X_slice12_0_ROM_AUTO_3R' using auto ROMs with 2 copies to ensure enough ports to satisfy II or latency constraints.
INFO: [HLS 200-2168] Implementing memory 'run_model_conv_bn_act_pool_X_slice12_1_ROM_AUTO_3R' using auto ROMs with 2 copies to ensure enough ports to satisfy II or latency constraints.
INFO: [HLS 200-2168] Implementing memory 'run_model_conv_bn_act_pool_X_slice12_2_ROM_AUTO_3R' using auto ROMs with 2 copies to ensure enough ports to satisfy II or latency constraints.
INFO: [HLS 200-2168] Implementing memory 'run_model_conv_bn_act_pool_X_slice12_3_ROM_AUTO_3R' using auto ROMs with 2 copies to ensure enough ports to satisfy II or latency constraints.
INFO: [HLS 200-2168] Implementing memory 'run_model_conv_bn_act_pool_X_slice12_4_ROM_AUTO_3R' using auto ROMs with 2 copies to ensure enough ports to satisfy II or latency constraints.
INFO: [HLS 200-2168] Implementing memory 'run_model_conv_bn_act_pool_X_slice12_5_ROM_AUTO_3R' using auto ROMs with 2 copies to ensure enough ports to satisfy II or latency constraints.
INFO: [HLS 200-2168] Implementing memory 'run_model_conv_bn_act_pool_X_slice12_6_ROM_AUTO_3R' using auto ROMs with 2 copies to ensure enough ports to satisfy II or latency constraints.
INFO: [HLS 200-2168] Implementing memory 'run_model_conv_bn_act_pool_X_slice12_7_ROM_AUTO_3R' using auto ROMs with 2 copies to ensure enough ports to satisfy II or latency constraints.
INFO: [HLS 200-2168] Implementing memory 'run_model_conv_bn_act_pool_X_slice12_8_ROM_AUTO_3R' using auto ROMs with 2 copies to ensure enough ports to satisfy II or latency constraints.
INFO: [HLS 200-2168] Implementing memory 'run_model_conv_bn_act_pool_X_slice12_9_ROM_AUTO_3R' using auto ROMs with 2 copies to ensure enough ports to satisfy II or latency constraints.
INFO: [HLS 200-2168] Implementing memory 'run_model_conv_bn_act_pool_X_slice12_10_ROM_AUTO_3R' using auto ROMs with 2 copies to ensure enough ports to satisfy II or latency constraints.
INFO: [HLS 200-2168] Implementing memory 'run_model_conv_bn_act_pool_X_slice12_11_ROM_AUTO_3R' using auto ROMs with 2 copies to ensure enough ports to satisfy II or latency constraints.
INFO: [HLS 200-2168] Implementing memory 'run_model_conv_bn_act_pool_X_slice12_12_ROM_AUTO_3R' using auto ROMs with 2 copies to ensure enough ports to satisfy II or latency constraints.
INFO: [HLS 200-2168] Implementing memory 'run_model_conv_bn_act_pool_X_slice12_13_ROM_AUTO_3R' using auto ROMs with 2 copies to ensure enough ports to satisfy II or latency constraints.
INFO: [HLS 200-2168] Implementing memory 'run_model_conv_bn_act_pool_X_slice12_14_ROM_AUTO_3R' using auto ROMs with 2 copies to ensure enough ports to satisfy II or latency constraints.
INFO: [HLS 200-2168] Implementing memory 'run_model_conv_bn_act_pool_X_slice12_15_ROM_AUTO_3R' using auto ROMs with 2 copies to ensure enough ports to satisfy II or latency constraints.
INFO: [RTMG 210-278] Implementing memory 'run_model_conv_bn_act_pool_X_local_RAM_AUTO_1R1W' using auto RAMs.
INFO: [HLS 200-2167] Implementing memory 'run_model_conv_bn_act_pool_W_local_RAM_1WNR_AUTO_1R1W' using auto RAMs with 2 copies to ensure enough ports to satisfy II or latency constraints.
INFO: [HLS 200-111] Finished Creating RTL model: CPU user time: 1.73 seconds. CPU system time: 0.07 seconds. Elapsed time: 1.8 seconds; current allocated memory: 1.627 GB.
INFO: [HLS 200-10] ----------------------------------------------------------------
INFO: [HLS 200-10] -- Generating RTL for module 'run_all_slices_unrolled_Pipeline_Loop_BN2' 
INFO: [HLS 200-10] ----------------------------------------------------------------
INFO: [HLS 200-1030] Apply Unified Pipeline Control on module 'run_all_slices_unrolled_Pipeline_Loop_BN2' pipeline 'Loop_BN' pipeline type 'loop pipeline'
INFO: [RTGEN 206-100] Generating core module 'fdiv_32ns_32ns_32_10_no_dsp_1': 1 instance(s).
INFO: [RTGEN 206-100] Generating core module 'fsqrt_32ns_32ns_32_10_no_dsp_1': 1 instance(s).
INFO: [RTGEN 206-100] Generating core module 'hadd_16ns_16ns_16_5_full_dsp_1': 2 instance(s).
INFO: [RTGEN 206-100] Generating core module 'hmul_16ns_16ns_16_4_max_dsp_1': 1 instance(s).
INFO: [RTGEN 206-100] Generating core module 'hptosp_16ns_32_2_no_dsp_1': 2 instance(s).
INFO: [RTGEN 206-100] Generating core module 'sptohp_32ns_16_2_no_dsp_1': 1 instance(s).
INFO: [RTGEN 206-100] Finished creating RTL model for 'run_all_slices_unrolled_Pipeline_Loop_BN2'.
INFO: [HLS 200-111] Finished Creating RTL model: CPU user time: 1.02 seconds. CPU system time: 0.06 seconds. Elapsed time: 1.07 seconds; current allocated memory: 1.650 GB.
INFO: [HLS 200-10] ----------------------------------------------------------------
INFO: [HLS 200-10] -- Generating RTL for module 'run_all_slices_unrolled_Pipeline_MergedLoop1' 
INFO: [HLS 200-10] ----------------------------------------------------------------
INFO: [HLS 200-1030] Apply Unified Pipeline Control on module 'run_all_slices_unrolled_Pipeline_MergedLoop1' pipeline 'MergedLoop1' pipeline type 'loop pipeline'
INFO: [RTGEN 206-100] Generating core module 'hadd_16ns_16ns_16_5_full_dsp_1': 1 instance(s).
INFO: [RTGEN 206-100] Generating core module 'hcmp_16ns_16ns_1_2_no_dsp_1': 2 instance(s).
INFO: [RTGEN 206-100] Generating core module 'sparsemux_7_2_16_1_1': 1 instance(s).
INFO: [RTGEN 206-100] Finished creating RTL model for 'run_all_slices_unrolled_Pipeline_MergedLoop1'.
INFO: [HLS 200-111] Finished Creating RTL model: CPU user time: 0.17 seconds. CPU system time: 0.01 seconds. Elapsed time: 0.18 seconds; current allocated memory: 1.651 GB.
INFO: [HLS 200-10] ----------------------------------------------------------------
INFO: [HLS 200-10] -- Generating RTL for module 'conv_bn_act_pool_2_Pipeline_BNParamsLoop' 
INFO: [HLS 200-10] ----------------------------------------------------------------
INFO: [HLS 200-1030] Apply Unified Pipeline Control on module 'conv_bn_act_pool_2_Pipeline_BNParamsLoop' pipeline 'BNParamsLoop' pipeline type 'loop pipeline'
INFO: [RTGEN 206-100] Generating core module 'fadd_32ns_32ns_32_4_full_dsp_1': 1 instance(s).
INFO: [RTGEN 206-100] Generating core module 'fdiv_32ns_32ns_32_10_no_dsp_1': 1 instance(s).
INFO: [RTGEN 206-100] Generating core module 'fmul_32ns_32ns_32_3_max_dsp_1': 3 instance(s).
INFO: [RTGEN 206-100] Generating core module 'fsqrt_32ns_32ns_32_10_no_dsp_1': 1 instance(s).
INFO: [RTGEN 206-100] Generating core module 'fsub_32ns_32ns_32_4_full_dsp_1': 1 instance(s).
INFO: [RTGEN 206-100] Generating core module 'hptosp_16ns_32_2_no_dsp_1': 2 instance(s).
INFO: [RTGEN 206-100] Generating core module 'sparsemux_65_5_16_1_1': 2 instance(s).
INFO: [RTGEN 206-100] Generating core module 'sptohp_32ns_16_2_no_dsp_1': 2 instance(s).
INFO: [RTGEN 206-100] Finished creating RTL model for 'conv_bn_act_pool_2_Pipeline_BNParamsLoop'.
INFO: [HLS 200-111] Finished Creating RTL model: CPU user time: 0.65 seconds. CPU system time: 0.02 seconds. Elapsed time: 0.71 seconds; current allocated memory: 1.658 GB.
INFO: [HLS 200-10] ----------------------------------------------------------------
INFO: [HLS 200-10] -- Generating RTL for module 'conv_bn_act_pool_2_Pipeline_VITIS_LOOP_106_1_VITIS_LOOP_107_2' 
INFO: [HLS 200-10] ----------------------------------------------------------------
INFO: [SYN 201-210] Renamed object name 'conv_bn_act_pool_2_Pipeline_VITIS_LOOP_106_1_VITIS_LOOP_107_2_ConvW2_0_ROM_AUTO_3R' to 'conv_bn_act_pool_2_Pipeline_VITIS_LOOP_106_1_VITIS_LOOP_107_2_ConvW2_0_ROM_AUrcU' due to the length limit 80
INFO: [SYN 201-210] Renamed object name 'conv_bn_act_pool_2_Pipeline_VITIS_LOOP_106_1_VITIS_LOOP_107_2_ConvW2_1_ROM_AUTO_3R' to 'conv_bn_act_pool_2_Pipeline_VITIS_LOOP_106_1_VITIS_LOOP_107_2_ConvW2_1_ROM_AUsc4' due to the length limit 80
INFO: [SYN 201-210] Renamed object name 'conv_bn_act_pool_2_Pipeline_VITIS_LOOP_106_1_VITIS_LOOP_107_2_ConvW2_2_ROM_AUTO_3R' to 'conv_bn_act_pool_2_Pipeline_VITIS_LOOP_106_1_VITIS_LOOP_107_2_ConvW2_2_ROM_AUtde' due to the length limit 80
INFO: [SYN 201-210] Renamed object name 'conv_bn_act_pool_2_Pipeline_VITIS_LOOP_106_1_VITIS_LOOP_107_2_ConvW2_3_ROM_AUTO_3R' to 'conv_bn_act_pool_2_Pipeline_VITIS_LOOP_106_1_VITIS_LOOP_107_2_ConvW2_3_ROM_AUudo' due to the length limit 80
INFO: [SYN 201-210] Renamed object name 'conv_bn_act_pool_2_Pipeline_VITIS_LOOP_106_1_VITIS_LOOP_107_2_ConvW2_4_ROM_AUTO_3R' to 'conv_bn_act_pool_2_Pipeline_VITIS_LOOP_106_1_VITIS_LOOP_107_2_ConvW2_4_ROM_AUvdy' due to the length limit 80
INFO: [SYN 201-210] Renamed object name 'conv_bn_act_pool_2_Pipeline_VITIS_LOOP_106_1_VITIS_LOOP_107_2_ConvW2_5_ROM_AUTO_3R' to 'conv_bn_act_pool_2_Pipeline_VITIS_LOOP_106_1_VITIS_LOOP_107_2_ConvW2_5_ROM_AUwdI' due to the length limit 80
INFO: [SYN 201-210] Renamed object name 'conv_bn_act_pool_2_Pipeline_VITIS_LOOP_106_1_VITIS_LOOP_107_2_ConvW2_6_ROM_AUTO_3R' to 'conv_bn_act_pool_2_Pipeline_VITIS_LOOP_106_1_VITIS_LOOP_107_2_ConvW2_6_ROM_AUxdS' due to the length limit 80
INFO: [SYN 201-210] Renamed object name 'conv_bn_act_pool_2_Pipeline_VITIS_LOOP_106_1_VITIS_LOOP_107_2_ConvW2_7_ROM_AUTO_3R' to 'conv_bn_act_pool_2_Pipeline_VITIS_LOOP_106_1_VITIS_LOOP_107_2_ConvW2_7_ROM_AUyd2' due to the length limit 80
INFO: [SYN 201-210] Renamed object name 'conv_bn_act_pool_2_Pipeline_VITIS_LOOP_106_1_VITIS_LOOP_107_2_ConvW2_8_ROM_AUTO_3R' to 'conv_bn_act_pool_2_Pipeline_VITIS_LOOP_106_1_VITIS_LOOP_107_2_ConvW2_8_ROM_AUzec' due to the length limit 80
INFO: [SYN 201-210] Renamed object name 'conv_bn_act_pool_2_Pipeline_VITIS_LOOP_106_1_VITIS_LOOP_107_2_ConvW2_9_ROM_AUTO_3R' to 'conv_bn_act_pool_2_Pipeline_VITIS_LOOP_106_1_VITIS_LOOP_107_2_ConvW2_9_ROM_AUAem' due to the length limit 80
INFO: [SYN 201-210] Renamed object name 'conv_bn_act_pool_2_Pipeline_VITIS_LOOP_106_1_VITIS_LOOP_107_2_ConvW2_10_ROM_AUTO_3R' to 'conv_bn_act_pool_2_Pipeline_VITIS_LOOP_106_1_VITIS_LOOP_107_2_ConvW2_10_ROM_ABew' due to the length limit 80
INFO: [SYN 201-210] Renamed object name 'conv_bn_act_pool_2_Pipeline_VITIS_LOOP_106_1_VITIS_LOOP_107_2_ConvW2_11_ROM_AUTO_3R' to 'conv_bn_act_pool_2_Pipeline_VITIS_LOOP_106_1_VITIS_LOOP_107_2_ConvW2_11_ROM_ACeG' due to the length limit 80
INFO: [SYN 201-210] Renamed object name 'conv_bn_act_pool_2_Pipeline_VITIS_LOOP_106_1_VITIS_LOOP_107_2_ConvW2_12_ROM_AUTO_3R' to 'conv_bn_act_pool_2_Pipeline_VITIS_LOOP_106_1_VITIS_LOOP_107_2_ConvW2_12_ROM_ADeQ' due to the length limit 80
INFO: [SYN 201-210] Renamed object name 'conv_bn_act_pool_2_Pipeline_VITIS_LOOP_106_1_VITIS_LOOP_107_2_ConvW2_13_ROM_AUTO_3R' to 'conv_bn_act_pool_2_Pipeline_VITIS_LOOP_106_1_VITIS_LOOP_107_2_ConvW2_13_ROM_AEe0' due to the length limit 80
INFO: [SYN 201-210] Renamed object name 'conv_bn_act_pool_2_Pipeline_VITIS_LOOP_106_1_VITIS_LOOP_107_2_ConvW2_14_ROM_AUTO_3R' to 'conv_bn_act_pool_2_Pipeline_VITIS_LOOP_106_1_VITIS_LOOP_107_2_ConvW2_14_ROM_AFfa' due to the length limit 80
INFO: [SYN 201-210] Renamed object name 'conv_bn_act_pool_2_Pipeline_VITIS_LOOP_106_1_VITIS_LOOP_107_2_ConvW2_15_ROM_AUTO_3R' to 'conv_bn_act_pool_2_Pipeline_VITIS_LOOP_106_1_VITIS_LOOP_107_2_ConvW2_15_ROM_AGfk' due to the length limit 80
INFO: [HLS 200-1030] Apply Unified Pipeline Control on module 'conv_bn_act_pool_2_Pipeline_VITIS_LOOP_106_1_VITIS_LOOP_107_2' pipeline 'VITIS_LOOP_106_1_VITIS_LOOP_107_2' pipeline type 'loop pipeline'
INFO: [RTGEN 206-100] Finished creating RTL model for 'conv_bn_act_pool_2_Pipeline_VITIS_LOOP_106_1_VITIS_LOOP_107_2'.
INFO: [HLS 200-2168] Implementing memory 'run_model_conv_bn_act_pool_2_Pipeline_VITIS_LOOP_106_1_VITIS_LOOP_107_2_ConvW2_0_ROM_AUrcU' using auto ROMs with 2 copies to ensure enough ports to satisfy II or latency constraints.
INFO: [HLS 200-2168] Implementing memory 'run_model_conv_bn_act_pool_2_Pipeline_VITIS_LOOP_106_1_VITIS_LOOP_107_2_ConvW2_1_ROM_AUsc4' using auto ROMs with 2 copies to ensure enough ports to satisfy II or latency constraints.
INFO: [HLS 200-2168] Implementing memory 'run_model_conv_bn_act_pool_2_Pipeline_VITIS_LOOP_106_1_VITIS_LOOP_107_2_ConvW2_2_ROM_AUtde' using auto ROMs with 2 copies to ensure enough ports to satisfy II or latency constraints.
INFO: [HLS 200-2168] Implementing memory 'run_model_conv_bn_act_pool_2_Pipeline_VITIS_LOOP_106_1_VITIS_LOOP_107_2_ConvW2_3_ROM_AUudo' using auto ROMs with 2 copies to ensure enough ports to satisfy II or latency constraints.
INFO: [HLS 200-2168] Implementing memory 'run_model_conv_bn_act_pool_2_Pipeline_VITIS_LOOP_106_1_VITIS_LOOP_107_2_ConvW2_4_ROM_AUvdy' using auto ROMs with 2 copies to ensure enough ports to satisfy II or latency constraints.
INFO: [HLS 200-2168] Implementing memory 'run_model_conv_bn_act_pool_2_Pipeline_VITIS_LOOP_106_1_VITIS_LOOP_107_2_ConvW2_5_ROM_AUwdI' using auto ROMs with 2 copies to ensure enough ports to satisfy II or latency constraints.
INFO: [HLS 200-2168] Implementing memory 'run_model_conv_bn_act_pool_2_Pipeline_VITIS_LOOP_106_1_VITIS_LOOP_107_2_ConvW2_6_ROM_AUxdS' using auto ROMs with 2 copies to ensure enough ports to satisfy II or latency constraints.
INFO: [HLS 200-2168] Implementing memory 'run_model_conv_bn_act_pool_2_Pipeline_VITIS_LOOP_106_1_VITIS_LOOP_107_2_ConvW2_7_ROM_AUyd2' using auto ROMs with 2 copies to ensure enough ports to satisfy II or latency constraints.
INFO: [HLS 200-2168] Implementing memory 'run_model_conv_bn_act_pool_2_Pipeline_VITIS_LOOP_106_1_VITIS_LOOP_107_2_ConvW2_8_ROM_AUzec' using auto ROMs with 2 copies to ensure enough ports to satisfy II or latency constraints.
INFO: [HLS 200-2168] Implementing memory 'run_model_conv_bn_act_pool_2_Pipeline_VITIS_LOOP_106_1_VITIS_LOOP_107_2_ConvW2_9_ROM_AUAem' using auto ROMs with 2 copies to ensure enough ports to satisfy II or latency constraints.
INFO: [HLS 200-2168] Implementing memory 'run_model_conv_bn_act_pool_2_Pipeline_VITIS_LOOP_106_1_VITIS_LOOP_107_2_ConvW2_10_ROM_ABew' using auto ROMs with 2 copies to ensure enough ports to satisfy II or latency constraints.
INFO: [HLS 200-2168] Implementing memory 'run_model_conv_bn_act_pool_2_Pipeline_VITIS_LOOP_106_1_VITIS_LOOP_107_2_ConvW2_11_ROM_ACeG' using auto ROMs with 2 copies to ensure enough ports to satisfy II or latency constraints.
INFO: [HLS 200-2168] Implementing memory 'run_model_conv_bn_act_pool_2_Pipeline_VITIS_LOOP_106_1_VITIS_LOOP_107_2_ConvW2_12_ROM_ADeQ' using auto ROMs with 2 copies to ensure enough ports to satisfy II or latency constraints.
INFO: [HLS 200-2168] Implementing memory 'run_model_conv_bn_act_pool_2_Pipeline_VITIS_LOOP_106_1_VITIS_LOOP_107_2_ConvW2_13_ROM_AEe0' using auto ROMs with 2 copies to ensure enough ports to satisfy II or latency constraints.
INFO: [HLS 200-2168] Implementing memory 'run_model_conv_bn_act_pool_2_Pipeline_VITIS_LOOP_106_1_VITIS_LOOP_107_2_ConvW2_14_ROM_AFfa' using auto ROMs with 2 copies to ensure enough ports to satisfy II or latency constraints.
INFO: [HLS 200-2168] Implementing memory 'run_model_conv_bn_act_pool_2_Pipeline_VITIS_LOOP_106_1_VITIS_LOOP_107_2_ConvW2_15_ROM_AGfk' using auto ROMs with 2 copies to ensure enough ports to satisfy II or latency constraints.
INFO: [HLS 200-111] Finished Creating RTL model: CPU user time: 1.08 seconds. CPU system time: 0.06 seconds. Elapsed time: 1.18 seconds; current allocated memory: 1.668 GB.
INFO: [HLS 200-10] ----------------------------------------------------------------
INFO: [HLS 200-10] -- Generating RTL for module 'conv_bn_act_pool_2_Pipeline_VITIS_LOOP_141_8' 
INFO: [HLS 200-10] ----------------------------------------------------------------
INFO: [HLS 200-1030] Apply Unified Pipeline Control on module 'conv_bn_act_pool_2_Pipeline_VITIS_LOOP_141_8' pipeline 'VITIS_LOOP_141_8' pipeline type 'loop pipeline'
INFO: [RTGEN 206-100] Finished creating RTL model for 'conv_bn_act_pool_2_Pipeline_VITIS_LOOP_141_8'.
INFO: [HLS 200-111] Finished Creating RTL model: CPU user time: 0.42 seconds. CPU system time: 0.03 seconds. Elapsed time: 0.46 seconds; current allocated memory: 1.678 GB.
INFO: [HLS 200-10] ----------------------------------------------------------------
INFO: [HLS 200-10] -- Generating RTL for module 'conv_bn_act_pool_2_Pipeline_VITIS_LOOP_148_10' 
INFO: [HLS 200-10] ----------------------------------------------------------------
INFO: [HLS 200-1030] Apply Unified Pipeline Control on module 'conv_bn_act_pool_2_Pipeline_VITIS_LOOP_148_10' pipeline 'VITIS_LOOP_148_10' pipeline type 'loop pipeline'
INFO: [RTGEN 206-100] Generating core module 'sparsemux_33_4_16_1_1': 1 instance(s).
INFO: [RTGEN 206-100] Finished creating RTL model for 'conv_bn_act_pool_2_Pipeline_VITIS_LOOP_148_10'.
INFO: [HLS 200-111] Finished Creating RTL model: CPU user time: 0.33 seconds. CPU system time: 0.03 seconds. Elapsed time: 0.35 seconds; current allocated memory: 1.685 GB.
INFO: [HLS 200-10] ----------------------------------------------------------------
INFO: [HLS 200-10] -- Generating RTL for module 'conv_bn_act_pool_2_Pipeline_VITIS_LOOP_132_6' 
INFO: [HLS 200-10] ----------------------------------------------------------------
INFO: [HLS 200-1030] Apply Unified Pipeline Control on module 'conv_bn_act_pool_2_Pipeline_VITIS_LOOP_132_6' pipeline 'VITIS_LOOP_132_6' pipeline type 'loop pipeline'
INFO: [RTGEN 206-100] Finished creating RTL model for 'conv_bn_act_pool_2_Pipeline_VITIS_LOOP_132_6'.
INFO: [HLS 200-111] Finished Creating RTL model: CPU user time: 0.28 seconds. CPU system time: 0.01 seconds. Elapsed time: 0.28 seconds; current allocated memory: 1.692 GB.
INFO: [HLS 200-10] ----------------------------------------------------------------
INFO: [HLS 200-10] -- Generating RTL for module 'conv_bn_act_pool_2_Pipeline_VITIS_LOOP_158_11' 
INFO: [HLS 200-10] ----------------------------------------------------------------
INFO: [RTGEN 206-100] Finished creating RTL model for 'conv_bn_act_pool_2_Pipeline_VITIS_LOOP_158_11'.
INFO: [HLS 200-111] Finished Creating RTL model: CPU user time: 0.21 seconds. CPU system time: 0.03 seconds. Elapsed time: 0.23 seconds; current allocated memory: 1.697 GB.
INFO: [HLS 200-10] ----------------------------------------------------------------
INFO: [HLS 200-10] -- Generating RTL for module 'conv_bn_act_pool_2_Pipeline_VITIS_LOOP_164_12' 
INFO: [HLS 200-10] ----------------------------------------------------------------
INFO: [HLS 200-1030] Apply Unified Pipeline Control on module 'conv_bn_act_pool_2_Pipeline_VITIS_LOOP_164_12' pipeline 'VITIS_LOOP_164_12' pipeline type 'loop pipeline'
INFO: [RTGEN 206-104] Estimated max fanout for 'conv_bn_act_pool_2_Pipeline_VITIS_LOOP_164_12' is 232302 from HDL expression: ((1'b0 == ap_block_pp0_stage0_11001) & (1'b1 == ap_CS_fsm_pp0_stage0))
INFO: [RTGEN 206-100] Generating core module 'hadd_16ns_16ns_16_4_no_dsp_1': 11 instance(s).
INFO: [RTGEN 206-100] Generating core module 'hadd_16ns_16ns_16_5_full_dsp_1': 342 instance(s).
INFO: [RTGEN 206-100] Generating core module 'hmul_16ns_16ns_16_4_max_dsp_1': 342 instance(s).
INFO: [RTGEN 206-100] Finished creating RTL model for 'conv_bn_act_pool_2_Pipeline_VITIS_LOOP_164_12'.
INFO: [HLS 200-111] Finished Creating RTL model: CPU user time: 4.01 seconds. CPU system time: 0.06 seconds. Elapsed time: 4.07 seconds; current allocated memory: 1.800 GB.
INFO: [HLS 200-10] ----------------------------------------------------------------
INFO: [HLS 200-10] -- Generating RTL for module 'conv_bn_act_pool_2_Pipeline_VITIS_LOOP_188_16' 
INFO: [HLS 200-10] ----------------------------------------------------------------
INFO: [HLS 200-1030] Apply Unified Pipeline Control on module 'conv_bn_act_pool_2_Pipeline_VITIS_LOOP_188_16' pipeline 'VITIS_LOOP_188_16' pipeline type 'loop pipeline'
INFO: [RTGEN 206-100] Generating core module 'hdiv_16ns_16ns_16_6_no_dsp_1': 1 instance(s).
INFO: [RTGEN 206-100] Generating core module 'sparsemux_65_5_16_1_1': 1 instance(s).
INFO: [RTGEN 206-100] Finished creating RTL model for 'conv_bn_act_pool_2_Pipeline_VITIS_LOOP_188_16'.
INFO: [HLS 200-111] Finished Creating RTL model: CPU user time: 3.42 seconds. CPU system time: 0.17 seconds. Elapsed time: 3.61 seconds; current allocated memory: 1.898 GB.
INFO: [HLS 200-10] ----------------------------------------------------------------
INFO: [HLS 200-10] -- Generating RTL for module 'conv_bn_act_pool_2' 
INFO: [HLS 200-10] ----------------------------------------------------------------
WARNING: [RTGEN 206-101] Setting dangling out port 'conv_bn_act_pool_2/grp_fu_1643_p_opcode' to 0.
WARNING: [RTGEN 206-101] Setting dangling out port 'conv_bn_act_pool_2/grp_fu_1647_p_opcode' to 0.
INFO: [RTGEN 206-100] Generating core module 'fadd_32ns_32ns_32_4_full_dsp_1': 1 instance(s).
INFO: [RTGEN 206-100] Generating core module 'fdiv_32ns_32ns_32_10_no_dsp_1': 1 instance(s).
INFO: [RTGEN 206-100] Generating core module 'fmul_32ns_32ns_32_3_max_dsp_1': 3 instance(s).
INFO: [RTGEN 206-100] Generating core module 'fsqrt_32ns_32ns_32_10_no_dsp_1': 1 instance(s).
INFO: [RTGEN 206-100] Generating core module 'fsub_32ns_32ns_32_4_full_dsp_1': 1 instance(s).
INFO: [RTGEN 206-100] Generating core module 'hadd_16ns_16ns_16_4_no_dsp_1': 11 instance(s).
INFO: [RTGEN 206-100] Generating core module 'hadd_16ns_16ns_16_5_full_dsp_1': 342 instance(s).
INFO: [RTGEN 206-100] Generating core module 'hcmp_16ns_16ns_1_2_no_dsp_1': 32 instance(s).
INFO: [RTGEN 206-100] Generating core module 'hdiv_16ns_16ns_16_6_no_dsp_1': 1 instance(s).
INFO: [RTGEN 206-100] Generating core module 'hmul_16ns_16ns_16_4_max_dsp_1': 342 instance(s).
INFO: [RTGEN 206-100] Generating core module 'hptosp_16ns_32_2_no_dsp_1': 2 instance(s).
INFO: [RTGEN 206-100] Generating core module 'sptohp_32ns_16_2_no_dsp_1': 2 instance(s).
INFO: [RTGEN 206-100] Finished creating RTL model for 'conv_bn_act_pool_2'.
INFO: [HLS 200-2168] Implementing memory 'run_model_conv_bn_act_pool_2_X_slice27_0_ROM_AUTO_3R' using auto ROMs with 2 copies to ensure enough ports to satisfy II or latency constraints.
INFO: [HLS 200-2168] Implementing memory 'run_model_conv_bn_act_pool_2_X_slice27_1_ROM_AUTO_3R' using auto ROMs with 2 copies to ensure enough ports to satisfy II or latency constraints.
INFO: [HLS 200-2168] Implementing memory 'run_model_conv_bn_act_pool_2_X_slice27_2_ROM_AUTO_3R' using auto ROMs with 2 copies to ensure enough ports to satisfy II or latency constraints.
INFO: [HLS 200-2168] Implementing memory 'run_model_conv_bn_act_pool_2_X_slice27_3_ROM_AUTO_3R' using auto ROMs with 2 copies to ensure enough ports to satisfy II or latency constraints.
INFO: [HLS 200-2168] Implementing memory 'run_model_conv_bn_act_pool_2_X_slice27_4_ROM_AUTO_3R' using auto ROMs with 2 copies to ensure enough ports to satisfy II or latency constraints.
INFO: [HLS 200-2168] Implementing memory 'run_model_conv_bn_act_pool_2_X_slice27_5_ROM_AUTO_3R' using auto ROMs with 2 copies to ensure enough ports to satisfy II or latency constraints.
INFO: [HLS 200-2168] Implementing memory 'run_model_conv_bn_act_pool_2_X_slice27_6_ROM_AUTO_3R' using auto ROMs with 2 copies to ensure enough ports to satisfy II or latency constraints.
INFO: [HLS 200-2168] Implementing memory 'run_model_conv_bn_act_pool_2_X_slice27_7_ROM_AUTO_3R' using auto ROMs with 2 copies to ensure enough ports to satisfy II or latency constraints.
INFO: [HLS 200-2168] Implementing memory 'run_model_conv_bn_act_pool_2_X_slice27_8_ROM_AUTO_3R' using auto ROMs with 2 copies to ensure enough ports to satisfy II or latency constraints.
INFO: [HLS 200-2168] Implementing memory 'run_model_conv_bn_act_pool_2_X_slice27_9_ROM_AUTO_3R' using auto ROMs with 2 copies to ensure enough ports to satisfy II or latency constraints.
INFO: [HLS 200-2168] Implementing memory 'run_model_conv_bn_act_pool_2_X_slice27_10_ROM_AUTO_3R' using auto ROMs with 2 copies to ensure enough ports to satisfy II or latency constraints.
INFO: [HLS 200-2168] Implementing memory 'run_model_conv_bn_act_pool_2_X_slice27_11_ROM_AUTO_3R' using auto ROMs with 2 copies to ensure enough ports to satisfy II or latency constraints.
INFO: [HLS 200-2168] Implementing memory 'run_model_conv_bn_act_pool_2_X_slice27_12_ROM_AUTO_3R' using auto ROMs with 2 copies to ensure enough ports to satisfy II or latency constraints.
INFO: [HLS 200-2168] Implementing memory 'run_model_conv_bn_act_pool_2_X_slice27_13_ROM_AUTO_3R' using auto ROMs with 2 copies to ensure enough ports to satisfy II or latency constraints.
INFO: [HLS 200-2168] Implementing memory 'run_model_conv_bn_act_pool_2_X_slice27_14_ROM_AUTO_3R' using auto ROMs with 2 copies to ensure enough ports to satisfy II or latency constraints.
INFO: [HLS 200-2168] Implementing memory 'run_model_conv_bn_act_pool_2_X_slice27_15_ROM_AUTO_3R' using auto ROMs with 2 copies to ensure enough ports to satisfy II or latency constraints.
INFO: [HLS 200-2167] Implementing memory 'run_model_conv_bn_act_pool_2_W_local_RAM_1WNR_AUTO_1R1W' using auto RAMs with 2 copies to ensure enough ports to satisfy II or latency constraints.
INFO: [HLS 200-111] Finished Creating RTL model: CPU user time: 1.62 seconds. CPU system time: 0.06 seconds. Elapsed time: 1.67 seconds; current allocated memory: 1.931 GB.
INFO: [HLS 200-10] ----------------------------------------------------------------
INFO: [HLS 200-10] -- Generating RTL for module 'run_all_slices_unrolled_Pipeline_Loop_BN3' 
INFO: [HLS 200-10] ----------------------------------------------------------------
INFO: [HLS 200-1030] Apply Unified Pipeline Control on module 'run_all_slices_unrolled_Pipeline_Loop_BN3' pipeline 'Loop_BN' pipeline type 'loop pipeline'
INFO: [RTGEN 206-100] Generating core module 'fdiv_32ns_32ns_32_10_no_dsp_1': 1 instance(s).
INFO: [RTGEN 206-100] Generating core module 'fsqrt_32ns_32ns_32_10_no_dsp_1': 1 instance(s).
INFO: [RTGEN 206-100] Generating core module 'hadd_16ns_16ns_16_5_full_dsp_1': 2 instance(s).
INFO: [RTGEN 206-100] Generating core module 'hmul_16ns_16ns_16_4_max_dsp_1': 1 instance(s).
INFO: [RTGEN 206-100] Generating core module 'hptosp_16ns_32_2_no_dsp_1': 2 instance(s).
INFO: [RTGEN 206-100] Generating core module 'sptohp_32ns_16_2_no_dsp_1': 1 instance(s).
INFO: [RTGEN 206-100] Finished creating RTL model for 'run_all_slices_unrolled_Pipeline_Loop_BN3'.
INFO: [HLS 200-111] Finished Creating RTL model: CPU user time: 1.12 seconds. CPU system time: 0.05 seconds. Elapsed time: 1.17 seconds; current allocated memory: 1.954 GB.
INFO: [HLS 200-10] ----------------------------------------------------------------
INFO: [HLS 200-10] -- Generating RTL for module 'run_all_slices_unrolled_Pipeline_MergedLoop2' 
INFO: [HLS 200-10] ----------------------------------------------------------------
INFO: [HLS 200-1030] Apply Unified Pipeline Control on module 'run_all_slices_unrolled_Pipeline_MergedLoop2' pipeline 'MergedLoop2' pipeline type 'loop pipeline'
INFO: [RTGEN 206-100] Generating core module 'hadd_16ns_16ns_16_5_full_dsp_1': 1 instance(s).
INFO: [RTGEN 206-100] Generating core module 'hcmp_16ns_16ns_1_2_no_dsp_1': 2 instance(s).
INFO: [RTGEN 206-100] Generating core module 'sparsemux_7_2_16_1_1': 1 instance(s).
INFO: [RTGEN 206-100] Finished creating RTL model for 'run_all_slices_unrolled_Pipeline_MergedLoop2'.
INFO: [HLS 200-111] Finished Creating RTL model: CPU user time: 0.17 seconds. CPU system time: 0.02 seconds. Elapsed time: 0.19 seconds; current allocated memory: 1.955 GB.
INFO: [HLS 200-10] ----------------------------------------------------------------
INFO: [HLS 200-10] -- Generating RTL for module 'conv_bn_act_pool_3_Pipeline_BNParamsLoop' 
INFO: [HLS 200-10] ----------------------------------------------------------------
INFO: [HLS 200-1030] Apply Unified Pipeline Control on module 'conv_bn_act_pool_3_Pipeline_BNParamsLoop' pipeline 'BNParamsLoop' pipeline type 'loop pipeline'
INFO: [RTGEN 206-100] Generating core module 'fadd_32ns_32ns_32_4_full_dsp_1': 1 instance(s).
INFO: [RTGEN 206-100] Generating core module 'fdiv_32ns_32ns_32_10_no_dsp_1': 1 instance(s).
INFO: [RTGEN 206-100] Generating core module 'fmul_32ns_32ns_32_3_max_dsp_1': 3 instance(s).
INFO: [RTGEN 206-100] Generating core module 'fsqrt_32ns_32ns_32_10_no_dsp_1': 1 instance(s).
INFO: [RTGEN 206-100] Generating core module 'fsub_32ns_32ns_32_4_full_dsp_1': 1 instance(s).
INFO: [RTGEN 206-100] Generating core module 'hptosp_16ns_32_2_no_dsp_1': 2 instance(s).
INFO: [RTGEN 206-100] Generating core module 'sparsemux_65_5_16_1_1': 2 instance(s).
INFO: [RTGEN 206-100] Generating core module 'sptohp_32ns_16_2_no_dsp_1': 2 instance(s).
INFO: [RTGEN 206-100] Finished creating RTL model for 'conv_bn_act_pool_3_Pipeline_BNParamsLoop'.
INFO: [HLS 200-111] Finished Creating RTL model: CPU user time: 0.58 seconds. CPU system time: 0.03 seconds. Elapsed time: 0.61 seconds; current allocated memory: 1.961 GB.
INFO: [HLS 200-10] ----------------------------------------------------------------
INFO: [HLS 200-10] -- Generating RTL for module 'conv_bn_act_pool_3_Pipeline_VITIS_LOOP_106_1_VITIS_LOOP_107_2' 
INFO: [HLS 200-10] ----------------------------------------------------------------
INFO: [SYN 201-210] Renamed object name 'conv_bn_act_pool_3_Pipeline_VITIS_LOOP_106_1_VITIS_LOOP_107_2_ConvW3_0_ROM_AUTO_3R' to 'conv_bn_act_pool_3_Pipeline_VITIS_LOOP_106_1_VITIS_LOOP_107_2_ConvW3_0_ROM_AUHfu' due to the length limit 80
INFO: [SYN 201-210] Renamed object name 'conv_bn_act_pool_3_Pipeline_VITIS_LOOP_106_1_VITIS_LOOP_107_2_ConvW3_1_ROM_AUTO_3R' to 'conv_bn_act_pool_3_Pipeline_VITIS_LOOP_106_1_VITIS_LOOP_107_2_ConvW3_1_ROM_AUIfE' due to the length limit 80
INFO: [SYN 201-210] Renamed object name 'conv_bn_act_pool_3_Pipeline_VITIS_LOOP_106_1_VITIS_LOOP_107_2_ConvW3_2_ROM_AUTO_3R' to 'conv_bn_act_pool_3_Pipeline_VITIS_LOOP_106_1_VITIS_LOOP_107_2_ConvW3_2_ROM_AUJfO' due to the length limit 80
INFO: [SYN 201-210] Renamed object name 'conv_bn_act_pool_3_Pipeline_VITIS_LOOP_106_1_VITIS_LOOP_107_2_ConvW3_3_ROM_AUTO_3R' to 'conv_bn_act_pool_3_Pipeline_VITIS_LOOP_106_1_VITIS_LOOP_107_2_ConvW3_3_ROM_AUKfY' due to the length limit 80
INFO: [SYN 201-210] Renamed object name 'conv_bn_act_pool_3_Pipeline_VITIS_LOOP_106_1_VITIS_LOOP_107_2_ConvW3_4_ROM_AUTO_3R' to 'conv_bn_act_pool_3_Pipeline_VITIS_LOOP_106_1_VITIS_LOOP_107_2_ConvW3_4_ROM_AULf8' due to the length limit 80
INFO: [SYN 201-210] Renamed object name 'conv_bn_act_pool_3_Pipeline_VITIS_LOOP_106_1_VITIS_LOOP_107_2_ConvW3_5_ROM_AUTO_3R' to 'conv_bn_act_pool_3_Pipeline_VITIS_LOOP_106_1_VITIS_LOOP_107_2_ConvW3_5_ROM_AUMgi' due to the length limit 80
INFO: [SYN 201-210] Renamed object name 'conv_bn_act_pool_3_Pipeline_VITIS_LOOP_106_1_VITIS_LOOP_107_2_ConvW3_6_ROM_AUTO_3R' to 'conv_bn_act_pool_3_Pipeline_VITIS_LOOP_106_1_VITIS_LOOP_107_2_ConvW3_6_ROM_AUNgs' due to the length limit 80
INFO: [SYN 201-210] Renamed object name 'conv_bn_act_pool_3_Pipeline_VITIS_LOOP_106_1_VITIS_LOOP_107_2_ConvW3_7_ROM_AUTO_3R' to 'conv_bn_act_pool_3_Pipeline_VITIS_LOOP_106_1_VITIS_LOOP_107_2_ConvW3_7_ROM_AUOgC' due to the length limit 80
INFO: [SYN 201-210] Renamed object name 'conv_bn_act_pool_3_Pipeline_VITIS_LOOP_106_1_VITIS_LOOP_107_2_ConvW3_8_ROM_AUTO_3R' to 'conv_bn_act_pool_3_Pipeline_VITIS_LOOP_106_1_VITIS_LOOP_107_2_ConvW3_8_ROM_AUPgM' due to the length limit 80
INFO: [SYN 201-210] Renamed object name 'conv_bn_act_pool_3_Pipeline_VITIS_LOOP_106_1_VITIS_LOOP_107_2_ConvW3_9_ROM_AUTO_3R' to 'conv_bn_act_pool_3_Pipeline_VITIS_LOOP_106_1_VITIS_LOOP_107_2_ConvW3_9_ROM_AUQgW' due to the length limit 80
INFO: [SYN 201-210] Renamed object name 'conv_bn_act_pool_3_Pipeline_VITIS_LOOP_106_1_VITIS_LOOP_107_2_ConvW3_10_ROM_AUTO_3R' to 'conv_bn_act_pool_3_Pipeline_VITIS_LOOP_106_1_VITIS_LOOP_107_2_ConvW3_10_ROM_ARg6' due to the length limit 80
INFO: [SYN 201-210] Renamed object name 'conv_bn_act_pool_3_Pipeline_VITIS_LOOP_106_1_VITIS_LOOP_107_2_ConvW3_11_ROM_AUTO_3R' to 'conv_bn_act_pool_3_Pipeline_VITIS_LOOP_106_1_VITIS_LOOP_107_2_ConvW3_11_ROM_AShg' due to the length limit 80
INFO: [SYN 201-210] Renamed object name 'conv_bn_act_pool_3_Pipeline_VITIS_LOOP_106_1_VITIS_LOOP_107_2_ConvW3_12_ROM_AUTO_3R' to 'conv_bn_act_pool_3_Pipeline_VITIS_LOOP_106_1_VITIS_LOOP_107_2_ConvW3_12_ROM_AThq' due to the length limit 80
INFO: [SYN 201-210] Renamed object name 'conv_bn_act_pool_3_Pipeline_VITIS_LOOP_106_1_VITIS_LOOP_107_2_ConvW3_13_ROM_AUTO_3R' to 'conv_bn_act_pool_3_Pipeline_VITIS_LOOP_106_1_VITIS_LOOP_107_2_ConvW3_13_ROM_AUhA' due to the length limit 80
INFO: [SYN 201-210] Renamed object name 'conv_bn_act_pool_3_Pipeline_VITIS_LOOP_106_1_VITIS_LOOP_107_2_ConvW3_14_ROM_AUTO_3R' to 'conv_bn_act_pool_3_Pipeline_VITIS_LOOP_106_1_VITIS_LOOP_107_2_ConvW3_14_ROM_AVhK' due to the length limit 80
INFO: [SYN 201-210] Renamed object name 'conv_bn_act_pool_3_Pipeline_VITIS_LOOP_106_1_VITIS_LOOP_107_2_ConvW3_15_ROM_AUTO_3R' to 'conv_bn_act_pool_3_Pipeline_VITIS_LOOP_106_1_VITIS_LOOP_107_2_ConvW3_15_ROM_AWhU' due to the length limit 80
INFO: [HLS 200-1030] Apply Unified Pipeline Control on module 'conv_bn_act_pool_3_Pipeline_VITIS_LOOP_106_1_VITIS_LOOP_107_2' pipeline 'VITIS_LOOP_106_1_VITIS_LOOP_107_2' pipeline type 'loop pipeline'
INFO: [RTGEN 206-100] Finished creating RTL model for 'conv_bn_act_pool_3_Pipeline_VITIS_LOOP_106_1_VITIS_LOOP_107_2'.
INFO: [HLS 200-2168] Implementing memory 'run_model_conv_bn_act_pool_3_Pipeline_VITIS_LOOP_106_1_VITIS_LOOP_107_2_ConvW3_0_ROM_AUHfu' using auto ROMs with 2 copies to ensure enough ports to satisfy II or latency constraints.
INFO: [HLS 200-2168] Implementing memory 'run_model_conv_bn_act_pool_3_Pipeline_VITIS_LOOP_106_1_VITIS_LOOP_107_2_ConvW3_1_ROM_AUIfE' using auto ROMs with 2 copies to ensure enough ports to satisfy II or latency constraints.
INFO: [HLS 200-2168] Implementing memory 'run_model_conv_bn_act_pool_3_Pipeline_VITIS_LOOP_106_1_VITIS_LOOP_107_2_ConvW3_2_ROM_AUJfO' using auto ROMs with 2 copies to ensure enough ports to satisfy II or latency constraints.
INFO: [HLS 200-2168] Implementing memory 'run_model_conv_bn_act_pool_3_Pipeline_VITIS_LOOP_106_1_VITIS_LOOP_107_2_ConvW3_3_ROM_AUKfY' using auto ROMs with 2 copies to ensure enough ports to satisfy II or latency constraints.
INFO: [HLS 200-2168] Implementing memory 'run_model_conv_bn_act_pool_3_Pipeline_VITIS_LOOP_106_1_VITIS_LOOP_107_2_ConvW3_4_ROM_AULf8' using auto ROMs with 2 copies to ensure enough ports to satisfy II or latency constraints.
INFO: [HLS 200-2168] Implementing memory 'run_model_conv_bn_act_pool_3_Pipeline_VITIS_LOOP_106_1_VITIS_LOOP_107_2_ConvW3_5_ROM_AUMgi' using auto ROMs with 2 copies to ensure enough ports to satisfy II or latency constraints.
INFO: [HLS 200-2168] Implementing memory 'run_model_conv_bn_act_pool_3_Pipeline_VITIS_LOOP_106_1_VITIS_LOOP_107_2_ConvW3_6_ROM_AUNgs' using auto ROMs with 2 copies to ensure enough ports to satisfy II or latency constraints.
INFO: [HLS 200-2168] Implementing memory 'run_model_conv_bn_act_pool_3_Pipeline_VITIS_LOOP_106_1_VITIS_LOOP_107_2_ConvW3_7_ROM_AUOgC' using auto ROMs with 2 copies to ensure enough ports to satisfy II or latency constraints.
INFO: [HLS 200-2168] Implementing memory 'run_model_conv_bn_act_pool_3_Pipeline_VITIS_LOOP_106_1_VITIS_LOOP_107_2_ConvW3_8_ROM_AUPgM' using auto ROMs with 2 copies to ensure enough ports to satisfy II or latency constraints.
INFO: [HLS 200-2168] Implementing memory 'run_model_conv_bn_act_pool_3_Pipeline_VITIS_LOOP_106_1_VITIS_LOOP_107_2_ConvW3_9_ROM_AUQgW' using auto ROMs with 2 copies to ensure enough ports to satisfy II or latency constraints.
INFO: [HLS 200-2168] Implementing memory 'run_model_conv_bn_act_pool_3_Pipeline_VITIS_LOOP_106_1_VITIS_LOOP_107_2_ConvW3_10_ROM_ARg6' using auto ROMs with 2 copies to ensure enough ports to satisfy II or latency constraints.
INFO: [HLS 200-2168] Implementing memory 'run_model_conv_bn_act_pool_3_Pipeline_VITIS_LOOP_106_1_VITIS_LOOP_107_2_ConvW3_11_ROM_AShg' using auto ROMs with 2 copies to ensure enough ports to satisfy II or latency constraints.
INFO: [HLS 200-2168] Implementing memory 'run_model_conv_bn_act_pool_3_Pipeline_VITIS_LOOP_106_1_VITIS_LOOP_107_2_ConvW3_12_ROM_AThq' using auto ROMs with 2 copies to ensure enough ports to satisfy II or latency constraints.
INFO: [HLS 200-2168] Implementing memory 'run_model_conv_bn_act_pool_3_Pipeline_VITIS_LOOP_106_1_VITIS_LOOP_107_2_ConvW3_13_ROM_AUhA' using auto ROMs with 2 copies to ensure enough ports to satisfy II or latency constraints.
INFO: [HLS 200-2168] Implementing memory 'run_model_conv_bn_act_pool_3_Pipeline_VITIS_LOOP_106_1_VITIS_LOOP_107_2_ConvW3_14_ROM_AVhK' using auto ROMs with 2 copies to ensure enough ports to satisfy II or latency constraints.
INFO: [HLS 200-2168] Implementing memory 'run_model_conv_bn_act_pool_3_Pipeline_VITIS_LOOP_106_1_VITIS_LOOP_107_2_ConvW3_15_ROM_AWhU' using auto ROMs with 2 copies to ensure enough ports to satisfy II or latency constraints.
INFO: [HLS 200-111] Finished Creating RTL model: CPU user time: 1.21 seconds. CPU system time: 0.06 seconds. Elapsed time: 1.35 seconds; current allocated memory: 1.973 GB.
INFO: [HLS 200-10] ----------------------------------------------------------------
INFO: [HLS 200-10] -- Generating RTL for module 'conv_bn_act_pool_3_Pipeline_VITIS_LOOP_141_8' 
INFO: [HLS 200-10] ----------------------------------------------------------------
INFO: [HLS 200-1030] Apply Unified Pipeline Control on module 'conv_bn_act_pool_3_Pipeline_VITIS_LOOP_141_8' pipeline 'VITIS_LOOP_141_8' pipeline type 'loop pipeline'
INFO: [RTGEN 206-100] Finished creating RTL model for 'conv_bn_act_pool_3_Pipeline_VITIS_LOOP_141_8'.
INFO: [HLS 200-111] Finished Creating RTL model: CPU user time: 0.38 seconds. CPU system time: 0.02 seconds. Elapsed time: 0.41 seconds; current allocated memory: 1.983 GB.
INFO: [HLS 200-10] ----------------------------------------------------------------
INFO: [HLS 200-10] -- Generating RTL for module 'conv_bn_act_pool_3_Pipeline_VITIS_LOOP_148_10' 
INFO: [HLS 200-10] ----------------------------------------------------------------
INFO: [HLS 200-1030] Apply Unified Pipeline Control on module 'conv_bn_act_pool_3_Pipeline_VITIS_LOOP_148_10' pipeline 'VITIS_LOOP_148_10' pipeline type 'loop pipeline'
INFO: [RTGEN 206-100] Generating core module 'sparsemux_33_4_16_1_1': 1 instance(s).
INFO: [RTGEN 206-100] Finished creating RTL model for 'conv_bn_act_pool_3_Pipeline_VITIS_LOOP_148_10'.
INFO: [HLS 200-111] Finished Creating RTL model: CPU user time: 0.35 seconds. CPU system time: 0.03 seconds. Elapsed time: 0.38 seconds; current allocated memory: 1.990 GB.
INFO: [HLS 200-10] ----------------------------------------------------------------
INFO: [HLS 200-10] -- Generating RTL for module 'conv_bn_act_pool_3_Pipeline_VITIS_LOOP_132_6' 
INFO: [HLS 200-10] ----------------------------------------------------------------
INFO: [HLS 200-1030] Apply Unified Pipeline Control on module 'conv_bn_act_pool_3_Pipeline_VITIS_LOOP_132_6' pipeline 'VITIS_LOOP_132_6' pipeline type 'loop pipeline'
INFO: [RTGEN 206-100] Finished creating RTL model for 'conv_bn_act_pool_3_Pipeline_VITIS_LOOP_132_6'.
INFO: [HLS 200-111] Finished Creating RTL model: CPU user time: 0.42 seconds. CPU system time: 0.03 seconds. Elapsed time: 0.46 seconds; current allocated memory: 1.997 GB.
INFO: [HLS 200-10] ----------------------------------------------------------------
INFO: [HLS 200-10] -- Generating RTL for module 'conv_bn_act_pool_3_Pipeline_VITIS_LOOP_158_11' 
INFO: [HLS 200-10] ----------------------------------------------------------------
INFO: [RTGEN 206-100] Finished creating RTL model for 'conv_bn_act_pool_3_Pipeline_VITIS_LOOP_158_11'.
INFO: [HLS 200-111] Finished Creating RTL model: CPU user time: 0.31 seconds. CPU system time: 0.02 seconds. Elapsed time: 0.34 seconds; current allocated memory: 2.001 GB.
INFO: [HLS 200-10] ----------------------------------------------------------------
INFO: [HLS 200-10] -- Generating RTL for module 'conv_bn_act_pool_3_Pipeline_VITIS_LOOP_164_12' 
INFO: [HLS 200-10] ----------------------------------------------------------------
INFO: [HLS 200-1030] Apply Unified Pipeline Control on module 'conv_bn_act_pool_3_Pipeline_VITIS_LOOP_164_12' pipeline 'VITIS_LOOP_164_12' pipeline type 'loop pipeline'
INFO: [RTGEN 206-104] Estimated max fanout for 'conv_bn_act_pool_3_Pipeline_VITIS_LOOP_164_12' is 232302 from HDL expression: ((1'b0 == ap_block_pp0_stage0_11001) & (1'b1 == ap_CS_fsm_pp0_stage0))
INFO: [RTGEN 206-100] Generating core module 'hadd_16ns_16ns_16_4_no_dsp_1': 11 instance(s).
INFO: [RTGEN 206-100] Generating core module 'hadd_16ns_16ns_16_5_full_dsp_1': 342 instance(s).
INFO: [RTGEN 206-100] Generating core module 'hmul_16ns_16ns_16_4_max_dsp_1': 342 instance(s).
INFO: [RTGEN 206-100] Finished creating RTL model for 'conv_bn_act_pool_3_Pipeline_VITIS_LOOP_164_12'.
INFO: [HLS 200-111] Finished Creating RTL model: CPU user time: 5.21 seconds. CPU system time: 0.1 seconds. Elapsed time: 5.32 seconds; current allocated memory: 2.103 GB.
INFO: [HLS 200-10] ----------------------------------------------------------------
INFO: [HLS 200-10] -- Generating RTL for module 'conv_bn_act_pool_3_Pipeline_VITIS_LOOP_188_16' 
INFO: [HLS 200-10] ----------------------------------------------------------------
INFO: [HLS 200-1030] Apply Unified Pipeline Control on module 'conv_bn_act_pool_3_Pipeline_VITIS_LOOP_188_16' pipeline 'VITIS_LOOP_188_16' pipeline type 'loop pipeline'
INFO: [RTGEN 206-100] Generating core module 'hdiv_16ns_16ns_16_6_no_dsp_1': 1 instance(s).
INFO: [RTGEN 206-100] Generating core module 'sparsemux_65_5_16_1_1': 1 instance(s).
INFO: [RTGEN 206-100] Finished creating RTL model for 'conv_bn_act_pool_3_Pipeline_VITIS_LOOP_188_16'.
INFO: [HLS 200-111] Finished Creating RTL model: CPU user time: 3.79 seconds. CPU system time: 0.24 seconds. Elapsed time: 4.05 seconds; current allocated memory: 2.202 GB.
INFO: [HLS 200-10] ----------------------------------------------------------------
INFO: [HLS 200-10] -- Generating RTL for module 'conv_bn_act_pool_3' 
INFO: [HLS 200-10] ----------------------------------------------------------------
WARNING: [RTGEN 206-101] Setting dangling out port 'conv_bn_act_pool_3/grp_fu_1643_p_opcode' to 0.
WARNING: [RTGEN 206-101] Setting dangling out port 'conv_bn_act_pool_3/grp_fu_1647_p_opcode' to 0.
INFO: [RTGEN 206-100] Generating core module 'fadd_32ns_32ns_32_4_full_dsp_1': 1 instance(s).
INFO: [RTGEN 206-100] Generating core module 'fdiv_32ns_32ns_32_10_no_dsp_1': 1 instance(s).
INFO: [RTGEN 206-100] Generating core module 'fmul_32ns_32ns_32_3_max_dsp_1': 3 instance(s).
INFO: [RTGEN 206-100] Generating core module 'fsqrt_32ns_32ns_32_10_no_dsp_1': 1 instance(s).
INFO: [RTGEN 206-100] Generating core module 'fsub_32ns_32ns_32_4_full_dsp_1': 1 instance(s).
INFO: [RTGEN 206-100] Generating core module 'hadd_16ns_16ns_16_4_no_dsp_1': 11 instance(s).
INFO: [RTGEN 206-100] Generating core module 'hadd_16ns_16ns_16_5_full_dsp_1': 342 instance(s).
INFO: [RTGEN 206-100] Generating core module 'hcmp_16ns_16ns_1_2_no_dsp_1': 32 instance(s).
INFO: [RTGEN 206-100] Generating core module 'hdiv_16ns_16ns_16_6_no_dsp_1': 1 instance(s).
INFO: [RTGEN 206-100] Generating core module 'hmul_16ns_16ns_16_4_max_dsp_1': 342 instance(s).
INFO: [RTGEN 206-100] Generating core module 'hptosp_16ns_32_2_no_dsp_1': 2 instance(s).
INFO: [RTGEN 206-100] Generating core module 'sptohp_32ns_16_2_no_dsp_1': 2 instance(s).
INFO: [RTGEN 206-100] Finished creating RTL model for 'conv_bn_act_pool_3'.
INFO: [HLS 200-2168] Implementing memory 'run_model_conv_bn_act_pool_3_X_slice42_0_ROM_AUTO_3R' using auto ROMs with 2 copies to ensure enough ports to satisfy II or latency constraints.
INFO: [HLS 200-2168] Implementing memory 'run_model_conv_bn_act_pool_3_X_slice42_1_ROM_AUTO_3R' using auto ROMs with 2 copies to ensure enough ports to satisfy II or latency constraints.
INFO: [HLS 200-2168] Implementing memory 'run_model_conv_bn_act_pool_3_X_slice42_2_ROM_AUTO_3R' using auto ROMs with 2 copies to ensure enough ports to satisfy II or latency constraints.
INFO: [HLS 200-2168] Implementing memory 'run_model_conv_bn_act_pool_3_X_slice42_3_ROM_AUTO_3R' using auto ROMs with 2 copies to ensure enough ports to satisfy II or latency constraints.
INFO: [HLS 200-2168] Implementing memory 'run_model_conv_bn_act_pool_3_X_slice42_4_ROM_AUTO_3R' using auto ROMs with 2 copies to ensure enough ports to satisfy II or latency constraints.
INFO: [HLS 200-2168] Implementing memory 'run_model_conv_bn_act_pool_3_X_slice42_5_ROM_AUTO_3R' using auto ROMs with 2 copies to ensure enough ports to satisfy II or latency constraints.
INFO: [HLS 200-2168] Implementing memory 'run_model_conv_bn_act_pool_3_X_slice42_6_ROM_AUTO_3R' using auto ROMs with 2 copies to ensure enough ports to satisfy II or latency constraints.
INFO: [HLS 200-2168] Implementing memory 'run_model_conv_bn_act_pool_3_X_slice42_7_ROM_AUTO_3R' using auto ROMs with 2 copies to ensure enough ports to satisfy II or latency constraints.
INFO: [HLS 200-2168] Implementing memory 'run_model_conv_bn_act_pool_3_X_slice42_8_ROM_AUTO_3R' using auto ROMs with 2 copies to ensure enough ports to satisfy II or latency constraints.
INFO: [HLS 200-2168] Implementing memory 'run_model_conv_bn_act_pool_3_X_slice42_9_ROM_AUTO_3R' using auto ROMs with 2 copies to ensure enough ports to satisfy II or latency constraints.
INFO: [HLS 200-2168] Implementing memory 'run_model_conv_bn_act_pool_3_X_slice42_10_ROM_AUTO_3R' using auto ROMs with 2 copies to ensure enough ports to satisfy II or latency constraints.
INFO: [HLS 200-2168] Implementing memory 'run_model_conv_bn_act_pool_3_X_slice42_11_ROM_AUTO_3R' using auto ROMs with 2 copies to ensure enough ports to satisfy II or latency constraints.
INFO: [HLS 200-2168] Implementing memory 'run_model_conv_bn_act_pool_3_X_slice42_12_ROM_AUTO_3R' using auto ROMs with 2 copies to ensure enough ports to satisfy II or latency constraints.
INFO: [HLS 200-2168] Implementing memory 'run_model_conv_bn_act_pool_3_X_slice42_13_ROM_AUTO_3R' using auto ROMs with 2 copies to ensure enough ports to satisfy II or latency constraints.
INFO: [HLS 200-2168] Implementing memory 'run_model_conv_bn_act_pool_3_X_slice42_14_ROM_AUTO_3R' using auto ROMs with 2 copies to ensure enough ports to satisfy II or latency constraints.
INFO: [HLS 200-2168] Implementing memory 'run_model_conv_bn_act_pool_3_X_slice42_15_ROM_AUTO_3R' using auto ROMs with 2 copies to ensure enough ports to satisfy II or latency constraints.
INFO: [HLS 200-2167] Implementing memory 'run_model_conv_bn_act_pool_3_W_local_RAM_1WNR_AUTO_1R1W' using auto RAMs with 2 copies to ensure enough ports to satisfy II or latency constraints.
INFO: [HLS 200-111] Finished Creating RTL model: CPU user time: 1.99 seconds. CPU system time: 0.08 seconds. Elapsed time: 2.07 seconds; current allocated memory: 2.236 GB.
INFO: [HLS 200-10] ----------------------------------------------------------------
INFO: [HLS 200-10] -- Generating RTL for module 'run_all_slices_unrolled_Pipeline_Loop_BN4' 
INFO: [HLS 200-10] ----------------------------------------------------------------
INFO: [HLS 200-1030] Apply Unified Pipeline Control on module 'run_all_slices_unrolled_Pipeline_Loop_BN4' pipeline 'Loop_BN' pipeline type 'loop pipeline'
INFO: [RTGEN 206-100] Generating core module 'fdiv_32ns_32ns_32_10_no_dsp_1': 1 instance(s).
INFO: [RTGEN 206-100] Generating core module 'fsqrt_32ns_32ns_32_10_no_dsp_1': 1 instance(s).
INFO: [RTGEN 206-100] Generating core module 'hadd_16ns_16ns_16_5_full_dsp_1': 2 instance(s).
INFO: [RTGEN 206-100] Generating core module 'hmul_16ns_16ns_16_4_max_dsp_1': 1 instance(s).
INFO: [RTGEN 206-100] Generating core module 'hptosp_16ns_32_2_no_dsp_1': 2 instance(s).
INFO: [RTGEN 206-100] Generating core module 'sptohp_32ns_16_2_no_dsp_1': 1 instance(s).
INFO: [RTGEN 206-100] Finished creating RTL model for 'run_all_slices_unrolled_Pipeline_Loop_BN4'.
INFO: [HLS 200-111] Finished Creating RTL model: CPU user time: 1.68 seconds. CPU system time: 0.07 seconds. Elapsed time: 1.85 seconds; current allocated memory: 2.258 GB.
INFO: [HLS 200-10] ----------------------------------------------------------------
INFO: [HLS 200-10] -- Generating RTL for module 'run_all_slices_unrolled_Pipeline_MergedLoop3' 
INFO: [HLS 200-10] ----------------------------------------------------------------
INFO: [HLS 200-1030] Apply Unified Pipeline Control on module 'run_all_slices_unrolled_Pipeline_MergedLoop3' pipeline 'MergedLoop3' pipeline type 'loop pipeline'
INFO: [RTGEN 206-100] Generating core module 'hadd_16ns_16ns_16_5_full_dsp_1': 1 instance(s).
INFO: [RTGEN 206-100] Generating core module 'hcmp_16ns_16ns_1_2_no_dsp_1': 2 instance(s).
INFO: [RTGEN 206-100] Generating core module 'sparsemux_7_2_16_1_1': 1 instance(s).
INFO: [RTGEN 206-100] Finished creating RTL model for 'run_all_slices_unrolled_Pipeline_MergedLoop3'.
INFO: [HLS 200-111] Finished Creating RTL model: CPU user time: 0.21 seconds. CPU system time: 0.02 seconds. Elapsed time: 0.23 seconds; current allocated memory: 2.260 GB.
INFO: [HLS 200-10] ----------------------------------------------------------------
INFO: [HLS 200-10] -- Generating RTL for module 'conv_bn_act_pool_4_Pipeline_BNParamsLoop' 
INFO: [HLS 200-10] ----------------------------------------------------------------
INFO: [HLS 200-1030] Apply Unified Pipeline Control on module 'conv_bn_act_pool_4_Pipeline_BNParamsLoop' pipeline 'BNParamsLoop' pipeline type 'loop pipeline'
INFO: [RTGEN 206-100] Generating core module 'fadd_32ns_32ns_32_4_full_dsp_1': 1 instance(s).
INFO: [RTGEN 206-100] Generating core module 'fdiv_32ns_32ns_32_10_no_dsp_1': 1 instance(s).
INFO: [RTGEN 206-100] Generating core module 'fmul_32ns_32ns_32_3_max_dsp_1': 3 instance(s).
INFO: [RTGEN 206-100] Generating core module 'fsqrt_32ns_32ns_32_10_no_dsp_1': 1 instance(s).
INFO: [RTGEN 206-100] Generating core module 'fsub_32ns_32ns_32_4_full_dsp_1': 1 instance(s).
INFO: [RTGEN 206-100] Generating core module 'hptosp_16ns_32_2_no_dsp_1': 2 instance(s).
INFO: [RTGEN 206-100] Generating core module 'sparsemux_65_5_16_1_1': 2 instance(s).
INFO: [RTGEN 206-100] Generating core module 'sptohp_32ns_16_2_no_dsp_1': 2 instance(s).
INFO: [RTGEN 206-100] Finished creating RTL model for 'conv_bn_act_pool_4_Pipeline_BNParamsLoop'.
INFO: [HLS 200-111] Finished Creating RTL model: CPU user time: 0.69 seconds. CPU system time: 0.03 seconds. Elapsed time: 0.73 seconds; current allocated memory: 2.266 GB.
INFO: [HLS 200-10] ----------------------------------------------------------------
INFO: [HLS 200-10] -- Generating RTL for module 'conv_bn_act_pool_4_Pipeline_VITIS_LOOP_106_1_VITIS_LOOP_107_2' 
INFO: [HLS 200-10] ----------------------------------------------------------------
INFO: [SYN 201-210] Renamed object name 'conv_bn_act_pool_4_Pipeline_VITIS_LOOP_106_1_VITIS_LOOP_107_2_ConvW4_0_ROM_AUTO_3R' to 'conv_bn_act_pool_4_Pipeline_VITIS_LOOP_106_1_VITIS_LOOP_107_2_ConvW4_0_ROM_AUXh4' due to the length limit 80
INFO: [SYN 201-210] Renamed object name 'conv_bn_act_pool_4_Pipeline_VITIS_LOOP_106_1_VITIS_LOOP_107_2_ConvW4_1_ROM_AUTO_3R' to 'conv_bn_act_pool_4_Pipeline_VITIS_LOOP_106_1_VITIS_LOOP_107_2_ConvW4_1_ROM_AUYie' due to the length limit 80
INFO: [SYN 201-210] Renamed object name 'conv_bn_act_pool_4_Pipeline_VITIS_LOOP_106_1_VITIS_LOOP_107_2_ConvW4_2_ROM_AUTO_3R' to 'conv_bn_act_pool_4_Pipeline_VITIS_LOOP_106_1_VITIS_LOOP_107_2_ConvW4_2_ROM_AUZio' due to the length limit 80
INFO: [SYN 201-210] Renamed object name 'conv_bn_act_pool_4_Pipeline_VITIS_LOOP_106_1_VITIS_LOOP_107_2_ConvW4_3_ROM_AUTO_3R' to 'conv_bn_act_pool_4_Pipeline_VITIS_LOOP_106_1_VITIS_LOOP_107_2_ConvW4_3_ROM_AU0iy' due to the length limit 80
INFO: [SYN 201-210] Renamed object name 'conv_bn_act_pool_4_Pipeline_VITIS_LOOP_106_1_VITIS_LOOP_107_2_ConvW4_4_ROM_AUTO_3R' to 'conv_bn_act_pool_4_Pipeline_VITIS_LOOP_106_1_VITIS_LOOP_107_2_ConvW4_4_ROM_AU1iI' due to the length limit 80
INFO: [SYN 201-210] Renamed object name 'conv_bn_act_pool_4_Pipeline_VITIS_LOOP_106_1_VITIS_LOOP_107_2_ConvW4_5_ROM_AUTO_3R' to 'conv_bn_act_pool_4_Pipeline_VITIS_LOOP_106_1_VITIS_LOOP_107_2_ConvW4_5_ROM_AU2iS' due to the length limit 80
INFO: [SYN 201-210] Renamed object name 'conv_bn_act_pool_4_Pipeline_VITIS_LOOP_106_1_VITIS_LOOP_107_2_ConvW4_6_ROM_AUTO_3R' to 'conv_bn_act_pool_4_Pipeline_VITIS_LOOP_106_1_VITIS_LOOP_107_2_ConvW4_6_ROM_AU3i2' due to the length limit 80
INFO: [SYN 201-210] Renamed object name 'conv_bn_act_pool_4_Pipeline_VITIS_LOOP_106_1_VITIS_LOOP_107_2_ConvW4_7_ROM_AUTO_3R' to 'conv_bn_act_pool_4_Pipeline_VITIS_LOOP_106_1_VITIS_LOOP_107_2_ConvW4_7_ROM_AU4jc' due to the length limit 80
INFO: [SYN 201-210] Renamed object name 'conv_bn_act_pool_4_Pipeline_VITIS_LOOP_106_1_VITIS_LOOP_107_2_ConvW4_8_ROM_AUTO_3R' to 'conv_bn_act_pool_4_Pipeline_VITIS_LOOP_106_1_VITIS_LOOP_107_2_ConvW4_8_ROM_AU5jm' due to the length limit 80
INFO: [SYN 201-210] Renamed object name 'conv_bn_act_pool_4_Pipeline_VITIS_LOOP_106_1_VITIS_LOOP_107_2_ConvW4_9_ROM_AUTO_3R' to 'conv_bn_act_pool_4_Pipeline_VITIS_LOOP_106_1_VITIS_LOOP_107_2_ConvW4_9_ROM_AU6jw' due to the length limit 80
INFO: [SYN 201-210] Renamed object name 'conv_bn_act_pool_4_Pipeline_VITIS_LOOP_106_1_VITIS_LOOP_107_2_ConvW4_10_ROM_AUTO_3R' to 'conv_bn_act_pool_4_Pipeline_VITIS_LOOP_106_1_VITIS_LOOP_107_2_ConvW4_10_ROM_A7jG' due to the length limit 80
INFO: [SYN 201-210] Renamed object name 'conv_bn_act_pool_4_Pipeline_VITIS_LOOP_106_1_VITIS_LOOP_107_2_ConvW4_11_ROM_AUTO_3R' to 'conv_bn_act_pool_4_Pipeline_VITIS_LOOP_106_1_VITIS_LOOP_107_2_ConvW4_11_ROM_A8jQ' due to the length limit 80
INFO: [SYN 201-210] Renamed object name 'conv_bn_act_pool_4_Pipeline_VITIS_LOOP_106_1_VITIS_LOOP_107_2_ConvW4_12_ROM_AUTO_3R' to 'conv_bn_act_pool_4_Pipeline_VITIS_LOOP_106_1_VITIS_LOOP_107_2_ConvW4_12_ROM_A9j0' due to the length limit 80
INFO: [SYN 201-210] Renamed object name 'conv_bn_act_pool_4_Pipeline_VITIS_LOOP_106_1_VITIS_LOOP_107_2_ConvW4_13_ROM_AUTO_3R' to 'conv_bn_act_pool_4_Pipeline_VITIS_LOOP_106_1_VITIS_LOOP_107_2_ConvW4_13_ROM_Abak' due to the length limit 80
INFO: [SYN 201-210] Renamed object name 'conv_bn_act_pool_4_Pipeline_VITIS_LOOP_106_1_VITIS_LOOP_107_2_ConvW4_14_ROM_AUTO_3R' to 'conv_bn_act_pool_4_Pipeline_VITIS_LOOP_106_1_VITIS_LOOP_107_2_ConvW4_14_ROM_Abbk' due to the length limit 80
INFO: [SYN 201-210] Renamed object name 'conv_bn_act_pool_4_Pipeline_VITIS_LOOP_106_1_VITIS_LOOP_107_2_ConvW4_15_ROM_AUTO_3R' to 'conv_bn_act_pool_4_Pipeline_VITIS_LOOP_106_1_VITIS_LOOP_107_2_ConvW4_15_ROM_Abck' due to the length limit 80
INFO: [HLS 200-1030] Apply Unified Pipeline Control on module 'conv_bn_act_pool_4_Pipeline_VITIS_LOOP_106_1_VITIS_LOOP_107_2' pipeline 'VITIS_LOOP_106_1_VITIS_LOOP_107_2' pipeline type 'loop pipeline'
INFO: [RTGEN 206-100] Finished creating RTL model for 'conv_bn_act_pool_4_Pipeline_VITIS_LOOP_106_1_VITIS_LOOP_107_2'.
INFO: [HLS 200-2168] Implementing memory 'run_model_conv_bn_act_pool_4_Pipeline_VITIS_LOOP_106_1_VITIS_LOOP_107_2_ConvW4_0_ROM_AUXh4' using auto ROMs with 2 copies to ensure enough ports to satisfy II or latency constraints.
INFO: [HLS 200-2168] Implementing memory 'run_model_conv_bn_act_pool_4_Pipeline_VITIS_LOOP_106_1_VITIS_LOOP_107_2_ConvW4_1_ROM_AUYie' using auto ROMs with 2 copies to ensure enough ports to satisfy II or latency constraints.
INFO: [HLS 200-2168] Implementing memory 'run_model_conv_bn_act_pool_4_Pipeline_VITIS_LOOP_106_1_VITIS_LOOP_107_2_ConvW4_2_ROM_AUZio' using auto ROMs with 2 copies to ensure enough ports to satisfy II or latency constraints.
INFO: [HLS 200-2168] Implementing memory 'run_model_conv_bn_act_pool_4_Pipeline_VITIS_LOOP_106_1_VITIS_LOOP_107_2_ConvW4_3_ROM_AU0iy' using auto ROMs with 2 copies to ensure enough ports to satisfy II or latency constraints.
INFO: [HLS 200-2168] Implementing memory 'run_model_conv_bn_act_pool_4_Pipeline_VITIS_LOOP_106_1_VITIS_LOOP_107_2_ConvW4_4_ROM_AU1iI' using auto ROMs with 2 copies to ensure enough ports to satisfy II or latency constraints.
INFO: [HLS 200-2168] Implementing memory 'run_model_conv_bn_act_pool_4_Pipeline_VITIS_LOOP_106_1_VITIS_LOOP_107_2_ConvW4_5_ROM_AU2iS' using auto ROMs with 2 copies to ensure enough ports to satisfy II or latency constraints.
INFO: [HLS 200-2168] Implementing memory 'run_model_conv_bn_act_pool_4_Pipeline_VITIS_LOOP_106_1_VITIS_LOOP_107_2_ConvW4_6_ROM_AU3i2' using auto ROMs with 2 copies to ensure enough ports to satisfy II or latency constraints.
INFO: [HLS 200-2168] Implementing memory 'run_model_conv_bn_act_pool_4_Pipeline_VITIS_LOOP_106_1_VITIS_LOOP_107_2_ConvW4_7_ROM_AU4jc' using auto ROMs with 2 copies to ensure enough ports to satisfy II or latency constraints.
INFO: [HLS 200-2168] Implementing memory 'run_model_conv_bn_act_pool_4_Pipeline_VITIS_LOOP_106_1_VITIS_LOOP_107_2_ConvW4_8_ROM_AU5jm' using auto ROMs with 2 copies to ensure enough ports to satisfy II or latency constraints.
INFO: [HLS 200-2168] Implementing memory 'run_model_conv_bn_act_pool_4_Pipeline_VITIS_LOOP_106_1_VITIS_LOOP_107_2_ConvW4_9_ROM_AU6jw' using auto ROMs with 2 copies to ensure enough ports to satisfy II or latency constraints.
INFO: [HLS 200-2168] Implementing memory 'run_model_conv_bn_act_pool_4_Pipeline_VITIS_LOOP_106_1_VITIS_LOOP_107_2_ConvW4_10_ROM_A7jG' using auto ROMs with 2 copies to ensure enough ports to satisfy II or latency constraints.
INFO: [HLS 200-2168] Implementing memory 'run_model_conv_bn_act_pool_4_Pipeline_VITIS_LOOP_106_1_VITIS_LOOP_107_2_ConvW4_11_ROM_A8jQ' using auto ROMs with 2 copies to ensure enough ports to satisfy II or latency constraints.
INFO: [HLS 200-2168] Implementing memory 'run_model_conv_bn_act_pool_4_Pipeline_VITIS_LOOP_106_1_VITIS_LOOP_107_2_ConvW4_12_ROM_A9j0' using auto ROMs with 2 copies to ensure enough ports to satisfy II or latency constraints.
INFO: [HLS 200-2168] Implementing memory 'run_model_conv_bn_act_pool_4_Pipeline_VITIS_LOOP_106_1_VITIS_LOOP_107_2_ConvW4_13_ROM_Abak' using auto ROMs with 2 copies to ensure enough ports to satisfy II or latency constraints.
INFO: [HLS 200-2168] Implementing memory 'run_model_conv_bn_act_pool_4_Pipeline_VITIS_LOOP_106_1_VITIS_LOOP_107_2_ConvW4_14_ROM_Abbk' using auto ROMs with 2 copies to ensure enough ports to satisfy II or latency constraints.
INFO: [HLS 200-2168] Implementing memory 'run_model_conv_bn_act_pool_4_Pipeline_VITIS_LOOP_106_1_VITIS_LOOP_107_2_ConvW4_15_ROM_Abck' using auto ROMs with 2 copies to ensure enough ports to satisfy II or latency constraints.
INFO: [HLS 200-111] Finished Creating RTL model: CPU user time: 1.17 seconds. CPU system time: 0.06 seconds. Elapsed time: 1.24 seconds; current allocated memory: 2.277 GB.
INFO: [HLS 200-10] ----------------------------------------------------------------
INFO: [HLS 200-10] -- Generating RTL for module 'conv_bn_act_pool_4_Pipeline_VITIS_LOOP_141_8' 
INFO: [HLS 200-10] ----------------------------------------------------------------
INFO: [HLS 200-1030] Apply Unified Pipeline Control on module 'conv_bn_act_pool_4_Pipeline_VITIS_LOOP_141_8' pipeline 'VITIS_LOOP_141_8' pipeline type 'loop pipeline'
INFO: [RTGEN 206-100] Finished creating RTL model for 'conv_bn_act_pool_4_Pipeline_VITIS_LOOP_141_8'.
INFO: [HLS 200-111] Finished Creating RTL model: CPU user time: 0.39 seconds. CPU system time: 0.03 seconds. Elapsed time: 0.42 seconds; current allocated memory: 2.287 GB.
INFO: [HLS 200-10] ----------------------------------------------------------------
INFO: [HLS 200-10] -- Generating RTL for module 'conv_bn_act_pool_4_Pipeline_VITIS_LOOP_148_10' 
INFO: [HLS 200-10] ----------------------------------------------------------------
INFO: [HLS 200-1030] Apply Unified Pipeline Control on module 'conv_bn_act_pool_4_Pipeline_VITIS_LOOP_148_10' pipeline 'VITIS_LOOP_148_10' pipeline type 'loop pipeline'
INFO: [RTGEN 206-100] Generating core module 'sparsemux_33_4_16_1_1': 1 instance(s).
INFO: [RTGEN 206-100] Finished creating RTL model for 'conv_bn_act_pool_4_Pipeline_VITIS_LOOP_148_10'.
INFO: [HLS 200-111] Finished Creating RTL model: CPU user time: 0.33 seconds. CPU system time: 0.03 seconds. Elapsed time: 0.35 seconds; current allocated memory: 2.294 GB.
INFO: [HLS 200-10] ----------------------------------------------------------------
INFO: [HLS 200-10] -- Generating RTL for module 'conv_bn_act_pool_4_Pipeline_VITIS_LOOP_132_6' 
INFO: [HLS 200-10] ----------------------------------------------------------------
INFO: [HLS 200-1030] Apply Unified Pipeline Control on module 'conv_bn_act_pool_4_Pipeline_VITIS_LOOP_132_6' pipeline 'VITIS_LOOP_132_6' pipeline type 'loop pipeline'
INFO: [RTGEN 206-100] Finished creating RTL model for 'conv_bn_act_pool_4_Pipeline_VITIS_LOOP_132_6'.
INFO: [HLS 200-111] Finished Creating RTL model: CPU user time: 0.3 seconds. CPU system time: 0.02 seconds. Elapsed time: 0.32 seconds; current allocated memory: 2.301 GB.
INFO: [HLS 200-10] ----------------------------------------------------------------
INFO: [HLS 200-10] -- Generating RTL for module 'conv_bn_act_pool_4_Pipeline_VITIS_LOOP_158_11' 
INFO: [HLS 200-10] ----------------------------------------------------------------
INFO: [RTGEN 206-100] Finished creating RTL model for 'conv_bn_act_pool_4_Pipeline_VITIS_LOOP_158_11'.
INFO: [HLS 200-111] Finished Creating RTL model: CPU user time: 0.24 seconds. CPU system time: 0.02 seconds. Elapsed time: 0.26 seconds; current allocated memory: 2.306 GB.
INFO: [HLS 200-10] ----------------------------------------------------------------
INFO: [HLS 200-10] -- Generating RTL for module 'conv_bn_act_pool_4_Pipeline_VITIS_LOOP_164_12' 
INFO: [HLS 200-10] ----------------------------------------------------------------
INFO: [HLS 200-1030] Apply Unified Pipeline Control on module 'conv_bn_act_pool_4_Pipeline_VITIS_LOOP_164_12' pipeline 'VITIS_LOOP_164_12' pipeline type 'loop pipeline'
INFO: [RTGEN 206-104] Estimated max fanout for 'conv_bn_act_pool_4_Pipeline_VITIS_LOOP_164_12' is 232302 from HDL expression: ((1'b0 == ap_block_pp0_stage0_11001) & (1'b1 == ap_CS_fsm_pp0_stage0))
INFO: [RTGEN 206-100] Generating core module 'hadd_16ns_16ns_16_4_no_dsp_1': 11 instance(s).
INFO: [RTGEN 206-100] Generating core module 'hadd_16ns_16ns_16_5_full_dsp_1': 342 instance(s).
INFO: [RTGEN 206-100] Generating core module 'hmul_16ns_16ns_16_4_max_dsp_1': 342 instance(s).
INFO: [RTGEN 206-100] Finished creating RTL model for 'conv_bn_act_pool_4_Pipeline_VITIS_LOOP_164_12'.
INFO: [HLS 200-111] Finished Creating RTL model: CPU user time: 4.37 seconds. CPU system time: 0.08 seconds. Elapsed time: 4.45 seconds; current allocated memory: 2.407 GB.
INFO: [HLS 200-10] ----------------------------------------------------------------
INFO: [HLS 200-10] -- Generating RTL for module 'conv_bn_act_pool_4_Pipeline_VITIS_LOOP_188_16' 
INFO: [HLS 200-10] ----------------------------------------------------------------
INFO: [HLS 200-1030] Apply Unified Pipeline Control on module 'conv_bn_act_pool_4_Pipeline_VITIS_LOOP_188_16' pipeline 'VITIS_LOOP_188_16' pipeline type 'loop pipeline'
INFO: [RTGEN 206-100] Generating core module 'hdiv_16ns_16ns_16_6_no_dsp_1': 1 instance(s).
INFO: [RTGEN 206-100] Generating core module 'sparsemux_65_5_16_1_1': 1 instance(s).
INFO: [RTGEN 206-100] Finished creating RTL model for 'conv_bn_act_pool_4_Pipeline_VITIS_LOOP_188_16'.
INFO: [HLS 200-111] Finished Creating RTL model: CPU user time: 4.11 seconds. CPU system time: 0.22 seconds. Elapsed time: 4.39 seconds; current allocated memory: 2.506 GB.
INFO: [HLS 200-10] ----------------------------------------------------------------
INFO: [HLS 200-10] -- Generating RTL for module 'conv_bn_act_pool_4' 
INFO: [HLS 200-10] ----------------------------------------------------------------
WARNING: [RTGEN 206-101] Setting dangling out port 'conv_bn_act_pool_4/grp_fu_1643_p_opcode' to 0.
WARNING: [RTGEN 206-101] Setting dangling out port 'conv_bn_act_pool_4/grp_fu_1647_p_opcode' to 0.
INFO: [RTGEN 206-100] Generating core module 'fadd_32ns_32ns_32_4_full_dsp_1': 1 instance(s).
INFO: [RTGEN 206-100] Generating core module 'fdiv_32ns_32ns_32_10_no_dsp_1': 1 instance(s).
INFO: [RTGEN 206-100] Generating core module 'fmul_32ns_32ns_32_3_max_dsp_1': 3 instance(s).
INFO: [RTGEN 206-100] Generating core module 'fsqrt_32ns_32ns_32_10_no_dsp_1': 1 instance(s).
INFO: [RTGEN 206-100] Generating core module 'fsub_32ns_32ns_32_4_full_dsp_1': 1 instance(s).
INFO: [RTGEN 206-100] Generating core module 'hadd_16ns_16ns_16_4_no_dsp_1': 11 instance(s).
INFO: [RTGEN 206-100] Generating core module 'hadd_16ns_16ns_16_5_full_dsp_1': 342 instance(s).
INFO: [RTGEN 206-100] Generating core module 'hcmp_16ns_16ns_1_2_no_dsp_1': 32 instance(s).
INFO: [RTGEN 206-100] Generating core module 'hdiv_16ns_16ns_16_6_no_dsp_1': 1 instance(s).
INFO: [RTGEN 206-100] Generating core module 'hmul_16ns_16ns_16_4_max_dsp_1': 342 instance(s).
INFO: [RTGEN 206-100] Generating core module 'hptosp_16ns_32_2_no_dsp_1': 2 instance(s).
INFO: [RTGEN 206-100] Generating core module 'sptohp_32ns_16_2_no_dsp_1': 2 instance(s).
INFO: [RTGEN 206-100] Finished creating RTL model for 'conv_bn_act_pool_4'.
INFO: [HLS 200-2168] Implementing memory 'run_model_conv_bn_act_pool_4_X_slice57_0_ROM_AUTO_3R' using auto ROMs with 2 copies to ensure enough ports to satisfy II or latency constraints.
INFO: [HLS 200-2168] Implementing memory 'run_model_conv_bn_act_pool_4_X_slice57_1_ROM_AUTO_3R' using auto ROMs with 2 copies to ensure enough ports to satisfy II or latency constraints.
INFO: [HLS 200-2168] Implementing memory 'run_model_conv_bn_act_pool_4_X_slice57_2_ROM_AUTO_3R' using auto ROMs with 2 copies to ensure enough ports to satisfy II or latency constraints.
INFO: [HLS 200-2168] Implementing memory 'run_model_conv_bn_act_pool_4_X_slice57_3_ROM_AUTO_3R' using auto ROMs with 2 copies to ensure enough ports to satisfy II or latency constraints.
INFO: [HLS 200-2168] Implementing memory 'run_model_conv_bn_act_pool_4_X_slice57_4_ROM_AUTO_3R' using auto ROMs with 2 copies to ensure enough ports to satisfy II or latency constraints.
INFO: [HLS 200-2168] Implementing memory 'run_model_conv_bn_act_pool_4_X_slice57_5_ROM_AUTO_3R' using auto ROMs with 2 copies to ensure enough ports to satisfy II or latency constraints.
INFO: [HLS 200-2168] Implementing memory 'run_model_conv_bn_act_pool_4_X_slice57_6_ROM_AUTO_3R' using auto ROMs with 2 copies to ensure enough ports to satisfy II or latency constraints.
INFO: [HLS 200-2168] Implementing memory 'run_model_conv_bn_act_pool_4_X_slice57_7_ROM_AUTO_3R' using auto ROMs with 2 copies to ensure enough ports to satisfy II or latency constraints.
INFO: [HLS 200-2168] Implementing memory 'run_model_conv_bn_act_pool_4_X_slice57_8_ROM_AUTO_3R' using auto ROMs with 2 copies to ensure enough ports to satisfy II or latency constraints.
INFO: [HLS 200-2168] Implementing memory 'run_model_conv_bn_act_pool_4_X_slice57_9_ROM_AUTO_3R' using auto ROMs with 2 copies to ensure enough ports to satisfy II or latency constraints.
INFO: [HLS 200-2168] Implementing memory 'run_model_conv_bn_act_pool_4_X_slice57_10_ROM_AUTO_3R' using auto ROMs with 2 copies to ensure enough ports to satisfy II or latency constraints.
INFO: [HLS 200-2168] Implementing memory 'run_model_conv_bn_act_pool_4_X_slice57_11_ROM_AUTO_3R' using auto ROMs with 2 copies to ensure enough ports to satisfy II or latency constraints.
INFO: [HLS 200-2168] Implementing memory 'run_model_conv_bn_act_pool_4_X_slice57_12_ROM_AUTO_3R' using auto ROMs with 2 copies to ensure enough ports to satisfy II or latency constraints.
INFO: [HLS 200-2168] Implementing memory 'run_model_conv_bn_act_pool_4_X_slice57_13_ROM_AUTO_3R' using auto ROMs with 2 copies to ensure enough ports to satisfy II or latency constraints.
INFO: [HLS 200-2168] Implementing memory 'run_model_conv_bn_act_pool_4_X_slice57_14_ROM_AUTO_3R' using auto ROMs with 2 copies to ensure enough ports to satisfy II or latency constraints.
INFO: [HLS 200-2168] Implementing memory 'run_model_conv_bn_act_pool_4_X_slice57_15_ROM_AUTO_3R' using auto ROMs with 2 copies to ensure enough ports to satisfy II or latency constraints.
INFO: [HLS 200-2167] Implementing memory 'run_model_conv_bn_act_pool_4_W_local_RAM_1WNR_AUTO_1R1W' using auto RAMs with 2 copies to ensure enough ports to satisfy II or latency constraints.
INFO: [HLS 200-111] Finished Creating RTL model: CPU user time: 2.29 seconds. CPU system time: 0.09 seconds. Elapsed time: 2.58 seconds; current allocated memory: 2.540 GB.
INFO: [HLS 200-10] ----------------------------------------------------------------
INFO: [HLS 200-10] -- Generating RTL for module 'run_all_slices_unrolled_Pipeline_Loop_BN5' 
INFO: [HLS 200-10] ----------------------------------------------------------------
INFO: [HLS 200-1030] Apply Unified Pipeline Control on module 'run_all_slices_unrolled_Pipeline_Loop_BN5' pipeline 'Loop_BN' pipeline type 'loop pipeline'
INFO: [RTGEN 206-100] Generating core module 'fdiv_32ns_32ns_32_10_no_dsp_1': 1 instance(s).
INFO: [RTGEN 206-100] Generating core module 'fsqrt_32ns_32ns_32_10_no_dsp_1': 1 instance(s).
INFO: [RTGEN 206-100] Generating core module 'hadd_16ns_16ns_16_5_full_dsp_1': 2 instance(s).
INFO: [RTGEN 206-100] Generating core module 'hmul_16ns_16ns_16_4_max_dsp_1': 1 instance(s).
INFO: [RTGEN 206-100] Generating core module 'hptosp_16ns_32_2_no_dsp_1': 2 instance(s).
INFO: [RTGEN 206-100] Generating core module 'sptohp_32ns_16_2_no_dsp_1': 1 instance(s).
INFO: [RTGEN 206-100] Finished creating RTL model for 'run_all_slices_unrolled_Pipeline_Loop_BN5'.
INFO: [HLS 200-111] Finished Creating RTL model: CPU user time: 1.29 seconds. CPU system time: 0.05 seconds. Elapsed time: 1.38 seconds; current allocated memory: 2.562 GB.
INFO: [HLS 200-10] ----------------------------------------------------------------
INFO: [HLS 200-10] -- Generating RTL for module 'run_all_slices_unrolled_Pipeline_MergedLoop4' 
INFO: [HLS 200-10] ----------------------------------------------------------------
INFO: [HLS 200-1030] Apply Unified Pipeline Control on module 'run_all_slices_unrolled_Pipeline_MergedLoop4' pipeline 'MergedLoop4' pipeline type 'loop pipeline'
INFO: [RTGEN 206-100] Generating core module 'hadd_16ns_16ns_16_5_full_dsp_1': 1 instance(s).
INFO: [RTGEN 206-100] Generating core module 'hcmp_16ns_16ns_1_2_no_dsp_1': 2 instance(s).
INFO: [RTGEN 206-100] Generating core module 'sparsemux_7_2_16_1_1': 1 instance(s).
INFO: [RTGEN 206-100] Finished creating RTL model for 'run_all_slices_unrolled_Pipeline_MergedLoop4'.
INFO: [HLS 200-111] Finished Creating RTL model: CPU user time: 0.21 seconds. CPU system time: 0.01 seconds. Elapsed time: 0.24 seconds; current allocated memory: 2.566 GB.
INFO: [HLS 200-10] ----------------------------------------------------------------
INFO: [HLS 200-10] -- Generating RTL for module 'run_all_slices_unrolled' 
INFO: [HLS 200-10] ----------------------------------------------------------------
INFO: [RTGEN 206-104] Estimated max fanout for 'run_all_slices_unrolled' is 25091, found 4 HDL expressions with this fanout: (1'b1 == ap_CS_fsm_state4), (1'b1 == ap_CS_fsm_state10), (1'b1 == ap_CS_fsm_state16), (1'b1 == ap_CS_fsm_state22)
INFO: [RTGEN 206-100] Generating core module 'fadd_32ns_32ns_32_4_full_dsp_1': 1 instance(s).
INFO: [RTGEN 206-100] Generating core module 'fdiv_32ns_32ns_32_10_no_dsp_1': 2 instance(s).
INFO: [RTGEN 206-100] Generating core module 'fmul_32ns_32ns_32_3_max_dsp_1': 3 instance(s).
INFO: [RTGEN 206-100] Generating core module 'fsqrt_32ns_32ns_32_10_no_dsp_1': 2 instance(s).
INFO: [RTGEN 206-100] Generating core module 'fsub_32ns_32ns_32_4_full_dsp_1': 1 instance(s).
INFO: [RTGEN 206-100] Generating core module 'hadd_16ns_16ns_16_4_no_dsp_1': 11 instance(s).
INFO: [RTGEN 206-100] Generating core module 'hadd_16ns_16ns_16_5_full_dsp_1': 344 instance(s).
INFO: [RTGEN 206-100] Generating core module 'hcmp_16ns_16ns_1_2_no_dsp_1': 32 instance(s).
INFO: [RTGEN 206-100] Generating core module 'hdiv_16ns_16ns_16_6_no_dsp_1': 1 instance(s).
INFO: [RTGEN 206-100] Generating core module 'hmul_16ns_16ns_16_4_max_dsp_1': 343 instance(s).
INFO: [RTGEN 206-100] Generating core module 'hptosp_16ns_32_2_no_dsp_1': 4 instance(s).
INFO: [RTGEN 206-100] Generating core module 'sptohp_32ns_16_2_no_dsp_1': 3 instance(s).
INFO: [RTGEN 206-100] Finished creating RTL model for 'run_all_slices_unrolled'.
INFO: [RTMG 210-278] Implementing memory 'run_model_run_all_slices_unrolled_h_slice_RAM_AUTO_1R1W' using auto RAMs.
INFO: [RTMG 210-278] Implementing memory 'run_model_run_all_slices_unrolled_U_slice_RAM_AUTO_3R2W' using auto RAMs.
INFO: [RTMG 210-279] Implementing memory 'run_model_run_all_slices_unrolled_LSTM_W_ifog0_ROM_AUTO_3R' using auto ROMs.
INFO: [RTMG 210-279] Implementing memory 'run_model_run_all_slices_unrolled_LSTM_R_ifog0_0_ROM_AUTO_3R' using auto ROMs.
INFO: [RTMG 210-279] Implementing memory 'run_model_run_all_slices_unrolled_LSTM_R_ifog0_1_ROM_AUTO_3R' using auto ROMs.
INFO: [RTMG 210-279] Implementing memory 'run_model_run_all_slices_unrolled_LSTM_R_ifog0_2_ROM_AUTO_3R' using auto ROMs.
INFO: [RTMG 210-279] Implementing memory 'run_model_run_all_slices_unrolled_LSTM_R_ifog0_3_ROM_AUTO_3R' using auto ROMs.
INFO: [RTMG 210-279] Implementing memory 'run_model_run_all_slices_unrolled_LSTM_R_ifog0_4_ROM_AUTO_3R' using auto ROMs.
INFO: [RTMG 210-279] Implementing memory 'run_model_run_all_slices_unrolled_LSTM_R_ifog0_5_ROM_AUTO_3R' using auto ROMs.
INFO: [RTMG 210-279] Implementing memory 'run_model_run_all_slices_unrolled_LSTM_R_ifog0_6_ROM_AUTO_3R' using auto ROMs.
INFO: [RTMG 210-279] Implementing memory 'run_model_run_all_slices_unrolled_LSTM_R_ifog0_7_ROM_AUTO_3R' using auto ROMs.
INFO: [RTMG 210-279] Implementing memory 'run_model_run_all_slices_unrolled_LSTM_R_ifog0_8_ROM_AUTO_3R' using auto ROMs.
INFO: [RTMG 210-279] Implementing memory 'run_model_run_all_slices_unrolled_LSTM_R_ifog0_9_ROM_AUTO_3R' using auto ROMs.
INFO: [RTMG 210-279] Implementing memory 'run_model_run_all_slices_unrolled_LSTM_R_ifog0_10_ROM_AUTO_3R' using auto ROMs.
INFO: [RTMG 210-279] Implementing memory 'run_model_run_all_slices_unrolled_LSTM_R_ifog0_11_ROM_AUTO_3R' using auto ROMs.
INFO: [RTMG 210-279] Implementing memory 'run_model_run_all_slices_unrolled_LSTM_R_ifog0_12_ROM_AUTO_3R' using auto ROMs.
INFO: [RTMG 210-279] Implementing memory 'run_model_run_all_slices_unrolled_LSTM_R_ifog0_13_ROM_AUTO_3R' using auto ROMs.
INFO: [RTMG 210-279] Implementing memory 'run_model_run_all_slices_unrolled_LSTM_R_ifog0_14_ROM_AUTO_3R' using auto ROMs.
INFO: [RTMG 210-279] Implementing memory 'run_model_run_all_slices_unrolled_LSTM_R_ifog0_15_ROM_AUTO_3R' using auto ROMs.
INFO: [RTMG 210-279] Implementing memory 'run_model_run_all_slices_unrolled_LSTM_R_ifog0_16_ROM_AUTO_3R' using auto ROMs.
INFO: [RTMG 210-279] Implementing memory 'run_model_run_all_slices_unrolled_LSTM_R_ifog0_17_ROM_AUTO_3R' using auto ROMs.
INFO: [RTMG 210-279] Implementing memory 'run_model_run_all_slices_unrolled_LSTM_R_ifog0_18_ROM_AUTO_3R' using auto ROMs.
INFO: [RTMG 210-279] Implementing memory 'run_model_run_all_slices_unrolled_LSTM_R_ifog0_19_ROM_AUTO_3R' using auto ROMs.
INFO: [RTMG 210-279] Implementing memory 'run_model_run_all_slices_unrolled_LSTM_R_ifog0_20_ROM_AUTO_3R' using auto ROMs.
INFO: [RTMG 210-279] Implementing memory 'run_model_run_all_slices_unrolled_LSTM_R_ifog0_21_ROM_AUTO_3R' using auto ROMs.
INFO: [RTMG 210-279] Implementing memory 'run_model_run_all_slices_unrolled_LSTM_R_ifog0_22_ROM_AUTO_3R' using auto ROMs.
INFO: [RTMG 210-279] Implementing memory 'run_model_run_all_slices_unrolled_LSTM_R_ifog0_23_ROM_AUTO_3R' using auto ROMs.
INFO: [RTMG 210-279] Implementing memory 'run_model_run_all_slices_unrolled_LSTM_R_ifog0_24_ROM_AUTO_3R' using auto ROMs.
INFO: [RTMG 210-279] Implementing memory 'run_model_run_all_slices_unrolled_LSTM_R_ifog0_25_ROM_AUTO_3R' using auto ROMs.
INFO: [RTMG 210-279] Implementing memory 'run_model_run_all_slices_unrolled_LSTM_R_ifog0_26_ROM_AUTO_3R' using auto ROMs.
INFO: [RTMG 210-279] Implementing memory 'run_model_run_all_slices_unrolled_LSTM_R_ifog0_27_ROM_AUTO_3R' using auto ROMs.
INFO: [RTMG 210-279] Implementing memory 'run_model_run_all_slices_unrolled_LSTM_R_ifog0_28_ROM_AUTO_3R' using auto ROMs.
INFO: [RTMG 210-279] Implementing memory 'run_model_run_all_slices_unrolled_LSTM_R_ifog0_29_ROM_AUTO_3R' using auto ROMs.
INFO: [RTMG 210-279] Implementing memory 'run_model_run_all_slices_unrolled_LSTM_R_ifog0_30_ROM_AUTO_3R' using auto ROMs.
INFO: [RTMG 210-279] Implementing memory 'run_model_run_all_slices_unrolled_LSTM_R_ifog0_31_ROM_AUTO_3R' using auto ROMs.
INFO: [RTMG 210-279] Implementing memory 'run_model_run_all_slices_unrolled_LSTM_W_ifog1_ROM_AUTO_3R' using auto ROMs.
INFO: [RTMG 210-279] Implementing memory 'run_model_run_all_slices_unrolled_LSTM_R_ifog1_0_ROM_AUTO_3R' using auto ROMs.
INFO: [RTMG 210-279] Implementing memory 'run_model_run_all_slices_unrolled_LSTM_R_ifog1_1_ROM_AUTO_3R' using auto ROMs.
INFO: [RTMG 210-279] Implementing memory 'run_model_run_all_slices_unrolled_LSTM_R_ifog1_2_ROM_AUTO_3R' using auto ROMs.
INFO: [RTMG 210-279] Implementing memory 'run_model_run_all_slices_unrolled_LSTM_R_ifog1_3_ROM_AUTO_3R' using auto ROMs.
INFO: [RTMG 210-279] Implementing memory 'run_model_run_all_slices_unrolled_LSTM_R_ifog1_4_ROM_AUTO_3R' using auto ROMs.
INFO: [RTMG 210-279] Implementing memory 'run_model_run_all_slices_unrolled_LSTM_R_ifog1_5_ROM_AUTO_3R' using auto ROMs.
INFO: [RTMG 210-279] Implementing memory 'run_model_run_all_slices_unrolled_LSTM_R_ifog1_6_ROM_AUTO_3R' using auto ROMs.
INFO: [RTMG 210-279] Implementing memory 'run_model_run_all_slices_unrolled_LSTM_R_ifog1_7_ROM_AUTO_3R' using auto ROMs.
INFO: [RTMG 210-279] Implementing memory 'run_model_run_all_slices_unrolled_LSTM_R_ifog1_8_ROM_AUTO_3R' using auto ROMs.
INFO: [RTMG 210-279] Implementing memory 'run_model_run_all_slices_unrolled_LSTM_R_ifog1_9_ROM_AUTO_3R' using auto ROMs.
INFO: [RTMG 210-279] Implementing memory 'run_model_run_all_slices_unrolled_LSTM_R_ifog1_10_ROM_AUTO_3R' using auto ROMs.
INFO: [RTMG 210-279] Implementing memory 'run_model_run_all_slices_unrolled_LSTM_R_ifog1_11_ROM_AUTO_3R' using auto ROMs.
INFO: [RTMG 210-279] Implementing memory 'run_model_run_all_slices_unrolled_LSTM_R_ifog1_12_ROM_AUTO_3R' using auto ROMs.
INFO: [RTMG 210-279] Implementing memory 'run_model_run_all_slices_unrolled_LSTM_R_ifog1_13_ROM_AUTO_3R' using auto ROMs.
INFO: [RTMG 210-279] Implementing memory 'run_model_run_all_slices_unrolled_LSTM_R_ifog1_14_ROM_AUTO_3R' using auto ROMs.
INFO: [RTMG 210-279] Implementing memory 'run_model_run_all_slices_unrolled_LSTM_R_ifog1_15_ROM_AUTO_3R' using auto ROMs.
INFO: [RTMG 210-279] Implementing memory 'run_model_run_all_slices_unrolled_LSTM_R_ifog1_16_ROM_AUTO_3R' using auto ROMs.
INFO: [RTMG 210-279] Implementing memory 'run_model_run_all_slices_unrolled_LSTM_R_ifog1_17_ROM_AUTO_3R' using auto ROMs.
INFO: [RTMG 210-279] Implementing memory 'run_model_run_all_slices_unrolled_LSTM_R_ifog1_18_ROM_AUTO_3R' using auto ROMs.
INFO: [RTMG 210-279] Implementing memory 'run_model_run_all_slices_unrolled_LSTM_R_ifog1_19_ROM_AUTO_3R' using auto ROMs.
INFO: [RTMG 210-279] Implementing memory 'run_model_run_all_slices_unrolled_LSTM_R_ifog1_20_ROM_AUTO_3R' using auto ROMs.
INFO: [RTMG 210-279] Implementing memory 'run_model_run_all_slices_unrolled_LSTM_R_ifog1_21_ROM_AUTO_3R' using auto ROMs.
INFO: [RTMG 210-279] Implementing memory 'run_model_run_all_slices_unrolled_LSTM_R_ifog1_22_ROM_AUTO_3R' using auto ROMs.
INFO: [RTMG 210-279] Implementing memory 'run_model_run_all_slices_unrolled_LSTM_R_ifog1_23_ROM_AUTO_3R' using auto ROMs.
INFO: [RTMG 210-279] Implementing memory 'run_model_run_all_slices_unrolled_LSTM_R_ifog1_24_ROM_AUTO_3R' using auto ROMs.
INFO: [RTMG 210-279] Implementing memory 'run_model_run_all_slices_unrolled_LSTM_R_ifog1_25_ROM_AUTO_3R' using auto ROMs.
INFO: [RTMG 210-279] Implementing memory 'run_model_run_all_slices_unrolled_LSTM_R_ifog1_26_ROM_AUTO_3R' using auto ROMs.
INFO: [RTMG 210-279] Implementing memory 'run_model_run_all_slices_unrolled_LSTM_R_ifog1_27_ROM_AUTO_3R' using auto ROMs.
INFO: [RTMG 210-279] Implementing memory 'run_model_run_all_slices_unrolled_LSTM_R_ifog1_28_ROM_AUTO_3R' using auto ROMs.
INFO: [RTMG 210-279] Implementing memory 'run_model_run_all_slices_unrolled_LSTM_R_ifog1_29_ROM_AUTO_3R' using auto ROMs.
INFO: [RTMG 210-279] Implementing memory 'run_model_run_all_slices_unrolled_LSTM_R_ifog1_30_ROM_AUTO_3R' using auto ROMs.
INFO: [RTMG 210-279] Implementing memory 'run_model_run_all_slices_unrolled_LSTM_R_ifog1_31_ROM_AUTO_3R' using auto ROMs.
INFO: [RTMG 210-279] Implementing memory 'run_model_run_all_slices_unrolled_LSTM_W_ifog2_ROM_AUTO_3R' using auto ROMs.
INFO: [RTMG 210-279] Implementing memory 'run_model_run_all_slices_unrolled_LSTM_R_ifog2_0_ROM_AUTO_3R' using auto ROMs.
INFO: [RTMG 210-279] Implementing memory 'run_model_run_all_slices_unrolled_LSTM_R_ifog2_1_ROM_AUTO_3R' using auto ROMs.
INFO: [RTMG 210-279] Implementing memory 'run_model_run_all_slices_unrolled_LSTM_R_ifog2_2_ROM_AUTO_3R' using auto ROMs.
INFO: [RTMG 210-279] Implementing memory 'run_model_run_all_slices_unrolled_LSTM_R_ifog2_3_ROM_AUTO_3R' using auto ROMs.
INFO: [RTMG 210-279] Implementing memory 'run_model_run_all_slices_unrolled_LSTM_R_ifog2_4_ROM_AUTO_3R' using auto ROMs.
INFO: [RTMG 210-279] Implementing memory 'run_model_run_all_slices_unrolled_LSTM_R_ifog2_5_ROM_AUTO_3R' using auto ROMs.
INFO: [RTMG 210-279] Implementing memory 'run_model_run_all_slices_unrolled_LSTM_R_ifog2_6_ROM_AUTO_3R' using auto ROMs.
INFO: [RTMG 210-279] Implementing memory 'run_model_run_all_slices_unrolled_LSTM_R_ifog2_7_ROM_AUTO_3R' using auto ROMs.
INFO: [RTMG 210-279] Implementing memory 'run_model_run_all_slices_unrolled_LSTM_R_ifog2_8_ROM_AUTO_3R' using auto ROMs.
INFO: [RTMG 210-279] Implementing memory 'run_model_run_all_slices_unrolled_LSTM_R_ifog2_9_ROM_AUTO_3R' using auto ROMs.
INFO: [RTMG 210-279] Implementing memory 'run_model_run_all_slices_unrolled_LSTM_R_ifog2_10_ROM_AUTO_3R' using auto ROMs.
INFO: [RTMG 210-279] Implementing memory 'run_model_run_all_slices_unrolled_LSTM_R_ifog2_11_ROM_AUTO_3R' using auto ROMs.
INFO: [RTMG 210-279] Implementing memory 'run_model_run_all_slices_unrolled_LSTM_R_ifog2_12_ROM_AUTO_3R' using auto ROMs.
INFO: [RTMG 210-279] Implementing memory 'run_model_run_all_slices_unrolled_LSTM_R_ifog2_13_ROM_AUTO_3R' using auto ROMs.
INFO: [RTMG 210-279] Implementing memory 'run_model_run_all_slices_unrolled_LSTM_R_ifog2_14_ROM_AUTO_3R' using auto ROMs.
INFO: [RTMG 210-279] Implementing memory 'run_model_run_all_slices_unrolled_LSTM_R_ifog2_15_ROM_AUTO_3R' using auto ROMs.
INFO: [RTMG 210-279] Implementing memory 'run_model_run_all_slices_unrolled_LSTM_R_ifog2_16_ROM_AUTO_3R' using auto ROMs.
INFO: [RTMG 210-279] Implementing memory 'run_model_run_all_slices_unrolled_LSTM_R_ifog2_17_ROM_AUTO_3R' using auto ROMs.
INFO: [RTMG 210-279] Implementing memory 'run_model_run_all_slices_unrolled_LSTM_R_ifog2_18_ROM_AUTO_3R' using auto ROMs.
INFO: [RTMG 210-279] Implementing memory 'run_model_run_all_slices_unrolled_LSTM_R_ifog2_19_ROM_AUTO_3R' using auto ROMs.
INFO: [RTMG 210-279] Implementing memory 'run_model_run_all_slices_unrolled_LSTM_R_ifog2_20_ROM_AUTO_3R' using auto ROMs.
INFO: [RTMG 210-279] Implementing memory 'run_model_run_all_slices_unrolled_LSTM_R_ifog2_21_ROM_AUTO_3R' using auto ROMs.
INFO: [RTMG 210-279] Implementing memory 'run_model_run_all_slices_unrolled_LSTM_R_ifog2_22_ROM_AUTO_3R' using auto ROMs.
INFO: [RTMG 210-279] Implementing memory 'run_model_run_all_slices_unrolled_LSTM_R_ifog2_23_ROM_AUTO_3R' using auto ROMs.
INFO: [RTMG 210-279] Implementing memory 'run_model_run_all_slices_unrolled_LSTM_R_ifog2_24_ROM_AUTO_3R' using auto ROMs.
INFO: [RTMG 210-279] Implementing memory 'run_model_run_all_slices_unrolled_LSTM_R_ifog2_25_ROM_AUTO_3R' using auto ROMs.
INFO: [RTMG 210-279] Implementing memory 'run_model_run_all_slices_unrolled_LSTM_R_ifog2_26_ROM_AUTO_3R' using auto ROMs.
INFO: [RTMG 210-279] Implementing memory 'run_model_run_all_slices_unrolled_LSTM_R_ifog2_27_ROM_AUTO_3R' using auto ROMs.
INFO: [RTMG 210-279] Implementing memory 'run_model_run_all_slices_unrolled_LSTM_R_ifog2_28_ROM_AUTO_3R' using auto ROMs.
INFO: [RTMG 210-279] Implementing memory 'run_model_run_all_slices_unrolled_LSTM_R_ifog2_29_ROM_AUTO_3R' using auto ROMs.
INFO: [RTMG 210-279] Implementing memory 'run_model_run_all_slices_unrolled_LSTM_R_ifog2_30_ROM_AUTO_3R' using auto ROMs.
INFO: [RTMG 210-279] Implementing memory 'run_model_run_all_slices_unrolled_LSTM_R_ifog2_31_ROM_AUTO_3R' using auto ROMs.
INFO: [RTMG 210-279] Implementing memory 'run_model_run_all_slices_unrolled_LSTM_W_ifog3_ROM_AUTO_3R' using auto ROMs.
INFO: [RTMG 210-279] Implementing memory 'run_model_run_all_slices_unrolled_LSTM_R_ifog3_0_ROM_AUTO_3R' using auto ROMs.
INFO: [RTMG 210-279] Implementing memory 'run_model_run_all_slices_unrolled_LSTM_R_ifog3_1_ROM_AUTO_3R' using auto ROMs.
INFO: [RTMG 210-279] Implementing memory 'run_model_run_all_slices_unrolled_LSTM_R_ifog3_2_ROM_AUTO_3R' using auto ROMs.
INFO: [RTMG 210-279] Implementing memory 'run_model_run_all_slices_unrolled_LSTM_R_ifog3_3_ROM_AUTO_3R' using auto ROMs.
INFO: [RTMG 210-279] Implementing memory 'run_model_run_all_slices_unrolled_LSTM_R_ifog3_4_ROM_AUTO_3R' using auto ROMs.
INFO: [RTMG 210-279] Implementing memory 'run_model_run_all_slices_unrolled_LSTM_R_ifog3_5_ROM_AUTO_3R' using auto ROMs.
INFO: [RTMG 210-279] Implementing memory 'run_model_run_all_slices_unrolled_LSTM_R_ifog3_6_ROM_AUTO_3R' using auto ROMs.
INFO: [RTMG 210-279] Implementing memory 'run_model_run_all_slices_unrolled_LSTM_R_ifog3_7_ROM_AUTO_3R' using auto ROMs.
INFO: [RTMG 210-279] Implementing memory 'run_model_run_all_slices_unrolled_LSTM_R_ifog3_8_ROM_AUTO_3R' using auto ROMs.
INFO: [RTMG 210-279] Implementing memory 'run_model_run_all_slices_unrolled_LSTM_R_ifog3_9_ROM_AUTO_3R' using auto ROMs.
INFO: [RTMG 210-279] Implementing memory 'run_model_run_all_slices_unrolled_LSTM_R_ifog3_10_ROM_AUTO_3R' using auto ROMs.
INFO: [RTMG 210-279] Implementing memory 'run_model_run_all_slices_unrolled_LSTM_R_ifog3_11_ROM_AUTO_3R' using auto ROMs.
INFO: [RTMG 210-279] Implementing memory 'run_model_run_all_slices_unrolled_LSTM_R_ifog3_12_ROM_AUTO_3R' using auto ROMs.
INFO: [RTMG 210-279] Implementing memory 'run_model_run_all_slices_unrolled_LSTM_R_ifog3_13_ROM_AUTO_3R' using auto ROMs.
INFO: [RTMG 210-279] Implementing memory 'run_model_run_all_slices_unrolled_LSTM_R_ifog3_14_ROM_AUTO_3R' using auto ROMs.
INFO: [RTMG 210-279] Implementing memory 'run_model_run_all_slices_unrolled_LSTM_R_ifog3_15_ROM_AUTO_3R' using auto ROMs.
INFO: [RTMG 210-279] Implementing memory 'run_model_run_all_slices_unrolled_LSTM_R_ifog3_16_ROM_AUTO_3R' using auto ROMs.
INFO: [RTMG 210-279] Implementing memory 'run_model_run_all_slices_unrolled_LSTM_R_ifog3_17_ROM_AUTO_3R' using auto ROMs.
INFO: [RTMG 210-279] Implementing memory 'run_model_run_all_slices_unrolled_LSTM_R_ifog3_18_ROM_AUTO_3R' using auto ROMs.
INFO: [RTMG 210-279] Implementing memory 'run_model_run_all_slices_unrolled_LSTM_R_ifog3_19_ROM_AUTO_3R' using auto ROMs.
INFO: [RTMG 210-279] Implementing memory 'run_model_run_all_slices_unrolled_LSTM_R_ifog3_20_ROM_AUTO_3R' using auto ROMs.
INFO: [RTMG 210-279] Implementing memory 'run_model_run_all_slices_unrolled_LSTM_R_ifog3_21_ROM_AUTO_3R' using auto ROMs.
INFO: [RTMG 210-279] Implementing memory 'run_model_run_all_slices_unrolled_LSTM_R_ifog3_22_ROM_AUTO_3R' using auto ROMs.
INFO: [RTMG 210-279] Implementing memory 'run_model_run_all_slices_unrolled_LSTM_R_ifog3_23_ROM_AUTO_3R' using auto ROMs.
INFO: [RTMG 210-279] Implementing memory 'run_model_run_all_slices_unrolled_LSTM_R_ifog3_24_ROM_AUTO_3R' using auto ROMs.
INFO: [RTMG 210-279] Implementing memory 'run_model_run_all_slices_unrolled_LSTM_R_ifog3_25_ROM_AUTO_3R' using auto ROMs.
INFO: [RTMG 210-279] Implementing memory 'run_model_run_all_slices_unrolled_LSTM_R_ifog3_26_ROM_AUTO_3R' using auto ROMs.
INFO: [RTMG 210-279] Implementing memory 'run_model_run_all_slices_unrolled_LSTM_R_ifog3_27_ROM_AUTO_3R' using auto ROMs.
INFO: [RTMG 210-279] Implementing memory 'run_model_run_all_slices_unrolled_LSTM_R_ifog3_28_ROM_AUTO_3R' using auto ROMs.
INFO: [RTMG 210-279] Implementing memory 'run_model_run_all_slices_unrolled_LSTM_R_ifog3_29_ROM_AUTO_3R' using auto ROMs.
INFO: [RTMG 210-279] Implementing memory 'run_model_run_all_slices_unrolled_LSTM_R_ifog3_30_ROM_AUTO_3R' using auto ROMs.
INFO: [RTMG 210-279] Implementing memory 'run_model_run_all_slices_unrolled_LSTM_R_ifog3_31_ROM_AUTO_3R' using auto ROMs.
INFO: [RTMG 210-279] Implementing memory 'run_model_run_all_slices_unrolled_LSTM_W_ifog4_ROM_AUTO_3R' using auto ROMs.
INFO: [RTMG 210-279] Implementing memory 'run_model_run_all_slices_unrolled_LSTM_R_ifog4_0_ROM_AUTO_3R' using auto ROMs.
INFO: [RTMG 210-279] Implementing memory 'run_model_run_all_slices_unrolled_LSTM_R_ifog4_1_ROM_AUTO_3R' using auto ROMs.
INFO: [RTMG 210-279] Implementing memory 'run_model_run_all_slices_unrolled_LSTM_R_ifog4_2_ROM_AUTO_3R' using auto ROMs.
INFO: [RTMG 210-279] Implementing memory 'run_model_run_all_slices_unrolled_LSTM_R_ifog4_3_ROM_AUTO_3R' using auto ROMs.
INFO: [RTMG 210-279] Implementing memory 'run_model_run_all_slices_unrolled_LSTM_R_ifog4_4_ROM_AUTO_3R' using auto ROMs.
INFO: [RTMG 210-279] Implementing memory 'run_model_run_all_slices_unrolled_LSTM_R_ifog4_5_ROM_AUTO_3R' using auto ROMs.
INFO: [RTMG 210-279] Implementing memory 'run_model_run_all_slices_unrolled_LSTM_R_ifog4_6_ROM_AUTO_3R' using auto ROMs.
INFO: [RTMG 210-279] Implementing memory 'run_model_run_all_slices_unrolled_LSTM_R_ifog4_7_ROM_AUTO_3R' using auto ROMs.
INFO: [RTMG 210-279] Implementing memory 'run_model_run_all_slices_unrolled_LSTM_R_ifog4_8_ROM_AUTO_3R' using auto ROMs.
INFO: [RTMG 210-279] Implementing memory 'run_model_run_all_slices_unrolled_LSTM_R_ifog4_9_ROM_AUTO_3R' using auto ROMs.
INFO: [RTMG 210-279] Implementing memory 'run_model_run_all_slices_unrolled_LSTM_R_ifog4_10_ROM_AUTO_3R' using auto ROMs.
INFO: [RTMG 210-279] Implementing memory 'run_model_run_all_slices_unrolled_LSTM_R_ifog4_11_ROM_AUTO_3R' using auto ROMs.
INFO: [RTMG 210-279] Implementing memory 'run_model_run_all_slices_unrolled_LSTM_R_ifog4_12_ROM_AUTO_3R' using auto ROMs.
INFO: [RTMG 210-279] Implementing memory 'run_model_run_all_slices_unrolled_LSTM_R_ifog4_13_ROM_AUTO_3R' using auto ROMs.
INFO: [RTMG 210-279] Implementing memory 'run_model_run_all_slices_unrolled_LSTM_R_ifog4_14_ROM_AUTO_3R' using auto ROMs.
INFO: [RTMG 210-279] Implementing memory 'run_model_run_all_slices_unrolled_LSTM_R_ifog4_15_ROM_AUTO_3R' using auto ROMs.
INFO: [RTMG 210-279] Implementing memory 'run_model_run_all_slices_unrolled_LSTM_R_ifog4_16_ROM_AUTO_3R' using auto ROMs.
INFO: [RTMG 210-279] Implementing memory 'run_model_run_all_slices_unrolled_LSTM_R_ifog4_17_ROM_AUTO_3R' using auto ROMs.
INFO: [RTMG 210-279] Implementing memory 'run_model_run_all_slices_unrolled_LSTM_R_ifog4_18_ROM_AUTO_3R' using auto ROMs.
INFO: [RTMG 210-279] Implementing memory 'run_model_run_all_slices_unrolled_LSTM_R_ifog4_19_ROM_AUTO_3R' using auto ROMs.
INFO: [RTMG 210-279] Implementing memory 'run_model_run_all_slices_unrolled_LSTM_R_ifog4_20_ROM_AUTO_3R' using auto ROMs.
INFO: [RTMG 210-279] Implementing memory 'run_model_run_all_slices_unrolled_LSTM_R_ifog4_21_ROM_AUTO_3R' using auto ROMs.
INFO: [RTMG 210-279] Implementing memory 'run_model_run_all_slices_unrolled_LSTM_R_ifog4_22_ROM_AUTO_3R' using auto ROMs.
INFO: [RTMG 210-279] Implementing memory 'run_model_run_all_slices_unrolled_LSTM_R_ifog4_23_ROM_AUTO_3R' using auto ROMs.
INFO: [RTMG 210-279] Implementing memory 'run_model_run_all_slices_unrolled_LSTM_R_ifog4_24_ROM_AUTO_3R' using auto ROMs.
INFO: [RTMG 210-279] Implementing memory 'run_model_run_all_slices_unrolled_LSTM_R_ifog4_25_ROM_AUTO_3R' using auto ROMs.
INFO: [RTMG 210-279] Implementing memory 'run_model_run_all_slices_unrolled_LSTM_R_ifog4_26_ROM_AUTO_3R' using auto ROMs.
INFO: [RTMG 210-279] Implementing memory 'run_model_run_all_slices_unrolled_LSTM_R_ifog4_27_ROM_AUTO_3R' using auto ROMs.
INFO: [RTMG 210-279] Implementing memory 'run_model_run_all_slices_unrolled_LSTM_R_ifog4_28_ROM_AUTO_3R' using auto ROMs.
INFO: [RTMG 210-279] Implementing memory 'run_model_run_all_slices_unrolled_LSTM_R_ifog4_29_ROM_AUTO_3R' using auto ROMs.
INFO: [RTMG 210-279] Implementing memory 'run_model_run_all_slices_unrolled_LSTM_R_ifog4_30_ROM_AUTO_3R' using auto ROMs.
INFO: [RTMG 210-279] Implementing memory 'run_model_run_all_slices_unrolled_LSTM_R_ifog4_31_ROM_AUTO_3R' using auto ROMs.
INFO: [HLS 200-111] Finished Creating RTL model: CPU user time: 6.34 seconds. CPU system time: 0.25 seconds. Elapsed time: 6.7 seconds; current allocated memory: 2.624 GB.
INFO: [HLS 200-10] ----------------------------------------------------------------
INFO: [HLS 200-10] -- Generating RTL for module 'run_model_Pipeline_Loop_BN' 
INFO: [HLS 200-10] ----------------------------------------------------------------
INFO: [HLS 200-1030] Apply Unified Pipeline Control on module 'run_model_Pipeline_Loop_BN' pipeline 'Loop_BN' pipeline type 'loop pipeline'
INFO: [RTGEN 206-100] Generating core module 'fdiv_32ns_32ns_32_10_no_dsp_1': 1 instance(s).
INFO: [RTGEN 206-100] Generating core module 'fsqrt_32ns_32ns_32_10_no_dsp_1': 1 instance(s).
INFO: [RTGEN 206-100] Generating core module 'hadd_16ns_16ns_16_5_full_dsp_1': 2 instance(s).
INFO: [RTGEN 206-100] Generating core module 'hmul_16ns_16ns_16_4_max_dsp_1': 1 instance(s).
INFO: [RTGEN 206-100] Generating core module 'hptosp_16ns_32_2_no_dsp_1': 2 instance(s).
INFO: [RTGEN 206-100] Generating core module 'sptohp_32ns_16_2_no_dsp_1': 1 instance(s).
INFO: [RTGEN 206-100] Finished creating RTL model for 'run_model_Pipeline_Loop_BN'.
INFO: [RTMG 210-279] Implementing memory 'run_model_run_model_Pipeline_Loop_BN_fc_0_bn_var_ROM_AUTO_3R' using auto ROMs.
INFO: [HLS 200-111] Finished Creating RTL model: CPU user time: 1.99 seconds. CPU system time: 0.05 seconds. Elapsed time: 2.04 seconds; current allocated memory: 2.639 GB.
INFO: [HLS 200-10] ----------------------------------------------------------------
INFO: [HLS 200-10] -- Generating RTL for module 'run_model_Pipeline_ReLULoop1' 
INFO: [HLS 200-10] ----------------------------------------------------------------
INFO: [HLS 200-1030] Apply Unified Pipeline Control on module 'run_model_Pipeline_ReLULoop1' pipeline 'ReLULoop1' pipeline type 'loop pipeline'
INFO: [RTGEN 206-100] Generating core module 'hcmp_16ns_16ns_1_2_no_dsp_1': 1 instance(s).
INFO: [RTGEN 206-100] Finished creating RTL model for 'run_model_Pipeline_ReLULoop1'.
INFO: [HLS 200-111] Finished Creating RTL model: CPU user time: 0.31 seconds. CPU system time: 0.02 seconds. Elapsed time: 0.33 seconds; current allocated memory: 2.643 GB.
INFO: [HLS 200-10] ----------------------------------------------------------------
INFO: [HLS 200-10] -- Generating RTL for module 'run_model_Pipeline_Loop_BN1' 
INFO: [HLS 200-10] ----------------------------------------------------------------
INFO: [HLS 200-1030] Apply Unified Pipeline Control on module 'run_model_Pipeline_Loop_BN1' pipeline 'Loop_BN' pipeline type 'loop pipeline'
INFO: [RTGEN 206-100] Generating core module 'fdiv_32ns_32ns_32_10_no_dsp_1': 1 instance(s).
INFO: [RTGEN 206-100] Generating core module 'fsqrt_32ns_32ns_32_10_no_dsp_1': 1 instance(s).
INFO: [RTGEN 206-100] Generating core module 'hadd_16ns_16ns_16_5_full_dsp_1': 2 instance(s).
INFO: [RTGEN 206-100] Generating core module 'hmul_16ns_16ns_16_4_max_dsp_1': 1 instance(s).
INFO: [RTGEN 206-100] Generating core module 'hptosp_16ns_32_2_no_dsp_1': 2 instance(s).
INFO: [RTGEN 206-100] Generating core module 'sptohp_32ns_16_2_no_dsp_1': 1 instance(s).
INFO: [RTGEN 206-100] Finished creating RTL model for 'run_model_Pipeline_Loop_BN1'.
INFO: [HLS 200-111] Finished Creating RTL model: CPU user time: 0.33 seconds. CPU system time: 0.01 seconds. Elapsed time: 0.34 seconds; current allocated memory: 2.645 GB.
INFO: [HLS 200-10] ----------------------------------------------------------------
INFO: [HLS 200-10] -- Generating RTL for module 'run_model_Pipeline_ReLULoop2' 
INFO: [HLS 200-10] ----------------------------------------------------------------
INFO: [HLS 200-1030] Apply Unified Pipeline Control on module 'run_model_Pipeline_ReLULoop2' pipeline 'ReLULoop2' pipeline type 'loop pipeline'
INFO: [RTGEN 206-100] Generating core module 'hcmp_16ns_16ns_1_2_no_dsp_1': 1 instance(s).
INFO: [RTGEN 206-100] Finished creating RTL model for 'run_model_Pipeline_ReLULoop2'.
INFO: [HLS 200-111] Finished Creating RTL model: CPU user time: 0.22 seconds. CPU system time: 0.01 seconds. Elapsed time: 0.24 seconds; current allocated memory: 2.646 GB.
INFO: [HLS 200-10] ----------------------------------------------------------------
INFO: [HLS 200-10] -- Generating RTL for module 'run_model' 
INFO: [HLS 200-10] ----------------------------------------------------------------
INFO: [RTGEN 206-500] Setting interface mode on port 'run_model/y_hat_out' to 'ap_none'.
INFO: [RTGEN 206-500] Setting interface mode on function 'run_model' to 'ap_ctrl_hs'.
WARNING: [RTGEN 206-101] Port 'run_model/y_hat_out' has no fanin or fanout and is left dangling.
               Please use C simulation to confirm this function argument can be read from or written to.
INFO: [RTGEN 206-100] Generating core module 'fdiv_32ns_32ns_32_10_no_dsp_1': 1 instance(s).
INFO: [RTGEN 206-100] Generating core module 'fsqrt_32ns_32ns_32_10_no_dsp_1': 1 instance(s).
INFO: [RTGEN 206-100] Generating core module 'hadd_16ns_16ns_16_5_full_dsp_1': 2 instance(s).
INFO: [RTGEN 206-100] Generating core module 'hcmp_16ns_16ns_1_2_no_dsp_1': 1 instance(s).
INFO: [RTGEN 206-100] Generating core module 'hmul_16ns_16ns_16_4_max_dsp_1': 1 instance(s).
INFO: [RTGEN 206-100] Generating core module 'hptosp_16ns_32_2_no_dsp_1': 2 instance(s).
INFO: [RTGEN 206-100] Generating core module 'sptohp_32ns_16_2_no_dsp_1': 1 instance(s).
INFO: [RTGEN 206-100] Finished creating RTL model for 'run_model'.
INFO: [RTMG 210-279] Implementing memory 'run_model_fc_0_W_ROM_AUTO_3R' using auto ROMs.
INFO: [RTMG 210-279] Implementing memory 'run_model_fc_1_W_ROM_AUTO_3R' using auto ROMs.
INFO: [RTMG 210-278] Implementing memory 'run_model_merged_RAM_AUTO_1R1W' using auto RAMs.
INFO: [RTMG 210-278] Implementing memory 'run_model_z0_RAM_AUTO_3R2W' using auto RAMs.
INFO: [RTMG 210-278] Implementing memory 'run_model_z1_RAM_AUTO_3R2W' using auto RAMs.
INFO: [HLS 200-111] Finished Creating RTL model: CPU user time: 0.5 seconds. CPU system time: 0.03 seconds. Elapsed time: 0.52 seconds; current allocated memory: 2.648 GB.
INFO: [HLS 200-111] Finished Generating all RTL models: CPU user time: 3.27 seconds. CPU system time: 0.5 seconds. Elapsed time: 3.77 seconds; current allocated memory: 2.711 GB.
INFO: [HLS 200-111] Finished Updating report files: CPU user time: 7.4 seconds. CPU system time: 0.09 seconds. Elapsed time: 7.52 seconds; current allocated memory: 2.740 GB.
INFO: [VHDL 208-304] Generating VHDL RTL for run_model.
INFO: [VLOG 209-307] Generating Verilog RTL for run_model.
INFO: [HLS 200-790] **** Loop Constraint Status: All loop constraints were NOT satisfied.
INFO: [HLS 200-789] **** Estimated Fmax: 127.44 MHz
INFO: [HLS 200-112] Total CPU user time: 245.86 seconds. Total CPU system time: 7.35 seconds. Total elapsed time: 256.81 seconds; peak allocated memory: 2.746 GB.
INFO: [v++ 60-791] Total elapsed time: 0h 4m 21s
