Execute     source -notrace -encoding utf-8 /tools/Xilinx/Vitis/2024.2/tps/tcl/tcl8.6/clock.tcl 
Execute       source -encoding utf-8 /tools/Xilinx/Vitis/2024.2/tps/tcl/tcl8/8.5/msgcat-1.6.1.tm 
INFO-FLOW: Workspace /home/gkapakos/Desktop/ECE/10th_Semester/Architecture_of_Parallel_Systems/Project/BranchPredictionAI/C_Implementation/BranchPredictionAI/run_model/hls opened at Mon Sep 15 15:49:32 EEST 2025
Execute     send_msg_by_id INFO @200-1505@%s%s default  vivado 
INFO: [HLS 200-1505] Using default flow_target 'vivado'
Execute   apply_ini /home/gkapakos/Desktop/ECE/10th_Semester/Architecture_of_Parallel_Systems/Project/BranchPredictionAI/C_Implementation/BranchPredictionAI/hls_config.cfg 
Execute     send_msg_by_id INFO @200-1465@%s 'syn.file=/home/gkapakos/Desktop/ECE/10th_Semester/Architecture_of_Parallel_Systems/Project/BranchPredictionAI/C_Implementation/head_weights.h' from /home/gkapakos/Desktop/ECE/10th_Semester/Architecture_of_Parallel_Systems/Project/BranchPredictionAI/C_Implementation/BranchPredictionAI/hls_config.cfg(8) 
INFO: [HLS 200-1465] Applying ini 'syn.file=/home/gkapakos/Desktop/ECE/10th_Semester/Architecture_of_Parallel_Systems/Project/BranchPredictionAI/C_Implementation/head_weights.h' from /home/gkapakos/Desktop/ECE/10th_Semester/Architecture_of_Parallel_Systems/Project/BranchPredictionAI/C_Implementation/BranchPredictionAI/hls_config.cfg(8)
Execute     add_files /home/gkapakos/Desktop/ECE/10th_Semester/Architecture_of_Parallel_Systems/Project/BranchPredictionAI/C_Implementation/head_weights.h 
INFO: [HLS 200-10] Adding design file '/home/gkapakos/Desktop/ECE/10th_Semester/Architecture_of_Parallel_Systems/Project/BranchPredictionAI/C_Implementation/head_weights.h' to the project
Execute     send_msg_by_id INFO @200-1465@%s 'syn.file=/home/gkapakos/Desktop/ECE/10th_Semester/Architecture_of_Parallel_Systems/Project/BranchPredictionAI/C_Implementation/main_5_slices.cpp' from /home/gkapakos/Desktop/ECE/10th_Semester/Architecture_of_Parallel_Systems/Project/BranchPredictionAI/C_Implementation/BranchPredictionAI/hls_config.cfg(9) 
INFO: [HLS 200-1465] Applying ini 'syn.file=/home/gkapakos/Desktop/ECE/10th_Semester/Architecture_of_Parallel_Systems/Project/BranchPredictionAI/C_Implementation/main_5_slices.cpp' from /home/gkapakos/Desktop/ECE/10th_Semester/Architecture_of_Parallel_Systems/Project/BranchPredictionAI/C_Implementation/BranchPredictionAI/hls_config.cfg(9)
Execute     add_files /home/gkapakos/Desktop/ECE/10th_Semester/Architecture_of_Parallel_Systems/Project/BranchPredictionAI/C_Implementation/main_5_slices.cpp 
INFO: [HLS 200-10] Adding design file '/home/gkapakos/Desktop/ECE/10th_Semester/Architecture_of_Parallel_Systems/Project/BranchPredictionAI/C_Implementation/main_5_slices.cpp' to the project
Execute     send_msg_by_id INFO @200-1465@%s 'syn.file=/home/gkapakos/Desktop/ECE/10th_Semester/Architecture_of_Parallel_Systems/Project/BranchPredictionAI/C_Implementation/slice0_weights.h' from /home/gkapakos/Desktop/ECE/10th_Semester/Architecture_of_Parallel_Systems/Project/BranchPredictionAI/C_Implementation/BranchPredictionAI/hls_config.cfg(10) 
INFO: [HLS 200-1465] Applying ini 'syn.file=/home/gkapakos/Desktop/ECE/10th_Semester/Architecture_of_Parallel_Systems/Project/BranchPredictionAI/C_Implementation/slice0_weights.h' from /home/gkapakos/Desktop/ECE/10th_Semester/Architecture_of_Parallel_Systems/Project/BranchPredictionAI/C_Implementation/BranchPredictionAI/hls_config.cfg(10)
Execute     add_files /home/gkapakos/Desktop/ECE/10th_Semester/Architecture_of_Parallel_Systems/Project/BranchPredictionAI/C_Implementation/slice0_weights.h 
INFO: [HLS 200-10] Adding design file '/home/gkapakos/Desktop/ECE/10th_Semester/Architecture_of_Parallel_Systems/Project/BranchPredictionAI/C_Implementation/slice0_weights.h' to the project
Execute     send_msg_by_id INFO @200-1465@%s 'syn.file=/home/gkapakos/Desktop/ECE/10th_Semester/Architecture_of_Parallel_Systems/Project/BranchPredictionAI/C_Implementation/slice1_weights.h' from /home/gkapakos/Desktop/ECE/10th_Semester/Architecture_of_Parallel_Systems/Project/BranchPredictionAI/C_Implementation/BranchPredictionAI/hls_config.cfg(11) 
INFO: [HLS 200-1465] Applying ini 'syn.file=/home/gkapakos/Desktop/ECE/10th_Semester/Architecture_of_Parallel_Systems/Project/BranchPredictionAI/C_Implementation/slice1_weights.h' from /home/gkapakos/Desktop/ECE/10th_Semester/Architecture_of_Parallel_Systems/Project/BranchPredictionAI/C_Implementation/BranchPredictionAI/hls_config.cfg(11)
Execute     add_files /home/gkapakos/Desktop/ECE/10th_Semester/Architecture_of_Parallel_Systems/Project/BranchPredictionAI/C_Implementation/slice1_weights.h 
INFO: [HLS 200-10] Adding design file '/home/gkapakos/Desktop/ECE/10th_Semester/Architecture_of_Parallel_Systems/Project/BranchPredictionAI/C_Implementation/slice1_weights.h' to the project
Execute     send_msg_by_id INFO @200-1465@%s 'syn.file=/home/gkapakos/Desktop/ECE/10th_Semester/Architecture_of_Parallel_Systems/Project/BranchPredictionAI/C_Implementation/slice2_weights.h' from /home/gkapakos/Desktop/ECE/10th_Semester/Architecture_of_Parallel_Systems/Project/BranchPredictionAI/C_Implementation/BranchPredictionAI/hls_config.cfg(12) 
INFO: [HLS 200-1465] Applying ini 'syn.file=/home/gkapakos/Desktop/ECE/10th_Semester/Architecture_of_Parallel_Systems/Project/BranchPredictionAI/C_Implementation/slice2_weights.h' from /home/gkapakos/Desktop/ECE/10th_Semester/Architecture_of_Parallel_Systems/Project/BranchPredictionAI/C_Implementation/BranchPredictionAI/hls_config.cfg(12)
Execute     add_files /home/gkapakos/Desktop/ECE/10th_Semester/Architecture_of_Parallel_Systems/Project/BranchPredictionAI/C_Implementation/slice2_weights.h 
INFO: [HLS 200-10] Adding design file '/home/gkapakos/Desktop/ECE/10th_Semester/Architecture_of_Parallel_Systems/Project/BranchPredictionAI/C_Implementation/slice2_weights.h' to the project
Execute     send_msg_by_id INFO @200-1465@%s 'syn.file=/home/gkapakos/Desktop/ECE/10th_Semester/Architecture_of_Parallel_Systems/Project/BranchPredictionAI/C_Implementation/slice3_weights.h' from /home/gkapakos/Desktop/ECE/10th_Semester/Architecture_of_Parallel_Systems/Project/BranchPredictionAI/C_Implementation/BranchPredictionAI/hls_config.cfg(13) 
INFO: [HLS 200-1465] Applying ini 'syn.file=/home/gkapakos/Desktop/ECE/10th_Semester/Architecture_of_Parallel_Systems/Project/BranchPredictionAI/C_Implementation/slice3_weights.h' from /home/gkapakos/Desktop/ECE/10th_Semester/Architecture_of_Parallel_Systems/Project/BranchPredictionAI/C_Implementation/BranchPredictionAI/hls_config.cfg(13)
Execute     add_files /home/gkapakos/Desktop/ECE/10th_Semester/Architecture_of_Parallel_Systems/Project/BranchPredictionAI/C_Implementation/slice3_weights.h 
INFO: [HLS 200-10] Adding design file '/home/gkapakos/Desktop/ECE/10th_Semester/Architecture_of_Parallel_Systems/Project/BranchPredictionAI/C_Implementation/slice3_weights.h' to the project
Execute     send_msg_by_id INFO @200-1465@%s 'syn.file=/home/gkapakos/Desktop/ECE/10th_Semester/Architecture_of_Parallel_Systems/Project/BranchPredictionAI/C_Implementation/slice4_weights.h' from /home/gkapakos/Desktop/ECE/10th_Semester/Architecture_of_Parallel_Systems/Project/BranchPredictionAI/C_Implementation/BranchPredictionAI/hls_config.cfg(14) 
INFO: [HLS 200-1465] Applying ini 'syn.file=/home/gkapakos/Desktop/ECE/10th_Semester/Architecture_of_Parallel_Systems/Project/BranchPredictionAI/C_Implementation/slice4_weights.h' from /home/gkapakos/Desktop/ECE/10th_Semester/Architecture_of_Parallel_Systems/Project/BranchPredictionAI/C_Implementation/BranchPredictionAI/hls_config.cfg(14)
Execute     add_files /home/gkapakos/Desktop/ECE/10th_Semester/Architecture_of_Parallel_Systems/Project/BranchPredictionAI/C_Implementation/slice4_weights.h 
INFO: [HLS 200-10] Adding design file '/home/gkapakos/Desktop/ECE/10th_Semester/Architecture_of_Parallel_Systems/Project/BranchPredictionAI/C_Implementation/slice4_weights.h' to the project
Execute     send_msg_by_id INFO @200-1465@%s 'syn.top=run_model' from /home/gkapakos/Desktop/ECE/10th_Semester/Architecture_of_Parallel_Systems/Project/BranchPredictionAI/C_Implementation/BranchPredictionAI/hls_config.cfg(7) 
INFO: [HLS 200-1465] Applying ini 'syn.top=run_model' from /home/gkapakos/Desktop/ECE/10th_Semester/Architecture_of_Parallel_Systems/Project/BranchPredictionAI/C_Implementation/BranchPredictionAI/hls_config.cfg(7)
Execute     set_top run_model 
Execute     send_msg_by_id INFO @200-1465@%s 'flow_target=vivado' from /home/gkapakos/Desktop/ECE/10th_Semester/Architecture_of_Parallel_Systems/Project/BranchPredictionAI/C_Implementation/BranchPredictionAI/hls_config.cfg(4) 
INFO: [HLS 200-1465] Applying ini 'flow_target=vivado' from /home/gkapakos/Desktop/ECE/10th_Semester/Architecture_of_Parallel_Systems/Project/BranchPredictionAI/C_Implementation/BranchPredictionAI/hls_config.cfg(4)
Execute     send_msg_by_id INFO @200-1505@%s%s  vivado 
INFO: [HLS 200-1505] Using flow_target 'vivado'
Execute     send_msg_by_id INFO @200-1465@%s 'part=xc7z020clg400-3' from /home/gkapakos/Desktop/ECE/10th_Semester/Architecture_of_Parallel_Systems/Project/BranchPredictionAI/C_Implementation/BranchPredictionAI/hls_config.cfg(1) 
INFO: [HLS 200-1465] Applying ini 'part=xc7z020clg400-3' from /home/gkapakos/Desktop/ECE/10th_Semester/Architecture_of_Parallel_Systems/Project/BranchPredictionAI/C_Implementation/BranchPredictionAI/hls_config.cfg(1)
Execute     set_part xc7z020clg400-3 
Execute       create_platform xc7z020clg400-3 -board  
DBG:HLSDevice: Trying to load device library: /tools/Xilinx/Vitis/2024.2/lib/lnx64.o/libxv_hlsvwrap.so
DBG:HLSDevice: first parts/arch.xml in RDI_DATADIR: /tools/Xilinx/Vivado/2024.2/data/parts/arch.xml
DBG:HLSDevice: init success
INFO: [HLS 200-1611] Setting target device to 'xc7z020-clg400-3'
Command       create_platform done; 0.5 sec.
Execute       source /tools/Xilinx/Vitis/2024.2/common/technology/xilinx/common/xilinx.gen 
Execute         source /tools/Xilinx/Vitis/2024.2/common/technology/xilinx/interface/plb46.gen 
Execute         source /tools/Xilinx/Vitis/2024.2/common/technology/xilinx/interface/axi4.gen 
Execute         source /tools/Xilinx/Vitis/2024.2/common/technology/xilinx/interface/nativeAXI4.gen 
Execute           source /tools/Xilinx/Vitis/2024.2/common/technology/xilinx/interface/saxilite.gen 
Execute         source /tools/Xilinx/Vitis/2024.2/common/technology/xilinx/scripts/xilinxcoregen.gen 
Execute         source /tools/Xilinx/Vitis/2024.2/common/technology/xilinx/interface/XilEDKCoreGen.gen 
Execute         source /tools/Xilinx/Vitis/2024.2/common/technology/xilinx/ip/dds_compiler.gen 
Execute         source /tools/Xilinx/Vitis/2024.2/common/technology/xilinx/ip/xfft.gen 
Execute         source /tools/Xilinx/Vitis/2024.2/common/technology/xilinx/ip/xfir.gen 
Execute         source /tools/Xilinx/Vitis/2024.2/common/technology/xilinx/ip/util.gen 
Execute         source /tools/Xilinx/Vitis/2024.2/common/technology/xilinx/DSP48/dsp48.gen 
Execute       ap_part_info -name xc7z020-clg400-3 -data info 
Execute       config_compile -quiet -complex-mul-dsp=0 
Command     set_part done; 0.6 sec.
Execute     send_msg_by_id INFO @200-1465@%s 'clock=10ns' from /home/gkapakos/Desktop/ECE/10th_Semester/Architecture_of_Parallel_Systems/Project/BranchPredictionAI/C_Implementation/BranchPredictionAI/hls_config.cfg(15) 
INFO: [HLS 200-1465] Applying ini 'clock=10ns' from /home/gkapakos/Desktop/ECE/10th_Semester/Architecture_of_Parallel_Systems/Project/BranchPredictionAI/C_Implementation/BranchPredictionAI/hls_config.cfg(15)
Execute     create_clock -period 10ns 
Execute       ap_set_clock -name default -period 10 -unit ns -default=false 
INFO: [SYN 201-201] Setting up clock 'default' with a period of 10ns.
Execute     send_msg_by_id INFO @200-1465@%s 'clock_uncertainty=2ns' from /home/gkapakos/Desktop/ECE/10th_Semester/Architecture_of_Parallel_Systems/Project/BranchPredictionAI/C_Implementation/BranchPredictionAI/hls_config.cfg(16) 
INFO: [HLS 200-1465] Applying ini 'clock_uncertainty=2ns' from /home/gkapakos/Desktop/ECE/10th_Semester/Architecture_of_Parallel_Systems/Project/BranchPredictionAI/C_Implementation/BranchPredictionAI/hls_config.cfg(16)
Execute     set_clock_uncertainty 2ns 
Execute       ap_set_clock -name default -uncertainty 2 -unit ns 
INFO: [SYN 201-201] Setting up clock 'default' with an uncertainty of 2ns.
Execute     send_msg_by_id INFO @200-1465@%s 'package.output.format=ip_catalog' from /home/gkapakos/Desktop/ECE/10th_Semester/Architecture_of_Parallel_Systems/Project/BranchPredictionAI/C_Implementation/BranchPredictionAI/hls_config.cfg(5) 
INFO: [HLS 200-1465] Applying ini 'package.output.format=ip_catalog' from /home/gkapakos/Desktop/ECE/10th_Semester/Architecture_of_Parallel_Systems/Project/BranchPredictionAI/C_Implementation/BranchPredictionAI/hls_config.cfg(5)
Execute     config_export -format=ip_catalog 
Command   apply_ini done; 0.62 sec.
Execute   apply_ini /home/gkapakos/Desktop/ECE/10th_Semester/Architecture_of_Parallel_Systems/Project/BranchPredictionAI/C_Implementation/BranchPredictionAI/run_model/hls/config.cmdline 
Execute   ::AP::init_summary_file csynth 
Execute     AP::app_get_file_relativeroot [AP::app_get_root] {}
Execute   csynth_design 
INFO-FLOW: Running SLX 'csynth' proc: ::SLX::run_csynth
Execute     elaborate -effort=medium -skip_syncheck=0 -keep_printf=0 -skip_cdt=0 -skip_transform=0 -ng=0 -g=0 -opt_fp=0 -from_csynth_design=1 
INFO: [HLS 200-111] Finished File checks and directory preparation: CPU user time: 2.92 seconds. CPU system time: 0.22 seconds. Elapsed time: 2.92 seconds; current allocated memory: 233.789 MB.
Execute       set_directive_top run_model -name=run_model 
Execute       source /tools/Xilinx/Vitis/2024.2/tps/tcl/tcllib1.11.1/yaml/huddle.tcl 
Execute       source /tools/Xilinx/Vitis/2024.2/tps/tcl/tcllib1.11.1/yaml/json2huddle.tcl 
INFO: [HLS 200-10] Analyzing design file '../main_5_slices.cpp' ... 
INFO-FLOW: Compiling one TU...
INFO-FLOW: Handling ../main_5_slices.cpp as C++
Execute       ap_part_info -name xc7z020-clg400-3 -data info 
INFO-FLOW: Running: GCC PP 39
INFO-FLOW: Source preprocessing
INFO-FLOW: run_clang exec: /tools/Xilinx/Vitis/2024.2/lnx64/tools/clang-3.9-csynth/bin/clang ../main_5_slices.cpp -foptimization-record-file=/home/gkapakos/Desktop/ECE/10th_Semester/Architecture_of_Parallel_Systems/Project/BranchPredictionAI/C_Implementation/BranchPredictionAI/run_model/hls/.autopilot/db/main_5_slices.cpp.clang.diag.yml -mllvm -pass-remarks-missed=reflow|pasta|unroll|inline -mllvm -pass-remarks=reflow|pasta|unroll|inline -fno-limit-debug-info --gcc-toolchain=/tools/Xilinx/Vivado/2024.2/tps/lnx64/gcc-8.3.0 -fhls -fno-exceptions -insert-hls-directive=/home/gkapakos/Desktop/ECE/10th_Semester/Architecture_of_Parallel_Systems/Project/BranchPredictionAI/C_Implementation/BranchPredictionAI/run_model/hls/.autopilot/db/all.directive.json -E -fno-math-errno -c -emit-llvm -mllvm -disable-llvm-optzns -Werror=implicit-function-declaration -Werror=implicit-hls-streams -Werror=return-type -Wpragmas -Wunused-parameter -Wdump-hls-pragmas -Wno-error=dump-hls-pragmas -hls-clock-period=10 -fno-threadsafe-statics -fno-use-cxa-atexit -std=gnu++14 -target fpga64-xilinx-linux-gnu -fno-threadsafe-statics -fno-use-cxa-atexit -D__VITIS_HLS__ -DAESL_SYN -D__SYNTHESIS__ -D__HLS_SYN__ -I /tools/Xilinx/Vitis/2024.2/common/technology/autopilot -I /tools/Xilinx/Vitis/2024.2/common/technology/autopilot/ap_sysc -include etc/autopilot_ssdm_op.h -D__DSP48E1__ -I /usr/include/x86_64-linux-gnu -o /home/gkapakos/Desktop/ECE/10th_Semester/Architecture_of_Parallel_Systems/Project/BranchPredictionAI/C_Implementation/BranchPredictionAI/run_model/hls/.autopilot/db/main_5_slices.pp.0.cpp -hls-platform-db-name=/tools/Xilinx/Vitis/2024.2/common/technology/xilinx/common/platform.db -hls-platform-name=zynq_fast -device-resource-info=BRAM_280.000000_DSP_220.000000_FF_106400.000000_LUT_53200.000000_SLICE_13300.000000_URAM_0.000000 -device-name-info=xc7z020clg400-3 > /home/gkapakos/Desktop/ECE/10th_Semester/Architecture_of_Parallel_Systems/Project/BranchPredictionAI/C_Implementation/BranchPredictionAI/run_model/hls/.autopilot/db/main_5_slices.cpp.clang.out.log 2> /home/gkapakos/Desktop/ECE/10th_Semester/Architecture_of_Parallel_Systems/Project/BranchPredictionAI/C_Implementation/BranchPredictionAI/run_model/hls/.autopilot/db/main_5_slices.cpp.clang.err.log
INFO-FLOW: Done: GCC PP 39 time: 0.2 seconds per iteration
INFO-FLOW: Source syntax check for synthesis
INFO-FLOW: run_clang exec: /tools/Xilinx/Vitis/2024.2/lnx64/tools/clang-3.9-csynth/bin/clang -foptimization-record-file=/home/gkapakos/Desktop/ECE/10th_Semester/Architecture_of_Parallel_Systems/Project/BranchPredictionAI/C_Implementation/BranchPredictionAI/run_model/hls/.autopilot/db/clang.diag.yml -mllvm -pass-remarks-missed=reflow|pasta|unroll|inline -mllvm -pass-remarks=reflow|pasta|unroll|inline -fsyntax-only -fhls -target fpga64-xilinx-linux-gnu /home/gkapakos/Desktop/ECE/10th_Semester/Architecture_of_Parallel_Systems/Project/BranchPredictionAI/C_Implementation/BranchPredictionAI/run_model/hls/.autopilot/db/main_5_slices.pp.0.cpp -hls-platform-db-name=/tools/Xilinx/Vitis/2024.2/common/technology/xilinx/common/platform.db -hls-platform-name=zynq_fast -device-resource-info=BRAM_280.000000_DSP_220.000000_FF_106400.000000_LUT_53200.000000_SLICE_13300.000000_URAM_0.000000 -device-name-info=xc7z020clg400-3 > /home/gkapakos/Desktop/ECE/10th_Semester/Architecture_of_Parallel_Systems/Project/BranchPredictionAI/C_Implementation/BranchPredictionAI/run_model/hls/.autopilot/db/clang.out.log 2> /home/gkapakos/Desktop/ECE/10th_Semester/Architecture_of_Parallel_Systems/Project/BranchPredictionAI/C_Implementation/BranchPredictionAI/run_model/hls/.autopilot/db/clang.err.log
Execute       clang_tidy xilinx-systemc-detector -desc systemc-detector /home/gkapakos/Desktop/ECE/10th_Semester/Architecture_of_Parallel_Systems/Project/BranchPredictionAI/C_Implementation/BranchPredictionAI/run_model/hls/.autopilot/db/main_5_slices.pp.0.cpp std=gnu++14 -target fpga  -directive=/home/gkapakos/Desktop/ECE/10th_Semester/Architecture_of_Parallel_Systems/Project/BranchPredictionAI/C_Implementation/BranchPredictionAI/run_model/hls/.autopilot/db/.systemc_flag 
INFO-FLOW: exec /tools/Xilinx/Vitis/2024.2/lnx64/tools/clang-3.9-csynth/bin/clang-tidy -header-filter=.* --checks=-*,xilinx-systemc-detector -import-directive=/home/gkapakos/Desktop/ECE/10th_Semester/Architecture_of_Parallel_Systems/Project/BranchPredictionAI/C_Implementation/BranchPredictionAI/run_model/hls/.autopilot/db/.systemc_flag -fix-errors /home/gkapakos/Desktop/ECE/10th_Semester/Architecture_of_Parallel_Systems/Project/BranchPredictionAI/C_Implementation/BranchPredictionAI/run_model/hls/.autopilot/db/main_5_slices.pp.0.cpp -- -std=gnu++14 -target fpga -fhls -ferror-limit=0
Command       clang_tidy done; 1.98 sec.
INFO-FLOW: Running: clang-tidy CDT preprocess 39
Execute       clang_tidy xilinx-directive2pragma -desc directive2pragma /home/gkapakos/Desktop/ECE/10th_Semester/Architecture_of_Parallel_Systems/Project/BranchPredictionAI/C_Implementation/BranchPredictionAI/run_model/hls/.autopilot/db/main_5_slices.pp.0.cpp std=gnu++14 -target fpga  -directive=/home/gkapakos/Desktop/ECE/10th_Semester/Architecture_of_Parallel_Systems/Project/BranchPredictionAI/C_Implementation/BranchPredictionAI/run_model/hls/.autopilot/db/all.directive.json 
INFO-FLOW: exec /tools/Xilinx/Vitis/2024.2/lnx64/tools/clang-3.9-csynth/bin/clang-tidy -header-filter=.* --checks=-*,xilinx-directive2pragma -import-directive=/home/gkapakos/Desktop/ECE/10th_Semester/Architecture_of_Parallel_Systems/Project/BranchPredictionAI/C_Implementation/BranchPredictionAI/run_model/hls/.autopilot/db/all.directive.json -fix-errors /home/gkapakos/Desktop/ECE/10th_Semester/Architecture_of_Parallel_Systems/Project/BranchPredictionAI/C_Implementation/BranchPredictionAI/run_model/hls/.autopilot/db/main_5_slices.pp.0.cpp -- -std=gnu++14 -target fpga -fhls -ferror-limit=0
Command       clang_tidy done; 3.49 sec.
INFO-FLOW: Done: clang-tidy CDT preprocess 39 time: 3.5 seconds per iteration
INFO-FLOW: Calling xilinx-label-all-loops ... 
INFO-FLOW: Calling xilinx-aggregate-on-hls-vector ... 
Execute       clang_tidy -errorcheck -desc loop-label xilinx-label-all-loops,xilinx-aggregate-on-hls-vector,,xilinx-warn-mayneed-no-ctor-attribute /home/gkapakos/Desktop/ECE/10th_Semester/Architecture_of_Parallel_Systems/Project/BranchPredictionAI/C_Implementation/BranchPredictionAI/run_model/hls/.autopilot/db/main_5_slices.pp.0.cpp std=gnu++14 -target fpga  
INFO-FLOW: run_clang exec: /tools/Xilinx/Vitis/2024.2/lnx64/tools/clang-3.9-csynth/bin/clang-tidy -export-fixes=/home/gkapakos/Desktop/ECE/10th_Semester/Architecture_of_Parallel_Systems/Project/BranchPredictionAI/C_Implementation/BranchPredictionAI/run_model/hls/.autopilot/db/main_5_slices.pp.0.cpp.clang-tidy.loop-label.diag.yml -header-filter=.* --checks=-*,xilinx-label-all-loops,xilinx-aggregate-on-hls-vector,,xilinx-warn-mayneed-no-ctor-attribute -fix-errors /home/gkapakos/Desktop/ECE/10th_Semester/Architecture_of_Parallel_Systems/Project/BranchPredictionAI/C_Implementation/BranchPredictionAI/run_model/hls/.autopilot/db/main_5_slices.pp.0.cpp -- -std=gnu++14 -target fpga -fhls -ferror-limit=0 > /home/gkapakos/Desktop/ECE/10th_Semester/Architecture_of_Parallel_Systems/Project/BranchPredictionAI/C_Implementation/BranchPredictionAI/run_model/hls/.autopilot/db/main_5_slices.pp.0.cpp.clang-tidy.loop-label.out.log 2> /home/gkapakos/Desktop/ECE/10th_Semester/Architecture_of_Parallel_Systems/Project/BranchPredictionAI/C_Implementation/BranchPredictionAI/run_model/hls/.autopilot/db/main_5_slices.pp.0.cpp.clang-tidy.loop-label.err.log
Execute         source /tools/Xilinx/Vitis/2024.2/tps/tcl/tcllib1.11.1/yaml/yaml.tcl 
Command       clang_tidy done; 4.81 sec.
INFO-FLOW: run_clang exec: /tools/Xilinx/Vitis/2024.2/lnx64/tools/clang-3.9-csynth/bin/xilinx-dataflow-lawyer -export-fixes=/home/gkapakos/Desktop/ECE/10th_Semester/Architecture_of_Parallel_Systems/Project/BranchPredictionAI/C_Implementation/BranchPredictionAI/run_model/hls/.autopilot/db/main_5_slices.pp.0.cpp.xilinx-dataflow-lawyer.diag.yml /home/gkapakos/Desktop/ECE/10th_Semester/Architecture_of_Parallel_Systems/Project/BranchPredictionAI/C_Implementation/BranchPredictionAI/run_model/hls/.autopilot/db/main_5_slices.pp.0.cpp -- -std=gnu++14 -target fpga -fhls -ferror-limit=0 -fstrict-dataflow > /home/gkapakos/Desktop/ECE/10th_Semester/Architecture_of_Parallel_Systems/Project/BranchPredictionAI/C_Implementation/BranchPredictionAI/run_model/hls/.autopilot/db/main_5_slices.pp.0.cpp.xilinx-dataflow-lawyer.out.log 2> /home/gkapakos/Desktop/ECE/10th_Semester/Architecture_of_Parallel_Systems/Project/BranchPredictionAI/C_Implementation/BranchPredictionAI/run_model/hls/.autopilot/db/main_5_slices.pp.0.cpp.xilinx-dataflow-lawyer.err.log
Execute       ap_part_info -name xc7z020-clg400-3 -data info 
INFO-FLOW: compiling source code to llvm bc
INFO-FLOW: run_clang exec: /tools/Xilinx/Vitis/2024.2/lnx64/tools/clang-3.9-csynth/bin/clang -foptimization-record-file=/home/gkapakos/Desktop/ECE/10th_Semester/Architecture_of_Parallel_Systems/Project/BranchPredictionAI/C_Implementation/BranchPredictionAI/run_model/hls/.autopilot/db/main_5_slices.pp.0.cpp.clang.diag.yml -mllvm -pass-remarks-missed=reflow|pasta|unroll|inline -mllvm -pass-remarks=reflow|pasta|unroll|inline -fno-limit-debug-info -fhls -flto -fno-exceptions -Wno-error=c++11-narrowing -hls-emit-hint-scope /home/gkapakos/Desktop/ECE/10th_Semester/Architecture_of_Parallel_Systems/Project/BranchPredictionAI/C_Implementation/BranchPredictionAI/run_model/hls/.autopilot/db/main_5_slices.pp.0.cpp -fno-math-errno -c -emit-llvm -mllvm -disable-llvm-optzns -Werror=implicit-function-declaration -Werror=implicit-hls-streams -Werror=return-type -Wpragmas -Wunused-parameter -Wdump-hls-pragmas -Wno-error=dump-hls-pragmas -hls-clock-period=10 -fno-threadsafe-statics -fno-use-cxa-atexit -std=gnu++14 -target fpga64-xilinx-linux-gnu -D__VITIS_HLS__ -DAESL_SYN -D__SYNTHESIS__ -D__HLS_SYN__ -I /tools/Xilinx/Vitis/2024.2/common/technology/autopilot -I /tools/Xilinx/Vitis/2024.2/common/technology/autopilot/ap_sysc -include etc/autopilot_ssdm_op.h -D__DSP48E1__ -g -o /home/gkapakos/Desktop/ECE/10th_Semester/Architecture_of_Parallel_Systems/Project/BranchPredictionAI/C_Implementation/BranchPredictionAI/run_model/hls/.autopilot/db/main_5_slices.bc -hls-platform-db-name=/tools/Xilinx/Vitis/2024.2/common/technology/xilinx/common/platform.db -hls-platform-name=zynq_fast -device-resource-info=BRAM_280.000000_DSP_220.000000_FF_106400.000000_LUT_53200.000000_SLICE_13300.000000_URAM_0.000000 -device-name-info=xc7z020clg400-3 > /home/gkapakos/Desktop/ECE/10th_Semester/Architecture_of_Parallel_Systems/Project/BranchPredictionAI/C_Implementation/BranchPredictionAI/run_model/hls/.autopilot/db/main_5_slices.pp.0.cpp.clang.out.log 2> /home/gkapakos/Desktop/ECE/10th_Semester/Architecture_of_Parallel_Systems/Project/BranchPredictionAI/C_Implementation/BranchPredictionAI/run_model/hls/.autopilot/db/main_5_slices.pp.0.cpp.clang.err.log
WARNING: [HLS 207-5292] unused parameter 'C' (../main_5_slices.cpp:77:9)
WARNING: [HLS 207-5292] unused parameter 'y_hat_out' (../main_5_slices.cpp:365:66)
INFO: [HLS 200-111] Finished Source Code Analysis and Preprocessing: CPU user time: 16 seconds. CPU system time: 1.09 seconds. Elapsed time: 17.14 seconds; current allocated memory: 236.277 MB.
INFO-FLOW: Linking Debug ...
INFO-FLOW: Linking dut bc code.
Execute       run_link_or_opt -out /home/gkapakos/Desktop/ECE/10th_Semester/Architecture_of_Parallel_Systems/Project/BranchPredictionAI/C_Implementation/BranchPredictionAI/run_model/hls/.autopilot/db/a.g.ld.0.bc -args  "/home/gkapakos/Desktop/ECE/10th_Semester/Architecture_of_Parallel_Systems/Project/BranchPredictionAI/C_Implementation/BranchPredictionAI/run_model/hls/.autopilot/db/main_5_slices.g.bc"  
INFO-FLOW: run_clang exec: /tools/Xilinx/Vitis/2024.2/lnx64/tools/clang-3.9-csynth/bin/llvm-link /home/gkapakos/Desktop/ECE/10th_Semester/Architecture_of_Parallel_Systems/Project/BranchPredictionAI/C_Implementation/BranchPredictionAI/run_model/hls/.autopilot/db/main_5_slices.g.bc -o /home/gkapakos/Desktop/ECE/10th_Semester/Architecture_of_Parallel_Systems/Project/BranchPredictionAI/C_Implementation/BranchPredictionAI/run_model/hls/.autopilot/db/a.g.ld.0.bc > /home/gkapakos/Desktop/ECE/10th_Semester/Architecture_of_Parallel_Systems/Project/BranchPredictionAI/C_Implementation/BranchPredictionAI/run_model/hls/.autopilot/db/a.g.ld.0.bc.llvm-link.out.log 2> /home/gkapakos/Desktop/ECE/10th_Semester/Architecture_of_Parallel_Systems/Project/BranchPredictionAI/C_Implementation/BranchPredictionAI/run_model/hls/.autopilot/db/a.g.ld.0.bc.llvm-link.err.log
Execute       run_link_or_opt -opt -out /home/gkapakos/Desktop/ECE/10th_Semester/Architecture_of_Parallel_Systems/Project/BranchPredictionAI/C_Implementation/BranchPredictionAI/run_model/hls/.autopilot/db/a.g.ld.1.lower.bc -args /home/gkapakos/Desktop/ECE/10th_Semester/Architecture_of_Parallel_Systems/Project/BranchPredictionAI/C_Implementation/BranchPredictionAI/run_model/hls/.autopilot/db/a.g.ld.0.bc -reflow-lower-math-intrinsics 
INFO-FLOW: run_clang exec: /tools/Xilinx/Vitis/2024.2/lnx64/tools/clang-3.9-csynth/bin/opt -pass-remarks-missed=reflow|pasta|unroll|inline -pass-remarks=reflow|pasta|unroll|inline -pass-remarks-output=/home/gkapakos/Desktop/ECE/10th_Semester/Architecture_of_Parallel_Systems/Project/BranchPredictionAI/C_Implementation/BranchPredictionAI/run_model/hls/.autopilot/db/a.g.ld.1.lower.bc.opt.diag.yml /home/gkapakos/Desktop/ECE/10th_Semester/Architecture_of_Parallel_Systems/Project/BranchPredictionAI/C_Implementation/BranchPredictionAI/run_model/hls/.autopilot/db/a.g.ld.0.bc -reflow-lower-math-intrinsics -o /home/gkapakos/Desktop/ECE/10th_Semester/Architecture_of_Parallel_Systems/Project/BranchPredictionAI/C_Implementation/BranchPredictionAI/run_model/hls/.autopilot/db/a.g.ld.1.lower.bc > /home/gkapakos/Desktop/ECE/10th_Semester/Architecture_of_Parallel_Systems/Project/BranchPredictionAI/C_Implementation/BranchPredictionAI/run_model/hls/.autopilot/db/a.g.ld.1.lower.bc.opt.out.log 2> /home/gkapakos/Desktop/ECE/10th_Semester/Architecture_of_Parallel_Systems/Project/BranchPredictionAI/C_Implementation/BranchPredictionAI/run_model/hls/.autopilot/db/a.g.ld.1.lower.bc.opt.err.log
INFO-FLOW: Running: gen_design_size_report post-opt
INFO-FLOW: Done: gen_design_size_report post-opt time: 0 seconds per iteration
INFO-FLOW: Linking math bc lib
Execute       run_link_or_opt -out /home/gkapakos/Desktop/ECE/10th_Semester/Architecture_of_Parallel_Systems/Project/BranchPredictionAI/C_Implementation/BranchPredictionAI/run_model/hls/.autopilot/db/a.g.ld.2.m1.bc -args /home/gkapakos/Desktop/ECE/10th_Semester/Architecture_of_Parallel_Systems/Project/BranchPredictionAI/C_Implementation/BranchPredictionAI/run_model/hls/.autopilot/db/a.g.ld.1.lower.bc -only-needed /tools/Xilinx/Vitis/2024.2/lnx64/lib/libhlsm_39.bc /tools/Xilinx/Vitis/2024.2/lnx64/lib/libhlsmc++_39.bc 
INFO-FLOW: run_clang exec: /tools/Xilinx/Vitis/2024.2/lnx64/tools/clang-3.9-csynth/bin/llvm-link /home/gkapakos/Desktop/ECE/10th_Semester/Architecture_of_Parallel_Systems/Project/BranchPredictionAI/C_Implementation/BranchPredictionAI/run_model/hls/.autopilot/db/a.g.ld.1.lower.bc -only-needed /tools/Xilinx/Vitis/2024.2/lnx64/lib/libhlsm_39.bc /tools/Xilinx/Vitis/2024.2/lnx64/lib/libhlsmc++_39.bc -o /home/gkapakos/Desktop/ECE/10th_Semester/Architecture_of_Parallel_Systems/Project/BranchPredictionAI/C_Implementation/BranchPredictionAI/run_model/hls/.autopilot/db/a.g.ld.2.m1.bc > /home/gkapakos/Desktop/ECE/10th_Semester/Architecture_of_Parallel_Systems/Project/BranchPredictionAI/C_Implementation/BranchPredictionAI/run_model/hls/.autopilot/db/a.g.ld.2.m1.bc.llvm-link.out.log 2> /home/gkapakos/Desktop/ECE/10th_Semester/Architecture_of_Parallel_Systems/Project/BranchPredictionAI/C_Implementation/BranchPredictionAI/run_model/hls/.autopilot/db/a.g.ld.2.m1.bc.llvm-link.err.log
Command       run_link_or_opt done; 1.45 sec.
Execute       run_link_or_opt -opt -out /home/gkapakos/Desktop/ECE/10th_Semester/Architecture_of_Parallel_Systems/Project/BranchPredictionAI/C_Implementation/BranchPredictionAI/run_model/hls/.autopilot/db/a.g.ld.3.fpc.bc -args /home/gkapakos/Desktop/ECE/10th_Semester/Architecture_of_Parallel_Systems/Project/BranchPredictionAI/C_Implementation/BranchPredictionAI/run_model/hls/.autopilot/db/a.g.ld.2.m1.bc -reflow-globaldce -hls-top-function-name=run_model -reflow-float-conversion 
INFO-FLOW: run_clang exec: /tools/Xilinx/Vitis/2024.2/lnx64/tools/clang-3.9-csynth/bin/opt -pass-remarks-missed=reflow|pasta|unroll|inline -pass-remarks=reflow|pasta|unroll|inline -pass-remarks-output=/home/gkapakos/Desktop/ECE/10th_Semester/Architecture_of_Parallel_Systems/Project/BranchPredictionAI/C_Implementation/BranchPredictionAI/run_model/hls/.autopilot/db/a.g.ld.3.fpc.bc.opt.diag.yml /home/gkapakos/Desktop/ECE/10th_Semester/Architecture_of_Parallel_Systems/Project/BranchPredictionAI/C_Implementation/BranchPredictionAI/run_model/hls/.autopilot/db/a.g.ld.2.m1.bc -reflow-globaldce -hls-top-function-name=run_model -reflow-float-conversion -o /home/gkapakos/Desktop/ECE/10th_Semester/Architecture_of_Parallel_Systems/Project/BranchPredictionAI/C_Implementation/BranchPredictionAI/run_model/hls/.autopilot/db/a.g.ld.3.fpc.bc > /home/gkapakos/Desktop/ECE/10th_Semester/Architecture_of_Parallel_Systems/Project/BranchPredictionAI/C_Implementation/BranchPredictionAI/run_model/hls/.autopilot/db/a.g.ld.3.fpc.bc.opt.out.log 2> /home/gkapakos/Desktop/ECE/10th_Semester/Architecture_of_Parallel_Systems/Project/BranchPredictionAI/C_Implementation/BranchPredictionAI/run_model/hls/.autopilot/db/a.g.ld.3.fpc.bc.opt.err.log
INFO-FLOW: Running: gen_design_size_report post-opt
INFO-FLOW: Done: gen_design_size_report post-opt time: 0 seconds per iteration
Command       run_link_or_opt done; 0.58 sec.
Execute       run_link_or_opt -out /home/gkapakos/Desktop/ECE/10th_Semester/Architecture_of_Parallel_Systems/Project/BranchPredictionAI/C_Implementation/BranchPredictionAI/run_model/hls/.autopilot/db/a.g.ld.4.m2.bc -args /home/gkapakos/Desktop/ECE/10th_Semester/Architecture_of_Parallel_Systems/Project/BranchPredictionAI/C_Implementation/BranchPredictionAI/run_model/hls/.autopilot/db/a.g.ld.3.fpc.bc -only-needed /tools/Xilinx/Vitis/2024.2/lnx64/lib/libfloatconversion_39.bc 
INFO-FLOW: run_clang exec: /tools/Xilinx/Vitis/2024.2/lnx64/tools/clang-3.9-csynth/bin/llvm-link /home/gkapakos/Desktop/ECE/10th_Semester/Architecture_of_Parallel_Systems/Project/BranchPredictionAI/C_Implementation/BranchPredictionAI/run_model/hls/.autopilot/db/a.g.ld.3.fpc.bc -only-needed /tools/Xilinx/Vitis/2024.2/lnx64/lib/libfloatconversion_39.bc -o /home/gkapakos/Desktop/ECE/10th_Semester/Architecture_of_Parallel_Systems/Project/BranchPredictionAI/C_Implementation/BranchPredictionAI/run_model/hls/.autopilot/db/a.g.ld.4.m2.bc > /home/gkapakos/Desktop/ECE/10th_Semester/Architecture_of_Parallel_Systems/Project/BranchPredictionAI/C_Implementation/BranchPredictionAI/run_model/hls/.autopilot/db/a.g.ld.4.m2.bc.llvm-link.out.log 2> /home/gkapakos/Desktop/ECE/10th_Semester/Architecture_of_Parallel_Systems/Project/BranchPredictionAI/C_Implementation/BranchPredictionAI/run_model/hls/.autopilot/db/a.g.ld.4.m2.bc.llvm-link.err.log
Execute       run_link_or_opt -opt -out /home/gkapakos/Desktop/ECE/10th_Semester/Architecture_of_Parallel_Systems/Project/BranchPredictionAI/C_Implementation/BranchPredictionAI/run_model/hls/.autopilot/db/a.g.ld.5.gdce.bc -args /home/gkapakos/Desktop/ECE/10th_Semester/Architecture_of_Parallel_Systems/Project/BranchPredictionAI/C_Implementation/BranchPredictionAI/run_model/hls/.autopilot/db/a.g.ld.4.m2.bc -reflow-globaldce -hls-top-function-name=run_model 
INFO-FLOW: run_clang exec: /tools/Xilinx/Vitis/2024.2/lnx64/tools/clang-3.9-csynth/bin/opt -pass-remarks-missed=reflow|pasta|unroll|inline -pass-remarks=reflow|pasta|unroll|inline -pass-remarks-output=/home/gkapakos/Desktop/ECE/10th_Semester/Architecture_of_Parallel_Systems/Project/BranchPredictionAI/C_Implementation/BranchPredictionAI/run_model/hls/.autopilot/db/a.g.ld.5.gdce.bc.opt.diag.yml /home/gkapakos/Desktop/ECE/10th_Semester/Architecture_of_Parallel_Systems/Project/BranchPredictionAI/C_Implementation/BranchPredictionAI/run_model/hls/.autopilot/db/a.g.ld.4.m2.bc -reflow-globaldce -hls-top-function-name=run_model -o /home/gkapakos/Desktop/ECE/10th_Semester/Architecture_of_Parallel_Systems/Project/BranchPredictionAI/C_Implementation/BranchPredictionAI/run_model/hls/.autopilot/db/a.g.ld.5.gdce.bc > /home/gkapakos/Desktop/ECE/10th_Semester/Architecture_of_Parallel_Systems/Project/BranchPredictionAI/C_Implementation/BranchPredictionAI/run_model/hls/.autopilot/db/a.g.ld.5.gdce.bc.opt.out.log 2> /home/gkapakos/Desktop/ECE/10th_Semester/Architecture_of_Parallel_Systems/Project/BranchPredictionAI/C_Implementation/BranchPredictionAI/run_model/hls/.autopilot/db/a.g.ld.5.gdce.bc.opt.err.log
INFO-FLOW: Running: gen_design_size_report post-opt
INFO-FLOW: Done: gen_design_size_report post-opt time: 0 seconds per iteration
Execute       send_msg_by_id INFO @200-777@%s Vivado 
INFO: [HLS 200-777] Using interface defaults for 'Vivado' flow target.
Execute       is_m_axi_addr64 
INFO-FLOW: Doing LTO.
INFO-FLOW: run_clang (background poll_ms 5000) exec: /tools/Xilinx/Vitis/2024.2/lnx64/tools/clang-3.9-csynth/bin/clang -foptimization-record-file=/home/gkapakos/Desktop/ECE/10th_Semester/Architecture_of_Parallel_Systems/Project/BranchPredictionAI/C_Implementation/BranchPredictionAI/run_model/hls/.autopilot/db/a.g.ld.0.bc.clang.reflow.diag.yml -mllvm -pass-remarks-missed=reflow|pasta|unroll|inline -mllvm -pass-remarks=reflow|pasta|unroll|inline -fhls -mllvm -hls-top-function-name=run_model -mllvm -hls-db-dir -mllvm /home/gkapakos/Desktop/ECE/10th_Semester/Architecture_of_Parallel_Systems/Project/BranchPredictionAI/C_Implementation/BranchPredictionAI/run_model/hls/.autopilot/db -emit-llvm -c -target fpga64-xilinx-none -mllvm -xcl-xmlinfo=/home/gkapakos/Desktop/ECE/10th_Semester/Architecture_of_Parallel_Systems/Project/BranchPredictionAI/C_Implementation/BranchPredictionAI/run_model/hls/.autopilot/db/kernel.internal.xml -mllvm -top-io-mapping-info=/home/gkapakos/Desktop/ECE/10th_Semester/Architecture_of_Parallel_Systems/Project/BranchPredictionAI/C_Implementation/BranchPredictionAI/run_model/hls/.autopilot/db/top-io-fe.xml -mllvm -hls-bitcode-version=3.1 -mllvm -reflow-enable-slave-interface-default-setting=true -mllvm -gen-kernel-xml=false -mllvm -default-maxi-offset=slave -mllvm -maxi-latency=0 -mllvm -hls-maxi-data-size-in-bits=8 -mllvm -hls-maxi-max-data-size-in-bits=1024 -mllvm -hls-max-widen-size-in-bits=0 -mllvm -xcl-kernel-max-mem-ports=0 -mllvm -maxi-read-trans=16 -mllvm -maxi-write-trans=16 -mllvm -maxi-read-burst-len=16 -mllvm -maxi-write-burst-len=16 -mllvm -reflow-enable-saxi-64bits=0 -mllvm -reflow-basic-block-instr-threshold=200000 -mllvm -reflow-auto-pipeline-threshold=64 -mllvm -reflow-enable-maxi-auto-id-channel=0 -mllvm -reflow-bdd-simplify-threshold=1048576 -mllvm -reflow-fanout-threshold=16 -mllvm -reflow-complete-threshold=4 -mllvm -reflow-array-promotion-threshold=64 -mllvm -assume-maxi-align=1 -mllvm -reflow-enable-dataflow-strict-mode-checking=1 -ftime-report -mllvm -time-passes -mllvm -reflow-auto-array-partition-mode=default -mllvm -reflow-enable-auto-small-array-partition=true -mllvm -reflow-enable-auto-array-promotion=true -mllvm -reflow-enable-auto-array-partition-for-flatten=true -mllvm -reflow-enable-auto-parallel-performance-driven=true -mllvm -reflow-enable-partition-for-automation=true -mllvm -reflow-aggregate-bitwidth-threshold=4096 -mllvm -reflow-reserved-saxilite-registers=0 -mllvm -enable-reflow-auto-loop-pipeline -mllvm -reflow-max-unroll-threshold=409600 -mllvm -auto-unroll-tripcount-threshold=0 -mllvm -reflow-assume-no-address-wrap=true -mllvm -reflow-enable-occurrence-inference=true -mllvm -reflow-emit-hint-scope=true -mllvm -reflow-enable-codegen-with-if=true -mllvm -reflow-enable-dataflow-canon=true -mllvm -reflow-enable-dataflow-canon2=true -mllvm -hls -mllvm -disable-inlined-alloca-merging=true -mllvm -default-clock-period=10 -mllvm -use_read_first_ram_in_loop=1 -mllvm -default-clock-uncertainty=2 -x ir /home/gkapakos/Desktop/ECE/10th_Semester/Architecture_of_Parallel_Systems/Project/BranchPredictionAI/C_Implementation/BranchPredictionAI/run_model/hls/.autopilot/db/a.g.ld.5.gdce.bc -o /home/gkapakos/Desktop/ECE/10th_Semester/Architecture_of_Parallel_Systems/Project/BranchPredictionAI/C_Implementation/BranchPredictionAI/run_model/hls/.autopilot/db/a.g.lto.bc -hls-platform-db-name=/tools/Xilinx/Vitis/2024.2/common/technology/xilinx/common/platform.db -hls-platform-name=zynq_fast -device-resource-info=BRAM_280.000000_DSP_220.000000_FF_106400.000000_LUT_53200.000000_SLICE_13300.000000_URAM_0.000000 -device-name-info=xc7z020clg400-3 2> /home/gkapakos/Desktop/ECE/10th_Semester/Architecture_of_Parallel_Systems/Project/BranchPredictionAI/C_Implementation/BranchPredictionAI/run_model/hls/.autopilot/db/a.g.ld.0.bc.clang.reflow.err.log bg_poll_cmd: ::AP::poll_clang_39_closed_source
Execute       send_msg_by_id INFO @200-1995@%s%s%s 2,947 Compile/Link /home/gkapakos/Desktop/ECE/10th_Semester/Architecture_of_Parallel_Systems/Project/BranchPredictionAI/C_Implementation/BranchPredictionAI/run_model/hls/syn/report/csynth_design_size.rpt 
INFO: [HLS 200-1995] There were 2,947 instructions in the design after the 'Compile/Link' phase of compilation. See the Design Size Report for more details: /home/gkapakos/Desktop/ECE/10th_Semester/Architecture_of_Parallel_Systems/Project/BranchPredictionAI/C_Implementation/BranchPredictionAI/run_model/hls/syn/report/csynth_design_size.rpt
Execute       send_msg_by_id INFO @200-1995@%s%s%s 2,061 Unroll/Inline (step 1) /home/gkapakos/Desktop/ECE/10th_Semester/Architecture_of_Parallel_Systems/Project/BranchPredictionAI/C_Implementation/BranchPredictionAI/run_model/hls/syn/report/csynth_design_size.rpt 
INFO: [HLS 200-1995] There were 2,061 instructions in the design after the 'Unroll/Inline (step 1)' phase of compilation. See the Design Size Report for more details: /home/gkapakos/Desktop/ECE/10th_Semester/Architecture_of_Parallel_Systems/Project/BranchPredictionAI/C_Implementation/BranchPredictionAI/run_model/hls/syn/report/csynth_design_size.rpt
Execute       send_msg_by_id INFO @200-1995@%s%s%s 1,771 Unroll/Inline (step 2) /home/gkapakos/Desktop/ECE/10th_Semester/Architecture_of_Parallel_Systems/Project/BranchPredictionAI/C_Implementation/BranchPredictionAI/run_model/hls/syn/report/csynth_design_size.rpt 
INFO: [HLS 200-1995] There were 1,771 instructions in the design after the 'Unroll/Inline (step 2)' phase of compilation. See the Design Size Report for more details: /home/gkapakos/Desktop/ECE/10th_Semester/Architecture_of_Parallel_Systems/Project/BranchPredictionAI/C_Implementation/BranchPredictionAI/run_model/hls/syn/report/csynth_design_size.rpt
Execute       send_msg_by_id INFO @200-1995@%s%s%s 1,666 Unroll/Inline (step 3) /home/gkapakos/Desktop/ECE/10th_Semester/Architecture_of_Parallel_Systems/Project/BranchPredictionAI/C_Implementation/BranchPredictionAI/run_model/hls/syn/report/csynth_design_size.rpt 
INFO: [HLS 200-1995] There were 1,666 instructions in the design after the 'Unroll/Inline (step 3)' phase of compilation. See the Design Size Report for more details: /home/gkapakos/Desktop/ECE/10th_Semester/Architecture_of_Parallel_Systems/Project/BranchPredictionAI/C_Implementation/BranchPredictionAI/run_model/hls/syn/report/csynth_design_size.rpt
Execute       send_msg_by_id INFO @200-1995@%s%s%s 1,666 Unroll/Inline (step 4) /home/gkapakos/Desktop/ECE/10th_Semester/Architecture_of_Parallel_Systems/Project/BranchPredictionAI/C_Implementation/BranchPredictionAI/run_model/hls/syn/report/csynth_design_size.rpt 
INFO: [HLS 200-1995] There were 1,666 instructions in the design after the 'Unroll/Inline (step 4)' phase of compilation. See the Design Size Report for more details: /home/gkapakos/Desktop/ECE/10th_Semester/Architecture_of_Parallel_Systems/Project/BranchPredictionAI/C_Implementation/BranchPredictionAI/run_model/hls/syn/report/csynth_design_size.rpt
Execute       send_msg_by_id INFO @200-1995@%s%s%s 5,485 Array/Struct (step 1) /home/gkapakos/Desktop/ECE/10th_Semester/Architecture_of_Parallel_Systems/Project/BranchPredictionAI/C_Implementation/BranchPredictionAI/run_model/hls/syn/report/csynth_design_size.rpt 
INFO: [HLS 200-1995] There were 5,485 instructions in the design after the 'Array/Struct (step 1)' phase of compilation. See the Design Size Report for more details: /home/gkapakos/Desktop/ECE/10th_Semester/Architecture_of_Parallel_Systems/Project/BranchPredictionAI/C_Implementation/BranchPredictionAI/run_model/hls/syn/report/csynth_design_size.rpt
Execute       send_msg_by_id INFO @200-1995@%s%s%s 4,557 Array/Struct (step 2) /home/gkapakos/Desktop/ECE/10th_Semester/Architecture_of_Parallel_Systems/Project/BranchPredictionAI/C_Implementation/BranchPredictionAI/run_model/hls/syn/report/csynth_design_size.rpt 
INFO: [HLS 200-1995] There were 4,557 instructions in the design after the 'Array/Struct (step 2)' phase of compilation. See the Design Size Report for more details: /home/gkapakos/Desktop/ECE/10th_Semester/Architecture_of_Parallel_Systems/Project/BranchPredictionAI/C_Implementation/BranchPredictionAI/run_model/hls/syn/report/csynth_design_size.rpt
Execute       send_msg_by_id INFO @200-1995@%s%s%s 4,557 Array/Struct (step 3) /home/gkapakos/Desktop/ECE/10th_Semester/Architecture_of_Parallel_Systems/Project/BranchPredictionAI/C_Implementation/BranchPredictionAI/run_model/hls/syn/report/csynth_design_size.rpt 
INFO: [HLS 200-1995] There were 4,557 instructions in the design after the 'Array/Struct (step 3)' phase of compilation. See the Design Size Report for more details: /home/gkapakos/Desktop/ECE/10th_Semester/Architecture_of_Parallel_Systems/Project/BranchPredictionAI/C_Implementation/BranchPredictionAI/run_model/hls/syn/report/csynth_design_size.rpt
Execute       send_msg_by_id INFO @200-1995@%s%s%s 4,557 Array/Struct (step 4) /home/gkapakos/Desktop/ECE/10th_Semester/Architecture_of_Parallel_Systems/Project/BranchPredictionAI/C_Implementation/BranchPredictionAI/run_model/hls/syn/report/csynth_design_size.rpt 
INFO: [HLS 200-1995] There were 4,557 instructions in the design after the 'Array/Struct (step 4)' phase of compilation. See the Design Size Report for more details: /home/gkapakos/Desktop/ECE/10th_Semester/Architecture_of_Parallel_Systems/Project/BranchPredictionAI/C_Implementation/BranchPredictionAI/run_model/hls/syn/report/csynth_design_size.rpt
Execute       send_msg_by_id INFO @200-1995@%s%s%s 5,316 Array/Struct (step 5) /home/gkapakos/Desktop/ECE/10th_Semester/Architecture_of_Parallel_Systems/Project/BranchPredictionAI/C_Implementation/BranchPredictionAI/run_model/hls/syn/report/csynth_design_size.rpt 
INFO: [HLS 200-1995] There were 5,316 instructions in the design after the 'Array/Struct (step 5)' phase of compilation. See the Design Size Report for more details: /home/gkapakos/Desktop/ECE/10th_Semester/Architecture_of_Parallel_Systems/Project/BranchPredictionAI/C_Implementation/BranchPredictionAI/run_model/hls/syn/report/csynth_design_size.rpt
Execute       send_msg_by_id INFO @200-1995@%s%s%s 4,160 Performance (step 1) /home/gkapakos/Desktop/ECE/10th_Semester/Architecture_of_Parallel_Systems/Project/BranchPredictionAI/C_Implementation/BranchPredictionAI/run_model/hls/syn/report/csynth_design_size.rpt 
INFO: [HLS 200-1995] There were 4,160 instructions in the design after the 'Performance (step 1)' phase of compilation. See the Design Size Report for more details: /home/gkapakos/Desktop/ECE/10th_Semester/Architecture_of_Parallel_Systems/Project/BranchPredictionAI/C_Implementation/BranchPredictionAI/run_model/hls/syn/report/csynth_design_size.rpt
Execute       send_msg_by_id INFO @200-1995@%s%s%s 3,777 Performance (step 2) /home/gkapakos/Desktop/ECE/10th_Semester/Architecture_of_Parallel_Systems/Project/BranchPredictionAI/C_Implementation/BranchPredictionAI/run_model/hls/syn/report/csynth_design_size.rpt 
INFO: [HLS 200-1995] There were 3,777 instructions in the design after the 'Performance (step 2)' phase of compilation. See the Design Size Report for more details: /home/gkapakos/Desktop/ECE/10th_Semester/Architecture_of_Parallel_Systems/Project/BranchPredictionAI/C_Implementation/BranchPredictionAI/run_model/hls/syn/report/csynth_design_size.rpt
Execute       send_msg_by_id INFO @200-1995@%s%s%s 4,621 Performance (step 3) /home/gkapakos/Desktop/ECE/10th_Semester/Architecture_of_Parallel_Systems/Project/BranchPredictionAI/C_Implementation/BranchPredictionAI/run_model/hls/syn/report/csynth_design_size.rpt 
INFO: [HLS 200-1995] There were 4,621 instructions in the design after the 'Performance (step 3)' phase of compilation. See the Design Size Report for more details: /home/gkapakos/Desktop/ECE/10th_Semester/Architecture_of_Parallel_Systems/Project/BranchPredictionAI/C_Implementation/BranchPredictionAI/run_model/hls/syn/report/csynth_design_size.rpt
Execute       send_msg_by_id INFO @200-1995@%s%s%s 4,531 Performance (step 4) /home/gkapakos/Desktop/ECE/10th_Semester/Architecture_of_Parallel_Systems/Project/BranchPredictionAI/C_Implementation/BranchPredictionAI/run_model/hls/syn/report/csynth_design_size.rpt 
INFO: [HLS 200-1995] There were 4,531 instructions in the design after the 'Performance (step 4)' phase of compilation. See the Design Size Report for more details: /home/gkapakos/Desktop/ECE/10th_Semester/Architecture_of_Parallel_Systems/Project/BranchPredictionAI/C_Implementation/BranchPredictionAI/run_model/hls/syn/report/csynth_design_size.rpt
Execute       send_msg_by_id INFO @200-1995@%s%s%s 4,521 HW Transforms (step 1) /home/gkapakos/Desktop/ECE/10th_Semester/Architecture_of_Parallel_Systems/Project/BranchPredictionAI/C_Implementation/BranchPredictionAI/run_model/hls/syn/report/csynth_design_size.rpt 
INFO: [HLS 200-1995] There were 4,521 instructions in the design after the 'HW Transforms (step 1)' phase of compilation. See the Design Size Report for more details: /home/gkapakos/Desktop/ECE/10th_Semester/Architecture_of_Parallel_Systems/Project/BranchPredictionAI/C_Implementation/BranchPredictionAI/run_model/hls/syn/report/csynth_design_size.rpt
Execute       send_msg_by_id INFO @200-1995@%s%s%s 4,393 HW Transforms (step 2) /home/gkapakos/Desktop/ECE/10th_Semester/Architecture_of_Parallel_Systems/Project/BranchPredictionAI/C_Implementation/BranchPredictionAI/run_model/hls/syn/report/csynth_design_size.rpt 
INFO: [HLS 200-1995] There were 4,393 instructions in the design after the 'HW Transforms (step 2)' phase of compilation. See the Design Size Report for more details: /home/gkapakos/Desktop/ECE/10th_Semester/Architecture_of_Parallel_Systems/Project/BranchPredictionAI/C_Implementation/BranchPredictionAI/run_model/hls/syn/report/csynth_design_size.rpt
INFO: [HLS 214-131] Inlining function 'reluf(half)' into 'conv_bn_act_pool(half const*, int, half const*, int, half const*, int, half const*, half const*, half const*, half const*, half, act_t, int, half*)' (../main_5_slices.cpp:122:35)
INFO: [HLS 214-131] Inlining function 'sigmoidf(half)' into 'conv_bn_act_pool(half const*, int, half const*, int, half const*, int, half const*, half const*, half const*, half const*, half, act_t, int, half*)' (../main_5_slices.cpp:122:79)
INFO: [HLS 214-131] Inlining function 'tanhf_fast(half)' into 'conv_bn_act_pool(half const*, int, half const*, int, half const*, int, half const*, half const*, half const*, half const*, half, act_t, int, half*)' (../main_5_slices.cpp:122:63)
INFO: [HLS 214-131] Inlining function 'tanhf_fast(half)' into 'lstm_forward_unidir(half const*, int, int, half const*, half const*, half const*, half*, half*)' (../main_5_slices.cpp:187:22)
INFO: [HLS 214-131] Inlining function 'bn_vector(half*, int, half const*, half const*, half const*, half const*, half)' into 'run_all_slices_unrolled(half*)' (../main_5_slices.cpp:302:9)
INFO: [HLS 214-131] Inlining function 'tanhf_fast(half)' into 'run_all_slices_unrolled(half*)' (../main_5_slices.cpp:360:26)
INFO: [HLS 214-131] Inlining function 'bn_vector(half*, int, half const*, half const*, half const*, half const*, half)' into 'run_model(half*)' (../main_5_slices.cpp:376:5)
INFO: [HLS 214-131] Inlining function 'reluf(half)' into 'run_model(half*)' (../main_5_slices.cpp:377:49)
INFO: [HLS 214-188] Unrolling loop 'Loop4Big' (../main_5_slices.cpp:115:27) in function 'conv_bn_act_pool' partially with a factor of 2 (../main_5_slices.cpp:79:0)
INFO: [HLS 214-248] Applying array_partition to 'LSTM_b_ifog4': Complete partitioning on dimension 1. (../slice4_weights.h:18349:0)
INFO: [HLS 214-248] Applying array_partition to 'BN1_var4': Complete partitioning on dimension 1. (../slice4_weights.h:17315:0)
INFO: [HLS 214-248] Applying array_partition to 'BN1_mean4': Complete partitioning on dimension 1. (../slice4_weights.h:17309:0)
INFO: [HLS 214-248] Applying array_partition to 'BN1_beta4': Complete partitioning on dimension 1. (../slice4_weights.h:17303:0)
INFO: [HLS 214-248] Applying array_partition to 'BN1_gamma4': Complete partitioning on dimension 1. (../slice4_weights.h:17297:0)
INFO: [HLS 214-248] Applying array_partition to 'LSTM_b_ifog3': Complete partitioning on dimension 1. (../slice3_weights.h:18349:0)
INFO: [HLS 214-248] Applying array_partition to 'BN1_var3': Complete partitioning on dimension 1. (../slice3_weights.h:17315:0)
INFO: [HLS 214-248] Applying array_partition to 'BN1_mean3': Complete partitioning on dimension 1. (../slice3_weights.h:17309:0)
INFO: [HLS 214-248] Applying array_partition to 'BN1_beta3': Complete partitioning on dimension 1. (../slice3_weights.h:17303:0)
INFO: [HLS 214-248] Applying array_partition to 'BN1_gamma3': Complete partitioning on dimension 1. (../slice3_weights.h:17297:0)
INFO: [HLS 214-248] Applying array_partition to 'LSTM_b_ifog2': Complete partitioning on dimension 1. (../slice2_weights.h:18349:0)
INFO: [HLS 214-248] Applying array_partition to 'BN1_var2': Complete partitioning on dimension 1. (../slice2_weights.h:17315:0)
INFO: [HLS 214-248] Applying array_partition to 'BN1_mean2': Complete partitioning on dimension 1. (../slice2_weights.h:17309:0)
INFO: [HLS 214-248] Applying array_partition to 'BN1_beta2': Complete partitioning on dimension 1. (../slice2_weights.h:17303:0)
INFO: [HLS 214-248] Applying array_partition to 'BN1_gamma2': Complete partitioning on dimension 1. (../slice2_weights.h:17297:0)
INFO: [HLS 214-248] Applying array_partition to 'LSTM_b_ifog1': Complete partitioning on dimension 1. (../slice1_weights.h:18349:0)
INFO: [HLS 214-248] Applying array_partition to 'BN1_var1': Complete partitioning on dimension 1. (../slice1_weights.h:17315:0)
INFO: [HLS 214-248] Applying array_partition to 'BN1_mean1': Complete partitioning on dimension 1. (../slice1_weights.h:17309:0)
INFO: [HLS 214-248] Applying array_partition to 'BN1_beta1': Complete partitioning on dimension 1. (../slice1_weights.h:17303:0)
INFO: [HLS 214-248] Applying array_partition to 'BN1_gamma1': Complete partitioning on dimension 1. (../slice1_weights.h:17297:0)
INFO: [HLS 214-248] Applying array_partition to 'LSTM_b_ifog0': Complete partitioning on dimension 1. (../slice0_weights.h:18349:0)
INFO: [HLS 214-248] Applying array_partition to 'a_bn': Complete partitioning on dimension 1. (../main_5_slices.cpp:84:10)
INFO: [HLS 214-248] Applying array_partition to 'b_bn': Complete partitioning on dimension 1. (../main_5_slices.cpp:84:19)
INFO: [HLS 214-248] Applying array_partition to 'pool_acc': Complete partitioning on dimension 1. (../main_5_slices.cpp:98:10)
INFO: [HLS 214-376] automatically set the pipeline for Loop< InnerLoopDense> at ../main_5_slices.cpp:212:25 
INFO: [HLS 214-376] automatically set the pipeline for Loop< Loop4Big> at ../main_5_slices.cpp:115:27 
INFO: [HLS 214-376] automatically set the pipeline for Loop< MergedLoop> at ../main_5_slices.cpp:290:17 
INFO: [HLS 214-376] automatically set the pipeline for Loop< MergedLoop0> at ../main_5_slices.cpp:303:22 
INFO: [HLS 214-376] automatically set the pipeline for Loop< MergedLoop1> at ../main_5_slices.cpp:317:22 
INFO: [HLS 214-376] automatically set the pipeline for Loop< MergedLoop2> at ../main_5_slices.cpp:331:22 
INFO: [HLS 214-376] automatically set the pipeline for Loop< MergedLoop3> at ../main_5_slices.cpp:345:22 
INFO: [HLS 214-376] automatically set the pipeline for Loop< MergedLoop4> at ../main_5_slices.cpp:359:22 
INFO: [HLS 214-376] automatically set the pipeline for Loop< ReLULoop1> at ../main_5_slices.cpp:377:16 
INFO: [HLS 214-376] automatically set the pipeline for Loop< ReLULoop2> at ../main_5_slices.cpp:382:16 
INFO: [HLS 214-421] Automatically partitioning small array 'y_lin' completely based on array size. (../main_5_slices.cpp:384:10)
INFO: [HLS 214-270] Inferring pragma 'array_partition type=cyclic factor=5 dim=1' for array 'z' due to pipeline pragma (../main_5_slices.cpp:183:9)
INFO: [HLS 214-270] Inferring pragma 'array_partition type=complete dim=1' for array 'y_lin' due to pipeline pragma (../main_5_slices.cpp:384:10)
INFO: [HLS 214-248] Applying array_partition to 'z': Cyclic partitioning with factor 5 on dimension 1. (../main_5_slices.cpp:150:10)
INFO: [HLS 214-248] Applying array_partition to 'y_lin': Complete partitioning on dimension 1. (../main_5_slices.cpp:384:10)
INFO-FLOW: DBG:PUTS: copy_raw_kernel_xml ap_link_39: kernel.xml not generated: /home/gkapakos/Desktop/ECE/10th_Semester/Architecture_of_Parallel_Systems/Project/BranchPredictionAI/C_Implementation/BranchPredictionAI/run_model/hls/.autopilot/db/kernel.internal.xml
INFO: [HLS 200-111] Finished Compiling Optimization and Transform: CPU user time: 12.26 seconds. CPU system time: 0.4 seconds. Elapsed time: 12.93 seconds; current allocated memory: 238.613 MB.
INFO: [HLS 200-111] Finished Checking Pragmas: CPU user time: 0 seconds. CPU system time: 0 seconds. Elapsed time: 0 seconds; current allocated memory: 238.613 MB.
Execute       opt_and_import_c a -opt_level=2 -skip_syncheck=0 -ng=0 -keep_printf=0 
Execute         cleanup_all_models 
INFO: [HLS 200-10] Starting code transformations ...
INFO-FLOW: Running Standard Transforms...
Execute         transform -hls -share-std-xform -demangle-name -inline-byval-memcpy -always-inline -promote-dbg-pointer -interface-preproc -mem2reg -scalarrepl -mem2reg -keep-read-access -instcombine -dce -promote-dbg-pointer -bitop-raise -loop-simplify -indvarspre -indvars -loop-simplify -constprop -instcombine -simplifycfg -indvars -simplifycfg -dce -globaldce -basicaa -simplifycfg -mem2reg -globalopt -global-constprop -deadargelim -instcombine -simplifycfg -scalarrepl -instcombine -reassociate -licm -simplifycfg -loop-simplify -indvars -instcombine -simplifycfg -mem2reg -loop-simplify -indvars -instcombine -gvn -gvn -instcombine -adce -break-crit-edges -simplifycfg -loop-delete -global-array-opt -dce -dse -adce -find-syn-modules -top run_model -deadargelim -mem2reg -instcombine -dce -presyn-prepare -interface-preproc -syn-check -check-rec-only -find-region -simplifycfg -func-extr -function-inline -globaldce -mem2reg -instcombine -dce -gvn -globaldce -adce -adse -constprop -instcombine -bit-constprop -instcombine -dce -simplifycfg -bitop-raise -simplifycfg -dce -loop-delete -reassociate -globalopt -global-privatize -mem2reg -dce -global-constprop -pointer-simplify -constprop -dce -promote-dbg-pointer -norm-name /home/gkapakos/Desktop/ECE/10th_Semester/Architecture_of_Parallel_Systems/Project/BranchPredictionAI/C_Implementation/BranchPredictionAI/run_model/hls/.autopilot/db/a.g.0.bc -o /home/gkapakos/Desktop/ECE/10th_Semester/Architecture_of_Parallel_Systems/Project/BranchPredictionAI/C_Implementation/BranchPredictionAI/run_model/hls/.autopilot/db/a.g.1.bc -f -phase std-opt 
Command         transform done; 0.23 sec.
INFO: [HLS 200-111] Finished Standard Transforms: CPU user time: 0.23 seconds. CPU system time: 0.01 seconds. Elapsed time: 0.23 seconds; current allocated memory: 249.500 MB.
INFO: [HLS 200-10] Checking synthesizability ...
INFO-FLOW: Checking Synthesizability 1/2..
Execute         transform -hls -syn-check -check-rec-only -scalarrepl -norm-name -dce -mem2reg -instcombine -directive-preproc -mem2reg -dse -dce -dce -pag -array-normalize -instcombine -dce -array-seg-normalize -instcombine -dce -data-pack -instcombine -dce -inst-simplify -array-flatten -instcombine -dce -array-burst -dce -deadargelim -promote-global-argument -simplifycfg -mem2reg -globaldce -dce -deadargelim -dce -instcombine -function-inline -globaldce -dce -doublePtrSimplify -doublePtrElim -dce -doublePtrSimplify -promote-dbg-pointer -dce -scalarrepl -dse -adse -instcombine -ptrLegalization -simplifycfg -dce -instcombine -pointer-simplify -ptrArgReplace -dce -instcombine -resolve-double-ptr -scalarrepl -norm-name -dce -mem2reg -instcombine -ptrLegalization -simplifycfg -deadargelim -instcombine -dce -inst-simplify -directive-preproc -mem2reg -dse -dce -globaldce /home/gkapakos/Desktop/ECE/10th_Semester/Architecture_of_Parallel_Systems/Project/BranchPredictionAI/C_Implementation/BranchPredictionAI/run_model/hls/.autopilot/db/a.g.1.bc -o /home/gkapakos/Desktop/ECE/10th_Semester/Architecture_of_Parallel_Systems/Project/BranchPredictionAI/C_Implementation/BranchPredictionAI/run_model/hls/.autopilot/db/a.g.2.prechk.bc -f 
INFO: [XFORM 203-602] Inlining function 'dense_forward' into 'run_model' (../main_5_slices.cpp:375) automatically.
INFO: [XFORM 203-602] Inlining function 'dense_forward.1' into 'run_model' (../main_5_slices.cpp:380) automatically.
Command         transform done; 0.17 sec.
INFO-FLOW: Checking Synthesizability 2/2..
Execute         transform -syn-check /home/gkapakos/Desktop/ECE/10th_Semester/Architecture_of_Parallel_Systems/Project/BranchPredictionAI/C_Implementation/BranchPredictionAI/run_model/hls/.autopilot/db/a.g.2.prechk.bc -o /home/gkapakos/Desktop/ECE/10th_Semester/Architecture_of_Parallel_Systems/Project/BranchPredictionAI/C_Implementation/BranchPredictionAI/run_model/hls/.autopilot/db/a.g.2.bc -f -phase syn-check 
WARNING: [SYNCHK 200-77] The top function 'run_model' (../main_5_slices.cpp:365) has no outputs. Possible cause(s) are: (1) Output parameters are passed by value; (2) intended outputs (parameters or global variables) are never written; (3) there are infinite loops.
INFO: [SYNCHK 200-10] 0 error(s), 1 warning(s).
INFO: [HLS 200-111] Finished Checking Synthesizability: CPU user time: 0.2 seconds. CPU system time: 0 seconds. Elapsed time: 0.21 seconds; current allocated memory: 254.211 MB.
INFO-FLOW: Compiler optimizing ...
INFO-FLOW: Share syncheck's 1.bc for syn flow: copy /home/gkapakos/Desktop/ECE/10th_Semester/Architecture_of_Parallel_Systems/Project/BranchPredictionAI/C_Implementation/BranchPredictionAI/run_model/hls/.autopilot/db/a.g.1.bc to /home/gkapakos/Desktop/ECE/10th_Semester/Architecture_of_Parallel_Systems/Project/BranchPredictionAI/C_Implementation/BranchPredictionAI/run_model/hls/.autopilot/db/a.o.1.bc
INFO-FLOW: Presyn 1...
Execute         transform -hls -tmp /home/gkapakos/Desktop/ECE/10th_Semester/Architecture_of_Parallel_Systems/Project/BranchPredictionAI/C_Implementation/BranchPredictionAI/run_model/hls/.autopilot/db -interface-port-rename -directive-preproc -mem2reg -dse -dce -scalarrepl -norm-name -deadargelim -dce -hls-dead-arg-elim -deadargelim -mem2reg -instcombine -dce -simplifycfg -dce -resource-proc -clib-intrinsic-prepare -dce -func-buffer -dce -pag -array-normalize -func-legal -instcombine -gvn -constprop -dce -simplifycfg -mem2reg -globaldce -resolve-double-ptr -dce -deadargelim -dce -instcombine -ptrArgReplace -mem2reg -dce -array-seg-normalize -deadargelim -instcombine -dce -directive-preproc -mem2reg -dse -dce -pointer-simplify -dce -port-alignment -dce -interface-preproc -data-pack -instcombine -dce -basicaa -aggr-aa -aggrmodref-aa -aggr-aa -gvn -gvn -basicaa -aggr-aa -aggrmodref-aa -aggr-aa -dse -adse -adce -loop-simplify -indvars -instcombine -gvn -loop-simplify -mem2reg -dce -find-region -instcombine -inst-simplify -interface-preproc -cfgopt -instcombine -indvars -loop-simplify -loop-bound -constprop -instcombine -simplifycfg -indvars -simplifycfg -dce -globaldce -clean-region -attach-range -gvn -inst-simplify -constprop -simplifycfg -dce -pointer-simplify -dce -globalopt -constprop -dce -ptrArgReplace -mem2reg -simplifycfg -dce -instcombine -dce -array-transform-check -array-reshape -instcombine -simplifycfg -dce -ptrArgReplace -deadargelim -mem2reg -instcombine -simplifycfg -dce -indvars -loop-simplify -loop-bound -constprop -instcombine -simplifycfg -indvars -simplifycfg -dce -globaldce -basicaa -aggr-aa -aggrmodref-aa -aggr-aa -dse -duplicate-dataflow-processes -globaldce -instcombine -array-partition -prepare-dynamic-array-partition -instcombine -simplifycfg -dce -ptrArgReplace -global-constprop -deadargelim -mem2reg -func-legal -dce -global-constprop -deadargelim -mem2reg -simplifycfg -dce -merge-param -deadargelim -globalopt -constprop -dce -ptrArgReplace -mem2reg -simplifycfg -dce -mem-intrinsic-preproc -dce -global-internalize -global-privatize -mem2reg -globaldce -lcssa -loop-simplify -phi-select-elim -promote-global-argument -ptrArgReplace -mem2reg -dce -globalopt -mergereturn -simplify-global-access -mem2reg -dce -pointer-simplify -dce -basicaa -aggr-aa -aggrmodref-aa -aggr-aa -functionattrs -basicaa -aggr-aa -aggrmodref-aa -aggr-aa -gvn -gvn -basicaa -aggr-aa -aggrmodref-aa -aggr-aa -dse -adse -adce -dce -norm-name -basicaa -aggr-aa -aggrmodref-aa -aggr-aa -accesses-merge -function-inline -complex-op-raise -inst-simplify -globaldce -func-legal -dce -loop-bound -arraycheck -bitwidthmin2 -bitwidthmin2 -on-by-dataflow -loop-delete -instcombine -simplifycfg -globaldce -dce -gvn -deadargelim -dce -loop-simplify -clean-region -simplifycfg -propagate-stable-arguments -instcombine -simplifycfg -dce -globaldce -duplicate-dataflow-processes -stream-intrinsic-preproc -dce -check-ap-stream -loop-simplify -eliminate-keepreads -extract-dataflow-in-loop -loop-simplify -dce -gvn -deadargelim -dse -duplicate-dataflow-processes -check-dataflow-syntax -legalize-stream-variable -globaldce -legalize-global -extract-subproc -dce -dead-channel-elimination -canonicalize-gep -globaldce -dce -gvn -hls-dead-arg-elim -deadargelim -directive-preproc -canonicalize-dataflow -dce -globaldce -scalar-preprocessing -scalar-propagation2 -scalar-stream -deadargelim -globaldce -mem2reg -check-dataflow-channels -function-stream -dce -globaldce -prop-fifo-spec -internal-stream-gen -canonicalize-gep -globaldce -dce -gvn -deadargelim -mergereturn -indvars -loop-simplify -instcombine -array-stream -array-seg-normalize -array-partition -clean-array-spec -func-legal -instcombine -simplifycfg -dce -bundle-memfifo-ops -deadargelim -directive-preproc -mem2reg -dse -dce -group-axi-access -licm -simplifycfg -dce -loop-delete -hls-display -norm-name /home/gkapakos/Desktop/ECE/10th_Semester/Architecture_of_Parallel_Systems/Project/BranchPredictionAI/C_Implementation/BranchPredictionAI/run_model/hls/.autopilot/db/a.o.1.bc -o /home/gkapakos/Desktop/ECE/10th_Semester/Architecture_of_Parallel_Systems/Project/BranchPredictionAI/C_Implementation/BranchPredictionAI/run_model/hls/.autopilot/db/a.o.1.tmp.bc -f 
INFO: [XFORM 203-602] Inlining function 'dense_forward' into 'run_model' (../main_5_slices.cpp:375) automatically.
INFO: [XFORM 203-602] Inlining function 'dense_forward.1' into 'run_model' (../main_5_slices.cpp:380) automatically.
Command         transform done; 0.76 sec.
INFO-FLOW: Presyn 2...
Execute         transform -hls -keep-callgraph -scalarrepl -mem2reg -port-alignment -attach-range -dce -pipe-mux-gen -indvars -loop-bound -inst-simplify -instcombine -dce -merge-array-access -mem2reg -dce -clean-region -mergereturn -if-conv -instcombine -dce -constprop -basicaa -aggr-aa -aggrmodref-aa -aggr-aa -gvn -gvn -basicaa -aggr-aa -aggrmodref-aa -aggr-aa -dse -adse -adce -scalarrepl -mem2reg -global-constprop -deadargelim -deadargelim -instcombine -dce -simplifycfg -ptrArgReplace -mem2reg -function-inline -globaldce -mem2reg -instcombine -dce -expr-balance -instcombine -dce -bitwidthmin2 -bitwidthmin2 -interface-preproc -directive-preproc -inst-rectify -instcombine -dce -basicaa -aggr-aa -aggrmodref-aa -aggr-aa -functionattrs -constprop -instcombine -bit-constprop -simplify-global-access -globalopt -globaldce -inst-simplify -instcombine -elimdeaddata -dce -loop-delete -simplifycfg -loop-simplify -barrier -norm-name /home/gkapakos/Desktop/ECE/10th_Semester/Architecture_of_Parallel_Systems/Project/BranchPredictionAI/C_Implementation/BranchPredictionAI/run_model/hls/.autopilot/db/a.o.1.tmp.bc -o /home/gkapakos/Desktop/ECE/10th_Semester/Architecture_of_Parallel_Systems/Project/BranchPredictionAI/C_Implementation/BranchPredictionAI/run_model/hls/.autopilot/db/a.o.2.bc -f -phase presyn 
INFO: [XFORM 203-401] Performing if-conversion on hyperblock from (../main_5_slices.cpp:289:9) to (../main_5_slices.cpp:303:22) in function 'run_all_slices_unrolled'... converting 4 basic blocks.
INFO: [XFORM 203-401] Performing if-conversion on hyperblock from (../main_5_slices.cpp:289:9) to (../main_5_slices.cpp:317:22) in function 'run_all_slices_unrolled'... converting 4 basic blocks.
INFO: [XFORM 203-401] Performing if-conversion on hyperblock from (../main_5_slices.cpp:289:9) to (../main_5_slices.cpp:331:22) in function 'run_all_slices_unrolled'... converting 4 basic blocks.
INFO: [XFORM 203-401] Performing if-conversion on hyperblock from (../main_5_slices.cpp:289:9) to (../main_5_slices.cpp:345:22) in function 'run_all_slices_unrolled'... converting 4 basic blocks.
INFO: [XFORM 203-401] Performing if-conversion on hyperblock from (../main_5_slices.cpp:289:9) to (../main_5_slices.cpp:359:22) in function 'run_all_slices_unrolled'... converting 4 basic blocks.
INFO: [XFORM 203-401] Performing if-conversion on hyperblock from (../main_5_slices.cpp:183:9) to (../main_5_slices.cpp:182:22) in function 'lstm_forward_unidir'... converting 7 basic blocks.
INFO: [XFORM 203-401] Performing if-conversion on hyperblock from (../main_5_slices.cpp:101:9) to (../main_5_slices.cpp:100:15) in function 'conv_bn_act_pool.4'... converting 3 basic blocks.
INFO: [XFORM 203-401] Performing if-conversion on hyperblock from (../main_5_slices.cpp:101:9) to (../main_5_slices.cpp:100:15) in function 'conv_bn_act_pool.3'... converting 3 basic blocks.
INFO: [XFORM 203-401] Performing if-conversion on hyperblock from (../main_5_slices.cpp:101:9) to (../main_5_slices.cpp:100:15) in function 'conv_bn_act_pool.2'... converting 3 basic blocks.
INFO: [XFORM 203-401] Performing if-conversion on hyperblock from (../main_5_slices.cpp:101:9) to (../main_5_slices.cpp:100:15) in function 'conv_bn_act_pool'... converting 3 basic blocks.
Command         transform done; 0.42 sec.
INFO: [HLS 200-111] Finished Loop, function and other optimizations: CPU user time: 1.12 seconds. CPU system time: 0.05 seconds. Elapsed time: 1.18 seconds; current allocated memory: 280.613 MB.
Execute         transform -hls -auto-function-inline -globaldce -ptrArgReplace -mem2reg -dce -reset-lda -loop-simplify -indvars -aggr-aa -licm -loop-dep -loop-bound -licm -loop-simplify -loop-sink-hoist -flattenloopnest -array-flatten -gvn -instcombine -dce -array-map -dce -func-legal -gvn -adce -instcombine -cfgopt -simplifycfg-lite -loop-simplify -array-burst -promote-global-argument -dce -array-seg-normalize -basicaa -aggrmodref-aa -globalsmodref-aa -aggr-aa -gvn -gvn -basicaa -aggrmodref-aa -globalsmodref-aa -aggr-aa -dse -adse -adce -licm -inst-simplify -dce -globaldce -instcombine -array-stream -eliminate-keepreads -instcombine -dce -deadargelim -doublePtrSimplify -doublePtrElim -dce -doublePtrSimplify -promote-dbg-pointer -dce -scalarrepl -mem2reg -norm-name -mem2reg -instcombine -dse -adse -adce -ptrLegalization -dce -array-flatten -dce -instcombine -check-doubleptr -loop-rot -constprop -inst-simplify -cfgopt -simplifycfg-lite -loop-simplify -indvars -pointer-simplify -dce -loop-bound -loop-simplify -loop-preproc -constprop -global-constprop -gvn -mem2reg -instcombine -dce -loop-bound -loop-merge -dce -deadargelim -dce -canonicalize-dataflow -dce -deadargelim -globaldce -mem2reg -bram-byte-enable -inst-simplify -inst-rectify -instcombine -adce -deadargelim -load-elim -read-loop-dep -loop-simplify -loop-rewind-sink-hoist -loop-outline -hls-dead-arg-elim -directive-preproc -bitwidthmin2 -bitwidthmin2 -read-loop-dep -interface-preproc -directive-preproc -interface-gen -bram-byte-enable-spec-prop -mul2addshift -deadargelim -inst-simplify -dce -mem2reg -instcombine -gvn -dce -adse -loop-bound -instcombine -cfgopt -simplifycfg-lite -loop-simplify -clean-region -io-protocol -find-region -mem2reg -bitop-raise -complex-op-raise -inst-simplify -inst-rectify -instcombine -adce -deadargelim -float-op-raise -loop-simplify -phi-opt -bitop-raise -cfgopt -simplifycfg-lite -strip-dead-prototypes -interface-lower -bitop-lower -intrinsic-lower -auto-function-inline -basicaa -aggrmodref-aa -globalsmodref-aa -aggr-aa -inst-simplify -simplifycfg-lite -loop-simplify -mergereturn -inst-simplify -inst-rectify -globaldce -dce -load-elim -bitop-lower -float-op-raise -fma-raise -loop-rewind -pointer-simplify -dce -cfgopt -dce -loop-bound -loop-dep -read-loop-dep -dce -dyn-mem-reuse -dce -recurrence-min -dce -share-scalar-alloca -deadargelim -dce -check-stream -norm-name -legalize -inst-clarity -bitwidth -dce -validate-dataflow -dump-loop-dep-to-ir -check-all-ssdm -dump-complexity-metric /home/gkapakos/Desktop/ECE/10th_Semester/Architecture_of_Parallel_Systems/Project/BranchPredictionAI/C_Implementation/BranchPredictionAI/run_model/hls/.autopilot/db/a.o.2.bc -o /home/gkapakos/Desktop/ECE/10th_Semester/Architecture_of_Parallel_Systems/Project/BranchPredictionAI/C_Implementation/BranchPredictionAI/run_model/hls/.autopilot/db/a.o.3.bc -f -phase build-ssdm 
INFO: [HLS 200-2061] Successfully converted nested loops 'OuterLoopDense'(../main_5_slices.cpp:209:21) and 'InnerLoopDense'(../main_5_slices.cpp:212:25) in function 'run_model' into perfectly nested loops.
INFO: [HLS 200-2061] Successfully converted nested loops 'OuterLoopDense'(../main_5_slices.cpp:209:21) and 'InnerLoopDense'(../main_5_slices.cpp:212:25) in function 'run_model' into perfectly nested loops.
INFO: [HLS 200-2061] Successfully converted nested loops 'Loop2_2LSTM'(../main_5_slices.cpp:162:22) and 'Loop3_2_1LSTM'(../main_5_slices.cpp:166:28) in function 'lstm_forward_unidir' into perfectly nested loops.
INFO: [HLS 200-2061] Successfully converted nested loops 'Loop2_3LSTM'(../main_5_slices.cpp:172:22) and 'Loop3_3_1LSTM'(../main_5_slices.cpp:176:28) in function 'lstm_forward_unidir' into perfectly nested loops.
INFO: [HLS 200-2061] Successfully converted nested loops 'Loop3_1Big'(../main_5_slices.cpp:111:25) and 'Loop4Big'(../main_5_slices.cpp:115:27) in function 'conv_bn_act_pool.4' into perfectly nested loops.
INFO: [HLS 200-2061] Successfully converted nested loops 'Loop3_1Big'(../main_5_slices.cpp:111:25) and 'Loop4Big'(../main_5_slices.cpp:115:27) in function 'conv_bn_act_pool.3' into perfectly nested loops.
INFO: [HLS 200-2061] Successfully converted nested loops 'Loop3_1Big'(../main_5_slices.cpp:111:25) and 'Loop4Big'(../main_5_slices.cpp:115:27) in function 'conv_bn_act_pool.2' into perfectly nested loops.
INFO: [HLS 200-2061] Successfully converted nested loops 'Loop3_1Big'(../main_5_slices.cpp:111:25) and 'Loop4Big'(../main_5_slices.cpp:115:27) in function 'conv_bn_act_pool' into perfectly nested loops.
INFO: [XFORM 203-541] Flattening a loop nest 'OuterLoopDense' (../main_5_slices.cpp:209:21) in function 'run_model'.
INFO: [XFORM 203-541] Flattening a loop nest 'OuterLoopDense' (../main_5_slices.cpp:209:21) in function 'run_model'.
INFO: [XFORM 203-541] Flattening a loop nest 'Loop2_2LSTM' (../main_5_slices.cpp:162:22) in function 'lstm_forward_unidir'.
INFO: [XFORM 203-541] Flattening a loop nest 'Loop2_3LSTM' (../main_5_slices.cpp:172:22) in function 'lstm_forward_unidir'.
INFO: [XFORM 203-541] Flattening a loop nest 'Loop3_1Big' (../main_5_slices.cpp:111:25) in function 'conv_bn_act_pool.4'.
INFO: [XFORM 203-541] Flattening a loop nest 'Loop3_1Big' (../main_5_slices.cpp:111:25) in function 'conv_bn_act_pool.3'.
INFO: [XFORM 203-541] Flattening a loop nest 'Loop3_1Big' (../main_5_slices.cpp:111:25) in function 'conv_bn_act_pool.2'.
INFO: [XFORM 203-541] Flattening a loop nest 'Loop3_1Big' (../main_5_slices.cpp:111:25) in function 'conv_bn_act_pool'.
Execute           auto_get_db
Command         transform done; 0.71 sec.
INFO-FLOW: Building ssdm...
Execute         transform -hls -cdfg-build /home/gkapakos/Desktop/ECE/10th_Semester/Architecture_of_Parallel_Systems/Project/BranchPredictionAI/C_Implementation/BranchPredictionAI/run_model/hls/.autopilot/db/a.o.3.bc -o /home/gkapakos/Desktop/ECE/10th_Semester/Architecture_of_Parallel_Systems/Project/BranchPredictionAI/C_Implementation/BranchPredictionAI/run_model/hls/.autopilot/db/a.o.3.bc -f -phase build-ssdm 
Command         transform done; 0.28 sec.
INFO: [HLS 200-111] Finished Architecture Synthesis: CPU user time: 0.9 seconds. CPU system time: 0.09 seconds. Elapsed time: 0.99 seconds; current allocated memory: 604.684 MB.
INFO-FLOW: Finish building internal data model.
Command       opt_and_import_c done; 2.61 sec.
Command     elaborate done; 32.69 sec.
Execute     ap_eval exec zip -j /home/gkapakos/Desktop/ECE/10th_Semester/Architecture_of_Parallel_Systems/Project/BranchPredictionAI/C_Implementation/BranchPredictionAI/run_model/hls/.autopilot/db/dut.hcp $dbDir/a.o.3.bc $dbDir/${topname}.rtl_wrap.cfg.tcl $dbDir/apatb_${topname}.cpp $dbDir/apatb_${topname}_util.cpp $dbDir/apatb_${topname}_ir.ll $dbDir/mapper_${topname}.cpp $dbDir/top-io-fe.xml $dbDir/kernel.internal.xml $workdir/../hls.app 
Execute     autosyn -from_csynth_design=1 
INFO: [HLS 200-10] Starting hardware synthesis ...
INFO-FLOW: Synthesizing C/C++ design ...
INFO: [HLS 200-10] Synthesizing 'run_model' ...
Execute       ap_set_top_model run_model 
WARNING: [SYN 201-103] Legalizing function name 'conv_bn_act_pool.2_Pipeline_BNParamsLoop' to 'conv_bn_act_pool_2_Pipeline_BNParamsLoop'.
WARNING: [SYN 201-103] Legalizing function name 'conv_bn_act_pool.2_Pipeline_Loop3_2Big' to 'conv_bn_act_pool_2_Pipeline_Loop3_2Big'.
WARNING: [SYN 201-103] Legalizing function name 'conv_bn_act_pool.2' to 'conv_bn_act_pool_2'.
WARNING: [SYN 201-103] Legalizing function name 'conv_bn_act_pool.3_Pipeline_BNParamsLoop' to 'conv_bn_act_pool_3_Pipeline_BNParamsLoop'.
WARNING: [SYN 201-103] Legalizing function name 'conv_bn_act_pool.3_Pipeline_Loop3_2Big' to 'conv_bn_act_pool_3_Pipeline_Loop3_2Big'.
WARNING: [SYN 201-103] Legalizing function name 'conv_bn_act_pool.3' to 'conv_bn_act_pool_3'.
WARNING: [SYN 201-103] Legalizing function name 'conv_bn_act_pool.4_Pipeline_BNParamsLoop' to 'conv_bn_act_pool_4_Pipeline_BNParamsLoop'.
WARNING: [SYN 201-103] Legalizing function name 'conv_bn_act_pool.4_Pipeline_Loop3_2Big' to 'conv_bn_act_pool_4_Pipeline_Loop3_2Big'.
WARNING: [SYN 201-103] Legalizing function name 'conv_bn_act_pool.4' to 'conv_bn_act_pool_4'.
Execute       get_model_list run_model -filter all-wo-channel -topdown 
Execute       preproc_iomode -model run_model 
Execute       preproc_iomode -model run_model_Pipeline_ReLULoop2 
Execute       preproc_iomode -model run_model_Pipeline_Loop_BN1 
Execute       preproc_iomode -model run_model_Pipeline_ReLULoop1 
Execute       preproc_iomode -model run_model_Pipeline_Loop_BN 
Execute       preproc_iomode -model run_all_slices_unrolled 
Execute       preproc_iomode -model run_all_slices_unrolled_Pipeline_MergedLoop4 
Execute       preproc_iomode -model run_all_slices_unrolled_Pipeline_Loop_BN5 
Execute       preproc_iomode -model conv_bn_act_pool.4 
Execute       preproc_iomode -model conv_bn_act_pool.4_Pipeline_Loop3_2Big 
Execute       preproc_iomode -model conv_bn_act_pool.4_Pipeline_BNParamsLoop 
Execute       preproc_iomode -model run_all_slices_unrolled_Pipeline_MergedLoop3 
Execute       preproc_iomode -model run_all_slices_unrolled_Pipeline_Loop_BN4 
Execute       preproc_iomode -model conv_bn_act_pool.3 
Execute       preproc_iomode -model conv_bn_act_pool.3_Pipeline_Loop3_2Big 
Execute       preproc_iomode -model conv_bn_act_pool.3_Pipeline_BNParamsLoop 
Execute       preproc_iomode -model run_all_slices_unrolled_Pipeline_MergedLoop2 
Execute       preproc_iomode -model run_all_slices_unrolled_Pipeline_Loop_BN3 
Execute       preproc_iomode -model conv_bn_act_pool.2 
Execute       preproc_iomode -model conv_bn_act_pool.2_Pipeline_Loop3_2Big 
Execute       preproc_iomode -model conv_bn_act_pool.2_Pipeline_BNParamsLoop 
Execute       preproc_iomode -model run_all_slices_unrolled_Pipeline_MergedLoop1 
Execute       preproc_iomode -model run_all_slices_unrolled_Pipeline_Loop_BN2 
Execute       preproc_iomode -model conv_bn_act_pool 
Execute       preproc_iomode -model conv_bn_act_pool_Pipeline_Loop3_2Big 
Execute       preproc_iomode -model conv_bn_act_pool_Pipeline_BNParamsLoop 
Execute       preproc_iomode -model run_all_slices_unrolled_Pipeline_MergedLoop0 
Execute       preproc_iomode -model run_all_slices_unrolled_Pipeline_Loop_BN 
Execute       preproc_iomode -model lstm_forward_unidir 
Execute       preproc_iomode -model lstm_forward_unidir_Pipeline_Loop2_4LSTM 
Execute       preproc_iomode -model lstm_forward_unidir_Pipeline_Loop2_1LSTM 
Execute       preproc_iomode -model lstm_forward_unidir_Pipeline_VITIS_LOOP_145_1 
Execute       preproc_iomode -model run_all_slices_unrolled_Pipeline_MergedLoop 
Execute       get_model_list run_model -filter all-wo-channel 
INFO-FLOW: Model list for configure: run_all_slices_unrolled_Pipeline_MergedLoop lstm_forward_unidir_Pipeline_VITIS_LOOP_145_1 lstm_forward_unidir_Pipeline_Loop2_1LSTM lstm_forward_unidir_Pipeline_Loop2_4LSTM lstm_forward_unidir run_all_slices_unrolled_Pipeline_Loop_BN run_all_slices_unrolled_Pipeline_MergedLoop0 conv_bn_act_pool_Pipeline_BNParamsLoop conv_bn_act_pool_Pipeline_Loop3_2Big conv_bn_act_pool run_all_slices_unrolled_Pipeline_Loop_BN2 run_all_slices_unrolled_Pipeline_MergedLoop1 conv_bn_act_pool.2_Pipeline_BNParamsLoop conv_bn_act_pool.2_Pipeline_Loop3_2Big conv_bn_act_pool.2 run_all_slices_unrolled_Pipeline_Loop_BN3 run_all_slices_unrolled_Pipeline_MergedLoop2 conv_bn_act_pool.3_Pipeline_BNParamsLoop conv_bn_act_pool.3_Pipeline_Loop3_2Big conv_bn_act_pool.3 run_all_slices_unrolled_Pipeline_Loop_BN4 run_all_slices_unrolled_Pipeline_MergedLoop3 conv_bn_act_pool.4_Pipeline_BNParamsLoop conv_bn_act_pool.4_Pipeline_Loop3_2Big conv_bn_act_pool.4 run_all_slices_unrolled_Pipeline_Loop_BN5 run_all_slices_unrolled_Pipeline_MergedLoop4 run_all_slices_unrolled run_model_Pipeline_Loop_BN run_model_Pipeline_ReLULoop1 run_model_Pipeline_Loop_BN1 run_model_Pipeline_ReLULoop2 run_model
INFO-FLOW: Configuring Module : run_all_slices_unrolled_Pipeline_MergedLoop ...
Execute       set_default_model run_all_slices_unrolled_Pipeline_MergedLoop 
Execute       apply_spec_resource_limit run_all_slices_unrolled_Pipeline_MergedLoop 
INFO-FLOW: Configuring Module : lstm_forward_unidir_Pipeline_VITIS_LOOP_145_1 ...
Execute       set_default_model lstm_forward_unidir_Pipeline_VITIS_LOOP_145_1 
Execute       apply_spec_resource_limit lstm_forward_unidir_Pipeline_VITIS_LOOP_145_1 
INFO-FLOW: Configuring Module : lstm_forward_unidir_Pipeline_Loop2_1LSTM ...
Execute       set_default_model lstm_forward_unidir_Pipeline_Loop2_1LSTM 
Execute       apply_spec_resource_limit lstm_forward_unidir_Pipeline_Loop2_1LSTM 
INFO-FLOW: Configuring Module : lstm_forward_unidir_Pipeline_Loop2_4LSTM ...
Execute       set_default_model lstm_forward_unidir_Pipeline_Loop2_4LSTM 
Execute       apply_spec_resource_limit lstm_forward_unidir_Pipeline_Loop2_4LSTM 
INFO-FLOW: Configuring Module : lstm_forward_unidir ...
Execute       set_default_model lstm_forward_unidir 
Execute       apply_spec_resource_limit lstm_forward_unidir 
INFO-FLOW: Configuring Module : run_all_slices_unrolled_Pipeline_Loop_BN ...
Execute       set_default_model run_all_slices_unrolled_Pipeline_Loop_BN 
Execute       apply_spec_resource_limit run_all_slices_unrolled_Pipeline_Loop_BN 
INFO-FLOW: Configuring Module : run_all_slices_unrolled_Pipeline_MergedLoop0 ...
Execute       set_default_model run_all_slices_unrolled_Pipeline_MergedLoop0 
Execute       apply_spec_resource_limit run_all_slices_unrolled_Pipeline_MergedLoop0 
INFO-FLOW: Configuring Module : conv_bn_act_pool_Pipeline_BNParamsLoop ...
Execute       set_default_model conv_bn_act_pool_Pipeline_BNParamsLoop 
Execute       apply_spec_resource_limit conv_bn_act_pool_Pipeline_BNParamsLoop 
INFO-FLOW: Configuring Module : conv_bn_act_pool_Pipeline_Loop3_2Big ...
Execute       set_default_model conv_bn_act_pool_Pipeline_Loop3_2Big 
Execute       apply_spec_resource_limit conv_bn_act_pool_Pipeline_Loop3_2Big 
INFO-FLOW: Configuring Module : conv_bn_act_pool ...
Execute       set_default_model conv_bn_act_pool 
Execute       apply_spec_resource_limit conv_bn_act_pool 
INFO-FLOW: Configuring Module : run_all_slices_unrolled_Pipeline_Loop_BN2 ...
Execute       set_default_model run_all_slices_unrolled_Pipeline_Loop_BN2 
Execute       apply_spec_resource_limit run_all_slices_unrolled_Pipeline_Loop_BN2 
INFO-FLOW: Configuring Module : run_all_slices_unrolled_Pipeline_MergedLoop1 ...
Execute       set_default_model run_all_slices_unrolled_Pipeline_MergedLoop1 
Execute       apply_spec_resource_limit run_all_slices_unrolled_Pipeline_MergedLoop1 
INFO-FLOW: Configuring Module : conv_bn_act_pool.2_Pipeline_BNParamsLoop ...
Execute       set_default_model conv_bn_act_pool.2_Pipeline_BNParamsLoop 
Execute       apply_spec_resource_limit conv_bn_act_pool.2_Pipeline_BNParamsLoop 
INFO-FLOW: Configuring Module : conv_bn_act_pool.2_Pipeline_Loop3_2Big ...
Execute       set_default_model conv_bn_act_pool.2_Pipeline_Loop3_2Big 
Execute       apply_spec_resource_limit conv_bn_act_pool.2_Pipeline_Loop3_2Big 
INFO-FLOW: Configuring Module : conv_bn_act_pool.2 ...
Execute       set_default_model conv_bn_act_pool.2 
Execute       apply_spec_resource_limit conv_bn_act_pool.2 
INFO-FLOW: Configuring Module : run_all_slices_unrolled_Pipeline_Loop_BN3 ...
Execute       set_default_model run_all_slices_unrolled_Pipeline_Loop_BN3 
Execute       apply_spec_resource_limit run_all_slices_unrolled_Pipeline_Loop_BN3 
INFO-FLOW: Configuring Module : run_all_slices_unrolled_Pipeline_MergedLoop2 ...
Execute       set_default_model run_all_slices_unrolled_Pipeline_MergedLoop2 
Execute       apply_spec_resource_limit run_all_slices_unrolled_Pipeline_MergedLoop2 
INFO-FLOW: Configuring Module : conv_bn_act_pool.3_Pipeline_BNParamsLoop ...
Execute       set_default_model conv_bn_act_pool.3_Pipeline_BNParamsLoop 
Execute       apply_spec_resource_limit conv_bn_act_pool.3_Pipeline_BNParamsLoop 
INFO-FLOW: Configuring Module : conv_bn_act_pool.3_Pipeline_Loop3_2Big ...
Execute       set_default_model conv_bn_act_pool.3_Pipeline_Loop3_2Big 
Execute       apply_spec_resource_limit conv_bn_act_pool.3_Pipeline_Loop3_2Big 
INFO-FLOW: Configuring Module : conv_bn_act_pool.3 ...
Execute       set_default_model conv_bn_act_pool.3 
Execute       apply_spec_resource_limit conv_bn_act_pool.3 
INFO-FLOW: Configuring Module : run_all_slices_unrolled_Pipeline_Loop_BN4 ...
Execute       set_default_model run_all_slices_unrolled_Pipeline_Loop_BN4 
Execute       apply_spec_resource_limit run_all_slices_unrolled_Pipeline_Loop_BN4 
INFO-FLOW: Configuring Module : run_all_slices_unrolled_Pipeline_MergedLoop3 ...
Execute       set_default_model run_all_slices_unrolled_Pipeline_MergedLoop3 
Execute       apply_spec_resource_limit run_all_slices_unrolled_Pipeline_MergedLoop3 
INFO-FLOW: Configuring Module : conv_bn_act_pool.4_Pipeline_BNParamsLoop ...
Execute       set_default_model conv_bn_act_pool.4_Pipeline_BNParamsLoop 
Execute       apply_spec_resource_limit conv_bn_act_pool.4_Pipeline_BNParamsLoop 
INFO-FLOW: Configuring Module : conv_bn_act_pool.4_Pipeline_Loop3_2Big ...
Execute       set_default_model conv_bn_act_pool.4_Pipeline_Loop3_2Big 
Execute       apply_spec_resource_limit conv_bn_act_pool.4_Pipeline_Loop3_2Big 
INFO-FLOW: Configuring Module : conv_bn_act_pool.4 ...
Execute       set_default_model conv_bn_act_pool.4 
Execute       apply_spec_resource_limit conv_bn_act_pool.4 
INFO-FLOW: Configuring Module : run_all_slices_unrolled_Pipeline_Loop_BN5 ...
Execute       set_default_model run_all_slices_unrolled_Pipeline_Loop_BN5 
Execute       apply_spec_resource_limit run_all_slices_unrolled_Pipeline_Loop_BN5 
INFO-FLOW: Configuring Module : run_all_slices_unrolled_Pipeline_MergedLoop4 ...
Execute       set_default_model run_all_slices_unrolled_Pipeline_MergedLoop4 
Execute       apply_spec_resource_limit run_all_slices_unrolled_Pipeline_MergedLoop4 
INFO-FLOW: Configuring Module : run_all_slices_unrolled ...
Execute       set_default_model run_all_slices_unrolled 
Execute       apply_spec_resource_limit run_all_slices_unrolled 
INFO-FLOW: Configuring Module : run_model_Pipeline_Loop_BN ...
Execute       set_default_model run_model_Pipeline_Loop_BN 
Execute       apply_spec_resource_limit run_model_Pipeline_Loop_BN 
INFO-FLOW: Configuring Module : run_model_Pipeline_ReLULoop1 ...
Execute       set_default_model run_model_Pipeline_ReLULoop1 
Execute       apply_spec_resource_limit run_model_Pipeline_ReLULoop1 
INFO-FLOW: Configuring Module : run_model_Pipeline_Loop_BN1 ...
Execute       set_default_model run_model_Pipeline_Loop_BN1 
Execute       apply_spec_resource_limit run_model_Pipeline_Loop_BN1 
INFO-FLOW: Configuring Module : run_model_Pipeline_ReLULoop2 ...
Execute       set_default_model run_model_Pipeline_ReLULoop2 
Execute       apply_spec_resource_limit run_model_Pipeline_ReLULoop2 
INFO-FLOW: Configuring Module : run_model ...
Execute       set_default_model run_model 
Execute       apply_spec_resource_limit run_model 
INFO-FLOW: Model list for preprocess: run_all_slices_unrolled_Pipeline_MergedLoop lstm_forward_unidir_Pipeline_VITIS_LOOP_145_1 lstm_forward_unidir_Pipeline_Loop2_1LSTM lstm_forward_unidir_Pipeline_Loop2_4LSTM lstm_forward_unidir run_all_slices_unrolled_Pipeline_Loop_BN run_all_slices_unrolled_Pipeline_MergedLoop0 conv_bn_act_pool_Pipeline_BNParamsLoop conv_bn_act_pool_Pipeline_Loop3_2Big conv_bn_act_pool run_all_slices_unrolled_Pipeline_Loop_BN2 run_all_slices_unrolled_Pipeline_MergedLoop1 conv_bn_act_pool.2_Pipeline_BNParamsLoop conv_bn_act_pool.2_Pipeline_Loop3_2Big conv_bn_act_pool.2 run_all_slices_unrolled_Pipeline_Loop_BN3 run_all_slices_unrolled_Pipeline_MergedLoop2 conv_bn_act_pool.3_Pipeline_BNParamsLoop conv_bn_act_pool.3_Pipeline_Loop3_2Big conv_bn_act_pool.3 run_all_slices_unrolled_Pipeline_Loop_BN4 run_all_slices_unrolled_Pipeline_MergedLoop3 conv_bn_act_pool.4_Pipeline_BNParamsLoop conv_bn_act_pool.4_Pipeline_Loop3_2Big conv_bn_act_pool.4 run_all_slices_unrolled_Pipeline_Loop_BN5 run_all_slices_unrolled_Pipeline_MergedLoop4 run_all_slices_unrolled run_model_Pipeline_Loop_BN run_model_Pipeline_ReLULoop1 run_model_Pipeline_Loop_BN1 run_model_Pipeline_ReLULoop2 run_model
INFO-FLOW: Preprocessing Module: run_all_slices_unrolled_Pipeline_MergedLoop ...
Execute       set_default_model run_all_slices_unrolled_Pipeline_MergedLoop 
Execute       cdfg_preprocess -model run_all_slices_unrolled_Pipeline_MergedLoop 
Execute       rtl_gen_preprocess run_all_slices_unrolled_Pipeline_MergedLoop 
INFO-FLOW: Preprocessing Module: lstm_forward_unidir_Pipeline_VITIS_LOOP_145_1 ...
Execute       set_default_model lstm_forward_unidir_Pipeline_VITIS_LOOP_145_1 
Execute       cdfg_preprocess -model lstm_forward_unidir_Pipeline_VITIS_LOOP_145_1 
Execute       rtl_gen_preprocess lstm_forward_unidir_Pipeline_VITIS_LOOP_145_1 
INFO-FLOW: Preprocessing Module: lstm_forward_unidir_Pipeline_Loop2_1LSTM ...
Execute       set_default_model lstm_forward_unidir_Pipeline_Loop2_1LSTM 
Execute       cdfg_preprocess -model lstm_forward_unidir_Pipeline_Loop2_1LSTM 
Execute       rtl_gen_preprocess lstm_forward_unidir_Pipeline_Loop2_1LSTM 
INFO-FLOW: Preprocessing Module: lstm_forward_unidir_Pipeline_Loop2_4LSTM ...
Execute       set_default_model lstm_forward_unidir_Pipeline_Loop2_4LSTM 
Execute       cdfg_preprocess -model lstm_forward_unidir_Pipeline_Loop2_4LSTM 
Execute       rtl_gen_preprocess lstm_forward_unidir_Pipeline_Loop2_4LSTM 
INFO-FLOW: Preprocessing Module: lstm_forward_unidir ...
Execute       set_default_model lstm_forward_unidir 
Execute       cdfg_preprocess -model lstm_forward_unidir 
Execute       rtl_gen_preprocess lstm_forward_unidir 
INFO-FLOW: Preprocessing Module: run_all_slices_unrolled_Pipeline_Loop_BN ...
Execute       set_default_model run_all_slices_unrolled_Pipeline_Loop_BN 
Execute       cdfg_preprocess -model run_all_slices_unrolled_Pipeline_Loop_BN 
Execute       rtl_gen_preprocess run_all_slices_unrolled_Pipeline_Loop_BN 
INFO-FLOW: Preprocessing Module: run_all_slices_unrolled_Pipeline_MergedLoop0 ...
Execute       set_default_model run_all_slices_unrolled_Pipeline_MergedLoop0 
Execute       cdfg_preprocess -model run_all_slices_unrolled_Pipeline_MergedLoop0 
Execute       rtl_gen_preprocess run_all_slices_unrolled_Pipeline_MergedLoop0 
INFO-FLOW: Preprocessing Module: conv_bn_act_pool_Pipeline_BNParamsLoop ...
Execute       set_default_model conv_bn_act_pool_Pipeline_BNParamsLoop 
Execute       cdfg_preprocess -model conv_bn_act_pool_Pipeline_BNParamsLoop 
Execute       rtl_gen_preprocess conv_bn_act_pool_Pipeline_BNParamsLoop 
INFO-FLOW: Preprocessing Module: conv_bn_act_pool_Pipeline_Loop3_2Big ...
Execute       set_default_model conv_bn_act_pool_Pipeline_Loop3_2Big 
Execute       cdfg_preprocess -model conv_bn_act_pool_Pipeline_Loop3_2Big 
Execute       rtl_gen_preprocess conv_bn_act_pool_Pipeline_Loop3_2Big 
INFO-FLOW: Preprocessing Module: conv_bn_act_pool ...
Execute       set_default_model conv_bn_act_pool 
Execute       cdfg_preprocess -model conv_bn_act_pool 
Execute       rtl_gen_preprocess conv_bn_act_pool 
INFO-FLOW: Preprocessing Module: run_all_slices_unrolled_Pipeline_Loop_BN2 ...
Execute       set_default_model run_all_slices_unrolled_Pipeline_Loop_BN2 
Execute       cdfg_preprocess -model run_all_slices_unrolled_Pipeline_Loop_BN2 
Execute       rtl_gen_preprocess run_all_slices_unrolled_Pipeline_Loop_BN2 
INFO-FLOW: Preprocessing Module: run_all_slices_unrolled_Pipeline_MergedLoop1 ...
Execute       set_default_model run_all_slices_unrolled_Pipeline_MergedLoop1 
Execute       cdfg_preprocess -model run_all_slices_unrolled_Pipeline_MergedLoop1 
Execute       rtl_gen_preprocess run_all_slices_unrolled_Pipeline_MergedLoop1 
INFO-FLOW: Preprocessing Module: conv_bn_act_pool.2_Pipeline_BNParamsLoop ...
Execute       set_default_model conv_bn_act_pool.2_Pipeline_BNParamsLoop 
Execute       cdfg_preprocess -model conv_bn_act_pool.2_Pipeline_BNParamsLoop 
Execute       rtl_gen_preprocess conv_bn_act_pool.2_Pipeline_BNParamsLoop 
INFO-FLOW: Preprocessing Module: conv_bn_act_pool.2_Pipeline_Loop3_2Big ...
Execute       set_default_model conv_bn_act_pool.2_Pipeline_Loop3_2Big 
Execute       cdfg_preprocess -model conv_bn_act_pool.2_Pipeline_Loop3_2Big 
Execute       rtl_gen_preprocess conv_bn_act_pool.2_Pipeline_Loop3_2Big 
INFO-FLOW: Preprocessing Module: conv_bn_act_pool.2 ...
Execute       set_default_model conv_bn_act_pool.2 
Execute       cdfg_preprocess -model conv_bn_act_pool.2 
Execute       rtl_gen_preprocess conv_bn_act_pool.2 
INFO-FLOW: Preprocessing Module: run_all_slices_unrolled_Pipeline_Loop_BN3 ...
Execute       set_default_model run_all_slices_unrolled_Pipeline_Loop_BN3 
Execute       cdfg_preprocess -model run_all_slices_unrolled_Pipeline_Loop_BN3 
Execute       rtl_gen_preprocess run_all_slices_unrolled_Pipeline_Loop_BN3 
INFO-FLOW: Preprocessing Module: run_all_slices_unrolled_Pipeline_MergedLoop2 ...
Execute       set_default_model run_all_slices_unrolled_Pipeline_MergedLoop2 
Execute       cdfg_preprocess -model run_all_slices_unrolled_Pipeline_MergedLoop2 
Execute       rtl_gen_preprocess run_all_slices_unrolled_Pipeline_MergedLoop2 
INFO-FLOW: Preprocessing Module: conv_bn_act_pool.3_Pipeline_BNParamsLoop ...
Execute       set_default_model conv_bn_act_pool.3_Pipeline_BNParamsLoop 
Execute       cdfg_preprocess -model conv_bn_act_pool.3_Pipeline_BNParamsLoop 
Execute       rtl_gen_preprocess conv_bn_act_pool.3_Pipeline_BNParamsLoop 
INFO-FLOW: Preprocessing Module: conv_bn_act_pool.3_Pipeline_Loop3_2Big ...
Execute       set_default_model conv_bn_act_pool.3_Pipeline_Loop3_2Big 
Execute       cdfg_preprocess -model conv_bn_act_pool.3_Pipeline_Loop3_2Big 
Execute       rtl_gen_preprocess conv_bn_act_pool.3_Pipeline_Loop3_2Big 
INFO-FLOW: Preprocessing Module: conv_bn_act_pool.3 ...
Execute       set_default_model conv_bn_act_pool.3 
Execute       cdfg_preprocess -model conv_bn_act_pool.3 
Execute       rtl_gen_preprocess conv_bn_act_pool.3 
INFO-FLOW: Preprocessing Module: run_all_slices_unrolled_Pipeline_Loop_BN4 ...
Execute       set_default_model run_all_slices_unrolled_Pipeline_Loop_BN4 
Execute       cdfg_preprocess -model run_all_slices_unrolled_Pipeline_Loop_BN4 
Execute       rtl_gen_preprocess run_all_slices_unrolled_Pipeline_Loop_BN4 
INFO-FLOW: Preprocessing Module: run_all_slices_unrolled_Pipeline_MergedLoop3 ...
Execute       set_default_model run_all_slices_unrolled_Pipeline_MergedLoop3 
Execute       cdfg_preprocess -model run_all_slices_unrolled_Pipeline_MergedLoop3 
Execute       rtl_gen_preprocess run_all_slices_unrolled_Pipeline_MergedLoop3 
INFO-FLOW: Preprocessing Module: conv_bn_act_pool.4_Pipeline_BNParamsLoop ...
Execute       set_default_model conv_bn_act_pool.4_Pipeline_BNParamsLoop 
Execute       cdfg_preprocess -model conv_bn_act_pool.4_Pipeline_BNParamsLoop 
Execute       rtl_gen_preprocess conv_bn_act_pool.4_Pipeline_BNParamsLoop 
INFO-FLOW: Preprocessing Module: conv_bn_act_pool.4_Pipeline_Loop3_2Big ...
Execute       set_default_model conv_bn_act_pool.4_Pipeline_Loop3_2Big 
Execute       cdfg_preprocess -model conv_bn_act_pool.4_Pipeline_Loop3_2Big 
Execute       rtl_gen_preprocess conv_bn_act_pool.4_Pipeline_Loop3_2Big 
INFO-FLOW: Preprocessing Module: conv_bn_act_pool.4 ...
Execute       set_default_model conv_bn_act_pool.4 
Execute       cdfg_preprocess -model conv_bn_act_pool.4 
Execute       rtl_gen_preprocess conv_bn_act_pool.4 
INFO-FLOW: Preprocessing Module: run_all_slices_unrolled_Pipeline_Loop_BN5 ...
Execute       set_default_model run_all_slices_unrolled_Pipeline_Loop_BN5 
Execute       cdfg_preprocess -model run_all_slices_unrolled_Pipeline_Loop_BN5 
Execute       rtl_gen_preprocess run_all_slices_unrolled_Pipeline_Loop_BN5 
INFO-FLOW: Preprocessing Module: run_all_slices_unrolled_Pipeline_MergedLoop4 ...
Execute       set_default_model run_all_slices_unrolled_Pipeline_MergedLoop4 
Execute       cdfg_preprocess -model run_all_slices_unrolled_Pipeline_MergedLoop4 
Execute       rtl_gen_preprocess run_all_slices_unrolled_Pipeline_MergedLoop4 
INFO-FLOW: Preprocessing Module: run_all_slices_unrolled ...
Execute       set_default_model run_all_slices_unrolled 
Execute       cdfg_preprocess -model run_all_slices_unrolled 
Execute       rtl_gen_preprocess run_all_slices_unrolled 
INFO-FLOW: Preprocessing Module: run_model_Pipeline_Loop_BN ...
Execute       set_default_model run_model_Pipeline_Loop_BN 
Execute       cdfg_preprocess -model run_model_Pipeline_Loop_BN 
Execute       rtl_gen_preprocess run_model_Pipeline_Loop_BN 
INFO-FLOW: Preprocessing Module: run_model_Pipeline_ReLULoop1 ...
Execute       set_default_model run_model_Pipeline_ReLULoop1 
Execute       cdfg_preprocess -model run_model_Pipeline_ReLULoop1 
Execute       rtl_gen_preprocess run_model_Pipeline_ReLULoop1 
INFO-FLOW: Preprocessing Module: run_model_Pipeline_Loop_BN1 ...
Execute       set_default_model run_model_Pipeline_Loop_BN1 
Execute       cdfg_preprocess -model run_model_Pipeline_Loop_BN1 
Execute       rtl_gen_preprocess run_model_Pipeline_Loop_BN1 
INFO-FLOW: Preprocessing Module: run_model_Pipeline_ReLULoop2 ...
Execute       set_default_model run_model_Pipeline_ReLULoop2 
Execute       cdfg_preprocess -model run_model_Pipeline_ReLULoop2 
Execute       rtl_gen_preprocess run_model_Pipeline_ReLULoop2 
INFO-FLOW: Preprocessing Module: run_model ...
Execute       set_default_model run_model 
Execute       cdfg_preprocess -model run_model 
Execute       rtl_gen_preprocess run_model 
INFO-FLOW: Model list for synthesis: run_all_slices_unrolled_Pipeline_MergedLoop lstm_forward_unidir_Pipeline_VITIS_LOOP_145_1 lstm_forward_unidir_Pipeline_Loop2_1LSTM lstm_forward_unidir_Pipeline_Loop2_4LSTM lstm_forward_unidir run_all_slices_unrolled_Pipeline_Loop_BN run_all_slices_unrolled_Pipeline_MergedLoop0 conv_bn_act_pool_Pipeline_BNParamsLoop conv_bn_act_pool_Pipeline_Loop3_2Big conv_bn_act_pool run_all_slices_unrolled_Pipeline_Loop_BN2 run_all_slices_unrolled_Pipeline_MergedLoop1 conv_bn_act_pool.2_Pipeline_BNParamsLoop conv_bn_act_pool.2_Pipeline_Loop3_2Big conv_bn_act_pool.2 run_all_slices_unrolled_Pipeline_Loop_BN3 run_all_slices_unrolled_Pipeline_MergedLoop2 conv_bn_act_pool.3_Pipeline_BNParamsLoop conv_bn_act_pool.3_Pipeline_Loop3_2Big conv_bn_act_pool.3 run_all_slices_unrolled_Pipeline_Loop_BN4 run_all_slices_unrolled_Pipeline_MergedLoop3 conv_bn_act_pool.4_Pipeline_BNParamsLoop conv_bn_act_pool.4_Pipeline_Loop3_2Big conv_bn_act_pool.4 run_all_slices_unrolled_Pipeline_Loop_BN5 run_all_slices_unrolled_Pipeline_MergedLoop4 run_all_slices_unrolled run_model_Pipeline_Loop_BN run_model_Pipeline_ReLULoop1 run_model_Pipeline_Loop_BN1 run_model_Pipeline_ReLULoop2 run_model
INFO: [HLS 200-10] ----------------------------------------------------------------
INFO: [HLS 200-42] -- Implementing module 'run_all_slices_unrolled_Pipeline_MergedLoop' 
INFO: [HLS 200-10] ----------------------------------------------------------------
Execute       set_default_model run_all_slices_unrolled_Pipeline_MergedLoop 
Execute       schedule -model run_all_slices_unrolled_Pipeline_MergedLoop 
INFO: [SCHED 204-11] Starting scheduling ...
INFO: [SCHED 204-61] Pipelining loop 'MergedLoop'.
INFO: [HLS 200-1470] Pipelining result : Target II = NA, Final II = 1, Depth = 1, loop 'MergedLoop'
INFO: [SCHED 204-11] Finished scheduling.
INFO: [HLS 200-111] Finished Scheduling: CPU user time: 0.27 seconds. CPU system time: 0.03 seconds. Elapsed time: 0.3 seconds; current allocated memory: 606.727 MB.
Execute       syn_report -verbosereport -o /home/gkapakos/Desktop/ECE/10th_Semester/Architecture_of_Parallel_Systems/Project/BranchPredictionAI/C_Implementation/BranchPredictionAI/run_model/hls/.autopilot/db/run_all_slices_unrolled_Pipeline_MergedLoop.verbose.sched.rpt 
Execute         list_part -family xc7z020-clg400-3 
Execute           ap_family_info -name xc7z020-clg400-3 -data names 
Execute           ap_part_info -quiet -name xc7z020-clg400-3 -data family 
Execute       db_write -o /home/gkapakos/Desktop/ECE/10th_Semester/Architecture_of_Parallel_Systems/Project/BranchPredictionAI/C_Implementation/BranchPredictionAI/run_model/hls/.autopilot/db/run_all_slices_unrolled_Pipeline_MergedLoop.sched.adb -f 
INFO-FLOW: Finish scheduling run_all_slices_unrolled_Pipeline_MergedLoop.
Execute       set_default_model run_all_slices_unrolled_Pipeline_MergedLoop 
Execute       bind -model run_all_slices_unrolled_Pipeline_MergedLoop 
INFO: [BIND 205-100] Starting micro-architecture generation ...
INFO: [BIND 205-101] Performing variable lifetime analysis.
INFO: [BIND 205-101] Exploring resource sharing.
INFO: [BIND 205-101] Binding ...
INFO: [BIND 205-100] Finished micro-architecture generation.
INFO: [HLS 200-111] Finished Binding: CPU user time: 0.01 seconds. CPU system time: 0 seconds. Elapsed time: 0.01 seconds; current allocated memory: 606.727 MB.
Execute       syn_report -verbosereport -o /home/gkapakos/Desktop/ECE/10th_Semester/Architecture_of_Parallel_Systems/Project/BranchPredictionAI/C_Implementation/BranchPredictionAI/run_model/hls/.autopilot/db/run_all_slices_unrolled_Pipeline_MergedLoop.verbose.bind.rpt 
Execute         list_part -family xc7z020-clg400-3 
Execute           ap_family_info -name xc7z020-clg400-3 -data names 
Execute           ap_part_info -quiet -name xc7z020-clg400-3 -data family 
Execute       db_write -o /home/gkapakos/Desktop/ECE/10th_Semester/Architecture_of_Parallel_Systems/Project/BranchPredictionAI/C_Implementation/BranchPredictionAI/run_model/hls/.autopilot/db/run_all_slices_unrolled_Pipeline_MergedLoop.bind.adb -f 
INFO-FLOW: Finish binding run_all_slices_unrolled_Pipeline_MergedLoop.
INFO: [HLS 200-10] ----------------------------------------------------------------
INFO: [HLS 200-42] -- Implementing module 'lstm_forward_unidir_Pipeline_VITIS_LOOP_145_1' 
INFO: [HLS 200-10] ----------------------------------------------------------------
Execute       set_default_model lstm_forward_unidir_Pipeline_VITIS_LOOP_145_1 
Execute       schedule -model lstm_forward_unidir_Pipeline_VITIS_LOOP_145_1 
INFO: [SCHED 204-11] Starting scheduling ...
INFO: [SCHED 204-61] Pipelining loop 'VITIS_LOOP_145_1'.
INFO: [HLS 200-1470] Pipelining result : Target II = NA, Final II = 1, Depth = 1, loop 'VITIS_LOOP_145_1'
INFO: [SCHED 204-11] Finished scheduling.
INFO: [HLS 200-111] Finished Scheduling: CPU user time: 0.02 seconds. CPU system time: 0 seconds. Elapsed time: 0.02 seconds; current allocated memory: 606.961 MB.
Execute       syn_report -verbosereport -o /home/gkapakos/Desktop/ECE/10th_Semester/Architecture_of_Parallel_Systems/Project/BranchPredictionAI/C_Implementation/BranchPredictionAI/run_model/hls/.autopilot/db/lstm_forward_unidir_Pipeline_VITIS_LOOP_145_1.verbose.sched.rpt 
Execute         list_part -family xc7z020-clg400-3 
Execute           ap_family_info -name xc7z020-clg400-3 -data names 
Execute           ap_part_info -quiet -name xc7z020-clg400-3 -data family 
Execute       db_write -o /home/gkapakos/Desktop/ECE/10th_Semester/Architecture_of_Parallel_Systems/Project/BranchPredictionAI/C_Implementation/BranchPredictionAI/run_model/hls/.autopilot/db/lstm_forward_unidir_Pipeline_VITIS_LOOP_145_1.sched.adb -f 
INFO-FLOW: Finish scheduling lstm_forward_unidir_Pipeline_VITIS_LOOP_145_1.
Execute       set_default_model lstm_forward_unidir_Pipeline_VITIS_LOOP_145_1 
Execute       bind -model lstm_forward_unidir_Pipeline_VITIS_LOOP_145_1 
INFO: [BIND 205-100] Starting micro-architecture generation ...
INFO: [BIND 205-101] Performing variable lifetime analysis.
INFO: [BIND 205-101] Exploring resource sharing.
INFO: [BIND 205-101] Binding ...
INFO: [BIND 205-100] Finished micro-architecture generation.
INFO: [HLS 200-111] Finished Binding: CPU user time: 0.01 seconds. CPU system time: 0 seconds. Elapsed time: 0.02 seconds; current allocated memory: 606.961 MB.
Execute       syn_report -verbosereport -o /home/gkapakos/Desktop/ECE/10th_Semester/Architecture_of_Parallel_Systems/Project/BranchPredictionAI/C_Implementation/BranchPredictionAI/run_model/hls/.autopilot/db/lstm_forward_unidir_Pipeline_VITIS_LOOP_145_1.verbose.bind.rpt 
Execute         list_part -family xc7z020-clg400-3 
Execute           ap_family_info -name xc7z020-clg400-3 -data names 
Execute           ap_part_info -quiet -name xc7z020-clg400-3 -data family 
Execute       db_write -o /home/gkapakos/Desktop/ECE/10th_Semester/Architecture_of_Parallel_Systems/Project/BranchPredictionAI/C_Implementation/BranchPredictionAI/run_model/hls/.autopilot/db/lstm_forward_unidir_Pipeline_VITIS_LOOP_145_1.bind.adb -f 
INFO-FLOW: Finish binding lstm_forward_unidir_Pipeline_VITIS_LOOP_145_1.
INFO: [HLS 200-10] ----------------------------------------------------------------
INFO: [HLS 200-42] -- Implementing module 'lstm_forward_unidir_Pipeline_Loop2_1LSTM' 
INFO: [HLS 200-10] ----------------------------------------------------------------
Execute       set_default_model lstm_forward_unidir_Pipeline_Loop2_1LSTM 
Execute       schedule -model lstm_forward_unidir_Pipeline_Loop2_1LSTM 
INFO: [SCHED 204-11] Starting scheduling ...
INFO: [SCHED 204-61] Pipelining loop 'Loop2_1LSTM'.
INFO: [HLS 200-1470] Pipelining result : Target II = NA, Final II = 1, Depth = 1, loop 'Loop2_1LSTM'
INFO: [SCHED 204-11] Finished scheduling.
INFO: [HLS 200-111] Finished Scheduling: CPU user time: 0.04 seconds. CPU system time: 0 seconds. Elapsed time: 0.03 seconds; current allocated memory: 607.375 MB.
Execute       syn_report -verbosereport -o /home/gkapakos/Desktop/ECE/10th_Semester/Architecture_of_Parallel_Systems/Project/BranchPredictionAI/C_Implementation/BranchPredictionAI/run_model/hls/.autopilot/db/lstm_forward_unidir_Pipeline_Loop2_1LSTM.verbose.sched.rpt 
Execute         list_part -family xc7z020-clg400-3 
Execute           ap_family_info -name xc7z020-clg400-3 -data names 
Execute           ap_part_info -quiet -name xc7z020-clg400-3 -data family 
Execute       db_write -o /home/gkapakos/Desktop/ECE/10th_Semester/Architecture_of_Parallel_Systems/Project/BranchPredictionAI/C_Implementation/BranchPredictionAI/run_model/hls/.autopilot/db/lstm_forward_unidir_Pipeline_Loop2_1LSTM.sched.adb -f 
INFO-FLOW: Finish scheduling lstm_forward_unidir_Pipeline_Loop2_1LSTM.
Execute       set_default_model lstm_forward_unidir_Pipeline_Loop2_1LSTM 
Execute       bind -model lstm_forward_unidir_Pipeline_Loop2_1LSTM 
INFO: [BIND 205-100] Starting micro-architecture generation ...
INFO: [BIND 205-101] Performing variable lifetime analysis.
INFO: [BIND 205-101] Exploring resource sharing.
INFO: [BIND 205-101] Binding ...
INFO: [BIND 205-100] Finished micro-architecture generation.
INFO: [HLS 200-111] Finished Binding: CPU user time: 0.02 seconds. CPU system time: 0 seconds. Elapsed time: 0.01 seconds; current allocated memory: 607.375 MB.
Execute       syn_report -verbosereport -o /home/gkapakos/Desktop/ECE/10th_Semester/Architecture_of_Parallel_Systems/Project/BranchPredictionAI/C_Implementation/BranchPredictionAI/run_model/hls/.autopilot/db/lstm_forward_unidir_Pipeline_Loop2_1LSTM.verbose.bind.rpt 
Execute         list_part -family xc7z020-clg400-3 
Execute           ap_family_info -name xc7z020-clg400-3 -data names 
Execute           ap_part_info -quiet -name xc7z020-clg400-3 -data family 
Execute       db_write -o /home/gkapakos/Desktop/ECE/10th_Semester/Architecture_of_Parallel_Systems/Project/BranchPredictionAI/C_Implementation/BranchPredictionAI/run_model/hls/.autopilot/db/lstm_forward_unidir_Pipeline_Loop2_1LSTM.bind.adb -f 
INFO-FLOW: Finish binding lstm_forward_unidir_Pipeline_Loop2_1LSTM.
INFO: [HLS 200-10] ----------------------------------------------------------------
INFO: [HLS 200-42] -- Implementing module 'lstm_forward_unidir_Pipeline_Loop2_4LSTM' 
INFO: [HLS 200-10] ----------------------------------------------------------------
Execute       set_default_model lstm_forward_unidir_Pipeline_Loop2_4LSTM 
Execute       schedule -model lstm_forward_unidir_Pipeline_Loop2_4LSTM 
INFO: [SCHED 204-11] Starting scheduling ...
INFO: [SCHED 204-61] Pipelining loop 'Loop2_4LSTM'.
INFO: [SCHED 204-61] Discarding stage scheduling solution.
INFO: [HLS 200-1470] Pipelining result : Target II = NA, Final II = 1, Depth = 43, loop 'Loop2_4LSTM'
INFO: [SCHED 204-11] Finished scheduling.
INFO: [HLS 200-111] Finished Scheduling: CPU user time: 0.1 seconds. CPU system time: 0 seconds. Elapsed time: 0.1 seconds; current allocated memory: 608.906 MB.
Execute       syn_report -verbosereport -o /home/gkapakos/Desktop/ECE/10th_Semester/Architecture_of_Parallel_Systems/Project/BranchPredictionAI/C_Implementation/BranchPredictionAI/run_model/hls/.autopilot/db/lstm_forward_unidir_Pipeline_Loop2_4LSTM.verbose.sched.rpt 
Execute         list_part -family xc7z020-clg400-3 
Execute           ap_family_info -name xc7z020-clg400-3 -data names 
Execute           ap_part_info -quiet -name xc7z020-clg400-3 -data family 
Execute       db_write -o /home/gkapakos/Desktop/ECE/10th_Semester/Architecture_of_Parallel_Systems/Project/BranchPredictionAI/C_Implementation/BranchPredictionAI/run_model/hls/.autopilot/db/lstm_forward_unidir_Pipeline_Loop2_4LSTM.sched.adb -f 
INFO-FLOW: Finish scheduling lstm_forward_unidir_Pipeline_Loop2_4LSTM.
Execute       set_default_model lstm_forward_unidir_Pipeline_Loop2_4LSTM 
Execute       bind -model lstm_forward_unidir_Pipeline_Loop2_4LSTM 
INFO: [BIND 205-100] Starting micro-architecture generation ...
INFO: [BIND 205-101] Performing variable lifetime analysis.
INFO: [BIND 205-101] Exploring resource sharing.
INFO: [BIND 205-101] Binding ...
INFO: [BIND 205-100] Finished micro-architecture generation.
INFO: [HLS 200-111] Finished Binding: CPU user time: 0.03 seconds. CPU system time: 0.01 seconds. Elapsed time: 0.03 seconds; current allocated memory: 608.906 MB.
Execute       syn_report -verbosereport -o /home/gkapakos/Desktop/ECE/10th_Semester/Architecture_of_Parallel_Systems/Project/BranchPredictionAI/C_Implementation/BranchPredictionAI/run_model/hls/.autopilot/db/lstm_forward_unidir_Pipeline_Loop2_4LSTM.verbose.bind.rpt 
Execute         list_part -family xc7z020-clg400-3 
Execute           ap_family_info -name xc7z020-clg400-3 -data names 
Execute           ap_part_info -quiet -name xc7z020-clg400-3 -data family 
Execute       db_write -o /home/gkapakos/Desktop/ECE/10th_Semester/Architecture_of_Parallel_Systems/Project/BranchPredictionAI/C_Implementation/BranchPredictionAI/run_model/hls/.autopilot/db/lstm_forward_unidir_Pipeline_Loop2_4LSTM.bind.adb -f 
INFO-FLOW: Finish binding lstm_forward_unidir_Pipeline_Loop2_4LSTM.
INFO: [HLS 200-10] ----------------------------------------------------------------
INFO: [HLS 200-42] -- Implementing module 'lstm_forward_unidir' 
INFO: [HLS 200-10] ----------------------------------------------------------------
Execute       set_default_model lstm_forward_unidir 
Execute       schedule -model lstm_forward_unidir 
INFO: [SCHED 204-11] Starting scheduling ...
INFO: [SCHED 204-61] Pipelining loop 'Loop2_2LSTM_Loop3_2_1LSTM'.
INFO: [SCHED 204-61] Pipelining loop 'Loop2_3LSTM_Loop3_3_1LSTM'.
INFO: [HLS 200-1470] Pipelining result : Target II = NA, Final II = 1, Depth = 17, loop 'Loop2_2LSTM_Loop3_2_1LSTM'
INFO: [HLS 200-1470] Pipelining result : Target II = NA, Final II = 1, Depth = 17, loop 'Loop2_3LSTM_Loop3_3_1LSTM'
INFO: [SCHED 204-11] Finished scheduling.
INFO: [HLS 200-111] Finished Scheduling: CPU user time: 0.09 seconds. CPU system time: 0 seconds. Elapsed time: 0.1 seconds; current allocated memory: 610.941 MB.
Execute       syn_report -verbosereport -o /home/gkapakos/Desktop/ECE/10th_Semester/Architecture_of_Parallel_Systems/Project/BranchPredictionAI/C_Implementation/BranchPredictionAI/run_model/hls/.autopilot/db/lstm_forward_unidir.verbose.sched.rpt 
Execute         list_part -family xc7z020-clg400-3 
Execute           ap_family_info -name xc7z020-clg400-3 -data names 
Execute           ap_part_info -quiet -name xc7z020-clg400-3 -data family 
Execute       db_write -o /home/gkapakos/Desktop/ECE/10th_Semester/Architecture_of_Parallel_Systems/Project/BranchPredictionAI/C_Implementation/BranchPredictionAI/run_model/hls/.autopilot/db/lstm_forward_unidir.sched.adb -f 
INFO-FLOW: Finish scheduling lstm_forward_unidir.
Execute       set_default_model lstm_forward_unidir 
Execute       bind -model lstm_forward_unidir 
INFO: [BIND 205-100] Starting micro-architecture generation ...
INFO: [BIND 205-101] Performing variable lifetime analysis.
INFO: [BIND 205-101] Exploring resource sharing.
INFO: [BIND 205-101] Binding ...
INFO: [BIND 205-100] Finished micro-architecture generation.
INFO: [HLS 200-111] Finished Binding: CPU user time: 0.03 seconds. CPU system time: 0 seconds. Elapsed time: 0.03 seconds; current allocated memory: 610.941 MB.
Execute       syn_report -verbosereport -o /home/gkapakos/Desktop/ECE/10th_Semester/Architecture_of_Parallel_Systems/Project/BranchPredictionAI/C_Implementation/BranchPredictionAI/run_model/hls/.autopilot/db/lstm_forward_unidir.verbose.bind.rpt 
Execute         list_part -family xc7z020-clg400-3 
Execute           ap_family_info -name xc7z020-clg400-3 -data names 
Execute           ap_part_info -quiet -name xc7z020-clg400-3 -data family 
Execute       db_write -o /home/gkapakos/Desktop/ECE/10th_Semester/Architecture_of_Parallel_Systems/Project/BranchPredictionAI/C_Implementation/BranchPredictionAI/run_model/hls/.autopilot/db/lstm_forward_unidir.bind.adb -f 
INFO-FLOW: Finish binding lstm_forward_unidir.
INFO: [HLS 200-10] ----------------------------------------------------------------
INFO: [HLS 200-42] -- Implementing module 'run_all_slices_unrolled_Pipeline_Loop_BN' 
INFO: [HLS 200-10] ----------------------------------------------------------------
Execute       set_default_model run_all_slices_unrolled_Pipeline_Loop_BN 
Execute       schedule -model run_all_slices_unrolled_Pipeline_Loop_BN 
INFO: [SCHED 204-11] Starting scheduling ...
INFO: [SCHED 204-61] Pipelining loop 'Loop_BN'.
INFO: [HLS 200-1470] Pipelining result : Target II = NA, Final II = 1, Depth = 39, loop 'Loop_BN'
INFO: [SCHED 204-11] Finished scheduling.
INFO: [HLS 200-111] Finished Scheduling: CPU user time: 0.04 seconds. CPU system time: 0 seconds. Elapsed time: 0.04 seconds; current allocated memory: 611.273 MB.
Execute       syn_report -verbosereport -o /home/gkapakos/Desktop/ECE/10th_Semester/Architecture_of_Parallel_Systems/Project/BranchPredictionAI/C_Implementation/BranchPredictionAI/run_model/hls/.autopilot/db/run_all_slices_unrolled_Pipeline_Loop_BN.verbose.sched.rpt 
Execute         list_part -family xc7z020-clg400-3 
Execute           ap_family_info -name xc7z020-clg400-3 -data names 
Execute           ap_part_info -quiet -name xc7z020-clg400-3 -data family 
Execute       db_write -o /home/gkapakos/Desktop/ECE/10th_Semester/Architecture_of_Parallel_Systems/Project/BranchPredictionAI/C_Implementation/BranchPredictionAI/run_model/hls/.autopilot/db/run_all_slices_unrolled_Pipeline_Loop_BN.sched.adb -f 
INFO-FLOW: Finish scheduling run_all_slices_unrolled_Pipeline_Loop_BN.
Execute       set_default_model run_all_slices_unrolled_Pipeline_Loop_BN 
Execute       bind -model run_all_slices_unrolled_Pipeline_Loop_BN 
INFO: [BIND 205-100] Starting micro-architecture generation ...
INFO: [BIND 205-101] Performing variable lifetime analysis.
INFO: [BIND 205-101] Exploring resource sharing.
INFO: [BIND 205-101] Binding ...
INFO: [BIND 205-100] Finished micro-architecture generation.
INFO: [HLS 200-111] Finished Binding: CPU user time: 0.02 seconds. CPU system time: 0 seconds. Elapsed time: 0.02 seconds; current allocated memory: 611.273 MB.
Execute       syn_report -verbosereport -o /home/gkapakos/Desktop/ECE/10th_Semester/Architecture_of_Parallel_Systems/Project/BranchPredictionAI/C_Implementation/BranchPredictionAI/run_model/hls/.autopilot/db/run_all_slices_unrolled_Pipeline_Loop_BN.verbose.bind.rpt 
Execute         list_part -family xc7z020-clg400-3 
Execute           ap_family_info -name xc7z020-clg400-3 -data names 
Execute           ap_part_info -quiet -name xc7z020-clg400-3 -data family 
Execute       db_write -o /home/gkapakos/Desktop/ECE/10th_Semester/Architecture_of_Parallel_Systems/Project/BranchPredictionAI/C_Implementation/BranchPredictionAI/run_model/hls/.autopilot/db/run_all_slices_unrolled_Pipeline_Loop_BN.bind.adb -f 
INFO-FLOW: Finish binding run_all_slices_unrolled_Pipeline_Loop_BN.
INFO: [HLS 200-10] ----------------------------------------------------------------
INFO: [HLS 200-42] -- Implementing module 'run_all_slices_unrolled_Pipeline_MergedLoop0' 
INFO: [HLS 200-10] ----------------------------------------------------------------
Execute       set_default_model run_all_slices_unrolled_Pipeline_MergedLoop0 
Execute       schedule -model run_all_slices_unrolled_Pipeline_MergedLoop0 
INFO: [SCHED 204-11] Starting scheduling ...
INFO: [SCHED 204-61] Pipelining loop 'MergedLoop0'.
INFO: [HLS 200-1470] Pipelining result : Target II = NA, Final II = 1, Depth = 8, loop 'MergedLoop0'
INFO: [SCHED 204-11] Finished scheduling.
INFO: [HLS 200-111] Finished Scheduling: CPU user time: 0.03 seconds. CPU system time: 0.01 seconds. Elapsed time: 0.03 seconds; current allocated memory: 611.691 MB.
Execute       syn_report -verbosereport -o /home/gkapakos/Desktop/ECE/10th_Semester/Architecture_of_Parallel_Systems/Project/BranchPredictionAI/C_Implementation/BranchPredictionAI/run_model/hls/.autopilot/db/run_all_slices_unrolled_Pipeline_MergedLoop0.verbose.sched.rpt 
Execute         list_part -family xc7z020-clg400-3 
Execute           ap_family_info -name xc7z020-clg400-3 -data names 
Execute           ap_part_info -quiet -name xc7z020-clg400-3 -data family 
Execute       db_write -o /home/gkapakos/Desktop/ECE/10th_Semester/Architecture_of_Parallel_Systems/Project/BranchPredictionAI/C_Implementation/BranchPredictionAI/run_model/hls/.autopilot/db/run_all_slices_unrolled_Pipeline_MergedLoop0.sched.adb -f 
INFO-FLOW: Finish scheduling run_all_slices_unrolled_Pipeline_MergedLoop0.
Execute       set_default_model run_all_slices_unrolled_Pipeline_MergedLoop0 
Execute       bind -model run_all_slices_unrolled_Pipeline_MergedLoop0 
INFO: [BIND 205-100] Starting micro-architecture generation ...
INFO: [BIND 205-101] Performing variable lifetime analysis.
INFO: [BIND 205-101] Exploring resource sharing.
INFO: [BIND 205-101] Binding ...
INFO: [BIND 205-100] Finished micro-architecture generation.
INFO: [HLS 200-111] Finished Binding: CPU user time: 0.02 seconds. CPU system time: 0 seconds. Elapsed time: 0.02 seconds; current allocated memory: 611.691 MB.
Execute       syn_report -verbosereport -o /home/gkapakos/Desktop/ECE/10th_Semester/Architecture_of_Parallel_Systems/Project/BranchPredictionAI/C_Implementation/BranchPredictionAI/run_model/hls/.autopilot/db/run_all_slices_unrolled_Pipeline_MergedLoop0.verbose.bind.rpt 
Execute         list_part -family xc7z020-clg400-3 
Execute           ap_family_info -name xc7z020-clg400-3 -data names 
Execute           ap_part_info -quiet -name xc7z020-clg400-3 -data family 
Execute       db_write -o /home/gkapakos/Desktop/ECE/10th_Semester/Architecture_of_Parallel_Systems/Project/BranchPredictionAI/C_Implementation/BranchPredictionAI/run_model/hls/.autopilot/db/run_all_slices_unrolled_Pipeline_MergedLoop0.bind.adb -f 
INFO-FLOW: Finish binding run_all_slices_unrolled_Pipeline_MergedLoop0.
INFO: [HLS 200-10] ----------------------------------------------------------------
INFO: [HLS 200-42] -- Implementing module 'conv_bn_act_pool_Pipeline_BNParamsLoop' 
INFO: [HLS 200-10] ----------------------------------------------------------------
Execute       set_default_model conv_bn_act_pool_Pipeline_BNParamsLoop 
Execute       schedule -model conv_bn_act_pool_Pipeline_BNParamsLoop 
INFO: [SCHED 204-11] Starting scheduling ...
INFO: [SCHED 204-61] Pipelining loop 'BNParamsLoop'.
INFO: [HLS 200-1470] Pipelining result : Target II = NA, Final II = 1, Depth = 38, loop 'BNParamsLoop'
INFO: [SCHED 204-11] Finished scheduling.
INFO: [HLS 200-111] Finished Scheduling: CPU user time: 0.1 seconds. CPU system time: 0 seconds. Elapsed time: 0.11 seconds; current allocated memory: 614.039 MB.
Execute       syn_report -verbosereport -o /home/gkapakos/Desktop/ECE/10th_Semester/Architecture_of_Parallel_Systems/Project/BranchPredictionAI/C_Implementation/BranchPredictionAI/run_model/hls/.autopilot/db/conv_bn_act_pool_Pipeline_BNParamsLoop.verbose.sched.rpt 
Execute         list_part -family xc7z020-clg400-3 
Execute           ap_family_info -name xc7z020-clg400-3 -data names 
Execute           ap_part_info -quiet -name xc7z020-clg400-3 -data family 
Execute       db_write -o /home/gkapakos/Desktop/ECE/10th_Semester/Architecture_of_Parallel_Systems/Project/BranchPredictionAI/C_Implementation/BranchPredictionAI/run_model/hls/.autopilot/db/conv_bn_act_pool_Pipeline_BNParamsLoop.sched.adb -f 
INFO-FLOW: Finish scheduling conv_bn_act_pool_Pipeline_BNParamsLoop.
Execute       set_default_model conv_bn_act_pool_Pipeline_BNParamsLoop 
Execute       bind -model conv_bn_act_pool_Pipeline_BNParamsLoop 
INFO: [BIND 205-100] Starting micro-architecture generation ...
INFO: [BIND 205-101] Performing variable lifetime analysis.
INFO: [BIND 205-101] Exploring resource sharing.
INFO: [BIND 205-101] Binding ...
INFO: [BIND 205-100] Finished micro-architecture generation.
INFO: [HLS 200-111] Finished Binding: CPU user time: 0.04 seconds. CPU system time: 0 seconds. Elapsed time: 0.05 seconds; current allocated memory: 614.039 MB.
Execute       syn_report -verbosereport -o /home/gkapakos/Desktop/ECE/10th_Semester/Architecture_of_Parallel_Systems/Project/BranchPredictionAI/C_Implementation/BranchPredictionAI/run_model/hls/.autopilot/db/conv_bn_act_pool_Pipeline_BNParamsLoop.verbose.bind.rpt 
Execute         list_part -family xc7z020-clg400-3 
Execute           ap_family_info -name xc7z020-clg400-3 -data names 
Execute           ap_part_info -quiet -name xc7z020-clg400-3 -data family 
Execute       db_write -o /home/gkapakos/Desktop/ECE/10th_Semester/Architecture_of_Parallel_Systems/Project/BranchPredictionAI/C_Implementation/BranchPredictionAI/run_model/hls/.autopilot/db/conv_bn_act_pool_Pipeline_BNParamsLoop.bind.adb -f 
INFO-FLOW: Finish binding conv_bn_act_pool_Pipeline_BNParamsLoop.
INFO: [HLS 200-10] ----------------------------------------------------------------
INFO: [HLS 200-42] -- Implementing module 'conv_bn_act_pool_Pipeline_Loop3_2Big' 
INFO: [HLS 200-10] ----------------------------------------------------------------
Execute       set_default_model conv_bn_act_pool_Pipeline_Loop3_2Big 
Execute       schedule -model conv_bn_act_pool_Pipeline_Loop3_2Big 
INFO: [SCHED 204-11] Starting scheduling ...
INFO: [SCHED 204-61] Pipelining loop 'Loop3_2Big'.
INFO: [HLS 200-1470] Pipelining result : Target II = NA, Final II = 1, Depth = 9, loop 'Loop3_2Big'
INFO: [SCHED 204-11] Finished scheduling.
INFO: [HLS 200-111] Finished Scheduling: CPU user time: 0.13 seconds. CPU system time: 0.01 seconds. Elapsed time: 0.14 seconds; current allocated memory: 615.453 MB.
Execute       syn_report -verbosereport -o /home/gkapakos/Desktop/ECE/10th_Semester/Architecture_of_Parallel_Systems/Project/BranchPredictionAI/C_Implementation/BranchPredictionAI/run_model/hls/.autopilot/db/conv_bn_act_pool_Pipeline_Loop3_2Big.verbose.sched.rpt 
Execute         list_part -family xc7z020-clg400-3 
Execute           ap_family_info -name xc7z020-clg400-3 -data names 
Execute           ap_part_info -quiet -name xc7z020-clg400-3 -data family 
Execute       db_write -o /home/gkapakos/Desktop/ECE/10th_Semester/Architecture_of_Parallel_Systems/Project/BranchPredictionAI/C_Implementation/BranchPredictionAI/run_model/hls/.autopilot/db/conv_bn_act_pool_Pipeline_Loop3_2Big.sched.adb -f 
INFO-FLOW: Finish scheduling conv_bn_act_pool_Pipeline_Loop3_2Big.
Execute       set_default_model conv_bn_act_pool_Pipeline_Loop3_2Big 
Execute       bind -model conv_bn_act_pool_Pipeline_Loop3_2Big 
INFO: [BIND 205-100] Starting micro-architecture generation ...
INFO: [BIND 205-101] Performing variable lifetime analysis.
INFO: [BIND 205-101] Exploring resource sharing.
INFO: [BIND 205-101] Binding ...
INFO: [BIND 205-100] Finished micro-architecture generation.
INFO: [HLS 200-111] Finished Binding: CPU user time: 0.03 seconds. CPU system time: 0 seconds. Elapsed time: 0.03 seconds; current allocated memory: 615.453 MB.
Execute       syn_report -verbosereport -o /home/gkapakos/Desktop/ECE/10th_Semester/Architecture_of_Parallel_Systems/Project/BranchPredictionAI/C_Implementation/BranchPredictionAI/run_model/hls/.autopilot/db/conv_bn_act_pool_Pipeline_Loop3_2Big.verbose.bind.rpt 
Execute         list_part -family xc7z020-clg400-3 
Execute           ap_family_info -name xc7z020-clg400-3 -data names 
Execute           ap_part_info -quiet -name xc7z020-clg400-3 -data family 
Execute       db_write -o /home/gkapakos/Desktop/ECE/10th_Semester/Architecture_of_Parallel_Systems/Project/BranchPredictionAI/C_Implementation/BranchPredictionAI/run_model/hls/.autopilot/db/conv_bn_act_pool_Pipeline_Loop3_2Big.bind.adb -f 
INFO-FLOW: Finish binding conv_bn_act_pool_Pipeline_Loop3_2Big.
INFO: [HLS 200-10] ----------------------------------------------------------------
INFO: [HLS 200-42] -- Implementing module 'conv_bn_act_pool' 
INFO: [HLS 200-10] ----------------------------------------------------------------
Execute       set_default_model conv_bn_act_pool 
Execute       schedule -model conv_bn_act_pool 
INFO: [SCHED 204-11] Starting scheduling ...
INFO: [SCHED 204-61] Pipelining loop 'Loop3_1Big_Loop4Big'.
WARNING: [HLS 200-880] The II Violation in module 'conv_bn_act_pool' (loop 'Loop3_1Big_Loop4Big'): Unable to enforce a carried dependence constraint (II = 1, distance = 1, offset = 1) between 'hadd' operation 16 bit ('acc', ../main_5_slices.cpp:117) and 'hadd' operation 16 bit ('acc', ../main_5_slices.cpp:117).
WARNING: [HLS 200-880] The II Violation in module 'conv_bn_act_pool' (loop 'Loop3_1Big_Loop4Big'): Unable to enforce a carried dependence constraint (II = 2, distance = 1, offset = 1) between 'hadd' operation 16 bit ('acc', ../main_5_slices.cpp:117) and 'hadd' operation 16 bit ('acc', ../main_5_slices.cpp:117).
WARNING: [HLS 200-880] The II Violation in module 'conv_bn_act_pool' (loop 'Loop3_1Big_Loop4Big'): Unable to enforce a carried dependence constraint (II = 3, distance = 1, offset = 1) between 'hadd' operation 16 bit ('acc', ../main_5_slices.cpp:117) and 'hadd' operation 16 bit ('acc', ../main_5_slices.cpp:117).
WARNING: [HLS 200-880] The II Violation in module 'conv_bn_act_pool' (loop 'Loop3_1Big_Loop4Big'): Unable to enforce a carried dependence constraint (II = 4, distance = 1, offset = 1) between 'hadd' operation 16 bit ('acc', ../main_5_slices.cpp:117) and 'hadd' operation 16 bit ('acc', ../main_5_slices.cpp:117).
WARNING: [HLS 200-880] The II Violation in module 'conv_bn_act_pool' (loop 'Loop3_1Big_Loop4Big'): Unable to enforce a carried dependence constraint (II = 7, distance = 1, offset = 1) between 'hadd' operation 16 bit ('acc', ../main_5_slices.cpp:117) and 'hadd' operation 16 bit ('acc', ../main_5_slices.cpp:117).
WARNING: [HLS 200-880] The II Violation in module 'conv_bn_act_pool' (loop 'Loop3_1Big_Loop4Big'): Unable to enforce a carried dependence constraint (II = 9, distance = 1, offset = 1) between 'hadd' operation 16 bit ('acc', ../main_5_slices.cpp:117) and 'hadd' operation 16 bit ('acc', ../main_5_slices.cpp:117).
INFO: [HLS 200-1470] Pipelining result : Target II = NA, Final II = 10, Depth = 17, loop 'Loop3_1Big_Loop4Big'
INFO: [SCHED 204-11] Finished scheduling.
Command       schedule done; 0.18 sec.
INFO: [HLS 200-111] Finished Scheduling: CPU user time: 0.2 seconds. CPU system time: 0.01 seconds. Elapsed time: 0.21 seconds; current allocated memory: 619.559 MB.
Execute       syn_report -verbosereport -o /home/gkapakos/Desktop/ECE/10th_Semester/Architecture_of_Parallel_Systems/Project/BranchPredictionAI/C_Implementation/BranchPredictionAI/run_model/hls/.autopilot/db/conv_bn_act_pool.verbose.sched.rpt 
Execute         list_part -family xc7z020-clg400-3 
Execute           ap_family_info -name xc7z020-clg400-3 -data names 
Execute           ap_part_info -quiet -name xc7z020-clg400-3 -data family 
Execute       db_write -o /home/gkapakos/Desktop/ECE/10th_Semester/Architecture_of_Parallel_Systems/Project/BranchPredictionAI/C_Implementation/BranchPredictionAI/run_model/hls/.autopilot/db/conv_bn_act_pool.sched.adb -f 
INFO-FLOW: Finish scheduling conv_bn_act_pool.
Execute       set_default_model conv_bn_act_pool 
Execute       bind -model conv_bn_act_pool 
INFO: [BIND 205-100] Starting micro-architecture generation ...
INFO: [BIND 205-101] Performing variable lifetime analysis.
INFO: [BIND 205-101] Exploring resource sharing.
INFO: [BIND 205-101] Binding ...
INFO: [BIND 205-100] Finished micro-architecture generation.
INFO: [HLS 200-111] Finished Binding: CPU user time: 0.06 seconds. CPU system time: 0 seconds. Elapsed time: 0.06 seconds; current allocated memory: 619.559 MB.
Execute       syn_report -verbosereport -o /home/gkapakos/Desktop/ECE/10th_Semester/Architecture_of_Parallel_Systems/Project/BranchPredictionAI/C_Implementation/BranchPredictionAI/run_model/hls/.autopilot/db/conv_bn_act_pool.verbose.bind.rpt 
Execute         list_part -family xc7z020-clg400-3 
Execute           ap_family_info -name xc7z020-clg400-3 -data names 
Execute           ap_part_info -quiet -name xc7z020-clg400-3 -data family 
Execute       db_write -o /home/gkapakos/Desktop/ECE/10th_Semester/Architecture_of_Parallel_Systems/Project/BranchPredictionAI/C_Implementation/BranchPredictionAI/run_model/hls/.autopilot/db/conv_bn_act_pool.bind.adb -f 
INFO-FLOW: Finish binding conv_bn_act_pool.
INFO: [HLS 200-10] ----------------------------------------------------------------
INFO: [HLS 200-42] -- Implementing module 'run_all_slices_unrolled_Pipeline_Loop_BN2' 
INFO: [HLS 200-10] ----------------------------------------------------------------
Execute       set_default_model run_all_slices_unrolled_Pipeline_Loop_BN2 
Execute       schedule -model run_all_slices_unrolled_Pipeline_Loop_BN2 
INFO: [SCHED 204-11] Starting scheduling ...
INFO: [SCHED 204-61] Pipelining loop 'Loop_BN'.
INFO: [HLS 200-1470] Pipelining result : Target II = NA, Final II = 1, Depth = 39, loop 'Loop_BN'
INFO: [SCHED 204-11] Finished scheduling.
INFO: [HLS 200-111] Finished Scheduling: CPU user time: 0.06 seconds. CPU system time: 0.01 seconds. Elapsed time: 0.07 seconds; current allocated memory: 619.559 MB.
Execute       syn_report -verbosereport -o /home/gkapakos/Desktop/ECE/10th_Semester/Architecture_of_Parallel_Systems/Project/BranchPredictionAI/C_Implementation/BranchPredictionAI/run_model/hls/.autopilot/db/run_all_slices_unrolled_Pipeline_Loop_BN2.verbose.sched.rpt 
Execute         list_part -family xc7z020-clg400-3 
Execute           ap_family_info -name xc7z020-clg400-3 -data names 
Execute           ap_part_info -quiet -name xc7z020-clg400-3 -data family 
Execute       db_write -o /home/gkapakos/Desktop/ECE/10th_Semester/Architecture_of_Parallel_Systems/Project/BranchPredictionAI/C_Implementation/BranchPredictionAI/run_model/hls/.autopilot/db/run_all_slices_unrolled_Pipeline_Loop_BN2.sched.adb -f 
INFO-FLOW: Finish scheduling run_all_slices_unrolled_Pipeline_Loop_BN2.
Execute       set_default_model run_all_slices_unrolled_Pipeline_Loop_BN2 
Execute       bind -model run_all_slices_unrolled_Pipeline_Loop_BN2 
INFO: [BIND 205-100] Starting micro-architecture generation ...
INFO: [BIND 205-101] Performing variable lifetime analysis.
INFO: [BIND 205-101] Exploring resource sharing.
INFO: [BIND 205-101] Binding ...
INFO: [BIND 205-100] Finished micro-architecture generation.
INFO: [HLS 200-111] Finished Binding: CPU user time: 0.02 seconds. CPU system time: 0 seconds. Elapsed time: 0.02 seconds; current allocated memory: 619.559 MB.
Execute       syn_report -verbosereport -o /home/gkapakos/Desktop/ECE/10th_Semester/Architecture_of_Parallel_Systems/Project/BranchPredictionAI/C_Implementation/BranchPredictionAI/run_model/hls/.autopilot/db/run_all_slices_unrolled_Pipeline_Loop_BN2.verbose.bind.rpt 
Execute         list_part -family xc7z020-clg400-3 
Execute           ap_family_info -name xc7z020-clg400-3 -data names 
Execute           ap_part_info -quiet -name xc7z020-clg400-3 -data family 
Execute       db_write -o /home/gkapakos/Desktop/ECE/10th_Semester/Architecture_of_Parallel_Systems/Project/BranchPredictionAI/C_Implementation/BranchPredictionAI/run_model/hls/.autopilot/db/run_all_slices_unrolled_Pipeline_Loop_BN2.bind.adb -f 
INFO-FLOW: Finish binding run_all_slices_unrolled_Pipeline_Loop_BN2.
INFO: [HLS 200-10] ----------------------------------------------------------------
INFO: [HLS 200-42] -- Implementing module 'run_all_slices_unrolled_Pipeline_MergedLoop1' 
INFO: [HLS 200-10] ----------------------------------------------------------------
Execute       set_default_model run_all_slices_unrolled_Pipeline_MergedLoop1 
Execute       schedule -model run_all_slices_unrolled_Pipeline_MergedLoop1 
INFO: [SCHED 204-11] Starting scheduling ...
INFO: [SCHED 204-61] Pipelining loop 'MergedLoop1'.
INFO: [HLS 200-1470] Pipelining result : Target II = NA, Final II = 1, Depth = 8, loop 'MergedLoop1'
INFO: [SCHED 204-11] Finished scheduling.
INFO: [HLS 200-111] Finished Scheduling: CPU user time: 0.03 seconds. CPU system time: 0 seconds. Elapsed time: 0.03 seconds; current allocated memory: 619.641 MB.
Execute       syn_report -verbosereport -o /home/gkapakos/Desktop/ECE/10th_Semester/Architecture_of_Parallel_Systems/Project/BranchPredictionAI/C_Implementation/BranchPredictionAI/run_model/hls/.autopilot/db/run_all_slices_unrolled_Pipeline_MergedLoop1.verbose.sched.rpt 
Execute         list_part -family xc7z020-clg400-3 
Execute           ap_family_info -name xc7z020-clg400-3 -data names 
Execute           ap_part_info -quiet -name xc7z020-clg400-3 -data family 
Execute       db_write -o /home/gkapakos/Desktop/ECE/10th_Semester/Architecture_of_Parallel_Systems/Project/BranchPredictionAI/C_Implementation/BranchPredictionAI/run_model/hls/.autopilot/db/run_all_slices_unrolled_Pipeline_MergedLoop1.sched.adb -f 
INFO-FLOW: Finish scheduling run_all_slices_unrolled_Pipeline_MergedLoop1.
Execute       set_default_model run_all_slices_unrolled_Pipeline_MergedLoop1 
Execute       bind -model run_all_slices_unrolled_Pipeline_MergedLoop1 
INFO: [BIND 205-100] Starting micro-architecture generation ...
INFO: [BIND 205-101] Performing variable lifetime analysis.
INFO: [BIND 205-101] Exploring resource sharing.
INFO: [BIND 205-101] Binding ...
INFO: [BIND 205-100] Finished micro-architecture generation.
INFO: [HLS 200-111] Finished Binding: CPU user time: 0.02 seconds. CPU system time: 0 seconds. Elapsed time: 0.03 seconds; current allocated memory: 619.641 MB.
Execute       syn_report -verbosereport -o /home/gkapakos/Desktop/ECE/10th_Semester/Architecture_of_Parallel_Systems/Project/BranchPredictionAI/C_Implementation/BranchPredictionAI/run_model/hls/.autopilot/db/run_all_slices_unrolled_Pipeline_MergedLoop1.verbose.bind.rpt 
Execute         list_part -family xc7z020-clg400-3 
Execute           ap_family_info -name xc7z020-clg400-3 -data names 
Execute           ap_part_info -quiet -name xc7z020-clg400-3 -data family 
Execute       db_write -o /home/gkapakos/Desktop/ECE/10th_Semester/Architecture_of_Parallel_Systems/Project/BranchPredictionAI/C_Implementation/BranchPredictionAI/run_model/hls/.autopilot/db/run_all_slices_unrolled_Pipeline_MergedLoop1.bind.adb -f 
INFO-FLOW: Finish binding run_all_slices_unrolled_Pipeline_MergedLoop1.
INFO: [HLS 200-10] ----------------------------------------------------------------
INFO: [HLS 200-42] -- Implementing module 'conv_bn_act_pool_2_Pipeline_BNParamsLoop' 
INFO: [HLS 200-10] ----------------------------------------------------------------
Execute       set_default_model conv_bn_act_pool.2_Pipeline_BNParamsLoop 
Execute       schedule -model conv_bn_act_pool.2_Pipeline_BNParamsLoop 
INFO: [SCHED 204-11] Starting scheduling ...
INFO: [SCHED 204-61] Pipelining loop 'BNParamsLoop'.
INFO: [HLS 200-1470] Pipelining result : Target II = NA, Final II = 1, Depth = 38, loop 'BNParamsLoop'
INFO: [SCHED 204-11] Finished scheduling.
INFO: [HLS 200-111] Finished Scheduling: CPU user time: 0.1 seconds. CPU system time: 0.01 seconds. Elapsed time: 0.11 seconds; current allocated memory: 621.637 MB.
Execute       syn_report -verbosereport -o /home/gkapakos/Desktop/ECE/10th_Semester/Architecture_of_Parallel_Systems/Project/BranchPredictionAI/C_Implementation/BranchPredictionAI/run_model/hls/.autopilot/db/conv_bn_act_pool_2_Pipeline_BNParamsLoop.verbose.sched.rpt 
Execute         list_part -family xc7z020-clg400-3 
Execute           ap_family_info -name xc7z020-clg400-3 -data names 
Execute           ap_part_info -quiet -name xc7z020-clg400-3 -data family 
Execute       db_write -o /home/gkapakos/Desktop/ECE/10th_Semester/Architecture_of_Parallel_Systems/Project/BranchPredictionAI/C_Implementation/BranchPredictionAI/run_model/hls/.autopilot/db/conv_bn_act_pool_2_Pipeline_BNParamsLoop.sched.adb -f 
INFO-FLOW: Finish scheduling conv_bn_act_pool.2_Pipeline_BNParamsLoop.
Execute       set_default_model conv_bn_act_pool.2_Pipeline_BNParamsLoop 
Execute       bind -model conv_bn_act_pool.2_Pipeline_BNParamsLoop 
INFO: [BIND 205-100] Starting micro-architecture generation ...
INFO: [BIND 205-101] Performing variable lifetime analysis.
INFO: [BIND 205-101] Exploring resource sharing.
INFO: [BIND 205-101] Binding ...
INFO: [BIND 205-100] Finished micro-architecture generation.
INFO: [HLS 200-111] Finished Binding: CPU user time: 0.04 seconds. CPU system time: 0 seconds. Elapsed time: 0.05 seconds; current allocated memory: 621.637 MB.
Execute       syn_report -verbosereport -o /home/gkapakos/Desktop/ECE/10th_Semester/Architecture_of_Parallel_Systems/Project/BranchPredictionAI/C_Implementation/BranchPredictionAI/run_model/hls/.autopilot/db/conv_bn_act_pool_2_Pipeline_BNParamsLoop.verbose.bind.rpt 
Execute         list_part -family xc7z020-clg400-3 
Execute           ap_family_info -name xc7z020-clg400-3 -data names 
Execute           ap_part_info -quiet -name xc7z020-clg400-3 -data family 
Execute       db_write -o /home/gkapakos/Desktop/ECE/10th_Semester/Architecture_of_Parallel_Systems/Project/BranchPredictionAI/C_Implementation/BranchPredictionAI/run_model/hls/.autopilot/db/conv_bn_act_pool_2_Pipeline_BNParamsLoop.bind.adb -f 
INFO-FLOW: Finish binding conv_bn_act_pool.2_Pipeline_BNParamsLoop.
INFO: [HLS 200-10] ----------------------------------------------------------------
INFO: [HLS 200-42] -- Implementing module 'conv_bn_act_pool_2_Pipeline_Loop3_2Big' 
INFO: [HLS 200-10] ----------------------------------------------------------------
Execute       set_default_model conv_bn_act_pool.2_Pipeline_Loop3_2Big 
Execute       schedule -model conv_bn_act_pool.2_Pipeline_Loop3_2Big 
INFO: [SCHED 204-11] Starting scheduling ...
INFO: [SCHED 204-61] Pipelining loop 'Loop3_2Big'.
INFO: [HLS 200-1470] Pipelining result : Target II = NA, Final II = 1, Depth = 9, loop 'Loop3_2Big'
INFO: [SCHED 204-11] Finished scheduling.
INFO: [HLS 200-111] Finished Scheduling: CPU user time: 0.11 seconds. CPU system time: 0 seconds. Elapsed time: 0.11 seconds; current allocated memory: 623.105 MB.
Execute       syn_report -verbosereport -o /home/gkapakos/Desktop/ECE/10th_Semester/Architecture_of_Parallel_Systems/Project/BranchPredictionAI/C_Implementation/BranchPredictionAI/run_model/hls/.autopilot/db/conv_bn_act_pool_2_Pipeline_Loop3_2Big.verbose.sched.rpt 
Execute         list_part -family xc7z020-clg400-3 
Execute           ap_family_info -name xc7z020-clg400-3 -data names 
Execute           ap_part_info -quiet -name xc7z020-clg400-3 -data family 
Execute       db_write -o /home/gkapakos/Desktop/ECE/10th_Semester/Architecture_of_Parallel_Systems/Project/BranchPredictionAI/C_Implementation/BranchPredictionAI/run_model/hls/.autopilot/db/conv_bn_act_pool_2_Pipeline_Loop3_2Big.sched.adb -f 
INFO-FLOW: Finish scheduling conv_bn_act_pool.2_Pipeline_Loop3_2Big.
Execute       set_default_model conv_bn_act_pool.2_Pipeline_Loop3_2Big 
Execute       bind -model conv_bn_act_pool.2_Pipeline_Loop3_2Big 
INFO: [BIND 205-100] Starting micro-architecture generation ...
INFO: [BIND 205-101] Performing variable lifetime analysis.
INFO: [BIND 205-101] Exploring resource sharing.
INFO: [BIND 205-101] Binding ...
INFO: [BIND 205-100] Finished micro-architecture generation.
INFO: [HLS 200-111] Finished Binding: CPU user time: 0.03 seconds. CPU system time: 0 seconds. Elapsed time: 0.04 seconds; current allocated memory: 623.105 MB.
Execute       syn_report -verbosereport -o /home/gkapakos/Desktop/ECE/10th_Semester/Architecture_of_Parallel_Systems/Project/BranchPredictionAI/C_Implementation/BranchPredictionAI/run_model/hls/.autopilot/db/conv_bn_act_pool_2_Pipeline_Loop3_2Big.verbose.bind.rpt 
Execute         list_part -family xc7z020-clg400-3 
Execute           ap_family_info -name xc7z020-clg400-3 -data names 
Execute           ap_part_info -quiet -name xc7z020-clg400-3 -data family 
Execute       db_write -o /home/gkapakos/Desktop/ECE/10th_Semester/Architecture_of_Parallel_Systems/Project/BranchPredictionAI/C_Implementation/BranchPredictionAI/run_model/hls/.autopilot/db/conv_bn_act_pool_2_Pipeline_Loop3_2Big.bind.adb -f 
INFO-FLOW: Finish binding conv_bn_act_pool.2_Pipeline_Loop3_2Big.
INFO: [HLS 200-10] ----------------------------------------------------------------
INFO: [HLS 200-42] -- Implementing module 'conv_bn_act_pool_2' 
INFO: [HLS 200-10] ----------------------------------------------------------------
Execute       set_default_model conv_bn_act_pool.2 
Execute       schedule -model conv_bn_act_pool.2 
INFO: [SCHED 204-11] Starting scheduling ...
INFO: [SCHED 204-61] Pipelining loop 'Loop3_1Big_Loop4Big'.
WARNING: [HLS 200-880] The II Violation in module 'conv_bn_act_pool_2' (loop 'Loop3_1Big_Loop4Big'): Unable to enforce a carried dependence constraint (II = 1, distance = 1, offset = 1) between 'hadd' operation 16 bit ('acc', ../main_5_slices.cpp:117) and 'hadd' operation 16 bit ('acc', ../main_5_slices.cpp:117).
WARNING: [HLS 200-880] The II Violation in module 'conv_bn_act_pool_2' (loop 'Loop3_1Big_Loop4Big'): Unable to enforce a carried dependence constraint (II = 2, distance = 1, offset = 1) between 'hadd' operation 16 bit ('acc', ../main_5_slices.cpp:117) and 'hadd' operation 16 bit ('acc', ../main_5_slices.cpp:117).
WARNING: [HLS 200-880] The II Violation in module 'conv_bn_act_pool_2' (loop 'Loop3_1Big_Loop4Big'): Unable to enforce a carried dependence constraint (II = 3, distance = 1, offset = 1) between 'hadd' operation 16 bit ('acc', ../main_5_slices.cpp:117) and 'hadd' operation 16 bit ('acc', ../main_5_slices.cpp:117).
WARNING: [HLS 200-880] The II Violation in module 'conv_bn_act_pool_2' (loop 'Loop3_1Big_Loop4Big'): Unable to enforce a carried dependence constraint (II = 4, distance = 1, offset = 1) between 'hadd' operation 16 bit ('acc', ../main_5_slices.cpp:117) and 'hadd' operation 16 bit ('acc', ../main_5_slices.cpp:117).
WARNING: [HLS 200-880] The II Violation in module 'conv_bn_act_pool_2' (loop 'Loop3_1Big_Loop4Big'): Unable to enforce a carried dependence constraint (II = 7, distance = 1, offset = 1) between 'hadd' operation 16 bit ('acc', ../main_5_slices.cpp:117) and 'hadd' operation 16 bit ('acc', ../main_5_slices.cpp:117).
WARNING: [HLS 200-880] The II Violation in module 'conv_bn_act_pool_2' (loop 'Loop3_1Big_Loop4Big'): Unable to enforce a carried dependence constraint (II = 9, distance = 1, offset = 1) between 'hadd' operation 16 bit ('acc', ../main_5_slices.cpp:117) and 'hadd' operation 16 bit ('acc', ../main_5_slices.cpp:117).
INFO: [HLS 200-1470] Pipelining result : Target II = NA, Final II = 10, Depth = 17, loop 'Loop3_1Big_Loop4Big'
INFO: [SCHED 204-11] Finished scheduling.
Command       schedule done; 0.16 sec.
INFO: [HLS 200-111] Finished Scheduling: CPU user time: 0.18 seconds. CPU system time: 0.01 seconds. Elapsed time: 0.19 seconds; current allocated memory: 627.020 MB.
Execute       syn_report -verbosereport -o /home/gkapakos/Desktop/ECE/10th_Semester/Architecture_of_Parallel_Systems/Project/BranchPredictionAI/C_Implementation/BranchPredictionAI/run_model/hls/.autopilot/db/conv_bn_act_pool_2.verbose.sched.rpt 
Execute         list_part -family xc7z020-clg400-3 
Execute           ap_family_info -name xc7z020-clg400-3 -data names 
Execute           ap_part_info -quiet -name xc7z020-clg400-3 -data family 
Execute       db_write -o /home/gkapakos/Desktop/ECE/10th_Semester/Architecture_of_Parallel_Systems/Project/BranchPredictionAI/C_Implementation/BranchPredictionAI/run_model/hls/.autopilot/db/conv_bn_act_pool_2.sched.adb -f 
INFO-FLOW: Finish scheduling conv_bn_act_pool.2.
Execute       set_default_model conv_bn_act_pool.2 
Execute       bind -model conv_bn_act_pool.2 
INFO: [BIND 205-100] Starting micro-architecture generation ...
INFO: [BIND 205-101] Performing variable lifetime analysis.
INFO: [BIND 205-101] Exploring resource sharing.
INFO: [BIND 205-101] Binding ...
INFO: [BIND 205-100] Finished micro-architecture generation.
INFO: [HLS 200-111] Finished Binding: CPU user time: 0.06 seconds. CPU system time: 0 seconds. Elapsed time: 0.06 seconds; current allocated memory: 627.020 MB.
Execute       syn_report -verbosereport -o /home/gkapakos/Desktop/ECE/10th_Semester/Architecture_of_Parallel_Systems/Project/BranchPredictionAI/C_Implementation/BranchPredictionAI/run_model/hls/.autopilot/db/conv_bn_act_pool_2.verbose.bind.rpt 
Execute         list_part -family xc7z020-clg400-3 
Execute           ap_family_info -name xc7z020-clg400-3 -data names 
Execute           ap_part_info -quiet -name xc7z020-clg400-3 -data family 
Execute       db_write -o /home/gkapakos/Desktop/ECE/10th_Semester/Architecture_of_Parallel_Systems/Project/BranchPredictionAI/C_Implementation/BranchPredictionAI/run_model/hls/.autopilot/db/conv_bn_act_pool_2.bind.adb -f 
INFO-FLOW: Finish binding conv_bn_act_pool.2.
INFO: [HLS 200-10] ----------------------------------------------------------------
INFO: [HLS 200-42] -- Implementing module 'run_all_slices_unrolled_Pipeline_Loop_BN3' 
INFO: [HLS 200-10] ----------------------------------------------------------------
Execute       set_default_model run_all_slices_unrolled_Pipeline_Loop_BN3 
Execute       schedule -model run_all_slices_unrolled_Pipeline_Loop_BN3 
INFO: [SCHED 204-11] Starting scheduling ...
INFO: [SCHED 204-61] Pipelining loop 'Loop_BN'.
INFO: [HLS 200-1470] Pipelining result : Target II = NA, Final II = 1, Depth = 39, loop 'Loop_BN'
INFO: [SCHED 204-11] Finished scheduling.
INFO: [HLS 200-111] Finished Scheduling: CPU user time: 0.06 seconds. CPU system time: 0 seconds. Elapsed time: 0.07 seconds; current allocated memory: 627.141 MB.
Execute       syn_report -verbosereport -o /home/gkapakos/Desktop/ECE/10th_Semester/Architecture_of_Parallel_Systems/Project/BranchPredictionAI/C_Implementation/BranchPredictionAI/run_model/hls/.autopilot/db/run_all_slices_unrolled_Pipeline_Loop_BN3.verbose.sched.rpt 
Execute         list_part -family xc7z020-clg400-3 
Execute           ap_family_info -name xc7z020-clg400-3 -data names 
Execute           ap_part_info -quiet -name xc7z020-clg400-3 -data family 
Execute       db_write -o /home/gkapakos/Desktop/ECE/10th_Semester/Architecture_of_Parallel_Systems/Project/BranchPredictionAI/C_Implementation/BranchPredictionAI/run_model/hls/.autopilot/db/run_all_slices_unrolled_Pipeline_Loop_BN3.sched.adb -f 
INFO-FLOW: Finish scheduling run_all_slices_unrolled_Pipeline_Loop_BN3.
Execute       set_default_model run_all_slices_unrolled_Pipeline_Loop_BN3 
Execute       bind -model run_all_slices_unrolled_Pipeline_Loop_BN3 
INFO: [BIND 205-100] Starting micro-architecture generation ...
INFO: [BIND 205-101] Performing variable lifetime analysis.
INFO: [BIND 205-101] Exploring resource sharing.
INFO: [BIND 205-101] Binding ...
INFO: [BIND 205-100] Finished micro-architecture generation.
INFO: [HLS 200-111] Finished Binding: CPU user time: 0.03 seconds. CPU system time: 0 seconds. Elapsed time: 0.02 seconds; current allocated memory: 627.141 MB.
Execute       syn_report -verbosereport -o /home/gkapakos/Desktop/ECE/10th_Semester/Architecture_of_Parallel_Systems/Project/BranchPredictionAI/C_Implementation/BranchPredictionAI/run_model/hls/.autopilot/db/run_all_slices_unrolled_Pipeline_Loop_BN3.verbose.bind.rpt 
Execute         list_part -family xc7z020-clg400-3 
Execute           ap_family_info -name xc7z020-clg400-3 -data names 
Execute           ap_part_info -quiet -name xc7z020-clg400-3 -data family 
Execute       db_write -o /home/gkapakos/Desktop/ECE/10th_Semester/Architecture_of_Parallel_Systems/Project/BranchPredictionAI/C_Implementation/BranchPredictionAI/run_model/hls/.autopilot/db/run_all_slices_unrolled_Pipeline_Loop_BN3.bind.adb -f 
INFO-FLOW: Finish binding run_all_slices_unrolled_Pipeline_Loop_BN3.
INFO: [HLS 200-10] ----------------------------------------------------------------
INFO: [HLS 200-42] -- Implementing module 'run_all_slices_unrolled_Pipeline_MergedLoop2' 
INFO: [HLS 200-10] ----------------------------------------------------------------
Execute       set_default_model run_all_slices_unrolled_Pipeline_MergedLoop2 
Execute       schedule -model run_all_slices_unrolled_Pipeline_MergedLoop2 
INFO: [SCHED 204-11] Starting scheduling ...
INFO: [SCHED 204-61] Pipelining loop 'MergedLoop2'.
INFO: [HLS 200-1470] Pipelining result : Target II = NA, Final II = 1, Depth = 8, loop 'MergedLoop2'
INFO: [SCHED 204-11] Finished scheduling.
INFO: [HLS 200-111] Finished Scheduling: CPU user time: 0.03 seconds. CPU system time: 0.01 seconds. Elapsed time: 0.04 seconds; current allocated memory: 627.535 MB.
Execute       syn_report -verbosereport -o /home/gkapakos/Desktop/ECE/10th_Semester/Architecture_of_Parallel_Systems/Project/BranchPredictionAI/C_Implementation/BranchPredictionAI/run_model/hls/.autopilot/db/run_all_slices_unrolled_Pipeline_MergedLoop2.verbose.sched.rpt 
Execute         list_part -family xc7z020-clg400-3 
Execute           ap_family_info -name xc7z020-clg400-3 -data names 
Execute           ap_part_info -quiet -name xc7z020-clg400-3 -data family 
Execute       db_write -o /home/gkapakos/Desktop/ECE/10th_Semester/Architecture_of_Parallel_Systems/Project/BranchPredictionAI/C_Implementation/BranchPredictionAI/run_model/hls/.autopilot/db/run_all_slices_unrolled_Pipeline_MergedLoop2.sched.adb -f 
INFO-FLOW: Finish scheduling run_all_slices_unrolled_Pipeline_MergedLoop2.
Execute       set_default_model run_all_slices_unrolled_Pipeline_MergedLoop2 
Execute       bind -model run_all_slices_unrolled_Pipeline_MergedLoop2 
INFO: [BIND 205-100] Starting micro-architecture generation ...
INFO: [BIND 205-101] Performing variable lifetime analysis.
INFO: [BIND 205-101] Exploring resource sharing.
INFO: [BIND 205-101] Binding ...
INFO: [BIND 205-100] Finished micro-architecture generation.
INFO: [HLS 200-111] Finished Binding: CPU user time: 0.02 seconds. CPU system time: 0 seconds. Elapsed time: 0.03 seconds; current allocated memory: 627.535 MB.
Execute       syn_report -verbosereport -o /home/gkapakos/Desktop/ECE/10th_Semester/Architecture_of_Parallel_Systems/Project/BranchPredictionAI/C_Implementation/BranchPredictionAI/run_model/hls/.autopilot/db/run_all_slices_unrolled_Pipeline_MergedLoop2.verbose.bind.rpt 
Execute         list_part -family xc7z020-clg400-3 
Execute           ap_family_info -name xc7z020-clg400-3 -data names 
Execute           ap_part_info -quiet -name xc7z020-clg400-3 -data family 
Execute       db_write -o /home/gkapakos/Desktop/ECE/10th_Semester/Architecture_of_Parallel_Systems/Project/BranchPredictionAI/C_Implementation/BranchPredictionAI/run_model/hls/.autopilot/db/run_all_slices_unrolled_Pipeline_MergedLoop2.bind.adb -f 
INFO-FLOW: Finish binding run_all_slices_unrolled_Pipeline_MergedLoop2.
INFO: [HLS 200-10] ----------------------------------------------------------------
INFO: [HLS 200-42] -- Implementing module 'conv_bn_act_pool_3_Pipeline_BNParamsLoop' 
INFO: [HLS 200-10] ----------------------------------------------------------------
Execute       set_default_model conv_bn_act_pool.3_Pipeline_BNParamsLoop 
Execute       schedule -model conv_bn_act_pool.3_Pipeline_BNParamsLoop 
INFO: [SCHED 204-11] Starting scheduling ...
INFO: [SCHED 204-61] Pipelining loop 'BNParamsLoop'.
INFO: [HLS 200-1470] Pipelining result : Target II = NA, Final II = 1, Depth = 38, loop 'BNParamsLoop'
INFO: [SCHED 204-11] Finished scheduling.
INFO: [HLS 200-111] Finished Scheduling: CPU user time: 0.11 seconds. CPU system time: 0 seconds. Elapsed time: 0.11 seconds; current allocated memory: 629.297 MB.
Execute       syn_report -verbosereport -o /home/gkapakos/Desktop/ECE/10th_Semester/Architecture_of_Parallel_Systems/Project/BranchPredictionAI/C_Implementation/BranchPredictionAI/run_model/hls/.autopilot/db/conv_bn_act_pool_3_Pipeline_BNParamsLoop.verbose.sched.rpt 
Execute         list_part -family xc7z020-clg400-3 
Execute           ap_family_info -name xc7z020-clg400-3 -data names 
Execute           ap_part_info -quiet -name xc7z020-clg400-3 -data family 
Execute       db_write -o /home/gkapakos/Desktop/ECE/10th_Semester/Architecture_of_Parallel_Systems/Project/BranchPredictionAI/C_Implementation/BranchPredictionAI/run_model/hls/.autopilot/db/conv_bn_act_pool_3_Pipeline_BNParamsLoop.sched.adb -f 
INFO-FLOW: Finish scheduling conv_bn_act_pool.3_Pipeline_BNParamsLoop.
Execute       set_default_model conv_bn_act_pool.3_Pipeline_BNParamsLoop 
Execute       bind -model conv_bn_act_pool.3_Pipeline_BNParamsLoop 
INFO: [BIND 205-100] Starting micro-architecture generation ...
INFO: [BIND 205-101] Performing variable lifetime analysis.
INFO: [BIND 205-101] Exploring resource sharing.
INFO: [BIND 205-101] Binding ...
INFO: [BIND 205-100] Finished micro-architecture generation.
INFO: [HLS 200-111] Finished Binding: CPU user time: 0.04 seconds. CPU system time: 0 seconds. Elapsed time: 0.05 seconds; current allocated memory: 629.324 MB.
Execute       syn_report -verbosereport -o /home/gkapakos/Desktop/ECE/10th_Semester/Architecture_of_Parallel_Systems/Project/BranchPredictionAI/C_Implementation/BranchPredictionAI/run_model/hls/.autopilot/db/conv_bn_act_pool_3_Pipeline_BNParamsLoop.verbose.bind.rpt 
Execute         list_part -family xc7z020-clg400-3 
Execute           ap_family_info -name xc7z020-clg400-3 -data names 
Execute           ap_part_info -quiet -name xc7z020-clg400-3 -data family 
Execute       db_write -o /home/gkapakos/Desktop/ECE/10th_Semester/Architecture_of_Parallel_Systems/Project/BranchPredictionAI/C_Implementation/BranchPredictionAI/run_model/hls/.autopilot/db/conv_bn_act_pool_3_Pipeline_BNParamsLoop.bind.adb -f 
INFO-FLOW: Finish binding conv_bn_act_pool.3_Pipeline_BNParamsLoop.
INFO: [HLS 200-10] ----------------------------------------------------------------
INFO: [HLS 200-42] -- Implementing module 'conv_bn_act_pool_3_Pipeline_Loop3_2Big' 
INFO: [HLS 200-10] ----------------------------------------------------------------
Execute       set_default_model conv_bn_act_pool.3_Pipeline_Loop3_2Big 
Execute       schedule -model conv_bn_act_pool.3_Pipeline_Loop3_2Big 
INFO: [SCHED 204-11] Starting scheduling ...
INFO: [SCHED 204-61] Pipelining loop 'Loop3_2Big'.
INFO: [HLS 200-1470] Pipelining result : Target II = NA, Final II = 1, Depth = 9, loop 'Loop3_2Big'
INFO: [SCHED 204-11] Finished scheduling.
INFO: [HLS 200-111] Finished Scheduling: CPU user time: 0.13 seconds. CPU system time: 0.01 seconds. Elapsed time: 0.14 seconds; current allocated memory: 630.984 MB.
Execute       syn_report -verbosereport -o /home/gkapakos/Desktop/ECE/10th_Semester/Architecture_of_Parallel_Systems/Project/BranchPredictionAI/C_Implementation/BranchPredictionAI/run_model/hls/.autopilot/db/conv_bn_act_pool_3_Pipeline_Loop3_2Big.verbose.sched.rpt 
Execute         list_part -family xc7z020-clg400-3 
Execute           ap_family_info -name xc7z020-clg400-3 -data names 
Execute           ap_part_info -quiet -name xc7z020-clg400-3 -data family 
Execute       db_write -o /home/gkapakos/Desktop/ECE/10th_Semester/Architecture_of_Parallel_Systems/Project/BranchPredictionAI/C_Implementation/BranchPredictionAI/run_model/hls/.autopilot/db/conv_bn_act_pool_3_Pipeline_Loop3_2Big.sched.adb -f 
INFO-FLOW: Finish scheduling conv_bn_act_pool.3_Pipeline_Loop3_2Big.
Execute       set_default_model conv_bn_act_pool.3_Pipeline_Loop3_2Big 
Execute       bind -model conv_bn_act_pool.3_Pipeline_Loop3_2Big 
INFO: [BIND 205-100] Starting micro-architecture generation ...
INFO: [BIND 205-101] Performing variable lifetime analysis.
INFO: [BIND 205-101] Exploring resource sharing.
INFO: [BIND 205-101] Binding ...
INFO: [BIND 205-100] Finished micro-architecture generation.
INFO: [HLS 200-111] Finished Binding: CPU user time: 0.06 seconds. CPU system time: 0 seconds. Elapsed time: 0.07 seconds; current allocated memory: 630.984 MB.
Execute       syn_report -verbosereport -o /home/gkapakos/Desktop/ECE/10th_Semester/Architecture_of_Parallel_Systems/Project/BranchPredictionAI/C_Implementation/BranchPredictionAI/run_model/hls/.autopilot/db/conv_bn_act_pool_3_Pipeline_Loop3_2Big.verbose.bind.rpt 
Execute         list_part -family xc7z020-clg400-3 
Execute           ap_family_info -name xc7z020-clg400-3 -data names 
Execute           ap_part_info -quiet -name xc7z020-clg400-3 -data family 
Execute       db_write -o /home/gkapakos/Desktop/ECE/10th_Semester/Architecture_of_Parallel_Systems/Project/BranchPredictionAI/C_Implementation/BranchPredictionAI/run_model/hls/.autopilot/db/conv_bn_act_pool_3_Pipeline_Loop3_2Big.bind.adb -f 
INFO-FLOW: Finish binding conv_bn_act_pool.3_Pipeline_Loop3_2Big.
INFO: [HLS 200-10] ----------------------------------------------------------------
INFO: [HLS 200-42] -- Implementing module 'conv_bn_act_pool_3' 
INFO: [HLS 200-10] ----------------------------------------------------------------
Execute       set_default_model conv_bn_act_pool.3 
Execute       schedule -model conv_bn_act_pool.3 
INFO: [SCHED 204-11] Starting scheduling ...
INFO: [SCHED 204-61] Pipelining loop 'Loop3_1Big_Loop4Big'.
WARNING: [HLS 200-880] The II Violation in module 'conv_bn_act_pool_3' (loop 'Loop3_1Big_Loop4Big'): Unable to enforce a carried dependence constraint (II = 1, distance = 1, offset = 1) between 'hadd' operation 16 bit ('acc', ../main_5_slices.cpp:117) and 'hadd' operation 16 bit ('acc', ../main_5_slices.cpp:117).
WARNING: [HLS 200-880] The II Violation in module 'conv_bn_act_pool_3' (loop 'Loop3_1Big_Loop4Big'): Unable to enforce a carried dependence constraint (II = 2, distance = 1, offset = 1) between 'hadd' operation 16 bit ('acc', ../main_5_slices.cpp:117) and 'hadd' operation 16 bit ('acc', ../main_5_slices.cpp:117).
WARNING: [HLS 200-880] The II Violation in module 'conv_bn_act_pool_3' (loop 'Loop3_1Big_Loop4Big'): Unable to enforce a carried dependence constraint (II = 3, distance = 1, offset = 1) between 'hadd' operation 16 bit ('acc', ../main_5_slices.cpp:117) and 'hadd' operation 16 bit ('acc', ../main_5_slices.cpp:117).
WARNING: [HLS 200-880] The II Violation in module 'conv_bn_act_pool_3' (loop 'Loop3_1Big_Loop4Big'): Unable to enforce a carried dependence constraint (II = 4, distance = 1, offset = 1) between 'hadd' operation 16 bit ('acc', ../main_5_slices.cpp:117) and 'hadd' operation 16 bit ('acc', ../main_5_slices.cpp:117).
WARNING: [HLS 200-880] The II Violation in module 'conv_bn_act_pool_3' (loop 'Loop3_1Big_Loop4Big'): Unable to enforce a carried dependence constraint (II = 7, distance = 1, offset = 1) between 'hadd' operation 16 bit ('acc', ../main_5_slices.cpp:117) and 'hadd' operation 16 bit ('acc', ../main_5_slices.cpp:117).
WARNING: [HLS 200-880] The II Violation in module 'conv_bn_act_pool_3' (loop 'Loop3_1Big_Loop4Big'): Unable to enforce a carried dependence constraint (II = 9, distance = 1, offset = 1) between 'hadd' operation 16 bit ('acc', ../main_5_slices.cpp:117) and 'hadd' operation 16 bit ('acc', ../main_5_slices.cpp:117).
INFO: [HLS 200-1470] Pipelining result : Target II = NA, Final II = 10, Depth = 17, loop 'Loop3_1Big_Loop4Big'
INFO: [SCHED 204-11] Finished scheduling.
Command       schedule done; 0.36 sec.
INFO: [HLS 200-111] Finished Scheduling: CPU user time: 0.36 seconds. CPU system time: 0.01 seconds. Elapsed time: 0.42 seconds; current allocated memory: 634.645 MB.
Execute       syn_report -verbosereport -o /home/gkapakos/Desktop/ECE/10th_Semester/Architecture_of_Parallel_Systems/Project/BranchPredictionAI/C_Implementation/BranchPredictionAI/run_model/hls/.autopilot/db/conv_bn_act_pool_3.verbose.sched.rpt 
Execute         list_part -family xc7z020-clg400-3 
Execute           ap_family_info -name xc7z020-clg400-3 -data names 
Execute           ap_part_info -quiet -name xc7z020-clg400-3 -data family 
Execute       db_write -o /home/gkapakos/Desktop/ECE/10th_Semester/Architecture_of_Parallel_Systems/Project/BranchPredictionAI/C_Implementation/BranchPredictionAI/run_model/hls/.autopilot/db/conv_bn_act_pool_3.sched.adb -f 
INFO-FLOW: Finish scheduling conv_bn_act_pool.3.
Execute       set_default_model conv_bn_act_pool.3 
Execute       bind -model conv_bn_act_pool.3 
INFO: [BIND 205-100] Starting micro-architecture generation ...
INFO: [BIND 205-101] Performing variable lifetime analysis.
INFO: [BIND 205-101] Exploring resource sharing.
INFO: [BIND 205-101] Binding ...
INFO: [BIND 205-100] Finished micro-architecture generation.
INFO: [HLS 200-111] Finished Binding: CPU user time: 0.08 seconds. CPU system time: 0 seconds. Elapsed time: 0.09 seconds; current allocated memory: 634.645 MB.
Execute       syn_report -verbosereport -o /home/gkapakos/Desktop/ECE/10th_Semester/Architecture_of_Parallel_Systems/Project/BranchPredictionAI/C_Implementation/BranchPredictionAI/run_model/hls/.autopilot/db/conv_bn_act_pool_3.verbose.bind.rpt 
Execute         list_part -family xc7z020-clg400-3 
Execute           ap_family_info -name xc7z020-clg400-3 -data names 
Execute           ap_part_info -quiet -name xc7z020-clg400-3 -data family 
Execute       db_write -o /home/gkapakos/Desktop/ECE/10th_Semester/Architecture_of_Parallel_Systems/Project/BranchPredictionAI/C_Implementation/BranchPredictionAI/run_model/hls/.autopilot/db/conv_bn_act_pool_3.bind.adb -f 
INFO-FLOW: Finish binding conv_bn_act_pool.3.
INFO: [HLS 200-10] ----------------------------------------------------------------
INFO: [HLS 200-42] -- Implementing module 'run_all_slices_unrolled_Pipeline_Loop_BN4' 
INFO: [HLS 200-10] ----------------------------------------------------------------
Execute       set_default_model run_all_slices_unrolled_Pipeline_Loop_BN4 
Execute       schedule -model run_all_slices_unrolled_Pipeline_Loop_BN4 
INFO: [SCHED 204-11] Starting scheduling ...
INFO: [SCHED 204-61] Pipelining loop 'Loop_BN'.
INFO: [HLS 200-1470] Pipelining result : Target II = NA, Final II = 1, Depth = 39, loop 'Loop_BN'
INFO: [SCHED 204-11] Finished scheduling.
INFO: [HLS 200-111] Finished Scheduling: CPU user time: 0.13 seconds. CPU system time: 0.01 seconds. Elapsed time: 0.15 seconds; current allocated memory: 634.988 MB.
Execute       syn_report -verbosereport -o /home/gkapakos/Desktop/ECE/10th_Semester/Architecture_of_Parallel_Systems/Project/BranchPredictionAI/C_Implementation/BranchPredictionAI/run_model/hls/.autopilot/db/run_all_slices_unrolled_Pipeline_Loop_BN4.verbose.sched.rpt 
Execute         list_part -family xc7z020-clg400-3 
Execute           ap_family_info -name xc7z020-clg400-3 -data names 
Execute           ap_part_info -quiet -name xc7z020-clg400-3 -data family 
Execute       db_write -o /home/gkapakos/Desktop/ECE/10th_Semester/Architecture_of_Parallel_Systems/Project/BranchPredictionAI/C_Implementation/BranchPredictionAI/run_model/hls/.autopilot/db/run_all_slices_unrolled_Pipeline_Loop_BN4.sched.adb -f 
INFO-FLOW: Finish scheduling run_all_slices_unrolled_Pipeline_Loop_BN4.
Execute       set_default_model run_all_slices_unrolled_Pipeline_Loop_BN4 
Execute       bind -model run_all_slices_unrolled_Pipeline_Loop_BN4 
INFO: [BIND 205-100] Starting micro-architecture generation ...
INFO: [BIND 205-101] Performing variable lifetime analysis.
INFO: [BIND 205-101] Exploring resource sharing.
INFO: [BIND 205-101] Binding ...
INFO: [BIND 205-100] Finished micro-architecture generation.
INFO: [HLS 200-111] Finished Binding: CPU user time: 0.03 seconds. CPU system time: 0 seconds. Elapsed time: 0.04 seconds; current allocated memory: 634.988 MB.
Execute       syn_report -verbosereport -o /home/gkapakos/Desktop/ECE/10th_Semester/Architecture_of_Parallel_Systems/Project/BranchPredictionAI/C_Implementation/BranchPredictionAI/run_model/hls/.autopilot/db/run_all_slices_unrolled_Pipeline_Loop_BN4.verbose.bind.rpt 
Execute         list_part -family xc7z020-clg400-3 
Execute           ap_family_info -name xc7z020-clg400-3 -data names 
Execute           ap_part_info -quiet -name xc7z020-clg400-3 -data family 
Execute       db_write -o /home/gkapakos/Desktop/ECE/10th_Semester/Architecture_of_Parallel_Systems/Project/BranchPredictionAI/C_Implementation/BranchPredictionAI/run_model/hls/.autopilot/db/run_all_slices_unrolled_Pipeline_Loop_BN4.bind.adb -f 
INFO-FLOW: Finish binding run_all_slices_unrolled_Pipeline_Loop_BN4.
INFO: [HLS 200-10] ----------------------------------------------------------------
INFO: [HLS 200-42] -- Implementing module 'run_all_slices_unrolled_Pipeline_MergedLoop3' 
INFO: [HLS 200-10] ----------------------------------------------------------------
Execute       set_default_model run_all_slices_unrolled_Pipeline_MergedLoop3 
Execute       schedule -model run_all_slices_unrolled_Pipeline_MergedLoop3 
INFO: [SCHED 204-11] Starting scheduling ...
INFO: [SCHED 204-61] Pipelining loop 'MergedLoop3'.
INFO: [HLS 200-1470] Pipelining result : Target II = NA, Final II = 1, Depth = 8, loop 'MergedLoop3'
INFO: [SCHED 204-11] Finished scheduling.
INFO: [HLS 200-111] Finished Scheduling: CPU user time: 0.05 seconds. CPU system time: 0 seconds. Elapsed time: 0.05 seconds; current allocated memory: 635.488 MB.
Execute       syn_report -verbosereport -o /home/gkapakos/Desktop/ECE/10th_Semester/Architecture_of_Parallel_Systems/Project/BranchPredictionAI/C_Implementation/BranchPredictionAI/run_model/hls/.autopilot/db/run_all_slices_unrolled_Pipeline_MergedLoop3.verbose.sched.rpt 
Execute         list_part -family xc7z020-clg400-3 
Execute           ap_family_info -name xc7z020-clg400-3 -data names 
Execute           ap_part_info -quiet -name xc7z020-clg400-3 -data family 
Execute       db_write -o /home/gkapakos/Desktop/ECE/10th_Semester/Architecture_of_Parallel_Systems/Project/BranchPredictionAI/C_Implementation/BranchPredictionAI/run_model/hls/.autopilot/db/run_all_slices_unrolled_Pipeline_MergedLoop3.sched.adb -f 
INFO-FLOW: Finish scheduling run_all_slices_unrolled_Pipeline_MergedLoop3.
Execute       set_default_model run_all_slices_unrolled_Pipeline_MergedLoop3 
Execute       bind -model run_all_slices_unrolled_Pipeline_MergedLoop3 
INFO: [BIND 205-100] Starting micro-architecture generation ...
INFO: [BIND 205-101] Performing variable lifetime analysis.
INFO: [BIND 205-101] Exploring resource sharing.
INFO: [BIND 205-101] Binding ...
INFO: [BIND 205-100] Finished micro-architecture generation.
INFO: [HLS 200-111] Finished Binding: CPU user time: 0.03 seconds. CPU system time: 0 seconds. Elapsed time: 0.03 seconds; current allocated memory: 635.488 MB.
Execute       syn_report -verbosereport -o /home/gkapakos/Desktop/ECE/10th_Semester/Architecture_of_Parallel_Systems/Project/BranchPredictionAI/C_Implementation/BranchPredictionAI/run_model/hls/.autopilot/db/run_all_slices_unrolled_Pipeline_MergedLoop3.verbose.bind.rpt 
Execute         list_part -family xc7z020-clg400-3 
Execute           ap_family_info -name xc7z020-clg400-3 -data names 
Execute           ap_part_info -quiet -name xc7z020-clg400-3 -data family 
Execute       db_write -o /home/gkapakos/Desktop/ECE/10th_Semester/Architecture_of_Parallel_Systems/Project/BranchPredictionAI/C_Implementation/BranchPredictionAI/run_model/hls/.autopilot/db/run_all_slices_unrolled_Pipeline_MergedLoop3.bind.adb -f 
INFO-FLOW: Finish binding run_all_slices_unrolled_Pipeline_MergedLoop3.
INFO: [HLS 200-10] ----------------------------------------------------------------
INFO: [HLS 200-42] -- Implementing module 'conv_bn_act_pool_4_Pipeline_BNParamsLoop' 
INFO: [HLS 200-10] ----------------------------------------------------------------
Execute       set_default_model conv_bn_act_pool.4_Pipeline_BNParamsLoop 
Execute       schedule -model conv_bn_act_pool.4_Pipeline_BNParamsLoop 
INFO: [SCHED 204-11] Starting scheduling ...
INFO: [SCHED 204-61] Pipelining loop 'BNParamsLoop'.
INFO: [HLS 200-1470] Pipelining result : Target II = NA, Final II = 1, Depth = 38, loop 'BNParamsLoop'
INFO: [SCHED 204-11] Finished scheduling.
Command       schedule done; 0.12 sec.
INFO: [HLS 200-111] Finished Scheduling: CPU user time: 0.13 seconds. CPU system time: 0.01 seconds. Elapsed time: 0.14 seconds; current allocated memory: 637.078 MB.
Execute       syn_report -verbosereport -o /home/gkapakos/Desktop/ECE/10th_Semester/Architecture_of_Parallel_Systems/Project/BranchPredictionAI/C_Implementation/BranchPredictionAI/run_model/hls/.autopilot/db/conv_bn_act_pool_4_Pipeline_BNParamsLoop.verbose.sched.rpt 
Execute         list_part -family xc7z020-clg400-3 
Execute           ap_family_info -name xc7z020-clg400-3 -data names 
Execute           ap_part_info -quiet -name xc7z020-clg400-3 -data family 
Execute       db_write -o /home/gkapakos/Desktop/ECE/10th_Semester/Architecture_of_Parallel_Systems/Project/BranchPredictionAI/C_Implementation/BranchPredictionAI/run_model/hls/.autopilot/db/conv_bn_act_pool_4_Pipeline_BNParamsLoop.sched.adb -f 
INFO-FLOW: Finish scheduling conv_bn_act_pool.4_Pipeline_BNParamsLoop.
Execute       set_default_model conv_bn_act_pool.4_Pipeline_BNParamsLoop 
Execute       bind -model conv_bn_act_pool.4_Pipeline_BNParamsLoop 
INFO: [BIND 205-100] Starting micro-architecture generation ...
INFO: [BIND 205-101] Performing variable lifetime analysis.
INFO: [BIND 205-101] Exploring resource sharing.
INFO: [BIND 205-101] Binding ...
INFO: [BIND 205-100] Finished micro-architecture generation.
INFO: [HLS 200-111] Finished Binding: CPU user time: 0.06 seconds. CPU system time: 0 seconds. Elapsed time: 0.06 seconds; current allocated memory: 637.238 MB.
Execute       syn_report -verbosereport -o /home/gkapakos/Desktop/ECE/10th_Semester/Architecture_of_Parallel_Systems/Project/BranchPredictionAI/C_Implementation/BranchPredictionAI/run_model/hls/.autopilot/db/conv_bn_act_pool_4_Pipeline_BNParamsLoop.verbose.bind.rpt 
Execute         list_part -family xc7z020-clg400-3 
Execute           ap_family_info -name xc7z020-clg400-3 -data names 
Execute           ap_part_info -quiet -name xc7z020-clg400-3 -data family 
Execute       db_write -o /home/gkapakos/Desktop/ECE/10th_Semester/Architecture_of_Parallel_Systems/Project/BranchPredictionAI/C_Implementation/BranchPredictionAI/run_model/hls/.autopilot/db/conv_bn_act_pool_4_Pipeline_BNParamsLoop.bind.adb -f 
INFO-FLOW: Finish binding conv_bn_act_pool.4_Pipeline_BNParamsLoop.
INFO: [HLS 200-10] ----------------------------------------------------------------
INFO: [HLS 200-42] -- Implementing module 'conv_bn_act_pool_4_Pipeline_Loop3_2Big' 
INFO: [HLS 200-10] ----------------------------------------------------------------
Execute       set_default_model conv_bn_act_pool.4_Pipeline_Loop3_2Big 
Execute       schedule -model conv_bn_act_pool.4_Pipeline_Loop3_2Big 
INFO: [SCHED 204-11] Starting scheduling ...
INFO: [SCHED 204-61] Pipelining loop 'Loop3_2Big'.
INFO: [HLS 200-1470] Pipelining result : Target II = NA, Final II = 1, Depth = 9, loop 'Loop3_2Big'
INFO: [SCHED 204-11] Finished scheduling.
INFO: [HLS 200-111] Finished Scheduling: CPU user time: 0.13 seconds. CPU system time: 0 seconds. Elapsed time: 0.14 seconds; current allocated memory: 638.711 MB.
Execute       syn_report -verbosereport -o /home/gkapakos/Desktop/ECE/10th_Semester/Architecture_of_Parallel_Systems/Project/BranchPredictionAI/C_Implementation/BranchPredictionAI/run_model/hls/.autopilot/db/conv_bn_act_pool_4_Pipeline_Loop3_2Big.verbose.sched.rpt 
Execute         list_part -family xc7z020-clg400-3 
Execute           ap_family_info -name xc7z020-clg400-3 -data names 
Execute           ap_part_info -quiet -name xc7z020-clg400-3 -data family 
Execute       db_write -o /home/gkapakos/Desktop/ECE/10th_Semester/Architecture_of_Parallel_Systems/Project/BranchPredictionAI/C_Implementation/BranchPredictionAI/run_model/hls/.autopilot/db/conv_bn_act_pool_4_Pipeline_Loop3_2Big.sched.adb -f 
INFO-FLOW: Finish scheduling conv_bn_act_pool.4_Pipeline_Loop3_2Big.
Execute       set_default_model conv_bn_act_pool.4_Pipeline_Loop3_2Big 
Execute       bind -model conv_bn_act_pool.4_Pipeline_Loop3_2Big 
INFO: [BIND 205-100] Starting micro-architecture generation ...
INFO: [BIND 205-101] Performing variable lifetime analysis.
INFO: [BIND 205-101] Exploring resource sharing.
INFO: [BIND 205-101] Binding ...
INFO: [BIND 205-100] Finished micro-architecture generation.
INFO: [HLS 200-111] Finished Binding: CPU user time: 0.04 seconds. CPU system time: 0 seconds. Elapsed time: 0.04 seconds; current allocated memory: 638.711 MB.
Execute       syn_report -verbosereport -o /home/gkapakos/Desktop/ECE/10th_Semester/Architecture_of_Parallel_Systems/Project/BranchPredictionAI/C_Implementation/BranchPredictionAI/run_model/hls/.autopilot/db/conv_bn_act_pool_4_Pipeline_Loop3_2Big.verbose.bind.rpt 
Execute         list_part -family xc7z020-clg400-3 
Execute           ap_family_info -name xc7z020-clg400-3 -data names 
Execute           ap_part_info -quiet -name xc7z020-clg400-3 -data family 
Execute       db_write -o /home/gkapakos/Desktop/ECE/10th_Semester/Architecture_of_Parallel_Systems/Project/BranchPredictionAI/C_Implementation/BranchPredictionAI/run_model/hls/.autopilot/db/conv_bn_act_pool_4_Pipeline_Loop3_2Big.bind.adb -f 
INFO-FLOW: Finish binding conv_bn_act_pool.4_Pipeline_Loop3_2Big.
INFO: [HLS 200-10] ----------------------------------------------------------------
INFO: [HLS 200-42] -- Implementing module 'conv_bn_act_pool_4' 
INFO: [HLS 200-10] ----------------------------------------------------------------
Execute       set_default_model conv_bn_act_pool.4 
Execute       schedule -model conv_bn_act_pool.4 
INFO: [SCHED 204-11] Starting scheduling ...
INFO: [SCHED 204-61] Pipelining loop 'Loop3_1Big_Loop4Big'.
WARNING: [HLS 200-880] The II Violation in module 'conv_bn_act_pool_4' (loop 'Loop3_1Big_Loop4Big'): Unable to enforce a carried dependence constraint (II = 1, distance = 1, offset = 1) between 'hadd' operation 16 bit ('acc', ../main_5_slices.cpp:117) and 'hadd' operation 16 bit ('acc', ../main_5_slices.cpp:117).
WARNING: [HLS 200-880] The II Violation in module 'conv_bn_act_pool_4' (loop 'Loop3_1Big_Loop4Big'): Unable to enforce a carried dependence constraint (II = 2, distance = 1, offset = 1) between 'hadd' operation 16 bit ('acc', ../main_5_slices.cpp:117) and 'hadd' operation 16 bit ('acc', ../main_5_slices.cpp:117).
WARNING: [HLS 200-880] The II Violation in module 'conv_bn_act_pool_4' (loop 'Loop3_1Big_Loop4Big'): Unable to enforce a carried dependence constraint (II = 3, distance = 1, offset = 1) between 'hadd' operation 16 bit ('acc', ../main_5_slices.cpp:117) and 'hadd' operation 16 bit ('acc', ../main_5_slices.cpp:117).
WARNING: [HLS 200-880] The II Violation in module 'conv_bn_act_pool_4' (loop 'Loop3_1Big_Loop4Big'): Unable to enforce a carried dependence constraint (II = 4, distance = 1, offset = 1) between 'hadd' operation 16 bit ('acc', ../main_5_slices.cpp:117) and 'hadd' operation 16 bit ('acc', ../main_5_slices.cpp:117).
WARNING: [HLS 200-880] The II Violation in module 'conv_bn_act_pool_4' (loop 'Loop3_1Big_Loop4Big'): Unable to enforce a carried dependence constraint (II = 7, distance = 1, offset = 1) between 'hadd' operation 16 bit ('acc', ../main_5_slices.cpp:117) and 'hadd' operation 16 bit ('acc', ../main_5_slices.cpp:117).
WARNING: [HLS 200-880] The II Violation in module 'conv_bn_act_pool_4' (loop 'Loop3_1Big_Loop4Big'): Unable to enforce a carried dependence constraint (II = 9, distance = 1, offset = 1) between 'hadd' operation 16 bit ('acc', ../main_5_slices.cpp:117) and 'hadd' operation 16 bit ('acc', ../main_5_slices.cpp:117).
INFO: [HLS 200-1470] Pipelining result : Target II = NA, Final II = 10, Depth = 17, loop 'Loop3_1Big_Loop4Big'
INFO: [SCHED 204-11] Finished scheduling.
Command       schedule done; 0.18 sec.
INFO: [HLS 200-111] Finished Scheduling: CPU user time: 0.21 seconds. CPU system time: 0.01 seconds. Elapsed time: 0.22 seconds; current allocated memory: 642.289 MB.
Execute       syn_report -verbosereport -o /home/gkapakos/Desktop/ECE/10th_Semester/Architecture_of_Parallel_Systems/Project/BranchPredictionAI/C_Implementation/BranchPredictionAI/run_model/hls/.autopilot/db/conv_bn_act_pool_4.verbose.sched.rpt 
Execute         list_part -family xc7z020-clg400-3 
Execute           ap_family_info -name xc7z020-clg400-3 -data names 
Execute           ap_part_info -quiet -name xc7z020-clg400-3 -data family 
Execute       db_write -o /home/gkapakos/Desktop/ECE/10th_Semester/Architecture_of_Parallel_Systems/Project/BranchPredictionAI/C_Implementation/BranchPredictionAI/run_model/hls/.autopilot/db/conv_bn_act_pool_4.sched.adb -f 
INFO-FLOW: Finish scheduling conv_bn_act_pool.4.
Execute       set_default_model conv_bn_act_pool.4 
Execute       bind -model conv_bn_act_pool.4 
INFO: [BIND 205-100] Starting micro-architecture generation ...
INFO: [BIND 205-101] Performing variable lifetime analysis.
INFO: [BIND 205-101] Exploring resource sharing.
INFO: [BIND 205-101] Binding ...
INFO: [BIND 205-100] Finished micro-architecture generation.
INFO: [HLS 200-111] Finished Binding: CPU user time: 0.06 seconds. CPU system time: 0 seconds. Elapsed time: 0.07 seconds; current allocated memory: 642.289 MB.
Execute       syn_report -verbosereport -o /home/gkapakos/Desktop/ECE/10th_Semester/Architecture_of_Parallel_Systems/Project/BranchPredictionAI/C_Implementation/BranchPredictionAI/run_model/hls/.autopilot/db/conv_bn_act_pool_4.verbose.bind.rpt 
Execute         list_part -family xc7z020-clg400-3 
Execute           ap_family_info -name xc7z020-clg400-3 -data names 
Execute           ap_part_info -quiet -name xc7z020-clg400-3 -data family 
Execute       db_write -o /home/gkapakos/Desktop/ECE/10th_Semester/Architecture_of_Parallel_Systems/Project/BranchPredictionAI/C_Implementation/BranchPredictionAI/run_model/hls/.autopilot/db/conv_bn_act_pool_4.bind.adb -f 
INFO-FLOW: Finish binding conv_bn_act_pool.4.
INFO: [HLS 200-10] ----------------------------------------------------------------
INFO: [HLS 200-42] -- Implementing module 'run_all_slices_unrolled_Pipeline_Loop_BN5' 
INFO: [HLS 200-10] ----------------------------------------------------------------
Execute       set_default_model run_all_slices_unrolled_Pipeline_Loop_BN5 
Execute       schedule -model run_all_slices_unrolled_Pipeline_Loop_BN5 
INFO: [SCHED 204-11] Starting scheduling ...
INFO: [SCHED 204-61] Pipelining loop 'Loop_BN'.
INFO: [HLS 200-1470] Pipelining result : Target II = NA, Final II = 1, Depth = 39, loop 'Loop_BN'
INFO: [SCHED 204-11] Finished scheduling.
INFO: [HLS 200-111] Finished Scheduling: CPU user time: 0.06 seconds. CPU system time: 0.01 seconds. Elapsed time: 0.07 seconds; current allocated memory: 642.902 MB.
Execute       syn_report -verbosereport -o /home/gkapakos/Desktop/ECE/10th_Semester/Architecture_of_Parallel_Systems/Project/BranchPredictionAI/C_Implementation/BranchPredictionAI/run_model/hls/.autopilot/db/run_all_slices_unrolled_Pipeline_Loop_BN5.verbose.sched.rpt 
Execute         list_part -family xc7z020-clg400-3 
Execute           ap_family_info -name xc7z020-clg400-3 -data names 
Execute           ap_part_info -quiet -name xc7z020-clg400-3 -data family 
Execute       db_write -o /home/gkapakos/Desktop/ECE/10th_Semester/Architecture_of_Parallel_Systems/Project/BranchPredictionAI/C_Implementation/BranchPredictionAI/run_model/hls/.autopilot/db/run_all_slices_unrolled_Pipeline_Loop_BN5.sched.adb -f 
INFO-FLOW: Finish scheduling run_all_slices_unrolled_Pipeline_Loop_BN5.
Execute       set_default_model run_all_slices_unrolled_Pipeline_Loop_BN5 
Execute       bind -model run_all_slices_unrolled_Pipeline_Loop_BN5 
INFO: [BIND 205-100] Starting micro-architecture generation ...
INFO: [BIND 205-101] Performing variable lifetime analysis.
INFO: [BIND 205-101] Exploring resource sharing.
INFO: [BIND 205-101] Binding ...
INFO: [BIND 205-100] Finished micro-architecture generation.
INFO: [HLS 200-111] Finished Binding: CPU user time: 0.03 seconds. CPU system time: 0 seconds. Elapsed time: 0.03 seconds; current allocated memory: 642.902 MB.
Execute       syn_report -verbosereport -o /home/gkapakos/Desktop/ECE/10th_Semester/Architecture_of_Parallel_Systems/Project/BranchPredictionAI/C_Implementation/BranchPredictionAI/run_model/hls/.autopilot/db/run_all_slices_unrolled_Pipeline_Loop_BN5.verbose.bind.rpt 
Execute         list_part -family xc7z020-clg400-3 
Execute           ap_family_info -name xc7z020-clg400-3 -data names 
Execute           ap_part_info -quiet -name xc7z020-clg400-3 -data family 
Execute       db_write -o /home/gkapakos/Desktop/ECE/10th_Semester/Architecture_of_Parallel_Systems/Project/BranchPredictionAI/C_Implementation/BranchPredictionAI/run_model/hls/.autopilot/db/run_all_slices_unrolled_Pipeline_Loop_BN5.bind.adb -f 
INFO-FLOW: Finish binding run_all_slices_unrolled_Pipeline_Loop_BN5.
INFO: [HLS 200-10] ----------------------------------------------------------------
INFO: [HLS 200-42] -- Implementing module 'run_all_slices_unrolled_Pipeline_MergedLoop4' 
INFO: [HLS 200-10] ----------------------------------------------------------------
Execute       set_default_model run_all_slices_unrolled_Pipeline_MergedLoop4 
Execute       schedule -model run_all_slices_unrolled_Pipeline_MergedLoop4 
INFO: [SCHED 204-11] Starting scheduling ...
INFO: [SCHED 204-61] Pipelining loop 'MergedLoop4'.
INFO: [HLS 200-1470] Pipelining result : Target II = NA, Final II = 1, Depth = 8, loop 'MergedLoop4'
INFO: [SCHED 204-11] Finished scheduling.
INFO: [HLS 200-111] Finished Scheduling: CPU user time: 0.04 seconds. CPU system time: 0.01 seconds. Elapsed time: 0.04 seconds; current allocated memory: 643.445 MB.
Execute       syn_report -verbosereport -o /home/gkapakos/Desktop/ECE/10th_Semester/Architecture_of_Parallel_Systems/Project/BranchPredictionAI/C_Implementation/BranchPredictionAI/run_model/hls/.autopilot/db/run_all_slices_unrolled_Pipeline_MergedLoop4.verbose.sched.rpt 
Execute         list_part -family xc7z020-clg400-3 
Execute           ap_family_info -name xc7z020-clg400-3 -data names 
Execute           ap_part_info -quiet -name xc7z020-clg400-3 -data family 
Execute       db_write -o /home/gkapakos/Desktop/ECE/10th_Semester/Architecture_of_Parallel_Systems/Project/BranchPredictionAI/C_Implementation/BranchPredictionAI/run_model/hls/.autopilot/db/run_all_slices_unrolled_Pipeline_MergedLoop4.sched.adb -f 
INFO-FLOW: Finish scheduling run_all_slices_unrolled_Pipeline_MergedLoop4.
Execute       set_default_model run_all_slices_unrolled_Pipeline_MergedLoop4 
Execute       bind -model run_all_slices_unrolled_Pipeline_MergedLoop4 
INFO: [BIND 205-100] Starting micro-architecture generation ...
INFO: [BIND 205-101] Performing variable lifetime analysis.
INFO: [BIND 205-101] Exploring resource sharing.
INFO: [BIND 205-101] Binding ...
INFO: [BIND 205-100] Finished micro-architecture generation.
INFO: [HLS 200-111] Finished Binding: CPU user time: 0.02 seconds. CPU system time: 0 seconds. Elapsed time: 0.02 seconds; current allocated memory: 643.445 MB.
Execute       syn_report -verbosereport -o /home/gkapakos/Desktop/ECE/10th_Semester/Architecture_of_Parallel_Systems/Project/BranchPredictionAI/C_Implementation/BranchPredictionAI/run_model/hls/.autopilot/db/run_all_slices_unrolled_Pipeline_MergedLoop4.verbose.bind.rpt 
Execute         list_part -family xc7z020-clg400-3 
Execute           ap_family_info -name xc7z020-clg400-3 -data names 
Execute           ap_part_info -quiet -name xc7z020-clg400-3 -data family 
Execute       db_write -o /home/gkapakos/Desktop/ECE/10th_Semester/Architecture_of_Parallel_Systems/Project/BranchPredictionAI/C_Implementation/BranchPredictionAI/run_model/hls/.autopilot/db/run_all_slices_unrolled_Pipeline_MergedLoop4.bind.adb -f 
INFO-FLOW: Finish binding run_all_slices_unrolled_Pipeline_MergedLoop4.
INFO: [HLS 200-10] ----------------------------------------------------------------
INFO: [HLS 200-42] -- Implementing module 'run_all_slices_unrolled' 
INFO: [HLS 200-10] ----------------------------------------------------------------
Execute       set_default_model run_all_slices_unrolled 
Execute       schedule -model run_all_slices_unrolled 
INFO: [SCHED 204-11] Starting scheduling ...
INFO: [SCHED 204-11] Finished scheduling.
INFO: [HLS 200-111] Finished Scheduling: CPU user time: 0.03 seconds. CPU system time: 0 seconds. Elapsed time: 0.03 seconds; current allocated memory: 643.594 MB.
Execute       syn_report -verbosereport -o /home/gkapakos/Desktop/ECE/10th_Semester/Architecture_of_Parallel_Systems/Project/BranchPredictionAI/C_Implementation/BranchPredictionAI/run_model/hls/.autopilot/db/run_all_slices_unrolled.verbose.sched.rpt 
Execute         list_part -family xc7z020-clg400-3 
Execute           ap_family_info -name xc7z020-clg400-3 -data names 
Execute           ap_part_info -quiet -name xc7z020-clg400-3 -data family 
Execute       db_write -o /home/gkapakos/Desktop/ECE/10th_Semester/Architecture_of_Parallel_Systems/Project/BranchPredictionAI/C_Implementation/BranchPredictionAI/run_model/hls/.autopilot/db/run_all_slices_unrolled.sched.adb -f 
INFO-FLOW: Finish scheduling run_all_slices_unrolled.
Execute       set_default_model run_all_slices_unrolled 
Execute       bind -model run_all_slices_unrolled 
INFO: [BIND 205-100] Starting micro-architecture generation ...
INFO: [BIND 205-101] Performing variable lifetime analysis.
INFO: [BIND 205-101] Exploring resource sharing.
INFO: [BIND 205-101] Binding ...
INFO: [BIND 205-100] Finished micro-architecture generation.
INFO: [HLS 200-111] Finished Binding: CPU user time: 0.04 seconds. CPU system time: 0 seconds. Elapsed time: 0.04 seconds; current allocated memory: 643.594 MB.
Execute       syn_report -verbosereport -o /home/gkapakos/Desktop/ECE/10th_Semester/Architecture_of_Parallel_Systems/Project/BranchPredictionAI/C_Implementation/BranchPredictionAI/run_model/hls/.autopilot/db/run_all_slices_unrolled.verbose.bind.rpt 
Execute         list_part -family xc7z020-clg400-3 
Execute           ap_family_info -name xc7z020-clg400-3 -data names 
Execute           ap_part_info -quiet -name xc7z020-clg400-3 -data family 
Execute       db_write -o /home/gkapakos/Desktop/ECE/10th_Semester/Architecture_of_Parallel_Systems/Project/BranchPredictionAI/C_Implementation/BranchPredictionAI/run_model/hls/.autopilot/db/run_all_slices_unrolled.bind.adb -f 
INFO-FLOW: Finish binding run_all_slices_unrolled.
INFO: [HLS 200-10] ----------------------------------------------------------------
INFO: [HLS 200-42] -- Implementing module 'run_model_Pipeline_Loop_BN' 
INFO: [HLS 200-10] ----------------------------------------------------------------
Execute       set_default_model run_model_Pipeline_Loop_BN 
Execute       schedule -model run_model_Pipeline_Loop_BN 
INFO: [SCHED 204-11] Starting scheduling ...
INFO: [SCHED 204-61] Pipelining loop 'Loop_BN'.
INFO: [HLS 200-1470] Pipelining result : Target II = NA, Final II = 1, Depth = 42, loop 'Loop_BN'
INFO: [SCHED 204-11] Finished scheduling.
INFO: [HLS 200-111] Finished Scheduling: CPU user time: 0.09 seconds. CPU system time: 0 seconds. Elapsed time: 0.08 seconds; current allocated memory: 644.121 MB.
Execute       syn_report -verbosereport -o /home/gkapakos/Desktop/ECE/10th_Semester/Architecture_of_Parallel_Systems/Project/BranchPredictionAI/C_Implementation/BranchPredictionAI/run_model/hls/.autopilot/db/run_model_Pipeline_Loop_BN.verbose.sched.rpt 
Execute         list_part -family xc7z020-clg400-3 
Execute           ap_family_info -name xc7z020-clg400-3 -data names 
Execute           ap_part_info -quiet -name xc7z020-clg400-3 -data family 
Execute       db_write -o /home/gkapakos/Desktop/ECE/10th_Semester/Architecture_of_Parallel_Systems/Project/BranchPredictionAI/C_Implementation/BranchPredictionAI/run_model/hls/.autopilot/db/run_model_Pipeline_Loop_BN.sched.adb -f 
INFO-FLOW: Finish scheduling run_model_Pipeline_Loop_BN.
Execute       set_default_model run_model_Pipeline_Loop_BN 
Execute       bind -model run_model_Pipeline_Loop_BN 
INFO: [BIND 205-100] Starting micro-architecture generation ...
INFO: [BIND 205-101] Performing variable lifetime analysis.
INFO: [BIND 205-101] Exploring resource sharing.
INFO: [BIND 205-101] Binding ...
INFO: [BIND 205-100] Finished micro-architecture generation.
INFO: [HLS 200-111] Finished Binding: CPU user time: 0.03 seconds. CPU system time: 0.01 seconds. Elapsed time: 0.04 seconds; current allocated memory: 644.121 MB.
Execute       syn_report -verbosereport -o /home/gkapakos/Desktop/ECE/10th_Semester/Architecture_of_Parallel_Systems/Project/BranchPredictionAI/C_Implementation/BranchPredictionAI/run_model/hls/.autopilot/db/run_model_Pipeline_Loop_BN.verbose.bind.rpt 
Execute         list_part -family xc7z020-clg400-3 
Execute           ap_family_info -name xc7z020-clg400-3 -data names 
Execute           ap_part_info -quiet -name xc7z020-clg400-3 -data family 
Execute       db_write -o /home/gkapakos/Desktop/ECE/10th_Semester/Architecture_of_Parallel_Systems/Project/BranchPredictionAI/C_Implementation/BranchPredictionAI/run_model/hls/.autopilot/db/run_model_Pipeline_Loop_BN.bind.adb -f 
INFO-FLOW: Finish binding run_model_Pipeline_Loop_BN.
INFO: [HLS 200-10] ----------------------------------------------------------------
INFO: [HLS 200-42] -- Implementing module 'run_model_Pipeline_ReLULoop1' 
INFO: [HLS 200-10] ----------------------------------------------------------------
Execute       set_default_model run_model_Pipeline_ReLULoop1 
Execute       schedule -model run_model_Pipeline_ReLULoop1 
INFO: [SCHED 204-11] Starting scheduling ...
INFO: [SCHED 204-61] Pipelining loop 'ReLULoop1'.
INFO: [HLS 200-1470] Pipelining result : Target II = NA, Final II = 1, Depth = 6, loop 'ReLULoop1'
INFO: [SCHED 204-11] Finished scheduling.
INFO: [HLS 200-111] Finished Scheduling: CPU user time: 0.04 seconds. CPU system time: 0 seconds. Elapsed time: 0.04 seconds; current allocated memory: 644.629 MB.
Execute       syn_report -verbosereport -o /home/gkapakos/Desktop/ECE/10th_Semester/Architecture_of_Parallel_Systems/Project/BranchPredictionAI/C_Implementation/BranchPredictionAI/run_model/hls/.autopilot/db/run_model_Pipeline_ReLULoop1.verbose.sched.rpt 
Execute         list_part -family xc7z020-clg400-3 
Execute           ap_family_info -name xc7z020-clg400-3 -data names 
Execute           ap_part_info -quiet -name xc7z020-clg400-3 -data family 
Execute       db_write -o /home/gkapakos/Desktop/ECE/10th_Semester/Architecture_of_Parallel_Systems/Project/BranchPredictionAI/C_Implementation/BranchPredictionAI/run_model/hls/.autopilot/db/run_model_Pipeline_ReLULoop1.sched.adb -f 
INFO-FLOW: Finish scheduling run_model_Pipeline_ReLULoop1.
Execute       set_default_model run_model_Pipeline_ReLULoop1 
Execute       bind -model run_model_Pipeline_ReLULoop1 
INFO: [BIND 205-100] Starting micro-architecture generation ...
INFO: [BIND 205-101] Performing variable lifetime analysis.
INFO: [BIND 205-101] Exploring resource sharing.
INFO: [BIND 205-101] Binding ...
INFO: [BIND 205-100] Finished micro-architecture generation.
INFO: [HLS 200-111] Finished Binding: CPU user time: 0.02 seconds. CPU system time: 0 seconds. Elapsed time: 0.03 seconds; current allocated memory: 644.629 MB.
Execute       syn_report -verbosereport -o /home/gkapakos/Desktop/ECE/10th_Semester/Architecture_of_Parallel_Systems/Project/BranchPredictionAI/C_Implementation/BranchPredictionAI/run_model/hls/.autopilot/db/run_model_Pipeline_ReLULoop1.verbose.bind.rpt 
Execute         list_part -family xc7z020-clg400-3 
Execute           ap_family_info -name xc7z020-clg400-3 -data names 
Execute           ap_part_info -quiet -name xc7z020-clg400-3 -data family 
Execute       db_write -o /home/gkapakos/Desktop/ECE/10th_Semester/Architecture_of_Parallel_Systems/Project/BranchPredictionAI/C_Implementation/BranchPredictionAI/run_model/hls/.autopilot/db/run_model_Pipeline_ReLULoop1.bind.adb -f 
INFO-FLOW: Finish binding run_model_Pipeline_ReLULoop1.
INFO: [HLS 200-10] ----------------------------------------------------------------
INFO: [HLS 200-42] -- Implementing module 'run_model_Pipeline_Loop_BN1' 
INFO: [HLS 200-10] ----------------------------------------------------------------
Execute       set_default_model run_model_Pipeline_Loop_BN1 
Execute       schedule -model run_model_Pipeline_Loop_BN1 
INFO: [SCHED 204-11] Starting scheduling ...
INFO: [SCHED 204-61] Pipelining loop 'Loop_BN'.
INFO: [HLS 200-1470] Pipelining result : Target II = NA, Final II = 1, Depth = 42, loop 'Loop_BN'
INFO: [SCHED 204-11] Finished scheduling.
INFO: [HLS 200-111] Finished Scheduling: CPU user time: 0.04 seconds. CPU system time: 0 seconds. Elapsed time: 0.05 seconds; current allocated memory: 644.941 MB.
Execute       syn_report -verbosereport -o /home/gkapakos/Desktop/ECE/10th_Semester/Architecture_of_Parallel_Systems/Project/BranchPredictionAI/C_Implementation/BranchPredictionAI/run_model/hls/.autopilot/db/run_model_Pipeline_Loop_BN1.verbose.sched.rpt 
Execute         list_part -family xc7z020-clg400-3 
Execute           ap_family_info -name xc7z020-clg400-3 -data names 
Execute           ap_part_info -quiet -name xc7z020-clg400-3 -data family 
Execute       db_write -o /home/gkapakos/Desktop/ECE/10th_Semester/Architecture_of_Parallel_Systems/Project/BranchPredictionAI/C_Implementation/BranchPredictionAI/run_model/hls/.autopilot/db/run_model_Pipeline_Loop_BN1.sched.adb -f 
INFO-FLOW: Finish scheduling run_model_Pipeline_Loop_BN1.
Execute       set_default_model run_model_Pipeline_Loop_BN1 
Execute       bind -model run_model_Pipeline_Loop_BN1 
INFO: [BIND 205-100] Starting micro-architecture generation ...
INFO: [BIND 205-101] Performing variable lifetime analysis.
INFO: [BIND 205-101] Exploring resource sharing.
INFO: [BIND 205-101] Binding ...
INFO: [BIND 205-100] Finished micro-architecture generation.
INFO: [HLS 200-111] Finished Binding: CPU user time: 0.02 seconds. CPU system time: 0.01 seconds. Elapsed time: 0.02 seconds; current allocated memory: 644.941 MB.
Execute       syn_report -verbosereport -o /home/gkapakos/Desktop/ECE/10th_Semester/Architecture_of_Parallel_Systems/Project/BranchPredictionAI/C_Implementation/BranchPredictionAI/run_model/hls/.autopilot/db/run_model_Pipeline_Loop_BN1.verbose.bind.rpt 
Execute         list_part -family xc7z020-clg400-3 
Execute           ap_family_info -name xc7z020-clg400-3 -data names 
Execute           ap_part_info -quiet -name xc7z020-clg400-3 -data family 
Execute       db_write -o /home/gkapakos/Desktop/ECE/10th_Semester/Architecture_of_Parallel_Systems/Project/BranchPredictionAI/C_Implementation/BranchPredictionAI/run_model/hls/.autopilot/db/run_model_Pipeline_Loop_BN1.bind.adb -f 
INFO-FLOW: Finish binding run_model_Pipeline_Loop_BN1.
INFO: [HLS 200-10] ----------------------------------------------------------------
INFO: [HLS 200-42] -- Implementing module 'run_model_Pipeline_ReLULoop2' 
INFO: [HLS 200-10] ----------------------------------------------------------------
Execute       set_default_model run_model_Pipeline_ReLULoop2 
Execute       schedule -model run_model_Pipeline_ReLULoop2 
INFO: [SCHED 204-11] Starting scheduling ...
INFO: [SCHED 204-61] Pipelining loop 'ReLULoop2'.
INFO: [HLS 200-1470] Pipelining result : Target II = NA, Final II = 1, Depth = 6, loop 'ReLULoop2'
INFO: [SCHED 204-11] Finished scheduling.
INFO: [HLS 200-111] Finished Scheduling: CPU user time: 0.04 seconds. CPU system time: 0 seconds. Elapsed time: 0.05 seconds; current allocated memory: 645.289 MB.
Execute       syn_report -verbosereport -o /home/gkapakos/Desktop/ECE/10th_Semester/Architecture_of_Parallel_Systems/Project/BranchPredictionAI/C_Implementation/BranchPredictionAI/run_model/hls/.autopilot/db/run_model_Pipeline_ReLULoop2.verbose.sched.rpt 
Execute         list_part -family xc7z020-clg400-3 
Execute           ap_family_info -name xc7z020-clg400-3 -data names 
Execute           ap_part_info -quiet -name xc7z020-clg400-3 -data family 
Execute       db_write -o /home/gkapakos/Desktop/ECE/10th_Semester/Architecture_of_Parallel_Systems/Project/BranchPredictionAI/C_Implementation/BranchPredictionAI/run_model/hls/.autopilot/db/run_model_Pipeline_ReLULoop2.sched.adb -f 
INFO-FLOW: Finish scheduling run_model_Pipeline_ReLULoop2.
Execute       set_default_model run_model_Pipeline_ReLULoop2 
Execute       bind -model run_model_Pipeline_ReLULoop2 
INFO: [BIND 205-100] Starting micro-architecture generation ...
INFO: [BIND 205-101] Performing variable lifetime analysis.
INFO: [BIND 205-101] Exploring resource sharing.
INFO: [BIND 205-101] Binding ...
INFO: [BIND 205-100] Finished micro-architecture generation.
INFO: [HLS 200-111] Finished Binding: CPU user time: 0.02 seconds. CPU system time: 0 seconds. Elapsed time: 0.03 seconds; current allocated memory: 645.289 MB.
Execute       syn_report -verbosereport -o /home/gkapakos/Desktop/ECE/10th_Semester/Architecture_of_Parallel_Systems/Project/BranchPredictionAI/C_Implementation/BranchPredictionAI/run_model/hls/.autopilot/db/run_model_Pipeline_ReLULoop2.verbose.bind.rpt 
Execute         list_part -family xc7z020-clg400-3 
Execute           ap_family_info -name xc7z020-clg400-3 -data names 
Execute           ap_part_info -quiet -name xc7z020-clg400-3 -data family 
Execute       db_write -o /home/gkapakos/Desktop/ECE/10th_Semester/Architecture_of_Parallel_Systems/Project/BranchPredictionAI/C_Implementation/BranchPredictionAI/run_model/hls/.autopilot/db/run_model_Pipeline_ReLULoop2.bind.adb -f 
INFO-FLOW: Finish binding run_model_Pipeline_ReLULoop2.
INFO: [HLS 200-10] ----------------------------------------------------------------
INFO: [HLS 200-42] -- Implementing module 'run_model' 
INFO: [HLS 200-10] ----------------------------------------------------------------
Execute       set_default_model run_model 
Execute       schedule -model run_model 
INFO: [SCHED 204-11] Starting scheduling ...
INFO: [SCHED 204-61] Pipelining loop 'OuterLoopDense_InnerLoopDense'.
WARNING: [HLS 200-880] The II Violation in module 'run_model' (loop 'OuterLoopDense_InnerLoopDense'): Unable to enforce a carried dependence constraint (II = 1, distance = 1, offset = 0) between 'store' operation 0 bit ('acc_write_ln208', ../main_5_slices.cpp:208->../main_5_slices.cpp:375) of variable 'acc', ../main_5_slices.cpp:214->../main_5_slices.cpp:375 on local variable 'acc', ../main_5_slices.cpp:208->../main_5_slices.cpp:375 and 'load' operation 16 bit ('acc_load', ../main_5_slices.cpp:210->../main_5_slices.cpp:375) on local variable 'acc', ../main_5_slices.cpp:208->../main_5_slices.cpp:375.
WARNING: [HLS 200-880] The II Violation in module 'run_model' (loop 'OuterLoopDense_InnerLoopDense'): Unable to enforce a carried dependence constraint (II = 2, distance = 1, offset = 0) between 'store' operation 0 bit ('acc_write_ln208', ../main_5_slices.cpp:208->../main_5_slices.cpp:375) of variable 'acc', ../main_5_slices.cpp:214->../main_5_slices.cpp:375 on local variable 'acc', ../main_5_slices.cpp:208->../main_5_slices.cpp:375 and 'load' operation 16 bit ('acc_load', ../main_5_slices.cpp:210->../main_5_slices.cpp:375) on local variable 'acc', ../main_5_slices.cpp:208->../main_5_slices.cpp:375.
WARNING: [HLS 200-880] The II Violation in module 'run_model' (loop 'OuterLoopDense_InnerLoopDense'): Unable to enforce a carried dependence constraint (II = 3, distance = 1, offset = 0) between 'store' operation 0 bit ('acc_write_ln208', ../main_5_slices.cpp:208->../main_5_slices.cpp:375) of variable 'acc', ../main_5_slices.cpp:214->../main_5_slices.cpp:375 on local variable 'acc', ../main_5_slices.cpp:208->../main_5_slices.cpp:375 and 'load' operation 16 bit ('acc_load', ../main_5_slices.cpp:210->../main_5_slices.cpp:375) on local variable 'acc', ../main_5_slices.cpp:208->../main_5_slices.cpp:375.
INFO: [SCHED 204-61] Pipelining loop 'OuterLoopDense_InnerLoopDense'.
WARNING: [HLS 200-880] The II Violation in module 'run_model' (loop 'OuterLoopDense_InnerLoopDense'): Unable to enforce a carried dependence constraint (II = 1, distance = 1, offset = 0) between 'store' operation 0 bit ('acc_2_write_ln208', ../main_5_slices.cpp:208->../main_5_slices.cpp:380) of variable 'acc', ../main_5_slices.cpp:214->../main_5_slices.cpp:380 on local variable 'acc', ../main_5_slices.cpp:208->../main_5_slices.cpp:380 and 'load' operation 16 bit ('acc_2_load', ../main_5_slices.cpp:210->../main_5_slices.cpp:380) on local variable 'acc', ../main_5_slices.cpp:208->../main_5_slices.cpp:380.
WARNING: [HLS 200-880] The II Violation in module 'run_model' (loop 'OuterLoopDense_InnerLoopDense'): Unable to enforce a carried dependence constraint (II = 2, distance = 1, offset = 0) between 'store' operation 0 bit ('acc_2_write_ln208', ../main_5_slices.cpp:208->../main_5_slices.cpp:380) of variable 'acc', ../main_5_slices.cpp:214->../main_5_slices.cpp:380 on local variable 'acc', ../main_5_slices.cpp:208->../main_5_slices.cpp:380 and 'load' operation 16 bit ('acc_2_load', ../main_5_slices.cpp:210->../main_5_slices.cpp:380) on local variable 'acc', ../main_5_slices.cpp:208->../main_5_slices.cpp:380.
WARNING: [HLS 200-880] The II Violation in module 'run_model' (loop 'OuterLoopDense_InnerLoopDense'): Unable to enforce a carried dependence constraint (II = 3, distance = 1, offset = 0) between 'store' operation 0 bit ('acc_2_write_ln208', ../main_5_slices.cpp:208->../main_5_slices.cpp:380) of variable 'acc', ../main_5_slices.cpp:214->../main_5_slices.cpp:380 on local variable 'acc', ../main_5_slices.cpp:208->../main_5_slices.cpp:380 and 'load' operation 16 bit ('acc_2_load', ../main_5_slices.cpp:210->../main_5_slices.cpp:380) on local variable 'acc', ../main_5_slices.cpp:208->../main_5_slices.cpp:380.
INFO: [HLS 200-1470] Pipelining result : Target II = NA, Final II = 4, Depth = 13, loop 'OuterLoopDense_InnerLoopDense'
INFO: [HLS 200-1470] Pipelining result : Target II = NA, Final II = 4, Depth = 13, loop 'OuterLoopDense_InnerLoopDense'
INFO: [SCHED 204-11] Finished scheduling.
Command       schedule done; 0.11 sec.
INFO: [HLS 200-111] Finished Scheduling: CPU user time: 0.12 seconds. CPU system time: 0.01 seconds. Elapsed time: 0.13 seconds; current allocated memory: 646.125 MB.
Execute       syn_report -verbosereport -o /home/gkapakos/Desktop/ECE/10th_Semester/Architecture_of_Parallel_Systems/Project/BranchPredictionAI/C_Implementation/BranchPredictionAI/run_model/hls/.autopilot/db/run_model.verbose.sched.rpt 
Execute         list_part -family xc7z020-clg400-3 
Execute           ap_family_info -name xc7z020-clg400-3 -data names 
Execute           ap_part_info -quiet -name xc7z020-clg400-3 -data family 
Execute       db_write -o /home/gkapakos/Desktop/ECE/10th_Semester/Architecture_of_Parallel_Systems/Project/BranchPredictionAI/C_Implementation/BranchPredictionAI/run_model/hls/.autopilot/db/run_model.sched.adb -f 
INFO-FLOW: Finish scheduling run_model.
Execute       set_default_model run_model 
Execute       bind -model run_model 
INFO: [BIND 205-100] Starting micro-architecture generation ...
INFO: [BIND 205-101] Performing variable lifetime analysis.
INFO: [BIND 205-101] Exploring resource sharing.
INFO: [BIND 205-101] Binding ...
INFO: [BIND 205-100] Finished micro-architecture generation.
INFO: [HLS 200-111] Finished Binding: CPU user time: 0.06 seconds. CPU system time: 0 seconds. Elapsed time: 0.06 seconds; current allocated memory: 646.145 MB.
Execute       syn_report -verbosereport -o /home/gkapakos/Desktop/ECE/10th_Semester/Architecture_of_Parallel_Systems/Project/BranchPredictionAI/C_Implementation/BranchPredictionAI/run_model/hls/.autopilot/db/run_model.verbose.bind.rpt 
Execute         list_part -family xc7z020-clg400-3 
Execute           ap_family_info -name xc7z020-clg400-3 -data names 
Execute           ap_part_info -quiet -name xc7z020-clg400-3 -data family 
Execute       db_write -o /home/gkapakos/Desktop/ECE/10th_Semester/Architecture_of_Parallel_Systems/Project/BranchPredictionAI/C_Implementation/BranchPredictionAI/run_model/hls/.autopilot/db/run_model.bind.adb -f 
INFO-FLOW: Finish binding run_model.
Execute       get_model_list run_model -filter all-wo-channel 
INFO-FLOW: Preprocessing for RTLGen ...
Execute       rtl_gen_preprocess run_all_slices_unrolled_Pipeline_MergedLoop 
Execute       rtl_gen_preprocess lstm_forward_unidir_Pipeline_VITIS_LOOP_145_1 
Execute       rtl_gen_preprocess lstm_forward_unidir_Pipeline_Loop2_1LSTM 
Execute       rtl_gen_preprocess lstm_forward_unidir_Pipeline_Loop2_4LSTM 
Execute       rtl_gen_preprocess lstm_forward_unidir 
Execute       rtl_gen_preprocess run_all_slices_unrolled_Pipeline_Loop_BN 
Execute       rtl_gen_preprocess run_all_slices_unrolled_Pipeline_MergedLoop0 
Execute       rtl_gen_preprocess conv_bn_act_pool_Pipeline_BNParamsLoop 
Execute       rtl_gen_preprocess conv_bn_act_pool_Pipeline_Loop3_2Big 
Execute       rtl_gen_preprocess conv_bn_act_pool 
Execute       rtl_gen_preprocess run_all_slices_unrolled_Pipeline_Loop_BN2 
Execute       rtl_gen_preprocess run_all_slices_unrolled_Pipeline_MergedLoop1 
Execute       rtl_gen_preprocess conv_bn_act_pool.2_Pipeline_BNParamsLoop 
Execute       rtl_gen_preprocess conv_bn_act_pool.2_Pipeline_Loop3_2Big 
Execute       rtl_gen_preprocess conv_bn_act_pool.2 
Execute       rtl_gen_preprocess run_all_slices_unrolled_Pipeline_Loop_BN3 
Execute       rtl_gen_preprocess run_all_slices_unrolled_Pipeline_MergedLoop2 
Execute       rtl_gen_preprocess conv_bn_act_pool.3_Pipeline_BNParamsLoop 
Execute       rtl_gen_preprocess conv_bn_act_pool.3_Pipeline_Loop3_2Big 
Execute       rtl_gen_preprocess conv_bn_act_pool.3 
Execute       rtl_gen_preprocess run_all_slices_unrolled_Pipeline_Loop_BN4 
Execute       rtl_gen_preprocess run_all_slices_unrolled_Pipeline_MergedLoop3 
Execute       rtl_gen_preprocess conv_bn_act_pool.4_Pipeline_BNParamsLoop 
Execute       rtl_gen_preprocess conv_bn_act_pool.4_Pipeline_Loop3_2Big 
Execute       rtl_gen_preprocess conv_bn_act_pool.4 
Execute       rtl_gen_preprocess run_all_slices_unrolled_Pipeline_Loop_BN5 
Execute       rtl_gen_preprocess run_all_slices_unrolled_Pipeline_MergedLoop4 
Execute       rtl_gen_preprocess run_all_slices_unrolled 
Execute       rtl_gen_preprocess run_model_Pipeline_Loop_BN 
Execute       rtl_gen_preprocess run_model_Pipeline_ReLULoop1 
Execute       rtl_gen_preprocess run_model_Pipeline_Loop_BN1 
Execute       rtl_gen_preprocess run_model_Pipeline_ReLULoop2 
Execute       rtl_gen_preprocess run_model 
INFO-FLOW: Model list for RTL generation: run_all_slices_unrolled_Pipeline_MergedLoop lstm_forward_unidir_Pipeline_VITIS_LOOP_145_1 lstm_forward_unidir_Pipeline_Loop2_1LSTM lstm_forward_unidir_Pipeline_Loop2_4LSTM lstm_forward_unidir run_all_slices_unrolled_Pipeline_Loop_BN run_all_slices_unrolled_Pipeline_MergedLoop0 conv_bn_act_pool_Pipeline_BNParamsLoop conv_bn_act_pool_Pipeline_Loop3_2Big conv_bn_act_pool run_all_slices_unrolled_Pipeline_Loop_BN2 run_all_slices_unrolled_Pipeline_MergedLoop1 conv_bn_act_pool.2_Pipeline_BNParamsLoop conv_bn_act_pool.2_Pipeline_Loop3_2Big conv_bn_act_pool.2 run_all_slices_unrolled_Pipeline_Loop_BN3 run_all_slices_unrolled_Pipeline_MergedLoop2 conv_bn_act_pool.3_Pipeline_BNParamsLoop conv_bn_act_pool.3_Pipeline_Loop3_2Big conv_bn_act_pool.3 run_all_slices_unrolled_Pipeline_Loop_BN4 run_all_slices_unrolled_Pipeline_MergedLoop3 conv_bn_act_pool.4_Pipeline_BNParamsLoop conv_bn_act_pool.4_Pipeline_Loop3_2Big conv_bn_act_pool.4 run_all_slices_unrolled_Pipeline_Loop_BN5 run_all_slices_unrolled_Pipeline_MergedLoop4 run_all_slices_unrolled run_model_Pipeline_Loop_BN run_model_Pipeline_ReLULoop1 run_model_Pipeline_Loop_BN1 run_model_Pipeline_ReLULoop2 run_model
INFO: [HLS 200-10] ----------------------------------------------------------------
INFO: [HLS 200-10] -- Generating RTL for module 'run_all_slices_unrolled_Pipeline_MergedLoop' 
INFO: [HLS 200-10] ----------------------------------------------------------------
Execute       create_rtl_model run_all_slices_unrolled_Pipeline_MergedLoop -top_prefix run_model_ -sub_prefix run_model_ -mg_file /home/gkapakos/Desktop/ECE/10th_Semester/Architecture_of_Parallel_Systems/Project/BranchPredictionAI/C_Implementation/BranchPredictionAI/run_model/hls/.autopilot/db/run_all_slices_unrolled_Pipeline_MergedLoop.compgen.tcl 
INFO: [RTGEN 206-100] Finished creating RTL model for 'run_all_slices_unrolled_Pipeline_MergedLoop'.
INFO: [HLS 200-111] Finished Creating RTL model: CPU user time: 0.1 seconds. CPU system time: 0 seconds. Elapsed time: 0.1 seconds; current allocated memory: 646.434 MB.
Execute       source /home/gkapakos/Desktop/ECE/10th_Semester/Architecture_of_Parallel_Systems/Project/BranchPredictionAI/C_Implementation/BranchPredictionAI/run_model/hls/.autopilot/db/run_model.rtl_wrap.cfg.tcl 
Execute       gen_rtl run_all_slices_unrolled_Pipeline_MergedLoop -style xilinx -f -lang vhdl -o /home/gkapakos/Desktop/ECE/10th_Semester/Architecture_of_Parallel_Systems/Project/BranchPredictionAI/C_Implementation/BranchPredictionAI/run_model/hls/syn/vhdl/run_model_run_all_slices_unrolled_Pipeline_MergedLoop 
Execute       gen_rtl run_all_slices_unrolled_Pipeline_MergedLoop -style xilinx -f -lang vlog -o /home/gkapakos/Desktop/ECE/10th_Semester/Architecture_of_Parallel_Systems/Project/BranchPredictionAI/C_Implementation/BranchPredictionAI/run_model/hls/syn/verilog/run_model_run_all_slices_unrolled_Pipeline_MergedLoop 
Execute       syn_report -csynth -model run_all_slices_unrolled_Pipeline_MergedLoop -o /home/gkapakos/Desktop/ECE/10th_Semester/Architecture_of_Parallel_Systems/Project/BranchPredictionAI/C_Implementation/BranchPredictionAI/run_model/hls/syn/report/run_all_slices_unrolled_Pipeline_MergedLoop_csynth.rpt 
Execute         list_part -family xc7z020-clg400-3 
Execute           ap_family_info -name xc7z020-clg400-3 -data names 
Execute           ap_part_info -quiet -name xc7z020-clg400-3 -data family 
Execute       syn_report -rtlxml -model run_all_slices_unrolled_Pipeline_MergedLoop -o /home/gkapakos/Desktop/ECE/10th_Semester/Architecture_of_Parallel_Systems/Project/BranchPredictionAI/C_Implementation/BranchPredictionAI/run_model/hls/syn/report/run_all_slices_unrolled_Pipeline_MergedLoop_csynth.xml 
Execute         list_part -family xc7z020-clg400-3 
Execute           ap_family_info -name xc7z020-clg400-3 -data names 
Execute           ap_part_info -quiet -name xc7z020-clg400-3 -data family 
Execute       syn_report -verbosereport -model run_all_slices_unrolled_Pipeline_MergedLoop -o /home/gkapakos/Desktop/ECE/10th_Semester/Architecture_of_Parallel_Systems/Project/BranchPredictionAI/C_Implementation/BranchPredictionAI/run_model/hls/.autopilot/db/run_all_slices_unrolled_Pipeline_MergedLoop.verbose.rpt 
Execute         list_part -family xc7z020-clg400-3 
Execute           ap_family_info -name xc7z020-clg400-3 -data names 
Execute           ap_part_info -quiet -name xc7z020-clg400-3 -data family 
Execute       db_write -model run_all_slices_unrolled_Pipeline_MergedLoop -f -o /home/gkapakos/Desktop/ECE/10th_Semester/Architecture_of_Parallel_Systems/Project/BranchPredictionAI/C_Implementation/BranchPredictionAI/run_model/hls/.autopilot/db/run_all_slices_unrolled_Pipeline_MergedLoop.adb 
Execute       db_write -model run_all_slices_unrolled_Pipeline_MergedLoop -bindview -o /home/gkapakos/Desktop/ECE/10th_Semester/Architecture_of_Parallel_Systems/Project/BranchPredictionAI/C_Implementation/BranchPredictionAI/run_model/hls/.autopilot/db/design.bindinfo.xml 
Execute       gen_tb_info run_all_slices_unrolled_Pipeline_MergedLoop -p /home/gkapakos/Desktop/ECE/10th_Semester/Architecture_of_Parallel_Systems/Project/BranchPredictionAI/C_Implementation/BranchPredictionAI/run_model/hls/.autopilot/db -o /home/gkapakos/Desktop/ECE/10th_Semester/Architecture_of_Parallel_Systems/Project/BranchPredictionAI/C_Implementation/BranchPredictionAI/run_model/hls/.autopilot/db/run_all_slices_unrolled_Pipeline_MergedLoop 
INFO: [HLS 200-10] ----------------------------------------------------------------
INFO: [HLS 200-10] -- Generating RTL for module 'lstm_forward_unidir_Pipeline_VITIS_LOOP_145_1' 
INFO: [HLS 200-10] ----------------------------------------------------------------
Execute       create_rtl_model lstm_forward_unidir_Pipeline_VITIS_LOOP_145_1 -top_prefix run_model_ -sub_prefix run_model_ -mg_file /home/gkapakos/Desktop/ECE/10th_Semester/Architecture_of_Parallel_Systems/Project/BranchPredictionAI/C_Implementation/BranchPredictionAI/run_model/hls/.autopilot/db/lstm_forward_unidir_Pipeline_VITIS_LOOP_145_1.compgen.tcl 
INFO: [RTGEN 206-100] Finished creating RTL model for 'lstm_forward_unidir_Pipeline_VITIS_LOOP_145_1'.
INFO: [HLS 200-111] Finished Creating RTL model: CPU user time: 0.04 seconds. CPU system time: 0.01 seconds. Elapsed time: 0.05 seconds; current allocated memory: 647.160 MB.
Execute       source /home/gkapakos/Desktop/ECE/10th_Semester/Architecture_of_Parallel_Systems/Project/BranchPredictionAI/C_Implementation/BranchPredictionAI/run_model/hls/.autopilot/db/run_model.rtl_wrap.cfg.tcl 
Execute       gen_rtl lstm_forward_unidir_Pipeline_VITIS_LOOP_145_1 -style xilinx -f -lang vhdl -o /home/gkapakos/Desktop/ECE/10th_Semester/Architecture_of_Parallel_Systems/Project/BranchPredictionAI/C_Implementation/BranchPredictionAI/run_model/hls/syn/vhdl/run_model_lstm_forward_unidir_Pipeline_VITIS_LOOP_145_1 
Execute       gen_rtl lstm_forward_unidir_Pipeline_VITIS_LOOP_145_1 -style xilinx -f -lang vlog -o /home/gkapakos/Desktop/ECE/10th_Semester/Architecture_of_Parallel_Systems/Project/BranchPredictionAI/C_Implementation/BranchPredictionAI/run_model/hls/syn/verilog/run_model_lstm_forward_unidir_Pipeline_VITIS_LOOP_145_1 
Execute       syn_report -csynth -model lstm_forward_unidir_Pipeline_VITIS_LOOP_145_1 -o /home/gkapakos/Desktop/ECE/10th_Semester/Architecture_of_Parallel_Systems/Project/BranchPredictionAI/C_Implementation/BranchPredictionAI/run_model/hls/syn/report/lstm_forward_unidir_Pipeline_VITIS_LOOP_145_1_csynth.rpt 
Execute         list_part -family xc7z020-clg400-3 
Execute           ap_family_info -name xc7z020-clg400-3 -data names 
Execute           ap_part_info -quiet -name xc7z020-clg400-3 -data family 
Execute       syn_report -rtlxml -model lstm_forward_unidir_Pipeline_VITIS_LOOP_145_1 -o /home/gkapakos/Desktop/ECE/10th_Semester/Architecture_of_Parallel_Systems/Project/BranchPredictionAI/C_Implementation/BranchPredictionAI/run_model/hls/syn/report/lstm_forward_unidir_Pipeline_VITIS_LOOP_145_1_csynth.xml 
Execute         list_part -family xc7z020-clg400-3 
Execute           ap_family_info -name xc7z020-clg400-3 -data names 
Execute           ap_part_info -quiet -name xc7z020-clg400-3 -data family 
Execute       syn_report -verbosereport -model lstm_forward_unidir_Pipeline_VITIS_LOOP_145_1 -o /home/gkapakos/Desktop/ECE/10th_Semester/Architecture_of_Parallel_Systems/Project/BranchPredictionAI/C_Implementation/BranchPredictionAI/run_model/hls/.autopilot/db/lstm_forward_unidir_Pipeline_VITIS_LOOP_145_1.verbose.rpt 
Execute         list_part -family xc7z020-clg400-3 
Execute           ap_family_info -name xc7z020-clg400-3 -data names 
Execute           ap_part_info -quiet -name xc7z020-clg400-3 -data family 
Execute       db_write -model lstm_forward_unidir_Pipeline_VITIS_LOOP_145_1 -f -o /home/gkapakos/Desktop/ECE/10th_Semester/Architecture_of_Parallel_Systems/Project/BranchPredictionAI/C_Implementation/BranchPredictionAI/run_model/hls/.autopilot/db/lstm_forward_unidir_Pipeline_VITIS_LOOP_145_1.adb 
Execute       db_write -model lstm_forward_unidir_Pipeline_VITIS_LOOP_145_1 -bindview -o /home/gkapakos/Desktop/ECE/10th_Semester/Architecture_of_Parallel_Systems/Project/BranchPredictionAI/C_Implementation/BranchPredictionAI/run_model/hls/.autopilot/db/design.bindinfo.xml 
Execute       gen_tb_info lstm_forward_unidir_Pipeline_VITIS_LOOP_145_1 -p /home/gkapakos/Desktop/ECE/10th_Semester/Architecture_of_Parallel_Systems/Project/BranchPredictionAI/C_Implementation/BranchPredictionAI/run_model/hls/.autopilot/db -o /home/gkapakos/Desktop/ECE/10th_Semester/Architecture_of_Parallel_Systems/Project/BranchPredictionAI/C_Implementation/BranchPredictionAI/run_model/hls/.autopilot/db/lstm_forward_unidir_Pipeline_VITIS_LOOP_145_1 
INFO: [HLS 200-10] ----------------------------------------------------------------
INFO: [HLS 200-10] -- Generating RTL for module 'lstm_forward_unidir_Pipeline_Loop2_1LSTM' 
INFO: [HLS 200-10] ----------------------------------------------------------------
Execute       create_rtl_model lstm_forward_unidir_Pipeline_Loop2_1LSTM -top_prefix run_model_ -sub_prefix run_model_ -mg_file /home/gkapakos/Desktop/ECE/10th_Semester/Architecture_of_Parallel_Systems/Project/BranchPredictionAI/C_Implementation/BranchPredictionAI/run_model/hls/.autopilot/db/lstm_forward_unidir_Pipeline_Loop2_1LSTM.compgen.tcl 
INFO: [RTGEN 206-100] Generating core module 'mul_7ns_9ns_15_1_1': 1 instance(s).
INFO: [RTGEN 206-100] Generating core module 'sparsemux_257_7_16_1_1': 1 instance(s).
INFO: [RTGEN 206-100] Finished creating RTL model for 'lstm_forward_unidir_Pipeline_Loop2_1LSTM'.
INFO: [HLS 200-111] Finished Creating RTL model: CPU user time: 0.07 seconds. CPU system time: 0 seconds. Elapsed time: 0.07 seconds; current allocated memory: 648.859 MB.
Execute       source /home/gkapakos/Desktop/ECE/10th_Semester/Architecture_of_Parallel_Systems/Project/BranchPredictionAI/C_Implementation/BranchPredictionAI/run_model/hls/.autopilot/db/run_model.rtl_wrap.cfg.tcl 
Execute       gen_rtl lstm_forward_unidir_Pipeline_Loop2_1LSTM -style xilinx -f -lang vhdl -o /home/gkapakos/Desktop/ECE/10th_Semester/Architecture_of_Parallel_Systems/Project/BranchPredictionAI/C_Implementation/BranchPredictionAI/run_model/hls/syn/vhdl/run_model_lstm_forward_unidir_Pipeline_Loop2_1LSTM 
Execute       gen_rtl lstm_forward_unidir_Pipeline_Loop2_1LSTM -style xilinx -f -lang vlog -o /home/gkapakos/Desktop/ECE/10th_Semester/Architecture_of_Parallel_Systems/Project/BranchPredictionAI/C_Implementation/BranchPredictionAI/run_model/hls/syn/verilog/run_model_lstm_forward_unidir_Pipeline_Loop2_1LSTM 
Execute       syn_report -csynth -model lstm_forward_unidir_Pipeline_Loop2_1LSTM -o /home/gkapakos/Desktop/ECE/10th_Semester/Architecture_of_Parallel_Systems/Project/BranchPredictionAI/C_Implementation/BranchPredictionAI/run_model/hls/syn/report/lstm_forward_unidir_Pipeline_Loop2_1LSTM_csynth.rpt 
Execute         list_part -family xc7z020-clg400-3 
Execute           ap_family_info -name xc7z020-clg400-3 -data names 
Execute           ap_part_info -quiet -name xc7z020-clg400-3 -data family 
Execute       syn_report -rtlxml -model lstm_forward_unidir_Pipeline_Loop2_1LSTM -o /home/gkapakos/Desktop/ECE/10th_Semester/Architecture_of_Parallel_Systems/Project/BranchPredictionAI/C_Implementation/BranchPredictionAI/run_model/hls/syn/report/lstm_forward_unidir_Pipeline_Loop2_1LSTM_csynth.xml 
Execute         list_part -family xc7z020-clg400-3 
Execute           ap_family_info -name xc7z020-clg400-3 -data names 
Execute           ap_part_info -quiet -name xc7z020-clg400-3 -data family 
Execute       syn_report -verbosereport -model lstm_forward_unidir_Pipeline_Loop2_1LSTM -o /home/gkapakos/Desktop/ECE/10th_Semester/Architecture_of_Parallel_Systems/Project/BranchPredictionAI/C_Implementation/BranchPredictionAI/run_model/hls/.autopilot/db/lstm_forward_unidir_Pipeline_Loop2_1LSTM.verbose.rpt 
Execute         list_part -family xc7z020-clg400-3 
Execute           ap_family_info -name xc7z020-clg400-3 -data names 
Execute           ap_part_info -quiet -name xc7z020-clg400-3 -data family 
Execute       db_write -model lstm_forward_unidir_Pipeline_Loop2_1LSTM -f -o /home/gkapakos/Desktop/ECE/10th_Semester/Architecture_of_Parallel_Systems/Project/BranchPredictionAI/C_Implementation/BranchPredictionAI/run_model/hls/.autopilot/db/lstm_forward_unidir_Pipeline_Loop2_1LSTM.adb 
Execute       db_write -model lstm_forward_unidir_Pipeline_Loop2_1LSTM -bindview -o /home/gkapakos/Desktop/ECE/10th_Semester/Architecture_of_Parallel_Systems/Project/BranchPredictionAI/C_Implementation/BranchPredictionAI/run_model/hls/.autopilot/db/design.bindinfo.xml 
Execute       gen_tb_info lstm_forward_unidir_Pipeline_Loop2_1LSTM -p /home/gkapakos/Desktop/ECE/10th_Semester/Architecture_of_Parallel_Systems/Project/BranchPredictionAI/C_Implementation/BranchPredictionAI/run_model/hls/.autopilot/db -o /home/gkapakos/Desktop/ECE/10th_Semester/Architecture_of_Parallel_Systems/Project/BranchPredictionAI/C_Implementation/BranchPredictionAI/run_model/hls/.autopilot/db/lstm_forward_unidir_Pipeline_Loop2_1LSTM 
INFO: [HLS 200-10] ----------------------------------------------------------------
INFO: [HLS 200-10] -- Generating RTL for module 'lstm_forward_unidir_Pipeline_Loop2_4LSTM' 
INFO: [HLS 200-10] ----------------------------------------------------------------
Execute       create_rtl_model lstm_forward_unidir_Pipeline_Loop2_4LSTM -top_prefix run_model_ -sub_prefix run_model_ -mg_file /home/gkapakos/Desktop/ECE/10th_Semester/Architecture_of_Parallel_Systems/Project/BranchPredictionAI/C_Implementation/BranchPredictionAI/run_model/hls/.autopilot/db/lstm_forward_unidir_Pipeline_Loop2_4LSTM.compgen.tcl 
INFO: [HLS 200-1030] Apply Unified Pipeline Control on module 'lstm_forward_unidir_Pipeline_Loop2_4LSTM' pipeline 'Loop2_4LSTM' pipeline type 'loop pipeline'
INFO: [RTGEN 206-100] Generating core module 'fadd_32ns_32ns_32_4_full_dsp_1': 3 instance(s).
INFO: [RTGEN 206-100] Generating core module 'fdiv_32ns_32ns_32_10_no_dsp_1': 3 instance(s).
INFO: [RTGEN 206-100] Generating core module 'fexp_32ns_32ns_32_8_full_dsp_1': 3 instance(s).
INFO: [RTGEN 206-100] Generating core module 'hadd_16ns_16ns_16_5_full_dsp_1': 1 instance(s).
INFO: [RTGEN 206-100] Generating core module 'hcmp_16ns_16ns_1_2_no_dsp_1': 4 instance(s).
INFO: [RTGEN 206-100] Generating core module 'hmul_16ns_16ns_16_4_max_dsp_1': 3 instance(s).
INFO: [RTGEN 206-100] Generating core module 'hptosp_16ns_32_2_no_dsp_1': 3 instance(s).
INFO: [RTGEN 206-100] Generating core module 'mul_5ns_7ns_11_1_1': 1 instance(s).
INFO: [RTGEN 206-100] Generating core module 'mul_6ns_8ns_13_1_1': 1 instance(s).
INFO: [RTGEN 206-100] Generating core module 'mul_7ns_9ns_15_1_1': 2 instance(s).
INFO: [RTGEN 206-100] Generating core module 'sparsemux_11_3_16_1_1': 4 instance(s).
INFO: [RTGEN 206-100] Generating core module 'sparsemux_7_2_16_1_1': 2 instance(s).
INFO: [RTGEN 206-100] Generating core module 'sptohp_32ns_16_2_no_dsp_1': 3 instance(s).
INFO: [RTGEN 206-100] Finished creating RTL model for 'lstm_forward_unidir_Pipeline_Loop2_4LSTM'.
Command       create_rtl_model done; 0.11 sec.
INFO: [HLS 200-111] Finished Creating RTL model: CPU user time: 0.15 seconds. CPU system time: 0.03 seconds. Elapsed time: 0.17 seconds; current allocated memory: 652.820 MB.
Execute       source /home/gkapakos/Desktop/ECE/10th_Semester/Architecture_of_Parallel_Systems/Project/BranchPredictionAI/C_Implementation/BranchPredictionAI/run_model/hls/.autopilot/db/run_model.rtl_wrap.cfg.tcl 
Execute       gen_rtl lstm_forward_unidir_Pipeline_Loop2_4LSTM -style xilinx -f -lang vhdl -o /home/gkapakos/Desktop/ECE/10th_Semester/Architecture_of_Parallel_Systems/Project/BranchPredictionAI/C_Implementation/BranchPredictionAI/run_model/hls/syn/vhdl/run_model_lstm_forward_unidir_Pipeline_Loop2_4LSTM 
Execute       gen_rtl lstm_forward_unidir_Pipeline_Loop2_4LSTM -style xilinx -f -lang vlog -o /home/gkapakos/Desktop/ECE/10th_Semester/Architecture_of_Parallel_Systems/Project/BranchPredictionAI/C_Implementation/BranchPredictionAI/run_model/hls/syn/verilog/run_model_lstm_forward_unidir_Pipeline_Loop2_4LSTM 
Execute       syn_report -csynth -model lstm_forward_unidir_Pipeline_Loop2_4LSTM -o /home/gkapakos/Desktop/ECE/10th_Semester/Architecture_of_Parallel_Systems/Project/BranchPredictionAI/C_Implementation/BranchPredictionAI/run_model/hls/syn/report/lstm_forward_unidir_Pipeline_Loop2_4LSTM_csynth.rpt 
Execute         list_part -family xc7z020-clg400-3 
Execute           ap_family_info -name xc7z020-clg400-3 -data names 
Execute           ap_part_info -quiet -name xc7z020-clg400-3 -data family 
Execute       syn_report -rtlxml -model lstm_forward_unidir_Pipeline_Loop2_4LSTM -o /home/gkapakos/Desktop/ECE/10th_Semester/Architecture_of_Parallel_Systems/Project/BranchPredictionAI/C_Implementation/BranchPredictionAI/run_model/hls/syn/report/lstm_forward_unidir_Pipeline_Loop2_4LSTM_csynth.xml 
Execute         list_part -family xc7z020-clg400-3 
Execute           ap_family_info -name xc7z020-clg400-3 -data names 
Execute           ap_part_info -quiet -name xc7z020-clg400-3 -data family 
Execute       syn_report -verbosereport -model lstm_forward_unidir_Pipeline_Loop2_4LSTM -o /home/gkapakos/Desktop/ECE/10th_Semester/Architecture_of_Parallel_Systems/Project/BranchPredictionAI/C_Implementation/BranchPredictionAI/run_model/hls/.autopilot/db/lstm_forward_unidir_Pipeline_Loop2_4LSTM.verbose.rpt 
Execute         list_part -family xc7z020-clg400-3 
Execute           ap_family_info -name xc7z020-clg400-3 -data names 
Execute           ap_part_info -quiet -name xc7z020-clg400-3 -data family 
Execute       db_write -model lstm_forward_unidir_Pipeline_Loop2_4LSTM -f -o /home/gkapakos/Desktop/ECE/10th_Semester/Architecture_of_Parallel_Systems/Project/BranchPredictionAI/C_Implementation/BranchPredictionAI/run_model/hls/.autopilot/db/lstm_forward_unidir_Pipeline_Loop2_4LSTM.adb 
Execute       db_write -model lstm_forward_unidir_Pipeline_Loop2_4LSTM -bindview -o /home/gkapakos/Desktop/ECE/10th_Semester/Architecture_of_Parallel_Systems/Project/BranchPredictionAI/C_Implementation/BranchPredictionAI/run_model/hls/.autopilot/db/design.bindinfo.xml 
Execute       gen_tb_info lstm_forward_unidir_Pipeline_Loop2_4LSTM -p /home/gkapakos/Desktop/ECE/10th_Semester/Architecture_of_Parallel_Systems/Project/BranchPredictionAI/C_Implementation/BranchPredictionAI/run_model/hls/.autopilot/db -o /home/gkapakos/Desktop/ECE/10th_Semester/Architecture_of_Parallel_Systems/Project/BranchPredictionAI/C_Implementation/BranchPredictionAI/run_model/hls/.autopilot/db/lstm_forward_unidir_Pipeline_Loop2_4LSTM 
INFO: [HLS 200-10] ----------------------------------------------------------------
INFO: [HLS 200-10] -- Generating RTL for module 'lstm_forward_unidir' 
INFO: [HLS 200-10] ----------------------------------------------------------------
Execute       create_rtl_model lstm_forward_unidir -top_prefix run_model_ -sub_prefix run_model_ -mg_file /home/gkapakos/Desktop/ECE/10th_Semester/Architecture_of_Parallel_Systems/Project/BranchPredictionAI/C_Implementation/BranchPredictionAI/run_model/hls/.autopilot/db/lstm_forward_unidir.compgen.tcl 
INFO: [RTGEN 206-100] Generating core module 'hadd_16ns_16ns_16_5_full_dsp_1': 1 instance(s).
INFO: [RTGEN 206-100] Generating core module 'hmul_16ns_16ns_16_4_max_dsp_1': 1 instance(s).
INFO: [RTGEN 206-100] Generating core module 'mul_8ns_10ns_17_1_1': 2 instance(s).
INFO: [RTGEN 206-100] Generating core module 'sparsemux_11_3_16_1_1': 2 instance(s).
INFO: [RTGEN 206-100] Generating core module 'urem_8ns_4ns_3_12_1': 2 instance(s).
INFO: [RTGEN 206-100] Finished creating RTL model for 'lstm_forward_unidir'.
INFO: [RTMG 210-278] Implementing memory 'run_model_lstm_forward_unidir_c_slice_RAM_AUTO_1R1W' using auto RAMs.
INFO: [RTMG 210-278] Implementing memory 'run_model_lstm_forward_unidir_z_RAM_AUTO_1R1W' using auto RAMs.
INFO: [HLS 200-111] Finished Creating RTL model: CPU user time: 0.19 seconds. CPU system time: 0.01 seconds. Elapsed time: 0.21 seconds; current allocated memory: 657.785 MB.
Execute       source /home/gkapakos/Desktop/ECE/10th_Semester/Architecture_of_Parallel_Systems/Project/BranchPredictionAI/C_Implementation/BranchPredictionAI/run_model/hls/.autopilot/db/run_model.rtl_wrap.cfg.tcl 
Execute       gen_rtl lstm_forward_unidir -style xilinx -f -lang vhdl -o /home/gkapakos/Desktop/ECE/10th_Semester/Architecture_of_Parallel_Systems/Project/BranchPredictionAI/C_Implementation/BranchPredictionAI/run_model/hls/syn/vhdl/run_model_lstm_forward_unidir 
Execute       gen_rtl lstm_forward_unidir -style xilinx -f -lang vlog -o /home/gkapakos/Desktop/ECE/10th_Semester/Architecture_of_Parallel_Systems/Project/BranchPredictionAI/C_Implementation/BranchPredictionAI/run_model/hls/syn/verilog/run_model_lstm_forward_unidir 
Execute       syn_report -csynth -model lstm_forward_unidir -o /home/gkapakos/Desktop/ECE/10th_Semester/Architecture_of_Parallel_Systems/Project/BranchPredictionAI/C_Implementation/BranchPredictionAI/run_model/hls/syn/report/lstm_forward_unidir_csynth.rpt 
Execute         list_part -family xc7z020-clg400-3 
Execute           ap_family_info -name xc7z020-clg400-3 -data names 
Execute           ap_part_info -quiet -name xc7z020-clg400-3 -data family 
Execute       syn_report -rtlxml -model lstm_forward_unidir -o /home/gkapakos/Desktop/ECE/10th_Semester/Architecture_of_Parallel_Systems/Project/BranchPredictionAI/C_Implementation/BranchPredictionAI/run_model/hls/syn/report/lstm_forward_unidir_csynth.xml 
Execute         list_part -family xc7z020-clg400-3 
Execute           ap_family_info -name xc7z020-clg400-3 -data names 
Execute           ap_part_info -quiet -name xc7z020-clg400-3 -data family 
Execute       syn_report -verbosereport -model lstm_forward_unidir -o /home/gkapakos/Desktop/ECE/10th_Semester/Architecture_of_Parallel_Systems/Project/BranchPredictionAI/C_Implementation/BranchPredictionAI/run_model/hls/.autopilot/db/lstm_forward_unidir.verbose.rpt 
Execute         list_part -family xc7z020-clg400-3 
Execute           ap_family_info -name xc7z020-clg400-3 -data names 
Execute           ap_part_info -quiet -name xc7z020-clg400-3 -data family 
Execute       db_write -model lstm_forward_unidir -f -o /home/gkapakos/Desktop/ECE/10th_Semester/Architecture_of_Parallel_Systems/Project/BranchPredictionAI/C_Implementation/BranchPredictionAI/run_model/hls/.autopilot/db/lstm_forward_unidir.adb 
Execute       db_write -model lstm_forward_unidir -bindview -o /home/gkapakos/Desktop/ECE/10th_Semester/Architecture_of_Parallel_Systems/Project/BranchPredictionAI/C_Implementation/BranchPredictionAI/run_model/hls/.autopilot/db/design.bindinfo.xml 
Execute       gen_tb_info lstm_forward_unidir -p /home/gkapakos/Desktop/ECE/10th_Semester/Architecture_of_Parallel_Systems/Project/BranchPredictionAI/C_Implementation/BranchPredictionAI/run_model/hls/.autopilot/db -o /home/gkapakos/Desktop/ECE/10th_Semester/Architecture_of_Parallel_Systems/Project/BranchPredictionAI/C_Implementation/BranchPredictionAI/run_model/hls/.autopilot/db/lstm_forward_unidir 
INFO: [HLS 200-10] ----------------------------------------------------------------
INFO: [HLS 200-10] -- Generating RTL for module 'run_all_slices_unrolled_Pipeline_Loop_BN' 
INFO: [HLS 200-10] ----------------------------------------------------------------
Execute       create_rtl_model run_all_slices_unrolled_Pipeline_Loop_BN -top_prefix run_model_ -sub_prefix run_model_ -mg_file /home/gkapakos/Desktop/ECE/10th_Semester/Architecture_of_Parallel_Systems/Project/BranchPredictionAI/C_Implementation/BranchPredictionAI/run_model/hls/.autopilot/db/run_all_slices_unrolled_Pipeline_Loop_BN.compgen.tcl 
INFO: [HLS 200-1030] Apply Unified Pipeline Control on module 'run_all_slices_unrolled_Pipeline_Loop_BN' pipeline 'Loop_BN' pipeline type 'loop pipeline'
INFO: [RTGEN 206-100] Generating core module 'fdiv_32ns_32ns_32_10_no_dsp_1': 1 instance(s).
INFO: [RTGEN 206-100] Generating core module 'fsqrt_32ns_32ns_32_10_no_dsp_1': 1 instance(s).
INFO: [RTGEN 206-100] Generating core module 'hadd_16ns_16ns_16_5_full_dsp_1': 2 instance(s).
INFO: [RTGEN 206-100] Generating core module 'hmul_16ns_16ns_16_4_max_dsp_1': 1 instance(s).
INFO: [RTGEN 206-100] Generating core module 'hptosp_16ns_32_2_no_dsp_1': 2 instance(s).
INFO: [RTGEN 206-100] Generating core module 'sptohp_32ns_16_2_no_dsp_1': 1 instance(s).
INFO: [RTGEN 206-100] Finished creating RTL model for 'run_all_slices_unrolled_Pipeline_Loop_BN'.
INFO: [RTMG 210-279] Implementing memory 'run_model_run_all_slices_unrolled_Pipeline_Loop_BN_BN2_var0_ROM_AUTO_1R' using auto ROMs.
INFO: [HLS 200-111] Finished Creating RTL model: CPU user time: 0.19 seconds. CPU system time: 0.01 seconds. Elapsed time: 0.2 seconds; current allocated memory: 661.676 MB.
Execute       source /home/gkapakos/Desktop/ECE/10th_Semester/Architecture_of_Parallel_Systems/Project/BranchPredictionAI/C_Implementation/BranchPredictionAI/run_model/hls/.autopilot/db/run_model.rtl_wrap.cfg.tcl 
Execute       gen_rtl run_all_slices_unrolled_Pipeline_Loop_BN -style xilinx -f -lang vhdl -o /home/gkapakos/Desktop/ECE/10th_Semester/Architecture_of_Parallel_Systems/Project/BranchPredictionAI/C_Implementation/BranchPredictionAI/run_model/hls/syn/vhdl/run_model_run_all_slices_unrolled_Pipeline_Loop_BN 
Execute       gen_rtl run_all_slices_unrolled_Pipeline_Loop_BN -style xilinx -f -lang vlog -o /home/gkapakos/Desktop/ECE/10th_Semester/Architecture_of_Parallel_Systems/Project/BranchPredictionAI/C_Implementation/BranchPredictionAI/run_model/hls/syn/verilog/run_model_run_all_slices_unrolled_Pipeline_Loop_BN 
Execute       syn_report -csynth -model run_all_slices_unrolled_Pipeline_Loop_BN -o /home/gkapakos/Desktop/ECE/10th_Semester/Architecture_of_Parallel_Systems/Project/BranchPredictionAI/C_Implementation/BranchPredictionAI/run_model/hls/syn/report/run_all_slices_unrolled_Pipeline_Loop_BN_csynth.rpt 
Execute         list_part -family xc7z020-clg400-3 
Execute           ap_family_info -name xc7z020-clg400-3 -data names 
Execute           ap_part_info -quiet -name xc7z020-clg400-3 -data family 
Execute       syn_report -rtlxml -model run_all_slices_unrolled_Pipeline_Loop_BN -o /home/gkapakos/Desktop/ECE/10th_Semester/Architecture_of_Parallel_Systems/Project/BranchPredictionAI/C_Implementation/BranchPredictionAI/run_model/hls/syn/report/run_all_slices_unrolled_Pipeline_Loop_BN_csynth.xml 
Execute         list_part -family xc7z020-clg400-3 
Execute           ap_family_info -name xc7z020-clg400-3 -data names 
Execute           ap_part_info -quiet -name xc7z020-clg400-3 -data family 
Execute       syn_report -verbosereport -model run_all_slices_unrolled_Pipeline_Loop_BN -o /home/gkapakos/Desktop/ECE/10th_Semester/Architecture_of_Parallel_Systems/Project/BranchPredictionAI/C_Implementation/BranchPredictionAI/run_model/hls/.autopilot/db/run_all_slices_unrolled_Pipeline_Loop_BN.verbose.rpt 
Execute         list_part -family xc7z020-clg400-3 
Execute           ap_family_info -name xc7z020-clg400-3 -data names 
Execute           ap_part_info -quiet -name xc7z020-clg400-3 -data family 
Execute       db_write -model run_all_slices_unrolled_Pipeline_Loop_BN -f -o /home/gkapakos/Desktop/ECE/10th_Semester/Architecture_of_Parallel_Systems/Project/BranchPredictionAI/C_Implementation/BranchPredictionAI/run_model/hls/.autopilot/db/run_all_slices_unrolled_Pipeline_Loop_BN.adb 
Execute       db_write -model run_all_slices_unrolled_Pipeline_Loop_BN -bindview -o /home/gkapakos/Desktop/ECE/10th_Semester/Architecture_of_Parallel_Systems/Project/BranchPredictionAI/C_Implementation/BranchPredictionAI/run_model/hls/.autopilot/db/design.bindinfo.xml 
Execute       gen_tb_info run_all_slices_unrolled_Pipeline_Loop_BN -p /home/gkapakos/Desktop/ECE/10th_Semester/Architecture_of_Parallel_Systems/Project/BranchPredictionAI/C_Implementation/BranchPredictionAI/run_model/hls/.autopilot/db -o /home/gkapakos/Desktop/ECE/10th_Semester/Architecture_of_Parallel_Systems/Project/BranchPredictionAI/C_Implementation/BranchPredictionAI/run_model/hls/.autopilot/db/run_all_slices_unrolled_Pipeline_Loop_BN 
INFO: [HLS 200-10] ----------------------------------------------------------------
INFO: [HLS 200-10] -- Generating RTL for module 'run_all_slices_unrolled_Pipeline_MergedLoop0' 
INFO: [HLS 200-10] ----------------------------------------------------------------
Execute       create_rtl_model run_all_slices_unrolled_Pipeline_MergedLoop0 -top_prefix run_model_ -sub_prefix run_model_ -mg_file /home/gkapakos/Desktop/ECE/10th_Semester/Architecture_of_Parallel_Systems/Project/BranchPredictionAI/C_Implementation/BranchPredictionAI/run_model/hls/.autopilot/db/run_all_slices_unrolled_Pipeline_MergedLoop0.compgen.tcl 
INFO: [HLS 200-1030] Apply Unified Pipeline Control on module 'run_all_slices_unrolled_Pipeline_MergedLoop0' pipeline 'MergedLoop0' pipeline type 'loop pipeline'
INFO: [RTGEN 206-100] Generating core module 'hadd_16ns_16ns_16_5_full_dsp_1': 1 instance(s).
INFO: [RTGEN 206-100] Generating core module 'hcmp_16ns_16ns_1_2_no_dsp_1': 2 instance(s).
INFO: [RTGEN 206-100] Generating core module 'sparsemux_7_2_16_1_1': 1 instance(s).
INFO: [RTGEN 206-100] Finished creating RTL model for 'run_all_slices_unrolled_Pipeline_MergedLoop0'.
INFO: [HLS 200-111] Finished Creating RTL model: CPU user time: 0.08 seconds. CPU system time: 0.01 seconds. Elapsed time: 0.09 seconds; current allocated memory: 663.133 MB.
Execute       source /home/gkapakos/Desktop/ECE/10th_Semester/Architecture_of_Parallel_Systems/Project/BranchPredictionAI/C_Implementation/BranchPredictionAI/run_model/hls/.autopilot/db/run_model.rtl_wrap.cfg.tcl 
Execute       gen_rtl run_all_slices_unrolled_Pipeline_MergedLoop0 -style xilinx -f -lang vhdl -o /home/gkapakos/Desktop/ECE/10th_Semester/Architecture_of_Parallel_Systems/Project/BranchPredictionAI/C_Implementation/BranchPredictionAI/run_model/hls/syn/vhdl/run_model_run_all_slices_unrolled_Pipeline_MergedLoop0 
Execute       gen_rtl run_all_slices_unrolled_Pipeline_MergedLoop0 -style xilinx -f -lang vlog -o /home/gkapakos/Desktop/ECE/10th_Semester/Architecture_of_Parallel_Systems/Project/BranchPredictionAI/C_Implementation/BranchPredictionAI/run_model/hls/syn/verilog/run_model_run_all_slices_unrolled_Pipeline_MergedLoop0 
Execute       syn_report -csynth -model run_all_slices_unrolled_Pipeline_MergedLoop0 -o /home/gkapakos/Desktop/ECE/10th_Semester/Architecture_of_Parallel_Systems/Project/BranchPredictionAI/C_Implementation/BranchPredictionAI/run_model/hls/syn/report/run_all_slices_unrolled_Pipeline_MergedLoop0_csynth.rpt 
Execute         list_part -family xc7z020-clg400-3 
Execute           ap_family_info -name xc7z020-clg400-3 -data names 
Execute           ap_part_info -quiet -name xc7z020-clg400-3 -data family 
Execute       syn_report -rtlxml -model run_all_slices_unrolled_Pipeline_MergedLoop0 -o /home/gkapakos/Desktop/ECE/10th_Semester/Architecture_of_Parallel_Systems/Project/BranchPredictionAI/C_Implementation/BranchPredictionAI/run_model/hls/syn/report/run_all_slices_unrolled_Pipeline_MergedLoop0_csynth.xml 
Execute         list_part -family xc7z020-clg400-3 
Execute           ap_family_info -name xc7z020-clg400-3 -data names 
Execute           ap_part_info -quiet -name xc7z020-clg400-3 -data family 
Execute       syn_report -verbosereport -model run_all_slices_unrolled_Pipeline_MergedLoop0 -o /home/gkapakos/Desktop/ECE/10th_Semester/Architecture_of_Parallel_Systems/Project/BranchPredictionAI/C_Implementation/BranchPredictionAI/run_model/hls/.autopilot/db/run_all_slices_unrolled_Pipeline_MergedLoop0.verbose.rpt 
Execute         list_part -family xc7z020-clg400-3 
Execute           ap_family_info -name xc7z020-clg400-3 -data names 
Execute           ap_part_info -quiet -name xc7z020-clg400-3 -data family 
Execute       db_write -model run_all_slices_unrolled_Pipeline_MergedLoop0 -f -o /home/gkapakos/Desktop/ECE/10th_Semester/Architecture_of_Parallel_Systems/Project/BranchPredictionAI/C_Implementation/BranchPredictionAI/run_model/hls/.autopilot/db/run_all_slices_unrolled_Pipeline_MergedLoop0.adb 
Execute       db_write -model run_all_slices_unrolled_Pipeline_MergedLoop0 -bindview -o /home/gkapakos/Desktop/ECE/10th_Semester/Architecture_of_Parallel_Systems/Project/BranchPredictionAI/C_Implementation/BranchPredictionAI/run_model/hls/.autopilot/db/design.bindinfo.xml 
Execute       gen_tb_info run_all_slices_unrolled_Pipeline_MergedLoop0 -p /home/gkapakos/Desktop/ECE/10th_Semester/Architecture_of_Parallel_Systems/Project/BranchPredictionAI/C_Implementation/BranchPredictionAI/run_model/hls/.autopilot/db -o /home/gkapakos/Desktop/ECE/10th_Semester/Architecture_of_Parallel_Systems/Project/BranchPredictionAI/C_Implementation/BranchPredictionAI/run_model/hls/.autopilot/db/run_all_slices_unrolled_Pipeline_MergedLoop0 
INFO: [HLS 200-10] ----------------------------------------------------------------
INFO: [HLS 200-10] -- Generating RTL for module 'conv_bn_act_pool_Pipeline_BNParamsLoop' 
INFO: [HLS 200-10] ----------------------------------------------------------------
Execute       create_rtl_model conv_bn_act_pool_Pipeline_BNParamsLoop -top_prefix run_model_ -sub_prefix run_model_ -mg_file /home/gkapakos/Desktop/ECE/10th_Semester/Architecture_of_Parallel_Systems/Project/BranchPredictionAI/C_Implementation/BranchPredictionAI/run_model/hls/.autopilot/db/conv_bn_act_pool_Pipeline_BNParamsLoop.compgen.tcl 
INFO: [HLS 200-1030] Apply Unified Pipeline Control on module 'conv_bn_act_pool_Pipeline_BNParamsLoop' pipeline 'BNParamsLoop' pipeline type 'loop pipeline'
INFO: [RTGEN 206-100] Generating core module 'fadd_32ns_32ns_32_4_full_dsp_1': 1 instance(s).
INFO: [RTGEN 206-100] Generating core module 'fdiv_32ns_32ns_32_10_no_dsp_1': 1 instance(s).
INFO: [RTGEN 206-100] Generating core module 'fmul_32ns_32ns_32_3_max_dsp_1': 2 instance(s).
INFO: [RTGEN 206-100] Generating core module 'fsqrt_32ns_32ns_32_10_no_dsp_1': 1 instance(s).
INFO: [RTGEN 206-100] Generating core module 'fsub_32ns_32ns_32_4_full_dsp_1': 1 instance(s).
INFO: [RTGEN 206-100] Generating core module 'hptosp_16ns_32_2_no_dsp_1': 2 instance(s).
INFO: [RTGEN 206-100] Generating core module 'sparsemux_65_5_16_1_1': 2 instance(s).
INFO: [RTGEN 206-100] Generating core module 'sptohp_32ns_16_2_no_dsp_1': 2 instance(s).
INFO: [RTGEN 206-100] Finished creating RTL model for 'conv_bn_act_pool_Pipeline_BNParamsLoop'.
Command       create_rtl_model done; 0.39 sec.
INFO: [HLS 200-111] Finished Creating RTL model: CPU user time: 0.43 seconds. CPU system time: 0.02 seconds. Elapsed time: 0.45 seconds; current allocated memory: 670.391 MB.
Execute       source /home/gkapakos/Desktop/ECE/10th_Semester/Architecture_of_Parallel_Systems/Project/BranchPredictionAI/C_Implementation/BranchPredictionAI/run_model/hls/.autopilot/db/run_model.rtl_wrap.cfg.tcl 
Execute       gen_rtl conv_bn_act_pool_Pipeline_BNParamsLoop -style xilinx -f -lang vhdl -o /home/gkapakos/Desktop/ECE/10th_Semester/Architecture_of_Parallel_Systems/Project/BranchPredictionAI/C_Implementation/BranchPredictionAI/run_model/hls/syn/vhdl/run_model_conv_bn_act_pool_Pipeline_BNParamsLoop 
Execute       gen_rtl conv_bn_act_pool_Pipeline_BNParamsLoop -style xilinx -f -lang vlog -o /home/gkapakos/Desktop/ECE/10th_Semester/Architecture_of_Parallel_Systems/Project/BranchPredictionAI/C_Implementation/BranchPredictionAI/run_model/hls/syn/verilog/run_model_conv_bn_act_pool_Pipeline_BNParamsLoop 
Execute       syn_report -csynth -model conv_bn_act_pool_Pipeline_BNParamsLoop -o /home/gkapakos/Desktop/ECE/10th_Semester/Architecture_of_Parallel_Systems/Project/BranchPredictionAI/C_Implementation/BranchPredictionAI/run_model/hls/syn/report/conv_bn_act_pool_Pipeline_BNParamsLoop_csynth.rpt 
Execute         list_part -family xc7z020-clg400-3 
Execute           ap_family_info -name xc7z020-clg400-3 -data names 
Execute           ap_part_info -quiet -name xc7z020-clg400-3 -data family 
Execute       syn_report -rtlxml -model conv_bn_act_pool_Pipeline_BNParamsLoop -o /home/gkapakos/Desktop/ECE/10th_Semester/Architecture_of_Parallel_Systems/Project/BranchPredictionAI/C_Implementation/BranchPredictionAI/run_model/hls/syn/report/conv_bn_act_pool_Pipeline_BNParamsLoop_csynth.xml 
Execute         list_part -family xc7z020-clg400-3 
Execute           ap_family_info -name xc7z020-clg400-3 -data names 
Execute           ap_part_info -quiet -name xc7z020-clg400-3 -data family 
Execute       syn_report -verbosereport -model conv_bn_act_pool_Pipeline_BNParamsLoop -o /home/gkapakos/Desktop/ECE/10th_Semester/Architecture_of_Parallel_Systems/Project/BranchPredictionAI/C_Implementation/BranchPredictionAI/run_model/hls/.autopilot/db/conv_bn_act_pool_Pipeline_BNParamsLoop.verbose.rpt 
Execute         list_part -family xc7z020-clg400-3 
Execute           ap_family_info -name xc7z020-clg400-3 -data names 
Execute           ap_part_info -quiet -name xc7z020-clg400-3 -data family 
Execute       db_write -model conv_bn_act_pool_Pipeline_BNParamsLoop -f -o /home/gkapakos/Desktop/ECE/10th_Semester/Architecture_of_Parallel_Systems/Project/BranchPredictionAI/C_Implementation/BranchPredictionAI/run_model/hls/.autopilot/db/conv_bn_act_pool_Pipeline_BNParamsLoop.adb 
Execute       db_write -model conv_bn_act_pool_Pipeline_BNParamsLoop -bindview -o /home/gkapakos/Desktop/ECE/10th_Semester/Architecture_of_Parallel_Systems/Project/BranchPredictionAI/C_Implementation/BranchPredictionAI/run_model/hls/.autopilot/db/design.bindinfo.xml 
Execute       gen_tb_info conv_bn_act_pool_Pipeline_BNParamsLoop -p /home/gkapakos/Desktop/ECE/10th_Semester/Architecture_of_Parallel_Systems/Project/BranchPredictionAI/C_Implementation/BranchPredictionAI/run_model/hls/.autopilot/db -o /home/gkapakos/Desktop/ECE/10th_Semester/Architecture_of_Parallel_Systems/Project/BranchPredictionAI/C_Implementation/BranchPredictionAI/run_model/hls/.autopilot/db/conv_bn_act_pool_Pipeline_BNParamsLoop 
INFO: [HLS 200-10] ----------------------------------------------------------------
INFO: [HLS 200-10] -- Generating RTL for module 'conv_bn_act_pool_Pipeline_Loop3_2Big' 
INFO: [HLS 200-10] ----------------------------------------------------------------
Execute       create_rtl_model conv_bn_act_pool_Pipeline_Loop3_2Big -top_prefix run_model_ -sub_prefix run_model_ -mg_file /home/gkapakos/Desktop/ECE/10th_Semester/Architecture_of_Parallel_Systems/Project/BranchPredictionAI/C_Implementation/BranchPredictionAI/run_model/hls/.autopilot/db/conv_bn_act_pool_Pipeline_Loop3_2Big.compgen.tcl 
INFO: [HLS 200-1030] Apply Unified Pipeline Control on module 'conv_bn_act_pool_Pipeline_Loop3_2Big' pipeline 'Loop3_2Big' pipeline type 'loop pipeline'
INFO: [RTGEN 206-100] Generating core module 'hdiv_16ns_16ns_16_6_no_dsp_1': 1 instance(s).
INFO: [RTGEN 206-100] Generating core module 'sparsemux_65_5_16_1_1': 1 instance(s).
INFO: [RTGEN 206-100] Finished creating RTL model for 'conv_bn_act_pool_Pipeline_Loop3_2Big'.
INFO: [HLS 200-111] Finished Creating RTL model: CPU user time: 0.19 seconds. CPU system time: 0.01 seconds. Elapsed time: 0.21 seconds; current allocated memory: 675.984 MB.
Execute       source /home/gkapakos/Desktop/ECE/10th_Semester/Architecture_of_Parallel_Systems/Project/BranchPredictionAI/C_Implementation/BranchPredictionAI/run_model/hls/.autopilot/db/run_model.rtl_wrap.cfg.tcl 
Execute       gen_rtl conv_bn_act_pool_Pipeline_Loop3_2Big -style xilinx -f -lang vhdl -o /home/gkapakos/Desktop/ECE/10th_Semester/Architecture_of_Parallel_Systems/Project/BranchPredictionAI/C_Implementation/BranchPredictionAI/run_model/hls/syn/vhdl/run_model_conv_bn_act_pool_Pipeline_Loop3_2Big 
Execute       gen_rtl conv_bn_act_pool_Pipeline_Loop3_2Big -style xilinx -f -lang vlog -o /home/gkapakos/Desktop/ECE/10th_Semester/Architecture_of_Parallel_Systems/Project/BranchPredictionAI/C_Implementation/BranchPredictionAI/run_model/hls/syn/verilog/run_model_conv_bn_act_pool_Pipeline_Loop3_2Big 
Execute       syn_report -csynth -model conv_bn_act_pool_Pipeline_Loop3_2Big -o /home/gkapakos/Desktop/ECE/10th_Semester/Architecture_of_Parallel_Systems/Project/BranchPredictionAI/C_Implementation/BranchPredictionAI/run_model/hls/syn/report/conv_bn_act_pool_Pipeline_Loop3_2Big_csynth.rpt 
Execute         list_part -family xc7z020-clg400-3 
Execute           ap_family_info -name xc7z020-clg400-3 -data names 
Execute           ap_part_info -quiet -name xc7z020-clg400-3 -data family 
Execute       syn_report -rtlxml -model conv_bn_act_pool_Pipeline_Loop3_2Big -o /home/gkapakos/Desktop/ECE/10th_Semester/Architecture_of_Parallel_Systems/Project/BranchPredictionAI/C_Implementation/BranchPredictionAI/run_model/hls/syn/report/conv_bn_act_pool_Pipeline_Loop3_2Big_csynth.xml 
Execute         list_part -family xc7z020-clg400-3 
Execute           ap_family_info -name xc7z020-clg400-3 -data names 
Execute           ap_part_info -quiet -name xc7z020-clg400-3 -data family 
Execute       syn_report -verbosereport -model conv_bn_act_pool_Pipeline_Loop3_2Big -o /home/gkapakos/Desktop/ECE/10th_Semester/Architecture_of_Parallel_Systems/Project/BranchPredictionAI/C_Implementation/BranchPredictionAI/run_model/hls/.autopilot/db/conv_bn_act_pool_Pipeline_Loop3_2Big.verbose.rpt 
Execute         list_part -family xc7z020-clg400-3 
Execute           ap_family_info -name xc7z020-clg400-3 -data names 
Execute           ap_part_info -quiet -name xc7z020-clg400-3 -data family 
Execute       db_write -model conv_bn_act_pool_Pipeline_Loop3_2Big -f -o /home/gkapakos/Desktop/ECE/10th_Semester/Architecture_of_Parallel_Systems/Project/BranchPredictionAI/C_Implementation/BranchPredictionAI/run_model/hls/.autopilot/db/conv_bn_act_pool_Pipeline_Loop3_2Big.adb 
Execute       db_write -model conv_bn_act_pool_Pipeline_Loop3_2Big -bindview -o /home/gkapakos/Desktop/ECE/10th_Semester/Architecture_of_Parallel_Systems/Project/BranchPredictionAI/C_Implementation/BranchPredictionAI/run_model/hls/.autopilot/db/design.bindinfo.xml 
Execute       gen_tb_info conv_bn_act_pool_Pipeline_Loop3_2Big -p /home/gkapakos/Desktop/ECE/10th_Semester/Architecture_of_Parallel_Systems/Project/BranchPredictionAI/C_Implementation/BranchPredictionAI/run_model/hls/.autopilot/db -o /home/gkapakos/Desktop/ECE/10th_Semester/Architecture_of_Parallel_Systems/Project/BranchPredictionAI/C_Implementation/BranchPredictionAI/run_model/hls/.autopilot/db/conv_bn_act_pool_Pipeline_Loop3_2Big 
INFO: [HLS 200-10] ----------------------------------------------------------------
INFO: [HLS 200-10] -- Generating RTL for module 'conv_bn_act_pool' 
INFO: [HLS 200-10] ----------------------------------------------------------------
Execute       create_rtl_model conv_bn_act_pool -top_prefix run_model_ -sub_prefix run_model_ -mg_file /home/gkapakos/Desktop/ECE/10th_Semester/Architecture_of_Parallel_Systems/Project/BranchPredictionAI/C_Implementation/BranchPredictionAI/run_model/hls/.autopilot/db/conv_bn_act_pool.compgen.tcl 
WARNING: [RTGEN 206-101] Setting dangling out port 'conv_bn_act_pool/grp_fu_295_p_opcode' to 0.
INFO: [RTGEN 206-100] Generating core module 'fadd_32ns_32ns_32_4_full_dsp_1': 1 instance(s).
INFO: [RTGEN 206-100] Generating core module 'fdiv_32ns_32ns_32_10_no_dsp_1': 1 instance(s).
INFO: [RTGEN 206-100] Generating core module 'fmul_32ns_32ns_32_3_max_dsp_1': 2 instance(s).
INFO: [RTGEN 206-100] Generating core module 'fsqrt_32ns_32ns_32_10_no_dsp_1': 1 instance(s).
INFO: [RTGEN 206-100] Generating core module 'fsub_32ns_32ns_32_4_full_dsp_1': 1 instance(s).
INFO: [RTGEN 206-100] Generating core module 'hadd_16ns_16ns_16_5_full_dsp_1': 1 instance(s).
INFO: [RTGEN 206-100] Generating core module 'hcmp_16ns_16ns_1_2_no_dsp_1': 1 instance(s).
INFO: [RTGEN 206-100] Generating core module 'hdiv_16ns_16ns_16_6_no_dsp_1': 1 instance(s).
INFO: [RTGEN 206-100] Generating core module 'hmul_16ns_16ns_16_4_max_dsp_1': 1 instance(s).
INFO: [RTGEN 206-100] Generating core module 'hptosp_16ns_32_2_no_dsp_1': 2 instance(s).
INFO: [RTGEN 206-100] Generating core module 'sparsemux_65_5_16_1_1': 3 instance(s).
INFO: [RTGEN 206-100] Generating core module 'sptohp_32ns_16_2_no_dsp_1': 2 instance(s).
INFO: [RTGEN 206-100] Finished creating RTL model for 'conv_bn_act_pool'.
INFO: [RTMG 210-279] Implementing memory 'run_model_conv_bn_act_pool_X_slice12_ROM_AUTO_3R' using auto ROMs.
INFO: [RTMG 210-279] Implementing memory 'run_model_conv_bn_act_pool_ConvW1_ROM_AUTO_3R' using auto ROMs.
Command       create_rtl_model done; 0.16 sec.
INFO: [HLS 200-111] Finished Creating RTL model: CPU user time: 0.24 seconds. CPU system time: 0.01 seconds. Elapsed time: 0.25 seconds; current allocated memory: 683.527 MB.
Execute       source /home/gkapakos/Desktop/ECE/10th_Semester/Architecture_of_Parallel_Systems/Project/BranchPredictionAI/C_Implementation/BranchPredictionAI/run_model/hls/.autopilot/db/run_model.rtl_wrap.cfg.tcl 
Execute       gen_rtl conv_bn_act_pool -style xilinx -f -lang vhdl -o /home/gkapakos/Desktop/ECE/10th_Semester/Architecture_of_Parallel_Systems/Project/BranchPredictionAI/C_Implementation/BranchPredictionAI/run_model/hls/syn/vhdl/run_model_conv_bn_act_pool 
Execute       gen_rtl conv_bn_act_pool -style xilinx -f -lang vlog -o /home/gkapakos/Desktop/ECE/10th_Semester/Architecture_of_Parallel_Systems/Project/BranchPredictionAI/C_Implementation/BranchPredictionAI/run_model/hls/syn/verilog/run_model_conv_bn_act_pool 
Execute       syn_report -csynth -model conv_bn_act_pool -o /home/gkapakos/Desktop/ECE/10th_Semester/Architecture_of_Parallel_Systems/Project/BranchPredictionAI/C_Implementation/BranchPredictionAI/run_model/hls/syn/report/conv_bn_act_pool_csynth.rpt 
Execute         list_part -family xc7z020-clg400-3 
Execute           ap_family_info -name xc7z020-clg400-3 -data names 
Execute           ap_part_info -quiet -name xc7z020-clg400-3 -data family 
Execute       syn_report -rtlxml -model conv_bn_act_pool -o /home/gkapakos/Desktop/ECE/10th_Semester/Architecture_of_Parallel_Systems/Project/BranchPredictionAI/C_Implementation/BranchPredictionAI/run_model/hls/syn/report/conv_bn_act_pool_csynth.xml 
Execute         list_part -family xc7z020-clg400-3 
Execute           ap_family_info -name xc7z020-clg400-3 -data names 
Execute           ap_part_info -quiet -name xc7z020-clg400-3 -data family 
Execute       syn_report -verbosereport -model conv_bn_act_pool -o /home/gkapakos/Desktop/ECE/10th_Semester/Architecture_of_Parallel_Systems/Project/BranchPredictionAI/C_Implementation/BranchPredictionAI/run_model/hls/.autopilot/db/conv_bn_act_pool.verbose.rpt 
Execute         list_part -family xc7z020-clg400-3 
Execute           ap_family_info -name xc7z020-clg400-3 -data names 
Execute           ap_part_info -quiet -name xc7z020-clg400-3 -data family 
Execute       db_write -model conv_bn_act_pool -f -o /home/gkapakos/Desktop/ECE/10th_Semester/Architecture_of_Parallel_Systems/Project/BranchPredictionAI/C_Implementation/BranchPredictionAI/run_model/hls/.autopilot/db/conv_bn_act_pool.adb 
Execute       db_write -model conv_bn_act_pool -bindview -o /home/gkapakos/Desktop/ECE/10th_Semester/Architecture_of_Parallel_Systems/Project/BranchPredictionAI/C_Implementation/BranchPredictionAI/run_model/hls/.autopilot/db/design.bindinfo.xml 
Execute       gen_tb_info conv_bn_act_pool -p /home/gkapakos/Desktop/ECE/10th_Semester/Architecture_of_Parallel_Systems/Project/BranchPredictionAI/C_Implementation/BranchPredictionAI/run_model/hls/.autopilot/db -o /home/gkapakos/Desktop/ECE/10th_Semester/Architecture_of_Parallel_Systems/Project/BranchPredictionAI/C_Implementation/BranchPredictionAI/run_model/hls/.autopilot/db/conv_bn_act_pool 
INFO: [HLS 200-10] ----------------------------------------------------------------
INFO: [HLS 200-10] -- Generating RTL for module 'run_all_slices_unrolled_Pipeline_Loop_BN2' 
INFO: [HLS 200-10] ----------------------------------------------------------------
Execute       create_rtl_model run_all_slices_unrolled_Pipeline_Loop_BN2 -top_prefix run_model_ -sub_prefix run_model_ -mg_file /home/gkapakos/Desktop/ECE/10th_Semester/Architecture_of_Parallel_Systems/Project/BranchPredictionAI/C_Implementation/BranchPredictionAI/run_model/hls/.autopilot/db/run_all_slices_unrolled_Pipeline_Loop_BN2.compgen.tcl 
INFO: [HLS 200-1030] Apply Unified Pipeline Control on module 'run_all_slices_unrolled_Pipeline_Loop_BN2' pipeline 'Loop_BN' pipeline type 'loop pipeline'
INFO: [RTGEN 206-100] Generating core module 'fdiv_32ns_32ns_32_10_no_dsp_1': 1 instance(s).
INFO: [RTGEN 206-100] Generating core module 'fsqrt_32ns_32ns_32_10_no_dsp_1': 1 instance(s).
INFO: [RTGEN 206-100] Generating core module 'hadd_16ns_16ns_16_5_full_dsp_1': 2 instance(s).
INFO: [RTGEN 206-100] Generating core module 'hmul_16ns_16ns_16_4_max_dsp_1': 1 instance(s).
INFO: [RTGEN 206-100] Generating core module 'hptosp_16ns_32_2_no_dsp_1': 2 instance(s).
INFO: [RTGEN 206-100] Generating core module 'sptohp_32ns_16_2_no_dsp_1': 1 instance(s).
INFO: [RTGEN 206-100] Finished creating RTL model for 'run_all_slices_unrolled_Pipeline_Loop_BN2'.
INFO: [HLS 200-111] Finished Creating RTL model: CPU user time: 0.22 seconds. CPU system time: 0.03 seconds. Elapsed time: 0.25 seconds; current allocated memory: 689.844 MB.
Execute       source /home/gkapakos/Desktop/ECE/10th_Semester/Architecture_of_Parallel_Systems/Project/BranchPredictionAI/C_Implementation/BranchPredictionAI/run_model/hls/.autopilot/db/run_model.rtl_wrap.cfg.tcl 
Execute       gen_rtl run_all_slices_unrolled_Pipeline_Loop_BN2 -style xilinx -f -lang vhdl -o /home/gkapakos/Desktop/ECE/10th_Semester/Architecture_of_Parallel_Systems/Project/BranchPredictionAI/C_Implementation/BranchPredictionAI/run_model/hls/syn/vhdl/run_model_run_all_slices_unrolled_Pipeline_Loop_BN2 
Execute       gen_rtl run_all_slices_unrolled_Pipeline_Loop_BN2 -style xilinx -f -lang vlog -o /home/gkapakos/Desktop/ECE/10th_Semester/Architecture_of_Parallel_Systems/Project/BranchPredictionAI/C_Implementation/BranchPredictionAI/run_model/hls/syn/verilog/run_model_run_all_slices_unrolled_Pipeline_Loop_BN2 
Execute       syn_report -csynth -model run_all_slices_unrolled_Pipeline_Loop_BN2 -o /home/gkapakos/Desktop/ECE/10th_Semester/Architecture_of_Parallel_Systems/Project/BranchPredictionAI/C_Implementation/BranchPredictionAI/run_model/hls/syn/report/run_all_slices_unrolled_Pipeline_Loop_BN2_csynth.rpt 
Execute         list_part -family xc7z020-clg400-3 
Execute           ap_family_info -name xc7z020-clg400-3 -data names 
Execute           ap_part_info -quiet -name xc7z020-clg400-3 -data family 
Execute       syn_report -rtlxml -model run_all_slices_unrolled_Pipeline_Loop_BN2 -o /home/gkapakos/Desktop/ECE/10th_Semester/Architecture_of_Parallel_Systems/Project/BranchPredictionAI/C_Implementation/BranchPredictionAI/run_model/hls/syn/report/run_all_slices_unrolled_Pipeline_Loop_BN2_csynth.xml 
Execute         list_part -family xc7z020-clg400-3 
Execute           ap_family_info -name xc7z020-clg400-3 -data names 
Execute           ap_part_info -quiet -name xc7z020-clg400-3 -data family 
Execute       syn_report -verbosereport -model run_all_slices_unrolled_Pipeline_Loop_BN2 -o /home/gkapakos/Desktop/ECE/10th_Semester/Architecture_of_Parallel_Systems/Project/BranchPredictionAI/C_Implementation/BranchPredictionAI/run_model/hls/.autopilot/db/run_all_slices_unrolled_Pipeline_Loop_BN2.verbose.rpt 
Execute         list_part -family xc7z020-clg400-3 
Execute           ap_family_info -name xc7z020-clg400-3 -data names 
Execute           ap_part_info -quiet -name xc7z020-clg400-3 -data family 
Execute       db_write -model run_all_slices_unrolled_Pipeline_Loop_BN2 -f -o /home/gkapakos/Desktop/ECE/10th_Semester/Architecture_of_Parallel_Systems/Project/BranchPredictionAI/C_Implementation/BranchPredictionAI/run_model/hls/.autopilot/db/run_all_slices_unrolled_Pipeline_Loop_BN2.adb 
Execute       db_write -model run_all_slices_unrolled_Pipeline_Loop_BN2 -bindview -o /home/gkapakos/Desktop/ECE/10th_Semester/Architecture_of_Parallel_Systems/Project/BranchPredictionAI/C_Implementation/BranchPredictionAI/run_model/hls/.autopilot/db/design.bindinfo.xml 
Execute       gen_tb_info run_all_slices_unrolled_Pipeline_Loop_BN2 -p /home/gkapakos/Desktop/ECE/10th_Semester/Architecture_of_Parallel_Systems/Project/BranchPredictionAI/C_Implementation/BranchPredictionAI/run_model/hls/.autopilot/db -o /home/gkapakos/Desktop/ECE/10th_Semester/Architecture_of_Parallel_Systems/Project/BranchPredictionAI/C_Implementation/BranchPredictionAI/run_model/hls/.autopilot/db/run_all_slices_unrolled_Pipeline_Loop_BN2 
INFO: [HLS 200-10] ----------------------------------------------------------------
INFO: [HLS 200-10] -- Generating RTL for module 'run_all_slices_unrolled_Pipeline_MergedLoop1' 
INFO: [HLS 200-10] ----------------------------------------------------------------
Execute       create_rtl_model run_all_slices_unrolled_Pipeline_MergedLoop1 -top_prefix run_model_ -sub_prefix run_model_ -mg_file /home/gkapakos/Desktop/ECE/10th_Semester/Architecture_of_Parallel_Systems/Project/BranchPredictionAI/C_Implementation/BranchPredictionAI/run_model/hls/.autopilot/db/run_all_slices_unrolled_Pipeline_MergedLoop1.compgen.tcl 
INFO: [HLS 200-1030] Apply Unified Pipeline Control on module 'run_all_slices_unrolled_Pipeline_MergedLoop1' pipeline 'MergedLoop1' pipeline type 'loop pipeline'
INFO: [RTGEN 206-100] Generating core module 'hadd_16ns_16ns_16_5_full_dsp_1': 1 instance(s).
INFO: [RTGEN 206-100] Generating core module 'hcmp_16ns_16ns_1_2_no_dsp_1': 2 instance(s).
INFO: [RTGEN 206-100] Generating core module 'sparsemux_7_2_16_1_1': 1 instance(s).
INFO: [RTGEN 206-100] Finished creating RTL model for 'run_all_slices_unrolled_Pipeline_MergedLoop1'.
INFO: [HLS 200-111] Finished Creating RTL model: CPU user time: 0.09 seconds. CPU system time: 0.01 seconds. Elapsed time: 0.11 seconds; current allocated memory: 691.223 MB.
Execute       source /home/gkapakos/Desktop/ECE/10th_Semester/Architecture_of_Parallel_Systems/Project/BranchPredictionAI/C_Implementation/BranchPredictionAI/run_model/hls/.autopilot/db/run_model.rtl_wrap.cfg.tcl 
Execute       gen_rtl run_all_slices_unrolled_Pipeline_MergedLoop1 -style xilinx -f -lang vhdl -o /home/gkapakos/Desktop/ECE/10th_Semester/Architecture_of_Parallel_Systems/Project/BranchPredictionAI/C_Implementation/BranchPredictionAI/run_model/hls/syn/vhdl/run_model_run_all_slices_unrolled_Pipeline_MergedLoop1 
Execute       gen_rtl run_all_slices_unrolled_Pipeline_MergedLoop1 -style xilinx -f -lang vlog -o /home/gkapakos/Desktop/ECE/10th_Semester/Architecture_of_Parallel_Systems/Project/BranchPredictionAI/C_Implementation/BranchPredictionAI/run_model/hls/syn/verilog/run_model_run_all_slices_unrolled_Pipeline_MergedLoop1 
Execute       syn_report -csynth -model run_all_slices_unrolled_Pipeline_MergedLoop1 -o /home/gkapakos/Desktop/ECE/10th_Semester/Architecture_of_Parallel_Systems/Project/BranchPredictionAI/C_Implementation/BranchPredictionAI/run_model/hls/syn/report/run_all_slices_unrolled_Pipeline_MergedLoop1_csynth.rpt 
Execute         list_part -family xc7z020-clg400-3 
Execute           ap_family_info -name xc7z020-clg400-3 -data names 
Execute           ap_part_info -quiet -name xc7z020-clg400-3 -data family 
Execute       syn_report -rtlxml -model run_all_slices_unrolled_Pipeline_MergedLoop1 -o /home/gkapakos/Desktop/ECE/10th_Semester/Architecture_of_Parallel_Systems/Project/BranchPredictionAI/C_Implementation/BranchPredictionAI/run_model/hls/syn/report/run_all_slices_unrolled_Pipeline_MergedLoop1_csynth.xml 
Execute         list_part -family xc7z020-clg400-3 
Execute           ap_family_info -name xc7z020-clg400-3 -data names 
Execute           ap_part_info -quiet -name xc7z020-clg400-3 -data family 
Execute       syn_report -verbosereport -model run_all_slices_unrolled_Pipeline_MergedLoop1 -o /home/gkapakos/Desktop/ECE/10th_Semester/Architecture_of_Parallel_Systems/Project/BranchPredictionAI/C_Implementation/BranchPredictionAI/run_model/hls/.autopilot/db/run_all_slices_unrolled_Pipeline_MergedLoop1.verbose.rpt 
Execute         list_part -family xc7z020-clg400-3 
Execute           ap_family_info -name xc7z020-clg400-3 -data names 
Execute           ap_part_info -quiet -name xc7z020-clg400-3 -data family 
Execute       db_write -model run_all_slices_unrolled_Pipeline_MergedLoop1 -f -o /home/gkapakos/Desktop/ECE/10th_Semester/Architecture_of_Parallel_Systems/Project/BranchPredictionAI/C_Implementation/BranchPredictionAI/run_model/hls/.autopilot/db/run_all_slices_unrolled_Pipeline_MergedLoop1.adb 
Execute       db_write -model run_all_slices_unrolled_Pipeline_MergedLoop1 -bindview -o /home/gkapakos/Desktop/ECE/10th_Semester/Architecture_of_Parallel_Systems/Project/BranchPredictionAI/C_Implementation/BranchPredictionAI/run_model/hls/.autopilot/db/design.bindinfo.xml 
Execute       gen_tb_info run_all_slices_unrolled_Pipeline_MergedLoop1 -p /home/gkapakos/Desktop/ECE/10th_Semester/Architecture_of_Parallel_Systems/Project/BranchPredictionAI/C_Implementation/BranchPredictionAI/run_model/hls/.autopilot/db -o /home/gkapakos/Desktop/ECE/10th_Semester/Architecture_of_Parallel_Systems/Project/BranchPredictionAI/C_Implementation/BranchPredictionAI/run_model/hls/.autopilot/db/run_all_slices_unrolled_Pipeline_MergedLoop1 
INFO: [HLS 200-10] ----------------------------------------------------------------
INFO: [HLS 200-10] -- Generating RTL for module 'conv_bn_act_pool_2_Pipeline_BNParamsLoop' 
INFO: [HLS 200-10] ----------------------------------------------------------------
Execute       create_rtl_model conv_bn_act_pool.2_Pipeline_BNParamsLoop -top_prefix run_model_ -sub_prefix run_model_ -mg_file /home/gkapakos/Desktop/ECE/10th_Semester/Architecture_of_Parallel_Systems/Project/BranchPredictionAI/C_Implementation/BranchPredictionAI/run_model/hls/.autopilot/db/conv_bn_act_pool_2_Pipeline_BNParamsLoop.compgen.tcl 
INFO: [HLS 200-1030] Apply Unified Pipeline Control on module 'conv_bn_act_pool_2_Pipeline_BNParamsLoop' pipeline 'BNParamsLoop' pipeline type 'loop pipeline'
INFO: [RTGEN 206-100] Generating core module 'fadd_32ns_32ns_32_4_full_dsp_1': 1 instance(s).
INFO: [RTGEN 206-100] Generating core module 'fdiv_32ns_32ns_32_10_no_dsp_1': 1 instance(s).
INFO: [RTGEN 206-100] Generating core module 'fmul_32ns_32ns_32_3_max_dsp_1': 2 instance(s).
INFO: [RTGEN 206-100] Generating core module 'fsqrt_32ns_32ns_32_10_no_dsp_1': 1 instance(s).
INFO: [RTGEN 206-100] Generating core module 'fsub_32ns_32ns_32_4_full_dsp_1': 1 instance(s).
INFO: [RTGEN 206-100] Generating core module 'hptosp_16ns_32_2_no_dsp_1': 2 instance(s).
INFO: [RTGEN 206-100] Generating core module 'sparsemux_65_5_16_1_1': 2 instance(s).
INFO: [RTGEN 206-100] Generating core module 'sptohp_32ns_16_2_no_dsp_1': 2 instance(s).
INFO: [RTGEN 206-100] Finished creating RTL model for 'conv_bn_act_pool_2_Pipeline_BNParamsLoop'.
Command       create_rtl_model done; 0.38 sec.
INFO: [HLS 200-111] Finished Creating RTL model: CPU user time: 0.43 seconds. CPU system time: 0.01 seconds. Elapsed time: 0.44 seconds; current allocated memory: 698.578 MB.
Execute       source /home/gkapakos/Desktop/ECE/10th_Semester/Architecture_of_Parallel_Systems/Project/BranchPredictionAI/C_Implementation/BranchPredictionAI/run_model/hls/.autopilot/db/run_model.rtl_wrap.cfg.tcl 
Execute       gen_rtl conv_bn_act_pool.2_Pipeline_BNParamsLoop -style xilinx -f -lang vhdl -o /home/gkapakos/Desktop/ECE/10th_Semester/Architecture_of_Parallel_Systems/Project/BranchPredictionAI/C_Implementation/BranchPredictionAI/run_model/hls/syn/vhdl/run_model_conv_bn_act_pool_2_Pipeline_BNParamsLoop 
Execute       gen_rtl conv_bn_act_pool.2_Pipeline_BNParamsLoop -style xilinx -f -lang vlog -o /home/gkapakos/Desktop/ECE/10th_Semester/Architecture_of_Parallel_Systems/Project/BranchPredictionAI/C_Implementation/BranchPredictionAI/run_model/hls/syn/verilog/run_model_conv_bn_act_pool_2_Pipeline_BNParamsLoop 
Execute       syn_report -csynth -model conv_bn_act_pool.2_Pipeline_BNParamsLoop -o /home/gkapakos/Desktop/ECE/10th_Semester/Architecture_of_Parallel_Systems/Project/BranchPredictionAI/C_Implementation/BranchPredictionAI/run_model/hls/syn/report/conv_bn_act_pool_2_Pipeline_BNParamsLoop_csynth.rpt 
Execute         list_part -family xc7z020-clg400-3 
Execute           ap_family_info -name xc7z020-clg400-3 -data names 
Execute           ap_part_info -quiet -name xc7z020-clg400-3 -data family 
Execute       syn_report -rtlxml -model conv_bn_act_pool.2_Pipeline_BNParamsLoop -o /home/gkapakos/Desktop/ECE/10th_Semester/Architecture_of_Parallel_Systems/Project/BranchPredictionAI/C_Implementation/BranchPredictionAI/run_model/hls/syn/report/conv_bn_act_pool_2_Pipeline_BNParamsLoop_csynth.xml 
Execute         list_part -family xc7z020-clg400-3 
Execute           ap_family_info -name xc7z020-clg400-3 -data names 
Execute           ap_part_info -quiet -name xc7z020-clg400-3 -data family 
Execute       syn_report -verbosereport -model conv_bn_act_pool.2_Pipeline_BNParamsLoop -o /home/gkapakos/Desktop/ECE/10th_Semester/Architecture_of_Parallel_Systems/Project/BranchPredictionAI/C_Implementation/BranchPredictionAI/run_model/hls/.autopilot/db/conv_bn_act_pool_2_Pipeline_BNParamsLoop.verbose.rpt 
Execute         list_part -family xc7z020-clg400-3 
Execute           ap_family_info -name xc7z020-clg400-3 -data names 
Execute           ap_part_info -quiet -name xc7z020-clg400-3 -data family 
Execute       db_write -model conv_bn_act_pool.2_Pipeline_BNParamsLoop -f -o /home/gkapakos/Desktop/ECE/10th_Semester/Architecture_of_Parallel_Systems/Project/BranchPredictionAI/C_Implementation/BranchPredictionAI/run_model/hls/.autopilot/db/conv_bn_act_pool_2_Pipeline_BNParamsLoop.adb 
Execute       db_write -model conv_bn_act_pool.2_Pipeline_BNParamsLoop -bindview -o /home/gkapakos/Desktop/ECE/10th_Semester/Architecture_of_Parallel_Systems/Project/BranchPredictionAI/C_Implementation/BranchPredictionAI/run_model/hls/.autopilot/db/design.bindinfo.xml 
Execute       gen_tb_info conv_bn_act_pool.2_Pipeline_BNParamsLoop -p /home/gkapakos/Desktop/ECE/10th_Semester/Architecture_of_Parallel_Systems/Project/BranchPredictionAI/C_Implementation/BranchPredictionAI/run_model/hls/.autopilot/db -o /home/gkapakos/Desktop/ECE/10th_Semester/Architecture_of_Parallel_Systems/Project/BranchPredictionAI/C_Implementation/BranchPredictionAI/run_model/hls/.autopilot/db/conv_bn_act_pool_2_Pipeline_BNParamsLoop 
INFO: [HLS 200-10] ----------------------------------------------------------------
INFO: [HLS 200-10] -- Generating RTL for module 'conv_bn_act_pool_2_Pipeline_Loop3_2Big' 
INFO: [HLS 200-10] ----------------------------------------------------------------
Execute       create_rtl_model conv_bn_act_pool.2_Pipeline_Loop3_2Big -top_prefix run_model_ -sub_prefix run_model_ -mg_file /home/gkapakos/Desktop/ECE/10th_Semester/Architecture_of_Parallel_Systems/Project/BranchPredictionAI/C_Implementation/BranchPredictionAI/run_model/hls/.autopilot/db/conv_bn_act_pool_2_Pipeline_Loop3_2Big.compgen.tcl 
INFO: [HLS 200-1030] Apply Unified Pipeline Control on module 'conv_bn_act_pool_2_Pipeline_Loop3_2Big' pipeline 'Loop3_2Big' pipeline type 'loop pipeline'
INFO: [RTGEN 206-100] Generating core module 'hdiv_16ns_16ns_16_6_no_dsp_1': 1 instance(s).
INFO: [RTGEN 206-100] Generating core module 'sparsemux_65_5_16_1_1': 1 instance(s).
INFO: [RTGEN 206-100] Finished creating RTL model for 'conv_bn_act_pool_2_Pipeline_Loop3_2Big'.
INFO: [HLS 200-111] Finished Creating RTL model: CPU user time: 0.2 seconds. CPU system time: 0.02 seconds. Elapsed time: 0.21 seconds; current allocated memory: 704.133 MB.
Execute       source /home/gkapakos/Desktop/ECE/10th_Semester/Architecture_of_Parallel_Systems/Project/BranchPredictionAI/C_Implementation/BranchPredictionAI/run_model/hls/.autopilot/db/run_model.rtl_wrap.cfg.tcl 
Execute       gen_rtl conv_bn_act_pool.2_Pipeline_Loop3_2Big -style xilinx -f -lang vhdl -o /home/gkapakos/Desktop/ECE/10th_Semester/Architecture_of_Parallel_Systems/Project/BranchPredictionAI/C_Implementation/BranchPredictionAI/run_model/hls/syn/vhdl/run_model_conv_bn_act_pool_2_Pipeline_Loop3_2Big 
Execute       gen_rtl conv_bn_act_pool.2_Pipeline_Loop3_2Big -style xilinx -f -lang vlog -o /home/gkapakos/Desktop/ECE/10th_Semester/Architecture_of_Parallel_Systems/Project/BranchPredictionAI/C_Implementation/BranchPredictionAI/run_model/hls/syn/verilog/run_model_conv_bn_act_pool_2_Pipeline_Loop3_2Big 
Execute       syn_report -csynth -model conv_bn_act_pool.2_Pipeline_Loop3_2Big -o /home/gkapakos/Desktop/ECE/10th_Semester/Architecture_of_Parallel_Systems/Project/BranchPredictionAI/C_Implementation/BranchPredictionAI/run_model/hls/syn/report/conv_bn_act_pool_2_Pipeline_Loop3_2Big_csynth.rpt 
Execute         list_part -family xc7z020-clg400-3 
Execute           ap_family_info -name xc7z020-clg400-3 -data names 
Execute           ap_part_info -quiet -name xc7z020-clg400-3 -data family 
Execute       syn_report -rtlxml -model conv_bn_act_pool.2_Pipeline_Loop3_2Big -o /home/gkapakos/Desktop/ECE/10th_Semester/Architecture_of_Parallel_Systems/Project/BranchPredictionAI/C_Implementation/BranchPredictionAI/run_model/hls/syn/report/conv_bn_act_pool_2_Pipeline_Loop3_2Big_csynth.xml 
Execute         list_part -family xc7z020-clg400-3 
Execute           ap_family_info -name xc7z020-clg400-3 -data names 
Execute           ap_part_info -quiet -name xc7z020-clg400-3 -data family 
Execute       syn_report -verbosereport -model conv_bn_act_pool.2_Pipeline_Loop3_2Big -o /home/gkapakos/Desktop/ECE/10th_Semester/Architecture_of_Parallel_Systems/Project/BranchPredictionAI/C_Implementation/BranchPredictionAI/run_model/hls/.autopilot/db/conv_bn_act_pool_2_Pipeline_Loop3_2Big.verbose.rpt 
Execute         list_part -family xc7z020-clg400-3 
Execute           ap_family_info -name xc7z020-clg400-3 -data names 
Execute           ap_part_info -quiet -name xc7z020-clg400-3 -data family 
Execute       db_write -model conv_bn_act_pool.2_Pipeline_Loop3_2Big -f -o /home/gkapakos/Desktop/ECE/10th_Semester/Architecture_of_Parallel_Systems/Project/BranchPredictionAI/C_Implementation/BranchPredictionAI/run_model/hls/.autopilot/db/conv_bn_act_pool_2_Pipeline_Loop3_2Big.adb 
Execute       db_write -model conv_bn_act_pool.2_Pipeline_Loop3_2Big -bindview -o /home/gkapakos/Desktop/ECE/10th_Semester/Architecture_of_Parallel_Systems/Project/BranchPredictionAI/C_Implementation/BranchPredictionAI/run_model/hls/.autopilot/db/design.bindinfo.xml 
Execute       gen_tb_info conv_bn_act_pool.2_Pipeline_Loop3_2Big -p /home/gkapakos/Desktop/ECE/10th_Semester/Architecture_of_Parallel_Systems/Project/BranchPredictionAI/C_Implementation/BranchPredictionAI/run_model/hls/.autopilot/db -o /home/gkapakos/Desktop/ECE/10th_Semester/Architecture_of_Parallel_Systems/Project/BranchPredictionAI/C_Implementation/BranchPredictionAI/run_model/hls/.autopilot/db/conv_bn_act_pool_2_Pipeline_Loop3_2Big 
INFO: [HLS 200-10] ----------------------------------------------------------------
INFO: [HLS 200-10] -- Generating RTL for module 'conv_bn_act_pool_2' 
INFO: [HLS 200-10] ----------------------------------------------------------------
Execute       create_rtl_model conv_bn_act_pool.2 -top_prefix run_model_ -sub_prefix run_model_ -mg_file /home/gkapakos/Desktop/ECE/10th_Semester/Architecture_of_Parallel_Systems/Project/BranchPredictionAI/C_Implementation/BranchPredictionAI/run_model/hls/.autopilot/db/conv_bn_act_pool_2.compgen.tcl 
WARNING: [RTGEN 206-101] Setting dangling out port 'conv_bn_act_pool_2/grp_fu_295_p_opcode' to 0.
INFO: [RTGEN 206-100] Generating core module 'fadd_32ns_32ns_32_4_full_dsp_1': 1 instance(s).
INFO: [RTGEN 206-100] Generating core module 'fdiv_32ns_32ns_32_10_no_dsp_1': 1 instance(s).
INFO: [RTGEN 206-100] Generating core module 'fmul_32ns_32ns_32_3_max_dsp_1': 2 instance(s).
INFO: [RTGEN 206-100] Generating core module 'fsqrt_32ns_32ns_32_10_no_dsp_1': 1 instance(s).
INFO: [RTGEN 206-100] Generating core module 'fsub_32ns_32ns_32_4_full_dsp_1': 1 instance(s).
INFO: [RTGEN 206-100] Generating core module 'hadd_16ns_16ns_16_5_full_dsp_1': 1 instance(s).
INFO: [RTGEN 206-100] Generating core module 'hcmp_16ns_16ns_1_2_no_dsp_1': 1 instance(s).
INFO: [RTGEN 206-100] Generating core module 'hdiv_16ns_16ns_16_6_no_dsp_1': 1 instance(s).
INFO: [RTGEN 206-100] Generating core module 'hmul_16ns_16ns_16_4_max_dsp_1': 1 instance(s).
INFO: [RTGEN 206-100] Generating core module 'hptosp_16ns_32_2_no_dsp_1': 2 instance(s).
INFO: [RTGEN 206-100] Generating core module 'sparsemux_65_5_16_1_1': 3 instance(s).
INFO: [RTGEN 206-100] Generating core module 'sptohp_32ns_16_2_no_dsp_1': 2 instance(s).
INFO: [RTGEN 206-100] Finished creating RTL model for 'conv_bn_act_pool_2'.
INFO: [RTMG 210-279] Implementing memory 'run_model_conv_bn_act_pool_2_X_slice27_ROM_AUTO_3R' using auto ROMs.
INFO: [RTMG 210-279] Implementing memory 'run_model_conv_bn_act_pool_2_ConvW2_ROM_AUTO_3R' using auto ROMs.
Command       create_rtl_model done; 0.2 sec.
INFO: [HLS 200-111] Finished Creating RTL model: CPU user time: 0.26 seconds. CPU system time: 0.02 seconds. Elapsed time: 0.28 seconds; current allocated memory: 711.660 MB.
Execute       source /home/gkapakos/Desktop/ECE/10th_Semester/Architecture_of_Parallel_Systems/Project/BranchPredictionAI/C_Implementation/BranchPredictionAI/run_model/hls/.autopilot/db/run_model.rtl_wrap.cfg.tcl 
Execute       gen_rtl conv_bn_act_pool.2 -style xilinx -f -lang vhdl -o /home/gkapakos/Desktop/ECE/10th_Semester/Architecture_of_Parallel_Systems/Project/BranchPredictionAI/C_Implementation/BranchPredictionAI/run_model/hls/syn/vhdl/run_model_conv_bn_act_pool_2 
Execute       gen_rtl conv_bn_act_pool.2 -style xilinx -f -lang vlog -o /home/gkapakos/Desktop/ECE/10th_Semester/Architecture_of_Parallel_Systems/Project/BranchPredictionAI/C_Implementation/BranchPredictionAI/run_model/hls/syn/verilog/run_model_conv_bn_act_pool_2 
Execute       syn_report -csynth -model conv_bn_act_pool.2 -o /home/gkapakos/Desktop/ECE/10th_Semester/Architecture_of_Parallel_Systems/Project/BranchPredictionAI/C_Implementation/BranchPredictionAI/run_model/hls/syn/report/conv_bn_act_pool_2_csynth.rpt 
Execute         list_part -family xc7z020-clg400-3 
Execute           ap_family_info -name xc7z020-clg400-3 -data names 
Execute           ap_part_info -quiet -name xc7z020-clg400-3 -data family 
Execute       syn_report -rtlxml -model conv_bn_act_pool.2 -o /home/gkapakos/Desktop/ECE/10th_Semester/Architecture_of_Parallel_Systems/Project/BranchPredictionAI/C_Implementation/BranchPredictionAI/run_model/hls/syn/report/conv_bn_act_pool_2_csynth.xml 
Execute         list_part -family xc7z020-clg400-3 
Execute           ap_family_info -name xc7z020-clg400-3 -data names 
Execute           ap_part_info -quiet -name xc7z020-clg400-3 -data family 
Execute       syn_report -verbosereport -model conv_bn_act_pool.2 -o /home/gkapakos/Desktop/ECE/10th_Semester/Architecture_of_Parallel_Systems/Project/BranchPredictionAI/C_Implementation/BranchPredictionAI/run_model/hls/.autopilot/db/conv_bn_act_pool_2.verbose.rpt 
Execute         list_part -family xc7z020-clg400-3 
Execute           ap_family_info -name xc7z020-clg400-3 -data names 
Execute           ap_part_info -quiet -name xc7z020-clg400-3 -data family 
Execute       db_write -model conv_bn_act_pool.2 -f -o /home/gkapakos/Desktop/ECE/10th_Semester/Architecture_of_Parallel_Systems/Project/BranchPredictionAI/C_Implementation/BranchPredictionAI/run_model/hls/.autopilot/db/conv_bn_act_pool_2.adb 
Execute       db_write -model conv_bn_act_pool.2 -bindview -o /home/gkapakos/Desktop/ECE/10th_Semester/Architecture_of_Parallel_Systems/Project/BranchPredictionAI/C_Implementation/BranchPredictionAI/run_model/hls/.autopilot/db/design.bindinfo.xml 
Execute       gen_tb_info conv_bn_act_pool.2 -p /home/gkapakos/Desktop/ECE/10th_Semester/Architecture_of_Parallel_Systems/Project/BranchPredictionAI/C_Implementation/BranchPredictionAI/run_model/hls/.autopilot/db -o /home/gkapakos/Desktop/ECE/10th_Semester/Architecture_of_Parallel_Systems/Project/BranchPredictionAI/C_Implementation/BranchPredictionAI/run_model/hls/.autopilot/db/conv_bn_act_pool_2 
INFO: [HLS 200-10] ----------------------------------------------------------------
INFO: [HLS 200-10] -- Generating RTL for module 'run_all_slices_unrolled_Pipeline_Loop_BN3' 
INFO: [HLS 200-10] ----------------------------------------------------------------
Execute       create_rtl_model run_all_slices_unrolled_Pipeline_Loop_BN3 -top_prefix run_model_ -sub_prefix run_model_ -mg_file /home/gkapakos/Desktop/ECE/10th_Semester/Architecture_of_Parallel_Systems/Project/BranchPredictionAI/C_Implementation/BranchPredictionAI/run_model/hls/.autopilot/db/run_all_slices_unrolled_Pipeline_Loop_BN3.compgen.tcl 
INFO: [HLS 200-1030] Apply Unified Pipeline Control on module 'run_all_slices_unrolled_Pipeline_Loop_BN3' pipeline 'Loop_BN' pipeline type 'loop pipeline'
INFO: [RTGEN 206-100] Generating core module 'fdiv_32ns_32ns_32_10_no_dsp_1': 1 instance(s).
INFO: [RTGEN 206-100] Generating core module 'fsqrt_32ns_32ns_32_10_no_dsp_1': 1 instance(s).
INFO: [RTGEN 206-100] Generating core module 'hadd_16ns_16ns_16_5_full_dsp_1': 2 instance(s).
INFO: [RTGEN 206-100] Generating core module 'hmul_16ns_16ns_16_4_max_dsp_1': 1 instance(s).
INFO: [RTGEN 206-100] Generating core module 'hptosp_16ns_32_2_no_dsp_1': 2 instance(s).
INFO: [RTGEN 206-100] Generating core module 'sptohp_32ns_16_2_no_dsp_1': 1 instance(s).
INFO: [RTGEN 206-100] Finished creating RTL model for 'run_all_slices_unrolled_Pipeline_Loop_BN3'.
INFO: [HLS 200-111] Finished Creating RTL model: CPU user time: 0.26 seconds. CPU system time: 0.01 seconds. Elapsed time: 0.28 seconds; current allocated memory: 717.988 MB.
Execute       source /home/gkapakos/Desktop/ECE/10th_Semester/Architecture_of_Parallel_Systems/Project/BranchPredictionAI/C_Implementation/BranchPredictionAI/run_model/hls/.autopilot/db/run_model.rtl_wrap.cfg.tcl 
Execute       gen_rtl run_all_slices_unrolled_Pipeline_Loop_BN3 -style xilinx -f -lang vhdl -o /home/gkapakos/Desktop/ECE/10th_Semester/Architecture_of_Parallel_Systems/Project/BranchPredictionAI/C_Implementation/BranchPredictionAI/run_model/hls/syn/vhdl/run_model_run_all_slices_unrolled_Pipeline_Loop_BN3 
Execute       gen_rtl run_all_slices_unrolled_Pipeline_Loop_BN3 -style xilinx -f -lang vlog -o /home/gkapakos/Desktop/ECE/10th_Semester/Architecture_of_Parallel_Systems/Project/BranchPredictionAI/C_Implementation/BranchPredictionAI/run_model/hls/syn/verilog/run_model_run_all_slices_unrolled_Pipeline_Loop_BN3 
Execute       syn_report -csynth -model run_all_slices_unrolled_Pipeline_Loop_BN3 -o /home/gkapakos/Desktop/ECE/10th_Semester/Architecture_of_Parallel_Systems/Project/BranchPredictionAI/C_Implementation/BranchPredictionAI/run_model/hls/syn/report/run_all_slices_unrolled_Pipeline_Loop_BN3_csynth.rpt 
Execute         list_part -family xc7z020-clg400-3 
Execute           ap_family_info -name xc7z020-clg400-3 -data names 
Execute           ap_part_info -quiet -name xc7z020-clg400-3 -data family 
Execute       syn_report -rtlxml -model run_all_slices_unrolled_Pipeline_Loop_BN3 -o /home/gkapakos/Desktop/ECE/10th_Semester/Architecture_of_Parallel_Systems/Project/BranchPredictionAI/C_Implementation/BranchPredictionAI/run_model/hls/syn/report/run_all_slices_unrolled_Pipeline_Loop_BN3_csynth.xml 
Execute         list_part -family xc7z020-clg400-3 
Execute           ap_family_info -name xc7z020-clg400-3 -data names 
Execute           ap_part_info -quiet -name xc7z020-clg400-3 -data family 
Execute       syn_report -verbosereport -model run_all_slices_unrolled_Pipeline_Loop_BN3 -o /home/gkapakos/Desktop/ECE/10th_Semester/Architecture_of_Parallel_Systems/Project/BranchPredictionAI/C_Implementation/BranchPredictionAI/run_model/hls/.autopilot/db/run_all_slices_unrolled_Pipeline_Loop_BN3.verbose.rpt 
Execute         list_part -family xc7z020-clg400-3 
Execute           ap_family_info -name xc7z020-clg400-3 -data names 
Execute           ap_part_info -quiet -name xc7z020-clg400-3 -data family 
Execute       db_write -model run_all_slices_unrolled_Pipeline_Loop_BN3 -f -o /home/gkapakos/Desktop/ECE/10th_Semester/Architecture_of_Parallel_Systems/Project/BranchPredictionAI/C_Implementation/BranchPredictionAI/run_model/hls/.autopilot/db/run_all_slices_unrolled_Pipeline_Loop_BN3.adb 
Execute       db_write -model run_all_slices_unrolled_Pipeline_Loop_BN3 -bindview -o /home/gkapakos/Desktop/ECE/10th_Semester/Architecture_of_Parallel_Systems/Project/BranchPredictionAI/C_Implementation/BranchPredictionAI/run_model/hls/.autopilot/db/design.bindinfo.xml 
Execute       gen_tb_info run_all_slices_unrolled_Pipeline_Loop_BN3 -p /home/gkapakos/Desktop/ECE/10th_Semester/Architecture_of_Parallel_Systems/Project/BranchPredictionAI/C_Implementation/BranchPredictionAI/run_model/hls/.autopilot/db -o /home/gkapakos/Desktop/ECE/10th_Semester/Architecture_of_Parallel_Systems/Project/BranchPredictionAI/C_Implementation/BranchPredictionAI/run_model/hls/.autopilot/db/run_all_slices_unrolled_Pipeline_Loop_BN3 
INFO: [HLS 200-10] ----------------------------------------------------------------
INFO: [HLS 200-10] -- Generating RTL for module 'run_all_slices_unrolled_Pipeline_MergedLoop2' 
INFO: [HLS 200-10] ----------------------------------------------------------------
Execute       create_rtl_model run_all_slices_unrolled_Pipeline_MergedLoop2 -top_prefix run_model_ -sub_prefix run_model_ -mg_file /home/gkapakos/Desktop/ECE/10th_Semester/Architecture_of_Parallel_Systems/Project/BranchPredictionAI/C_Implementation/BranchPredictionAI/run_model/hls/.autopilot/db/run_all_slices_unrolled_Pipeline_MergedLoop2.compgen.tcl 
INFO: [HLS 200-1030] Apply Unified Pipeline Control on module 'run_all_slices_unrolled_Pipeline_MergedLoop2' pipeline 'MergedLoop2' pipeline type 'loop pipeline'
INFO: [RTGEN 206-100] Generating core module 'hadd_16ns_16ns_16_5_full_dsp_1': 1 instance(s).
INFO: [RTGEN 206-100] Generating core module 'hcmp_16ns_16ns_1_2_no_dsp_1': 2 instance(s).
INFO: [RTGEN 206-100] Generating core module 'sparsemux_7_2_16_1_1': 1 instance(s).
INFO: [RTGEN 206-100] Finished creating RTL model for 'run_all_slices_unrolled_Pipeline_MergedLoop2'.
INFO: [HLS 200-111] Finished Creating RTL model: CPU user time: 0.1 seconds. CPU system time: 0.01 seconds. Elapsed time: 0.12 seconds; current allocated memory: 719.387 MB.
Execute       source /home/gkapakos/Desktop/ECE/10th_Semester/Architecture_of_Parallel_Systems/Project/BranchPredictionAI/C_Implementation/BranchPredictionAI/run_model/hls/.autopilot/db/run_model.rtl_wrap.cfg.tcl 
Execute       gen_rtl run_all_slices_unrolled_Pipeline_MergedLoop2 -style xilinx -f -lang vhdl -o /home/gkapakos/Desktop/ECE/10th_Semester/Architecture_of_Parallel_Systems/Project/BranchPredictionAI/C_Implementation/BranchPredictionAI/run_model/hls/syn/vhdl/run_model_run_all_slices_unrolled_Pipeline_MergedLoop2 
Execute       gen_rtl run_all_slices_unrolled_Pipeline_MergedLoop2 -style xilinx -f -lang vlog -o /home/gkapakos/Desktop/ECE/10th_Semester/Architecture_of_Parallel_Systems/Project/BranchPredictionAI/C_Implementation/BranchPredictionAI/run_model/hls/syn/verilog/run_model_run_all_slices_unrolled_Pipeline_MergedLoop2 
Execute       syn_report -csynth -model run_all_slices_unrolled_Pipeline_MergedLoop2 -o /home/gkapakos/Desktop/ECE/10th_Semester/Architecture_of_Parallel_Systems/Project/BranchPredictionAI/C_Implementation/BranchPredictionAI/run_model/hls/syn/report/run_all_slices_unrolled_Pipeline_MergedLoop2_csynth.rpt 
Execute         list_part -family xc7z020-clg400-3 
Execute           ap_family_info -name xc7z020-clg400-3 -data names 
Execute           ap_part_info -quiet -name xc7z020-clg400-3 -data family 
Execute       syn_report -rtlxml -model run_all_slices_unrolled_Pipeline_MergedLoop2 -o /home/gkapakos/Desktop/ECE/10th_Semester/Architecture_of_Parallel_Systems/Project/BranchPredictionAI/C_Implementation/BranchPredictionAI/run_model/hls/syn/report/run_all_slices_unrolled_Pipeline_MergedLoop2_csynth.xml 
Execute         list_part -family xc7z020-clg400-3 
Execute           ap_family_info -name xc7z020-clg400-3 -data names 
Execute           ap_part_info -quiet -name xc7z020-clg400-3 -data family 
Execute       syn_report -verbosereport -model run_all_slices_unrolled_Pipeline_MergedLoop2 -o /home/gkapakos/Desktop/ECE/10th_Semester/Architecture_of_Parallel_Systems/Project/BranchPredictionAI/C_Implementation/BranchPredictionAI/run_model/hls/.autopilot/db/run_all_slices_unrolled_Pipeline_MergedLoop2.verbose.rpt 
Execute         list_part -family xc7z020-clg400-3 
Execute           ap_family_info -name xc7z020-clg400-3 -data names 
Execute           ap_part_info -quiet -name xc7z020-clg400-3 -data family 
Execute       db_write -model run_all_slices_unrolled_Pipeline_MergedLoop2 -f -o /home/gkapakos/Desktop/ECE/10th_Semester/Architecture_of_Parallel_Systems/Project/BranchPredictionAI/C_Implementation/BranchPredictionAI/run_model/hls/.autopilot/db/run_all_slices_unrolled_Pipeline_MergedLoop2.adb 
Execute       db_write -model run_all_slices_unrolled_Pipeline_MergedLoop2 -bindview -o /home/gkapakos/Desktop/ECE/10th_Semester/Architecture_of_Parallel_Systems/Project/BranchPredictionAI/C_Implementation/BranchPredictionAI/run_model/hls/.autopilot/db/design.bindinfo.xml 
Execute       gen_tb_info run_all_slices_unrolled_Pipeline_MergedLoop2 -p /home/gkapakos/Desktop/ECE/10th_Semester/Architecture_of_Parallel_Systems/Project/BranchPredictionAI/C_Implementation/BranchPredictionAI/run_model/hls/.autopilot/db -o /home/gkapakos/Desktop/ECE/10th_Semester/Architecture_of_Parallel_Systems/Project/BranchPredictionAI/C_Implementation/BranchPredictionAI/run_model/hls/.autopilot/db/run_all_slices_unrolled_Pipeline_MergedLoop2 
INFO: [HLS 200-10] ----------------------------------------------------------------
INFO: [HLS 200-10] -- Generating RTL for module 'conv_bn_act_pool_3_Pipeline_BNParamsLoop' 
INFO: [HLS 200-10] ----------------------------------------------------------------
Execute       create_rtl_model conv_bn_act_pool.3_Pipeline_BNParamsLoop -top_prefix run_model_ -sub_prefix run_model_ -mg_file /home/gkapakos/Desktop/ECE/10th_Semester/Architecture_of_Parallel_Systems/Project/BranchPredictionAI/C_Implementation/BranchPredictionAI/run_model/hls/.autopilot/db/conv_bn_act_pool_3_Pipeline_BNParamsLoop.compgen.tcl 
INFO: [HLS 200-1030] Apply Unified Pipeline Control on module 'conv_bn_act_pool_3_Pipeline_BNParamsLoop' pipeline 'BNParamsLoop' pipeline type 'loop pipeline'
INFO: [RTGEN 206-100] Generating core module 'fadd_32ns_32ns_32_4_full_dsp_1': 1 instance(s).
INFO: [RTGEN 206-100] Generating core module 'fdiv_32ns_32ns_32_10_no_dsp_1': 1 instance(s).
INFO: [RTGEN 206-100] Generating core module 'fmul_32ns_32ns_32_3_max_dsp_1': 2 instance(s).
INFO: [RTGEN 206-100] Generating core module 'fsqrt_32ns_32ns_32_10_no_dsp_1': 1 instance(s).
INFO: [RTGEN 206-100] Generating core module 'fsub_32ns_32ns_32_4_full_dsp_1': 1 instance(s).
INFO: [RTGEN 206-100] Generating core module 'hptosp_16ns_32_2_no_dsp_1': 2 instance(s).
INFO: [RTGEN 206-100] Generating core module 'sparsemux_65_5_16_1_1': 2 instance(s).
INFO: [RTGEN 206-100] Generating core module 'sptohp_32ns_16_2_no_dsp_1': 2 instance(s).
INFO: [RTGEN 206-100] Finished creating RTL model for 'conv_bn_act_pool_3_Pipeline_BNParamsLoop'.
Command       create_rtl_model done; 0.42 sec.
INFO: [HLS 200-111] Finished Creating RTL model: CPU user time: 0.45 seconds. CPU system time: 0.02 seconds. Elapsed time: 0.48 seconds; current allocated memory: 726.645 MB.
Execute       source /home/gkapakos/Desktop/ECE/10th_Semester/Architecture_of_Parallel_Systems/Project/BranchPredictionAI/C_Implementation/BranchPredictionAI/run_model/hls/.autopilot/db/run_model.rtl_wrap.cfg.tcl 
Execute       gen_rtl conv_bn_act_pool.3_Pipeline_BNParamsLoop -style xilinx -f -lang vhdl -o /home/gkapakos/Desktop/ECE/10th_Semester/Architecture_of_Parallel_Systems/Project/BranchPredictionAI/C_Implementation/BranchPredictionAI/run_model/hls/syn/vhdl/run_model_conv_bn_act_pool_3_Pipeline_BNParamsLoop 
Execute       gen_rtl conv_bn_act_pool.3_Pipeline_BNParamsLoop -style xilinx -f -lang vlog -o /home/gkapakos/Desktop/ECE/10th_Semester/Architecture_of_Parallel_Systems/Project/BranchPredictionAI/C_Implementation/BranchPredictionAI/run_model/hls/syn/verilog/run_model_conv_bn_act_pool_3_Pipeline_BNParamsLoop 
Execute       syn_report -csynth -model conv_bn_act_pool.3_Pipeline_BNParamsLoop -o /home/gkapakos/Desktop/ECE/10th_Semester/Architecture_of_Parallel_Systems/Project/BranchPredictionAI/C_Implementation/BranchPredictionAI/run_model/hls/syn/report/conv_bn_act_pool_3_Pipeline_BNParamsLoop_csynth.rpt 
Execute         list_part -family xc7z020-clg400-3 
Execute           ap_family_info -name xc7z020-clg400-3 -data names 
Execute           ap_part_info -quiet -name xc7z020-clg400-3 -data family 
Execute       syn_report -rtlxml -model conv_bn_act_pool.3_Pipeline_BNParamsLoop -o /home/gkapakos/Desktop/ECE/10th_Semester/Architecture_of_Parallel_Systems/Project/BranchPredictionAI/C_Implementation/BranchPredictionAI/run_model/hls/syn/report/conv_bn_act_pool_3_Pipeline_BNParamsLoop_csynth.xml 
Execute         list_part -family xc7z020-clg400-3 
Execute           ap_family_info -name xc7z020-clg400-3 -data names 
Execute           ap_part_info -quiet -name xc7z020-clg400-3 -data family 
Execute       syn_report -verbosereport -model conv_bn_act_pool.3_Pipeline_BNParamsLoop -o /home/gkapakos/Desktop/ECE/10th_Semester/Architecture_of_Parallel_Systems/Project/BranchPredictionAI/C_Implementation/BranchPredictionAI/run_model/hls/.autopilot/db/conv_bn_act_pool_3_Pipeline_BNParamsLoop.verbose.rpt 
Execute         list_part -family xc7z020-clg400-3 
Execute           ap_family_info -name xc7z020-clg400-3 -data names 
Execute           ap_part_info -quiet -name xc7z020-clg400-3 -data family 
Execute       db_write -model conv_bn_act_pool.3_Pipeline_BNParamsLoop -f -o /home/gkapakos/Desktop/ECE/10th_Semester/Architecture_of_Parallel_Systems/Project/BranchPredictionAI/C_Implementation/BranchPredictionAI/run_model/hls/.autopilot/db/conv_bn_act_pool_3_Pipeline_BNParamsLoop.adb 
Execute       db_write -model conv_bn_act_pool.3_Pipeline_BNParamsLoop -bindview -o /home/gkapakos/Desktop/ECE/10th_Semester/Architecture_of_Parallel_Systems/Project/BranchPredictionAI/C_Implementation/BranchPredictionAI/run_model/hls/.autopilot/db/design.bindinfo.xml 
Execute       gen_tb_info conv_bn_act_pool.3_Pipeline_BNParamsLoop -p /home/gkapakos/Desktop/ECE/10th_Semester/Architecture_of_Parallel_Systems/Project/BranchPredictionAI/C_Implementation/BranchPredictionAI/run_model/hls/.autopilot/db -o /home/gkapakos/Desktop/ECE/10th_Semester/Architecture_of_Parallel_Systems/Project/BranchPredictionAI/C_Implementation/BranchPredictionAI/run_model/hls/.autopilot/db/conv_bn_act_pool_3_Pipeline_BNParamsLoop 
INFO: [HLS 200-10] ----------------------------------------------------------------
INFO: [HLS 200-10] -- Generating RTL for module 'conv_bn_act_pool_3_Pipeline_Loop3_2Big' 
INFO: [HLS 200-10] ----------------------------------------------------------------
Execute       create_rtl_model conv_bn_act_pool.3_Pipeline_Loop3_2Big -top_prefix run_model_ -sub_prefix run_model_ -mg_file /home/gkapakos/Desktop/ECE/10th_Semester/Architecture_of_Parallel_Systems/Project/BranchPredictionAI/C_Implementation/BranchPredictionAI/run_model/hls/.autopilot/db/conv_bn_act_pool_3_Pipeline_Loop3_2Big.compgen.tcl 
INFO: [HLS 200-1030] Apply Unified Pipeline Control on module 'conv_bn_act_pool_3_Pipeline_Loop3_2Big' pipeline 'Loop3_2Big' pipeline type 'loop pipeline'
INFO: [RTGEN 206-100] Generating core module 'hdiv_16ns_16ns_16_6_no_dsp_1': 1 instance(s).
INFO: [RTGEN 206-100] Generating core module 'sparsemux_65_5_16_1_1': 1 instance(s).
INFO: [RTGEN 206-100] Finished creating RTL model for 'conv_bn_act_pool_3_Pipeline_Loop3_2Big'.
INFO: [HLS 200-111] Finished Creating RTL model: CPU user time: 0.19 seconds. CPU system time: 0.01 seconds. Elapsed time: 0.22 seconds; current allocated memory: 732.273 MB.
Execute       source /home/gkapakos/Desktop/ECE/10th_Semester/Architecture_of_Parallel_Systems/Project/BranchPredictionAI/C_Implementation/BranchPredictionAI/run_model/hls/.autopilot/db/run_model.rtl_wrap.cfg.tcl 
Execute       gen_rtl conv_bn_act_pool.3_Pipeline_Loop3_2Big -style xilinx -f -lang vhdl -o /home/gkapakos/Desktop/ECE/10th_Semester/Architecture_of_Parallel_Systems/Project/BranchPredictionAI/C_Implementation/BranchPredictionAI/run_model/hls/syn/vhdl/run_model_conv_bn_act_pool_3_Pipeline_Loop3_2Big 
Execute       gen_rtl conv_bn_act_pool.3_Pipeline_Loop3_2Big -style xilinx -f -lang vlog -o /home/gkapakos/Desktop/ECE/10th_Semester/Architecture_of_Parallel_Systems/Project/BranchPredictionAI/C_Implementation/BranchPredictionAI/run_model/hls/syn/verilog/run_model_conv_bn_act_pool_3_Pipeline_Loop3_2Big 
Execute       syn_report -csynth -model conv_bn_act_pool.3_Pipeline_Loop3_2Big -o /home/gkapakos/Desktop/ECE/10th_Semester/Architecture_of_Parallel_Systems/Project/BranchPredictionAI/C_Implementation/BranchPredictionAI/run_model/hls/syn/report/conv_bn_act_pool_3_Pipeline_Loop3_2Big_csynth.rpt 
Execute         list_part -family xc7z020-clg400-3 
Execute           ap_family_info -name xc7z020-clg400-3 -data names 
Execute           ap_part_info -quiet -name xc7z020-clg400-3 -data family 
Execute       syn_report -rtlxml -model conv_bn_act_pool.3_Pipeline_Loop3_2Big -o /home/gkapakos/Desktop/ECE/10th_Semester/Architecture_of_Parallel_Systems/Project/BranchPredictionAI/C_Implementation/BranchPredictionAI/run_model/hls/syn/report/conv_bn_act_pool_3_Pipeline_Loop3_2Big_csynth.xml 
Execute         list_part -family xc7z020-clg400-3 
Execute           ap_family_info -name xc7z020-clg400-3 -data names 
Execute           ap_part_info -quiet -name xc7z020-clg400-3 -data family 
Execute       syn_report -verbosereport -model conv_bn_act_pool.3_Pipeline_Loop3_2Big -o /home/gkapakos/Desktop/ECE/10th_Semester/Architecture_of_Parallel_Systems/Project/BranchPredictionAI/C_Implementation/BranchPredictionAI/run_model/hls/.autopilot/db/conv_bn_act_pool_3_Pipeline_Loop3_2Big.verbose.rpt 
Execute         list_part -family xc7z020-clg400-3 
Execute           ap_family_info -name xc7z020-clg400-3 -data names 
Execute           ap_part_info -quiet -name xc7z020-clg400-3 -data family 
Execute       db_write -model conv_bn_act_pool.3_Pipeline_Loop3_2Big -f -o /home/gkapakos/Desktop/ECE/10th_Semester/Architecture_of_Parallel_Systems/Project/BranchPredictionAI/C_Implementation/BranchPredictionAI/run_model/hls/.autopilot/db/conv_bn_act_pool_3_Pipeline_Loop3_2Big.adb 
Execute       db_write -model conv_bn_act_pool.3_Pipeline_Loop3_2Big -bindview -o /home/gkapakos/Desktop/ECE/10th_Semester/Architecture_of_Parallel_Systems/Project/BranchPredictionAI/C_Implementation/BranchPredictionAI/run_model/hls/.autopilot/db/design.bindinfo.xml 
Execute       gen_tb_info conv_bn_act_pool.3_Pipeline_Loop3_2Big -p /home/gkapakos/Desktop/ECE/10th_Semester/Architecture_of_Parallel_Systems/Project/BranchPredictionAI/C_Implementation/BranchPredictionAI/run_model/hls/.autopilot/db -o /home/gkapakos/Desktop/ECE/10th_Semester/Architecture_of_Parallel_Systems/Project/BranchPredictionAI/C_Implementation/BranchPredictionAI/run_model/hls/.autopilot/db/conv_bn_act_pool_3_Pipeline_Loop3_2Big 
INFO: [HLS 200-10] ----------------------------------------------------------------
INFO: [HLS 200-10] -- Generating RTL for module 'conv_bn_act_pool_3' 
INFO: [HLS 200-10] ----------------------------------------------------------------
Execute       create_rtl_model conv_bn_act_pool.3 -top_prefix run_model_ -sub_prefix run_model_ -mg_file /home/gkapakos/Desktop/ECE/10th_Semester/Architecture_of_Parallel_Systems/Project/BranchPredictionAI/C_Implementation/BranchPredictionAI/run_model/hls/.autopilot/db/conv_bn_act_pool_3.compgen.tcl 
WARNING: [RTGEN 206-101] Setting dangling out port 'conv_bn_act_pool_3/grp_fu_295_p_opcode' to 0.
INFO: [RTGEN 206-100] Generating core module 'fadd_32ns_32ns_32_4_full_dsp_1': 1 instance(s).
INFO: [RTGEN 206-100] Generating core module 'fdiv_32ns_32ns_32_10_no_dsp_1': 1 instance(s).
INFO: [RTGEN 206-100] Generating core module 'fmul_32ns_32ns_32_3_max_dsp_1': 2 instance(s).
INFO: [RTGEN 206-100] Generating core module 'fsqrt_32ns_32ns_32_10_no_dsp_1': 1 instance(s).
INFO: [RTGEN 206-100] Generating core module 'fsub_32ns_32ns_32_4_full_dsp_1': 1 instance(s).
INFO: [RTGEN 206-100] Generating core module 'hadd_16ns_16ns_16_5_full_dsp_1': 1 instance(s).
INFO: [RTGEN 206-100] Generating core module 'hcmp_16ns_16ns_1_2_no_dsp_1': 1 instance(s).
INFO: [RTGEN 206-100] Generating core module 'hdiv_16ns_16ns_16_6_no_dsp_1': 1 instance(s).
INFO: [RTGEN 206-100] Generating core module 'hmul_16ns_16ns_16_4_max_dsp_1': 1 instance(s).
INFO: [RTGEN 206-100] Generating core module 'hptosp_16ns_32_2_no_dsp_1': 2 instance(s).
INFO: [RTGEN 206-100] Generating core module 'sparsemux_65_5_16_1_1': 3 instance(s).
INFO: [RTGEN 206-100] Generating core module 'sptohp_32ns_16_2_no_dsp_1': 2 instance(s).
INFO: [RTGEN 206-100] Finished creating RTL model for 'conv_bn_act_pool_3'.
INFO: [RTMG 210-279] Implementing memory 'run_model_conv_bn_act_pool_3_X_slice42_ROM_AUTO_3R' using auto ROMs.
INFO: [RTMG 210-279] Implementing memory 'run_model_conv_bn_act_pool_3_ConvW3_ROM_AUTO_3R' using auto ROMs.
Command       create_rtl_model done; 0.18 sec.
INFO: [HLS 200-111] Finished Creating RTL model: CPU user time: 0.25 seconds. CPU system time: 0.02 seconds. Elapsed time: 0.27 seconds; current allocated memory: 740.199 MB.
Execute       source /home/gkapakos/Desktop/ECE/10th_Semester/Architecture_of_Parallel_Systems/Project/BranchPredictionAI/C_Implementation/BranchPredictionAI/run_model/hls/.autopilot/db/run_model.rtl_wrap.cfg.tcl 
Execute       gen_rtl conv_bn_act_pool.3 -style xilinx -f -lang vhdl -o /home/gkapakos/Desktop/ECE/10th_Semester/Architecture_of_Parallel_Systems/Project/BranchPredictionAI/C_Implementation/BranchPredictionAI/run_model/hls/syn/vhdl/run_model_conv_bn_act_pool_3 
Execute       gen_rtl conv_bn_act_pool.3 -style xilinx -f -lang vlog -o /home/gkapakos/Desktop/ECE/10th_Semester/Architecture_of_Parallel_Systems/Project/BranchPredictionAI/C_Implementation/BranchPredictionAI/run_model/hls/syn/verilog/run_model_conv_bn_act_pool_3 
Execute       syn_report -csynth -model conv_bn_act_pool.3 -o /home/gkapakos/Desktop/ECE/10th_Semester/Architecture_of_Parallel_Systems/Project/BranchPredictionAI/C_Implementation/BranchPredictionAI/run_model/hls/syn/report/conv_bn_act_pool_3_csynth.rpt 
Execute         list_part -family xc7z020-clg400-3 
Execute           ap_family_info -name xc7z020-clg400-3 -data names 
Execute           ap_part_info -quiet -name xc7z020-clg400-3 -data family 
Execute       syn_report -rtlxml -model conv_bn_act_pool.3 -o /home/gkapakos/Desktop/ECE/10th_Semester/Architecture_of_Parallel_Systems/Project/BranchPredictionAI/C_Implementation/BranchPredictionAI/run_model/hls/syn/report/conv_bn_act_pool_3_csynth.xml 
Execute         list_part -family xc7z020-clg400-3 
Execute           ap_family_info -name xc7z020-clg400-3 -data names 
Execute           ap_part_info -quiet -name xc7z020-clg400-3 -data family 
Execute       syn_report -verbosereport -model conv_bn_act_pool.3 -o /home/gkapakos/Desktop/ECE/10th_Semester/Architecture_of_Parallel_Systems/Project/BranchPredictionAI/C_Implementation/BranchPredictionAI/run_model/hls/.autopilot/db/conv_bn_act_pool_3.verbose.rpt 
Execute         list_part -family xc7z020-clg400-3 
Execute           ap_family_info -name xc7z020-clg400-3 -data names 
Execute           ap_part_info -quiet -name xc7z020-clg400-3 -data family 
Execute       db_write -model conv_bn_act_pool.3 -f -o /home/gkapakos/Desktop/ECE/10th_Semester/Architecture_of_Parallel_Systems/Project/BranchPredictionAI/C_Implementation/BranchPredictionAI/run_model/hls/.autopilot/db/conv_bn_act_pool_3.adb 
Execute       db_write -model conv_bn_act_pool.3 -bindview -o /home/gkapakos/Desktop/ECE/10th_Semester/Architecture_of_Parallel_Systems/Project/BranchPredictionAI/C_Implementation/BranchPredictionAI/run_model/hls/.autopilot/db/design.bindinfo.xml 
Execute       gen_tb_info conv_bn_act_pool.3 -p /home/gkapakos/Desktop/ECE/10th_Semester/Architecture_of_Parallel_Systems/Project/BranchPredictionAI/C_Implementation/BranchPredictionAI/run_model/hls/.autopilot/db -o /home/gkapakos/Desktop/ECE/10th_Semester/Architecture_of_Parallel_Systems/Project/BranchPredictionAI/C_Implementation/BranchPredictionAI/run_model/hls/.autopilot/db/conv_bn_act_pool_3 
INFO: [HLS 200-10] ----------------------------------------------------------------
INFO: [HLS 200-10] -- Generating RTL for module 'run_all_slices_unrolled_Pipeline_Loop_BN4' 
INFO: [HLS 200-10] ----------------------------------------------------------------
Execute       create_rtl_model run_all_slices_unrolled_Pipeline_Loop_BN4 -top_prefix run_model_ -sub_prefix run_model_ -mg_file /home/gkapakos/Desktop/ECE/10th_Semester/Architecture_of_Parallel_Systems/Project/BranchPredictionAI/C_Implementation/BranchPredictionAI/run_model/hls/.autopilot/db/run_all_slices_unrolled_Pipeline_Loop_BN4.compgen.tcl 
INFO: [HLS 200-1030] Apply Unified Pipeline Control on module 'run_all_slices_unrolled_Pipeline_Loop_BN4' pipeline 'Loop_BN' pipeline type 'loop pipeline'
INFO: [RTGEN 206-100] Generating core module 'fdiv_32ns_32ns_32_10_no_dsp_1': 1 instance(s).
INFO: [RTGEN 206-100] Generating core module 'fsqrt_32ns_32ns_32_10_no_dsp_1': 1 instance(s).
INFO: [RTGEN 206-100] Generating core module 'hadd_16ns_16ns_16_5_full_dsp_1': 2 instance(s).
INFO: [RTGEN 206-100] Generating core module 'hmul_16ns_16ns_16_4_max_dsp_1': 1 instance(s).
INFO: [RTGEN 206-100] Generating core module 'hptosp_16ns_32_2_no_dsp_1': 2 instance(s).
INFO: [RTGEN 206-100] Generating core module 'sptohp_32ns_16_2_no_dsp_1': 1 instance(s).
INFO: [RTGEN 206-100] Finished creating RTL model for 'run_all_slices_unrolled_Pipeline_Loop_BN4'.
INFO: [HLS 200-111] Finished Creating RTL model: CPU user time: 0.24 seconds. CPU system time: 0.02 seconds. Elapsed time: 0.26 seconds; current allocated memory: 746.062 MB.
Execute       source /home/gkapakos/Desktop/ECE/10th_Semester/Architecture_of_Parallel_Systems/Project/BranchPredictionAI/C_Implementation/BranchPredictionAI/run_model/hls/.autopilot/db/run_model.rtl_wrap.cfg.tcl 
Execute       gen_rtl run_all_slices_unrolled_Pipeline_Loop_BN4 -style xilinx -f -lang vhdl -o /home/gkapakos/Desktop/ECE/10th_Semester/Architecture_of_Parallel_Systems/Project/BranchPredictionAI/C_Implementation/BranchPredictionAI/run_model/hls/syn/vhdl/run_model_run_all_slices_unrolled_Pipeline_Loop_BN4 
Execute       gen_rtl run_all_slices_unrolled_Pipeline_Loop_BN4 -style xilinx -f -lang vlog -o /home/gkapakos/Desktop/ECE/10th_Semester/Architecture_of_Parallel_Systems/Project/BranchPredictionAI/C_Implementation/BranchPredictionAI/run_model/hls/syn/verilog/run_model_run_all_slices_unrolled_Pipeline_Loop_BN4 
Execute       syn_report -csynth -model run_all_slices_unrolled_Pipeline_Loop_BN4 -o /home/gkapakos/Desktop/ECE/10th_Semester/Architecture_of_Parallel_Systems/Project/BranchPredictionAI/C_Implementation/BranchPredictionAI/run_model/hls/syn/report/run_all_slices_unrolled_Pipeline_Loop_BN4_csynth.rpt 
Execute         list_part -family xc7z020-clg400-3 
Execute           ap_family_info -name xc7z020-clg400-3 -data names 
Execute           ap_part_info -quiet -name xc7z020-clg400-3 -data family 
Execute       syn_report -rtlxml -model run_all_slices_unrolled_Pipeline_Loop_BN4 -o /home/gkapakos/Desktop/ECE/10th_Semester/Architecture_of_Parallel_Systems/Project/BranchPredictionAI/C_Implementation/BranchPredictionAI/run_model/hls/syn/report/run_all_slices_unrolled_Pipeline_Loop_BN4_csynth.xml 
Execute         list_part -family xc7z020-clg400-3 
Execute           ap_family_info -name xc7z020-clg400-3 -data names 
Execute           ap_part_info -quiet -name xc7z020-clg400-3 -data family 
Execute       syn_report -verbosereport -model run_all_slices_unrolled_Pipeline_Loop_BN4 -o /home/gkapakos/Desktop/ECE/10th_Semester/Architecture_of_Parallel_Systems/Project/BranchPredictionAI/C_Implementation/BranchPredictionAI/run_model/hls/.autopilot/db/run_all_slices_unrolled_Pipeline_Loop_BN4.verbose.rpt 
Execute         list_part -family xc7z020-clg400-3 
Execute           ap_family_info -name xc7z020-clg400-3 -data names 
Execute           ap_part_info -quiet -name xc7z020-clg400-3 -data family 
Execute       db_write -model run_all_slices_unrolled_Pipeline_Loop_BN4 -f -o /home/gkapakos/Desktop/ECE/10th_Semester/Architecture_of_Parallel_Systems/Project/BranchPredictionAI/C_Implementation/BranchPredictionAI/run_model/hls/.autopilot/db/run_all_slices_unrolled_Pipeline_Loop_BN4.adb 
Execute       db_write -model run_all_slices_unrolled_Pipeline_Loop_BN4 -bindview -o /home/gkapakos/Desktop/ECE/10th_Semester/Architecture_of_Parallel_Systems/Project/BranchPredictionAI/C_Implementation/BranchPredictionAI/run_model/hls/.autopilot/db/design.bindinfo.xml 
Execute       gen_tb_info run_all_slices_unrolled_Pipeline_Loop_BN4 -p /home/gkapakos/Desktop/ECE/10th_Semester/Architecture_of_Parallel_Systems/Project/BranchPredictionAI/C_Implementation/BranchPredictionAI/run_model/hls/.autopilot/db -o /home/gkapakos/Desktop/ECE/10th_Semester/Architecture_of_Parallel_Systems/Project/BranchPredictionAI/C_Implementation/BranchPredictionAI/run_model/hls/.autopilot/db/run_all_slices_unrolled_Pipeline_Loop_BN4 
INFO: [HLS 200-10] ----------------------------------------------------------------
INFO: [HLS 200-10] -- Generating RTL for module 'run_all_slices_unrolled_Pipeline_MergedLoop3' 
INFO: [HLS 200-10] ----------------------------------------------------------------
Execute       create_rtl_model run_all_slices_unrolled_Pipeline_MergedLoop3 -top_prefix run_model_ -sub_prefix run_model_ -mg_file /home/gkapakos/Desktop/ECE/10th_Semester/Architecture_of_Parallel_Systems/Project/BranchPredictionAI/C_Implementation/BranchPredictionAI/run_model/hls/.autopilot/db/run_all_slices_unrolled_Pipeline_MergedLoop3.compgen.tcl 
INFO: [HLS 200-1030] Apply Unified Pipeline Control on module 'run_all_slices_unrolled_Pipeline_MergedLoop3' pipeline 'MergedLoop3' pipeline type 'loop pipeline'
INFO: [RTGEN 206-100] Generating core module 'hadd_16ns_16ns_16_5_full_dsp_1': 1 instance(s).
INFO: [RTGEN 206-100] Generating core module 'hcmp_16ns_16ns_1_2_no_dsp_1': 2 instance(s).
INFO: [RTGEN 206-100] Generating core module 'sparsemux_7_2_16_1_1': 1 instance(s).
INFO: [RTGEN 206-100] Finished creating RTL model for 'run_all_slices_unrolled_Pipeline_MergedLoop3'.
INFO: [HLS 200-111] Finished Creating RTL model: CPU user time: 0.1 seconds. CPU system time: 0 seconds. Elapsed time: 0.11 seconds; current allocated memory: 747.492 MB.
Execute       source /home/gkapakos/Desktop/ECE/10th_Semester/Architecture_of_Parallel_Systems/Project/BranchPredictionAI/C_Implementation/BranchPredictionAI/run_model/hls/.autopilot/db/run_model.rtl_wrap.cfg.tcl 
Execute       gen_rtl run_all_slices_unrolled_Pipeline_MergedLoop3 -style xilinx -f -lang vhdl -o /home/gkapakos/Desktop/ECE/10th_Semester/Architecture_of_Parallel_Systems/Project/BranchPredictionAI/C_Implementation/BranchPredictionAI/run_model/hls/syn/vhdl/run_model_run_all_slices_unrolled_Pipeline_MergedLoop3 
Execute       gen_rtl run_all_slices_unrolled_Pipeline_MergedLoop3 -style xilinx -f -lang vlog -o /home/gkapakos/Desktop/ECE/10th_Semester/Architecture_of_Parallel_Systems/Project/BranchPredictionAI/C_Implementation/BranchPredictionAI/run_model/hls/syn/verilog/run_model_run_all_slices_unrolled_Pipeline_MergedLoop3 
Execute       syn_report -csynth -model run_all_slices_unrolled_Pipeline_MergedLoop3 -o /home/gkapakos/Desktop/ECE/10th_Semester/Architecture_of_Parallel_Systems/Project/BranchPredictionAI/C_Implementation/BranchPredictionAI/run_model/hls/syn/report/run_all_slices_unrolled_Pipeline_MergedLoop3_csynth.rpt 
Execute         list_part -family xc7z020-clg400-3 
Execute           ap_family_info -name xc7z020-clg400-3 -data names 
Execute           ap_part_info -quiet -name xc7z020-clg400-3 -data family 
Execute       syn_report -rtlxml -model run_all_slices_unrolled_Pipeline_MergedLoop3 -o /home/gkapakos/Desktop/ECE/10th_Semester/Architecture_of_Parallel_Systems/Project/BranchPredictionAI/C_Implementation/BranchPredictionAI/run_model/hls/syn/report/run_all_slices_unrolled_Pipeline_MergedLoop3_csynth.xml 
Execute         list_part -family xc7z020-clg400-3 
Execute           ap_family_info -name xc7z020-clg400-3 -data names 
Execute           ap_part_info -quiet -name xc7z020-clg400-3 -data family 
Execute       syn_report -verbosereport -model run_all_slices_unrolled_Pipeline_MergedLoop3 -o /home/gkapakos/Desktop/ECE/10th_Semester/Architecture_of_Parallel_Systems/Project/BranchPredictionAI/C_Implementation/BranchPredictionAI/run_model/hls/.autopilot/db/run_all_slices_unrolled_Pipeline_MergedLoop3.verbose.rpt 
Execute         list_part -family xc7z020-clg400-3 
Execute           ap_family_info -name xc7z020-clg400-3 -data names 
Execute           ap_part_info -quiet -name xc7z020-clg400-3 -data family 
Execute       db_write -model run_all_slices_unrolled_Pipeline_MergedLoop3 -f -o /home/gkapakos/Desktop/ECE/10th_Semester/Architecture_of_Parallel_Systems/Project/BranchPredictionAI/C_Implementation/BranchPredictionAI/run_model/hls/.autopilot/db/run_all_slices_unrolled_Pipeline_MergedLoop3.adb 
Execute       db_write -model run_all_slices_unrolled_Pipeline_MergedLoop3 -bindview -o /home/gkapakos/Desktop/ECE/10th_Semester/Architecture_of_Parallel_Systems/Project/BranchPredictionAI/C_Implementation/BranchPredictionAI/run_model/hls/.autopilot/db/design.bindinfo.xml 
Execute       gen_tb_info run_all_slices_unrolled_Pipeline_MergedLoop3 -p /home/gkapakos/Desktop/ECE/10th_Semester/Architecture_of_Parallel_Systems/Project/BranchPredictionAI/C_Implementation/BranchPredictionAI/run_model/hls/.autopilot/db -o /home/gkapakos/Desktop/ECE/10th_Semester/Architecture_of_Parallel_Systems/Project/BranchPredictionAI/C_Implementation/BranchPredictionAI/run_model/hls/.autopilot/db/run_all_slices_unrolled_Pipeline_MergedLoop3 
INFO: [HLS 200-10] ----------------------------------------------------------------
INFO: [HLS 200-10] -- Generating RTL for module 'conv_bn_act_pool_4_Pipeline_BNParamsLoop' 
INFO: [HLS 200-10] ----------------------------------------------------------------
Execute       create_rtl_model conv_bn_act_pool.4_Pipeline_BNParamsLoop -top_prefix run_model_ -sub_prefix run_model_ -mg_file /home/gkapakos/Desktop/ECE/10th_Semester/Architecture_of_Parallel_Systems/Project/BranchPredictionAI/C_Implementation/BranchPredictionAI/run_model/hls/.autopilot/db/conv_bn_act_pool_4_Pipeline_BNParamsLoop.compgen.tcl 
INFO: [HLS 200-1030] Apply Unified Pipeline Control on module 'conv_bn_act_pool_4_Pipeline_BNParamsLoop' pipeline 'BNParamsLoop' pipeline type 'loop pipeline'
INFO: [RTGEN 206-100] Generating core module 'fadd_32ns_32ns_32_4_full_dsp_1': 1 instance(s).
INFO: [RTGEN 206-100] Generating core module 'fdiv_32ns_32ns_32_10_no_dsp_1': 1 instance(s).
INFO: [RTGEN 206-100] Generating core module 'fmul_32ns_32ns_32_3_max_dsp_1': 2 instance(s).
INFO: [RTGEN 206-100] Generating core module 'fsqrt_32ns_32ns_32_10_no_dsp_1': 1 instance(s).
INFO: [RTGEN 206-100] Generating core module 'fsub_32ns_32ns_32_4_full_dsp_1': 1 instance(s).
INFO: [RTGEN 206-100] Generating core module 'hptosp_16ns_32_2_no_dsp_1': 2 instance(s).
INFO: [RTGEN 206-100] Generating core module 'sparsemux_65_5_16_1_1': 2 instance(s).
INFO: [RTGEN 206-100] Generating core module 'sptohp_32ns_16_2_no_dsp_1': 2 instance(s).
INFO: [RTGEN 206-100] Finished creating RTL model for 'conv_bn_act_pool_4_Pipeline_BNParamsLoop'.
Command       create_rtl_model done; 0.45 sec.
INFO: [HLS 200-111] Finished Creating RTL model: CPU user time: 0.49 seconds. CPU system time: 0.02 seconds. Elapsed time: 0.51 seconds; current allocated memory: 754.648 MB.
Execute       source /home/gkapakos/Desktop/ECE/10th_Semester/Architecture_of_Parallel_Systems/Project/BranchPredictionAI/C_Implementation/BranchPredictionAI/run_model/hls/.autopilot/db/run_model.rtl_wrap.cfg.tcl 
Execute       gen_rtl conv_bn_act_pool.4_Pipeline_BNParamsLoop -style xilinx -f -lang vhdl -o /home/gkapakos/Desktop/ECE/10th_Semester/Architecture_of_Parallel_Systems/Project/BranchPredictionAI/C_Implementation/BranchPredictionAI/run_model/hls/syn/vhdl/run_model_conv_bn_act_pool_4_Pipeline_BNParamsLoop 
Execute       gen_rtl conv_bn_act_pool.4_Pipeline_BNParamsLoop -style xilinx -f -lang vlog -o /home/gkapakos/Desktop/ECE/10th_Semester/Architecture_of_Parallel_Systems/Project/BranchPredictionAI/C_Implementation/BranchPredictionAI/run_model/hls/syn/verilog/run_model_conv_bn_act_pool_4_Pipeline_BNParamsLoop 
Execute       syn_report -csynth -model conv_bn_act_pool.4_Pipeline_BNParamsLoop -o /home/gkapakos/Desktop/ECE/10th_Semester/Architecture_of_Parallel_Systems/Project/BranchPredictionAI/C_Implementation/BranchPredictionAI/run_model/hls/syn/report/conv_bn_act_pool_4_Pipeline_BNParamsLoop_csynth.rpt 
Execute         list_part -family xc7z020-clg400-3 
Execute           ap_family_info -name xc7z020-clg400-3 -data names 
Execute           ap_part_info -quiet -name xc7z020-clg400-3 -data family 
Execute       syn_report -rtlxml -model conv_bn_act_pool.4_Pipeline_BNParamsLoop -o /home/gkapakos/Desktop/ECE/10th_Semester/Architecture_of_Parallel_Systems/Project/BranchPredictionAI/C_Implementation/BranchPredictionAI/run_model/hls/syn/report/conv_bn_act_pool_4_Pipeline_BNParamsLoop_csynth.xml 
Execute         list_part -family xc7z020-clg400-3 
Execute           ap_family_info -name xc7z020-clg400-3 -data names 
Execute           ap_part_info -quiet -name xc7z020-clg400-3 -data family 
Execute       syn_report -verbosereport -model conv_bn_act_pool.4_Pipeline_BNParamsLoop -o /home/gkapakos/Desktop/ECE/10th_Semester/Architecture_of_Parallel_Systems/Project/BranchPredictionAI/C_Implementation/BranchPredictionAI/run_model/hls/.autopilot/db/conv_bn_act_pool_4_Pipeline_BNParamsLoop.verbose.rpt 
Execute         list_part -family xc7z020-clg400-3 
Execute           ap_family_info -name xc7z020-clg400-3 -data names 
Execute           ap_part_info -quiet -name xc7z020-clg400-3 -data family 
Execute       db_write -model conv_bn_act_pool.4_Pipeline_BNParamsLoop -f -o /home/gkapakos/Desktop/ECE/10th_Semester/Architecture_of_Parallel_Systems/Project/BranchPredictionAI/C_Implementation/BranchPredictionAI/run_model/hls/.autopilot/db/conv_bn_act_pool_4_Pipeline_BNParamsLoop.adb 
Execute       db_write -model conv_bn_act_pool.4_Pipeline_BNParamsLoop -bindview -o /home/gkapakos/Desktop/ECE/10th_Semester/Architecture_of_Parallel_Systems/Project/BranchPredictionAI/C_Implementation/BranchPredictionAI/run_model/hls/.autopilot/db/design.bindinfo.xml 
Execute       gen_tb_info conv_bn_act_pool.4_Pipeline_BNParamsLoop -p /home/gkapakos/Desktop/ECE/10th_Semester/Architecture_of_Parallel_Systems/Project/BranchPredictionAI/C_Implementation/BranchPredictionAI/run_model/hls/.autopilot/db -o /home/gkapakos/Desktop/ECE/10th_Semester/Architecture_of_Parallel_Systems/Project/BranchPredictionAI/C_Implementation/BranchPredictionAI/run_model/hls/.autopilot/db/conv_bn_act_pool_4_Pipeline_BNParamsLoop 
INFO: [HLS 200-10] ----------------------------------------------------------------
INFO: [HLS 200-10] -- Generating RTL for module 'conv_bn_act_pool_4_Pipeline_Loop3_2Big' 
INFO: [HLS 200-10] ----------------------------------------------------------------
Execute       create_rtl_model conv_bn_act_pool.4_Pipeline_Loop3_2Big -top_prefix run_model_ -sub_prefix run_model_ -mg_file /home/gkapakos/Desktop/ECE/10th_Semester/Architecture_of_Parallel_Systems/Project/BranchPredictionAI/C_Implementation/BranchPredictionAI/run_model/hls/.autopilot/db/conv_bn_act_pool_4_Pipeline_Loop3_2Big.compgen.tcl 
INFO: [HLS 200-1030] Apply Unified Pipeline Control on module 'conv_bn_act_pool_4_Pipeline_Loop3_2Big' pipeline 'Loop3_2Big' pipeline type 'loop pipeline'
INFO: [RTGEN 206-100] Generating core module 'hdiv_16ns_16ns_16_6_no_dsp_1': 1 instance(s).
INFO: [RTGEN 206-100] Generating core module 'sparsemux_65_5_16_1_1': 1 instance(s).
INFO: [RTGEN 206-100] Finished creating RTL model for 'conv_bn_act_pool_4_Pipeline_Loop3_2Big'.
INFO: [HLS 200-111] Finished Creating RTL model: CPU user time: 0.39 seconds. CPU system time: 0.03 seconds. Elapsed time: 0.47 seconds; current allocated memory: 760.359 MB.
Execute       source /home/gkapakos/Desktop/ECE/10th_Semester/Architecture_of_Parallel_Systems/Project/BranchPredictionAI/C_Implementation/BranchPredictionAI/run_model/hls/.autopilot/db/run_model.rtl_wrap.cfg.tcl 
Execute       gen_rtl conv_bn_act_pool.4_Pipeline_Loop3_2Big -style xilinx -f -lang vhdl -o /home/gkapakos/Desktop/ECE/10th_Semester/Architecture_of_Parallel_Systems/Project/BranchPredictionAI/C_Implementation/BranchPredictionAI/run_model/hls/syn/vhdl/run_model_conv_bn_act_pool_4_Pipeline_Loop3_2Big 
Execute       gen_rtl conv_bn_act_pool.4_Pipeline_Loop3_2Big -style xilinx -f -lang vlog -o /home/gkapakos/Desktop/ECE/10th_Semester/Architecture_of_Parallel_Systems/Project/BranchPredictionAI/C_Implementation/BranchPredictionAI/run_model/hls/syn/verilog/run_model_conv_bn_act_pool_4_Pipeline_Loop3_2Big 
Execute       syn_report -csynth -model conv_bn_act_pool.4_Pipeline_Loop3_2Big -o /home/gkapakos/Desktop/ECE/10th_Semester/Architecture_of_Parallel_Systems/Project/BranchPredictionAI/C_Implementation/BranchPredictionAI/run_model/hls/syn/report/conv_bn_act_pool_4_Pipeline_Loop3_2Big_csynth.rpt 
Execute         list_part -family xc7z020-clg400-3 
Execute           ap_family_info -name xc7z020-clg400-3 -data names 
Execute           ap_part_info -quiet -name xc7z020-clg400-3 -data family 
Execute       syn_report -rtlxml -model conv_bn_act_pool.4_Pipeline_Loop3_2Big -o /home/gkapakos/Desktop/ECE/10th_Semester/Architecture_of_Parallel_Systems/Project/BranchPredictionAI/C_Implementation/BranchPredictionAI/run_model/hls/syn/report/conv_bn_act_pool_4_Pipeline_Loop3_2Big_csynth.xml 
Execute         list_part -family xc7z020-clg400-3 
Execute           ap_family_info -name xc7z020-clg400-3 -data names 
Execute           ap_part_info -quiet -name xc7z020-clg400-3 -data family 
Execute       syn_report -verbosereport -model conv_bn_act_pool.4_Pipeline_Loop3_2Big -o /home/gkapakos/Desktop/ECE/10th_Semester/Architecture_of_Parallel_Systems/Project/BranchPredictionAI/C_Implementation/BranchPredictionAI/run_model/hls/.autopilot/db/conv_bn_act_pool_4_Pipeline_Loop3_2Big.verbose.rpt 
Execute         list_part -family xc7z020-clg400-3 
Execute           ap_family_info -name xc7z020-clg400-3 -data names 
Execute           ap_part_info -quiet -name xc7z020-clg400-3 -data family 
Execute       db_write -model conv_bn_act_pool.4_Pipeline_Loop3_2Big -f -o /home/gkapakos/Desktop/ECE/10th_Semester/Architecture_of_Parallel_Systems/Project/BranchPredictionAI/C_Implementation/BranchPredictionAI/run_model/hls/.autopilot/db/conv_bn_act_pool_4_Pipeline_Loop3_2Big.adb 
Execute       db_write -model conv_bn_act_pool.4_Pipeline_Loop3_2Big -bindview -o /home/gkapakos/Desktop/ECE/10th_Semester/Architecture_of_Parallel_Systems/Project/BranchPredictionAI/C_Implementation/BranchPredictionAI/run_model/hls/.autopilot/db/design.bindinfo.xml 
Execute       gen_tb_info conv_bn_act_pool.4_Pipeline_Loop3_2Big -p /home/gkapakos/Desktop/ECE/10th_Semester/Architecture_of_Parallel_Systems/Project/BranchPredictionAI/C_Implementation/BranchPredictionAI/run_model/hls/.autopilot/db -o /home/gkapakos/Desktop/ECE/10th_Semester/Architecture_of_Parallel_Systems/Project/BranchPredictionAI/C_Implementation/BranchPredictionAI/run_model/hls/.autopilot/db/conv_bn_act_pool_4_Pipeline_Loop3_2Big 
INFO: [HLS 200-10] ----------------------------------------------------------------
INFO: [HLS 200-10] -- Generating RTL for module 'conv_bn_act_pool_4' 
INFO: [HLS 200-10] ----------------------------------------------------------------
Execute       create_rtl_model conv_bn_act_pool.4 -top_prefix run_model_ -sub_prefix run_model_ -mg_file /home/gkapakos/Desktop/ECE/10th_Semester/Architecture_of_Parallel_Systems/Project/BranchPredictionAI/C_Implementation/BranchPredictionAI/run_model/hls/.autopilot/db/conv_bn_act_pool_4.compgen.tcl 
WARNING: [RTGEN 206-101] Setting dangling out port 'conv_bn_act_pool_4/grp_fu_295_p_opcode' to 0.
INFO: [RTGEN 206-100] Generating core module 'fadd_32ns_32ns_32_4_full_dsp_1': 1 instance(s).
INFO: [RTGEN 206-100] Generating core module 'fdiv_32ns_32ns_32_10_no_dsp_1': 1 instance(s).
INFO: [RTGEN 206-100] Generating core module 'fmul_32ns_32ns_32_3_max_dsp_1': 2 instance(s).
INFO: [RTGEN 206-100] Generating core module 'fsqrt_32ns_32ns_32_10_no_dsp_1': 1 instance(s).
INFO: [RTGEN 206-100] Generating core module 'fsub_32ns_32ns_32_4_full_dsp_1': 1 instance(s).
INFO: [RTGEN 206-100] Generating core module 'hadd_16ns_16ns_16_5_full_dsp_1': 1 instance(s).
INFO: [RTGEN 206-100] Generating core module 'hcmp_16ns_16ns_1_2_no_dsp_1': 1 instance(s).
INFO: [RTGEN 206-100] Generating core module 'hdiv_16ns_16ns_16_6_no_dsp_1': 1 instance(s).
INFO: [RTGEN 206-100] Generating core module 'hmul_16ns_16ns_16_4_max_dsp_1': 1 instance(s).
INFO: [RTGEN 206-100] Generating core module 'hptosp_16ns_32_2_no_dsp_1': 2 instance(s).
INFO: [RTGEN 206-100] Generating core module 'sparsemux_65_5_16_1_1': 3 instance(s).
INFO: [RTGEN 206-100] Generating core module 'sptohp_32ns_16_2_no_dsp_1': 2 instance(s).
INFO: [RTGEN 206-100] Finished creating RTL model for 'conv_bn_act_pool_4'.
INFO: [RTMG 210-279] Implementing memory 'run_model_conv_bn_act_pool_4_X_slice57_ROM_AUTO_3R' using auto ROMs.
INFO: [RTMG 210-279] Implementing memory 'run_model_conv_bn_act_pool_4_ConvW4_ROM_AUTO_3R' using auto ROMs.
Command       create_rtl_model done; 0.27 sec.
INFO: [HLS 200-111] Finished Creating RTL model: CPU user time: 0.37 seconds. CPU system time: 0.03 seconds. Elapsed time: 0.41 seconds; current allocated memory: 767.535 MB.
Execute       source /home/gkapakos/Desktop/ECE/10th_Semester/Architecture_of_Parallel_Systems/Project/BranchPredictionAI/C_Implementation/BranchPredictionAI/run_model/hls/.autopilot/db/run_model.rtl_wrap.cfg.tcl 
Execute       gen_rtl conv_bn_act_pool.4 -style xilinx -f -lang vhdl -o /home/gkapakos/Desktop/ECE/10th_Semester/Architecture_of_Parallel_Systems/Project/BranchPredictionAI/C_Implementation/BranchPredictionAI/run_model/hls/syn/vhdl/run_model_conv_bn_act_pool_4 
Execute       gen_rtl conv_bn_act_pool.4 -style xilinx -f -lang vlog -o /home/gkapakos/Desktop/ECE/10th_Semester/Architecture_of_Parallel_Systems/Project/BranchPredictionAI/C_Implementation/BranchPredictionAI/run_model/hls/syn/verilog/run_model_conv_bn_act_pool_4 
Execute       syn_report -csynth -model conv_bn_act_pool.4 -o /home/gkapakos/Desktop/ECE/10th_Semester/Architecture_of_Parallel_Systems/Project/BranchPredictionAI/C_Implementation/BranchPredictionAI/run_model/hls/syn/report/conv_bn_act_pool_4_csynth.rpt 
Execute         list_part -family xc7z020-clg400-3 
Execute           ap_family_info -name xc7z020-clg400-3 -data names 
Execute           ap_part_info -quiet -name xc7z020-clg400-3 -data family 
Execute       syn_report -rtlxml -model conv_bn_act_pool.4 -o /home/gkapakos/Desktop/ECE/10th_Semester/Architecture_of_Parallel_Systems/Project/BranchPredictionAI/C_Implementation/BranchPredictionAI/run_model/hls/syn/report/conv_bn_act_pool_4_csynth.xml 
Execute         list_part -family xc7z020-clg400-3 
Execute           ap_family_info -name xc7z020-clg400-3 -data names 
Execute           ap_part_info -quiet -name xc7z020-clg400-3 -data family 
Execute       syn_report -verbosereport -model conv_bn_act_pool.4 -o /home/gkapakos/Desktop/ECE/10th_Semester/Architecture_of_Parallel_Systems/Project/BranchPredictionAI/C_Implementation/BranchPredictionAI/run_model/hls/.autopilot/db/conv_bn_act_pool_4.verbose.rpt 
Execute         list_part -family xc7z020-clg400-3 
Execute           ap_family_info -name xc7z020-clg400-3 -data names 
Execute           ap_part_info -quiet -name xc7z020-clg400-3 -data family 
Execute       db_write -model conv_bn_act_pool.4 -f -o /home/gkapakos/Desktop/ECE/10th_Semester/Architecture_of_Parallel_Systems/Project/BranchPredictionAI/C_Implementation/BranchPredictionAI/run_model/hls/.autopilot/db/conv_bn_act_pool_4.adb 
Execute       db_write -model conv_bn_act_pool.4 -bindview -o /home/gkapakos/Desktop/ECE/10th_Semester/Architecture_of_Parallel_Systems/Project/BranchPredictionAI/C_Implementation/BranchPredictionAI/run_model/hls/.autopilot/db/design.bindinfo.xml 
Execute       gen_tb_info conv_bn_act_pool.4 -p /home/gkapakos/Desktop/ECE/10th_Semester/Architecture_of_Parallel_Systems/Project/BranchPredictionAI/C_Implementation/BranchPredictionAI/run_model/hls/.autopilot/db -o /home/gkapakos/Desktop/ECE/10th_Semester/Architecture_of_Parallel_Systems/Project/BranchPredictionAI/C_Implementation/BranchPredictionAI/run_model/hls/.autopilot/db/conv_bn_act_pool_4 
INFO: [HLS 200-10] ----------------------------------------------------------------
INFO: [HLS 200-10] -- Generating RTL for module 'run_all_slices_unrolled_Pipeline_Loop_BN5' 
INFO: [HLS 200-10] ----------------------------------------------------------------
Execute       create_rtl_model run_all_slices_unrolled_Pipeline_Loop_BN5 -top_prefix run_model_ -sub_prefix run_model_ -mg_file /home/gkapakos/Desktop/ECE/10th_Semester/Architecture_of_Parallel_Systems/Project/BranchPredictionAI/C_Implementation/BranchPredictionAI/run_model/hls/.autopilot/db/run_all_slices_unrolled_Pipeline_Loop_BN5.compgen.tcl 
INFO: [HLS 200-1030] Apply Unified Pipeline Control on module 'run_all_slices_unrolled_Pipeline_Loop_BN5' pipeline 'Loop_BN' pipeline type 'loop pipeline'
INFO: [RTGEN 206-100] Generating core module 'fdiv_32ns_32ns_32_10_no_dsp_1': 1 instance(s).
INFO: [RTGEN 206-100] Generating core module 'fsqrt_32ns_32ns_32_10_no_dsp_1': 1 instance(s).
INFO: [RTGEN 206-100] Generating core module 'hadd_16ns_16ns_16_5_full_dsp_1': 2 instance(s).
INFO: [RTGEN 206-100] Generating core module 'hmul_16ns_16ns_16_4_max_dsp_1': 1 instance(s).
INFO: [RTGEN 206-100] Generating core module 'hptosp_16ns_32_2_no_dsp_1': 2 instance(s).
INFO: [RTGEN 206-100] Generating core module 'sptohp_32ns_16_2_no_dsp_1': 1 instance(s).
INFO: [RTGEN 206-100] Finished creating RTL model for 'run_all_slices_unrolled_Pipeline_Loop_BN5'.
INFO: [HLS 200-111] Finished Creating RTL model: CPU user time: 0.28 seconds. CPU system time: 0.03 seconds. Elapsed time: 0.31 seconds; current allocated memory: 774.348 MB.
Execute       source /home/gkapakos/Desktop/ECE/10th_Semester/Architecture_of_Parallel_Systems/Project/BranchPredictionAI/C_Implementation/BranchPredictionAI/run_model/hls/.autopilot/db/run_model.rtl_wrap.cfg.tcl 
Execute       gen_rtl run_all_slices_unrolled_Pipeline_Loop_BN5 -style xilinx -f -lang vhdl -o /home/gkapakos/Desktop/ECE/10th_Semester/Architecture_of_Parallel_Systems/Project/BranchPredictionAI/C_Implementation/BranchPredictionAI/run_model/hls/syn/vhdl/run_model_run_all_slices_unrolled_Pipeline_Loop_BN5 
Execute       gen_rtl run_all_slices_unrolled_Pipeline_Loop_BN5 -style xilinx -f -lang vlog -o /home/gkapakos/Desktop/ECE/10th_Semester/Architecture_of_Parallel_Systems/Project/BranchPredictionAI/C_Implementation/BranchPredictionAI/run_model/hls/syn/verilog/run_model_run_all_slices_unrolled_Pipeline_Loop_BN5 
Execute       syn_report -csynth -model run_all_slices_unrolled_Pipeline_Loop_BN5 -o /home/gkapakos/Desktop/ECE/10th_Semester/Architecture_of_Parallel_Systems/Project/BranchPredictionAI/C_Implementation/BranchPredictionAI/run_model/hls/syn/report/run_all_slices_unrolled_Pipeline_Loop_BN5_csynth.rpt 
Execute         list_part -family xc7z020-clg400-3 
Execute           ap_family_info -name xc7z020-clg400-3 -data names 
Execute           ap_part_info -quiet -name xc7z020-clg400-3 -data family 
Execute       syn_report -rtlxml -model run_all_slices_unrolled_Pipeline_Loop_BN5 -o /home/gkapakos/Desktop/ECE/10th_Semester/Architecture_of_Parallel_Systems/Project/BranchPredictionAI/C_Implementation/BranchPredictionAI/run_model/hls/syn/report/run_all_slices_unrolled_Pipeline_Loop_BN5_csynth.xml 
Execute         list_part -family xc7z020-clg400-3 
Execute           ap_family_info -name xc7z020-clg400-3 -data names 
Execute           ap_part_info -quiet -name xc7z020-clg400-3 -data family 
Execute       syn_report -verbosereport -model run_all_slices_unrolled_Pipeline_Loop_BN5 -o /home/gkapakos/Desktop/ECE/10th_Semester/Architecture_of_Parallel_Systems/Project/BranchPredictionAI/C_Implementation/BranchPredictionAI/run_model/hls/.autopilot/db/run_all_slices_unrolled_Pipeline_Loop_BN5.verbose.rpt 
Execute         list_part -family xc7z020-clg400-3 
Execute           ap_family_info -name xc7z020-clg400-3 -data names 
Execute           ap_part_info -quiet -name xc7z020-clg400-3 -data family 
Execute       db_write -model run_all_slices_unrolled_Pipeline_Loop_BN5 -f -o /home/gkapakos/Desktop/ECE/10th_Semester/Architecture_of_Parallel_Systems/Project/BranchPredictionAI/C_Implementation/BranchPredictionAI/run_model/hls/.autopilot/db/run_all_slices_unrolled_Pipeline_Loop_BN5.adb 
Execute       db_write -model run_all_slices_unrolled_Pipeline_Loop_BN5 -bindview -o /home/gkapakos/Desktop/ECE/10th_Semester/Architecture_of_Parallel_Systems/Project/BranchPredictionAI/C_Implementation/BranchPredictionAI/run_model/hls/.autopilot/db/design.bindinfo.xml 
Execute       gen_tb_info run_all_slices_unrolled_Pipeline_Loop_BN5 -p /home/gkapakos/Desktop/ECE/10th_Semester/Architecture_of_Parallel_Systems/Project/BranchPredictionAI/C_Implementation/BranchPredictionAI/run_model/hls/.autopilot/db -o /home/gkapakos/Desktop/ECE/10th_Semester/Architecture_of_Parallel_Systems/Project/BranchPredictionAI/C_Implementation/BranchPredictionAI/run_model/hls/.autopilot/db/run_all_slices_unrolled_Pipeline_Loop_BN5 
INFO: [HLS 200-10] ----------------------------------------------------------------
INFO: [HLS 200-10] -- Generating RTL for module 'run_all_slices_unrolled_Pipeline_MergedLoop4' 
INFO: [HLS 200-10] ----------------------------------------------------------------
Execute       create_rtl_model run_all_slices_unrolled_Pipeline_MergedLoop4 -top_prefix run_model_ -sub_prefix run_model_ -mg_file /home/gkapakos/Desktop/ECE/10th_Semester/Architecture_of_Parallel_Systems/Project/BranchPredictionAI/C_Implementation/BranchPredictionAI/run_model/hls/.autopilot/db/run_all_slices_unrolled_Pipeline_MergedLoop4.compgen.tcl 
INFO: [HLS 200-1030] Apply Unified Pipeline Control on module 'run_all_slices_unrolled_Pipeline_MergedLoop4' pipeline 'MergedLoop4' pipeline type 'loop pipeline'
INFO: [RTGEN 206-100] Generating core module 'hadd_16ns_16ns_16_5_full_dsp_1': 1 instance(s).
INFO: [RTGEN 206-100] Generating core module 'hcmp_16ns_16ns_1_2_no_dsp_1': 2 instance(s).
INFO: [RTGEN 206-100] Generating core module 'sparsemux_7_2_16_1_1': 1 instance(s).
INFO: [RTGEN 206-100] Finished creating RTL model for 'run_all_slices_unrolled_Pipeline_MergedLoop4'.
INFO: [HLS 200-111] Finished Creating RTL model: CPU user time: 0.12 seconds. CPU system time: 0.01 seconds. Elapsed time: 0.12 seconds; current allocated memory: 775.750 MB.
Execute       source /home/gkapakos/Desktop/ECE/10th_Semester/Architecture_of_Parallel_Systems/Project/BranchPredictionAI/C_Implementation/BranchPredictionAI/run_model/hls/.autopilot/db/run_model.rtl_wrap.cfg.tcl 
Execute       gen_rtl run_all_slices_unrolled_Pipeline_MergedLoop4 -style xilinx -f -lang vhdl -o /home/gkapakos/Desktop/ECE/10th_Semester/Architecture_of_Parallel_Systems/Project/BranchPredictionAI/C_Implementation/BranchPredictionAI/run_model/hls/syn/vhdl/run_model_run_all_slices_unrolled_Pipeline_MergedLoop4 
Execute       gen_rtl run_all_slices_unrolled_Pipeline_MergedLoop4 -style xilinx -f -lang vlog -o /home/gkapakos/Desktop/ECE/10th_Semester/Architecture_of_Parallel_Systems/Project/BranchPredictionAI/C_Implementation/BranchPredictionAI/run_model/hls/syn/verilog/run_model_run_all_slices_unrolled_Pipeline_MergedLoop4 
Execute       syn_report -csynth -model run_all_slices_unrolled_Pipeline_MergedLoop4 -o /home/gkapakos/Desktop/ECE/10th_Semester/Architecture_of_Parallel_Systems/Project/BranchPredictionAI/C_Implementation/BranchPredictionAI/run_model/hls/syn/report/run_all_slices_unrolled_Pipeline_MergedLoop4_csynth.rpt 
Execute         list_part -family xc7z020-clg400-3 
Execute           ap_family_info -name xc7z020-clg400-3 -data names 
Execute           ap_part_info -quiet -name xc7z020-clg400-3 -data family 
Execute       syn_report -rtlxml -model run_all_slices_unrolled_Pipeline_MergedLoop4 -o /home/gkapakos/Desktop/ECE/10th_Semester/Architecture_of_Parallel_Systems/Project/BranchPredictionAI/C_Implementation/BranchPredictionAI/run_model/hls/syn/report/run_all_slices_unrolled_Pipeline_MergedLoop4_csynth.xml 
Execute         list_part -family xc7z020-clg400-3 
Execute           ap_family_info -name xc7z020-clg400-3 -data names 
Execute           ap_part_info -quiet -name xc7z020-clg400-3 -data family 
Execute       syn_report -verbosereport -model run_all_slices_unrolled_Pipeline_MergedLoop4 -o /home/gkapakos/Desktop/ECE/10th_Semester/Architecture_of_Parallel_Systems/Project/BranchPredictionAI/C_Implementation/BranchPredictionAI/run_model/hls/.autopilot/db/run_all_slices_unrolled_Pipeline_MergedLoop4.verbose.rpt 
Execute         list_part -family xc7z020-clg400-3 
Execute           ap_family_info -name xc7z020-clg400-3 -data names 
Execute           ap_part_info -quiet -name xc7z020-clg400-3 -data family 
Execute       db_write -model run_all_slices_unrolled_Pipeline_MergedLoop4 -f -o /home/gkapakos/Desktop/ECE/10th_Semester/Architecture_of_Parallel_Systems/Project/BranchPredictionAI/C_Implementation/BranchPredictionAI/run_model/hls/.autopilot/db/run_all_slices_unrolled_Pipeline_MergedLoop4.adb 
Execute       db_write -model run_all_slices_unrolled_Pipeline_MergedLoop4 -bindview -o /home/gkapakos/Desktop/ECE/10th_Semester/Architecture_of_Parallel_Systems/Project/BranchPredictionAI/C_Implementation/BranchPredictionAI/run_model/hls/.autopilot/db/design.bindinfo.xml 
Execute       gen_tb_info run_all_slices_unrolled_Pipeline_MergedLoop4 -p /home/gkapakos/Desktop/ECE/10th_Semester/Architecture_of_Parallel_Systems/Project/BranchPredictionAI/C_Implementation/BranchPredictionAI/run_model/hls/.autopilot/db -o /home/gkapakos/Desktop/ECE/10th_Semester/Architecture_of_Parallel_Systems/Project/BranchPredictionAI/C_Implementation/BranchPredictionAI/run_model/hls/.autopilot/db/run_all_slices_unrolled_Pipeline_MergedLoop4 
INFO: [HLS 200-10] ----------------------------------------------------------------
INFO: [HLS 200-10] -- Generating RTL for module 'run_all_slices_unrolled' 
INFO: [HLS 200-10] ----------------------------------------------------------------
Execute       create_rtl_model run_all_slices_unrolled -top_prefix run_model_ -sub_prefix run_model_ -mg_file /home/gkapakos/Desktop/ECE/10th_Semester/Architecture_of_Parallel_Systems/Project/BranchPredictionAI/C_Implementation/BranchPredictionAI/run_model/hls/.autopilot/db/run_all_slices_unrolled.compgen.tcl 
INFO: [RTGEN 206-100] Generating core module 'fadd_32ns_32ns_32_4_full_dsp_1': 1 instance(s).
INFO: [RTGEN 206-100] Generating core module 'fdiv_32ns_32ns_32_10_no_dsp_1': 2 instance(s).
INFO: [RTGEN 206-100] Generating core module 'fmul_32ns_32ns_32_3_max_dsp_1': 2 instance(s).
INFO: [RTGEN 206-100] Generating core module 'fsqrt_32ns_32ns_32_10_no_dsp_1': 2 instance(s).
INFO: [RTGEN 206-100] Generating core module 'fsub_32ns_32ns_32_4_full_dsp_1': 1 instance(s).
INFO: [RTGEN 206-100] Generating core module 'hadd_16ns_16ns_16_5_full_dsp_1': 3 instance(s).
INFO: [RTGEN 206-100] Generating core module 'hcmp_16ns_16ns_1_2_no_dsp_1': 2 instance(s).
INFO: [RTGEN 206-100] Generating core module 'hdiv_16ns_16ns_16_6_no_dsp_1': 1 instance(s).
INFO: [RTGEN 206-100] Generating core module 'hmul_16ns_16ns_16_4_max_dsp_1': 2 instance(s).
INFO: [RTGEN 206-100] Generating core module 'hptosp_16ns_32_2_no_dsp_1': 4 instance(s).
INFO: [RTGEN 206-100] Generating core module 'sptohp_32ns_16_2_no_dsp_1': 3 instance(s).
INFO: [RTGEN 206-100] Finished creating RTL model for 'run_all_slices_unrolled'.
INFO: [RTMG 210-278] Implementing memory 'run_model_run_all_slices_unrolled_h_slice_RAM_AUTO_1R1W' using auto RAMs.
INFO: [RTMG 210-278] Implementing memory 'run_model_run_all_slices_unrolled_U_slice_RAM_AUTO_3R2W' using auto RAMs.
INFO: [RTMG 210-279] Implementing memory 'run_model_run_all_slices_unrolled_LSTM_W_ifog0_ROM_AUTO_3R' using auto ROMs.
INFO: [RTMG 210-279] Implementing memory 'run_model_run_all_slices_unrolled_LSTM_R_ifog0_ROM_AUTO_3R' using auto ROMs.
INFO: [RTMG 210-279] Implementing memory 'run_model_run_all_slices_unrolled_LSTM_W_ifog1_ROM_AUTO_3R' using auto ROMs.
INFO: [RTMG 210-279] Implementing memory 'run_model_run_all_slices_unrolled_LSTM_R_ifog1_ROM_AUTO_3R' using auto ROMs.
INFO: [RTMG 210-279] Implementing memory 'run_model_run_all_slices_unrolled_LSTM_W_ifog2_ROM_AUTO_3R' using auto ROMs.
INFO: [RTMG 210-279] Implementing memory 'run_model_run_all_slices_unrolled_LSTM_R_ifog2_ROM_AUTO_3R' using auto ROMs.
INFO: [RTMG 210-279] Implementing memory 'run_model_run_all_slices_unrolled_LSTM_W_ifog3_ROM_AUTO_3R' using auto ROMs.
INFO: [RTMG 210-279] Implementing memory 'run_model_run_all_slices_unrolled_LSTM_R_ifog3_ROM_AUTO_3R' using auto ROMs.
INFO: [RTMG 210-279] Implementing memory 'run_model_run_all_slices_unrolled_LSTM_W_ifog4_ROM_AUTO_3R' using auto ROMs.
INFO: [RTMG 210-279] Implementing memory 'run_model_run_all_slices_unrolled_LSTM_R_ifog4_ROM_AUTO_3R' using auto ROMs.
Command       create_rtl_model done; 0.25 sec.
INFO: [HLS 200-111] Finished Creating RTL model: CPU user time: 0.28 seconds. CPU system time: 0.02 seconds. Elapsed time: 0.31 seconds; current allocated memory: 780.566 MB.
Execute       source /home/gkapakos/Desktop/ECE/10th_Semester/Architecture_of_Parallel_Systems/Project/BranchPredictionAI/C_Implementation/BranchPredictionAI/run_model/hls/.autopilot/db/run_model.rtl_wrap.cfg.tcl 
Execute       gen_rtl run_all_slices_unrolled -style xilinx -f -lang vhdl -o /home/gkapakos/Desktop/ECE/10th_Semester/Architecture_of_Parallel_Systems/Project/BranchPredictionAI/C_Implementation/BranchPredictionAI/run_model/hls/syn/vhdl/run_model_run_all_slices_unrolled 
Execute       gen_rtl run_all_slices_unrolled -style xilinx -f -lang vlog -o /home/gkapakos/Desktop/ECE/10th_Semester/Architecture_of_Parallel_Systems/Project/BranchPredictionAI/C_Implementation/BranchPredictionAI/run_model/hls/syn/verilog/run_model_run_all_slices_unrolled 
Execute       syn_report -csynth -model run_all_slices_unrolled -o /home/gkapakos/Desktop/ECE/10th_Semester/Architecture_of_Parallel_Systems/Project/BranchPredictionAI/C_Implementation/BranchPredictionAI/run_model/hls/syn/report/run_all_slices_unrolled_csynth.rpt 
Execute         list_part -family xc7z020-clg400-3 
Execute           ap_family_info -name xc7z020-clg400-3 -data names 
Execute           ap_part_info -quiet -name xc7z020-clg400-3 -data family 
Execute       syn_report -rtlxml -model run_all_slices_unrolled -o /home/gkapakos/Desktop/ECE/10th_Semester/Architecture_of_Parallel_Systems/Project/BranchPredictionAI/C_Implementation/BranchPredictionAI/run_model/hls/syn/report/run_all_slices_unrolled_csynth.xml 
Execute         list_part -family xc7z020-clg400-3 
Execute           ap_family_info -name xc7z020-clg400-3 -data names 
Execute           ap_part_info -quiet -name xc7z020-clg400-3 -data family 
Execute       syn_report -verbosereport -model run_all_slices_unrolled -o /home/gkapakos/Desktop/ECE/10th_Semester/Architecture_of_Parallel_Systems/Project/BranchPredictionAI/C_Implementation/BranchPredictionAI/run_model/hls/.autopilot/db/run_all_slices_unrolled.verbose.rpt 
Execute         list_part -family xc7z020-clg400-3 
Execute           ap_family_info -name xc7z020-clg400-3 -data names 
Execute           ap_part_info -quiet -name xc7z020-clg400-3 -data family 
Execute       db_write -model run_all_slices_unrolled -f -o /home/gkapakos/Desktop/ECE/10th_Semester/Architecture_of_Parallel_Systems/Project/BranchPredictionAI/C_Implementation/BranchPredictionAI/run_model/hls/.autopilot/db/run_all_slices_unrolled.adb 
Execute       db_write -model run_all_slices_unrolled -bindview -o /home/gkapakos/Desktop/ECE/10th_Semester/Architecture_of_Parallel_Systems/Project/BranchPredictionAI/C_Implementation/BranchPredictionAI/run_model/hls/.autopilot/db/design.bindinfo.xml 
Execute       gen_tb_info run_all_slices_unrolled -p /home/gkapakos/Desktop/ECE/10th_Semester/Architecture_of_Parallel_Systems/Project/BranchPredictionAI/C_Implementation/BranchPredictionAI/run_model/hls/.autopilot/db -o /home/gkapakos/Desktop/ECE/10th_Semester/Architecture_of_Parallel_Systems/Project/BranchPredictionAI/C_Implementation/BranchPredictionAI/run_model/hls/.autopilot/db/run_all_slices_unrolled 
INFO: [HLS 200-10] ----------------------------------------------------------------
INFO: [HLS 200-10] -- Generating RTL for module 'run_model_Pipeline_Loop_BN' 
INFO: [HLS 200-10] ----------------------------------------------------------------
Execute       create_rtl_model run_model_Pipeline_Loop_BN -top_prefix run_model_ -sub_prefix run_model_ -mg_file /home/gkapakos/Desktop/ECE/10th_Semester/Architecture_of_Parallel_Systems/Project/BranchPredictionAI/C_Implementation/BranchPredictionAI/run_model/hls/.autopilot/db/run_model_Pipeline_Loop_BN.compgen.tcl 
INFO: [HLS 200-1030] Apply Unified Pipeline Control on module 'run_model_Pipeline_Loop_BN' pipeline 'Loop_BN' pipeline type 'loop pipeline'
INFO: [RTGEN 206-100] Generating core module 'fdiv_32ns_32ns_32_10_no_dsp_1': 1 instance(s).
INFO: [RTGEN 206-100] Generating core module 'fsqrt_32ns_32ns_32_10_no_dsp_1': 1 instance(s).
INFO: [RTGEN 206-100] Generating core module 'hadd_16ns_16ns_16_5_full_dsp_1': 2 instance(s).
INFO: [RTGEN 206-100] Generating core module 'hmul_16ns_16ns_16_4_max_dsp_1': 1 instance(s).
INFO: [RTGEN 206-100] Generating core module 'hptosp_16ns_32_2_no_dsp_1': 2 instance(s).
INFO: [RTGEN 206-100] Generating core module 'sptohp_32ns_16_2_no_dsp_1': 1 instance(s).
INFO: [RTGEN 206-100] Finished creating RTL model for 'run_model_Pipeline_Loop_BN'.
INFO: [RTMG 210-279] Implementing memory 'run_model_run_model_Pipeline_Loop_BN_fc_0_bn_var_ROM_AUTO_3R' using auto ROMs.
INFO: [HLS 200-111] Finished Creating RTL model: CPU user time: 0.23 seconds. CPU system time: 0.01 seconds. Elapsed time: 0.24 seconds; current allocated memory: 782.512 MB.
Execute       source /home/gkapakos/Desktop/ECE/10th_Semester/Architecture_of_Parallel_Systems/Project/BranchPredictionAI/C_Implementation/BranchPredictionAI/run_model/hls/.autopilot/db/run_model.rtl_wrap.cfg.tcl 
Execute       gen_rtl run_model_Pipeline_Loop_BN -style xilinx -f -lang vhdl -o /home/gkapakos/Desktop/ECE/10th_Semester/Architecture_of_Parallel_Systems/Project/BranchPredictionAI/C_Implementation/BranchPredictionAI/run_model/hls/syn/vhdl/run_model_run_model_Pipeline_Loop_BN 
Execute       gen_rtl run_model_Pipeline_Loop_BN -style xilinx -f -lang vlog -o /home/gkapakos/Desktop/ECE/10th_Semester/Architecture_of_Parallel_Systems/Project/BranchPredictionAI/C_Implementation/BranchPredictionAI/run_model/hls/syn/verilog/run_model_run_model_Pipeline_Loop_BN 
Execute       syn_report -csynth -model run_model_Pipeline_Loop_BN -o /home/gkapakos/Desktop/ECE/10th_Semester/Architecture_of_Parallel_Systems/Project/BranchPredictionAI/C_Implementation/BranchPredictionAI/run_model/hls/syn/report/run_model_Pipeline_Loop_BN_csynth.rpt 
Execute         list_part -family xc7z020-clg400-3 
Execute           ap_family_info -name xc7z020-clg400-3 -data names 
Execute           ap_part_info -quiet -name xc7z020-clg400-3 -data family 
Execute       syn_report -rtlxml -model run_model_Pipeline_Loop_BN -o /home/gkapakos/Desktop/ECE/10th_Semester/Architecture_of_Parallel_Systems/Project/BranchPredictionAI/C_Implementation/BranchPredictionAI/run_model/hls/syn/report/run_model_Pipeline_Loop_BN_csynth.xml 
Execute         list_part -family xc7z020-clg400-3 
Execute           ap_family_info -name xc7z020-clg400-3 -data names 
Execute           ap_part_info -quiet -name xc7z020-clg400-3 -data family 
Execute       syn_report -verbosereport -model run_model_Pipeline_Loop_BN -o /home/gkapakos/Desktop/ECE/10th_Semester/Architecture_of_Parallel_Systems/Project/BranchPredictionAI/C_Implementation/BranchPredictionAI/run_model/hls/.autopilot/db/run_model_Pipeline_Loop_BN.verbose.rpt 
Execute         list_part -family xc7z020-clg400-3 
Execute           ap_family_info -name xc7z020-clg400-3 -data names 
Execute           ap_part_info -quiet -name xc7z020-clg400-3 -data family 
Execute       db_write -model run_model_Pipeline_Loop_BN -f -o /home/gkapakos/Desktop/ECE/10th_Semester/Architecture_of_Parallel_Systems/Project/BranchPredictionAI/C_Implementation/BranchPredictionAI/run_model/hls/.autopilot/db/run_model_Pipeline_Loop_BN.adb 
Execute       db_write -model run_model_Pipeline_Loop_BN -bindview -o /home/gkapakos/Desktop/ECE/10th_Semester/Architecture_of_Parallel_Systems/Project/BranchPredictionAI/C_Implementation/BranchPredictionAI/run_model/hls/.autopilot/db/design.bindinfo.xml 
Execute       gen_tb_info run_model_Pipeline_Loop_BN -p /home/gkapakos/Desktop/ECE/10th_Semester/Architecture_of_Parallel_Systems/Project/BranchPredictionAI/C_Implementation/BranchPredictionAI/run_model/hls/.autopilot/db -o /home/gkapakos/Desktop/ECE/10th_Semester/Architecture_of_Parallel_Systems/Project/BranchPredictionAI/C_Implementation/BranchPredictionAI/run_model/hls/.autopilot/db/run_model_Pipeline_Loop_BN 
INFO: [HLS 200-10] ----------------------------------------------------------------
INFO: [HLS 200-10] -- Generating RTL for module 'run_model_Pipeline_ReLULoop1' 
INFO: [HLS 200-10] ----------------------------------------------------------------
Execute       create_rtl_model run_model_Pipeline_ReLULoop1 -top_prefix run_model_ -sub_prefix run_model_ -mg_file /home/gkapakos/Desktop/ECE/10th_Semester/Architecture_of_Parallel_Systems/Project/BranchPredictionAI/C_Implementation/BranchPredictionAI/run_model/hls/.autopilot/db/run_model_Pipeline_ReLULoop1.compgen.tcl 
INFO: [HLS 200-1030] Apply Unified Pipeline Control on module 'run_model_Pipeline_ReLULoop1' pipeline 'ReLULoop1' pipeline type 'loop pipeline'
INFO: [RTGEN 206-100] Generating core module 'hcmp_16ns_16ns_1_2_no_dsp_1': 1 instance(s).
INFO: [RTGEN 206-100] Finished creating RTL model for 'run_model_Pipeline_ReLULoop1'.
INFO: [HLS 200-111] Finished Creating RTL model: CPU user time: 0.1 seconds. CPU system time: 0 seconds. Elapsed time: 0.1 seconds; current allocated memory: 783.816 MB.
Execute       source /home/gkapakos/Desktop/ECE/10th_Semester/Architecture_of_Parallel_Systems/Project/BranchPredictionAI/C_Implementation/BranchPredictionAI/run_model/hls/.autopilot/db/run_model.rtl_wrap.cfg.tcl 
Execute       gen_rtl run_model_Pipeline_ReLULoop1 -style xilinx -f -lang vhdl -o /home/gkapakos/Desktop/ECE/10th_Semester/Architecture_of_Parallel_Systems/Project/BranchPredictionAI/C_Implementation/BranchPredictionAI/run_model/hls/syn/vhdl/run_model_run_model_Pipeline_ReLULoop1 
Execute       gen_rtl run_model_Pipeline_ReLULoop1 -style xilinx -f -lang vlog -o /home/gkapakos/Desktop/ECE/10th_Semester/Architecture_of_Parallel_Systems/Project/BranchPredictionAI/C_Implementation/BranchPredictionAI/run_model/hls/syn/verilog/run_model_run_model_Pipeline_ReLULoop1 
Execute       syn_report -csynth -model run_model_Pipeline_ReLULoop1 -o /home/gkapakos/Desktop/ECE/10th_Semester/Architecture_of_Parallel_Systems/Project/BranchPredictionAI/C_Implementation/BranchPredictionAI/run_model/hls/syn/report/run_model_Pipeline_ReLULoop1_csynth.rpt 
Execute         list_part -family xc7z020-clg400-3 
Execute           ap_family_info -name xc7z020-clg400-3 -data names 
Execute           ap_part_info -quiet -name xc7z020-clg400-3 -data family 
Execute       syn_report -rtlxml -model run_model_Pipeline_ReLULoop1 -o /home/gkapakos/Desktop/ECE/10th_Semester/Architecture_of_Parallel_Systems/Project/BranchPredictionAI/C_Implementation/BranchPredictionAI/run_model/hls/syn/report/run_model_Pipeline_ReLULoop1_csynth.xml 
Execute         list_part -family xc7z020-clg400-3 
Execute           ap_family_info -name xc7z020-clg400-3 -data names 
Execute           ap_part_info -quiet -name xc7z020-clg400-3 -data family 
Execute       syn_report -verbosereport -model run_model_Pipeline_ReLULoop1 -o /home/gkapakos/Desktop/ECE/10th_Semester/Architecture_of_Parallel_Systems/Project/BranchPredictionAI/C_Implementation/BranchPredictionAI/run_model/hls/.autopilot/db/run_model_Pipeline_ReLULoop1.verbose.rpt 
Execute         list_part -family xc7z020-clg400-3 
Execute           ap_family_info -name xc7z020-clg400-3 -data names 
Execute           ap_part_info -quiet -name xc7z020-clg400-3 -data family 
Execute       db_write -model run_model_Pipeline_ReLULoop1 -f -o /home/gkapakos/Desktop/ECE/10th_Semester/Architecture_of_Parallel_Systems/Project/BranchPredictionAI/C_Implementation/BranchPredictionAI/run_model/hls/.autopilot/db/run_model_Pipeline_ReLULoop1.adb 
Execute       db_write -model run_model_Pipeline_ReLULoop1 -bindview -o /home/gkapakos/Desktop/ECE/10th_Semester/Architecture_of_Parallel_Systems/Project/BranchPredictionAI/C_Implementation/BranchPredictionAI/run_model/hls/.autopilot/db/design.bindinfo.xml 
Execute       gen_tb_info run_model_Pipeline_ReLULoop1 -p /home/gkapakos/Desktop/ECE/10th_Semester/Architecture_of_Parallel_Systems/Project/BranchPredictionAI/C_Implementation/BranchPredictionAI/run_model/hls/.autopilot/db -o /home/gkapakos/Desktop/ECE/10th_Semester/Architecture_of_Parallel_Systems/Project/BranchPredictionAI/C_Implementation/BranchPredictionAI/run_model/hls/.autopilot/db/run_model_Pipeline_ReLULoop1 
INFO: [HLS 200-10] ----------------------------------------------------------------
INFO: [HLS 200-10] -- Generating RTL for module 'run_model_Pipeline_Loop_BN1' 
INFO: [HLS 200-10] ----------------------------------------------------------------
Execute       create_rtl_model run_model_Pipeline_Loop_BN1 -top_prefix run_model_ -sub_prefix run_model_ -mg_file /home/gkapakos/Desktop/ECE/10th_Semester/Architecture_of_Parallel_Systems/Project/BranchPredictionAI/C_Implementation/BranchPredictionAI/run_model/hls/.autopilot/db/run_model_Pipeline_Loop_BN1.compgen.tcl 
INFO: [HLS 200-1030] Apply Unified Pipeline Control on module 'run_model_Pipeline_Loop_BN1' pipeline 'Loop_BN' pipeline type 'loop pipeline'
INFO: [RTGEN 206-100] Generating core module 'fdiv_32ns_32ns_32_10_no_dsp_1': 1 instance(s).
INFO: [RTGEN 206-100] Generating core module 'fsqrt_32ns_32ns_32_10_no_dsp_1': 1 instance(s).
INFO: [RTGEN 206-100] Generating core module 'hadd_16ns_16ns_16_5_full_dsp_1': 2 instance(s).
INFO: [RTGEN 206-100] Generating core module 'hmul_16ns_16ns_16_4_max_dsp_1': 1 instance(s).
INFO: [RTGEN 206-100] Generating core module 'hptosp_16ns_32_2_no_dsp_1': 2 instance(s).
INFO: [RTGEN 206-100] Generating core module 'sptohp_32ns_16_2_no_dsp_1': 1 instance(s).
INFO: [RTGEN 206-100] Finished creating RTL model for 'run_model_Pipeline_Loop_BN1'.
INFO: [HLS 200-111] Finished Creating RTL model: CPU user time: 0.12 seconds. CPU system time: 0.01 seconds. Elapsed time: 0.13 seconds; current allocated memory: 785.508 MB.
Execute       source /home/gkapakos/Desktop/ECE/10th_Semester/Architecture_of_Parallel_Systems/Project/BranchPredictionAI/C_Implementation/BranchPredictionAI/run_model/hls/.autopilot/db/run_model.rtl_wrap.cfg.tcl 
Execute       gen_rtl run_model_Pipeline_Loop_BN1 -style xilinx -f -lang vhdl -o /home/gkapakos/Desktop/ECE/10th_Semester/Architecture_of_Parallel_Systems/Project/BranchPredictionAI/C_Implementation/BranchPredictionAI/run_model/hls/syn/vhdl/run_model_run_model_Pipeline_Loop_BN1 
Execute       gen_rtl run_model_Pipeline_Loop_BN1 -style xilinx -f -lang vlog -o /home/gkapakos/Desktop/ECE/10th_Semester/Architecture_of_Parallel_Systems/Project/BranchPredictionAI/C_Implementation/BranchPredictionAI/run_model/hls/syn/verilog/run_model_run_model_Pipeline_Loop_BN1 
Execute       syn_report -csynth -model run_model_Pipeline_Loop_BN1 -o /home/gkapakos/Desktop/ECE/10th_Semester/Architecture_of_Parallel_Systems/Project/BranchPredictionAI/C_Implementation/BranchPredictionAI/run_model/hls/syn/report/run_model_Pipeline_Loop_BN1_csynth.rpt 
Execute         list_part -family xc7z020-clg400-3 
Execute           ap_family_info -name xc7z020-clg400-3 -data names 
Execute           ap_part_info -quiet -name xc7z020-clg400-3 -data family 
Execute       syn_report -rtlxml -model run_model_Pipeline_Loop_BN1 -o /home/gkapakos/Desktop/ECE/10th_Semester/Architecture_of_Parallel_Systems/Project/BranchPredictionAI/C_Implementation/BranchPredictionAI/run_model/hls/syn/report/run_model_Pipeline_Loop_BN1_csynth.xml 
Execute         list_part -family xc7z020-clg400-3 
Execute           ap_family_info -name xc7z020-clg400-3 -data names 
Execute           ap_part_info -quiet -name xc7z020-clg400-3 -data family 
Execute       syn_report -verbosereport -model run_model_Pipeline_Loop_BN1 -o /home/gkapakos/Desktop/ECE/10th_Semester/Architecture_of_Parallel_Systems/Project/BranchPredictionAI/C_Implementation/BranchPredictionAI/run_model/hls/.autopilot/db/run_model_Pipeline_Loop_BN1.verbose.rpt 
Execute         list_part -family xc7z020-clg400-3 
Execute           ap_family_info -name xc7z020-clg400-3 -data names 
Execute           ap_part_info -quiet -name xc7z020-clg400-3 -data family 
Execute       db_write -model run_model_Pipeline_Loop_BN1 -f -o /home/gkapakos/Desktop/ECE/10th_Semester/Architecture_of_Parallel_Systems/Project/BranchPredictionAI/C_Implementation/BranchPredictionAI/run_model/hls/.autopilot/db/run_model_Pipeline_Loop_BN1.adb 
Execute       db_write -model run_model_Pipeline_Loop_BN1 -bindview -o /home/gkapakos/Desktop/ECE/10th_Semester/Architecture_of_Parallel_Systems/Project/BranchPredictionAI/C_Implementation/BranchPredictionAI/run_model/hls/.autopilot/db/design.bindinfo.xml 
Execute       gen_tb_info run_model_Pipeline_Loop_BN1 -p /home/gkapakos/Desktop/ECE/10th_Semester/Architecture_of_Parallel_Systems/Project/BranchPredictionAI/C_Implementation/BranchPredictionAI/run_model/hls/.autopilot/db -o /home/gkapakos/Desktop/ECE/10th_Semester/Architecture_of_Parallel_Systems/Project/BranchPredictionAI/C_Implementation/BranchPredictionAI/run_model/hls/.autopilot/db/run_model_Pipeline_Loop_BN1 
INFO: [HLS 200-10] ----------------------------------------------------------------
INFO: [HLS 200-10] -- Generating RTL for module 'run_model_Pipeline_ReLULoop2' 
INFO: [HLS 200-10] ----------------------------------------------------------------
Execute       create_rtl_model run_model_Pipeline_ReLULoop2 -top_prefix run_model_ -sub_prefix run_model_ -mg_file /home/gkapakos/Desktop/ECE/10th_Semester/Architecture_of_Parallel_Systems/Project/BranchPredictionAI/C_Implementation/BranchPredictionAI/run_model/hls/.autopilot/db/run_model_Pipeline_ReLULoop2.compgen.tcl 
INFO: [HLS 200-1030] Apply Unified Pipeline Control on module 'run_model_Pipeline_ReLULoop2' pipeline 'ReLULoop2' pipeline type 'loop pipeline'
INFO: [RTGEN 206-100] Generating core module 'hcmp_16ns_16ns_1_2_no_dsp_1': 1 instance(s).
INFO: [RTGEN 206-100] Finished creating RTL model for 'run_model_Pipeline_ReLULoop2'.
INFO: [HLS 200-111] Finished Creating RTL model: CPU user time: 0.1 seconds. CPU system time: 0.01 seconds. Elapsed time: 0.11 seconds; current allocated memory: 786.805 MB.
Execute       source /home/gkapakos/Desktop/ECE/10th_Semester/Architecture_of_Parallel_Systems/Project/BranchPredictionAI/C_Implementation/BranchPredictionAI/run_model/hls/.autopilot/db/run_model.rtl_wrap.cfg.tcl 
Execute       gen_rtl run_model_Pipeline_ReLULoop2 -style xilinx -f -lang vhdl -o /home/gkapakos/Desktop/ECE/10th_Semester/Architecture_of_Parallel_Systems/Project/BranchPredictionAI/C_Implementation/BranchPredictionAI/run_model/hls/syn/vhdl/run_model_run_model_Pipeline_ReLULoop2 
Execute       gen_rtl run_model_Pipeline_ReLULoop2 -style xilinx -f -lang vlog -o /home/gkapakos/Desktop/ECE/10th_Semester/Architecture_of_Parallel_Systems/Project/BranchPredictionAI/C_Implementation/BranchPredictionAI/run_model/hls/syn/verilog/run_model_run_model_Pipeline_ReLULoop2 
Execute       syn_report -csynth -model run_model_Pipeline_ReLULoop2 -o /home/gkapakos/Desktop/ECE/10th_Semester/Architecture_of_Parallel_Systems/Project/BranchPredictionAI/C_Implementation/BranchPredictionAI/run_model/hls/syn/report/run_model_Pipeline_ReLULoop2_csynth.rpt 
Execute         list_part -family xc7z020-clg400-3 
Execute           ap_family_info -name xc7z020-clg400-3 -data names 
Execute           ap_part_info -quiet -name xc7z020-clg400-3 -data family 
Execute       syn_report -rtlxml -model run_model_Pipeline_ReLULoop2 -o /home/gkapakos/Desktop/ECE/10th_Semester/Architecture_of_Parallel_Systems/Project/BranchPredictionAI/C_Implementation/BranchPredictionAI/run_model/hls/syn/report/run_model_Pipeline_ReLULoop2_csynth.xml 
Execute         list_part -family xc7z020-clg400-3 
Execute           ap_family_info -name xc7z020-clg400-3 -data names 
Execute           ap_part_info -quiet -name xc7z020-clg400-3 -data family 
Execute       syn_report -verbosereport -model run_model_Pipeline_ReLULoop2 -o /home/gkapakos/Desktop/ECE/10th_Semester/Architecture_of_Parallel_Systems/Project/BranchPredictionAI/C_Implementation/BranchPredictionAI/run_model/hls/.autopilot/db/run_model_Pipeline_ReLULoop2.verbose.rpt 
Execute         list_part -family xc7z020-clg400-3 
Execute           ap_family_info -name xc7z020-clg400-3 -data names 
Execute           ap_part_info -quiet -name xc7z020-clg400-3 -data family 
Execute       db_write -model run_model_Pipeline_ReLULoop2 -f -o /home/gkapakos/Desktop/ECE/10th_Semester/Architecture_of_Parallel_Systems/Project/BranchPredictionAI/C_Implementation/BranchPredictionAI/run_model/hls/.autopilot/db/run_model_Pipeline_ReLULoop2.adb 
Execute       db_write -model run_model_Pipeline_ReLULoop2 -bindview -o /home/gkapakos/Desktop/ECE/10th_Semester/Architecture_of_Parallel_Systems/Project/BranchPredictionAI/C_Implementation/BranchPredictionAI/run_model/hls/.autopilot/db/design.bindinfo.xml 
Execute       gen_tb_info run_model_Pipeline_ReLULoop2 -p /home/gkapakos/Desktop/ECE/10th_Semester/Architecture_of_Parallel_Systems/Project/BranchPredictionAI/C_Implementation/BranchPredictionAI/run_model/hls/.autopilot/db -o /home/gkapakos/Desktop/ECE/10th_Semester/Architecture_of_Parallel_Systems/Project/BranchPredictionAI/C_Implementation/BranchPredictionAI/run_model/hls/.autopilot/db/run_model_Pipeline_ReLULoop2 
INFO: [HLS 200-10] ----------------------------------------------------------------
INFO: [HLS 200-10] -- Generating RTL for module 'run_model' 
INFO: [HLS 200-10] ----------------------------------------------------------------
Execute       create_rtl_model run_model -top_prefix  -sub_prefix run_model_ -mg_file /home/gkapakos/Desktop/ECE/10th_Semester/Architecture_of_Parallel_Systems/Project/BranchPredictionAI/C_Implementation/BranchPredictionAI/run_model/hls/.autopilot/db/run_model.compgen.tcl 
INFO: [RTGEN 206-500] Setting interface mode on port 'run_model/y_hat_out' to 'ap_none'.
INFO: [RTGEN 206-500] Setting interface mode on function 'run_model' to 'ap_ctrl_hs'.
WARNING: [RTGEN 206-101] Port 'run_model/y_hat_out' has no fanin or fanout and is left dangling.
               Please use C simulation to confirm this function argument can be read from or written to.
INFO: [RTGEN 206-100] Generating core module 'fdiv_32ns_32ns_32_10_no_dsp_1': 1 instance(s).
INFO: [RTGEN 206-100] Generating core module 'fsqrt_32ns_32ns_32_10_no_dsp_1': 1 instance(s).
INFO: [RTGEN 206-100] Generating core module 'hadd_16ns_16ns_16_5_full_dsp_1': 2 instance(s).
INFO: [RTGEN 206-100] Generating core module 'hcmp_16ns_16ns_1_2_no_dsp_1': 1 instance(s).
INFO: [RTGEN 206-100] Generating core module 'hmul_16ns_16ns_16_4_max_dsp_1': 1 instance(s).
INFO: [RTGEN 206-100] Generating core module 'hptosp_16ns_32_2_no_dsp_1': 2 instance(s).
INFO: [RTGEN 206-100] Generating core module 'sptohp_32ns_16_2_no_dsp_1': 1 instance(s).
INFO: [RTGEN 206-100] Finished creating RTL model for 'run_model'.
INFO: [RTMG 210-279] Implementing memory 'run_model_fc_0_W_ROM_AUTO_3R' using auto ROMs.
INFO: [RTMG 210-279] Implementing memory 'run_model_fc_1_W_ROM_AUTO_3R' using auto ROMs.
INFO: [RTMG 210-278] Implementing memory 'run_model_merged_RAM_AUTO_1R1W' using auto RAMs.
INFO: [RTMG 210-278] Implementing memory 'run_model_z0_RAM_AUTO_3R2W' using auto RAMs.
INFO: [RTMG 210-278] Implementing memory 'run_model_z1_RAM_AUTO_3R2W' using auto RAMs.
Command       create_rtl_model done; 0.16 sec.
INFO: [HLS 200-111] Finished Creating RTL model: CPU user time: 0.21 seconds. CPU system time: 0.01 seconds. Elapsed time: 0.22 seconds; current allocated memory: 791.320 MB.
Execute       source /home/gkapakos/Desktop/ECE/10th_Semester/Architecture_of_Parallel_Systems/Project/BranchPredictionAI/C_Implementation/BranchPredictionAI/run_model/hls/.autopilot/db/run_model.rtl_wrap.cfg.tcl 
Execute       gen_rtl run_model -istop -style xilinx -f -lang vhdl -o /home/gkapakos/Desktop/ECE/10th_Semester/Architecture_of_Parallel_Systems/Project/BranchPredictionAI/C_Implementation/BranchPredictionAI/run_model/hls/syn/vhdl/run_model 
Execute       gen_rtl run_model -istop -style xilinx -f -lang vlog -o /home/gkapakos/Desktop/ECE/10th_Semester/Architecture_of_Parallel_Systems/Project/BranchPredictionAI/C_Implementation/BranchPredictionAI/run_model/hls/syn/verilog/run_model 
Execute       syn_report -csynth -model run_model -o /home/gkapakos/Desktop/ECE/10th_Semester/Architecture_of_Parallel_Systems/Project/BranchPredictionAI/C_Implementation/BranchPredictionAI/run_model/hls/syn/report/run_model_csynth.rpt 
Execute         list_part -family xc7z020-clg400-3 
Execute           ap_family_info -name xc7z020-clg400-3 -data names 
Execute           ap_part_info -quiet -name xc7z020-clg400-3 -data family 
Execute       syn_report -rtlxml -model run_model -o /home/gkapakos/Desktop/ECE/10th_Semester/Architecture_of_Parallel_Systems/Project/BranchPredictionAI/C_Implementation/BranchPredictionAI/run_model/hls/syn/report/run_model_csynth.xml 
Execute         list_part -family xc7z020-clg400-3 
Execute           ap_family_info -name xc7z020-clg400-3 -data names 
Execute           ap_part_info -quiet -name xc7z020-clg400-3 -data family 
Execute       syn_report -verbosereport -model run_model -o /home/gkapakos/Desktop/ECE/10th_Semester/Architecture_of_Parallel_Systems/Project/BranchPredictionAI/C_Implementation/BranchPredictionAI/run_model/hls/.autopilot/db/run_model.verbose.rpt 
Execute         list_part -family xc7z020-clg400-3 
Execute           ap_family_info -name xc7z020-clg400-3 -data names 
Execute           ap_part_info -quiet -name xc7z020-clg400-3 -data family 
Execute       db_write -model run_model -f -o /home/gkapakos/Desktop/ECE/10th_Semester/Architecture_of_Parallel_Systems/Project/BranchPredictionAI/C_Implementation/BranchPredictionAI/run_model/hls/.autopilot/db/run_model.adb 
Execute       db_write -model run_model -bindview -o /home/gkapakos/Desktop/ECE/10th_Semester/Architecture_of_Parallel_Systems/Project/BranchPredictionAI/C_Implementation/BranchPredictionAI/run_model/hls/.autopilot/db/design.bindinfo.xml 
Execute       gen_tb_info run_model -p /home/gkapakos/Desktop/ECE/10th_Semester/Architecture_of_Parallel_Systems/Project/BranchPredictionAI/C_Implementation/BranchPredictionAI/run_model/hls/.autopilot/db -o /home/gkapakos/Desktop/ECE/10th_Semester/Architecture_of_Parallel_Systems/Project/BranchPredictionAI/C_Implementation/BranchPredictionAI/run_model/hls/.autopilot/db/run_model 
Execute       export_constraint_db -f -tool general -o /home/gkapakos/Desktop/ECE/10th_Semester/Architecture_of_Parallel_Systems/Project/BranchPredictionAI/C_Implementation/BranchPredictionAI/run_model/hls/.autopilot/db/run_model.constraint.tcl 
Execute       syn_report -designview -model run_model -o /home/gkapakos/Desktop/ECE/10th_Semester/Architecture_of_Parallel_Systems/Project/BranchPredictionAI/C_Implementation/BranchPredictionAI/run_model/hls/.autopilot/db/run_model.design.xml 
Command       syn_report done; 0.17 sec.
Execute       syn_report -csynthDesign -model run_model -o /home/gkapakos/Desktop/ECE/10th_Semester/Architecture_of_Parallel_Systems/Project/BranchPredictionAI/C_Implementation/BranchPredictionAI/run_model/hls/syn/report/csynth.rpt -MHOut /home/gkapakos/Desktop/ECE/10th_Semester/Architecture_of_Parallel_Systems/Project/BranchPredictionAI/C_Implementation/BranchPredictionAI/run_model/hls/.autopilot/db/kernel_module_hierarchy.tcl 
Execute         list_part -family xc7z020-clg400-3 
Execute           ap_family_info -name xc7z020-clg400-3 -data names 
Execute           ap_part_info -quiet -name xc7z020-clg400-3 -data family 
Execute       syn_report -wcfg -model run_model -o /home/gkapakos/Desktop/ECE/10th_Semester/Architecture_of_Parallel_Systems/Project/BranchPredictionAI/C_Implementation/BranchPredictionAI/run_model/hls/.autopilot/db/run_model_dataflow_ana.wcfg 
Execute       syn_report -protoinst -model run_model -o /home/gkapakos/Desktop/ECE/10th_Semester/Architecture_of_Parallel_Systems/Project/BranchPredictionAI/C_Implementation/BranchPredictionAI/run_model/hls/.autopilot/db/run_model.protoinst 
Execute       sc_get_clocks run_model 
Execute       sc_get_portdomain run_model 
INFO-FLOW: Model list for RTL component generation: run_all_slices_unrolled_Pipeline_MergedLoop lstm_forward_unidir_Pipeline_VITIS_LOOP_145_1 lstm_forward_unidir_Pipeline_Loop2_1LSTM lstm_forward_unidir_Pipeline_Loop2_4LSTM lstm_forward_unidir run_all_slices_unrolled_Pipeline_Loop_BN run_all_slices_unrolled_Pipeline_MergedLoop0 conv_bn_act_pool_Pipeline_BNParamsLoop conv_bn_act_pool_Pipeline_Loop3_2Big conv_bn_act_pool run_all_slices_unrolled_Pipeline_Loop_BN2 run_all_slices_unrolled_Pipeline_MergedLoop1 conv_bn_act_pool.2_Pipeline_BNParamsLoop conv_bn_act_pool.2_Pipeline_Loop3_2Big conv_bn_act_pool.2 run_all_slices_unrolled_Pipeline_Loop_BN3 run_all_slices_unrolled_Pipeline_MergedLoop2 conv_bn_act_pool.3_Pipeline_BNParamsLoop conv_bn_act_pool.3_Pipeline_Loop3_2Big conv_bn_act_pool.3 run_all_slices_unrolled_Pipeline_Loop_BN4 run_all_slices_unrolled_Pipeline_MergedLoop3 conv_bn_act_pool.4_Pipeline_BNParamsLoop conv_bn_act_pool.4_Pipeline_Loop3_2Big conv_bn_act_pool.4 run_all_slices_unrolled_Pipeline_Loop_BN5 run_all_slices_unrolled_Pipeline_MergedLoop4 run_all_slices_unrolled run_model_Pipeline_Loop_BN run_model_Pipeline_ReLULoop1 run_model_Pipeline_Loop_BN1 run_model_Pipeline_ReLULoop2 run_model
INFO-FLOW: Handling components in module [run_all_slices_unrolled_Pipeline_MergedLoop] ... 
Execute       source /home/gkapakos/Desktop/ECE/10th_Semester/Architecture_of_Parallel_Systems/Project/BranchPredictionAI/C_Implementation/BranchPredictionAI/run_model/hls/.autopilot/db/run_all_slices_unrolled_Pipeline_MergedLoop.compgen.tcl 
INFO-FLOW: Found component run_model_flow_control_loop_pipe_sequential_init.
INFO-FLOW: Append model run_model_flow_control_loop_pipe_sequential_init
INFO-FLOW: Handling components in module [lstm_forward_unidir_Pipeline_VITIS_LOOP_145_1] ... 
Execute       source /home/gkapakos/Desktop/ECE/10th_Semester/Architecture_of_Parallel_Systems/Project/BranchPredictionAI/C_Implementation/BranchPredictionAI/run_model/hls/.autopilot/db/lstm_forward_unidir_Pipeline_VITIS_LOOP_145_1.compgen.tcl 
INFO-FLOW: Found component run_model_flow_control_loop_pipe_sequential_init.
INFO-FLOW: Append model run_model_flow_control_loop_pipe_sequential_init
INFO-FLOW: Handling components in module [lstm_forward_unidir_Pipeline_Loop2_1LSTM] ... 
Execute       source /home/gkapakos/Desktop/ECE/10th_Semester/Architecture_of_Parallel_Systems/Project/BranchPredictionAI/C_Implementation/BranchPredictionAI/run_model/hls/.autopilot/db/lstm_forward_unidir_Pipeline_Loop2_1LSTM.compgen.tcl 
INFO-FLOW: Found component run_model_mul_7ns_9ns_15_1_1.
INFO-FLOW: Append model run_model_mul_7ns_9ns_15_1_1
INFO-FLOW: Found component run_model_sparsemux_257_7_16_1_1.
INFO-FLOW: Append model run_model_sparsemux_257_7_16_1_1
INFO-FLOW: Found component run_model_flow_control_loop_pipe_sequential_init.
INFO-FLOW: Append model run_model_flow_control_loop_pipe_sequential_init
INFO-FLOW: Handling components in module [lstm_forward_unidir_Pipeline_Loop2_4LSTM] ... 
Execute       source /home/gkapakos/Desktop/ECE/10th_Semester/Architecture_of_Parallel_Systems/Project/BranchPredictionAI/C_Implementation/BranchPredictionAI/run_model/hls/.autopilot/db/lstm_forward_unidir_Pipeline_Loop2_4LSTM.compgen.tcl 
INFO-FLOW: Found component run_model_fadd_32ns_32ns_32_4_full_dsp_1.
INFO-FLOW: Append model run_model_fadd_32ns_32ns_32_4_full_dsp_1
INFO-FLOW: Found component run_model_fdiv_32ns_32ns_32_10_no_dsp_1.
INFO-FLOW: Append model run_model_fdiv_32ns_32ns_32_10_no_dsp_1
INFO-FLOW: Found component run_model_fexp_32ns_32ns_32_8_full_dsp_1.
INFO-FLOW: Append model run_model_fexp_32ns_32ns_32_8_full_dsp_1
INFO-FLOW: Found component run_model_sptohp_32ns_16_2_no_dsp_1.
INFO-FLOW: Append model run_model_sptohp_32ns_16_2_no_dsp_1
INFO-FLOW: Found component run_model_hptosp_16ns_32_2_no_dsp_1.
INFO-FLOW: Append model run_model_hptosp_16ns_32_2_no_dsp_1
INFO-FLOW: Found component run_model_hmul_16ns_16ns_16_4_max_dsp_1.
INFO-FLOW: Append model run_model_hmul_16ns_16ns_16_4_max_dsp_1
INFO-FLOW: Found component run_model_hcmp_16ns_16ns_1_2_no_dsp_1.
INFO-FLOW: Append model run_model_hcmp_16ns_16ns_1_2_no_dsp_1
INFO-FLOW: Found component run_model_mul_5ns_7ns_11_1_1.
INFO-FLOW: Append model run_model_mul_5ns_7ns_11_1_1
INFO-FLOW: Found component run_model_mul_6ns_8ns_13_1_1.
INFO-FLOW: Append model run_model_mul_6ns_8ns_13_1_1
INFO-FLOW: Found component run_model_sparsemux_11_3_16_1_1.
INFO-FLOW: Append model run_model_sparsemux_11_3_16_1_1
INFO-FLOW: Found component run_model_sparsemux_11_3_16_1_1.
INFO-FLOW: Append model run_model_sparsemux_11_3_16_1_1
INFO-FLOW: Found component run_model_sparsemux_11_3_16_1_1.
INFO-FLOW: Append model run_model_sparsemux_11_3_16_1_1
INFO-FLOW: Found component run_model_sparsemux_11_3_16_1_1.
INFO-FLOW: Append model run_model_sparsemux_11_3_16_1_1
INFO-FLOW: Found component run_model_sparsemux_7_2_16_1_1.
INFO-FLOW: Append model run_model_sparsemux_7_2_16_1_1
INFO-FLOW: Found component run_model_flow_control_loop_pipe_sequential_init.
INFO-FLOW: Append model run_model_flow_control_loop_pipe_sequential_init
INFO-FLOW: Handling components in module [lstm_forward_unidir] ... 
Execute       source /home/gkapakos/Desktop/ECE/10th_Semester/Architecture_of_Parallel_Systems/Project/BranchPredictionAI/C_Implementation/BranchPredictionAI/run_model/hls/.autopilot/db/lstm_forward_unidir.compgen.tcl 
INFO-FLOW: Found component run_model_hadd_16ns_16ns_16_5_full_dsp_1.
INFO-FLOW: Append model run_model_hadd_16ns_16ns_16_5_full_dsp_1
INFO-FLOW: Found component run_model_hmul_16ns_16ns_16_4_max_dsp_1.
INFO-FLOW: Append model run_model_hmul_16ns_16ns_16_4_max_dsp_1
INFO-FLOW: Found component run_model_urem_8ns_4ns_3_12_1.
INFO-FLOW: Append model run_model_urem_8ns_4ns_3_12_1
INFO-FLOW: Found component run_model_mul_8ns_10ns_17_1_1.
INFO-FLOW: Append model run_model_mul_8ns_10ns_17_1_1
INFO-FLOW: Found component run_model_lstm_forward_unidir_c_slice_RAM_AUTO_1R1W.
INFO-FLOW: Append model run_model_lstm_forward_unidir_c_slice_RAM_AUTO_1R1W
INFO-FLOW: Found component run_model_lstm_forward_unidir_z_RAM_AUTO_1R1W.
INFO-FLOW: Append model run_model_lstm_forward_unidir_z_RAM_AUTO_1R1W
INFO-FLOW: Handling components in module [run_all_slices_unrolled_Pipeline_Loop_BN] ... 
Execute       source /home/gkapakos/Desktop/ECE/10th_Semester/Architecture_of_Parallel_Systems/Project/BranchPredictionAI/C_Implementation/BranchPredictionAI/run_model/hls/.autopilot/db/run_all_slices_unrolled_Pipeline_Loop_BN.compgen.tcl 
INFO-FLOW: Found component run_model_run_all_slices_unrolled_Pipeline_Loop_BN_BN2_var0_ROM_AUTO_1R.
INFO-FLOW: Append model run_model_run_all_slices_unrolled_Pipeline_Loop_BN_BN2_var0_ROM_AUTO_1R
INFO-FLOW: Found component run_model_flow_control_loop_pipe_sequential_init.
INFO-FLOW: Append model run_model_flow_control_loop_pipe_sequential_init
INFO-FLOW: Handling components in module [run_all_slices_unrolled_Pipeline_MergedLoop0] ... 
Execute       source /home/gkapakos/Desktop/ECE/10th_Semester/Architecture_of_Parallel_Systems/Project/BranchPredictionAI/C_Implementation/BranchPredictionAI/run_model/hls/.autopilot/db/run_all_slices_unrolled_Pipeline_MergedLoop0.compgen.tcl 
INFO-FLOW: Found component run_model_flow_control_loop_pipe_sequential_init.
INFO-FLOW: Append model run_model_flow_control_loop_pipe_sequential_init
INFO-FLOW: Handling components in module [conv_bn_act_pool_Pipeline_BNParamsLoop] ... 
Execute       source /home/gkapakos/Desktop/ECE/10th_Semester/Architecture_of_Parallel_Systems/Project/BranchPredictionAI/C_Implementation/BranchPredictionAI/run_model/hls/.autopilot/db/conv_bn_act_pool_Pipeline_BNParamsLoop.compgen.tcl 
INFO-FLOW: Found component run_model_sparsemux_65_5_16_1_1.
INFO-FLOW: Append model run_model_sparsemux_65_5_16_1_1
INFO-FLOW: Found component run_model_flow_control_loop_pipe_sequential_init.
INFO-FLOW: Append model run_model_flow_control_loop_pipe_sequential_init
INFO-FLOW: Handling components in module [conv_bn_act_pool_Pipeline_Loop3_2Big] ... 
Execute       source /home/gkapakos/Desktop/ECE/10th_Semester/Architecture_of_Parallel_Systems/Project/BranchPredictionAI/C_Implementation/BranchPredictionAI/run_model/hls/.autopilot/db/conv_bn_act_pool_Pipeline_Loop3_2Big.compgen.tcl 
INFO-FLOW: Found component run_model_flow_control_loop_pipe_sequential_init.
INFO-FLOW: Append model run_model_flow_control_loop_pipe_sequential_init
INFO-FLOW: Handling components in module [conv_bn_act_pool] ... 
Execute       source /home/gkapakos/Desktop/ECE/10th_Semester/Architecture_of_Parallel_Systems/Project/BranchPredictionAI/C_Implementation/BranchPredictionAI/run_model/hls/.autopilot/db/conv_bn_act_pool.compgen.tcl 
INFO-FLOW: Found component run_model_conv_bn_act_pool_X_slice12_ROM_AUTO_3R.
INFO-FLOW: Append model run_model_conv_bn_act_pool_X_slice12_ROM_AUTO_3R
INFO-FLOW: Found component run_model_conv_bn_act_pool_ConvW1_ROM_AUTO_3R.
INFO-FLOW: Append model run_model_conv_bn_act_pool_ConvW1_ROM_AUTO_3R
INFO-FLOW: Handling components in module [run_all_slices_unrolled_Pipeline_Loop_BN2] ... 
Execute       source /home/gkapakos/Desktop/ECE/10th_Semester/Architecture_of_Parallel_Systems/Project/BranchPredictionAI/C_Implementation/BranchPredictionAI/run_model/hls/.autopilot/db/run_all_slices_unrolled_Pipeline_Loop_BN2.compgen.tcl 
INFO-FLOW: Found component run_model_flow_control_loop_pipe_sequential_init.
INFO-FLOW: Append model run_model_flow_control_loop_pipe_sequential_init
INFO-FLOW: Handling components in module [run_all_slices_unrolled_Pipeline_MergedLoop1] ... 
Execute       source /home/gkapakos/Desktop/ECE/10th_Semester/Architecture_of_Parallel_Systems/Project/BranchPredictionAI/C_Implementation/BranchPredictionAI/run_model/hls/.autopilot/db/run_all_slices_unrolled_Pipeline_MergedLoop1.compgen.tcl 
INFO-FLOW: Found component run_model_flow_control_loop_pipe_sequential_init.
INFO-FLOW: Append model run_model_flow_control_loop_pipe_sequential_init
INFO-FLOW: Handling components in module [conv_bn_act_pool_2_Pipeline_BNParamsLoop] ... 
Execute       source /home/gkapakos/Desktop/ECE/10th_Semester/Architecture_of_Parallel_Systems/Project/BranchPredictionAI/C_Implementation/BranchPredictionAI/run_model/hls/.autopilot/db/conv_bn_act_pool_2_Pipeline_BNParamsLoop.compgen.tcl 
INFO-FLOW: Found component run_model_flow_control_loop_pipe_sequential_init.
INFO-FLOW: Append model run_model_flow_control_loop_pipe_sequential_init
INFO-FLOW: Handling components in module [conv_bn_act_pool_2_Pipeline_Loop3_2Big] ... 
Execute       source /home/gkapakos/Desktop/ECE/10th_Semester/Architecture_of_Parallel_Systems/Project/BranchPredictionAI/C_Implementation/BranchPredictionAI/run_model/hls/.autopilot/db/conv_bn_act_pool_2_Pipeline_Loop3_2Big.compgen.tcl 
INFO-FLOW: Found component run_model_flow_control_loop_pipe_sequential_init.
INFO-FLOW: Append model run_model_flow_control_loop_pipe_sequential_init
INFO-FLOW: Handling components in module [conv_bn_act_pool_2] ... 
Execute       source /home/gkapakos/Desktop/ECE/10th_Semester/Architecture_of_Parallel_Systems/Project/BranchPredictionAI/C_Implementation/BranchPredictionAI/run_model/hls/.autopilot/db/conv_bn_act_pool_2.compgen.tcl 
INFO-FLOW: Found component run_model_conv_bn_act_pool_2_X_slice27_ROM_AUTO_3R.
INFO-FLOW: Append model run_model_conv_bn_act_pool_2_X_slice27_ROM_AUTO_3R
INFO-FLOW: Found component run_model_conv_bn_act_pool_2_ConvW2_ROM_AUTO_3R.
INFO-FLOW: Append model run_model_conv_bn_act_pool_2_ConvW2_ROM_AUTO_3R
INFO-FLOW: Handling components in module [run_all_slices_unrolled_Pipeline_Loop_BN3] ... 
Execute       source /home/gkapakos/Desktop/ECE/10th_Semester/Architecture_of_Parallel_Systems/Project/BranchPredictionAI/C_Implementation/BranchPredictionAI/run_model/hls/.autopilot/db/run_all_slices_unrolled_Pipeline_Loop_BN3.compgen.tcl 
INFO-FLOW: Found component run_model_flow_control_loop_pipe_sequential_init.
INFO-FLOW: Append model run_model_flow_control_loop_pipe_sequential_init
INFO-FLOW: Handling components in module [run_all_slices_unrolled_Pipeline_MergedLoop2] ... 
Execute       source /home/gkapakos/Desktop/ECE/10th_Semester/Architecture_of_Parallel_Systems/Project/BranchPredictionAI/C_Implementation/BranchPredictionAI/run_model/hls/.autopilot/db/run_all_slices_unrolled_Pipeline_MergedLoop2.compgen.tcl 
INFO-FLOW: Found component run_model_flow_control_loop_pipe_sequential_init.
INFO-FLOW: Append model run_model_flow_control_loop_pipe_sequential_init
INFO-FLOW: Handling components in module [conv_bn_act_pool_3_Pipeline_BNParamsLoop] ... 
Execute       source /home/gkapakos/Desktop/ECE/10th_Semester/Architecture_of_Parallel_Systems/Project/BranchPredictionAI/C_Implementation/BranchPredictionAI/run_model/hls/.autopilot/db/conv_bn_act_pool_3_Pipeline_BNParamsLoop.compgen.tcl 
INFO-FLOW: Found component run_model_flow_control_loop_pipe_sequential_init.
INFO-FLOW: Append model run_model_flow_control_loop_pipe_sequential_init
INFO-FLOW: Handling components in module [conv_bn_act_pool_3_Pipeline_Loop3_2Big] ... 
Execute       source /home/gkapakos/Desktop/ECE/10th_Semester/Architecture_of_Parallel_Systems/Project/BranchPredictionAI/C_Implementation/BranchPredictionAI/run_model/hls/.autopilot/db/conv_bn_act_pool_3_Pipeline_Loop3_2Big.compgen.tcl 
INFO-FLOW: Found component run_model_flow_control_loop_pipe_sequential_init.
INFO-FLOW: Append model run_model_flow_control_loop_pipe_sequential_init
INFO-FLOW: Handling components in module [conv_bn_act_pool_3] ... 
Execute       source /home/gkapakos/Desktop/ECE/10th_Semester/Architecture_of_Parallel_Systems/Project/BranchPredictionAI/C_Implementation/BranchPredictionAI/run_model/hls/.autopilot/db/conv_bn_act_pool_3.compgen.tcl 
INFO-FLOW: Found component run_model_conv_bn_act_pool_3_X_slice42_ROM_AUTO_3R.
INFO-FLOW: Append model run_model_conv_bn_act_pool_3_X_slice42_ROM_AUTO_3R
INFO-FLOW: Found component run_model_conv_bn_act_pool_3_ConvW3_ROM_AUTO_3R.
INFO-FLOW: Append model run_model_conv_bn_act_pool_3_ConvW3_ROM_AUTO_3R
INFO-FLOW: Handling components in module [run_all_slices_unrolled_Pipeline_Loop_BN4] ... 
Execute       source /home/gkapakos/Desktop/ECE/10th_Semester/Architecture_of_Parallel_Systems/Project/BranchPredictionAI/C_Implementation/BranchPredictionAI/run_model/hls/.autopilot/db/run_all_slices_unrolled_Pipeline_Loop_BN4.compgen.tcl 
INFO-FLOW: Found component run_model_flow_control_loop_pipe_sequential_init.
INFO-FLOW: Append model run_model_flow_control_loop_pipe_sequential_init
INFO-FLOW: Handling components in module [run_all_slices_unrolled_Pipeline_MergedLoop3] ... 
Execute       source /home/gkapakos/Desktop/ECE/10th_Semester/Architecture_of_Parallel_Systems/Project/BranchPredictionAI/C_Implementation/BranchPredictionAI/run_model/hls/.autopilot/db/run_all_slices_unrolled_Pipeline_MergedLoop3.compgen.tcl 
INFO-FLOW: Found component run_model_flow_control_loop_pipe_sequential_init.
INFO-FLOW: Append model run_model_flow_control_loop_pipe_sequential_init
INFO-FLOW: Handling components in module [conv_bn_act_pool_4_Pipeline_BNParamsLoop] ... 
Execute       source /home/gkapakos/Desktop/ECE/10th_Semester/Architecture_of_Parallel_Systems/Project/BranchPredictionAI/C_Implementation/BranchPredictionAI/run_model/hls/.autopilot/db/conv_bn_act_pool_4_Pipeline_BNParamsLoop.compgen.tcl 
INFO-FLOW: Found component run_model_flow_control_loop_pipe_sequential_init.
INFO-FLOW: Append model run_model_flow_control_loop_pipe_sequential_init
INFO-FLOW: Handling components in module [conv_bn_act_pool_4_Pipeline_Loop3_2Big] ... 
Execute       source /home/gkapakos/Desktop/ECE/10th_Semester/Architecture_of_Parallel_Systems/Project/BranchPredictionAI/C_Implementation/BranchPredictionAI/run_model/hls/.autopilot/db/conv_bn_act_pool_4_Pipeline_Loop3_2Big.compgen.tcl 
INFO-FLOW: Found component run_model_flow_control_loop_pipe_sequential_init.
INFO-FLOW: Append model run_model_flow_control_loop_pipe_sequential_init
INFO-FLOW: Handling components in module [conv_bn_act_pool_4] ... 
Execute       source /home/gkapakos/Desktop/ECE/10th_Semester/Architecture_of_Parallel_Systems/Project/BranchPredictionAI/C_Implementation/BranchPredictionAI/run_model/hls/.autopilot/db/conv_bn_act_pool_4.compgen.tcl 
INFO-FLOW: Found component run_model_conv_bn_act_pool_4_X_slice57_ROM_AUTO_3R.
INFO-FLOW: Append model run_model_conv_bn_act_pool_4_X_slice57_ROM_AUTO_3R
INFO-FLOW: Found component run_model_conv_bn_act_pool_4_ConvW4_ROM_AUTO_3R.
INFO-FLOW: Append model run_model_conv_bn_act_pool_4_ConvW4_ROM_AUTO_3R
INFO-FLOW: Handling components in module [run_all_slices_unrolled_Pipeline_Loop_BN5] ... 
Execute       source /home/gkapakos/Desktop/ECE/10th_Semester/Architecture_of_Parallel_Systems/Project/BranchPredictionAI/C_Implementation/BranchPredictionAI/run_model/hls/.autopilot/db/run_all_slices_unrolled_Pipeline_Loop_BN5.compgen.tcl 
INFO-FLOW: Found component run_model_flow_control_loop_pipe_sequential_init.
INFO-FLOW: Append model run_model_flow_control_loop_pipe_sequential_init
INFO-FLOW: Handling components in module [run_all_slices_unrolled_Pipeline_MergedLoop4] ... 
Execute       source /home/gkapakos/Desktop/ECE/10th_Semester/Architecture_of_Parallel_Systems/Project/BranchPredictionAI/C_Implementation/BranchPredictionAI/run_model/hls/.autopilot/db/run_all_slices_unrolled_Pipeline_MergedLoop4.compgen.tcl 
INFO-FLOW: Found component run_model_flow_control_loop_pipe_sequential_init.
INFO-FLOW: Append model run_model_flow_control_loop_pipe_sequential_init
INFO-FLOW: Handling components in module [run_all_slices_unrolled] ... 
Execute       source /home/gkapakos/Desktop/ECE/10th_Semester/Architecture_of_Parallel_Systems/Project/BranchPredictionAI/C_Implementation/BranchPredictionAI/run_model/hls/.autopilot/db/run_all_slices_unrolled.compgen.tcl 
INFO-FLOW: Found component run_model_fsqrt_32ns_32ns_32_10_no_dsp_1.
INFO-FLOW: Append model run_model_fsqrt_32ns_32ns_32_10_no_dsp_1
INFO-FLOW: Found component run_model_fsub_32ns_32ns_32_4_full_dsp_1.
INFO-FLOW: Append model run_model_fsub_32ns_32ns_32_4_full_dsp_1
INFO-FLOW: Found component run_model_fmul_32ns_32ns_32_3_max_dsp_1.
INFO-FLOW: Append model run_model_fmul_32ns_32ns_32_3_max_dsp_1
INFO-FLOW: Found component run_model_hdiv_16ns_16ns_16_6_no_dsp_1.
INFO-FLOW: Append model run_model_hdiv_16ns_16ns_16_6_no_dsp_1
INFO-FLOW: Found component run_model_fmul_32ns_32ns_32_3_max_dsp_1.
INFO-FLOW: Append model run_model_fmul_32ns_32ns_32_3_max_dsp_1
INFO-FLOW: Found component run_model_run_all_slices_unrolled_h_slice_RAM_AUTO_1R1W.
INFO-FLOW: Append model run_model_run_all_slices_unrolled_h_slice_RAM_AUTO_1R1W
INFO-FLOW: Found component run_model_run_all_slices_unrolled_U_slice_RAM_AUTO_3R2W.
INFO-FLOW: Append model run_model_run_all_slices_unrolled_U_slice_RAM_AUTO_3R2W
INFO-FLOW: Found component run_model_run_all_slices_unrolled_LSTM_W_ifog0_ROM_AUTO_3R.
INFO-FLOW: Append model run_model_run_all_slices_unrolled_LSTM_W_ifog0_ROM_AUTO_3R
INFO-FLOW: Found component run_model_run_all_slices_unrolled_LSTM_R_ifog0_ROM_AUTO_3R.
INFO-FLOW: Append model run_model_run_all_slices_unrolled_LSTM_R_ifog0_ROM_AUTO_3R
INFO-FLOW: Found component run_model_run_all_slices_unrolled_LSTM_W_ifog1_ROM_AUTO_3R.
INFO-FLOW: Append model run_model_run_all_slices_unrolled_LSTM_W_ifog1_ROM_AUTO_3R
INFO-FLOW: Found component run_model_run_all_slices_unrolled_LSTM_R_ifog1_ROM_AUTO_3R.
INFO-FLOW: Append model run_model_run_all_slices_unrolled_LSTM_R_ifog1_ROM_AUTO_3R
INFO-FLOW: Found component run_model_run_all_slices_unrolled_LSTM_W_ifog2_ROM_AUTO_3R.
INFO-FLOW: Append model run_model_run_all_slices_unrolled_LSTM_W_ifog2_ROM_AUTO_3R
INFO-FLOW: Found component run_model_run_all_slices_unrolled_LSTM_R_ifog2_ROM_AUTO_3R.
INFO-FLOW: Append model run_model_run_all_slices_unrolled_LSTM_R_ifog2_ROM_AUTO_3R
INFO-FLOW: Found component run_model_run_all_slices_unrolled_LSTM_W_ifog3_ROM_AUTO_3R.
INFO-FLOW: Append model run_model_run_all_slices_unrolled_LSTM_W_ifog3_ROM_AUTO_3R
INFO-FLOW: Found component run_model_run_all_slices_unrolled_LSTM_R_ifog3_ROM_AUTO_3R.
INFO-FLOW: Append model run_model_run_all_slices_unrolled_LSTM_R_ifog3_ROM_AUTO_3R
INFO-FLOW: Found component run_model_run_all_slices_unrolled_LSTM_W_ifog4_ROM_AUTO_3R.
INFO-FLOW: Append model run_model_run_all_slices_unrolled_LSTM_W_ifog4_ROM_AUTO_3R
INFO-FLOW: Found component run_model_run_all_slices_unrolled_LSTM_R_ifog4_ROM_AUTO_3R.
INFO-FLOW: Append model run_model_run_all_slices_unrolled_LSTM_R_ifog4_ROM_AUTO_3R
INFO-FLOW: Handling components in module [run_model_Pipeline_Loop_BN] ... 
Execute       source /home/gkapakos/Desktop/ECE/10th_Semester/Architecture_of_Parallel_Systems/Project/BranchPredictionAI/C_Implementation/BranchPredictionAI/run_model/hls/.autopilot/db/run_model_Pipeline_Loop_BN.compgen.tcl 
INFO-FLOW: Found component run_model_run_model_Pipeline_Loop_BN_fc_0_bn_var_ROM_AUTO_3R.
INFO-FLOW: Append model run_model_run_model_Pipeline_Loop_BN_fc_0_bn_var_ROM_AUTO_3R
INFO-FLOW: Found component run_model_flow_control_loop_pipe_sequential_init.
INFO-FLOW: Append model run_model_flow_control_loop_pipe_sequential_init
INFO-FLOW: Handling components in module [run_model_Pipeline_ReLULoop1] ... 
Execute       source /home/gkapakos/Desktop/ECE/10th_Semester/Architecture_of_Parallel_Systems/Project/BranchPredictionAI/C_Implementation/BranchPredictionAI/run_model/hls/.autopilot/db/run_model_Pipeline_ReLULoop1.compgen.tcl 
INFO-FLOW: Found component run_model_flow_control_loop_pipe_sequential_init.
INFO-FLOW: Append model run_model_flow_control_loop_pipe_sequential_init
INFO-FLOW: Handling components in module [run_model_Pipeline_Loop_BN1] ... 
Execute       source /home/gkapakos/Desktop/ECE/10th_Semester/Architecture_of_Parallel_Systems/Project/BranchPredictionAI/C_Implementation/BranchPredictionAI/run_model/hls/.autopilot/db/run_model_Pipeline_Loop_BN1.compgen.tcl 
INFO-FLOW: Found component run_model_flow_control_loop_pipe_sequential_init.
INFO-FLOW: Append model run_model_flow_control_loop_pipe_sequential_init
INFO-FLOW: Handling components in module [run_model_Pipeline_ReLULoop2] ... 
Execute       source /home/gkapakos/Desktop/ECE/10th_Semester/Architecture_of_Parallel_Systems/Project/BranchPredictionAI/C_Implementation/BranchPredictionAI/run_model/hls/.autopilot/db/run_model_Pipeline_ReLULoop2.compgen.tcl 
INFO-FLOW: Found component run_model_flow_control_loop_pipe_sequential_init.
INFO-FLOW: Append model run_model_flow_control_loop_pipe_sequential_init
INFO-FLOW: Handling components in module [run_model] ... 
Execute       source /home/gkapakos/Desktop/ECE/10th_Semester/Architecture_of_Parallel_Systems/Project/BranchPredictionAI/C_Implementation/BranchPredictionAI/run_model/hls/.autopilot/db/run_model.compgen.tcl 
INFO-FLOW: Found component run_model_fc_0_W_ROM_AUTO_3R.
INFO-FLOW: Append model run_model_fc_0_W_ROM_AUTO_3R
INFO-FLOW: Found component run_model_fc_1_W_ROM_AUTO_3R.
INFO-FLOW: Append model run_model_fc_1_W_ROM_AUTO_3R
INFO-FLOW: Found component run_model_merged_RAM_AUTO_1R1W.
INFO-FLOW: Append model run_model_merged_RAM_AUTO_1R1W
INFO-FLOW: Found component run_model_z0_RAM_AUTO_3R2W.
INFO-FLOW: Append model run_model_z0_RAM_AUTO_3R2W
INFO-FLOW: Found component run_model_z1_RAM_AUTO_3R2W.
INFO-FLOW: Append model run_model_z1_RAM_AUTO_3R2W
INFO-FLOW: Append model run_all_slices_unrolled_Pipeline_MergedLoop
INFO-FLOW: Append model lstm_forward_unidir_Pipeline_VITIS_LOOP_145_1
INFO-FLOW: Append model lstm_forward_unidir_Pipeline_Loop2_1LSTM
INFO-FLOW: Append model lstm_forward_unidir_Pipeline_Loop2_4LSTM
INFO-FLOW: Append model lstm_forward_unidir
INFO-FLOW: Append model run_all_slices_unrolled_Pipeline_Loop_BN
INFO-FLOW: Append model run_all_slices_unrolled_Pipeline_MergedLoop0
INFO-FLOW: Append model conv_bn_act_pool_Pipeline_BNParamsLoop
INFO-FLOW: Append model conv_bn_act_pool_Pipeline_Loop3_2Big
INFO-FLOW: Append model conv_bn_act_pool
INFO-FLOW: Append model run_all_slices_unrolled_Pipeline_Loop_BN2
INFO-FLOW: Append model run_all_slices_unrolled_Pipeline_MergedLoop1
INFO-FLOW: Append model conv_bn_act_pool_2_Pipeline_BNParamsLoop
INFO-FLOW: Append model conv_bn_act_pool_2_Pipeline_Loop3_2Big
INFO-FLOW: Append model conv_bn_act_pool_2
INFO-FLOW: Append model run_all_slices_unrolled_Pipeline_Loop_BN3
INFO-FLOW: Append model run_all_slices_unrolled_Pipeline_MergedLoop2
INFO-FLOW: Append model conv_bn_act_pool_3_Pipeline_BNParamsLoop
INFO-FLOW: Append model conv_bn_act_pool_3_Pipeline_Loop3_2Big
INFO-FLOW: Append model conv_bn_act_pool_3
INFO-FLOW: Append model run_all_slices_unrolled_Pipeline_Loop_BN4
INFO-FLOW: Append model run_all_slices_unrolled_Pipeline_MergedLoop3
INFO-FLOW: Append model conv_bn_act_pool_4_Pipeline_BNParamsLoop
INFO-FLOW: Append model conv_bn_act_pool_4_Pipeline_Loop3_2Big
INFO-FLOW: Append model conv_bn_act_pool_4
INFO-FLOW: Append model run_all_slices_unrolled_Pipeline_Loop_BN5
INFO-FLOW: Append model run_all_slices_unrolled_Pipeline_MergedLoop4
INFO-FLOW: Append model run_all_slices_unrolled
INFO-FLOW: Append model run_model_Pipeline_Loop_BN
INFO-FLOW: Append model run_model_Pipeline_ReLULoop1
INFO-FLOW: Append model run_model_Pipeline_Loop_BN1
INFO-FLOW: Append model run_model_Pipeline_ReLULoop2
INFO-FLOW: Append model run_model
INFO-FLOW: Generating RTL model list ...
INFO-FLOW: All models in this session: run_model_flow_control_loop_pipe_sequential_init run_model_flow_control_loop_pipe_sequential_init run_model_mul_7ns_9ns_15_1_1 run_model_sparsemux_257_7_16_1_1 run_model_flow_control_loop_pipe_sequential_init run_model_fadd_32ns_32ns_32_4_full_dsp_1 run_model_fdiv_32ns_32ns_32_10_no_dsp_1 run_model_fexp_32ns_32ns_32_8_full_dsp_1 run_model_sptohp_32ns_16_2_no_dsp_1 run_model_hptosp_16ns_32_2_no_dsp_1 run_model_hmul_16ns_16ns_16_4_max_dsp_1 run_model_hcmp_16ns_16ns_1_2_no_dsp_1 run_model_mul_5ns_7ns_11_1_1 run_model_mul_6ns_8ns_13_1_1 run_model_sparsemux_11_3_16_1_1 run_model_sparsemux_11_3_16_1_1 run_model_sparsemux_11_3_16_1_1 run_model_sparsemux_11_3_16_1_1 run_model_sparsemux_7_2_16_1_1 run_model_flow_control_loop_pipe_sequential_init run_model_hadd_16ns_16ns_16_5_full_dsp_1 run_model_hmul_16ns_16ns_16_4_max_dsp_1 run_model_urem_8ns_4ns_3_12_1 run_model_mul_8ns_10ns_17_1_1 run_model_lstm_forward_unidir_c_slice_RAM_AUTO_1R1W run_model_lstm_forward_unidir_z_RAM_AUTO_1R1W run_model_run_all_slices_unrolled_Pipeline_Loop_BN_BN2_var0_ROM_AUTO_1R run_model_flow_control_loop_pipe_sequential_init run_model_flow_control_loop_pipe_sequential_init run_model_sparsemux_65_5_16_1_1 run_model_flow_control_loop_pipe_sequential_init run_model_flow_control_loop_pipe_sequential_init run_model_conv_bn_act_pool_X_slice12_ROM_AUTO_3R run_model_conv_bn_act_pool_ConvW1_ROM_AUTO_3R run_model_flow_control_loop_pipe_sequential_init run_model_flow_control_loop_pipe_sequential_init run_model_flow_control_loop_pipe_sequential_init run_model_flow_control_loop_pipe_sequential_init run_model_conv_bn_act_pool_2_X_slice27_ROM_AUTO_3R run_model_conv_bn_act_pool_2_ConvW2_ROM_AUTO_3R run_model_flow_control_loop_pipe_sequential_init run_model_flow_control_loop_pipe_sequential_init run_model_flow_control_loop_pipe_sequential_init run_model_flow_control_loop_pipe_sequential_init run_model_conv_bn_act_pool_3_X_slice42_ROM_AUTO_3R run_model_conv_bn_act_pool_3_ConvW3_ROM_AUTO_3R run_model_flow_control_loop_pipe_sequential_init run_model_flow_control_loop_pipe_sequential_init run_model_flow_control_loop_pipe_sequential_init run_model_flow_control_loop_pipe_sequential_init run_model_conv_bn_act_pool_4_X_slice57_ROM_AUTO_3R run_model_conv_bn_act_pool_4_ConvW4_ROM_AUTO_3R run_model_flow_control_loop_pipe_sequential_init run_model_flow_control_loop_pipe_sequential_init run_model_fsqrt_32ns_32ns_32_10_no_dsp_1 run_model_fsub_32ns_32ns_32_4_full_dsp_1 run_model_fmul_32ns_32ns_32_3_max_dsp_1 run_model_hdiv_16ns_16ns_16_6_no_dsp_1 run_model_fmul_32ns_32ns_32_3_max_dsp_1 run_model_run_all_slices_unrolled_h_slice_RAM_AUTO_1R1W run_model_run_all_slices_unrolled_U_slice_RAM_AUTO_3R2W run_model_run_all_slices_unrolled_LSTM_W_ifog0_ROM_AUTO_3R run_model_run_all_slices_unrolled_LSTM_R_ifog0_ROM_AUTO_3R run_model_run_all_slices_unrolled_LSTM_W_ifog1_ROM_AUTO_3R run_model_run_all_slices_unrolled_LSTM_R_ifog1_ROM_AUTO_3R run_model_run_all_slices_unrolled_LSTM_W_ifog2_ROM_AUTO_3R run_model_run_all_slices_unrolled_LSTM_R_ifog2_ROM_AUTO_3R run_model_run_all_slices_unrolled_LSTM_W_ifog3_ROM_AUTO_3R run_model_run_all_slices_unrolled_LSTM_R_ifog3_ROM_AUTO_3R run_model_run_all_slices_unrolled_LSTM_W_ifog4_ROM_AUTO_3R run_model_run_all_slices_unrolled_LSTM_R_ifog4_ROM_AUTO_3R run_model_run_model_Pipeline_Loop_BN_fc_0_bn_var_ROM_AUTO_3R run_model_flow_control_loop_pipe_sequential_init run_model_flow_control_loop_pipe_sequential_init run_model_flow_control_loop_pipe_sequential_init run_model_flow_control_loop_pipe_sequential_init run_model_fc_0_W_ROM_AUTO_3R run_model_fc_1_W_ROM_AUTO_3R run_model_merged_RAM_AUTO_1R1W run_model_z0_RAM_AUTO_3R2W run_model_z1_RAM_AUTO_3R2W run_all_slices_unrolled_Pipeline_MergedLoop lstm_forward_unidir_Pipeline_VITIS_LOOP_145_1 lstm_forward_unidir_Pipeline_Loop2_1LSTM lstm_forward_unidir_Pipeline_Loop2_4LSTM lstm_forward_unidir run_all_slices_unrolled_Pipeline_Loop_BN run_all_slices_unrolled_Pipeline_MergedLoop0 conv_bn_act_pool_Pipeline_BNParamsLoop conv_bn_act_pool_Pipeline_Loop3_2Big conv_bn_act_pool run_all_slices_unrolled_Pipeline_Loop_BN2 run_all_slices_unrolled_Pipeline_MergedLoop1 conv_bn_act_pool_2_Pipeline_BNParamsLoop conv_bn_act_pool_2_Pipeline_Loop3_2Big conv_bn_act_pool_2 run_all_slices_unrolled_Pipeline_Loop_BN3 run_all_slices_unrolled_Pipeline_MergedLoop2 conv_bn_act_pool_3_Pipeline_BNParamsLoop conv_bn_act_pool_3_Pipeline_Loop3_2Big conv_bn_act_pool_3 run_all_slices_unrolled_Pipeline_Loop_BN4 run_all_slices_unrolled_Pipeline_MergedLoop3 conv_bn_act_pool_4_Pipeline_BNParamsLoop conv_bn_act_pool_4_Pipeline_Loop3_2Big conv_bn_act_pool_4 run_all_slices_unrolled_Pipeline_Loop_BN5 run_all_slices_unrolled_Pipeline_MergedLoop4 run_all_slices_unrolled run_model_Pipeline_Loop_BN run_model_Pipeline_ReLULoop1 run_model_Pipeline_Loop_BN1 run_model_Pipeline_ReLULoop2 run_model
INFO-FLOW: Generating /home/gkapakos/Desktop/ECE/10th_Semester/Architecture_of_Parallel_Systems/Project/BranchPredictionAI/C_Implementation/BranchPredictionAI/run_model/hls/.autopilot/db/autopilot.rtl.models.txt file...
INFO-FLOW: To file: write model run_model_flow_control_loop_pipe_sequential_init
INFO-FLOW: To file: write model run_model_flow_control_loop_pipe_sequential_init
INFO-FLOW: To file: write model run_model_mul_7ns_9ns_15_1_1
INFO-FLOW: To file: write model run_model_sparsemux_257_7_16_1_1
INFO-FLOW: To file: write model run_model_flow_control_loop_pipe_sequential_init
INFO-FLOW: To file: write model run_model_fadd_32ns_32ns_32_4_full_dsp_1
INFO-FLOW: To file: write model run_model_fdiv_32ns_32ns_32_10_no_dsp_1
INFO-FLOW: To file: write model run_model_fexp_32ns_32ns_32_8_full_dsp_1
INFO-FLOW: To file: write model run_model_sptohp_32ns_16_2_no_dsp_1
INFO-FLOW: To file: write model run_model_hptosp_16ns_32_2_no_dsp_1
INFO-FLOW: To file: write model run_model_hmul_16ns_16ns_16_4_max_dsp_1
INFO-FLOW: To file: write model run_model_hcmp_16ns_16ns_1_2_no_dsp_1
INFO-FLOW: To file: write model run_model_mul_5ns_7ns_11_1_1
INFO-FLOW: To file: write model run_model_mul_6ns_8ns_13_1_1
INFO-FLOW: To file: write model run_model_sparsemux_11_3_16_1_1
INFO-FLOW: To file: write model run_model_sparsemux_11_3_16_1_1
INFO-FLOW: To file: write model run_model_sparsemux_11_3_16_1_1
INFO-FLOW: To file: write model run_model_sparsemux_11_3_16_1_1
INFO-FLOW: To file: write model run_model_sparsemux_7_2_16_1_1
INFO-FLOW: To file: write model run_model_flow_control_loop_pipe_sequential_init
INFO-FLOW: To file: write model run_model_hadd_16ns_16ns_16_5_full_dsp_1
INFO-FLOW: To file: write model run_model_hmul_16ns_16ns_16_4_max_dsp_1
INFO-FLOW: To file: write model run_model_urem_8ns_4ns_3_12_1
INFO-FLOW: To file: write model run_model_mul_8ns_10ns_17_1_1
INFO-FLOW: To file: write model run_model_lstm_forward_unidir_c_slice_RAM_AUTO_1R1W
INFO-FLOW: To file: write model run_model_lstm_forward_unidir_z_RAM_AUTO_1R1W
INFO-FLOW: To file: write model run_model_run_all_slices_unrolled_Pipeline_Loop_BN_BN2_var0_ROM_AUTO_1R
INFO-FLOW: To file: write model run_model_flow_control_loop_pipe_sequential_init
INFO-FLOW: To file: write model run_model_flow_control_loop_pipe_sequential_init
INFO-FLOW: To file: write model run_model_sparsemux_65_5_16_1_1
INFO-FLOW: To file: write model run_model_flow_control_loop_pipe_sequential_init
INFO-FLOW: To file: write model run_model_flow_control_loop_pipe_sequential_init
INFO-FLOW: To file: write model run_model_conv_bn_act_pool_X_slice12_ROM_AUTO_3R
INFO-FLOW: To file: write model run_model_conv_bn_act_pool_ConvW1_ROM_AUTO_3R
INFO-FLOW: To file: write model run_model_flow_control_loop_pipe_sequential_init
INFO-FLOW: To file: write model run_model_flow_control_loop_pipe_sequential_init
INFO-FLOW: To file: write model run_model_flow_control_loop_pipe_sequential_init
INFO-FLOW: To file: write model run_model_flow_control_loop_pipe_sequential_init
INFO-FLOW: To file: write model run_model_conv_bn_act_pool_2_X_slice27_ROM_AUTO_3R
INFO-FLOW: To file: write model run_model_conv_bn_act_pool_2_ConvW2_ROM_AUTO_3R
INFO-FLOW: To file: write model run_model_flow_control_loop_pipe_sequential_init
INFO-FLOW: To file: write model run_model_flow_control_loop_pipe_sequential_init
INFO-FLOW: To file: write model run_model_flow_control_loop_pipe_sequential_init
INFO-FLOW: To file: write model run_model_flow_control_loop_pipe_sequential_init
INFO-FLOW: To file: write model run_model_conv_bn_act_pool_3_X_slice42_ROM_AUTO_3R
INFO-FLOW: To file: write model run_model_conv_bn_act_pool_3_ConvW3_ROM_AUTO_3R
INFO-FLOW: To file: write model run_model_flow_control_loop_pipe_sequential_init
INFO-FLOW: To file: write model run_model_flow_control_loop_pipe_sequential_init
INFO-FLOW: To file: write model run_model_flow_control_loop_pipe_sequential_init
INFO-FLOW: To file: write model run_model_flow_control_loop_pipe_sequential_init
INFO-FLOW: To file: write model run_model_conv_bn_act_pool_4_X_slice57_ROM_AUTO_3R
INFO-FLOW: To file: write model run_model_conv_bn_act_pool_4_ConvW4_ROM_AUTO_3R
INFO-FLOW: To file: write model run_model_flow_control_loop_pipe_sequential_init
INFO-FLOW: To file: write model run_model_flow_control_loop_pipe_sequential_init
INFO-FLOW: To file: write model run_model_fsqrt_32ns_32ns_32_10_no_dsp_1
INFO-FLOW: To file: write model run_model_fsub_32ns_32ns_32_4_full_dsp_1
INFO-FLOW: To file: write model run_model_fmul_32ns_32ns_32_3_max_dsp_1
INFO-FLOW: To file: write model run_model_hdiv_16ns_16ns_16_6_no_dsp_1
INFO-FLOW: To file: write model run_model_fmul_32ns_32ns_32_3_max_dsp_1
INFO-FLOW: To file: write model run_model_run_all_slices_unrolled_h_slice_RAM_AUTO_1R1W
INFO-FLOW: To file: write model run_model_run_all_slices_unrolled_U_slice_RAM_AUTO_3R2W
INFO-FLOW: To file: write model run_model_run_all_slices_unrolled_LSTM_W_ifog0_ROM_AUTO_3R
INFO-FLOW: To file: write model run_model_run_all_slices_unrolled_LSTM_R_ifog0_ROM_AUTO_3R
INFO-FLOW: To file: write model run_model_run_all_slices_unrolled_LSTM_W_ifog1_ROM_AUTO_3R
INFO-FLOW: To file: write model run_model_run_all_slices_unrolled_LSTM_R_ifog1_ROM_AUTO_3R
INFO-FLOW: To file: write model run_model_run_all_slices_unrolled_LSTM_W_ifog2_ROM_AUTO_3R
INFO-FLOW: To file: write model run_model_run_all_slices_unrolled_LSTM_R_ifog2_ROM_AUTO_3R
INFO-FLOW: To file: write model run_model_run_all_slices_unrolled_LSTM_W_ifog3_ROM_AUTO_3R
INFO-FLOW: To file: write model run_model_run_all_slices_unrolled_LSTM_R_ifog3_ROM_AUTO_3R
INFO-FLOW: To file: write model run_model_run_all_slices_unrolled_LSTM_W_ifog4_ROM_AUTO_3R
INFO-FLOW: To file: write model run_model_run_all_slices_unrolled_LSTM_R_ifog4_ROM_AUTO_3R
INFO-FLOW: To file: write model run_model_run_model_Pipeline_Loop_BN_fc_0_bn_var_ROM_AUTO_3R
INFO-FLOW: To file: write model run_model_flow_control_loop_pipe_sequential_init
INFO-FLOW: To file: write model run_model_flow_control_loop_pipe_sequential_init
INFO-FLOW: To file: write model run_model_flow_control_loop_pipe_sequential_init
INFO-FLOW: To file: write model run_model_flow_control_loop_pipe_sequential_init
INFO-FLOW: To file: write model run_model_fc_0_W_ROM_AUTO_3R
INFO-FLOW: To file: write model run_model_fc_1_W_ROM_AUTO_3R
INFO-FLOW: To file: write model run_model_merged_RAM_AUTO_1R1W
INFO-FLOW: To file: write model run_model_z0_RAM_AUTO_3R2W
INFO-FLOW: To file: write model run_model_z1_RAM_AUTO_3R2W
INFO-FLOW: To file: write model run_all_slices_unrolled_Pipeline_MergedLoop
INFO-FLOW: To file: write model lstm_forward_unidir_Pipeline_VITIS_LOOP_145_1
INFO-FLOW: To file: write model lstm_forward_unidir_Pipeline_Loop2_1LSTM
INFO-FLOW: To file: write model lstm_forward_unidir_Pipeline_Loop2_4LSTM
INFO-FLOW: To file: write model lstm_forward_unidir
INFO-FLOW: To file: write model run_all_slices_unrolled_Pipeline_Loop_BN
INFO-FLOW: To file: write model run_all_slices_unrolled_Pipeline_MergedLoop0
INFO-FLOW: To file: write model conv_bn_act_pool_Pipeline_BNParamsLoop
INFO-FLOW: To file: write model conv_bn_act_pool_Pipeline_Loop3_2Big
INFO-FLOW: To file: write model conv_bn_act_pool
INFO-FLOW: To file: write model run_all_slices_unrolled_Pipeline_Loop_BN2
INFO-FLOW: To file: write model run_all_slices_unrolled_Pipeline_MergedLoop1
INFO-FLOW: To file: write model conv_bn_act_pool_2_Pipeline_BNParamsLoop
INFO-FLOW: To file: write model conv_bn_act_pool_2_Pipeline_Loop3_2Big
INFO-FLOW: To file: write model conv_bn_act_pool_2
INFO-FLOW: To file: write model run_all_slices_unrolled_Pipeline_Loop_BN3
INFO-FLOW: To file: write model run_all_slices_unrolled_Pipeline_MergedLoop2
INFO-FLOW: To file: write model conv_bn_act_pool_3_Pipeline_BNParamsLoop
INFO-FLOW: To file: write model conv_bn_act_pool_3_Pipeline_Loop3_2Big
INFO-FLOW: To file: write model conv_bn_act_pool_3
INFO-FLOW: To file: write model run_all_slices_unrolled_Pipeline_Loop_BN4
INFO-FLOW: To file: write model run_all_slices_unrolled_Pipeline_MergedLoop3
INFO-FLOW: To file: write model conv_bn_act_pool_4_Pipeline_BNParamsLoop
INFO-FLOW: To file: write model conv_bn_act_pool_4_Pipeline_Loop3_2Big
INFO-FLOW: To file: write model conv_bn_act_pool_4
INFO-FLOW: To file: write model run_all_slices_unrolled_Pipeline_Loop_BN5
INFO-FLOW: To file: write model run_all_slices_unrolled_Pipeline_MergedLoop4
INFO-FLOW: To file: write model run_all_slices_unrolled
INFO-FLOW: To file: write model run_model_Pipeline_Loop_BN
INFO-FLOW: To file: write model run_model_Pipeline_ReLULoop1
INFO-FLOW: To file: write model run_model_Pipeline_Loop_BN1
INFO-FLOW: To file: write model run_model_Pipeline_ReLULoop2
INFO-FLOW: To file: write model run_model
INFO-FLOW: Generating /home/gkapakos/Desktop/ECE/10th_Semester/Architecture_of_Parallel_Systems/Project/BranchPredictionAI/C_Implementation/BranchPredictionAI/run_model/hls/.autopilot/db/autopilot.rtl.models.tcl file...
INFO-FLOW: Finished generating RTL model list.


INFO-FLOW: RTL Generation done.
INFO-FLOW: CAS Generation done.
INFO-FLOW: CBC Generation done.
INFO-FLOW: DBG:PROC: ::AESL_AUTOMG::auto_generate_csynth_design
INFO-FLOW: DBG:PUTS: read_platform_lib /home/gkapakos/Desktop/ECE/10th_Semester/Architecture_of_Parallel_Systems/Project/BranchPredictionAI/C_Implementation/BranchPredictionAI/run_model/hls/.autopilot/db/global.setting.tcl
Execute       source /tools/Xilinx/Vitis/2024.2/common/technology/generic/autopilot/common.gen 
Execute         source /tools/Xilinx/Vitis/2024.2/common/technology/generic/autopilot/APCoreGen.gen 
Execute       source /tools/Xilinx/Vitis/2024.2/common/technology/generic/autopilot/op.gen 
Execute       source /tools/Xilinx/Vitis/2024.2/common/technology/generic/autopilot/op_simcore.gen 
Execute       source /tools/Xilinx/Vitis/2024.2/common/technology/generic/autopilot/interface.gen 
Execute       source /home/gkapakos/Desktop/ECE/10th_Semester/Architecture_of_Parallel_Systems/Project/BranchPredictionAI/C_Implementation/BranchPredictionAI/run_model/hls/.autopilot/db/global.setting.tcl 
Execute       source /tools/Xilinx/Vitis/2024.2/common/technology/xilinx/common/xilinx.gen 
Execute         source /tools/Xilinx/Vitis/2024.2/common/technology/xilinx/interface/plb46.gen 
Execute         source /tools/Xilinx/Vitis/2024.2/common/technology/xilinx/interface/axi4.gen 
Execute         source /tools/Xilinx/Vitis/2024.2/common/technology/xilinx/interface/nativeAXI4.gen 
Execute           source /tools/Xilinx/Vitis/2024.2/common/technology/xilinx/interface/saxilite.gen 
Execute         source /tools/Xilinx/Vitis/2024.2/common/technology/xilinx/scripts/xilinxcoregen.gen 
Execute         source /tools/Xilinx/Vitis/2024.2/common/technology/xilinx/interface/XilEDKCoreGen.gen 
Execute         source /tools/Xilinx/Vitis/2024.2/common/technology/xilinx/ip/dds_compiler.gen 
Execute         source /tools/Xilinx/Vitis/2024.2/common/technology/xilinx/ip/xfft.gen 
Execute         source /tools/Xilinx/Vitis/2024.2/common/technology/xilinx/ip/xfir.gen 
Execute         source /tools/Xilinx/Vitis/2024.2/common/technology/xilinx/ip/util.gen 
Execute         source /tools/Xilinx/Vitis/2024.2/common/technology/xilinx/DSP48/dsp48.gen 
INFO-FLOW: DBG:PUTS:   using AESL_AUTOCG::g_clock_period=10.000 (was NA)
INFO-FLOW: DBG:PROC: ::AESL_AUTOMG::generate_ip_cores gen_sim_model='1' gen_fp_models='0' gen_for_export='0' dstSCDir='' dstVhdlDir='/home/gkapakos/Desktop/ECE/10th_Semester/Architecture_of_Parallel_Systems/Project/BranchPredictionAI/C_Implementation/BranchPredictionAI/run_model/hls/.autopilot/db/vhdl' dstVlogDir='/home/gkapakos/Desktop/ECE/10th_Semester/Architecture_of_Parallel_Systems/Project/BranchPredictionAI/C_Implementation/BranchPredictionAI/run_model/hls/.autopilot/db/vlog' tclDir='/home/gkapakos/Desktop/ECE/10th_Semester/Architecture_of_Parallel_Systems/Project/BranchPredictionAI/C_Implementation/BranchPredictionAI/run_model/hls/.autopilot/db' modelList='run_model_flow_control_loop_pipe_sequential_init
run_model_flow_control_loop_pipe_sequential_init
run_model_mul_7ns_9ns_15_1_1
run_model_sparsemux_257_7_16_1_1
run_model_flow_control_loop_pipe_sequential_init
run_model_fadd_32ns_32ns_32_4_full_dsp_1
run_model_fdiv_32ns_32ns_32_10_no_dsp_1
run_model_fexp_32ns_32ns_32_8_full_dsp_1
run_model_sptohp_32ns_16_2_no_dsp_1
run_model_hptosp_16ns_32_2_no_dsp_1
run_model_hmul_16ns_16ns_16_4_max_dsp_1
run_model_hcmp_16ns_16ns_1_2_no_dsp_1
run_model_mul_5ns_7ns_11_1_1
run_model_mul_6ns_8ns_13_1_1
run_model_sparsemux_11_3_16_1_1
run_model_sparsemux_11_3_16_1_1
run_model_sparsemux_11_3_16_1_1
run_model_sparsemux_11_3_16_1_1
run_model_sparsemux_7_2_16_1_1
run_model_flow_control_loop_pipe_sequential_init
run_model_hadd_16ns_16ns_16_5_full_dsp_1
run_model_hmul_16ns_16ns_16_4_max_dsp_1
run_model_urem_8ns_4ns_3_12_1
run_model_mul_8ns_10ns_17_1_1
run_model_lstm_forward_unidir_c_slice_RAM_AUTO_1R1W
run_model_lstm_forward_unidir_z_RAM_AUTO_1R1W
run_model_run_all_slices_unrolled_Pipeline_Loop_BN_BN2_var0_ROM_AUTO_1R
run_model_flow_control_loop_pipe_sequential_init
run_model_flow_control_loop_pipe_sequential_init
run_model_sparsemux_65_5_16_1_1
run_model_flow_control_loop_pipe_sequential_init
run_model_flow_control_loop_pipe_sequential_init
run_model_conv_bn_act_pool_X_slice12_ROM_AUTO_3R
run_model_conv_bn_act_pool_ConvW1_ROM_AUTO_3R
run_model_flow_control_loop_pipe_sequential_init
run_model_flow_control_loop_pipe_sequential_init
run_model_flow_control_loop_pipe_sequential_init
run_model_flow_control_loop_pipe_sequential_init
run_model_conv_bn_act_pool_2_X_slice27_ROM_AUTO_3R
run_model_conv_bn_act_pool_2_ConvW2_ROM_AUTO_3R
run_model_flow_control_loop_pipe_sequential_init
run_model_flow_control_loop_pipe_sequential_init
run_model_flow_control_loop_pipe_sequential_init
run_model_flow_control_loop_pipe_sequential_init
run_model_conv_bn_act_pool_3_X_slice42_ROM_AUTO_3R
run_model_conv_bn_act_pool_3_ConvW3_ROM_AUTO_3R
run_model_flow_control_loop_pipe_sequential_init
run_model_flow_control_loop_pipe_sequential_init
run_model_flow_control_loop_pipe_sequential_init
run_model_flow_control_loop_pipe_sequential_init
run_model_conv_bn_act_pool_4_X_slice57_ROM_AUTO_3R
run_model_conv_bn_act_pool_4_ConvW4_ROM_AUTO_3R
run_model_flow_control_loop_pipe_sequential_init
run_model_flow_control_loop_pipe_sequential_init
run_model_fsqrt_32ns_32ns_32_10_no_dsp_1
run_model_fsub_32ns_32ns_32_4_full_dsp_1
run_model_fmul_32ns_32ns_32_3_max_dsp_1
run_model_hdiv_16ns_16ns_16_6_no_dsp_1
run_model_fmul_32ns_32ns_32_3_max_dsp_1
run_model_run_all_slices_unrolled_h_slice_RAM_AUTO_1R1W
run_model_run_all_slices_unrolled_U_slice_RAM_AUTO_3R2W
run_model_run_all_slices_unrolled_LSTM_W_ifog0_ROM_AUTO_3R
run_model_run_all_slices_unrolled_LSTM_R_ifog0_ROM_AUTO_3R
run_model_run_all_slices_unrolled_LSTM_W_ifog1_ROM_AUTO_3R
run_model_run_all_slices_unrolled_LSTM_R_ifog1_ROM_AUTO_3R
run_model_run_all_slices_unrolled_LSTM_W_ifog2_ROM_AUTO_3R
run_model_run_all_slices_unrolled_LSTM_R_ifog2_ROM_AUTO_3R
run_model_run_all_slices_unrolled_LSTM_W_ifog3_ROM_AUTO_3R
run_model_run_all_slices_unrolled_LSTM_R_ifog3_ROM_AUTO_3R
run_model_run_all_slices_unrolled_LSTM_W_ifog4_ROM_AUTO_3R
run_model_run_all_slices_unrolled_LSTM_R_ifog4_ROM_AUTO_3R
run_model_run_model_Pipeline_Loop_BN_fc_0_bn_var_ROM_AUTO_3R
run_model_flow_control_loop_pipe_sequential_init
run_model_flow_control_loop_pipe_sequential_init
run_model_flow_control_loop_pipe_sequential_init
run_model_flow_control_loop_pipe_sequential_init
run_model_fc_0_W_ROM_AUTO_3R
run_model_fc_1_W_ROM_AUTO_3R
run_model_merged_RAM_AUTO_1R1W
run_model_z0_RAM_AUTO_3R2W
run_model_z1_RAM_AUTO_3R2W
run_all_slices_unrolled_Pipeline_MergedLoop
lstm_forward_unidir_Pipeline_VITIS_LOOP_145_1
lstm_forward_unidir_Pipeline_Loop2_1LSTM
lstm_forward_unidir_Pipeline_Loop2_4LSTM
lstm_forward_unidir
run_all_slices_unrolled_Pipeline_Loop_BN
run_all_slices_unrolled_Pipeline_MergedLoop0
conv_bn_act_pool_Pipeline_BNParamsLoop
conv_bn_act_pool_Pipeline_Loop3_2Big
conv_bn_act_pool
run_all_slices_unrolled_Pipeline_Loop_BN2
run_all_slices_unrolled_Pipeline_MergedLoop1
conv_bn_act_pool_2_Pipeline_BNParamsLoop
conv_bn_act_pool_2_Pipeline_Loop3_2Big
conv_bn_act_pool_2
run_all_slices_unrolled_Pipeline_Loop_BN3
run_all_slices_unrolled_Pipeline_MergedLoop2
conv_bn_act_pool_3_Pipeline_BNParamsLoop
conv_bn_act_pool_3_Pipeline_Loop3_2Big
conv_bn_act_pool_3
run_all_slices_unrolled_Pipeline_Loop_BN4
run_all_slices_unrolled_Pipeline_MergedLoop3
conv_bn_act_pool_4_Pipeline_BNParamsLoop
conv_bn_act_pool_4_Pipeline_Loop3_2Big
conv_bn_act_pool_4
run_all_slices_unrolled_Pipeline_Loop_BN5
run_all_slices_unrolled_Pipeline_MergedLoop4
run_all_slices_unrolled
run_model_Pipeline_Loop_BN
run_model_Pipeline_ReLULoop1
run_model_Pipeline_Loop_BN1
run_model_Pipeline_ReLULoop2
run_model
' expOnly='0'
Execute       source /home/gkapakos/Desktop/ECE/10th_Semester/Architecture_of_Parallel_Systems/Project/BranchPredictionAI/C_Implementation/BranchPredictionAI/run_model/hls/.autopilot/db/global.setting.tcl 
Execute       ap_part_info -name xc7z020-clg400-3 -data names -quiet 
Execute       ap_part_info -name xc7z020-clg400-3 -data info -quiet 
Execute       source /home/gkapakos/Desktop/ECE/10th_Semester/Architecture_of_Parallel_Systems/Project/BranchPredictionAI/C_Implementation/BranchPredictionAI/run_model/hls/.autopilot/db/global.setting.tcl 
Execute       source /home/gkapakos/Desktop/ECE/10th_Semester/Architecture_of_Parallel_Systems/Project/BranchPredictionAI/C_Implementation/BranchPredictionAI/run_model/hls/.autopilot/db/global.setting.tcl 
Execute       source /home/gkapakos/Desktop/ECE/10th_Semester/Architecture_of_Parallel_Systems/Project/BranchPredictionAI/C_Implementation/BranchPredictionAI/run_model/hls/.autopilot/db/run_all_slices_unrolled_Pipeline_MergedLoop.compgen.tcl 
Execute       source /home/gkapakos/Desktop/ECE/10th_Semester/Architecture_of_Parallel_Systems/Project/BranchPredictionAI/C_Implementation/BranchPredictionAI/run_model/hls/.autopilot/db/lstm_forward_unidir_Pipeline_VITIS_LOOP_145_1.compgen.tcl 
Execute       source /home/gkapakos/Desktop/ECE/10th_Semester/Architecture_of_Parallel_Systems/Project/BranchPredictionAI/C_Implementation/BranchPredictionAI/run_model/hls/.autopilot/db/lstm_forward_unidir_Pipeline_Loop2_1LSTM.compgen.tcl 
Execute       source /home/gkapakos/Desktop/ECE/10th_Semester/Architecture_of_Parallel_Systems/Project/BranchPredictionAI/C_Implementation/BranchPredictionAI/run_model/hls/.autopilot/db/lstm_forward_unidir_Pipeline_Loop2_4LSTM.compgen.tcl 
Execute       source /home/gkapakos/Desktop/ECE/10th_Semester/Architecture_of_Parallel_Systems/Project/BranchPredictionAI/C_Implementation/BranchPredictionAI/run_model/hls/.autopilot/db/lstm_forward_unidir.compgen.tcl 
Execute       source /home/gkapakos/Desktop/ECE/10th_Semester/Architecture_of_Parallel_Systems/Project/BranchPredictionAI/C_Implementation/BranchPredictionAI/run_model/hls/.autopilot/db/run_all_slices_unrolled_Pipeline_Loop_BN.compgen.tcl 
Execute       source /home/gkapakos/Desktop/ECE/10th_Semester/Architecture_of_Parallel_Systems/Project/BranchPredictionAI/C_Implementation/BranchPredictionAI/run_model/hls/.autopilot/db/run_all_slices_unrolled_Pipeline_MergedLoop0.compgen.tcl 
Execute       source /home/gkapakos/Desktop/ECE/10th_Semester/Architecture_of_Parallel_Systems/Project/BranchPredictionAI/C_Implementation/BranchPredictionAI/run_model/hls/.autopilot/db/conv_bn_act_pool_Pipeline_BNParamsLoop.compgen.tcl 
Execute       source /home/gkapakos/Desktop/ECE/10th_Semester/Architecture_of_Parallel_Systems/Project/BranchPredictionAI/C_Implementation/BranchPredictionAI/run_model/hls/.autopilot/db/conv_bn_act_pool_Pipeline_Loop3_2Big.compgen.tcl 
Execute       source /home/gkapakos/Desktop/ECE/10th_Semester/Architecture_of_Parallel_Systems/Project/BranchPredictionAI/C_Implementation/BranchPredictionAI/run_model/hls/.autopilot/db/conv_bn_act_pool.compgen.tcl 
Execute       source /home/gkapakos/Desktop/ECE/10th_Semester/Architecture_of_Parallel_Systems/Project/BranchPredictionAI/C_Implementation/BranchPredictionAI/run_model/hls/.autopilot/db/run_all_slices_unrolled_Pipeline_Loop_BN2.compgen.tcl 
Execute       source /home/gkapakos/Desktop/ECE/10th_Semester/Architecture_of_Parallel_Systems/Project/BranchPredictionAI/C_Implementation/BranchPredictionAI/run_model/hls/.autopilot/db/run_all_slices_unrolled_Pipeline_MergedLoop1.compgen.tcl 
Execute       source /home/gkapakos/Desktop/ECE/10th_Semester/Architecture_of_Parallel_Systems/Project/BranchPredictionAI/C_Implementation/BranchPredictionAI/run_model/hls/.autopilot/db/conv_bn_act_pool_2_Pipeline_BNParamsLoop.compgen.tcl 
Execute       source /home/gkapakos/Desktop/ECE/10th_Semester/Architecture_of_Parallel_Systems/Project/BranchPredictionAI/C_Implementation/BranchPredictionAI/run_model/hls/.autopilot/db/conv_bn_act_pool_2_Pipeline_Loop3_2Big.compgen.tcl 
Execute       source /home/gkapakos/Desktop/ECE/10th_Semester/Architecture_of_Parallel_Systems/Project/BranchPredictionAI/C_Implementation/BranchPredictionAI/run_model/hls/.autopilot/db/conv_bn_act_pool_2.compgen.tcl 
Execute       source /home/gkapakos/Desktop/ECE/10th_Semester/Architecture_of_Parallel_Systems/Project/BranchPredictionAI/C_Implementation/BranchPredictionAI/run_model/hls/.autopilot/db/run_all_slices_unrolled_Pipeline_Loop_BN3.compgen.tcl 
Execute       source /home/gkapakos/Desktop/ECE/10th_Semester/Architecture_of_Parallel_Systems/Project/BranchPredictionAI/C_Implementation/BranchPredictionAI/run_model/hls/.autopilot/db/run_all_slices_unrolled_Pipeline_MergedLoop2.compgen.tcl 
Execute       source /home/gkapakos/Desktop/ECE/10th_Semester/Architecture_of_Parallel_Systems/Project/BranchPredictionAI/C_Implementation/BranchPredictionAI/run_model/hls/.autopilot/db/conv_bn_act_pool_3_Pipeline_BNParamsLoop.compgen.tcl 
Execute       source /home/gkapakos/Desktop/ECE/10th_Semester/Architecture_of_Parallel_Systems/Project/BranchPredictionAI/C_Implementation/BranchPredictionAI/run_model/hls/.autopilot/db/conv_bn_act_pool_3_Pipeline_Loop3_2Big.compgen.tcl 
Execute       source /home/gkapakos/Desktop/ECE/10th_Semester/Architecture_of_Parallel_Systems/Project/BranchPredictionAI/C_Implementation/BranchPredictionAI/run_model/hls/.autopilot/db/conv_bn_act_pool_3.compgen.tcl 
Execute       source /home/gkapakos/Desktop/ECE/10th_Semester/Architecture_of_Parallel_Systems/Project/BranchPredictionAI/C_Implementation/BranchPredictionAI/run_model/hls/.autopilot/db/run_all_slices_unrolled_Pipeline_Loop_BN4.compgen.tcl 
Execute       source /home/gkapakos/Desktop/ECE/10th_Semester/Architecture_of_Parallel_Systems/Project/BranchPredictionAI/C_Implementation/BranchPredictionAI/run_model/hls/.autopilot/db/run_all_slices_unrolled_Pipeline_MergedLoop3.compgen.tcl 
Execute       source /home/gkapakos/Desktop/ECE/10th_Semester/Architecture_of_Parallel_Systems/Project/BranchPredictionAI/C_Implementation/BranchPredictionAI/run_model/hls/.autopilot/db/conv_bn_act_pool_4_Pipeline_BNParamsLoop.compgen.tcl 
Execute       source /home/gkapakos/Desktop/ECE/10th_Semester/Architecture_of_Parallel_Systems/Project/BranchPredictionAI/C_Implementation/BranchPredictionAI/run_model/hls/.autopilot/db/conv_bn_act_pool_4_Pipeline_Loop3_2Big.compgen.tcl 
Execute       source /home/gkapakos/Desktop/ECE/10th_Semester/Architecture_of_Parallel_Systems/Project/BranchPredictionAI/C_Implementation/BranchPredictionAI/run_model/hls/.autopilot/db/conv_bn_act_pool_4.compgen.tcl 
Execute       source /home/gkapakos/Desktop/ECE/10th_Semester/Architecture_of_Parallel_Systems/Project/BranchPredictionAI/C_Implementation/BranchPredictionAI/run_model/hls/.autopilot/db/run_all_slices_unrolled_Pipeline_Loop_BN5.compgen.tcl 
Execute       source /home/gkapakos/Desktop/ECE/10th_Semester/Architecture_of_Parallel_Systems/Project/BranchPredictionAI/C_Implementation/BranchPredictionAI/run_model/hls/.autopilot/db/run_all_slices_unrolled_Pipeline_MergedLoop4.compgen.tcl 
Execute       source /home/gkapakos/Desktop/ECE/10th_Semester/Architecture_of_Parallel_Systems/Project/BranchPredictionAI/C_Implementation/BranchPredictionAI/run_model/hls/.autopilot/db/run_all_slices_unrolled.compgen.tcl 
Execute       source /home/gkapakos/Desktop/ECE/10th_Semester/Architecture_of_Parallel_Systems/Project/BranchPredictionAI/C_Implementation/BranchPredictionAI/run_model/hls/.autopilot/db/run_model_Pipeline_Loop_BN.compgen.tcl 
Execute       source /home/gkapakos/Desktop/ECE/10th_Semester/Architecture_of_Parallel_Systems/Project/BranchPredictionAI/C_Implementation/BranchPredictionAI/run_model/hls/.autopilot/db/run_model_Pipeline_ReLULoop1.compgen.tcl 
Execute       source /home/gkapakos/Desktop/ECE/10th_Semester/Architecture_of_Parallel_Systems/Project/BranchPredictionAI/C_Implementation/BranchPredictionAI/run_model/hls/.autopilot/db/run_model_Pipeline_Loop_BN1.compgen.tcl 
Execute       source /home/gkapakos/Desktop/ECE/10th_Semester/Architecture_of_Parallel_Systems/Project/BranchPredictionAI/C_Implementation/BranchPredictionAI/run_model/hls/.autopilot/db/run_model_Pipeline_ReLULoop2.compgen.tcl 
Execute       source /home/gkapakos/Desktop/ECE/10th_Semester/Architecture_of_Parallel_Systems/Project/BranchPredictionAI/C_Implementation/BranchPredictionAI/run_model/hls/.autopilot/db/run_model.compgen.tcl 
INFO: [HLS 200-111] Finished Generating all RTL models: CPU user time: 0.46 seconds. CPU system time: 0.08 seconds. Elapsed time: 0.54 seconds; current allocated memory: 791.867 MB.
INFO-FLOW: DBG:PROC: ::HLSREPORTS::create_csynth_xml bind_info_var='bind_info' RtlSubPrefix='run_model_' outfile=''
INFO-FLOW: Running: create_csynth_xml read xml data
INFO-FLOW: Done: create_csynth_xml read xml data time: 0 seconds per iteration
INFO-FLOW: Running: create_csynth_xml bind info
INFO-FLOW: Done: create_csynth_xml bind info time: 0 seconds per iteration
INFO-FLOW: Running: create_csynth_xml config info
INFO-FLOW: Done: create_csynth_xml config info time: 0.1 seconds per iteration
INFO-FLOW: Running: create_csynth_xml write xml
INFO-FLOW: Done: create_csynth_xml write xml time: 0 seconds per iteration
INFO-FLOW: DBG:PUTS:      create_csynth_xml wrote csynth_xml=/home/gkapakos/Desktop/ECE/10th_Semester/Architecture_of_Parallel_Systems/Project/BranchPredictionAI/C_Implementation/BranchPredictionAI/run_model/hls/syn/report/csynth.xml
INFO-FLOW: DBG:PROC: ::AP::DESIGN_DATA::generate_json generate_bd_files='0' generate_xo_files='0' modelList='run_model_flow_control_loop_pipe_sequential_init
run_model_flow_control_loop_pipe_sequential_init
run_model_mul_7ns_9ns_15_1_1
run_model_sparsemux_257_7_16_1_1
run_model_flow_control_loop_pipe_sequential_init
run_model_fadd_32ns_32ns_32_4_full_dsp_1
run_model_fdiv_32ns_32ns_32_10_no_dsp_1
run_model_fexp_32ns_32ns_32_8_full_dsp_1
run_model_sptohp_32ns_16_2_no_dsp_1
run_model_hptosp_16ns_32_2_no_dsp_1
run_model_hmul_16ns_16ns_16_4_max_dsp_1
run_model_hcmp_16ns_16ns_1_2_no_dsp_1
run_model_mul_5ns_7ns_11_1_1
run_model_mul_6ns_8ns_13_1_1
run_model_sparsemux_11_3_16_1_1
run_model_sparsemux_11_3_16_1_1
run_model_sparsemux_11_3_16_1_1
run_model_sparsemux_11_3_16_1_1
run_model_sparsemux_7_2_16_1_1
run_model_flow_control_loop_pipe_sequential_init
run_model_hadd_16ns_16ns_16_5_full_dsp_1
run_model_hmul_16ns_16ns_16_4_max_dsp_1
run_model_urem_8ns_4ns_3_12_1
run_model_mul_8ns_10ns_17_1_1
run_model_lstm_forward_unidir_c_slice_RAM_AUTO_1R1W
run_model_lstm_forward_unidir_z_RAM_AUTO_1R1W
run_model_run_all_slices_unrolled_Pipeline_Loop_BN_BN2_var0_ROM_AUTO_1R
run_model_flow_control_loop_pipe_sequential_init
run_model_flow_control_loop_pipe_sequential_init
run_model_sparsemux_65_5_16_1_1
run_model_flow_control_loop_pipe_sequential_init
run_model_flow_control_loop_pipe_sequential_init
run_model_conv_bn_act_pool_X_slice12_ROM_AUTO_3R
run_model_conv_bn_act_pool_ConvW1_ROM_AUTO_3R
run_model_flow_control_loop_pipe_sequential_init
run_model_flow_control_loop_pipe_sequential_init
run_model_flow_control_loop_pipe_sequential_init
run_model_flow_control_loop_pipe_sequential_init
run_model_conv_bn_act_pool_2_X_slice27_ROM_AUTO_3R
run_model_conv_bn_act_pool_2_ConvW2_ROM_AUTO_3R
run_model_flow_control_loop_pipe_sequential_init
run_model_flow_control_loop_pipe_sequential_init
run_model_flow_control_loop_pipe_sequential_init
run_model_flow_control_loop_pipe_sequential_init
run_model_conv_bn_act_pool_3_X_slice42_ROM_AUTO_3R
run_model_conv_bn_act_pool_3_ConvW3_ROM_AUTO_3R
run_model_flow_control_loop_pipe_sequential_init
run_model_flow_control_loop_pipe_sequential_init
run_model_flow_control_loop_pipe_sequential_init
run_model_flow_control_loop_pipe_sequential_init
run_model_conv_bn_act_pool_4_X_slice57_ROM_AUTO_3R
run_model_conv_bn_act_pool_4_ConvW4_ROM_AUTO_3R
run_model_flow_control_loop_pipe_sequential_init
run_model_flow_control_loop_pipe_sequential_init
run_model_fsqrt_32ns_32ns_32_10_no_dsp_1
run_model_fsub_32ns_32ns_32_4_full_dsp_1
run_model_fmul_32ns_32ns_32_3_max_dsp_1
run_model_hdiv_16ns_16ns_16_6_no_dsp_1
run_model_fmul_32ns_32ns_32_3_max_dsp_1
run_model_run_all_slices_unrolled_h_slice_RAM_AUTO_1R1W
run_model_run_all_slices_unrolled_U_slice_RAM_AUTO_3R2W
run_model_run_all_slices_unrolled_LSTM_W_ifog0_ROM_AUTO_3R
run_model_run_all_slices_unrolled_LSTM_R_ifog0_ROM_AUTO_3R
run_model_run_all_slices_unrolled_LSTM_W_ifog1_ROM_AUTO_3R
run_model_run_all_slices_unrolled_LSTM_R_ifog1_ROM_AUTO_3R
run_model_run_all_slices_unrolled_LSTM_W_ifog2_ROM_AUTO_3R
run_model_run_all_slices_unrolled_LSTM_R_ifog2_ROM_AUTO_3R
run_model_run_all_slices_unrolled_LSTM_W_ifog3_ROM_AUTO_3R
run_model_run_all_slices_unrolled_LSTM_R_ifog3_ROM_AUTO_3R
run_model_run_all_slices_unrolled_LSTM_W_ifog4_ROM_AUTO_3R
run_model_run_all_slices_unrolled_LSTM_R_ifog4_ROM_AUTO_3R
run_model_run_model_Pipeline_Loop_BN_fc_0_bn_var_ROM_AUTO_3R
run_model_flow_control_loop_pipe_sequential_init
run_model_flow_control_loop_pipe_sequential_init
run_model_flow_control_loop_pipe_sequential_init
run_model_flow_control_loop_pipe_sequential_init
run_model_fc_0_W_ROM_AUTO_3R
run_model_fc_1_W_ROM_AUTO_3R
run_model_merged_RAM_AUTO_1R1W
run_model_z0_RAM_AUTO_3R2W
run_model_z1_RAM_AUTO_3R2W
run_all_slices_unrolled_Pipeline_MergedLoop
lstm_forward_unidir_Pipeline_VITIS_LOOP_145_1
lstm_forward_unidir_Pipeline_Loop2_1LSTM
lstm_forward_unidir_Pipeline_Loop2_4LSTM
lstm_forward_unidir
run_all_slices_unrolled_Pipeline_Loop_BN
run_all_slices_unrolled_Pipeline_MergedLoop0
conv_bn_act_pool_Pipeline_BNParamsLoop
conv_bn_act_pool_Pipeline_Loop3_2Big
conv_bn_act_pool
run_all_slices_unrolled_Pipeline_Loop_BN2
run_all_slices_unrolled_Pipeline_MergedLoop1
conv_bn_act_pool_2_Pipeline_BNParamsLoop
conv_bn_act_pool_2_Pipeline_Loop3_2Big
conv_bn_act_pool_2
run_all_slices_unrolled_Pipeline_Loop_BN3
run_all_slices_unrolled_Pipeline_MergedLoop2
conv_bn_act_pool_3_Pipeline_BNParamsLoop
conv_bn_act_pool_3_Pipeline_Loop3_2Big
conv_bn_act_pool_3
run_all_slices_unrolled_Pipeline_Loop_BN4
run_all_slices_unrolled_Pipeline_MergedLoop3
conv_bn_act_pool_4_Pipeline_BNParamsLoop
conv_bn_act_pool_4_Pipeline_Loop3_2Big
conv_bn_act_pool_4
run_all_slices_unrolled_Pipeline_Loop_BN5
run_all_slices_unrolled_Pipeline_MergedLoop4
run_all_slices_unrolled
run_model_Pipeline_Loop_BN
run_model_Pipeline_ReLULoop1
run_model_Pipeline_Loop_BN1
run_model_Pipeline_ReLULoop2
run_model
' rtl_lang='both' bootstrap_tcl='false' outdir='' outfilename=''
Execute       source /home/gkapakos/Desktop/ECE/10th_Semester/Architecture_of_Parallel_Systems/Project/BranchPredictionAI/C_Implementation/BranchPredictionAI/run_model/hls/.autopilot/db/global.setting.tcl 
Execute       source /home/gkapakos/Desktop/ECE/10th_Semester/Architecture_of_Parallel_Systems/Project/BranchPredictionAI/C_Implementation/BranchPredictionAI/run_model/hls/.autopilot/db/global.setting.tcl 
Execute       source /home/gkapakos/Desktop/ECE/10th_Semester/Architecture_of_Parallel_Systems/Project/BranchPredictionAI/C_Implementation/BranchPredictionAI/run_model/hls/.autopilot/db/top-io-be.tcl 
Execute       source /home/gkapakos/Desktop/ECE/10th_Semester/Architecture_of_Parallel_Systems/Project/BranchPredictionAI/C_Implementation/BranchPredictionAI/run_model/hls/.autopilot/db/run_model.tbgen.tcl 
Execute       source /home/gkapakos/Desktop/ECE/10th_Semester/Architecture_of_Parallel_Systems/Project/BranchPredictionAI/C_Implementation/BranchPredictionAI/run_model/hls/.autopilot/db/run_model.rtl_wrap.cfg.tcl 
Execute       source /home/gkapakos/Desktop/ECE/10th_Semester/Architecture_of_Parallel_Systems/Project/BranchPredictionAI/C_Implementation/BranchPredictionAI/run_model/hls/.autopilot/db/run_model.compgen.dataonly.tcl 
Execute       source /home/gkapakos/Desktop/ECE/10th_Semester/Architecture_of_Parallel_Systems/Project/BranchPredictionAI/C_Implementation/BranchPredictionAI/run_model/hls/.autopilot/db/run_all_slices_unrolled_Pipeline_MergedLoop.tbgen.tcl 
Execute       source /home/gkapakos/Desktop/ECE/10th_Semester/Architecture_of_Parallel_Systems/Project/BranchPredictionAI/C_Implementation/BranchPredictionAI/run_model/hls/.autopilot/db/lstm_forward_unidir_Pipeline_VITIS_LOOP_145_1.tbgen.tcl 
Execute       source /home/gkapakos/Desktop/ECE/10th_Semester/Architecture_of_Parallel_Systems/Project/BranchPredictionAI/C_Implementation/BranchPredictionAI/run_model/hls/.autopilot/db/lstm_forward_unidir_Pipeline_Loop2_1LSTM.tbgen.tcl 
Execute       source /home/gkapakos/Desktop/ECE/10th_Semester/Architecture_of_Parallel_Systems/Project/BranchPredictionAI/C_Implementation/BranchPredictionAI/run_model/hls/.autopilot/db/lstm_forward_unidir_Pipeline_Loop2_4LSTM.tbgen.tcl 
Execute       source /home/gkapakos/Desktop/ECE/10th_Semester/Architecture_of_Parallel_Systems/Project/BranchPredictionAI/C_Implementation/BranchPredictionAI/run_model/hls/.autopilot/db/lstm_forward_unidir.tbgen.tcl 
Execute       source /home/gkapakos/Desktop/ECE/10th_Semester/Architecture_of_Parallel_Systems/Project/BranchPredictionAI/C_Implementation/BranchPredictionAI/run_model/hls/.autopilot/db/run_all_slices_unrolled_Pipeline_Loop_BN.tbgen.tcl 
Execute       source /home/gkapakos/Desktop/ECE/10th_Semester/Architecture_of_Parallel_Systems/Project/BranchPredictionAI/C_Implementation/BranchPredictionAI/run_model/hls/.autopilot/db/run_all_slices_unrolled_Pipeline_MergedLoop0.tbgen.tcl 
Execute       source /home/gkapakos/Desktop/ECE/10th_Semester/Architecture_of_Parallel_Systems/Project/BranchPredictionAI/C_Implementation/BranchPredictionAI/run_model/hls/.autopilot/db/conv_bn_act_pool_Pipeline_BNParamsLoop.tbgen.tcl 
Execute       source /home/gkapakos/Desktop/ECE/10th_Semester/Architecture_of_Parallel_Systems/Project/BranchPredictionAI/C_Implementation/BranchPredictionAI/run_model/hls/.autopilot/db/conv_bn_act_pool_Pipeline_Loop3_2Big.tbgen.tcl 
Execute       source /home/gkapakos/Desktop/ECE/10th_Semester/Architecture_of_Parallel_Systems/Project/BranchPredictionAI/C_Implementation/BranchPredictionAI/run_model/hls/.autopilot/db/conv_bn_act_pool.tbgen.tcl 
Execute       source /home/gkapakos/Desktop/ECE/10th_Semester/Architecture_of_Parallel_Systems/Project/BranchPredictionAI/C_Implementation/BranchPredictionAI/run_model/hls/.autopilot/db/run_all_slices_unrolled_Pipeline_Loop_BN2.tbgen.tcl 
Execute       source /home/gkapakos/Desktop/ECE/10th_Semester/Architecture_of_Parallel_Systems/Project/BranchPredictionAI/C_Implementation/BranchPredictionAI/run_model/hls/.autopilot/db/run_all_slices_unrolled_Pipeline_MergedLoop1.tbgen.tcl 
Execute       source /home/gkapakos/Desktop/ECE/10th_Semester/Architecture_of_Parallel_Systems/Project/BranchPredictionAI/C_Implementation/BranchPredictionAI/run_model/hls/.autopilot/db/conv_bn_act_pool_2_Pipeline_BNParamsLoop.tbgen.tcl 
Execute       source /home/gkapakos/Desktop/ECE/10th_Semester/Architecture_of_Parallel_Systems/Project/BranchPredictionAI/C_Implementation/BranchPredictionAI/run_model/hls/.autopilot/db/conv_bn_act_pool_2_Pipeline_Loop3_2Big.tbgen.tcl 
Execute       source /home/gkapakos/Desktop/ECE/10th_Semester/Architecture_of_Parallel_Systems/Project/BranchPredictionAI/C_Implementation/BranchPredictionAI/run_model/hls/.autopilot/db/conv_bn_act_pool_2.tbgen.tcl 
Execute       source /home/gkapakos/Desktop/ECE/10th_Semester/Architecture_of_Parallel_Systems/Project/BranchPredictionAI/C_Implementation/BranchPredictionAI/run_model/hls/.autopilot/db/run_all_slices_unrolled_Pipeline_Loop_BN3.tbgen.tcl 
Execute       source /home/gkapakos/Desktop/ECE/10th_Semester/Architecture_of_Parallel_Systems/Project/BranchPredictionAI/C_Implementation/BranchPredictionAI/run_model/hls/.autopilot/db/run_all_slices_unrolled_Pipeline_MergedLoop2.tbgen.tcl 
Execute       source /home/gkapakos/Desktop/ECE/10th_Semester/Architecture_of_Parallel_Systems/Project/BranchPredictionAI/C_Implementation/BranchPredictionAI/run_model/hls/.autopilot/db/conv_bn_act_pool_3_Pipeline_BNParamsLoop.tbgen.tcl 
Execute       source /home/gkapakos/Desktop/ECE/10th_Semester/Architecture_of_Parallel_Systems/Project/BranchPredictionAI/C_Implementation/BranchPredictionAI/run_model/hls/.autopilot/db/conv_bn_act_pool_3_Pipeline_Loop3_2Big.tbgen.tcl 
Execute       source /home/gkapakos/Desktop/ECE/10th_Semester/Architecture_of_Parallel_Systems/Project/BranchPredictionAI/C_Implementation/BranchPredictionAI/run_model/hls/.autopilot/db/conv_bn_act_pool_3.tbgen.tcl 
Execute       source /home/gkapakos/Desktop/ECE/10th_Semester/Architecture_of_Parallel_Systems/Project/BranchPredictionAI/C_Implementation/BranchPredictionAI/run_model/hls/.autopilot/db/run_all_slices_unrolled_Pipeline_Loop_BN4.tbgen.tcl 
Execute       source /home/gkapakos/Desktop/ECE/10th_Semester/Architecture_of_Parallel_Systems/Project/BranchPredictionAI/C_Implementation/BranchPredictionAI/run_model/hls/.autopilot/db/run_all_slices_unrolled_Pipeline_MergedLoop3.tbgen.tcl 
Execute       source /home/gkapakos/Desktop/ECE/10th_Semester/Architecture_of_Parallel_Systems/Project/BranchPredictionAI/C_Implementation/BranchPredictionAI/run_model/hls/.autopilot/db/conv_bn_act_pool_4_Pipeline_BNParamsLoop.tbgen.tcl 
Execute       source /home/gkapakos/Desktop/ECE/10th_Semester/Architecture_of_Parallel_Systems/Project/BranchPredictionAI/C_Implementation/BranchPredictionAI/run_model/hls/.autopilot/db/conv_bn_act_pool_4_Pipeline_Loop3_2Big.tbgen.tcl 
Execute       source /home/gkapakos/Desktop/ECE/10th_Semester/Architecture_of_Parallel_Systems/Project/BranchPredictionAI/C_Implementation/BranchPredictionAI/run_model/hls/.autopilot/db/conv_bn_act_pool_4.tbgen.tcl 
Execute       source /home/gkapakos/Desktop/ECE/10th_Semester/Architecture_of_Parallel_Systems/Project/BranchPredictionAI/C_Implementation/BranchPredictionAI/run_model/hls/.autopilot/db/run_all_slices_unrolled_Pipeline_Loop_BN5.tbgen.tcl 
Execute       source /home/gkapakos/Desktop/ECE/10th_Semester/Architecture_of_Parallel_Systems/Project/BranchPredictionAI/C_Implementation/BranchPredictionAI/run_model/hls/.autopilot/db/run_all_slices_unrolled_Pipeline_MergedLoop4.tbgen.tcl 
Execute       source /home/gkapakos/Desktop/ECE/10th_Semester/Architecture_of_Parallel_Systems/Project/BranchPredictionAI/C_Implementation/BranchPredictionAI/run_model/hls/.autopilot/db/run_all_slices_unrolled.tbgen.tcl 
Execute       source /home/gkapakos/Desktop/ECE/10th_Semester/Architecture_of_Parallel_Systems/Project/BranchPredictionAI/C_Implementation/BranchPredictionAI/run_model/hls/.autopilot/db/run_model_Pipeline_Loop_BN.tbgen.tcl 
Execute       source /home/gkapakos/Desktop/ECE/10th_Semester/Architecture_of_Parallel_Systems/Project/BranchPredictionAI/C_Implementation/BranchPredictionAI/run_model/hls/.autopilot/db/run_model_Pipeline_ReLULoop1.tbgen.tcl 
Execute       source /home/gkapakos/Desktop/ECE/10th_Semester/Architecture_of_Parallel_Systems/Project/BranchPredictionAI/C_Implementation/BranchPredictionAI/run_model/hls/.autopilot/db/run_model_Pipeline_Loop_BN1.tbgen.tcl 
Execute       source /home/gkapakos/Desktop/ECE/10th_Semester/Architecture_of_Parallel_Systems/Project/BranchPredictionAI/C_Implementation/BranchPredictionAI/run_model/hls/.autopilot/db/run_model_Pipeline_ReLULoop2.tbgen.tcl 
Execute       source /home/gkapakos/Desktop/ECE/10th_Semester/Architecture_of_Parallel_Systems/Project/BranchPredictionAI/C_Implementation/BranchPredictionAI/run_model/hls/.autopilot/db/run_model.tbgen.tcl 
Execute       source /home/gkapakos/Desktop/ECE/10th_Semester/Architecture_of_Parallel_Systems/Project/BranchPredictionAI/C_Implementation/BranchPredictionAI/run_model/hls/.autopilot/db/global.setting.tcl 
Execute       ap_part_info -name xc7z020-clg400-3 -data names -quiet 
Execute       ap_part_info -name xc7z020-clg400-3 -data info -quiet 
Execute       source /home/gkapakos/Desktop/ECE/10th_Semester/Architecture_of_Parallel_Systems/Project/BranchPredictionAI/C_Implementation/BranchPredictionAI/run_model/hls/.autopilot/db/run_model.constraint.tcl 
Execute       sc_get_clocks run_model 
Execute       source /home/gkapakos/Desktop/ECE/10th_Semester/Architecture_of_Parallel_Systems/Project/BranchPredictionAI/C_Implementation/BranchPredictionAI/run_model/hls/.autopilot/db/global.setting.tcl 
Execute       source /home/gkapakos/Desktop/ECE/10th_Semester/Architecture_of_Parallel_Systems/Project/BranchPredictionAI/C_Implementation/BranchPredictionAI/run_model/hls/impl/misc/run_model_fadd_32ns_32ns_32_4_full_dsp_1_ip.tcl 
Execute       source /home/gkapakos/Desktop/ECE/10th_Semester/Architecture_of_Parallel_Systems/Project/BranchPredictionAI/C_Implementation/BranchPredictionAI/run_model/hls/impl/misc/run_model_fdiv_32ns_32ns_32_10_no_dsp_1_ip.tcl 
Execute       source /home/gkapakos/Desktop/ECE/10th_Semester/Architecture_of_Parallel_Systems/Project/BranchPredictionAI/C_Implementation/BranchPredictionAI/run_model/hls/impl/misc/run_model_fexp_32ns_32ns_32_8_full_dsp_1_ip.tcl 
Execute       source /home/gkapakos/Desktop/ECE/10th_Semester/Architecture_of_Parallel_Systems/Project/BranchPredictionAI/C_Implementation/BranchPredictionAI/run_model/hls/impl/misc/run_model_fmul_32ns_32ns_32_3_max_dsp_1_ip.tcl 
Execute       source /home/gkapakos/Desktop/ECE/10th_Semester/Architecture_of_Parallel_Systems/Project/BranchPredictionAI/C_Implementation/BranchPredictionAI/run_model/hls/impl/misc/run_model_fsqrt_32ns_32ns_32_10_no_dsp_1_ip.tcl 
Execute       source /home/gkapakos/Desktop/ECE/10th_Semester/Architecture_of_Parallel_Systems/Project/BranchPredictionAI/C_Implementation/BranchPredictionAI/run_model/hls/impl/misc/run_model_fsub_32ns_32ns_32_4_full_dsp_1_ip.tcl 
Execute       source /home/gkapakos/Desktop/ECE/10th_Semester/Architecture_of_Parallel_Systems/Project/BranchPredictionAI/C_Implementation/BranchPredictionAI/run_model/hls/impl/misc/run_model_hadd_16ns_16ns_16_5_full_dsp_1_ip.tcl 
Execute       source /home/gkapakos/Desktop/ECE/10th_Semester/Architecture_of_Parallel_Systems/Project/BranchPredictionAI/C_Implementation/BranchPredictionAI/run_model/hls/impl/misc/run_model_hcmp_16ns_16ns_1_2_no_dsp_1_ip.tcl 
Execute       source /home/gkapakos/Desktop/ECE/10th_Semester/Architecture_of_Parallel_Systems/Project/BranchPredictionAI/C_Implementation/BranchPredictionAI/run_model/hls/impl/misc/run_model_hdiv_16ns_16ns_16_6_no_dsp_1_ip.tcl 
Execute       source /home/gkapakos/Desktop/ECE/10th_Semester/Architecture_of_Parallel_Systems/Project/BranchPredictionAI/C_Implementation/BranchPredictionAI/run_model/hls/impl/misc/run_model_hmul_16ns_16ns_16_4_max_dsp_1_ip.tcl 
Execute       source /home/gkapakos/Desktop/ECE/10th_Semester/Architecture_of_Parallel_Systems/Project/BranchPredictionAI/C_Implementation/BranchPredictionAI/run_model/hls/impl/misc/run_model_hptosp_16ns_32_2_no_dsp_1_ip.tcl 
Execute       source /home/gkapakos/Desktop/ECE/10th_Semester/Architecture_of_Parallel_Systems/Project/BranchPredictionAI/C_Implementation/BranchPredictionAI/run_model/hls/impl/misc/run_model_sptohp_32ns_16_2_no_dsp_1_ip.tcl 
INFO-FLOW: DBG:PROC: ::HLSREPORTS::add_csynth_report_sections bind_info_dict='adapter_nodes {} cache_nodes {} report_dict {TOPINST run_model MODULE2INSTS {run_model run_model run_all_slices_unrolled grp_run_all_slices_unrolled_fu_263 run_all_slices_unrolled_Pipeline_MergedLoop grp_run_all_slices_unrolled_Pipeline_MergedLoop_fu_96 lstm_forward_unidir grp_lstm_forward_unidir_fu_102 lstm_forward_unidir_Pipeline_VITIS_LOOP_145_1 grp_lstm_forward_unidir_Pipeline_VITIS_LOOP_145_1_fu_356 lstm_forward_unidir_Pipeline_Loop2_1LSTM grp_lstm_forward_unidir_Pipeline_Loop2_1LSTM_fu_364 lstm_forward_unidir_Pipeline_Loop2_4LSTM grp_lstm_forward_unidir_Pipeline_Loop2_4LSTM_fu_373 run_all_slices_unrolled_Pipeline_Loop_BN grp_run_all_slices_unrolled_Pipeline_Loop_BN_fu_124 conv_bn_act_pool grp_conv_bn_act_pool_fu_134 conv_bn_act_pool_Pipeline_BNParamsLoop grp_conv_bn_act_pool_Pipeline_BNParamsLoop_fu_649 conv_bn_act_pool_Pipeline_Loop3_2Big grp_conv_bn_act_pool_Pipeline_Loop3_2Big_fu_717 run_all_slices_unrolled_Pipeline_MergedLoop0 grp_run_all_slices_unrolled_Pipeline_MergedLoop0_fu_144 run_all_slices_unrolled_Pipeline_Loop_BN2 grp_run_all_slices_unrolled_Pipeline_Loop_BN2_fu_152 conv_bn_act_pool_2 grp_conv_bn_act_pool_2_fu_162 conv_bn_act_pool_2_Pipeline_BNParamsLoop grp_conv_bn_act_pool_2_Pipeline_BNParamsLoop_fu_653 conv_bn_act_pool_2_Pipeline_Loop3_2Big grp_conv_bn_act_pool_2_Pipeline_Loop3_2Big_fu_721 run_all_slices_unrolled_Pipeline_MergedLoop1 grp_run_all_slices_unrolled_Pipeline_MergedLoop1_fu_172 run_all_slices_unrolled_Pipeline_Loop_BN3 grp_run_all_slices_unrolled_Pipeline_Loop_BN3_fu_180 conv_bn_act_pool_3 grp_conv_bn_act_pool_3_fu_190 conv_bn_act_pool_3_Pipeline_BNParamsLoop grp_conv_bn_act_pool_3_Pipeline_BNParamsLoop_fu_653 conv_bn_act_pool_3_Pipeline_Loop3_2Big grp_conv_bn_act_pool_3_Pipeline_Loop3_2Big_fu_721 run_all_slices_unrolled_Pipeline_MergedLoop2 grp_run_all_slices_unrolled_Pipeline_MergedLoop2_fu_200 run_all_slices_unrolled_Pipeline_Loop_BN4 grp_run_all_slices_unrolled_Pipeline_Loop_BN4_fu_208 conv_bn_act_pool_4 grp_conv_bn_act_pool_4_fu_218 conv_bn_act_pool_4_Pipeline_BNParamsLoop grp_conv_bn_act_pool_4_Pipeline_BNParamsLoop_fu_653 conv_bn_act_pool_4_Pipeline_Loop3_2Big grp_conv_bn_act_pool_4_Pipeline_Loop3_2Big_fu_721 run_all_slices_unrolled_Pipeline_MergedLoop3 grp_run_all_slices_unrolled_Pipeline_MergedLoop3_fu_228 run_all_slices_unrolled_Pipeline_Loop_BN5 grp_run_all_slices_unrolled_Pipeline_Loop_BN5_fu_236 run_all_slices_unrolled_Pipeline_MergedLoop4 grp_run_all_slices_unrolled_Pipeline_MergedLoop4_fu_246 run_model_Pipeline_Loop_BN grp_run_model_Pipeline_Loop_BN_fu_331 run_model_Pipeline_ReLULoop1 grp_run_model_Pipeline_ReLULoop1_fu_340 run_model_Pipeline_Loop_BN1 grp_run_model_Pipeline_Loop_BN1_fu_345 run_model_Pipeline_ReLULoop2 grp_run_model_Pipeline_ReLULoop2_fu_354} INST2MODULE {run_model run_model grp_run_all_slices_unrolled_fu_263 run_all_slices_unrolled grp_run_all_slices_unrolled_Pipeline_MergedLoop_fu_96 run_all_slices_unrolled_Pipeline_MergedLoop grp_lstm_forward_unidir_fu_102 lstm_forward_unidir grp_lstm_forward_unidir_Pipeline_VITIS_LOOP_145_1_fu_356 lstm_forward_unidir_Pipeline_VITIS_LOOP_145_1 grp_lstm_forward_unidir_Pipeline_Loop2_1LSTM_fu_364 lstm_forward_unidir_Pipeline_Loop2_1LSTM grp_lstm_forward_unidir_Pipeline_Loop2_4LSTM_fu_373 lstm_forward_unidir_Pipeline_Loop2_4LSTM grp_run_all_slices_unrolled_Pipeline_Loop_BN_fu_124 run_all_slices_unrolled_Pipeline_Loop_BN grp_conv_bn_act_pool_fu_134 conv_bn_act_pool grp_conv_bn_act_pool_Pipeline_BNParamsLoop_fu_649 conv_bn_act_pool_Pipeline_BNParamsLoop grp_conv_bn_act_pool_Pipeline_Loop3_2Big_fu_717 conv_bn_act_pool_Pipeline_Loop3_2Big grp_run_all_slices_unrolled_Pipeline_MergedLoop0_fu_144 run_all_slices_unrolled_Pipeline_MergedLoop0 grp_run_all_slices_unrolled_Pipeline_Loop_BN2_fu_152 run_all_slices_unrolled_Pipeline_Loop_BN2 grp_conv_bn_act_pool_2_fu_162 conv_bn_act_pool_2 grp_conv_bn_act_pool_2_Pipeline_BNParamsLoop_fu_653 conv_bn_act_pool_2_Pipeline_BNParamsLoop grp_conv_bn_act_pool_2_Pipeline_Loop3_2Big_fu_721 conv_bn_act_pool_2_Pipeline_Loop3_2Big grp_run_all_slices_unrolled_Pipeline_MergedLoop1_fu_172 run_all_slices_unrolled_Pipeline_MergedLoop1 grp_run_all_slices_unrolled_Pipeline_Loop_BN3_fu_180 run_all_slices_unrolled_Pipeline_Loop_BN3 grp_conv_bn_act_pool_3_fu_190 conv_bn_act_pool_3 grp_conv_bn_act_pool_3_Pipeline_BNParamsLoop_fu_653 conv_bn_act_pool_3_Pipeline_BNParamsLoop grp_conv_bn_act_pool_3_Pipeline_Loop3_2Big_fu_721 conv_bn_act_pool_3_Pipeline_Loop3_2Big grp_run_all_slices_unrolled_Pipeline_MergedLoop2_fu_200 run_all_slices_unrolled_Pipeline_MergedLoop2 grp_run_all_slices_unrolled_Pipeline_Loop_BN4_fu_208 run_all_slices_unrolled_Pipeline_Loop_BN4 grp_conv_bn_act_pool_4_fu_218 conv_bn_act_pool_4 grp_conv_bn_act_pool_4_Pipeline_BNParamsLoop_fu_653 conv_bn_act_pool_4_Pipeline_BNParamsLoop grp_conv_bn_act_pool_4_Pipeline_Loop3_2Big_fu_721 conv_bn_act_pool_4_Pipeline_Loop3_2Big grp_run_all_slices_unrolled_Pipeline_MergedLoop3_fu_228 run_all_slices_unrolled_Pipeline_MergedLoop3 grp_run_all_slices_unrolled_Pipeline_Loop_BN5_fu_236 run_all_slices_unrolled_Pipeline_Loop_BN5 grp_run_all_slices_unrolled_Pipeline_MergedLoop4_fu_246 run_all_slices_unrolled_Pipeline_MergedLoop4 grp_run_model_Pipeline_Loop_BN_fu_331 run_model_Pipeline_Loop_BN grp_run_model_Pipeline_ReLULoop1_fu_340 run_model_Pipeline_ReLULoop1 grp_run_model_Pipeline_Loop_BN1_fu_345 run_model_Pipeline_Loop_BN1 grp_run_model_Pipeline_ReLULoop2_fu_354 run_model_Pipeline_ReLULoop2} INSTDATA {run_model {DEPTH 1 CHILDREN {grp_run_all_slices_unrolled_fu_263 grp_run_model_Pipeline_Loop_BN_fu_331 grp_run_model_Pipeline_ReLULoop1_fu_340 grp_run_model_Pipeline_Loop_BN1_fu_345 grp_run_model_Pipeline_ReLULoop2_fu_354}} grp_run_all_slices_unrolled_fu_263 {DEPTH 2 CHILDREN {grp_run_all_slices_unrolled_Pipeline_MergedLoop_fu_96 grp_lstm_forward_unidir_fu_102 grp_run_all_slices_unrolled_Pipeline_Loop_BN_fu_124 grp_conv_bn_act_pool_fu_134 grp_run_all_slices_unrolled_Pipeline_MergedLoop0_fu_144 grp_run_all_slices_unrolled_Pipeline_Loop_BN2_fu_152 grp_conv_bn_act_pool_2_fu_162 grp_run_all_slices_unrolled_Pipeline_MergedLoop1_fu_172 grp_run_all_slices_unrolled_Pipeline_Loop_BN3_fu_180 grp_conv_bn_act_pool_3_fu_190 grp_run_all_slices_unrolled_Pipeline_MergedLoop2_fu_200 grp_run_all_slices_unrolled_Pipeline_Loop_BN4_fu_208 grp_conv_bn_act_pool_4_fu_218 grp_run_all_slices_unrolled_Pipeline_MergedLoop3_fu_228 grp_run_all_slices_unrolled_Pipeline_Loop_BN5_fu_236 grp_run_all_slices_unrolled_Pipeline_MergedLoop4_fu_246}} grp_run_all_slices_unrolled_Pipeline_MergedLoop_fu_96 {DEPTH 3 CHILDREN {}} grp_lstm_forward_unidir_fu_102 {DEPTH 3 CHILDREN {grp_lstm_forward_unidir_Pipeline_VITIS_LOOP_145_1_fu_356 grp_lstm_forward_unidir_Pipeline_Loop2_1LSTM_fu_364 grp_lstm_forward_unidir_Pipeline_Loop2_4LSTM_fu_373}} grp_lstm_forward_unidir_Pipeline_VITIS_LOOP_145_1_fu_356 {DEPTH 4 CHILDREN {}} grp_lstm_forward_unidir_Pipeline_Loop2_1LSTM_fu_364 {DEPTH 4 CHILDREN {}} grp_lstm_forward_unidir_Pipeline_Loop2_4LSTM_fu_373 {DEPTH 4 CHILDREN {}} grp_run_all_slices_unrolled_Pipeline_Loop_BN_fu_124 {DEPTH 3 CHILDREN {}} grp_conv_bn_act_pool_fu_134 {DEPTH 3 CHILDREN {grp_conv_bn_act_pool_Pipeline_BNParamsLoop_fu_649 grp_conv_bn_act_pool_Pipeline_Loop3_2Big_fu_717}} grp_conv_bn_act_pool_Pipeline_BNParamsLoop_fu_649 {DEPTH 4 CHILDREN {}} grp_conv_bn_act_pool_Pipeline_Loop3_2Big_fu_717 {DEPTH 4 CHILDREN {}} grp_run_all_slices_unrolled_Pipeline_MergedLoop0_fu_144 {DEPTH 3 CHILDREN {}} grp_run_all_slices_unrolled_Pipeline_Loop_BN2_fu_152 {DEPTH 3 CHILDREN {}} grp_conv_bn_act_pool_2_fu_162 {DEPTH 3 CHILDREN {grp_conv_bn_act_pool_2_Pipeline_BNParamsLoop_fu_653 grp_conv_bn_act_pool_2_Pipeline_Loop3_2Big_fu_721}} grp_conv_bn_act_pool_2_Pipeline_BNParamsLoop_fu_653 {DEPTH 4 CHILDREN {}} grp_conv_bn_act_pool_2_Pipeline_Loop3_2Big_fu_721 {DEPTH 4 CHILDREN {}} grp_run_all_slices_unrolled_Pipeline_MergedLoop1_fu_172 {DEPTH 3 CHILDREN {}} grp_run_all_slices_unrolled_Pipeline_Loop_BN3_fu_180 {DEPTH 3 CHILDREN {}} grp_conv_bn_act_pool_3_fu_190 {DEPTH 3 CHILDREN {grp_conv_bn_act_pool_3_Pipeline_BNParamsLoop_fu_653 grp_conv_bn_act_pool_3_Pipeline_Loop3_2Big_fu_721}} grp_conv_bn_act_pool_3_Pipeline_BNParamsLoop_fu_653 {DEPTH 4 CHILDREN {}} grp_conv_bn_act_pool_3_Pipeline_Loop3_2Big_fu_721 {DEPTH 4 CHILDREN {}} grp_run_all_slices_unrolled_Pipeline_MergedLoop2_fu_200 {DEPTH 3 CHILDREN {}} grp_run_all_slices_unrolled_Pipeline_Loop_BN4_fu_208 {DEPTH 3 CHILDREN {}} grp_conv_bn_act_pool_4_fu_218 {DEPTH 3 CHILDREN {grp_conv_bn_act_pool_4_Pipeline_BNParamsLoop_fu_653 grp_conv_bn_act_pool_4_Pipeline_Loop3_2Big_fu_721}} grp_conv_bn_act_pool_4_Pipeline_BNParamsLoop_fu_653 {DEPTH 4 CHILDREN {}} grp_conv_bn_act_pool_4_Pipeline_Loop3_2Big_fu_721 {DEPTH 4 CHILDREN {}} grp_run_all_slices_unrolled_Pipeline_MergedLoop3_fu_228 {DEPTH 3 CHILDREN {}} grp_run_all_slices_unrolled_Pipeline_Loop_BN5_fu_236 {DEPTH 3 CHILDREN {}} grp_run_all_slices_unrolled_Pipeline_MergedLoop4_fu_246 {DEPTH 3 CHILDREN {}} grp_run_model_Pipeline_Loop_BN_fu_331 {DEPTH 2 CHILDREN {}} grp_run_model_Pipeline_ReLULoop1_fu_340 {DEPTH 2 CHILDREN {}} grp_run_model_Pipeline_Loop_BN1_fu_345 {DEPTH 2 CHILDREN {}} grp_run_model_Pipeline_ReLULoop2_fu_354 {DEPTH 2 CHILDREN {}}} MODULEDATA {run_all_slices_unrolled_Pipeline_MergedLoop {BINDINFO {{BINDTYPE op ID {} IMPL auto LATENCY 0 OPTYPE seteq PRAGMA {} RTLNAME icmp_ln290_fu_56_p2 SOURCE ../main_5_slices.cpp:290 VARIABLE icmp_ln290 LOOP MergedLoop BUNDLEDNAME {} DSP 0 BRAM 0 URAM 0 STORAGESUBTYPE {} DISPNAME {bind_op seteq} VISIBLE false} {BINDTYPE op ID {} IMPL fabric LATENCY 0 OPTYPE add PRAGMA {} RTLNAME add_ln290_fu_62_p2 SOURCE ../main_5_slices.cpp:290 VARIABLE add_ln290 LOOP MergedLoop BUNDLEDNAME {} DSP 0 BRAM 0 URAM 0 STORAGESUBTYPE {} DISPNAME {bind_op add} VISIBLE true}} AREA {DSP 0 BRAM 0 URAM 0}} lstm_forward_unidir_Pipeline_VITIS_LOOP_145_1 {BINDINFO {{BINDTYPE op ID {} IMPL auto LATENCY 0 OPTYPE seteq PRAGMA {} RTLNAME icmp_ln145_fu_72_p2 SOURCE ../main_5_slices.cpp:145 VARIABLE icmp_ln145 LOOP VITIS_LOOP_145_1 BUNDLEDNAME {} DSP 0 BRAM 0 URAM 0 STORAGESUBTYPE {} DISPNAME {bind_op seteq} VISIBLE false} {BINDTYPE op ID {} IMPL fabric LATENCY 0 OPTYPE add PRAGMA {} RTLNAME add_ln145_fu_78_p2 SOURCE ../main_5_slices.cpp:145 VARIABLE add_ln145 LOOP VITIS_LOOP_145_1 BUNDLEDNAME {} DSP 0 BRAM 0 URAM 0 STORAGESUBTYPE {} DISPNAME {bind_op add} VISIBLE true}} AREA {DSP 0 BRAM 0 URAM 0}} lstm_forward_unidir_Pipeline_Loop2_1LSTM {BINDINFO {{BINDTYPE op ID {} IMPL auto LATENCY 0 OPTYPE seteq PRAGMA {} RTLNAME icmp_ln155_fu_407_p2 SOURCE ../main_5_slices.cpp:155 VARIABLE icmp_ln155 LOOP Loop2_1LSTM BUNDLEDNAME {} DSP 0 BRAM 0 URAM 0 STORAGESUBTYPE {} DISPNAME {bind_op seteq} VISIBLE false} {BINDTYPE op ID {} IMPL fabric LATENCY 0 OPTYPE add PRAGMA {} RTLNAME add_ln155_fu_413_p2 SOURCE ../main_5_slices.cpp:155 VARIABLE add_ln155 LOOP Loop2_1LSTM BUNDLEDNAME {} DSP 0 BRAM 0 URAM 0 STORAGESUBTYPE {} DISPNAME {bind_op add} VISIBLE true} {BINDTYPE op ID {} IMPL auto LATENCY 0 OPTYPE mul PRAGMA {} RTLNAME mul_7ns_9ns_15_1_1_U4 SOURCE ../main_5_slices.cpp:155 VARIABLE mul_ln155 LOOP Loop2_1LSTM BUNDLEDNAME {} DSP 0 BRAM 0 URAM 0 STORAGESUBTYPE {} DISPNAME {bind_op mul} VISIBLE true} {BINDTYPE op ID {} IMPL compactencoding_dontcare LATENCY 0 OPTYPE sparsemux PRAGMA {} RTLNAME sparsemux_257_7_16_1_1_U5 SOURCE ../main_5_slices.cpp:157 VARIABLE tmp LOOP Loop2_1LSTM BUNDLEDNAME {} DSP 0 BRAM 0 URAM 0 STORAGESUBTYPE {} DISPNAME {bind_op sparsemux} VISIBLE false} {BINDTYPE op ID {} IMPL fabric LATENCY 0 OPTYPE add PRAGMA {} RTLNAME add_ln155_1_fu_981_p2 SOURCE ../main_5_slices.cpp:155 VARIABLE add_ln155_1 LOOP Loop2_1LSTM BUNDLEDNAME {} DSP 0 BRAM 0 URAM 0 STORAGESUBTYPE {} DISPNAME {bind_op add} VISIBLE true} {BINDTYPE op ID {} IMPL auto LATENCY 0 OPTYPE seteq PRAGMA {} RTLNAME icmp_ln155_1_fu_987_p2 SOURCE ../main_5_slices.cpp:155 VARIABLE icmp_ln155_1 LOOP Loop2_1LSTM BUNDLEDNAME {} DSP 0 BRAM 0 URAM 0 STORAGESUBTYPE {} DISPNAME {bind_op seteq} VISIBLE false} {BINDTYPE op ID {} IMPL auto_sel LATENCY 0 OPTYPE select PRAGMA {} RTLNAME select_ln155_fu_993_p3 SOURCE ../main_5_slices.cpp:155 VARIABLE select_ln155 LOOP Loop2_1LSTM BUNDLEDNAME {} DSP 0 BRAM 0 URAM 0 STORAGESUBTYPE {} DISPNAME {bind_op select} VISIBLE false}} AREA {DSP 0 BRAM 0 URAM 0}} lstm_forward_unidir_Pipeline_Loop2_4LSTM {BINDINFO {{BINDTYPE op ID {} IMPL auto LATENCY 0 OPTYPE seteq PRAGMA {} RTLNAME icmp_ln182_fu_445_p2 SOURCE ../main_5_slices.cpp:182 VARIABLE icmp_ln182 LOOP Loop2_4LSTM BUNDLEDNAME {} DSP 0 BRAM 0 URAM 0 STORAGESUBTYPE {} DISPNAME {bind_op seteq} VISIBLE false} {BINDTYPE op ID {} IMPL fabric LATENCY 0 OPTYPE add PRAGMA {} RTLNAME add_ln182_fu_451_p2 SOURCE ../main_5_slices.cpp:182 VARIABLE add_ln182 LOOP Loop2_4LSTM BUNDLEDNAME {} DSP 0 BRAM 0 URAM 0 STORAGESUBTYPE {} DISPNAME {bind_op add} VISIBLE true} {BINDTYPE op ID {} IMPL fabric LATENCY 0 OPTYPE add PRAGMA {} RTLNAME add_ln182_1_fu_460_p2 SOURCE ../main_5_slices.cpp:182 VARIABLE add_ln182_1 LOOP Loop2_4LSTM BUNDLEDNAME {} DSP 0 BRAM 0 URAM 0 STORAGESUBTYPE {} DISPNAME {bind_op add} VISIBLE true} {BINDTYPE op ID {} IMPL auto LATENCY 0 OPTYPE seteq PRAGMA {} RTLNAME icmp_ln182_1_fu_466_p2 SOURCE ../main_5_slices.cpp:182 VARIABLE icmp_ln182_1 LOOP Loop2_4LSTM BUNDLEDNAME {} DSP 0 BRAM 0 URAM 0 STORAGESUBTYPE {} DISPNAME {bind_op seteq} VISIBLE false} {BINDTYPE op ID {} IMPL auto_sel LATENCY 0 OPTYPE select PRAGMA {} RTLNAME select_ln182_fu_472_p3 SOURCE ../main_5_slices.cpp:182 VARIABLE select_ln182 LOOP Loop2_4LSTM BUNDLEDNAME {} DSP 0 BRAM 0 URAM 0 STORAGESUBTYPE {} DISPNAME {bind_op select} VISIBLE false} {BINDTYPE op ID {} IMPL auto LATENCY 0 OPTYPE mul PRAGMA {} RTLNAME mul_5ns_7ns_11_1_1_U36 SOURCE ../main_5_slices.cpp:144 VARIABLE mul_ln144 LOOP Loop2_4LSTM BUNDLEDNAME {} DSP 0 BRAM 0 URAM 0 STORAGESUBTYPE {} DISPNAME {bind_op mul} VISIBLE true} {BINDTYPE op ID {} IMPL compactencoding_dontcare LATENCY 0 OPTYPE sparsemux PRAGMA {} RTLNAME sparsemux_11_3_16_1_1_U40 SOURCE ../main_5_slices.cpp:184 VARIABLE tmp_7 LOOP Loop2_4LSTM BUNDLEDNAME {} DSP 0 BRAM 0 URAM 0 STORAGESUBTYPE {} DISPNAME {bind_op sparsemux} VISIBLE false} {BINDTYPE op ID {} IMPL auto LATENCY 0 OPTYPE xor PRAGMA {} RTLNAME xor_ln184_fu_676_p2 SOURCE ../main_5_slices.cpp:184 VARIABLE xor_ln184 LOOP Loop2_4LSTM BUNDLEDNAME {} DSP 0 BRAM 0 URAM 0 STORAGESUBTYPE {} DISPNAME {bind_op xor} VISIBLE false} {BINDTYPE op ID {} IMPL auto LATENCY 1 OPTYPE hptosp PRAGMA {} RTLNAME hptosp_16ns_32_2_no_dsp_1_U25 SOURCE ../main_5_slices.cpp:184 VARIABLE conv LOOP Loop2_4LSTM BUNDLEDNAME {} DSP 0 BRAM 0 URAM 0 STORAGESUBTYPE {} DISPNAME {bind_op hptosp} VISIBLE false} {BINDTYPE op ID {} IMPL fulldsp LATENCY 7 OPTYPE fexp PRAGMA {} RTLNAME fexp_32ns_32ns_32_8_full_dsp_1_U19 SOURCE ../main_5_slices.cpp:184 VARIABLE tmp_8 LOOP Loop2_4LSTM BUNDLEDNAME {} DSP 7 BRAM 0 URAM 0 STORAGESUBTYPE {} DISPNAME {bind_op fexp} VISIBLE true} {BINDTYPE op ID {} IMPL fulldsp LATENCY 3 OPTYPE fadd PRAGMA {} RTLNAME fadd_32ns_32ns_32_4_full_dsp_1_U13 SOURCE ../main_5_slices.cpp:184 VARIABLE add5 LOOP Loop2_4LSTM BUNDLEDNAME {} DSP 2 BRAM 0 URAM 0 STORAGESUBTYPE {} DISPNAME {bind_op fadd} VISIBLE true} {BINDTYPE op ID {} IMPL fabric LATENCY 9 OPTYPE fdiv PRAGMA {} RTLNAME fdiv_32ns_32ns_32_10_no_dsp_1_U16 SOURCE ../main_5_slices.cpp:184 VARIABLE div LOOP Loop2_4LSTM BUNDLEDNAME {} DSP 0 BRAM 0 URAM 0 STORAGESUBTYPE {} DISPNAME {bind_op fdiv} VISIBLE true} {BINDTYPE op ID {} IMPL auto LATENCY 1 OPTYPE sptohp PRAGMA {} RTLNAME sptohp_32ns_16_2_no_dsp_1_U22 SOURCE ../main_5_slices.cpp:184 VARIABLE i LOOP Loop2_4LSTM BUNDLEDNAME {} DSP 0 BRAM 0 URAM 0 STORAGESUBTYPE {} DISPNAME {bind_op sptohp} VISIBLE false} {BINDTYPE op ID {} IMPL auto LATENCY 0 OPTYPE mul PRAGMA {} RTLNAME mul_6ns_8ns_13_1_1_U37 SOURCE ../main_5_slices.cpp:185 VARIABLE mul_ln185 LOOP Loop2_4LSTM BUNDLEDNAME {} DSP 0 BRAM 0 URAM 0 STORAGESUBTYPE {} DISPNAME {bind_op mul} VISIBLE true} {BINDTYPE op ID {} IMPL compactencoding_dontcare LATENCY 0 OPTYPE sparsemux PRAGMA {} RTLNAME sparsemux_11_3_16_1_1_U41 SOURCE ../main_5_slices.cpp:185 VARIABLE tmp_9 LOOP Loop2_4LSTM BUNDLEDNAME {} DSP 0 BRAM 0 URAM 0 STORAGESUBTYPE {} DISPNAME {bind_op sparsemux} VISIBLE false} {BINDTYPE op ID {} IMPL auto LATENCY 0 OPTYPE xor PRAGMA {} RTLNAME xor_ln185_fu_738_p2 SOURCE ../main_5_slices.cpp:185 VARIABLE xor_ln185 LOOP Loop2_4LSTM BUNDLEDNAME {} DSP 0 BRAM 0 URAM 0 STORAGESUBTYPE {} DISPNAME {bind_op xor} VISIBLE false} {BINDTYPE op ID {} IMPL auto LATENCY 1 OPTYPE hptosp PRAGMA {} RTLNAME hptosp_16ns_32_2_no_dsp_1_U26 SOURCE ../main_5_slices.cpp:185 VARIABLE conv2 LOOP Loop2_4LSTM BUNDLEDNAME {} DSP 0 BRAM 0 URAM 0 STORAGESUBTYPE {} DISPNAME {bind_op hptosp} VISIBLE false} {BINDTYPE op ID {} IMPL fulldsp LATENCY 7 OPTYPE fexp PRAGMA {} RTLNAME fexp_32ns_32ns_32_8_full_dsp_1_U20 SOURCE ../main_5_slices.cpp:185 VARIABLE tmp_s LOOP Loop2_4LSTM BUNDLEDNAME {} DSP 7 BRAM 0 URAM 0 STORAGESUBTYPE {} DISPNAME {bind_op fexp} VISIBLE true} {BINDTYPE op ID {} IMPL fulldsp LATENCY 3 OPTYPE fadd PRAGMA {} RTLNAME fadd_32ns_32ns_32_4_full_dsp_1_U14 SOURCE ../main_5_slices.cpp:185 VARIABLE add6 LOOP Loop2_4LSTM BUNDLEDNAME {} DSP 2 BRAM 0 URAM 0 STORAGESUBTYPE {} DISPNAME {bind_op fadd} VISIBLE true} {BINDTYPE op ID {} IMPL fabric LATENCY 9 OPTYPE fdiv PRAGMA {} RTLNAME fdiv_32ns_32ns_32_10_no_dsp_1_U17 SOURCE ../main_5_slices.cpp:185 VARIABLE div1 LOOP Loop2_4LSTM BUNDLEDNAME {} DSP 0 BRAM 0 URAM 0 STORAGESUBTYPE {} DISPNAME {bind_op fdiv} VISIBLE true} {BINDTYPE op ID {} IMPL auto LATENCY 1 OPTYPE sptohp PRAGMA {} RTLNAME sptohp_32ns_16_2_no_dsp_1_U23 SOURCE ../main_5_slices.cpp:185 VARIABLE f LOOP Loop2_4LSTM BUNDLEDNAME {} DSP 0 BRAM 0 URAM 0 STORAGESUBTYPE {} DISPNAME {bind_op sptohp} VISIBLE false} {BINDTYPE op ID {} IMPL auto LATENCY 0 OPTYPE mul PRAGMA {} RTLNAME mul_7ns_9ns_15_1_1_U38 SOURCE ../main_5_slices.cpp:186 VARIABLE mul_ln186 LOOP Loop2_4LSTM BUNDLEDNAME {} DSP 0 BRAM 0 URAM 0 STORAGESUBTYPE {} DISPNAME {bind_op mul} VISIBLE true} {BINDTYPE op ID {} IMPL compactencoding_dontcare LATENCY 0 OPTYPE sparsemux PRAGMA {} RTLNAME sparsemux_11_3_16_1_1_U42 SOURCE ../main_5_slices.cpp:186 VARIABLE tmp_1 LOOP Loop2_4LSTM BUNDLEDNAME {} DSP 0 BRAM 0 URAM 0 STORAGESUBTYPE {} DISPNAME {bind_op sparsemux} VISIBLE false} {BINDTYPE op ID {} IMPL auto LATENCY 0 OPTYPE xor PRAGMA {} RTLNAME xor_ln186_fu_826_p2 SOURCE ../main_5_slices.cpp:186 VARIABLE xor_ln186 LOOP Loop2_4LSTM BUNDLEDNAME {} DSP 0 BRAM 0 URAM 0 STORAGESUBTYPE {} DISPNAME {bind_op xor} VISIBLE false} {BINDTYPE op ID {} IMPL auto LATENCY 1 OPTYPE hptosp PRAGMA {} RTLNAME hptosp_16ns_32_2_no_dsp_1_U27 SOURCE ../main_5_slices.cpp:186 VARIABLE conv4 LOOP Loop2_4LSTM BUNDLEDNAME {} DSP 0 BRAM 0 URAM 0 STORAGESUBTYPE {} DISPNAME {bind_op hptosp} VISIBLE false} {BINDTYPE op ID {} IMPL fulldsp LATENCY 7 OPTYPE fexp PRAGMA {} RTLNAME fexp_32ns_32ns_32_8_full_dsp_1_U21 SOURCE ../main_5_slices.cpp:186 VARIABLE tmp_2 LOOP Loop2_4LSTM BUNDLEDNAME {} DSP 7 BRAM 0 URAM 0 STORAGESUBTYPE {} DISPNAME {bind_op fexp} VISIBLE true} {BINDTYPE op ID {} IMPL fulldsp LATENCY 3 OPTYPE fadd PRAGMA {} RTLNAME fadd_32ns_32ns_32_4_full_dsp_1_U15 SOURCE ../main_5_slices.cpp:186 VARIABLE add7 LOOP Loop2_4LSTM BUNDLEDNAME {} DSP 2 BRAM 0 URAM 0 STORAGESUBTYPE {} DISPNAME {bind_op fadd} VISIBLE true} {BINDTYPE op ID {} IMPL fabric LATENCY 9 OPTYPE fdiv PRAGMA {} RTLNAME fdiv_32ns_32ns_32_10_no_dsp_1_U18 SOURCE ../main_5_slices.cpp:186 VARIABLE div2 LOOP Loop2_4LSTM BUNDLEDNAME {} DSP 0 BRAM 0 URAM 0 STORAGESUBTYPE {} DISPNAME {bind_op fdiv} VISIBLE true} {BINDTYPE op ID {} IMPL auto LATENCY 1 OPTYPE sptohp PRAGMA {} RTLNAME sptohp_32ns_16_2_no_dsp_1_U24 SOURCE ../main_5_slices.cpp:186 VARIABLE o LOOP Loop2_4LSTM BUNDLEDNAME {} DSP 0 BRAM 0 URAM 0 STORAGESUBTYPE {} DISPNAME {bind_op sptohp} VISIBLE false} {BINDTYPE op ID {} IMPL auto LATENCY 0 OPTYPE mul PRAGMA {} RTLNAME mul_7ns_9ns_15_1_1_U39 SOURCE ../main_5_slices.cpp:187 VARIABLE mul_ln187 LOOP Loop2_4LSTM BUNDLEDNAME {} DSP 0 BRAM 0 URAM 0 STORAGESUBTYPE {} DISPNAME {bind_op mul} VISIBLE true} {BINDTYPE op ID {} IMPL compactencoding_dontcare LATENCY 0 OPTYPE sparsemux PRAGMA {} RTLNAME sparsemux_11_3_16_1_1_U43 SOURCE ../main_5_slices.cpp:187 VARIABLE x_assign LOOP Loop2_4LSTM BUNDLEDNAME {} DSP 0 BRAM 0 URAM 0 STORAGESUBTYPE {} DISPNAME {bind_op sparsemux} VISIBLE false} {BINDTYPE op ID {} IMPL auto LATENCY 1 OPTYPE hcmp PRAGMA {} RTLNAME hcmp_16ns_16ns_1_2_no_dsp_1_U32 SOURCE ../main_5_slices.cpp:46 VARIABLE cmp_i LOOP Loop2_4LSTM BUNDLEDNAME {} DSP 0 BRAM 0 URAM 0 STORAGESUBTYPE {} DISPNAME {bind_op hcmp} VISIBLE false} {BINDTYPE op ID {} IMPL auto LATENCY 1 OPTYPE hcmp PRAGMA {} RTLNAME hcmp_16ns_16ns_1_2_no_dsp_1_U33 SOURCE ../main_5_slices.cpp:47 VARIABLE cmp1_i LOOP Loop2_4LSTM BUNDLEDNAME {} DSP 0 BRAM 0 URAM 0 STORAGESUBTYPE {} DISPNAME {bind_op hcmp} VISIBLE false} {BINDTYPE op ID {} IMPL auto LATENCY 0 OPTYPE xor PRAGMA {} RTLNAME xor_ln46_fu_849_p2 SOURCE ../main_5_slices.cpp:46 VARIABLE xor_ln46 LOOP Loop2_4LSTM BUNDLEDNAME {} DSP 0 BRAM 0 URAM 0 STORAGESUBTYPE {} DISPNAME {bind_op xor} VISIBLE false} {BINDTYPE op ID {} IMPL auto LATENCY 0 OPTYPE and PRAGMA {} RTLNAME and_ln47_fu_855_p2 SOURCE ../main_5_slices.cpp:47 VARIABLE and_ln47 LOOP Loop2_4LSTM BUNDLEDNAME {} DSP 0 BRAM 0 URAM 0 STORAGESUBTYPE {} DISPNAME {bind_op and} VISIBLE false} {BINDTYPE op ID {} IMPL onehotencoding_realdef LATENCY 0 OPTYPE sparsemux PRAGMA {} RTLNAME sparsemux_7_2_16_1_1_U44 SOURCE ../main_5_slices.cpp:187 VARIABLE g LOOP Loop2_4LSTM BUNDLEDNAME {} DSP 0 BRAM 0 URAM 0 STORAGESUBTYPE {} DISPNAME {bind_op sparsemux} VISIBLE false} {BINDTYPE op ID {} IMPL maxdsp LATENCY 3 OPTYPE hmul PRAGMA {} RTLNAME hmul_16ns_16ns_16_4_max_dsp_1_U30 SOURCE ../main_5_slices.cpp:188 VARIABLE mul3 LOOP Loop2_4LSTM BUNDLEDNAME {} DSP 2 BRAM 0 URAM 0 STORAGESUBTYPE {} DISPNAME {bind_op hmul} VISIBLE true} {BINDTYPE op ID {} IMPL auto LATENCY 1 OPTYPE hcmp PRAGMA {} RTLNAME hcmp_16ns_16ns_1_2_no_dsp_1_U34 SOURCE ../main_5_slices.cpp:46 VARIABLE cmp_i4 LOOP Loop2_4LSTM BUNDLEDNAME {} DSP 0 BRAM 0 URAM 0 STORAGESUBTYPE {} DISPNAME {bind_op hcmp} VISIBLE false} {BINDTYPE op ID {} IMPL auto LATENCY 1 OPTYPE hcmp PRAGMA {} RTLNAME hcmp_16ns_16ns_1_2_no_dsp_1_U35 SOURCE ../main_5_slices.cpp:47 VARIABLE cmp1_i6 LOOP Loop2_4LSTM BUNDLEDNAME {} DSP 0 BRAM 0 URAM 0 STORAGESUBTYPE {} DISPNAME {bind_op hcmp} VISIBLE false} {BINDTYPE op ID {} IMPL auto LATENCY 0 OPTYPE xor PRAGMA {} RTLNAME xor_ln46_1_fu_888_p2 SOURCE ../main_5_slices.cpp:46 VARIABLE xor_ln46_1 LOOP Loop2_4LSTM BUNDLEDNAME {} DSP 0 BRAM 0 URAM 0 STORAGESUBTYPE {} DISPNAME {bind_op xor} VISIBLE false} {BINDTYPE op ID {} IMPL auto LATENCY 0 OPTYPE and PRAGMA {} RTLNAME and_ln47_1_fu_894_p2 SOURCE ../main_5_slices.cpp:47 VARIABLE and_ln47_1 LOOP Loop2_4LSTM BUNDLEDNAME {} DSP 0 BRAM 0 URAM 0 STORAGESUBTYPE {} DISPNAME {bind_op and} VISIBLE false} {BINDTYPE op ID {} IMPL onehotencoding_realdef LATENCY 0 OPTYPE sparsemux PRAGMA {} RTLNAME sparsemux_7_2_16_1_1_U45 SOURCE ../main_5_slices.cpp:188 VARIABLE retval_0_i LOOP Loop2_4LSTM BUNDLEDNAME {} DSP 0 BRAM 0 URAM 0 STORAGESUBTYPE {} DISPNAME {bind_op sparsemux} VISIBLE false} {BINDTYPE op ID {} IMPL maxdsp LATENCY 3 OPTYPE hmul PRAGMA {} RTLNAME hmul_16ns_16ns_16_4_max_dsp_1_U31 SOURCE ../main_5_slices.cpp:189 VARIABLE h LOOP Loop2_4LSTM BUNDLEDNAME {} DSP 2 BRAM 0 URAM 0 STORAGESUBTYPE {} DISPNAME {bind_op hmul} VISIBLE true}} AREA {DSP 31 BRAM 0 URAM 0}} lstm_forward_unidir {BINDINFO {{BINDTYPE storage ID {} IMPL auto LATENCY 1 OPTYPE ram_2p PRAGMA {} RTLNAME z_U SOURCE ../main_5_slices.cpp:150 VARIABLE z LOOP {} BUNDLEDNAME {} DSP 0 BRAM 0 URAM 0 STORAGESUBTYPE {} STORAGESIZE {16 26 1} STORAGEUSAGE {ram_2p array} DISPNAME {bind_storage ram_2p} VISIBLE true} {BINDTYPE storage ID {} IMPL auto LATENCY 1 OPTYPE ram_2p PRAGMA {} RTLNAME z_1_U SOURCE ../main_5_slices.cpp:150 VARIABLE z_1 LOOP {} BUNDLEDNAME {} DSP 0 BRAM 0 URAM 0 STORAGESUBTYPE {} STORAGESIZE {16 26 1} STORAGEUSAGE {ram_2p array} DISPNAME {bind_storage ram_2p} VISIBLE true} {BINDTYPE storage ID {} IMPL auto LATENCY 1 OPTYPE ram_2p PRAGMA {} RTLNAME z_2_U SOURCE ../main_5_slices.cpp:150 VARIABLE z_2 LOOP {} BUNDLEDNAME {} DSP 0 BRAM 0 URAM 0 STORAGESUBTYPE {} STORAGESIZE {16 26 1} STORAGEUSAGE {ram_2p array} DISPNAME {bind_storage ram_2p} VISIBLE true} {BINDTYPE storage ID {} IMPL auto LATENCY 1 OPTYPE ram_2p PRAGMA {} RTLNAME z_3_U SOURCE ../main_5_slices.cpp:150 VARIABLE z_3 LOOP {} BUNDLEDNAME {} DSP 0 BRAM 0 URAM 0 STORAGESUBTYPE {} STORAGESIZE {16 26 1} STORAGEUSAGE {ram_2p array} DISPNAME {bind_storage ram_2p} VISIBLE true} {BINDTYPE storage ID {} IMPL auto LATENCY 1 OPTYPE ram_2p PRAGMA {} RTLNAME z_4_U SOURCE ../main_5_slices.cpp:150 VARIABLE z_4 LOOP {} BUNDLEDNAME {} DSP 0 BRAM 0 URAM 0 STORAGESUBTYPE {} STORAGESIZE {16 26 1} STORAGEUSAGE {ram_2p array} DISPNAME {bind_storage ram_2p} VISIBLE true} {BINDTYPE op ID {} IMPL auto LATENCY 0 OPTYPE seteq PRAGMA {} RTLNAME icmp_ln152_fu_416_p2 SOURCE ../main_5_slices.cpp:152 VARIABLE icmp_ln152 LOOP Loop1LSTM BUNDLEDNAME {} DSP 0 BRAM 0 URAM 0 STORAGESUBTYPE {} DISPNAME {bind_op seteq} VISIBLE false} {BINDTYPE op ID {} IMPL fabric LATENCY 0 OPTYPE add PRAGMA {} RTLNAME add_ln152_fu_422_p2 SOURCE ../main_5_slices.cpp:152 VARIABLE add_ln152 LOOP Loop1LSTM BUNDLEDNAME {} DSP 0 BRAM 0 URAM 0 STORAGESUBTYPE {} DISPNAME {bind_op add} VISIBLE true} {BINDTYPE op ID {} IMPL auto LATENCY 0 OPTYPE seteq PRAGMA {} RTLNAME icmp_ln162_fu_435_p2 SOURCE ../main_5_slices.cpp:162 VARIABLE icmp_ln162 LOOP Loop2_2LSTM_Loop3_2_1LSTM BUNDLEDNAME {} DSP 0 BRAM 0 URAM 0 STORAGESUBTYPE {} DISPNAME {bind_op seteq} VISIBLE false} {BINDTYPE op ID {} IMPL fabric LATENCY 0 OPTYPE add PRAGMA {} RTLNAME add_ln162_fu_441_p2 SOURCE ../main_5_slices.cpp:162 VARIABLE add_ln162 LOOP Loop2_2LSTM_Loop3_2_1LSTM BUNDLEDNAME {} DSP 0 BRAM 0 URAM 0 STORAGESUBTYPE {} DISPNAME {bind_op add} VISIBLE true} {BINDTYPE op ID {} IMPL auto LATENCY 0 OPTYPE seteq PRAGMA {} RTLNAME icmp_ln166_fu_447_p2 SOURCE ../main_5_slices.cpp:166 VARIABLE icmp_ln166 LOOP Loop2_2LSTM_Loop3_2_1LSTM BUNDLEDNAME {} DSP 0 BRAM 0 URAM 0 STORAGESUBTYPE {} DISPNAME {bind_op seteq} VISIBLE false} {BINDTYPE op ID {} IMPL auto_sel LATENCY 0 OPTYPE select PRAGMA {} RTLNAME select_ln163_fu_453_p3 SOURCE ../main_5_slices.cpp:163 VARIABLE select_ln163 LOOP Loop2_2LSTM_Loop3_2_1LSTM BUNDLEDNAME {} DSP 0 BRAM 0 URAM 0 STORAGESUBTYPE {} DISPNAME {bind_op select} VISIBLE false} {BINDTYPE op ID {} IMPL fabric LATENCY 0 OPTYPE add PRAGMA {} RTLNAME add_ln162_1_fu_473_p2 SOURCE ../main_5_slices.cpp:162 VARIABLE add_ln162_1 LOOP Loop2_2LSTM_Loop3_2_1LSTM BUNDLEDNAME {} DSP 0 BRAM 0 URAM 0 STORAGESUBTYPE {} DISPNAME {bind_op add} VISIBLE true} {BINDTYPE op ID {} IMPL auto_sel LATENCY 0 OPTYPE select PRAGMA {} RTLNAME select_ln162_fu_479_p3 SOURCE ../main_5_slices.cpp:162 VARIABLE select_ln162 LOOP Loop2_2LSTM_Loop3_2_1LSTM BUNDLEDNAME {} DSP 0 BRAM 0 URAM 0 STORAGESUBTYPE {} DISPNAME {bind_op select} VISIBLE false} {BINDTYPE op ID {} IMPL fabric LATENCY 0 OPTYPE add PRAGMA {} RTLNAME add_ln164_fu_493_p2 SOURCE ../main_5_slices.cpp:164 VARIABLE add_ln164 LOOP Loop2_2LSTM_Loop3_2_1LSTM BUNDLEDNAME {} DSP 0 BRAM 0 URAM 0 STORAGESUBTYPE {} DISPNAME {bind_op add} VISIBLE true} {BINDTYPE op ID {} IMPL auto LATENCY 0 OPTYPE mul PRAGMA {} RTLNAME mul_8ns_10ns_17_1_1_U70 SOURCE ../main_5_slices.cpp:166 VARIABLE mul_ln166 LOOP Loop2_2LSTM_Loop3_2_1LSTM BUNDLEDNAME {} DSP 0 BRAM 0 URAM 0 STORAGESUBTYPE {} DISPNAME {bind_op mul} VISIBLE true} {BINDTYPE op ID {} IMPL auto LATENCY 11 OPTYPE urem PRAGMA {} RTLNAME urem_8ns_4ns_3_12_1_U69 SOURCE ../main_5_slices.cpp:166 VARIABLE urem_ln166 LOOP Loop2_2LSTM_Loop3_2_1LSTM BUNDLEDNAME {} DSP 0 BRAM 0 URAM 0 STORAGESUBTYPE {} DISPNAME {bind_op urem} VISIBLE false} {BINDTYPE op ID {} IMPL fabric LATENCY 0 OPTYPE add PRAGMA {} RTLNAME add_ln168_fu_532_p2 SOURCE ../main_5_slices.cpp:168 VARIABLE add_ln168 LOOP Loop2_2LSTM_Loop3_2_1LSTM BUNDLEDNAME {} DSP 0 BRAM 0 URAM 0 STORAGESUBTYPE {} DISPNAME {bind_op add} VISIBLE true} {BINDTYPE op ID {} IMPL maxdsp LATENCY 3 OPTYPE hmul PRAGMA {} RTLNAME hmul_16ns_16ns_16_4_max_dsp_1_U68 SOURCE ../main_5_slices.cpp:168 VARIABLE mul LOOP Loop2_2LSTM_Loop3_2_1LSTM BUNDLEDNAME {} DSP 2 BRAM 0 URAM 0 STORAGESUBTYPE {} DISPNAME {bind_op hmul} VISIBLE true} {BINDTYPE op ID {} IMPL compactencoding_dontcare LATENCY 0 OPTYPE sparsemux PRAGMA {} RTLNAME sparsemux_11_3_16_1_1_U71 SOURCE ../main_5_slices.cpp:168 VARIABLE tmp_6 LOOP Loop2_2LSTM_Loop3_2_1LSTM BUNDLEDNAME {} DSP 0 BRAM 0 URAM 0 STORAGESUBTYPE {} DISPNAME {bind_op sparsemux} VISIBLE false} {BINDTYPE op ID {} IMPL fulldsp LATENCY 4 OPTYPE hadd PRAGMA {} RTLNAME hadd_16ns_16ns_16_5_full_dsp_1_U67 SOURCE ../main_5_slices.cpp:168 VARIABLE add LOOP Loop2_2LSTM_Loop3_2_1LSTM BUNDLEDNAME {} DSP 2 BRAM 0 URAM 0 STORAGESUBTYPE {} DISPNAME {bind_op hadd} VISIBLE true} {BINDTYPE op ID {} IMPL fabric LATENCY 0 OPTYPE add PRAGMA {} RTLNAME add_ln166_fu_467_p2 SOURCE ../main_5_slices.cpp:166 VARIABLE add_ln166 LOOP Loop2_2LSTM_Loop3_2_1LSTM BUNDLEDNAME {} DSP 0 BRAM 0 URAM 0 STORAGESUBTYPE {} DISPNAME {bind_op add} VISIBLE true} {BINDTYPE op ID {} IMPL auto LATENCY 0 OPTYPE seteq PRAGMA {} RTLNAME icmp_ln172_fu_583_p2 SOURCE ../main_5_slices.cpp:172 VARIABLE icmp_ln172 LOOP Loop2_3LSTM_Loop3_3_1LSTM BUNDLEDNAME {} DSP 0 BRAM 0 URAM 0 STORAGESUBTYPE {} DISPNAME {bind_op seteq} VISIBLE false} {BINDTYPE op ID {} IMPL fabric LATENCY 0 OPTYPE add PRAGMA {} RTLNAME add_ln172_fu_589_p2 SOURCE ../main_5_slices.cpp:172 VARIABLE add_ln172 LOOP Loop2_3LSTM_Loop3_3_1LSTM BUNDLEDNAME {} DSP 0 BRAM 0 URAM 0 STORAGESUBTYPE {} DISPNAME {bind_op add} VISIBLE true} {BINDTYPE op ID {} IMPL auto LATENCY 0 OPTYPE seteq PRAGMA {} RTLNAME icmp_ln176_fu_595_p2 SOURCE ../main_5_slices.cpp:176 VARIABLE icmp_ln176 LOOP Loop2_3LSTM_Loop3_3_1LSTM BUNDLEDNAME {} DSP 0 BRAM 0 URAM 0 STORAGESUBTYPE {} DISPNAME {bind_op seteq} VISIBLE false} {BINDTYPE op ID {} IMPL auto_sel LATENCY 0 OPTYPE select PRAGMA {} RTLNAME select_ln173_fu_601_p3 SOURCE ../main_5_slices.cpp:173 VARIABLE select_ln173 LOOP Loop2_3LSTM_Loop3_3_1LSTM BUNDLEDNAME {} DSP 0 BRAM 0 URAM 0 STORAGESUBTYPE {} DISPNAME {bind_op select} VISIBLE false} {BINDTYPE op ID {} IMPL fabric LATENCY 0 OPTYPE add PRAGMA {} RTLNAME add_ln172_1_fu_621_p2 SOURCE ../main_5_slices.cpp:172 VARIABLE add_ln172_1 LOOP Loop2_3LSTM_Loop3_3_1LSTM BUNDLEDNAME {} DSP 0 BRAM 0 URAM 0 STORAGESUBTYPE {} DISPNAME {bind_op add} VISIBLE true} {BINDTYPE op ID {} IMPL auto_sel LATENCY 0 OPTYPE select PRAGMA {} RTLNAME select_ln172_fu_627_p3 SOURCE ../main_5_slices.cpp:172 VARIABLE select_ln172 LOOP Loop2_3LSTM_Loop3_3_1LSTM BUNDLEDNAME {} DSP 0 BRAM 0 URAM 0 STORAGESUBTYPE {} DISPNAME {bind_op select} VISIBLE false} {BINDTYPE op ID {} IMPL auto LATENCY 0 OPTYPE mul PRAGMA {} RTLNAME mul_8ns_10ns_17_1_1_U73 SOURCE ../main_5_slices.cpp:176 VARIABLE mul_ln176 LOOP Loop2_3LSTM_Loop3_3_1LSTM BUNDLEDNAME {} DSP 0 BRAM 0 URAM 0 STORAGESUBTYPE {} DISPNAME {bind_op mul} VISIBLE true} {BINDTYPE op ID {} IMPL auto LATENCY 11 OPTYPE urem PRAGMA {} RTLNAME urem_8ns_4ns_3_12_1_U72 SOURCE ../main_5_slices.cpp:176 VARIABLE urem_ln176 LOOP Loop2_3LSTM_Loop3_3_1LSTM BUNDLEDNAME {} DSP 0 BRAM 0 URAM 0 STORAGESUBTYPE {} DISPNAME {bind_op urem} VISIBLE false} {BINDTYPE op ID {} IMPL fabric LATENCY 0 OPTYPE add PRAGMA {} RTLNAME add_ln178_fu_668_p2 SOURCE ../main_5_slices.cpp:178 VARIABLE add_ln178 LOOP Loop2_3LSTM_Loop3_3_1LSTM BUNDLEDNAME {} DSP 0 BRAM 0 URAM 0 STORAGESUBTYPE {} DISPNAME {bind_op add} VISIBLE true} {BINDTYPE op ID {} IMPL maxdsp LATENCY 3 OPTYPE hmul PRAGMA {} RTLNAME hmul_16ns_16ns_16_4_max_dsp_1_U68 SOURCE ../main_5_slices.cpp:178 VARIABLE mul1 LOOP Loop2_3LSTM_Loop3_3_1LSTM BUNDLEDNAME {} DSP 2 BRAM 0 URAM 0 STORAGESUBTYPE {} DISPNAME {bind_op hmul} VISIBLE true} {BINDTYPE op ID {} IMPL compactencoding_dontcare LATENCY 0 OPTYPE sparsemux PRAGMA {} RTLNAME sparsemux_11_3_16_1_1_U74 SOURCE ../main_5_slices.cpp:178 VARIABLE tmp_3 LOOP Loop2_3LSTM_Loop3_3_1LSTM BUNDLEDNAME {} DSP 0 BRAM 0 URAM 0 STORAGESUBTYPE {} DISPNAME {bind_op sparsemux} VISIBLE false} {BINDTYPE op ID {} IMPL fulldsp LATENCY 4 OPTYPE hadd PRAGMA {} RTLNAME hadd_16ns_16ns_16_5_full_dsp_1_U67 SOURCE ../main_5_slices.cpp:178 VARIABLE add8 LOOP Loop2_3LSTM_Loop3_3_1LSTM BUNDLEDNAME {} DSP 2 BRAM 0 URAM 0 STORAGESUBTYPE {} DISPNAME {bind_op hadd} VISIBLE true} {BINDTYPE op ID {} IMPL fabric LATENCY 0 OPTYPE add PRAGMA {} RTLNAME add_ln176_fu_615_p2 SOURCE ../main_5_slices.cpp:176 VARIABLE add_ln176 LOOP Loop2_3LSTM_Loop3_3_1LSTM BUNDLEDNAME {} DSP 0 BRAM 0 URAM 0 STORAGESUBTYPE {} DISPNAME {bind_op add} VISIBLE true} {BINDTYPE storage ID {} IMPL auto LATENCY 1 OPTYPE ram_s2p PRAGMA {} RTLNAME c_slice_U SOURCE {} VARIABLE c_slice LOOP {} BUNDLEDNAME {} DSP 0 BRAM 0 URAM 0 STORAGESUBTYPE {} STORAGESIZE {16 32 1} STORAGEUSAGE ram_s2p DISPNAME {bind_storage ram_s2p} VISIBLE true}} AREA {DSP 35 BRAM 0 URAM 0}} run_all_slices_unrolled_Pipeline_Loop_BN {BINDINFO {{BINDTYPE op ID {} IMPL auto LATENCY 0 OPTYPE seteq PRAGMA {} RTLNAME icmp_ln198_fu_127_p2 SOURCE ../main_5_slices.cpp:198 VARIABLE icmp_ln198 LOOP Loop_BN BUNDLEDNAME {} DSP 0 BRAM 0 URAM 0 STORAGESUBTYPE {} DISPNAME {bind_op seteq} VISIBLE false} {BINDTYPE op ID {} IMPL fabric LATENCY 0 OPTYPE add PRAGMA {} RTLNAME add_ln198_fu_133_p2 SOURCE ../main_5_slices.cpp:198 VARIABLE add_ln198 LOOP Loop_BN BUNDLEDNAME {} DSP 0 BRAM 0 URAM 0 STORAGESUBTYPE {} DISPNAME {bind_op add} VISIBLE true} {BINDTYPE storage ID {} IMPL auto LATENCY 1 OPTYPE rom_1p PRAGMA {} RTLNAME BN2_var0_U SOURCE {} VARIABLE BN2_var0 LOOP {} BUNDLEDNAME {} DSP 0 BRAM 0 URAM 0 STORAGESUBTYPE {} STORAGESIZE {16 32 1} STORAGEUSAGE rom_1p DISPNAME {bind_storage rom_1p} VISIBLE true} {BINDTYPE storage ID {} IMPL auto LATENCY 1 OPTYPE rom_1p PRAGMA {} RTLNAME BN2_gamma0_U SOURCE {} VARIABLE BN2_gamma0 LOOP {} BUNDLEDNAME {} DSP 0 BRAM 0 URAM 0 STORAGESUBTYPE {} STORAGESIZE {16 32 1} STORAGEUSAGE rom_1p DISPNAME {bind_storage rom_1p} VISIBLE true}} AREA {DSP 0 BRAM 0 URAM 0}} run_all_slices_unrolled_Pipeline_MergedLoop0 {BINDINFO {{BINDTYPE op ID {} IMPL auto LATENCY 0 OPTYPE seteq PRAGMA {} RTLNAME icmp_ln303_fu_107_p2 SOURCE ../main_5_slices.cpp:303 VARIABLE icmp_ln303 LOOP MergedLoop0 BUNDLEDNAME {} DSP 0 BRAM 0 URAM 0 STORAGESUBTYPE {} DISPNAME {bind_op seteq} VISIBLE false} {BINDTYPE op ID {} IMPL fabric LATENCY 0 OPTYPE add PRAGMA {} RTLNAME add_ln303_fu_113_p2 SOURCE ../main_5_slices.cpp:303 VARIABLE add_ln303 LOOP MergedLoop0 BUNDLEDNAME {} DSP 0 BRAM 0 URAM 0 STORAGESUBTYPE {} DISPNAME {bind_op add} VISIBLE true} {BINDTYPE op ID {} IMPL auto LATENCY 0 OPTYPE xor PRAGMA {} RTLNAME xor_ln46_fu_130_p2 SOURCE ../main_5_slices.cpp:46 VARIABLE xor_ln46 LOOP MergedLoop0 BUNDLEDNAME {} DSP 0 BRAM 0 URAM 0 STORAGESUBTYPE {} DISPNAME {bind_op xor} VISIBLE false} {BINDTYPE op ID {} IMPL auto LATENCY 0 OPTYPE and PRAGMA {} RTLNAME and_ln47_fu_136_p2 SOURCE ../main_5_slices.cpp:47 VARIABLE and_ln47 LOOP MergedLoop0 BUNDLEDNAME {} DSP 0 BRAM 0 URAM 0 STORAGESUBTYPE {} DISPNAME {bind_op and} VISIBLE false} {BINDTYPE op ID {} IMPL onehotencoding_realdef LATENCY 0 OPTYPE sparsemux PRAGMA {} RTLNAME sparsemux_7_2_16_1_1_U98 SOURCE ../main_5_slices.cpp:304 VARIABLE retval_0_i1 LOOP MergedLoop0 BUNDLEDNAME {} DSP 0 BRAM 0 URAM 0 STORAGESUBTYPE {} DISPNAME {bind_op sparsemux} VISIBLE false}} AREA {DSP 0 BRAM 0 URAM 0}} conv_bn_act_pool_Pipeline_BNParamsLoop {BINDINFO {{BINDTYPE op ID {} IMPL auto LATENCY 0 OPTYPE seteq PRAGMA {} RTLNAME icmp_ln89_fu_987_p2 SOURCE ../main_5_slices.cpp:89 VARIABLE icmp_ln89 LOOP BNParamsLoop BUNDLEDNAME {} DSP 0 BRAM 0 URAM 0 STORAGESUBTYPE {} DISPNAME {bind_op seteq} VISIBLE false} {BINDTYPE op ID {} IMPL fabric LATENCY 0 OPTYPE add PRAGMA {} RTLNAME add_ln89_fu_993_p2 SOURCE ../main_5_slices.cpp:89 VARIABLE add_ln89 LOOP BNParamsLoop BUNDLEDNAME {} DSP 0 BRAM 0 URAM 0 STORAGESUBTYPE {} DISPNAME {bind_op add} VISIBLE true} {BINDTYPE op ID {} IMPL compactencoding_dontcare LATENCY 0 OPTYPE sparsemux PRAGMA {} RTLNAME sparsemux_65_5_16_1_1_U111 SOURCE ../main_5_slices.cpp:91 VARIABLE tmp LOOP BNParamsLoop BUNDLEDNAME {} DSP 0 BRAM 0 URAM 0 STORAGESUBTYPE {} DISPNAME {bind_op sparsemux} VISIBLE false} {BINDTYPE op ID {} IMPL compactencoding_dontcare LATENCY 0 OPTYPE sparsemux PRAGMA {} RTLNAME sparsemux_65_5_16_1_1_U112 SOURCE ../main_5_slices.cpp:93 VARIABLE tmp_1 LOOP BNParamsLoop BUNDLEDNAME {} DSP 0 BRAM 0 URAM 0 STORAGESUBTYPE {} DISPNAME {bind_op sparsemux} VISIBLE false}} AREA {DSP 0 BRAM 0 URAM 0}} conv_bn_act_pool_Pipeline_Loop3_2Big {BINDINFO {{BINDTYPE op ID {} IMPL auto LATENCY 0 OPTYPE seteq PRAGMA {} RTLNAME icmp_ln126_fu_656_p2 SOURCE ../main_5_slices.cpp:126 VARIABLE icmp_ln126 LOOP Loop3_2Big BUNDLEDNAME {} DSP 0 BRAM 0 URAM 0 STORAGESUBTYPE {} DISPNAME {bind_op seteq} VISIBLE false} {BINDTYPE op ID {} IMPL fabric LATENCY 0 OPTYPE add PRAGMA {} RTLNAME add_ln126_fu_662_p2 SOURCE ../main_5_slices.cpp:126 VARIABLE add_ln126 LOOP Loop3_2Big BUNDLEDNAME {} DSP 0 BRAM 0 URAM 0 STORAGESUBTYPE {} DISPNAME {bind_op add} VISIBLE true} {BINDTYPE op ID {} IMPL compactencoding_dontcare LATENCY 0 OPTYPE sparsemux PRAGMA {} RTLNAME sparsemux_65_5_16_1_1_U179 SOURCE ../main_5_slices.cpp:129 VARIABLE tmp_5 LOOP Loop3_2Big BUNDLEDNAME {} DSP 0 BRAM 0 URAM 0 STORAGESUBTYPE {} DISPNAME {bind_op sparsemux} VISIBLE false} {BINDTYPE op ID {} IMPL fabric LATENCY 0 OPTYPE add PRAGMA {} RTLNAME add_ln129_fu_816_p2 SOURCE ../main_5_slices.cpp:129 VARIABLE add_ln129 LOOP Loop3_2Big BUNDLEDNAME {} DSP 0 BRAM 0 URAM 0 STORAGESUBTYPE {} DISPNAME {bind_op add} VISIBLE true}} AREA {DSP 0 BRAM 0 URAM 0}} conv_bn_act_pool {BINDINFO {{BINDTYPE op ID {} IMPL auto LATENCY 0 OPTYPE seteq PRAGMA {} RTLNAME icmp_ln106_fu_1167_p2 SOURCE ../main_5_slices.cpp:106 VARIABLE icmp_ln106 LOOP Loop1Big BUNDLEDNAME {} DSP 0 BRAM 0 URAM 0 STORAGESUBTYPE {} DISPNAME {bind_op seteq} VISIBLE false} {BINDTYPE op ID {} IMPL fabric LATENCY 0 OPTYPE add PRAGMA {} RTLNAME add_ln106_fu_1173_p2 SOURCE ../main_5_slices.cpp:106 VARIABLE add_ln106 LOOP Loop1Big BUNDLEDNAME {} DSP 0 BRAM 0 URAM 0 STORAGESUBTYPE {} DISPNAME {bind_op add} VISIBLE true} {BINDTYPE op ID {} IMPL auto LATENCY 0 OPTYPE seteq PRAGMA {} RTLNAME icmp_ln108_fu_1179_p2 SOURCE ../main_5_slices.cpp:108 VARIABLE icmp_ln108 LOOP Loop2Big BUNDLEDNAME {} DSP 0 BRAM 0 URAM 0 STORAGESUBTYPE {} DISPNAME {bind_op seteq} VISIBLE false} {BINDTYPE op ID {} IMPL fabric LATENCY 0 OPTYPE add PRAGMA {} RTLNAME add_ln108_fu_1185_p2 SOURCE ../main_5_slices.cpp:108 VARIABLE add_ln108 LOOP Loop2Big BUNDLEDNAME {} DSP 0 BRAM 0 URAM 0 STORAGESUBTYPE {} DISPNAME {bind_op add} VISIBLE true} {BINDTYPE op ID {} IMPL auto LATENCY 0 OPTYPE seteq PRAGMA {} RTLNAME icmp_ln111_fu_1242_p2 SOURCE ../main_5_slices.cpp:111 VARIABLE icmp_ln111 LOOP Loop3_1Big_Loop4Big BUNDLEDNAME {} DSP 0 BRAM 0 URAM 0 STORAGESUBTYPE {} DISPNAME {bind_op seteq} VISIBLE false} {BINDTYPE op ID {} IMPL fabric LATENCY 0 OPTYPE add PRAGMA {} RTLNAME add_ln111_fu_1248_p2 SOURCE ../main_5_slices.cpp:111 VARIABLE add_ln111 LOOP Loop3_1Big_Loop4Big BUNDLEDNAME {} DSP 0 BRAM 0 URAM 0 STORAGESUBTYPE {} DISPNAME {bind_op add} VISIBLE true} {BINDTYPE op ID {} IMPL auto_sel LATENCY 0 OPTYPE select PRAGMA {} RTLNAME select_ln112_fu_1266_p3 SOURCE ../main_5_slices.cpp:112 VARIABLE select_ln112 LOOP Loop3_1Big_Loop4Big BUNDLEDNAME {} DSP 0 BRAM 0 URAM 0 STORAGESUBTYPE {} DISPNAME {bind_op select} VISIBLE false} {BINDTYPE op ID {} IMPL fabric LATENCY 0 OPTYPE add PRAGMA {} RTLNAME add_ln111_4_fu_1274_p2 SOURCE ../main_5_slices.cpp:111 VARIABLE add_ln111_4 LOOP Loop3_1Big_Loop4Big BUNDLEDNAME {} DSP 0 BRAM 0 URAM 0 STORAGESUBTYPE {} DISPNAME {bind_op add} VISIBLE true} {BINDTYPE op ID {} IMPL auto_sel LATENCY 0 OPTYPE select PRAGMA {} RTLNAME select_ln111_fu_1280_p3 SOURCE ../main_5_slices.cpp:111 VARIABLE select_ln111 LOOP Loop3_1Big_Loop4Big BUNDLEDNAME {} DSP 0 BRAM 0 URAM 0 STORAGESUBTYPE {} DISPNAME {bind_op select} VISIBLE false} {BINDTYPE op ID {} IMPL fabric LATENCY 0 OPTYPE add PRAGMA {} RTLNAME add_ln113_fu_1292_p2 SOURCE ../main_5_slices.cpp:113 VARIABLE add_ln113 LOOP Loop3_1Big_Loop4Big BUNDLEDNAME {} DSP 0 BRAM 0 URAM 0 STORAGESUBTYPE {} DISPNAME {bind_op add} VISIBLE true} {BINDTYPE op ID {} IMPL fabric LATENCY 0 OPTYPE add PRAGMA {} RTLNAME add_ln117_fu_1368_p2 SOURCE ../main_5_slices.cpp:117 VARIABLE add_ln117 LOOP Loop3_1Big_Loop4Big BUNDLEDNAME {} DSP 0 BRAM 0 URAM 0 STORAGESUBTYPE {} DISPNAME {bind_op add} VISIBLE true} {BINDTYPE op ID {} IMPL fabric LATENCY 0 OPTYPE add PRAGMA {} RTLNAME add_ln115_fu_1382_p2 SOURCE ../main_5_slices.cpp:115 VARIABLE add_ln115 LOOP Loop3_1Big_Loop4Big BUNDLEDNAME {} DSP 0 BRAM 0 URAM 0 STORAGESUBTYPE {} DISPNAME {bind_op add} VISIBLE true} {BINDTYPE op ID {} IMPL compactencoding_dontcare LATENCY 0 OPTYPE sparsemux PRAGMA {} RTLNAME sparsemux_65_5_16_1_1_U222 SOURCE ../main_5_slices.cpp:121 VARIABLE tmp_2 LOOP Loop2Big BUNDLEDNAME {} DSP 0 BRAM 0 URAM 0 STORAGESUBTYPE {} DISPNAME {bind_op sparsemux} VISIBLE false} {BINDTYPE op ID {} IMPL compactencoding_dontcare LATENCY 0 OPTYPE sparsemux PRAGMA {} RTLNAME sparsemux_65_5_16_1_1_U223 SOURCE ../main_5_slices.cpp:121 VARIABLE tmp_3 LOOP Loop2Big BUNDLEDNAME {} DSP 0 BRAM 0 URAM 0 STORAGESUBTYPE {} DISPNAME {bind_op sparsemux} VISIBLE false} {BINDTYPE op ID {} IMPL auto_sel LATENCY 0 OPTYPE select PRAGMA {} RTLNAME y_fu_1595_p3 SOURCE ../main_5_slices.cpp:53 VARIABLE y LOOP Loop2Big BUNDLEDNAME {} DSP 0 BRAM 0 URAM 0 STORAGESUBTYPE {} DISPNAME {bind_op select} VISIBLE false} {BINDTYPE op ID {} IMPL compactencoding_dontcare LATENCY 0 OPTYPE sparsemux PRAGMA {} RTLNAME sparsemux_65_5_16_1_1_U224 SOURCE ../main_5_slices.cpp:123 VARIABLE tmp_4 LOOP Loop2Big BUNDLEDNAME {} DSP 0 BRAM 0 URAM 0 STORAGESUBTYPE {} DISPNAME {bind_op sparsemux} VISIBLE false} {BINDTYPE op ID {} IMPL fabric LATENCY 0 OPTYPE add PRAGMA {} RTLNAME pc_4_fu_1198_p2 SOURCE ../main_5_slices.cpp:125 VARIABLE pc_4 LOOP Loop1Big BUNDLEDNAME {} DSP 0 BRAM 0 URAM 0 STORAGESUBTYPE {} DISPNAME {bind_op add} VISIBLE true} {BINDTYPE op ID {} IMPL auto LATENCY 0 OPTYPE seteq PRAGMA {} RTLNAME icmp_ln125_fu_1204_p2 SOURCE ../main_5_slices.cpp:125 VARIABLE icmp_ln125 LOOP Loop1Big BUNDLEDNAME {} DSP 0 BRAM 0 URAM 0 STORAGESUBTYPE {} DISPNAME {bind_op seteq} VISIBLE false} {BINDTYPE op ID {} IMPL fabric LATENCY 0 OPTYPE add PRAGMA {} RTLNAME u_4_fu_1231_p2 SOURCE ../main_5_slices.cpp:133 VARIABLE u_4 LOOP Loop1Big BUNDLEDNAME {} DSP 0 BRAM 0 URAM 0 STORAGESUBTYPE {} DISPNAME {bind_op add} VISIBLE true} {BINDTYPE storage ID {} IMPL auto LATENCY 3 OPTYPE rom_1p PRAGMA {} RTLNAME X_slice12_U SOURCE {} VARIABLE X_slice12 LOOP {} BUNDLEDNAME {} DSP 0 BRAM 4 URAM 0 STORAGESUBTYPE {} STORAGESIZE {16 2496 1} STORAGEUSAGE rom_1p DISPNAME {bind_storage rom_1p} VISIBLE true} {BINDTYPE storage ID {} IMPL auto LATENCY 3 OPTYPE rom_1p PRAGMA {} RTLNAME ConvW1_U SOURCE {} VARIABLE ConvW1 LOOP {} BUNDLEDNAME {} DSP 0 BRAM 8 URAM 0 STORAGESUBTYPE {} STORAGESIZE {16 7168 1} STORAGEUSAGE rom_1p DISPNAME {bind_storage rom_1p} VISIBLE true}} AREA {DSP 0 BRAM 12 URAM 0}} run_all_slices_unrolled_Pipeline_Loop_BN2 {BINDINFO {{BINDTYPE op ID {} IMPL auto LATENCY 0 OPTYPE seteq PRAGMA {} RTLNAME icmp_ln198_fu_127_p2 SOURCE ../main_5_slices.cpp:198 VARIABLE icmp_ln198 LOOP Loop_BN BUNDLEDNAME {} DSP 0 BRAM 0 URAM 0 STORAGESUBTYPE {} DISPNAME {bind_op seteq} VISIBLE false} {BINDTYPE op ID {} IMPL fabric LATENCY 0 OPTYPE add PRAGMA {} RTLNAME add_ln198_fu_133_p2 SOURCE ../main_5_slices.cpp:198 VARIABLE add_ln198 LOOP Loop_BN BUNDLEDNAME {} DSP 0 BRAM 0 URAM 0 STORAGESUBTYPE {} DISPNAME {bind_op add} VISIBLE true} {BINDTYPE storage ID {} IMPL auto LATENCY 1 OPTYPE rom_1p PRAGMA {} RTLNAME BN2_var1_U SOURCE {} VARIABLE BN2_var1 LOOP {} BUNDLEDNAME {} DSP 0 BRAM 0 URAM 0 STORAGESUBTYPE {} STORAGESIZE {16 32 1} STORAGEUSAGE rom_1p DISPNAME {bind_storage rom_1p} VISIBLE true} {BINDTYPE storage ID {} IMPL auto LATENCY 1 OPTYPE rom_1p PRAGMA {} RTLNAME BN2_gamma1_U SOURCE {} VARIABLE BN2_gamma1 LOOP {} BUNDLEDNAME {} DSP 0 BRAM 0 URAM 0 STORAGESUBTYPE {} STORAGESIZE {16 32 1} STORAGEUSAGE rom_1p DISPNAME {bind_storage rom_1p} VISIBLE true}} AREA {DSP 0 BRAM 0 URAM 0}} run_all_slices_unrolled_Pipeline_MergedLoop1 {BINDINFO {{BINDTYPE op ID {} IMPL auto LATENCY 0 OPTYPE seteq PRAGMA {} RTLNAME icmp_ln317_fu_107_p2 SOURCE ../main_5_slices.cpp:317 VARIABLE icmp_ln317 LOOP MergedLoop1 BUNDLEDNAME {} DSP 0 BRAM 0 URAM 0 STORAGESUBTYPE {} DISPNAME {bind_op seteq} VISIBLE false} {BINDTYPE op ID {} IMPL fabric LATENCY 0 OPTYPE add PRAGMA {} RTLNAME add_ln317_fu_113_p2 SOURCE ../main_5_slices.cpp:317 VARIABLE add_ln317 LOOP MergedLoop1 BUNDLEDNAME {} DSP 0 BRAM 0 URAM 0 STORAGESUBTYPE {} DISPNAME {bind_op add} VISIBLE true} {BINDTYPE op ID {} IMPL auto LATENCY 0 OPTYPE xor PRAGMA {} RTLNAME xor_ln46_fu_130_p2 SOURCE ../main_5_slices.cpp:46 VARIABLE xor_ln46 LOOP MergedLoop1 BUNDLEDNAME {} DSP 0 BRAM 0 URAM 0 STORAGESUBTYPE {} DISPNAME {bind_op xor} VISIBLE false} {BINDTYPE op ID {} IMPL auto LATENCY 0 OPTYPE and PRAGMA {} RTLNAME and_ln47_fu_136_p2 SOURCE ../main_5_slices.cpp:47 VARIABLE and_ln47 LOOP MergedLoop1 BUNDLEDNAME {} DSP 0 BRAM 0 URAM 0 STORAGESUBTYPE {} DISPNAME {bind_op and} VISIBLE false} {BINDTYPE op ID {} IMPL onehotencoding_realdef LATENCY 0 OPTYPE sparsemux PRAGMA {} RTLNAME sparsemux_7_2_16_1_1_U246 SOURCE ../main_5_slices.cpp:318 VARIABLE retval_0_i2 LOOP MergedLoop1 BUNDLEDNAME {} DSP 0 BRAM 0 URAM 0 STORAGESUBTYPE {} DISPNAME {bind_op sparsemux} VISIBLE false}} AREA {DSP 0 BRAM 0 URAM 0}} conv_bn_act_pool_2_Pipeline_BNParamsLoop {BINDINFO {{BINDTYPE op ID {} IMPL auto LATENCY 0 OPTYPE seteq PRAGMA {} RTLNAME icmp_ln89_fu_987_p2 SOURCE ../main_5_slices.cpp:89 VARIABLE icmp_ln89 LOOP BNParamsLoop BUNDLEDNAME {} DSP 0 BRAM 0 URAM 0 STORAGESUBTYPE {} DISPNAME {bind_op seteq} VISIBLE false} {BINDTYPE op ID {} IMPL fabric LATENCY 0 OPTYPE add PRAGMA {} RTLNAME add_ln89_fu_993_p2 SOURCE ../main_5_slices.cpp:89 VARIABLE add_ln89 LOOP BNParamsLoop BUNDLEDNAME {} DSP 0 BRAM 0 URAM 0 STORAGESUBTYPE {} DISPNAME {bind_op add} VISIBLE true} {BINDTYPE op ID {} IMPL compactencoding_dontcare LATENCY 0 OPTYPE sparsemux PRAGMA {} RTLNAME sparsemux_65_5_16_1_1_U259 SOURCE ../main_5_slices.cpp:91 VARIABLE tmp LOOP BNParamsLoop BUNDLEDNAME {} DSP 0 BRAM 0 URAM 0 STORAGESUBTYPE {} DISPNAME {bind_op sparsemux} VISIBLE false} {BINDTYPE op ID {} IMPL compactencoding_dontcare LATENCY 0 OPTYPE sparsemux PRAGMA {} RTLNAME sparsemux_65_5_16_1_1_U260 SOURCE ../main_5_slices.cpp:93 VARIABLE tmp_5 LOOP BNParamsLoop BUNDLEDNAME {} DSP 0 BRAM 0 URAM 0 STORAGESUBTYPE {} DISPNAME {bind_op sparsemux} VISIBLE false}} AREA {DSP 0 BRAM 0 URAM 0}} conv_bn_act_pool_2_Pipeline_Loop3_2Big {BINDINFO {{BINDTYPE op ID {} IMPL auto LATENCY 0 OPTYPE seteq PRAGMA {} RTLNAME icmp_ln126_fu_656_p2 SOURCE ../main_5_slices.cpp:126 VARIABLE icmp_ln126 LOOP Loop3_2Big BUNDLEDNAME {} DSP 0 BRAM 0 URAM 0 STORAGESUBTYPE {} DISPNAME {bind_op seteq} VISIBLE false} {BINDTYPE op ID {} IMPL fabric LATENCY 0 OPTYPE add PRAGMA {} RTLNAME add_ln126_fu_662_p2 SOURCE ../main_5_slices.cpp:126 VARIABLE add_ln126 LOOP Loop3_2Big BUNDLEDNAME {} DSP 0 BRAM 0 URAM 0 STORAGESUBTYPE {} DISPNAME {bind_op add} VISIBLE true} {BINDTYPE op ID {} IMPL compactencoding_dontcare LATENCY 0 OPTYPE sparsemux PRAGMA {} RTLNAME sparsemux_65_5_16_1_1_U326 SOURCE ../main_5_slices.cpp:129 VARIABLE tmp_9 LOOP Loop3_2Big BUNDLEDNAME {} DSP 0 BRAM 0 URAM 0 STORAGESUBTYPE {} DISPNAME {bind_op sparsemux} VISIBLE false} {BINDTYPE op ID {} IMPL fabric LATENCY 0 OPTYPE add PRAGMA {} RTLNAME add_ln129_fu_816_p2 SOURCE ../main_5_slices.cpp:129 VARIABLE add_ln129 LOOP Loop3_2Big BUNDLEDNAME {} DSP 0 BRAM 0 URAM 0 STORAGESUBTYPE {} DISPNAME {bind_op add} VISIBLE true}} AREA {DSP 0 BRAM 0 URAM 0}} conv_bn_act_pool_2 {BINDINFO {{BINDTYPE op ID {} IMPL auto LATENCY 0 OPTYPE seteq PRAGMA {} RTLNAME icmp_ln106_fu_1171_p2 SOURCE ../main_5_slices.cpp:106 VARIABLE icmp_ln106 LOOP Loop1Big BUNDLEDNAME {} DSP 0 BRAM 0 URAM 0 STORAGESUBTYPE {} DISPNAME {bind_op seteq} VISIBLE false} {BINDTYPE op ID {} IMPL fabric LATENCY 0 OPTYPE add PRAGMA {} RTLNAME add_ln106_fu_1177_p2 SOURCE ../main_5_slices.cpp:106 VARIABLE add_ln106 LOOP Loop1Big BUNDLEDNAME {} DSP 0 BRAM 0 URAM 0 STORAGESUBTYPE {} DISPNAME {bind_op add} VISIBLE true} {BINDTYPE op ID {} IMPL auto LATENCY 0 OPTYPE seteq PRAGMA {} RTLNAME icmp_ln108_fu_1183_p2 SOURCE ../main_5_slices.cpp:108 VARIABLE icmp_ln108 LOOP Loop2Big BUNDLEDNAME {} DSP 0 BRAM 0 URAM 0 STORAGESUBTYPE {} DISPNAME {bind_op seteq} VISIBLE false} {BINDTYPE op ID {} IMPL fabric LATENCY 0 OPTYPE add PRAGMA {} RTLNAME add_ln108_fu_1189_p2 SOURCE ../main_5_slices.cpp:108 VARIABLE add_ln108 LOOP Loop2Big BUNDLEDNAME {} DSP 0 BRAM 0 URAM 0 STORAGESUBTYPE {} DISPNAME {bind_op add} VISIBLE true} {BINDTYPE op ID {} IMPL auto LATENCY 0 OPTYPE seteq PRAGMA {} RTLNAME icmp_ln111_fu_1246_p2 SOURCE ../main_5_slices.cpp:111 VARIABLE icmp_ln111 LOOP Loop3_1Big_Loop4Big BUNDLEDNAME {} DSP 0 BRAM 0 URAM 0 STORAGESUBTYPE {} DISPNAME {bind_op seteq} VISIBLE false} {BINDTYPE op ID {} IMPL fabric LATENCY 0 OPTYPE add PRAGMA {} RTLNAME add_ln111_fu_1252_p2 SOURCE ../main_5_slices.cpp:111 VARIABLE add_ln111 LOOP Loop3_1Big_Loop4Big BUNDLEDNAME {} DSP 0 BRAM 0 URAM 0 STORAGESUBTYPE {} DISPNAME {bind_op add} VISIBLE true} {BINDTYPE op ID {} IMPL auto_sel LATENCY 0 OPTYPE select PRAGMA {} RTLNAME select_ln112_fu_1270_p3 SOURCE ../main_5_slices.cpp:112 VARIABLE select_ln112 LOOP Loop3_1Big_Loop4Big BUNDLEDNAME {} DSP 0 BRAM 0 URAM 0 STORAGESUBTYPE {} DISPNAME {bind_op select} VISIBLE false} {BINDTYPE op ID {} IMPL fabric LATENCY 0 OPTYPE add PRAGMA {} RTLNAME add_ln111_3_fu_1278_p2 SOURCE ../main_5_slices.cpp:111 VARIABLE add_ln111_3 LOOP Loop3_1Big_Loop4Big BUNDLEDNAME {} DSP 0 BRAM 0 URAM 0 STORAGESUBTYPE {} DISPNAME {bind_op add} VISIBLE true} {BINDTYPE op ID {} IMPL auto_sel LATENCY 0 OPTYPE select PRAGMA {} RTLNAME select_ln111_fu_1284_p3 SOURCE ../main_5_slices.cpp:111 VARIABLE select_ln111 LOOP Loop3_1Big_Loop4Big BUNDLEDNAME {} DSP 0 BRAM 0 URAM 0 STORAGESUBTYPE {} DISPNAME {bind_op select} VISIBLE false} {BINDTYPE op ID {} IMPL fabric LATENCY 0 OPTYPE add PRAGMA {} RTLNAME add_ln113_fu_1296_p2 SOURCE ../main_5_slices.cpp:113 VARIABLE add_ln113 LOOP Loop3_1Big_Loop4Big BUNDLEDNAME {} DSP 0 BRAM 0 URAM 0 STORAGESUBTYPE {} DISPNAME {bind_op add} VISIBLE true} {BINDTYPE op ID {} IMPL fabric LATENCY 0 OPTYPE add PRAGMA {} RTLNAME add_ln117_fu_1372_p2 SOURCE ../main_5_slices.cpp:117 VARIABLE add_ln117 LOOP Loop3_1Big_Loop4Big BUNDLEDNAME {} DSP 0 BRAM 0 URAM 0 STORAGESUBTYPE {} DISPNAME {bind_op add} VISIBLE true} {BINDTYPE op ID {} IMPL fabric LATENCY 0 OPTYPE add PRAGMA {} RTLNAME add_ln115_fu_1386_p2 SOURCE ../main_5_slices.cpp:115 VARIABLE add_ln115 LOOP Loop3_1Big_Loop4Big BUNDLEDNAME {} DSP 0 BRAM 0 URAM 0 STORAGESUBTYPE {} DISPNAME {bind_op add} VISIBLE true} {BINDTYPE op ID {} IMPL compactencoding_dontcare LATENCY 0 OPTYPE sparsemux PRAGMA {} RTLNAME sparsemux_65_5_16_1_1_U369 SOURCE ../main_5_slices.cpp:121 VARIABLE tmp_6 LOOP Loop2Big BUNDLEDNAME {} DSP 0 BRAM 0 URAM 0 STORAGESUBTYPE {} DISPNAME {bind_op sparsemux} VISIBLE false} {BINDTYPE op ID {} IMPL compactencoding_dontcare LATENCY 0 OPTYPE sparsemux PRAGMA {} RTLNAME sparsemux_65_5_16_1_1_U370 SOURCE ../main_5_slices.cpp:121 VARIABLE tmp_7 LOOP Loop2Big BUNDLEDNAME {} DSP 0 BRAM 0 URAM 0 STORAGESUBTYPE {} DISPNAME {bind_op sparsemux} VISIBLE false} {BINDTYPE op ID {} IMPL auto_sel LATENCY 0 OPTYPE select PRAGMA {} RTLNAME y_fu_1599_p3 SOURCE ../main_5_slices.cpp:53 VARIABLE y LOOP Loop2Big BUNDLEDNAME {} DSP 0 BRAM 0 URAM 0 STORAGESUBTYPE {} DISPNAME {bind_op select} VISIBLE false} {BINDTYPE op ID {} IMPL compactencoding_dontcare LATENCY 0 OPTYPE sparsemux PRAGMA {} RTLNAME sparsemux_65_5_16_1_1_U371 SOURCE ../main_5_slices.cpp:123 VARIABLE tmp_8 LOOP Loop2Big BUNDLEDNAME {} DSP 0 BRAM 0 URAM 0 STORAGESUBTYPE {} DISPNAME {bind_op sparsemux} VISIBLE false} {BINDTYPE op ID {} IMPL fabric LATENCY 0 OPTYPE add PRAGMA {} RTLNAME pc_3_fu_1202_p2 SOURCE ../main_5_slices.cpp:125 VARIABLE pc_3 LOOP Loop1Big BUNDLEDNAME {} DSP 0 BRAM 0 URAM 0 STORAGESUBTYPE {} DISPNAME {bind_op add} VISIBLE true} {BINDTYPE op ID {} IMPL auto LATENCY 0 OPTYPE seteq PRAGMA {} RTLNAME icmp_ln125_fu_1208_p2 SOURCE ../main_5_slices.cpp:125 VARIABLE icmp_ln125 LOOP Loop1Big BUNDLEDNAME {} DSP 0 BRAM 0 URAM 0 STORAGESUBTYPE {} DISPNAME {bind_op seteq} VISIBLE false} {BINDTYPE op ID {} IMPL fabric LATENCY 0 OPTYPE add PRAGMA {} RTLNAME u_3_fu_1235_p2 SOURCE ../main_5_slices.cpp:133 VARIABLE u_3 LOOP Loop1Big BUNDLEDNAME {} DSP 0 BRAM 0 URAM 0 STORAGESUBTYPE {} DISPNAME {bind_op add} VISIBLE true} {BINDTYPE storage ID {} IMPL auto LATENCY 3 OPTYPE rom_1p PRAGMA {} RTLNAME X_slice27_U SOURCE {} VARIABLE X_slice27 LOOP {} BUNDLEDNAME {} DSP 0 BRAM 8 URAM 0 STORAGESUBTYPE {} STORAGESIZE {16 4800 1} STORAGEUSAGE rom_1p DISPNAME {bind_storage rom_1p} VISIBLE true} {BINDTYPE storage ID {} IMPL auto LATENCY 3 OPTYPE rom_1p PRAGMA {} RTLNAME ConvW2_U SOURCE {} VARIABLE ConvW2 LOOP {} BUNDLEDNAME {} DSP 0 BRAM 8 URAM 0 STORAGESUBTYPE {} STORAGESIZE {16 7168 1} STORAGEUSAGE rom_1p DISPNAME {bind_storage rom_1p} VISIBLE true}} AREA {DSP 0 BRAM 16 URAM 0}} run_all_slices_unrolled_Pipeline_Loop_BN3 {BINDINFO {{BINDTYPE op ID {} IMPL auto LATENCY 0 OPTYPE seteq PRAGMA {} RTLNAME icmp_ln198_fu_127_p2 SOURCE ../main_5_slices.cpp:198 VARIABLE icmp_ln198 LOOP Loop_BN BUNDLEDNAME {} DSP 0 BRAM 0 URAM 0 STORAGESUBTYPE {} DISPNAME {bind_op seteq} VISIBLE false} {BINDTYPE op ID {} IMPL fabric LATENCY 0 OPTYPE add PRAGMA {} RTLNAME add_ln198_fu_133_p2 SOURCE ../main_5_slices.cpp:198 VARIABLE add_ln198 LOOP Loop_BN BUNDLEDNAME {} DSP 0 BRAM 0 URAM 0 STORAGESUBTYPE {} DISPNAME {bind_op add} VISIBLE true} {BINDTYPE storage ID {} IMPL auto LATENCY 1 OPTYPE rom_1p PRAGMA {} RTLNAME BN2_var2_U SOURCE {} VARIABLE BN2_var2 LOOP {} BUNDLEDNAME {} DSP 0 BRAM 0 URAM 0 STORAGESUBTYPE {} STORAGESIZE {16 32 1} STORAGEUSAGE rom_1p DISPNAME {bind_storage rom_1p} VISIBLE true} {BINDTYPE storage ID {} IMPL auto LATENCY 1 OPTYPE rom_1p PRAGMA {} RTLNAME BN2_gamma2_U SOURCE {} VARIABLE BN2_gamma2 LOOP {} BUNDLEDNAME {} DSP 0 BRAM 0 URAM 0 STORAGESUBTYPE {} STORAGESIZE {16 32 1} STORAGEUSAGE rom_1p DISPNAME {bind_storage rom_1p} VISIBLE true}} AREA {DSP 0 BRAM 0 URAM 0}} run_all_slices_unrolled_Pipeline_MergedLoop2 {BINDINFO {{BINDTYPE op ID {} IMPL auto LATENCY 0 OPTYPE seteq PRAGMA {} RTLNAME icmp_ln331_fu_107_p2 SOURCE ../main_5_slices.cpp:331 VARIABLE icmp_ln331 LOOP MergedLoop2 BUNDLEDNAME {} DSP 0 BRAM 0 URAM 0 STORAGESUBTYPE {} DISPNAME {bind_op seteq} VISIBLE false} {BINDTYPE op ID {} IMPL fabric LATENCY 0 OPTYPE add PRAGMA {} RTLNAME add_ln331_fu_113_p2 SOURCE ../main_5_slices.cpp:331 VARIABLE add_ln331 LOOP MergedLoop2 BUNDLEDNAME {} DSP 0 BRAM 0 URAM 0 STORAGESUBTYPE {} DISPNAME {bind_op add} VISIBLE true} {BINDTYPE op ID {} IMPL auto LATENCY 0 OPTYPE xor PRAGMA {} RTLNAME xor_ln46_fu_130_p2 SOURCE ../main_5_slices.cpp:46 VARIABLE xor_ln46 LOOP MergedLoop2 BUNDLEDNAME {} DSP 0 BRAM 0 URAM 0 STORAGESUBTYPE {} DISPNAME {bind_op xor} VISIBLE false} {BINDTYPE op ID {} IMPL auto LATENCY 0 OPTYPE and PRAGMA {} RTLNAME and_ln47_fu_136_p2 SOURCE ../main_5_slices.cpp:47 VARIABLE and_ln47 LOOP MergedLoop2 BUNDLEDNAME {} DSP 0 BRAM 0 URAM 0 STORAGESUBTYPE {} DISPNAME {bind_op and} VISIBLE false} {BINDTYPE op ID {} IMPL onehotencoding_realdef LATENCY 0 OPTYPE sparsemux PRAGMA {} RTLNAME sparsemux_7_2_16_1_1_U393 SOURCE ../main_5_slices.cpp:332 VARIABLE retval_0_i3 LOOP MergedLoop2 BUNDLEDNAME {} DSP 0 BRAM 0 URAM 0 STORAGESUBTYPE {} DISPNAME {bind_op sparsemux} VISIBLE false}} AREA {DSP 0 BRAM 0 URAM 0}} conv_bn_act_pool_3_Pipeline_BNParamsLoop {BINDINFO {{BINDTYPE op ID {} IMPL auto LATENCY 0 OPTYPE seteq PRAGMA {} RTLNAME icmp_ln89_fu_987_p2 SOURCE ../main_5_slices.cpp:89 VARIABLE icmp_ln89 LOOP BNParamsLoop BUNDLEDNAME {} DSP 0 BRAM 0 URAM 0 STORAGESUBTYPE {} DISPNAME {bind_op seteq} VISIBLE false} {BINDTYPE op ID {} IMPL fabric LATENCY 0 OPTYPE add PRAGMA {} RTLNAME add_ln89_fu_993_p2 SOURCE ../main_5_slices.cpp:89 VARIABLE add_ln89 LOOP BNParamsLoop BUNDLEDNAME {} DSP 0 BRAM 0 URAM 0 STORAGESUBTYPE {} DISPNAME {bind_op add} VISIBLE true} {BINDTYPE op ID {} IMPL compactencoding_dontcare LATENCY 0 OPTYPE sparsemux PRAGMA {} RTLNAME sparsemux_65_5_16_1_1_U406 SOURCE ../main_5_slices.cpp:91 VARIABLE tmp LOOP BNParamsLoop BUNDLEDNAME {} DSP 0 BRAM 0 URAM 0 STORAGESUBTYPE {} DISPNAME {bind_op sparsemux} VISIBLE false} {BINDTYPE op ID {} IMPL compactencoding_dontcare LATENCY 0 OPTYPE sparsemux PRAGMA {} RTLNAME sparsemux_65_5_16_1_1_U407 SOURCE ../main_5_slices.cpp:93 VARIABLE tmp_9 LOOP BNParamsLoop BUNDLEDNAME {} DSP 0 BRAM 0 URAM 0 STORAGESUBTYPE {} DISPNAME {bind_op sparsemux} VISIBLE false}} AREA {DSP 0 BRAM 0 URAM 0}} conv_bn_act_pool_3_Pipeline_Loop3_2Big {BINDINFO {{BINDTYPE op ID {} IMPL auto LATENCY 0 OPTYPE seteq PRAGMA {} RTLNAME icmp_ln126_fu_656_p2 SOURCE ../main_5_slices.cpp:126 VARIABLE icmp_ln126 LOOP Loop3_2Big BUNDLEDNAME {} DSP 0 BRAM 0 URAM 0 STORAGESUBTYPE {} DISPNAME {bind_op seteq} VISIBLE false} {BINDTYPE op ID {} IMPL fabric LATENCY 0 OPTYPE add PRAGMA {} RTLNAME add_ln126_fu_662_p2 SOURCE ../main_5_slices.cpp:126 VARIABLE add_ln126 LOOP Loop3_2Big BUNDLEDNAME {} DSP 0 BRAM 0 URAM 0 STORAGESUBTYPE {} DISPNAME {bind_op add} VISIBLE true} {BINDTYPE op ID {} IMPL compactencoding_dontcare LATENCY 0 OPTYPE sparsemux PRAGMA {} RTLNAME sparsemux_65_5_16_1_1_U473 SOURCE ../main_5_slices.cpp:129 VARIABLE tmp_4 LOOP Loop3_2Big BUNDLEDNAME {} DSP 0 BRAM 0 URAM 0 STORAGESUBTYPE {} DISPNAME {bind_op sparsemux} VISIBLE false} {BINDTYPE op ID {} IMPL fabric LATENCY 0 OPTYPE add PRAGMA {} RTLNAME add_ln129_fu_816_p2 SOURCE ../main_5_slices.cpp:129 VARIABLE add_ln129 LOOP Loop3_2Big BUNDLEDNAME {} DSP 0 BRAM 0 URAM 0 STORAGESUBTYPE {} DISPNAME {bind_op add} VISIBLE true}} AREA {DSP 0 BRAM 0 URAM 0}} conv_bn_act_pool_3 {BINDINFO {{BINDTYPE op ID {} IMPL auto LATENCY 0 OPTYPE seteq PRAGMA {} RTLNAME icmp_ln106_fu_1171_p2 SOURCE ../main_5_slices.cpp:106 VARIABLE icmp_ln106 LOOP Loop1Big BUNDLEDNAME {} DSP 0 BRAM 0 URAM 0 STORAGESUBTYPE {} DISPNAME {bind_op seteq} VISIBLE false} {BINDTYPE op ID {} IMPL fabric LATENCY 0 OPTYPE add PRAGMA {} RTLNAME add_ln106_fu_1177_p2 SOURCE ../main_5_slices.cpp:106 VARIABLE add_ln106 LOOP Loop1Big BUNDLEDNAME {} DSP 0 BRAM 0 URAM 0 STORAGESUBTYPE {} DISPNAME {bind_op add} VISIBLE true} {BINDTYPE op ID {} IMPL auto LATENCY 0 OPTYPE seteq PRAGMA {} RTLNAME icmp_ln108_fu_1183_p2 SOURCE ../main_5_slices.cpp:108 VARIABLE icmp_ln108 LOOP Loop2Big BUNDLEDNAME {} DSP 0 BRAM 0 URAM 0 STORAGESUBTYPE {} DISPNAME {bind_op seteq} VISIBLE false} {BINDTYPE op ID {} IMPL fabric LATENCY 0 OPTYPE add PRAGMA {} RTLNAME add_ln108_fu_1189_p2 SOURCE ../main_5_slices.cpp:108 VARIABLE add_ln108 LOOP Loop2Big BUNDLEDNAME {} DSP 0 BRAM 0 URAM 0 STORAGESUBTYPE {} DISPNAME {bind_op add} VISIBLE true} {BINDTYPE op ID {} IMPL auto LATENCY 0 OPTYPE seteq PRAGMA {} RTLNAME icmp_ln111_fu_1246_p2 SOURCE ../main_5_slices.cpp:111 VARIABLE icmp_ln111 LOOP Loop3_1Big_Loop4Big BUNDLEDNAME {} DSP 0 BRAM 0 URAM 0 STORAGESUBTYPE {} DISPNAME {bind_op seteq} VISIBLE false} {BINDTYPE op ID {} IMPL fabric LATENCY 0 OPTYPE add PRAGMA {} RTLNAME add_ln111_fu_1252_p2 SOURCE ../main_5_slices.cpp:111 VARIABLE add_ln111 LOOP Loop3_1Big_Loop4Big BUNDLEDNAME {} DSP 0 BRAM 0 URAM 0 STORAGESUBTYPE {} DISPNAME {bind_op add} VISIBLE true} {BINDTYPE op ID {} IMPL auto_sel LATENCY 0 OPTYPE select PRAGMA {} RTLNAME select_ln112_fu_1270_p3 SOURCE ../main_5_slices.cpp:112 VARIABLE select_ln112 LOOP Loop3_1Big_Loop4Big BUNDLEDNAME {} DSP 0 BRAM 0 URAM 0 STORAGESUBTYPE {} DISPNAME {bind_op select} VISIBLE false} {BINDTYPE op ID {} IMPL fabric LATENCY 0 OPTYPE add PRAGMA {} RTLNAME add_ln111_2_fu_1278_p2 SOURCE ../main_5_slices.cpp:111 VARIABLE add_ln111_2 LOOP Loop3_1Big_Loop4Big BUNDLEDNAME {} DSP 0 BRAM 0 URAM 0 STORAGESUBTYPE {} DISPNAME {bind_op add} VISIBLE true} {BINDTYPE op ID {} IMPL auto_sel LATENCY 0 OPTYPE select PRAGMA {} RTLNAME select_ln111_fu_1284_p3 SOURCE ../main_5_slices.cpp:111 VARIABLE select_ln111 LOOP Loop3_1Big_Loop4Big BUNDLEDNAME {} DSP 0 BRAM 0 URAM 0 STORAGESUBTYPE {} DISPNAME {bind_op select} VISIBLE false} {BINDTYPE op ID {} IMPL fabric LATENCY 0 OPTYPE add PRAGMA {} RTLNAME add_ln113_fu_1296_p2 SOURCE ../main_5_slices.cpp:113 VARIABLE add_ln113 LOOP Loop3_1Big_Loop4Big BUNDLEDNAME {} DSP 0 BRAM 0 URAM 0 STORAGESUBTYPE {} DISPNAME {bind_op add} VISIBLE true} {BINDTYPE op ID {} IMPL fabric LATENCY 0 OPTYPE add PRAGMA {} RTLNAME add_ln117_fu_1372_p2 SOURCE ../main_5_slices.cpp:117 VARIABLE add_ln117 LOOP Loop3_1Big_Loop4Big BUNDLEDNAME {} DSP 0 BRAM 0 URAM 0 STORAGESUBTYPE {} DISPNAME {bind_op add} VISIBLE true} {BINDTYPE op ID {} IMPL fabric LATENCY 0 OPTYPE add PRAGMA {} RTLNAME add_ln115_fu_1386_p2 SOURCE ../main_5_slices.cpp:115 VARIABLE add_ln115 LOOP Loop3_1Big_Loop4Big BUNDLEDNAME {} DSP 0 BRAM 0 URAM 0 STORAGESUBTYPE {} DISPNAME {bind_op add} VISIBLE true} {BINDTYPE op ID {} IMPL compactencoding_dontcare LATENCY 0 OPTYPE sparsemux PRAGMA {} RTLNAME sparsemux_65_5_16_1_1_U516 SOURCE ../main_5_slices.cpp:121 VARIABLE tmp_1 LOOP Loop2Big BUNDLEDNAME {} DSP 0 BRAM 0 URAM 0 STORAGESUBTYPE {} DISPNAME {bind_op sparsemux} VISIBLE false} {BINDTYPE op ID {} IMPL compactencoding_dontcare LATENCY 0 OPTYPE sparsemux PRAGMA {} RTLNAME sparsemux_65_5_16_1_1_U517 SOURCE ../main_5_slices.cpp:121 VARIABLE tmp_2 LOOP Loop2Big BUNDLEDNAME {} DSP 0 BRAM 0 URAM 0 STORAGESUBTYPE {} DISPNAME {bind_op sparsemux} VISIBLE false} {BINDTYPE op ID {} IMPL auto_sel LATENCY 0 OPTYPE select PRAGMA {} RTLNAME y_fu_1599_p3 SOURCE ../main_5_slices.cpp:53 VARIABLE y LOOP Loop2Big BUNDLEDNAME {} DSP 0 BRAM 0 URAM 0 STORAGESUBTYPE {} DISPNAME {bind_op select} VISIBLE false} {BINDTYPE op ID {} IMPL compactencoding_dontcare LATENCY 0 OPTYPE sparsemux PRAGMA {} RTLNAME sparsemux_65_5_16_1_1_U518 SOURCE ../main_5_slices.cpp:123 VARIABLE tmp_3 LOOP Loop2Big BUNDLEDNAME {} DSP 0 BRAM 0 URAM 0 STORAGESUBTYPE {} DISPNAME {bind_op sparsemux} VISIBLE false} {BINDTYPE op ID {} IMPL fabric LATENCY 0 OPTYPE add PRAGMA {} RTLNAME pc_2_fu_1202_p2 SOURCE ../main_5_slices.cpp:125 VARIABLE pc_2 LOOP Loop1Big BUNDLEDNAME {} DSP 0 BRAM 0 URAM 0 STORAGESUBTYPE {} DISPNAME {bind_op add} VISIBLE true} {BINDTYPE op ID {} IMPL auto LATENCY 0 OPTYPE seteq PRAGMA {} RTLNAME icmp_ln125_fu_1208_p2 SOURCE ../main_5_slices.cpp:125 VARIABLE icmp_ln125 LOOP Loop1Big BUNDLEDNAME {} DSP 0 BRAM 0 URAM 0 STORAGESUBTYPE {} DISPNAME {bind_op seteq} VISIBLE false} {BINDTYPE op ID {} IMPL fabric LATENCY 0 OPTYPE add PRAGMA {} RTLNAME u_2_fu_1235_p2 SOURCE ../main_5_slices.cpp:133 VARIABLE u_2 LOOP Loop1Big BUNDLEDNAME {} DSP 0 BRAM 0 URAM 0 STORAGESUBTYPE {} DISPNAME {bind_op add} VISIBLE true} {BINDTYPE storage ID {} IMPL auto LATENCY 3 OPTYPE rom_1p PRAGMA {} RTLNAME X_slice42_U SOURCE {} VARIABLE X_slice42 LOOP {} BUNDLEDNAME {} DSP 0 BRAM 16 URAM 0 STORAGESUBTYPE {} STORAGESIZE {16 9408 1} STORAGEUSAGE rom_1p DISPNAME {bind_storage rom_1p} VISIBLE true} {BINDTYPE storage ID {} IMPL auto LATENCY 3 OPTYPE rom_1p PRAGMA {} RTLNAME ConvW3_U SOURCE {} VARIABLE ConvW3 LOOP {} BUNDLEDNAME {} DSP 0 BRAM 8 URAM 0 STORAGESUBTYPE {} STORAGESIZE {16 7168 1} STORAGEUSAGE rom_1p DISPNAME {bind_storage rom_1p} VISIBLE true}} AREA {DSP 0 BRAM 24 URAM 0}} run_all_slices_unrolled_Pipeline_Loop_BN4 {BINDINFO {{BINDTYPE op ID {} IMPL auto LATENCY 0 OPTYPE seteq PRAGMA {} RTLNAME icmp_ln198_fu_127_p2 SOURCE ../main_5_slices.cpp:198 VARIABLE icmp_ln198 LOOP Loop_BN BUNDLEDNAME {} DSP 0 BRAM 0 URAM 0 STORAGESUBTYPE {} DISPNAME {bind_op seteq} VISIBLE false} {BINDTYPE op ID {} IMPL fabric LATENCY 0 OPTYPE add PRAGMA {} RTLNAME add_ln198_fu_133_p2 SOURCE ../main_5_slices.cpp:198 VARIABLE add_ln198 LOOP Loop_BN BUNDLEDNAME {} DSP 0 BRAM 0 URAM 0 STORAGESUBTYPE {} DISPNAME {bind_op add} VISIBLE true} {BINDTYPE storage ID {} IMPL auto LATENCY 1 OPTYPE rom_1p PRAGMA {} RTLNAME BN2_var3_U SOURCE {} VARIABLE BN2_var3 LOOP {} BUNDLEDNAME {} DSP 0 BRAM 0 URAM 0 STORAGESUBTYPE {} STORAGESIZE {16 32 1} STORAGEUSAGE rom_1p DISPNAME {bind_storage rom_1p} VISIBLE true} {BINDTYPE storage ID {} IMPL auto LATENCY 1 OPTYPE rom_1p PRAGMA {} RTLNAME BN2_gamma3_U SOURCE {} VARIABLE BN2_gamma3 LOOP {} BUNDLEDNAME {} DSP 0 BRAM 0 URAM 0 STORAGESUBTYPE {} STORAGESIZE {16 32 1} STORAGEUSAGE rom_1p DISPNAME {bind_storage rom_1p} VISIBLE true}} AREA {DSP 0 BRAM 0 URAM 0}} run_all_slices_unrolled_Pipeline_MergedLoop3 {BINDINFO {{BINDTYPE op ID {} IMPL auto LATENCY 0 OPTYPE seteq PRAGMA {} RTLNAME icmp_ln345_fu_107_p2 SOURCE ../main_5_slices.cpp:345 VARIABLE icmp_ln345 LOOP MergedLoop3 BUNDLEDNAME {} DSP 0 BRAM 0 URAM 0 STORAGESUBTYPE {} DISPNAME {bind_op seteq} VISIBLE false} {BINDTYPE op ID {} IMPL fabric LATENCY 0 OPTYPE add PRAGMA {} RTLNAME add_ln345_fu_113_p2 SOURCE ../main_5_slices.cpp:345 VARIABLE add_ln345 LOOP MergedLoop3 BUNDLEDNAME {} DSP 0 BRAM 0 URAM 0 STORAGESUBTYPE {} DISPNAME {bind_op add} VISIBLE true} {BINDTYPE op ID {} IMPL auto LATENCY 0 OPTYPE xor PRAGMA {} RTLNAME xor_ln46_fu_130_p2 SOURCE ../main_5_slices.cpp:46 VARIABLE xor_ln46 LOOP MergedLoop3 BUNDLEDNAME {} DSP 0 BRAM 0 URAM 0 STORAGESUBTYPE {} DISPNAME {bind_op xor} VISIBLE false} {BINDTYPE op ID {} IMPL auto LATENCY 0 OPTYPE and PRAGMA {} RTLNAME and_ln47_fu_136_p2 SOURCE ../main_5_slices.cpp:47 VARIABLE and_ln47 LOOP MergedLoop3 BUNDLEDNAME {} DSP 0 BRAM 0 URAM 0 STORAGESUBTYPE {} DISPNAME {bind_op and} VISIBLE false} {BINDTYPE op ID {} IMPL onehotencoding_realdef LATENCY 0 OPTYPE sparsemux PRAGMA {} RTLNAME sparsemux_7_2_16_1_1_U540 SOURCE ../main_5_slices.cpp:346 VARIABLE retval_0_i4 LOOP MergedLoop3 BUNDLEDNAME {} DSP 0 BRAM 0 URAM 0 STORAGESUBTYPE {} DISPNAME {bind_op sparsemux} VISIBLE false}} AREA {DSP 0 BRAM 0 URAM 0}} conv_bn_act_pool_4_Pipeline_BNParamsLoop {BINDINFO {{BINDTYPE op ID {} IMPL auto LATENCY 0 OPTYPE seteq PRAGMA {} RTLNAME icmp_ln89_fu_987_p2 SOURCE ../main_5_slices.cpp:89 VARIABLE icmp_ln89 LOOP BNParamsLoop BUNDLEDNAME {} DSP 0 BRAM 0 URAM 0 STORAGESUBTYPE {} DISPNAME {bind_op seteq} VISIBLE false} {BINDTYPE op ID {} IMPL fabric LATENCY 0 OPTYPE add PRAGMA {} RTLNAME add_ln89_fu_993_p2 SOURCE ../main_5_slices.cpp:89 VARIABLE add_ln89 LOOP BNParamsLoop BUNDLEDNAME {} DSP 0 BRAM 0 URAM 0 STORAGESUBTYPE {} DISPNAME {bind_op add} VISIBLE true} {BINDTYPE op ID {} IMPL compactencoding_dontcare LATENCY 0 OPTYPE sparsemux PRAGMA {} RTLNAME sparsemux_65_5_16_1_1_U553 SOURCE ../main_5_slices.cpp:91 VARIABLE tmp LOOP BNParamsLoop BUNDLEDNAME {} DSP 0 BRAM 0 URAM 0 STORAGESUBTYPE {} DISPNAME {bind_op sparsemux} VISIBLE false} {BINDTYPE op ID {} IMPL compactencoding_dontcare LATENCY 0 OPTYPE sparsemux PRAGMA {} RTLNAME sparsemux_65_5_16_1_1_U554 SOURCE ../main_5_slices.cpp:93 VARIABLE tmp_4 LOOP BNParamsLoop BUNDLEDNAME {} DSP 0 BRAM 0 URAM 0 STORAGESUBTYPE {} DISPNAME {bind_op sparsemux} VISIBLE false}} AREA {DSP 0 BRAM 0 URAM 0}} conv_bn_act_pool_4_Pipeline_Loop3_2Big {BINDINFO {{BINDTYPE op ID {} IMPL auto LATENCY 0 OPTYPE seteq PRAGMA {} RTLNAME icmp_ln126_fu_656_p2 SOURCE ../main_5_slices.cpp:126 VARIABLE icmp_ln126 LOOP Loop3_2Big BUNDLEDNAME {} DSP 0 BRAM 0 URAM 0 STORAGESUBTYPE {} DISPNAME {bind_op seteq} VISIBLE false} {BINDTYPE op ID {} IMPL fabric LATENCY 0 OPTYPE add PRAGMA {} RTLNAME add_ln126_fu_662_p2 SOURCE ../main_5_slices.cpp:126 VARIABLE add_ln126 LOOP Loop3_2Big BUNDLEDNAME {} DSP 0 BRAM 0 URAM 0 STORAGESUBTYPE {} DISPNAME {bind_op add} VISIBLE true} {BINDTYPE op ID {} IMPL compactencoding_dontcare LATENCY 0 OPTYPE sparsemux PRAGMA {} RTLNAME sparsemux_65_5_16_1_1_U620 SOURCE ../main_5_slices.cpp:129 VARIABLE tmp_8 LOOP Loop3_2Big BUNDLEDNAME {} DSP 0 BRAM 0 URAM 0 STORAGESUBTYPE {} DISPNAME {bind_op sparsemux} VISIBLE false} {BINDTYPE op ID {} IMPL fabric LATENCY 0 OPTYPE add PRAGMA {} RTLNAME add_ln129_fu_816_p2 SOURCE ../main_5_slices.cpp:129 VARIABLE add_ln129 LOOP Loop3_2Big BUNDLEDNAME {} DSP 0 BRAM 0 URAM 0 STORAGESUBTYPE {} DISPNAME {bind_op add} VISIBLE true}} AREA {DSP 0 BRAM 0 URAM 0}} conv_bn_act_pool_4 {BINDINFO {{BINDTYPE op ID {} IMPL auto LATENCY 0 OPTYPE seteq PRAGMA {} RTLNAME icmp_ln106_fu_1171_p2 SOURCE ../main_5_slices.cpp:106 VARIABLE icmp_ln106 LOOP Loop1Big BUNDLEDNAME {} DSP 0 BRAM 0 URAM 0 STORAGESUBTYPE {} DISPNAME {bind_op seteq} VISIBLE false} {BINDTYPE op ID {} IMPL fabric LATENCY 0 OPTYPE add PRAGMA {} RTLNAME add_ln106_fu_1177_p2 SOURCE ../main_5_slices.cpp:106 VARIABLE add_ln106 LOOP Loop1Big BUNDLEDNAME {} DSP 0 BRAM 0 URAM 0 STORAGESUBTYPE {} DISPNAME {bind_op add} VISIBLE true} {BINDTYPE op ID {} IMPL auto LATENCY 0 OPTYPE seteq PRAGMA {} RTLNAME icmp_ln108_fu_1183_p2 SOURCE ../main_5_slices.cpp:108 VARIABLE icmp_ln108 LOOP Loop2Big BUNDLEDNAME {} DSP 0 BRAM 0 URAM 0 STORAGESUBTYPE {} DISPNAME {bind_op seteq} VISIBLE false} {BINDTYPE op ID {} IMPL fabric LATENCY 0 OPTYPE add PRAGMA {} RTLNAME add_ln108_fu_1189_p2 SOURCE ../main_5_slices.cpp:108 VARIABLE add_ln108 LOOP Loop2Big BUNDLEDNAME {} DSP 0 BRAM 0 URAM 0 STORAGESUBTYPE {} DISPNAME {bind_op add} VISIBLE true} {BINDTYPE op ID {} IMPL auto LATENCY 0 OPTYPE seteq PRAGMA {} RTLNAME icmp_ln111_fu_1246_p2 SOURCE ../main_5_slices.cpp:111 VARIABLE icmp_ln111 LOOP Loop3_1Big_Loop4Big BUNDLEDNAME {} DSP 0 BRAM 0 URAM 0 STORAGESUBTYPE {} DISPNAME {bind_op seteq} VISIBLE false} {BINDTYPE op ID {} IMPL fabric LATENCY 0 OPTYPE add PRAGMA {} RTLNAME add_ln111_fu_1252_p2 SOURCE ../main_5_slices.cpp:111 VARIABLE add_ln111 LOOP Loop3_1Big_Loop4Big BUNDLEDNAME {} DSP 0 BRAM 0 URAM 0 STORAGESUBTYPE {} DISPNAME {bind_op add} VISIBLE true} {BINDTYPE op ID {} IMPL auto_sel LATENCY 0 OPTYPE select PRAGMA {} RTLNAME select_ln112_fu_1270_p3 SOURCE ../main_5_slices.cpp:112 VARIABLE select_ln112 LOOP Loop3_1Big_Loop4Big BUNDLEDNAME {} DSP 0 BRAM 0 URAM 0 STORAGESUBTYPE {} DISPNAME {bind_op select} VISIBLE false} {BINDTYPE op ID {} IMPL fabric LATENCY 0 OPTYPE add PRAGMA {} RTLNAME add_ln111_1_fu_1278_p2 SOURCE ../main_5_slices.cpp:111 VARIABLE add_ln111_1 LOOP Loop3_1Big_Loop4Big BUNDLEDNAME {} DSP 0 BRAM 0 URAM 0 STORAGESUBTYPE {} DISPNAME {bind_op add} VISIBLE true} {BINDTYPE op ID {} IMPL auto_sel LATENCY 0 OPTYPE select PRAGMA {} RTLNAME select_ln111_fu_1284_p3 SOURCE ../main_5_slices.cpp:111 VARIABLE select_ln111 LOOP Loop3_1Big_Loop4Big BUNDLEDNAME {} DSP 0 BRAM 0 URAM 0 STORAGESUBTYPE {} DISPNAME {bind_op select} VISIBLE false} {BINDTYPE op ID {} IMPL fabric LATENCY 0 OPTYPE add PRAGMA {} RTLNAME add_ln113_fu_1296_p2 SOURCE ../main_5_slices.cpp:113 VARIABLE add_ln113 LOOP Loop3_1Big_Loop4Big BUNDLEDNAME {} DSP 0 BRAM 0 URAM 0 STORAGESUBTYPE {} DISPNAME {bind_op add} VISIBLE true} {BINDTYPE op ID {} IMPL fabric LATENCY 0 OPTYPE add PRAGMA {} RTLNAME add_ln117_fu_1372_p2 SOURCE ../main_5_slices.cpp:117 VARIABLE add_ln117 LOOP Loop3_1Big_Loop4Big BUNDLEDNAME {} DSP 0 BRAM 0 URAM 0 STORAGESUBTYPE {} DISPNAME {bind_op add} VISIBLE true} {BINDTYPE op ID {} IMPL fabric LATENCY 0 OPTYPE add PRAGMA {} RTLNAME add_ln115_fu_1386_p2 SOURCE ../main_5_slices.cpp:115 VARIABLE add_ln115 LOOP Loop3_1Big_Loop4Big BUNDLEDNAME {} DSP 0 BRAM 0 URAM 0 STORAGESUBTYPE {} DISPNAME {bind_op add} VISIBLE true} {BINDTYPE op ID {} IMPL compactencoding_dontcare LATENCY 0 OPTYPE sparsemux PRAGMA {} RTLNAME sparsemux_65_5_16_1_1_U663 SOURCE ../main_5_slices.cpp:121 VARIABLE tmp_5 LOOP Loop2Big BUNDLEDNAME {} DSP 0 BRAM 0 URAM 0 STORAGESUBTYPE {} DISPNAME {bind_op sparsemux} VISIBLE false} {BINDTYPE op ID {} IMPL compactencoding_dontcare LATENCY 0 OPTYPE sparsemux PRAGMA {} RTLNAME sparsemux_65_5_16_1_1_U664 SOURCE ../main_5_slices.cpp:121 VARIABLE tmp_6 LOOP Loop2Big BUNDLEDNAME {} DSP 0 BRAM 0 URAM 0 STORAGESUBTYPE {} DISPNAME {bind_op sparsemux} VISIBLE false} {BINDTYPE op ID {} IMPL auto_sel LATENCY 0 OPTYPE select PRAGMA {} RTLNAME y_fu_1599_p3 SOURCE ../main_5_slices.cpp:53 VARIABLE y LOOP Loop2Big BUNDLEDNAME {} DSP 0 BRAM 0 URAM 0 STORAGESUBTYPE {} DISPNAME {bind_op select} VISIBLE false} {BINDTYPE op ID {} IMPL compactencoding_dontcare LATENCY 0 OPTYPE sparsemux PRAGMA {} RTLNAME sparsemux_65_5_16_1_1_U665 SOURCE ../main_5_slices.cpp:123 VARIABLE tmp_7 LOOP Loop2Big BUNDLEDNAME {} DSP 0 BRAM 0 URAM 0 STORAGESUBTYPE {} DISPNAME {bind_op sparsemux} VISIBLE false} {BINDTYPE op ID {} IMPL fabric LATENCY 0 OPTYPE add PRAGMA {} RTLNAME pc_1_fu_1202_p2 SOURCE ../main_5_slices.cpp:125 VARIABLE pc_1 LOOP Loop1Big BUNDLEDNAME {} DSP 0 BRAM 0 URAM 0 STORAGESUBTYPE {} DISPNAME {bind_op add} VISIBLE true} {BINDTYPE op ID {} IMPL auto LATENCY 0 OPTYPE seteq PRAGMA {} RTLNAME icmp_ln125_fu_1208_p2 SOURCE ../main_5_slices.cpp:125 VARIABLE icmp_ln125 LOOP Loop1Big BUNDLEDNAME {} DSP 0 BRAM 0 URAM 0 STORAGESUBTYPE {} DISPNAME {bind_op seteq} VISIBLE false} {BINDTYPE op ID {} IMPL fabric LATENCY 0 OPTYPE add PRAGMA {} RTLNAME u_1_fu_1235_p2 SOURCE ../main_5_slices.cpp:133 VARIABLE u_1 LOOP Loop1Big BUNDLEDNAME {} DSP 0 BRAM 0 URAM 0 STORAGESUBTYPE {} DISPNAME {bind_op add} VISIBLE true} {BINDTYPE storage ID {} IMPL auto LATENCY 3 OPTYPE rom_1p PRAGMA {} RTLNAME X_slice57_U SOURCE {} VARIABLE X_slice57 LOOP {} BUNDLEDNAME {} DSP 0 BRAM 32 URAM 0 STORAGESUBTYPE {} STORAGESIZE {16 18624 1} STORAGEUSAGE rom_1p DISPNAME {bind_storage rom_1p} VISIBLE true} {BINDTYPE storage ID {} IMPL auto LATENCY 3 OPTYPE rom_1p PRAGMA {} RTLNAME ConvW4_U SOURCE {} VARIABLE ConvW4 LOOP {} BUNDLEDNAME {} DSP 0 BRAM 8 URAM 0 STORAGESUBTYPE {} STORAGESIZE {16 7168 1} STORAGEUSAGE rom_1p DISPNAME {bind_storage rom_1p} VISIBLE true}} AREA {DSP 0 BRAM 40 URAM 0}} run_all_slices_unrolled_Pipeline_Loop_BN5 {BINDINFO {{BINDTYPE op ID {} IMPL auto LATENCY 0 OPTYPE seteq PRAGMA {} RTLNAME icmp_ln198_fu_127_p2 SOURCE ../main_5_slices.cpp:198 VARIABLE icmp_ln198 LOOP Loop_BN BUNDLEDNAME {} DSP 0 BRAM 0 URAM 0 STORAGESUBTYPE {} DISPNAME {bind_op seteq} VISIBLE false} {BINDTYPE op ID {} IMPL fabric LATENCY 0 OPTYPE add PRAGMA {} RTLNAME add_ln198_fu_133_p2 SOURCE ../main_5_slices.cpp:198 VARIABLE add_ln198 LOOP Loop_BN BUNDLEDNAME {} DSP 0 BRAM 0 URAM 0 STORAGESUBTYPE {} DISPNAME {bind_op add} VISIBLE true} {BINDTYPE storage ID {} IMPL auto LATENCY 1 OPTYPE rom_1p PRAGMA {} RTLNAME BN2_var4_U SOURCE {} VARIABLE BN2_var4 LOOP {} BUNDLEDNAME {} DSP 0 BRAM 0 URAM 0 STORAGESUBTYPE {} STORAGESIZE {16 32 1} STORAGEUSAGE rom_1p DISPNAME {bind_storage rom_1p} VISIBLE true} {BINDTYPE storage ID {} IMPL auto LATENCY 1 OPTYPE rom_1p PRAGMA {} RTLNAME BN2_gamma4_U SOURCE {} VARIABLE BN2_gamma4 LOOP {} BUNDLEDNAME {} DSP 0 BRAM 0 URAM 0 STORAGESUBTYPE {} STORAGESIZE {16 32 1} STORAGEUSAGE rom_1p DISPNAME {bind_storage rom_1p} VISIBLE true}} AREA {DSP 0 BRAM 0 URAM 0}} run_all_slices_unrolled_Pipeline_MergedLoop4 {BINDINFO {{BINDTYPE op ID {} IMPL auto LATENCY 0 OPTYPE seteq PRAGMA {} RTLNAME icmp_ln359_fu_107_p2 SOURCE ../main_5_slices.cpp:359 VARIABLE icmp_ln359 LOOP MergedLoop4 BUNDLEDNAME {} DSP 0 BRAM 0 URAM 0 STORAGESUBTYPE {} DISPNAME {bind_op seteq} VISIBLE false} {BINDTYPE op ID {} IMPL fabric LATENCY 0 OPTYPE add PRAGMA {} RTLNAME add_ln359_fu_113_p2 SOURCE ../main_5_slices.cpp:359 VARIABLE add_ln359 LOOP MergedLoop4 BUNDLEDNAME {} DSP 0 BRAM 0 URAM 0 STORAGESUBTYPE {} DISPNAME {bind_op add} VISIBLE true} {BINDTYPE op ID {} IMPL auto LATENCY 0 OPTYPE xor PRAGMA {} RTLNAME xor_ln46_fu_130_p2 SOURCE ../main_5_slices.cpp:46 VARIABLE xor_ln46 LOOP MergedLoop4 BUNDLEDNAME {} DSP 0 BRAM 0 URAM 0 STORAGESUBTYPE {} DISPNAME {bind_op xor} VISIBLE false} {BINDTYPE op ID {} IMPL auto LATENCY 0 OPTYPE and PRAGMA {} RTLNAME and_ln47_fu_136_p2 SOURCE ../main_5_slices.cpp:47 VARIABLE and_ln47 LOOP MergedLoop4 BUNDLEDNAME {} DSP 0 BRAM 0 URAM 0 STORAGESUBTYPE {} DISPNAME {bind_op and} VISIBLE false} {BINDTYPE op ID {} IMPL onehotencoding_realdef LATENCY 0 OPTYPE sparsemux PRAGMA {} RTLNAME sparsemux_7_2_16_1_1_U687 SOURCE ../main_5_slices.cpp:360 VARIABLE retval_0_i LOOP MergedLoop4 BUNDLEDNAME {} DSP 0 BRAM 0 URAM 0 STORAGESUBTYPE {} DISPNAME {bind_op sparsemux} VISIBLE false}} AREA {DSP 0 BRAM 0 URAM 0}} run_all_slices_unrolled {BINDINFO {{BINDTYPE storage ID {} IMPL auto LATENCY 1 OPTYPE ram_2p PRAGMA {} RTLNAME h_slice_U SOURCE {} VARIABLE h_slice LOOP {} BUNDLEDNAME {} DSP 0 BRAM 0 URAM 0 STORAGESUBTYPE {} STORAGESIZE {16 32 1} STORAGEUSAGE ram_2p DISPNAME {bind_storage ram_2p} VISIBLE true} {BINDTYPE storage ID {} IMPL auto LATENCY 3 OPTYPE ram_1p PRAGMA {} RTLNAME U_slice_U SOURCE {} VARIABLE U_slice LOOP {} BUNDLEDNAME {} DSP 0 BRAM 1 URAM 0 STORAGESUBTYPE {} STORAGESIZE {16 384 1} STORAGEUSAGE ram_1p DISPNAME {bind_storage ram_1p} VISIBLE true} {BINDTYPE storage ID {} IMPL auto LATENCY 3 OPTYPE rom_1p PRAGMA {} RTLNAME LSTM_W_ifog0_U SOURCE {} VARIABLE LSTM_W_ifog0 LOOP {} BUNDLEDNAME {} DSP 0 BRAM 4 URAM 0 STORAGESUBTYPE {} STORAGESIZE {16 4096 1} STORAGEUSAGE rom_1p DISPNAME {bind_storage rom_1p} VISIBLE true} {BINDTYPE storage ID {} IMPL auto LATENCY 3 OPTYPE rom_1p PRAGMA {} RTLNAME LSTM_R_ifog0_U SOURCE {} VARIABLE LSTM_R_ifog0 LOOP {} BUNDLEDNAME {} DSP 0 BRAM 4 URAM 0 STORAGESUBTYPE {} STORAGESIZE {16 4096 1} STORAGEUSAGE rom_1p DISPNAME {bind_storage rom_1p} VISIBLE true} {BINDTYPE storage ID {} IMPL auto LATENCY 3 OPTYPE rom_1p PRAGMA {} RTLNAME LSTM_W_ifog1_U SOURCE {} VARIABLE LSTM_W_ifog1 LOOP {} BUNDLEDNAME {} DSP 0 BRAM 4 URAM 0 STORAGESUBTYPE {} STORAGESIZE {16 4096 1} STORAGEUSAGE rom_1p DISPNAME {bind_storage rom_1p} VISIBLE true} {BINDTYPE storage ID {} IMPL auto LATENCY 3 OPTYPE rom_1p PRAGMA {} RTLNAME LSTM_R_ifog1_U SOURCE {} VARIABLE LSTM_R_ifog1 LOOP {} BUNDLEDNAME {} DSP 0 BRAM 4 URAM 0 STORAGESUBTYPE {} STORAGESIZE {16 4096 1} STORAGEUSAGE rom_1p DISPNAME {bind_storage rom_1p} VISIBLE true} {BINDTYPE storage ID {} IMPL auto LATENCY 3 OPTYPE rom_1p PRAGMA {} RTLNAME LSTM_W_ifog2_U SOURCE {} VARIABLE LSTM_W_ifog2 LOOP {} BUNDLEDNAME {} DSP 0 BRAM 4 URAM 0 STORAGESUBTYPE {} STORAGESIZE {16 4096 1} STORAGEUSAGE rom_1p DISPNAME {bind_storage rom_1p} VISIBLE true} {BINDTYPE storage ID {} IMPL auto LATENCY 3 OPTYPE rom_1p PRAGMA {} RTLNAME LSTM_R_ifog2_U SOURCE {} VARIABLE LSTM_R_ifog2 LOOP {} BUNDLEDNAME {} DSP 0 BRAM 4 URAM 0 STORAGESUBTYPE {} STORAGESIZE {16 4096 1} STORAGEUSAGE rom_1p DISPNAME {bind_storage rom_1p} VISIBLE true} {BINDTYPE storage ID {} IMPL auto LATENCY 3 OPTYPE rom_1p PRAGMA {} RTLNAME LSTM_W_ifog3_U SOURCE {} VARIABLE LSTM_W_ifog3 LOOP {} BUNDLEDNAME {} DSP 0 BRAM 4 URAM 0 STORAGESUBTYPE {} STORAGESIZE {16 4096 1} STORAGEUSAGE rom_1p DISPNAME {bind_storage rom_1p} VISIBLE true} {BINDTYPE storage ID {} IMPL auto LATENCY 3 OPTYPE rom_1p PRAGMA {} RTLNAME LSTM_R_ifog3_U SOURCE {} VARIABLE LSTM_R_ifog3 LOOP {} BUNDLEDNAME {} DSP 0 BRAM 4 URAM 0 STORAGESUBTYPE {} STORAGESIZE {16 4096 1} STORAGEUSAGE rom_1p DISPNAME {bind_storage rom_1p} VISIBLE true} {BINDTYPE storage ID {} IMPL auto LATENCY 3 OPTYPE rom_1p PRAGMA {} RTLNAME LSTM_W_ifog4_U SOURCE {} VARIABLE LSTM_W_ifog4 LOOP {} BUNDLEDNAME {} DSP 0 BRAM 4 URAM 0 STORAGESUBTYPE {} STORAGESIZE {16 4096 1} STORAGEUSAGE rom_1p DISPNAME {bind_storage rom_1p} VISIBLE true} {BINDTYPE storage ID {} IMPL auto LATENCY 3 OPTYPE rom_1p PRAGMA {} RTLNAME LSTM_R_ifog4_U SOURCE {} VARIABLE LSTM_R_ifog4 LOOP {} BUNDLEDNAME {} DSP 0 BRAM 4 URAM 0 STORAGESUBTYPE {} STORAGESIZE {16 4096 1} STORAGEUSAGE rom_1p DISPNAME {bind_storage rom_1p} VISIBLE true}} AREA {DSP 49 BRAM 133 URAM 0}} run_model_Pipeline_Loop_BN {BINDINFO {{BINDTYPE op ID {} IMPL auto LATENCY 0 OPTYPE seteq PRAGMA {} RTLNAME icmp_ln198_fu_127_p2 SOURCE ../main_5_slices.cpp:198 VARIABLE icmp_ln198 LOOP Loop_BN BUNDLEDNAME {} DSP 0 BRAM 0 URAM 0 STORAGESUBTYPE {} DISPNAME {bind_op seteq} VISIBLE false} {BINDTYPE op ID {} IMPL fabric LATENCY 0 OPTYPE add PRAGMA {} RTLNAME add_ln198_fu_133_p2 SOURCE ../main_5_slices.cpp:198 VARIABLE add_ln198 LOOP Loop_BN BUNDLEDNAME {} DSP 0 BRAM 0 URAM 0 STORAGESUBTYPE {} DISPNAME {bind_op add} VISIBLE true} {BINDTYPE storage ID {} IMPL auto LATENCY 3 OPTYPE rom_1p PRAGMA {} RTLNAME fc_0_bn_var_U SOURCE {} VARIABLE fc_0_bn_var LOOP {} BUNDLEDNAME {} DSP 0 BRAM 1 URAM 0 STORAGESUBTYPE {} STORAGESIZE {16 128 1} STORAGEUSAGE rom_1p DISPNAME {bind_storage rom_1p} VISIBLE true} {BINDTYPE storage ID {} IMPL auto LATENCY 3 OPTYPE rom_1p PRAGMA {} RTLNAME fc_0_bn_gamma_U SOURCE {} VARIABLE fc_0_bn_gamma LOOP {} BUNDLEDNAME {} DSP 0 BRAM 1 URAM 0 STORAGESUBTYPE {} STORAGESIZE {16 128 1} STORAGEUSAGE rom_1p DISPNAME {bind_storage rom_1p} VISIBLE true}} AREA {DSP 0 BRAM 2 URAM 0}} run_model_Pipeline_ReLULoop1 {BINDINFO {{BINDTYPE op ID {} IMPL auto LATENCY 0 OPTYPE seteq PRAGMA {} RTLNAME icmp_ln377_fu_65_p2 SOURCE ../main_5_slices.cpp:377 VARIABLE icmp_ln377 LOOP ReLULoop1 BUNDLEDNAME {} DSP 0 BRAM 0 URAM 0 STORAGESUBTYPE {} DISPNAME {bind_op seteq} VISIBLE false} {BINDTYPE op ID {} IMPL fabric LATENCY 0 OPTYPE add PRAGMA {} RTLNAME add_ln377_fu_71_p2 SOURCE ../main_5_slices.cpp:377 VARIABLE add_ln377 LOOP ReLULoop1 BUNDLEDNAME {} DSP 0 BRAM 0 URAM 0 STORAGESUBTYPE {} DISPNAME {bind_op add} VISIBLE true} {BINDTYPE op ID {} IMPL auto_sel LATENCY 0 OPTYPE select PRAGMA {} RTLNAME select_ln53_fu_87_p3 SOURCE ../main_5_slices.cpp:53 VARIABLE select_ln53 LOOP ReLULoop1 BUNDLEDNAME {} DSP 0 BRAM 0 URAM 0 STORAGESUBTYPE {} DISPNAME {bind_op select} VISIBLE false}} AREA {DSP 0 BRAM 0 URAM 0}} run_model_Pipeline_Loop_BN1 {BINDINFO {{BINDTYPE op ID {} IMPL auto LATENCY 0 OPTYPE seteq PRAGMA {} RTLNAME icmp_ln198_fu_127_p2 SOURCE ../main_5_slices.cpp:198 VARIABLE icmp_ln198 LOOP Loop_BN BUNDLEDNAME {} DSP 0 BRAM 0 URAM 0 STORAGESUBTYPE {} DISPNAME {bind_op seteq} VISIBLE false} {BINDTYPE op ID {} IMPL fabric LATENCY 0 OPTYPE add PRAGMA {} RTLNAME add_ln198_fu_133_p2 SOURCE ../main_5_slices.cpp:198 VARIABLE add_ln198 LOOP Loop_BN BUNDLEDNAME {} DSP 0 BRAM 0 URAM 0 STORAGESUBTYPE {} DISPNAME {bind_op add} VISIBLE true} {BINDTYPE storage ID {} IMPL auto LATENCY 3 OPTYPE rom_1p PRAGMA {} RTLNAME fc_1_bn_var_U SOURCE {} VARIABLE fc_1_bn_var LOOP {} BUNDLEDNAME {} DSP 0 BRAM 1 URAM 0 STORAGESUBTYPE {} STORAGESIZE {16 128 1} STORAGEUSAGE rom_1p DISPNAME {bind_storage rom_1p} VISIBLE true} {BINDTYPE storage ID {} IMPL auto LATENCY 3 OPTYPE rom_1p PRAGMA {} RTLNAME fc_1_bn_gamma_U SOURCE {} VARIABLE fc_1_bn_gamma LOOP {} BUNDLEDNAME {} DSP 0 BRAM 1 URAM 0 STORAGESUBTYPE {} STORAGESIZE {16 128 1} STORAGEUSAGE rom_1p DISPNAME {bind_storage rom_1p} VISIBLE true}} AREA {DSP 0 BRAM 2 URAM 0}} run_model_Pipeline_ReLULoop2 {BINDINFO {{BINDTYPE op ID {} IMPL auto LATENCY 0 OPTYPE seteq PRAGMA {} RTLNAME icmp_ln382_fu_65_p2 SOURCE ../main_5_slices.cpp:382 VARIABLE icmp_ln382 LOOP ReLULoop2 BUNDLEDNAME {} DSP 0 BRAM 0 URAM 0 STORAGESUBTYPE {} DISPNAME {bind_op seteq} VISIBLE false} {BINDTYPE op ID {} IMPL fabric LATENCY 0 OPTYPE add PRAGMA {} RTLNAME add_ln382_fu_71_p2 SOURCE ../main_5_slices.cpp:382 VARIABLE add_ln382 LOOP ReLULoop2 BUNDLEDNAME {} DSP 0 BRAM 0 URAM 0 STORAGESUBTYPE {} DISPNAME {bind_op add} VISIBLE true} {BINDTYPE op ID {} IMPL auto_sel LATENCY 0 OPTYPE select PRAGMA {} RTLNAME select_ln53_fu_87_p3 SOURCE ../main_5_slices.cpp:53 VARIABLE select_ln53 LOOP ReLULoop2 BUNDLEDNAME {} DSP 0 BRAM 0 URAM 0 STORAGESUBTYPE {} DISPNAME {bind_op select} VISIBLE false}} AREA {DSP 0 BRAM 0 URAM 0}} run_model {BINDINFO {{BINDTYPE storage ID {} IMPL auto LATENCY 1 OPTYPE ram_2p PRAGMA {} RTLNAME merged_U SOURCE ../main_5_slices.cpp:367 VARIABLE merged LOOP {} BUNDLEDNAME {} DSP 0 BRAM 0 URAM 0 STORAGESUBTYPE {} STORAGESIZE {16 32 1} STORAGEUSAGE {ram_2p array} DISPNAME {bind_storage ram_2p} VISIBLE true} {BINDTYPE storage ID {} IMPL auto LATENCY 3 OPTYPE ram_2p PRAGMA {} RTLNAME z0_U SOURCE ../main_5_slices.cpp:374 VARIABLE z0 LOOP {} BUNDLEDNAME {} DSP 0 BRAM 1 URAM 0 STORAGESUBTYPE {} STORAGESIZE {16 128 1} STORAGEUSAGE {ram_2p array} DISPNAME {bind_storage ram_2p} VISIBLE true} {BINDTYPE storage ID {} IMPL auto LATENCY 3 OPTYPE ram_s2p PRAGMA {} RTLNAME z1_U SOURCE ../main_5_slices.cpp:379 VARIABLE z1 LOOP {} BUNDLEDNAME {} DSP 0 BRAM 1 URAM 0 STORAGESUBTYPE {} STORAGESIZE {16 128 1} STORAGEUSAGE {ram_s2p array} DISPNAME {bind_storage ram_s2p} VISIBLE true} {BINDTYPE op ID {} IMPL auto LATENCY 0 OPTYPE seteq PRAGMA {} RTLNAME icmp_ln209_fu_406_p2 SOURCE ../main_5_slices.cpp:209 VARIABLE icmp_ln209 LOOP OuterLoopDense_InnerLoopDense BUNDLEDNAME {} DSP 0 BRAM 0 URAM 0 STORAGESUBTYPE {} DISPNAME {bind_op seteq} VISIBLE false} {BINDTYPE op ID {} IMPL fabric LATENCY 0 OPTYPE add PRAGMA {} RTLNAME add_ln209_fu_412_p2 SOURCE ../main_5_slices.cpp:209 VARIABLE add_ln209 LOOP OuterLoopDense_InnerLoopDense BUNDLEDNAME {} DSP 0 BRAM 0 URAM 0 STORAGESUBTYPE {} DISPNAME {bind_op add} VISIBLE true} {BINDTYPE op ID {} IMPL auto LATENCY 0 OPTYPE seteq PRAGMA {} RTLNAME icmp_ln212_fu_424_p2 SOURCE ../main_5_slices.cpp:212 VARIABLE icmp_ln212 LOOP OuterLoopDense_InnerLoopDense BUNDLEDNAME {} DSP 0 BRAM 0 URAM 0 STORAGESUBTYPE {} DISPNAME {bind_op seteq} VISIBLE false} {BINDTYPE op ID {} IMPL auto_sel LATENCY 0 OPTYPE select PRAGMA {} RTLNAME select_ln210_fu_430_p3 SOURCE ../main_5_slices.cpp:210 VARIABLE select_ln210 LOOP OuterLoopDense_InnerLoopDense BUNDLEDNAME {} DSP 0 BRAM 0 URAM 0 STORAGESUBTYPE {} DISPNAME {bind_op select} VISIBLE false} {BINDTYPE op ID {} IMPL auto_sel LATENCY 0 OPTYPE select PRAGMA {} RTLNAME select_ln210_1_fu_519_p3 SOURCE ../main_5_slices.cpp:210 VARIABLE select_ln210_1 LOOP OuterLoopDense_InnerLoopDense BUNDLEDNAME {} DSP 0 BRAM 0 URAM 0 STORAGESUBTYPE {} DISPNAME {bind_op select} VISIBLE false} {BINDTYPE op ID {} IMPL fabric LATENCY 0 OPTYPE add PRAGMA {} RTLNAME add_ln209_1_fu_438_p2 SOURCE ../main_5_slices.cpp:209 VARIABLE add_ln209_1 LOOP OuterLoopDense_InnerLoopDense BUNDLEDNAME {} DSP 0 BRAM 0 URAM 0 STORAGESUBTYPE {} DISPNAME {bind_op add} VISIBLE true} {BINDTYPE op ID {} IMPL auto_sel LATENCY 0 OPTYPE select PRAGMA {} RTLNAME select_ln209_fu_444_p3 SOURCE ../main_5_slices.cpp:209 VARIABLE select_ln209 LOOP OuterLoopDense_InnerLoopDense BUNDLEDNAME {} DSP 0 BRAM 0 URAM 0 STORAGESUBTYPE {} DISPNAME {bind_op select} VISIBLE false} {BINDTYPE op ID {} IMPL fabric LATENCY 0 OPTYPE add PRAGMA {} RTLNAME add_ln214_fu_478_p2 SOURCE ../main_5_slices.cpp:214 VARIABLE add_ln214 LOOP OuterLoopDense_InnerLoopDense BUNDLEDNAME {} DSP 0 BRAM 0 URAM 0 STORAGESUBTYPE {} DISPNAME {bind_op add} VISIBLE true} {BINDTYPE op ID {} IMPL maxdsp LATENCY 3 OPTYPE hmul PRAGMA {} RTLNAME hmul_16ns_16ns_16_4_max_dsp_1_U755 SOURCE ../main_5_slices.cpp:214 VARIABLE mul9_i LOOP OuterLoopDense_InnerLoopDense BUNDLEDNAME {} DSP 2 BRAM 0 URAM 0 STORAGESUBTYPE {} DISPNAME {bind_op hmul} VISIBLE true} {BINDTYPE op ID {} IMPL fulldsp LATENCY 4 OPTYPE hadd PRAGMA {} RTLNAME hadd_16ns_16ns_16_5_full_dsp_1_U754 SOURCE ../main_5_slices.cpp:214 VARIABLE acc_1 LOOP OuterLoopDense_InnerLoopDense BUNDLEDNAME {} DSP 2 BRAM 0 URAM 0 STORAGESUBTYPE {} DISPNAME {bind_op hadd} VISIBLE true} {BINDTYPE op ID {} IMPL fabric LATENCY 0 OPTYPE add PRAGMA {} RTLNAME add_ln212_fu_489_p2 SOURCE ../main_5_slices.cpp:212 VARIABLE add_ln212 LOOP OuterLoopDense_InnerLoopDense BUNDLEDNAME {} DSP 0 BRAM 0 URAM 0 STORAGESUBTYPE {} DISPNAME {bind_op add} VISIBLE true} {BINDTYPE op ID {} IMPL auto LATENCY 0 OPTYPE seteq PRAGMA {} RTLNAME icmp_ln212_1_fu_495_p2 SOURCE ../main_5_slices.cpp:212 VARIABLE icmp_ln212_1 LOOP OuterLoopDense_InnerLoopDense BUNDLEDNAME {} DSP 0 BRAM 0 URAM 0 STORAGESUBTYPE {} DISPNAME {bind_op seteq} VISIBLE false} {BINDTYPE op ID {} IMPL auto LATENCY 0 OPTYPE seteq PRAGMA {} RTLNAME icmp_ln209_1_fu_555_p2 SOURCE ../main_5_slices.cpp:209 VARIABLE icmp_ln209_1 LOOP OuterLoopDense_InnerLoopDense BUNDLEDNAME {} DSP 0 BRAM 0 URAM 0 STORAGESUBTYPE {} DISPNAME {bind_op seteq} VISIBLE false} {BINDTYPE op ID {} IMPL fabric LATENCY 0 OPTYPE add PRAGMA {} RTLNAME add_ln209_2_fu_561_p2 SOURCE ../main_5_slices.cpp:209 VARIABLE add_ln209_2 LOOP OuterLoopDense_InnerLoopDense BUNDLEDNAME {} DSP 0 BRAM 0 URAM 0 STORAGESUBTYPE {} DISPNAME {bind_op add} VISIBLE true} {BINDTYPE op ID {} IMPL auto LATENCY 0 OPTYPE seteq PRAGMA {} RTLNAME icmp_ln212_2_fu_573_p2 SOURCE ../main_5_slices.cpp:212 VARIABLE icmp_ln212_2 LOOP OuterLoopDense_InnerLoopDense BUNDLEDNAME {} DSP 0 BRAM 0 URAM 0 STORAGESUBTYPE {} DISPNAME {bind_op seteq} VISIBLE false} {BINDTYPE op ID {} IMPL auto_sel LATENCY 0 OPTYPE select PRAGMA {} RTLNAME select_ln210_2_fu_579_p3 SOURCE ../main_5_slices.cpp:210 VARIABLE select_ln210_2 LOOP OuterLoopDense_InnerLoopDense BUNDLEDNAME {} DSP 0 BRAM 0 URAM 0 STORAGESUBTYPE {} DISPNAME {bind_op select} VISIBLE false} {BINDTYPE op ID {} IMPL auto_sel LATENCY 0 OPTYPE select PRAGMA {} RTLNAME select_ln210_3_fu_668_p3 SOURCE ../main_5_slices.cpp:210 VARIABLE select_ln210_3 LOOP OuterLoopDense_InnerLoopDense BUNDLEDNAME {} DSP 0 BRAM 0 URAM 0 STORAGESUBTYPE {} DISPNAME {bind_op select} VISIBLE false} {BINDTYPE op ID {} IMPL fabric LATENCY 0 OPTYPE add PRAGMA {} RTLNAME add_ln209_3_fu_587_p2 SOURCE ../main_5_slices.cpp:209 VARIABLE add_ln209_3 LOOP OuterLoopDense_InnerLoopDense BUNDLEDNAME {} DSP 0 BRAM 0 URAM 0 STORAGESUBTYPE {} DISPNAME {bind_op add} VISIBLE true} {BINDTYPE op ID {} IMPL auto_sel LATENCY 0 OPTYPE select PRAGMA {} RTLNAME select_ln209_1_fu_593_p3 SOURCE ../main_5_slices.cpp:209 VARIABLE select_ln209_1 LOOP OuterLoopDense_InnerLoopDense BUNDLEDNAME {} DSP 0 BRAM 0 URAM 0 STORAGESUBTYPE {} DISPNAME {bind_op select} VISIBLE false} {BINDTYPE op ID {} IMPL fabric LATENCY 0 OPTYPE add PRAGMA {} RTLNAME add_ln214_1_fu_627_p2 SOURCE ../main_5_slices.cpp:214 VARIABLE add_ln214_1 LOOP OuterLoopDense_InnerLoopDense BUNDLEDNAME {} DSP 0 BRAM 0 URAM 0 STORAGESUBTYPE {} DISPNAME {bind_op add} VISIBLE true} {BINDTYPE op ID {} IMPL auto LATENCY 3 OPTYPE rom PRAGMA {} RTLNAME hptosp_16ns_32_2_no_dsp_1_U761 SOURCE ../main_5_slices.cpp:214 VARIABLE fc_1_W_load LOOP OuterLoopDense_InnerLoopDense BUNDLEDNAME {} DSP 0 BRAM 0 URAM 0 STORAGESUBTYPE {} DISPNAME {bind_op rom} VISIBLE false} {BINDTYPE op ID {} IMPL maxdsp LATENCY 3 OPTYPE hmul PRAGMA {} RTLNAME hmul_16ns_16ns_16_4_max_dsp_1_U755 SOURCE ../main_5_slices.cpp:214 VARIABLE mul9_i1 LOOP OuterLoopDense_InnerLoopDense BUNDLEDNAME {} DSP 2 BRAM 0 URAM 0 STORAGESUBTYPE {} DISPNAME {bind_op hmul} VISIBLE true} {BINDTYPE op ID {} IMPL fulldsp LATENCY 4 OPTYPE hadd PRAGMA {} RTLNAME fsqrt_32ns_32ns_32_10_no_dsp_1_U759 SOURCE ../main_5_slices.cpp:214 VARIABLE acc_3 LOOP OuterLoopDense_InnerLoopDense BUNDLEDNAME {} DSP 2 BRAM 0 URAM 0 STORAGESUBTYPE {} DISPNAME {bind_op hadd} VISIBLE true} {BINDTYPE op ID {} IMPL fabric LATENCY 0 OPTYPE add PRAGMA {} RTLNAME fdiv_32ns_32ns_32_10_no_dsp_1_U758 SOURCE ../main_5_slices.cpp:212 VARIABLE add_ln212_1 LOOP OuterLoopDense_InnerLoopDense BUNDLEDNAME {} DSP 0 BRAM 0 URAM 0 STORAGESUBTYPE {} DISPNAME {bind_op add} VISIBLE true} {BINDTYPE op ID {} IMPL auto LATENCY 0 OPTYPE seteq PRAGMA {} RTLNAME icmp_ln212_3_fu_644_p2 SOURCE ../main_5_slices.cpp:212 VARIABLE icmp_ln212_3 LOOP OuterLoopDense_InnerLoopDense BUNDLEDNAME {} DSP 0 BRAM 0 URAM 0 STORAGESUBTYPE {} DISPNAME {bind_op seteq} VISIBLE false} {BINDTYPE storage ID {} IMPL auto LATENCY 3 OPTYPE rom_1p PRAGMA {} RTLNAME fc_0_W_U SOURCE {} VARIABLE fc_0_W LOOP {} BUNDLEDNAME {} DSP 0 BRAM 4 URAM 0 STORAGESUBTYPE {} STORAGESIZE {16 4096 1} STORAGEUSAGE rom_1p DISPNAME {bind_storage rom_1p} VISIBLE true} {BINDTYPE storage ID {} IMPL auto LATENCY 3 OPTYPE rom_1p PRAGMA {} RTLNAME fc_1_W_U SOURCE {} VARIABLE fc_1_W LOOP {} BUNDLEDNAME {} DSP 0 BRAM 16 URAM 0 STORAGESUBTYPE {} STORAGESIZE {16 16384 1} STORAGEUSAGE rom_1p DISPNAME {bind_storage rom_1p} VISIBLE true}} AREA {DSP 55 BRAM 159 URAM 0}}}}'
INFO-FLOW: DBG:PUTS:      update_csynth_reports json2rpt_hw_sw_interfaces
INFO-FLOW: Running: gen_csynth_sec_pragma
INFO-FLOW: Done: gen_csynth_sec_pragma time: 0 seconds per iteration
INFO-FLOW: DBG:PUTS:      update_csynth_reports wrote xml
INFO-FLOW: DBG:PUTS:      update_csynth_reports appended to csynth rpt file
INFO: [HLS 200-111] Finished Updating report files: CPU user time: 1.16 seconds. CPU system time: 0.03 seconds. Elapsed time: 1.2 seconds; current allocated memory: 805.746 MB.
INFO: [VHDL 208-304] Generating VHDL RTL for run_model.
INFO: [VLOG 209-307] Generating Verilog RTL for run_model.
Execute       syn_report -model run_model -printsummary 
INFO: [HLS 200-790] **** Loop Constraint Status: All loop constraints were NOT satisfied.
INFO: [HLS 200-789] **** Estimated Fmax: 127.44 MHz
Command     autosyn done; 14.61 sec.
Command   csynth_design done; 47.43 sec.
Execute   close_project 
Execute     close_solution 
Execute       cleanup_all 
Execute       cleanup_all 
