

================================================================
== Vitis HLS Report for 'lstm_forward_unidir_Pipeline_Loop2_4LSTM'
================================================================
* Date:           Mon Sep 15 15:50:06 2025

* Version:        2024.2 (Build 5238294 on Nov  8 2024)
* Project:        run_model
* Solution:       hls (Vivado IP Flow Target)
* Product family: zynq
* Target device:  xc7z020-clg400-3


================================================================
== Performance Estimates
================================================================
+ Timing: 
    * Summary: 
    +--------+----------+----------+------------+
    |  Clock |  Target  | Estimated| Uncertainty|
    +--------+----------+----------+------------+
    |ap_clk  |  10.00 ns|  7.847 ns|     2.00 ns|
    +--------+----------+----------+------------+

+ Latency: 
    * Summary: 
    +---------+---------+----------+----------+-----+-----+------------------------------------------------+
    |  Latency (cycles) |  Latency (absolute) |  Interval |                    Pipeline                    |
    |   min   |   max   |    min   |    max   | min | max |                      Type                      |
    +---------+---------+----------+----------+-----+-----+------------------------------------------------+
    |       75|       75|  0.750 us|  0.750 us|   33|   33|  loop auto-rewind stp (delay=0 clock cycles(s))|
    +---------+---------+----------+----------+-----+-----+------------------------------------------------+

    + Detail: 
        * Instance: 
        N/A

        * Loop: 
        +---------------+---------+---------+----------+-----------+-----------+------+----------+
        |               |  Latency (cycles) | Iteration|  Initiation Interval  | Trip |          |
        |   Loop Name   |   min   |   max   |  Latency |  achieved |   target  | Count| Pipelined|
        +---------------+---------+---------+----------+-----------+-----------+------+----------+
        |- Loop2_4LSTM  |       73|       73|        43|          1|          1|    32|       yes|
        +---------------+---------+---------+----------+-----------+-----------+------+----------+

============================================================
+ Verbose Summary: Synthesis Manager
============================================================
InlineROM: 1
ExposeGlobal: 0
============================================================
+ Verbose Summary: CDFG Model
============================================================
IsTopModel: 0
ResetActiveHigh: 1
IsCombinational: 0
IsDatapathOnly: 0
HasWiredReturn: 1
HasMFsm: 2
HasVarLatency: 1
IsPipeline: 0
IsRtlPipelined: 0
IsInstanceOverlapped: 0
IsDontTouch: 0
HasImplIP: 0
IsGatedGlobalClock: 0

+ Individual pipeline summary: 
  * Pipeline-0: initiation interval (II) = 1, depth = 43


============================================================
+ Verbose Summary: Schedule
============================================================
* Number of FSM states : 43
* Pipeline : 1
  Pipeline-0 : II = 1, D = 43, States = { 1 2 3 4 5 6 7 8 9 10 11 12 13 14 15 16 17 18 19 20 21 22 23 24 25 26 27 28 29 30 31 32 33 34 35 36 37 38 39 40 41 42 43 }
* Dataflow Pipeline: 0

* FSM state transitions: 
1 --> 2 
2 --> 3 
3 --> 4 
4 --> 5 
5 --> 6 
6 --> 7 
7 --> 8 
8 --> 9 
9 --> 10 
10 --> 11 
11 --> 12 
12 --> 13 
13 --> 14 
14 --> 15 
15 --> 16 
16 --> 17 
17 --> 18 
18 --> 19 
19 --> 20 
20 --> 21 
21 --> 22 
22 --> 23 
23 --> 24 
24 --> 25 
25 --> 26 
26 --> 27 
27 --> 28 
28 --> 29 
29 --> 30 
30 --> 31 
31 --> 32 
32 --> 33 
33 --> 34 
34 --> 35 
35 --> 36 
36 --> 37 
37 --> 38 
38 --> 39 
39 --> 40 
40 --> 41 
41 --> 42 
42 --> 43 
43 --> 

* FSM state operations: 

State 1 <SV = 0> <Delay = 4.67>
ST_1 : Operation 46 [1/1] (0.00ns)   --->   "%phi_urem40 = alloca i32 1"   --->   Operation 46 'alloca' 'phi_urem40' <Predicate = true> <Delay = 0.00>
ST_1 : Operation 47 [1/1] (0.00ns)   --->   "%j = alloca i32 1" [../main_5_slices.cpp:144]   --->   Operation 47 'alloca' 'j' <Predicate = true> <Delay = 0.00>
ST_1 : Operation 48 [1/1] (1.14ns)   --->   "%store_ln144 = store i6 0, i6 %j" [../main_5_slices.cpp:144]   --->   Operation 48 'store' 'store_ln144' <Predicate = true> <Delay = 1.14>
ST_1 : Operation 49 [1/1] (1.14ns)   --->   "%store_ln0 = store i6 0, i6 %phi_urem40"   --->   Operation 49 'store' 'store_ln0' <Predicate = true> <Delay = 1.14>
ST_1 : Operation 50 [1/1] (0.00ns)   --->   "%br_ln0 = br void %for.body70"   --->   Operation 50 'br' 'br_ln0' <Predicate = true> <Delay = 0.00>
ST_1 : Operation 51 [1/1] (0.00ns)   --->   "%j_7 = load i6 %j" [../main_5_slices.cpp:144]   --->   Operation 51 'load' 'j_7' <Predicate = true> <Delay = 0.00>
ST_1 : Operation 52 [1/1] (1.51ns)   --->   "%icmp_ln182 = icmp_eq  i6 %j_7, i6 32" [../main_5_slices.cpp:182]   --->   Operation 52 'icmp' 'icmp_ln182' <Predicate = true> <Delay = 1.51> <CoreInst = "Cmp">   --->   Core 9 'Cmp' <Latency = 0> <II = 1> <Delay = 1.51> <FuncUnit> <Opcode : 'seteq' 'setne' 'setle' 'setge' 'setlt' 'setgt'> <InPorts = 2> <OutPorts = 1>
ST_1 : Operation 53 [1/1] (1.51ns)   --->   "%add_ln182 = add i6 %j_7, i6 1" [../main_5_slices.cpp:182]   --->   Operation 53 'add' 'add_ln182' <Predicate = true> <Delay = 1.51> <CoreInst = "Adder">   --->   Core 1 'Adder' <Latency = 0> <II = 1> <Delay = 1.51> <FuncUnit> <Opcode : 'add' 'sub'> <InPorts = 2> <OutPorts = 1>
ST_1 : Operation 54 [1/1] (0.00ns)   --->   "%br_ln182 = br i1 %icmp_ln182, void %for.body70.split_ifconv, void %for.inc110.exitStub" [../main_5_slices.cpp:182]   --->   Operation 54 'br' 'br_ln182' <Predicate = true> <Delay = 0.00>
ST_1 : Operation 55 [1/1] (0.00ns)   --->   "%phi_urem40_load = load i6 %phi_urem40" [../main_5_slices.cpp:144]   --->   Operation 55 'load' 'phi_urem40_load' <Predicate = (!icmp_ln182)> <Delay = 0.00>
ST_1 : Operation 56 [1/1] (1.51ns)   --->   "%add_ln182_1 = add i6 %phi_urem40_load, i6 1" [../main_5_slices.cpp:182]   --->   Operation 56 'add' 'add_ln182_1' <Predicate = (!icmp_ln182)> <Delay = 1.51> <CoreInst = "Adder">   --->   Core 1 'Adder' <Latency = 0> <II = 1> <Delay = 1.51> <FuncUnit> <Opcode : 'add' 'sub'> <InPorts = 2> <OutPorts = 1>
ST_1 : Operation 57 [1/1] (1.51ns)   --->   "%icmp_ln182_1 = icmp_eq  i6 %phi_urem40_load, i6 4" [../main_5_slices.cpp:182]   --->   Operation 57 'icmp' 'icmp_ln182_1' <Predicate = (!icmp_ln182)> <Delay = 1.51> <CoreInst = "Cmp">   --->   Core 9 'Cmp' <Latency = 0> <II = 1> <Delay = 1.51> <FuncUnit> <Opcode : 'seteq' 'setne' 'setle' 'setge' 'setlt' 'setgt'> <InPorts = 2> <OutPorts = 1>
ST_1 : Operation 58 [1/1] (0.86ns)   --->   "%select_ln182 = select i1 %icmp_ln182_1, i6 0, i6 %add_ln182_1" [../main_5_slices.cpp:182]   --->   Operation 58 'select' 'select_ln182' <Predicate = (!icmp_ln182)> <Delay = 0.86> <CoreInst = "Sel">   --->   Core 73 'Sel' <Latency = 0> <II = 1> <Delay = 0.86> <FuncUnit> <Opcode : 'select'> <InPorts = 3> <OutPorts = 1>
ST_1 : Operation 59 [1/1] (0.00ns)   --->   "%zext_ln182 = zext i6 %j_7" [../main_5_slices.cpp:182]   --->   Operation 59 'zext' 'zext_ln182' <Predicate = (!icmp_ln182)> <Delay = 0.00>
ST_1 : Operation 60 [1/1] (0.00ns)   --->   "%trunc_ln144_1 = trunc i6 %phi_urem40_load" [../main_5_slices.cpp:144]   --->   Operation 60 'trunc' 'trunc_ln144_1' <Predicate = (!icmp_ln182)> <Delay = 0.00>
ST_1 : Operation 61 [1/1] (0.00ns)   --->   "%c_slice_addr = getelementptr i16 %c_slice, i64 0, i64 %zext_ln182" [../main_5_slices.cpp:188]   --->   Operation 61 'getelementptr' 'c_slice_addr' <Predicate = (!icmp_ln182)> <Delay = 0.00>
ST_1 : Operation 62 [2/2] (1.56ns)   --->   "%c_slice_load = load i5 %c_slice_addr" [../main_5_slices.cpp:188]   --->   Operation 62 'load' 'c_slice_load' <Predicate = (!icmp_ln182)> <Delay = 1.56> <CoreInst = "RAM">   --->   Core 81 'RAM' <Latency = 1> <II = 1> <Delay = 1.56> <Storage> <Opcode : 'load' 'store'> <Ports = 2> <Width = 16> <Depth = 32> <RAM>
ST_1 : Operation 63 [1/1] (1.14ns)   --->   "%store_ln144 = store i6 %add_ln182, i6 %j" [../main_5_slices.cpp:144]   --->   Operation 63 'store' 'store_ln144' <Predicate = (!icmp_ln182)> <Delay = 1.14>
ST_1 : Operation 64 [1/1] (1.14ns)   --->   "%store_ln182 = store i6 %select_ln182, i6 %phi_urem40" [../main_5_slices.cpp:182]   --->   Operation 64 'store' 'store_ln182' <Predicate = (!icmp_ln182)> <Delay = 1.14>

State 2 <SV = 1> <Delay = 5.07>
ST_2 : Operation 65 [1/1] (0.00ns)   --->   "%trunc_ln144 = trunc i6 %j_7" [../main_5_slices.cpp:144]   --->   Operation 65 'trunc' 'trunc_ln144' <Predicate = true> <Delay = 0.00>
ST_2 : Operation 66 [1/1] (0.00ns)   --->   "%zext_ln144_1 = zext i5 %trunc_ln144" [../main_5_slices.cpp:144]   --->   Operation 66 'zext' 'zext_ln144_1' <Predicate = true> <Delay = 0.00>
ST_2 : Operation 67 [1/1] (3.11ns)   --->   "%mul_ln144 = mul i11 %zext_ln144_1, i11 52" [../main_5_slices.cpp:144]   --->   Operation 67 'mul' 'mul_ln144' <Predicate = true> <Delay = 3.11> <CoreInst = "Multiplier">   --->   Core 3 'Multiplier' <Latency = 0> <II = 1> <Delay = 3.11> <FuncUnit> <Opcode : 'mul'> <InPorts = 2> <OutPorts = 1>
ST_2 : Operation 68 [1/1] (0.00ns)   --->   "%tmp = partselect i3 @_ssdm_op_PartSelect.i3.i11.i32.i32, i11 %mul_ln144, i32 8, i32 10" [../main_5_slices.cpp:144]   --->   Operation 68 'partselect' 'tmp' <Predicate = true> <Delay = 0.00>
ST_2 : Operation 69 [1/1] (0.00ns)   --->   "%zext_ln144 = zext i3 %tmp" [../main_5_slices.cpp:144]   --->   Operation 69 'zext' 'zext_ln144' <Predicate = true> <Delay = 0.00>
ST_2 : Operation 70 [1/1] (0.00ns)   --->   "%z_addr = getelementptr i16 %z, i64 0, i64 %zext_ln144" [../main_5_slices.cpp:184]   --->   Operation 70 'getelementptr' 'z_addr' <Predicate = (trunc_ln144_1 == 0)> <Delay = 0.00>
ST_2 : Operation 71 [1/1] (0.00ns)   --->   "%z_1_addr = getelementptr i16 %z_1, i64 0, i64 %zext_ln144" [../main_5_slices.cpp:184]   --->   Operation 71 'getelementptr' 'z_1_addr' <Predicate = (trunc_ln144_1 == 1)> <Delay = 0.00>
ST_2 : Operation 72 [1/1] (0.00ns)   --->   "%z_2_addr = getelementptr i16 %z_2, i64 0, i64 %zext_ln144" [../main_5_slices.cpp:184]   --->   Operation 72 'getelementptr' 'z_2_addr' <Predicate = (trunc_ln144_1 == 2)> <Delay = 0.00>
ST_2 : Operation 73 [1/1] (0.00ns)   --->   "%z_3_addr = getelementptr i16 %z_3, i64 0, i64 %zext_ln144" [../main_5_slices.cpp:184]   --->   Operation 73 'getelementptr' 'z_3_addr' <Predicate = (trunc_ln144_1 == 3)> <Delay = 0.00>
ST_2 : Operation 74 [1/1] (0.00ns)   --->   "%z_4_addr = getelementptr i16 %z_4, i64 0, i64 %zext_ln144" [../main_5_slices.cpp:184]   --->   Operation 74 'getelementptr' 'z_4_addr' <Predicate = (trunc_ln144_1 == 4)> <Delay = 0.00>
ST_2 : Operation 75 [2/2] (1.56ns)   --->   "%z_load = load i5 %z_addr" [../main_5_slices.cpp:184]   --->   Operation 75 'load' 'z_load' <Predicate = (trunc_ln144_1 == 0)> <Delay = 1.56> <CoreInst = "RAM">   --->   Core 81 'RAM' <Latency = 1> <II = 1> <Delay = 1.56> <Storage> <Opcode : 'load' 'store'> <Ports = 2> <Width = 16> <Depth = 26> <RAM>
ST_2 : Operation 76 [2/2] (1.56ns)   --->   "%z_1_load = load i5 %z_1_addr" [../main_5_slices.cpp:184]   --->   Operation 76 'load' 'z_1_load' <Predicate = (trunc_ln144_1 == 1)> <Delay = 1.56> <CoreInst = "RAM">   --->   Core 81 'RAM' <Latency = 1> <II = 1> <Delay = 1.56> <Storage> <Opcode : 'load' 'store'> <Ports = 2> <Width = 16> <Depth = 26> <RAM>
ST_2 : Operation 77 [2/2] (1.56ns)   --->   "%z_2_load = load i5 %z_2_addr" [../main_5_slices.cpp:184]   --->   Operation 77 'load' 'z_2_load' <Predicate = (trunc_ln144_1 == 2)> <Delay = 1.56> <CoreInst = "RAM">   --->   Core 81 'RAM' <Latency = 1> <II = 1> <Delay = 1.56> <Storage> <Opcode : 'load' 'store'> <Ports = 2> <Width = 16> <Depth = 26> <RAM>
ST_2 : Operation 78 [2/2] (1.56ns)   --->   "%z_3_load = load i5 %z_3_addr" [../main_5_slices.cpp:184]   --->   Operation 78 'load' 'z_3_load' <Predicate = (trunc_ln144_1 == 3)> <Delay = 1.56> <CoreInst = "RAM">   --->   Core 81 'RAM' <Latency = 1> <II = 1> <Delay = 1.56> <Storage> <Opcode : 'load' 'store'> <Ports = 2> <Width = 16> <Depth = 26> <RAM>
ST_2 : Operation 79 [2/2] (1.56ns)   --->   "%z_4_load = load i5 %z_4_addr" [../main_5_slices.cpp:184]   --->   Operation 79 'load' 'z_4_load' <Predicate = (trunc_ln144_1 == 4)> <Delay = 1.56> <CoreInst = "RAM">   --->   Core 81 'RAM' <Latency = 1> <II = 1> <Delay = 1.56> <Storage> <Opcode : 'load' 'store'> <Ports = 2> <Width = 16> <Depth = 26> <RAM>
ST_2 : Operation 80 [1/1] (0.00ns)   --->   "%zext_ln185_1_cast = bitconcatenate i6 @_ssdm_op_BitConcatenate.i6.i1.i5, i1 1, i5 %trunc_ln144" [../main_5_slices.cpp:185]   --->   Operation 80 'bitconcatenate' 'zext_ln185_1_cast' <Predicate = true> <Delay = 0.00>
ST_2 : Operation 81 [1/1] (0.00ns)   --->   "%zext_ln185_1 = zext i6 %zext_ln185_1_cast" [../main_5_slices.cpp:185]   --->   Operation 81 'zext' 'zext_ln185_1' <Predicate = true> <Delay = 0.00>
ST_2 : Operation 82 [1/1] (3.51ns)   --->   "%mul_ln185 = mul i13 %zext_ln185_1, i13 103" [../main_5_slices.cpp:185]   --->   Operation 82 'mul' 'mul_ln185' <Predicate = true> <Delay = 3.51> <CoreInst = "Multiplier">   --->   Core 3 'Multiplier' <Latency = 0> <II = 1> <Delay = 3.51> <FuncUnit> <Opcode : 'mul'> <InPorts = 2> <OutPorts = 1>
ST_2 : Operation 83 [1/1] (0.00ns)   --->   "%tmp_3 = partselect i4 @_ssdm_op_PartSelect.i4.i13.i32.i32, i13 %mul_ln185, i32 9, i32 12" [../main_5_slices.cpp:185]   --->   Operation 83 'partselect' 'tmp_3' <Predicate = true> <Delay = 0.00>
ST_2 : Operation 84 [1/1] (0.00ns)   --->   "%zext_ln185 = zext i4 %tmp_3" [../main_5_slices.cpp:185]   --->   Operation 84 'zext' 'zext_ln185' <Predicate = true> <Delay = 0.00>
ST_2 : Operation 85 [1/1] (0.00ns)   --->   "%z_addr_1 = getelementptr i16 %z, i64 0, i64 %zext_ln185" [../main_5_slices.cpp:185]   --->   Operation 85 'getelementptr' 'z_addr_1' <Predicate = (trunc_ln144_1 == 3)> <Delay = 0.00>
ST_2 : Operation 86 [1/1] (0.00ns)   --->   "%z_1_addr_1 = getelementptr i16 %z_1, i64 0, i64 %zext_ln185" [../main_5_slices.cpp:185]   --->   Operation 86 'getelementptr' 'z_1_addr_1' <Predicate = (trunc_ln144_1 == 4)> <Delay = 0.00>
ST_2 : Operation 87 [1/1] (0.00ns)   --->   "%z_2_addr_1 = getelementptr i16 %z_2, i64 0, i64 %zext_ln185" [../main_5_slices.cpp:185]   --->   Operation 87 'getelementptr' 'z_2_addr_1' <Predicate = (trunc_ln144_1 == 0)> <Delay = 0.00>
ST_2 : Operation 88 [1/1] (0.00ns)   --->   "%z_3_addr_1 = getelementptr i16 %z_3, i64 0, i64 %zext_ln185" [../main_5_slices.cpp:185]   --->   Operation 88 'getelementptr' 'z_3_addr_1' <Predicate = (trunc_ln144_1 == 1)> <Delay = 0.00>
ST_2 : Operation 89 [1/1] (0.00ns)   --->   "%z_4_addr_1 = getelementptr i16 %z_4, i64 0, i64 %zext_ln185" [../main_5_slices.cpp:185]   --->   Operation 89 'getelementptr' 'z_4_addr_1' <Predicate = (trunc_ln144_1 == 2)> <Delay = 0.00>
ST_2 : Operation 90 [2/2] (1.56ns)   --->   "%z_load_1 = load i5 %z_addr_1" [../main_5_slices.cpp:185]   --->   Operation 90 'load' 'z_load_1' <Predicate = (trunc_ln144_1 == 3)> <Delay = 1.56> <CoreInst = "RAM">   --->   Core 81 'RAM' <Latency = 1> <II = 1> <Delay = 1.56> <Storage> <Opcode : 'load' 'store'> <Ports = 2> <Width = 16> <Depth = 26> <RAM>
ST_2 : Operation 91 [2/2] (1.56ns)   --->   "%z_1_load_1 = load i5 %z_1_addr_1" [../main_5_slices.cpp:185]   --->   Operation 91 'load' 'z_1_load_1' <Predicate = (trunc_ln144_1 == 4)> <Delay = 1.56> <CoreInst = "RAM">   --->   Core 81 'RAM' <Latency = 1> <II = 1> <Delay = 1.56> <Storage> <Opcode : 'load' 'store'> <Ports = 2> <Width = 16> <Depth = 26> <RAM>
ST_2 : Operation 92 [2/2] (1.56ns)   --->   "%z_2_load_1 = load i5 %z_2_addr_1" [../main_5_slices.cpp:185]   --->   Operation 92 'load' 'z_2_load_1' <Predicate = (trunc_ln144_1 == 0)> <Delay = 1.56> <CoreInst = "RAM">   --->   Core 81 'RAM' <Latency = 1> <II = 1> <Delay = 1.56> <Storage> <Opcode : 'load' 'store'> <Ports = 2> <Width = 16> <Depth = 26> <RAM>
ST_2 : Operation 93 [2/2] (1.56ns)   --->   "%z_3_load_1 = load i5 %z_3_addr_1" [../main_5_slices.cpp:185]   --->   Operation 93 'load' 'z_3_load_1' <Predicate = (trunc_ln144_1 == 1)> <Delay = 1.56> <CoreInst = "RAM">   --->   Core 81 'RAM' <Latency = 1> <II = 1> <Delay = 1.56> <Storage> <Opcode : 'load' 'store'> <Ports = 2> <Width = 16> <Depth = 26> <RAM>
ST_2 : Operation 94 [2/2] (1.56ns)   --->   "%z_4_load_1 = load i5 %z_4_addr_1" [../main_5_slices.cpp:185]   --->   Operation 94 'load' 'z_4_load_1' <Predicate = (trunc_ln144_1 == 2)> <Delay = 1.56> <CoreInst = "RAM">   --->   Core 81 'RAM' <Latency = 1> <II = 1> <Delay = 1.56> <Storage> <Opcode : 'load' 'store'> <Ports = 2> <Width = 16> <Depth = 26> <RAM>
ST_2 : Operation 95 [1/1] (0.00ns)   --->   "%zext_ln186_1_cast = bitconcatenate i7 @_ssdm_op_BitConcatenate.i7.i1.i6, i1 1, i6 %j_7" [../main_5_slices.cpp:186]   --->   Operation 95 'bitconcatenate' 'zext_ln186_1_cast' <Predicate = true> <Delay = 0.00>
ST_2 : Operation 96 [1/1] (0.00ns)   --->   "%zext_ln186_1 = zext i7 %zext_ln186_1_cast" [../main_5_slices.cpp:186]   --->   Operation 96 'zext' 'zext_ln186_1' <Predicate = true> <Delay = 0.00>
ST_2 : Operation 97 [1/1] (3.36ns)   --->   "%mul_ln186 = mul i15 %zext_ln186_1, i15 205" [../main_5_slices.cpp:186]   --->   Operation 97 'mul' 'mul_ln186' <Predicate = true> <Delay = 3.36> <CoreInst = "Multiplier">   --->   Core 3 'Multiplier' <Latency = 0> <II = 1> <Delay = 3.36> <FuncUnit> <Opcode : 'mul'> <InPorts = 2> <OutPorts = 1>
ST_2 : Operation 98 [1/1] (0.00ns)   --->   "%tmp_4 = partselect i5 @_ssdm_op_PartSelect.i5.i15.i32.i32, i15 %mul_ln186, i32 10, i32 14" [../main_5_slices.cpp:186]   --->   Operation 98 'partselect' 'tmp_4' <Predicate = true> <Delay = 0.00>
ST_2 : Operation 99 [1/1] (0.00ns)   --->   "%zext_ln186 = zext i5 %tmp_4" [../main_5_slices.cpp:186]   --->   Operation 99 'zext' 'zext_ln186' <Predicate = true> <Delay = 0.00>
ST_2 : Operation 100 [1/1] (0.00ns)   --->   "%z_addr_2 = getelementptr i16 %z, i64 0, i64 %zext_ln186" [../main_5_slices.cpp:186]   --->   Operation 100 'getelementptr' 'z_addr_2' <Predicate = (trunc_ln144_1 == 1)> <Delay = 0.00>
ST_2 : Operation 101 [1/1] (0.00ns)   --->   "%z_1_addr_2 = getelementptr i16 %z_1, i64 0, i64 %zext_ln186" [../main_5_slices.cpp:186]   --->   Operation 101 'getelementptr' 'z_1_addr_2' <Predicate = (trunc_ln144_1 == 2)> <Delay = 0.00>
ST_2 : Operation 102 [1/1] (0.00ns)   --->   "%z_2_addr_2 = getelementptr i16 %z_2, i64 0, i64 %zext_ln186" [../main_5_slices.cpp:186]   --->   Operation 102 'getelementptr' 'z_2_addr_2' <Predicate = (trunc_ln144_1 == 3)> <Delay = 0.00>
ST_2 : Operation 103 [1/1] (0.00ns)   --->   "%z_3_addr_2 = getelementptr i16 %z_3, i64 0, i64 %zext_ln186" [../main_5_slices.cpp:186]   --->   Operation 103 'getelementptr' 'z_3_addr_2' <Predicate = (trunc_ln144_1 == 4)> <Delay = 0.00>
ST_2 : Operation 104 [1/1] (0.00ns)   --->   "%z_4_addr_2 = getelementptr i16 %z_4, i64 0, i64 %zext_ln186" [../main_5_slices.cpp:186]   --->   Operation 104 'getelementptr' 'z_4_addr_2' <Predicate = (trunc_ln144_1 == 0)> <Delay = 0.00>
ST_2 : Operation 105 [2/2] (1.56ns)   --->   "%z_load_2 = load i5 %z_addr_2" [../main_5_slices.cpp:186]   --->   Operation 105 'load' 'z_load_2' <Predicate = (trunc_ln144_1 == 1)> <Delay = 1.56> <CoreInst = "RAM">   --->   Core 81 'RAM' <Latency = 1> <II = 1> <Delay = 1.56> <Storage> <Opcode : 'load' 'store'> <Ports = 2> <Width = 16> <Depth = 26> <RAM>
ST_2 : Operation 106 [2/2] (1.56ns)   --->   "%z_1_load_2 = load i5 %z_1_addr_2" [../main_5_slices.cpp:186]   --->   Operation 106 'load' 'z_1_load_2' <Predicate = (trunc_ln144_1 == 2)> <Delay = 1.56> <CoreInst = "RAM">   --->   Core 81 'RAM' <Latency = 1> <II = 1> <Delay = 1.56> <Storage> <Opcode : 'load' 'store'> <Ports = 2> <Width = 16> <Depth = 26> <RAM>
ST_2 : Operation 107 [2/2] (1.56ns)   --->   "%z_2_load_2 = load i5 %z_2_addr_2" [../main_5_slices.cpp:186]   --->   Operation 107 'load' 'z_2_load_2' <Predicate = (trunc_ln144_1 == 3)> <Delay = 1.56> <CoreInst = "RAM">   --->   Core 81 'RAM' <Latency = 1> <II = 1> <Delay = 1.56> <Storage> <Opcode : 'load' 'store'> <Ports = 2> <Width = 16> <Depth = 26> <RAM>
ST_2 : Operation 108 [2/2] (1.56ns)   --->   "%z_3_load_2 = load i5 %z_3_addr_2" [../main_5_slices.cpp:186]   --->   Operation 108 'load' 'z_3_load_2' <Predicate = (trunc_ln144_1 == 4)> <Delay = 1.56> <CoreInst = "RAM">   --->   Core 81 'RAM' <Latency = 1> <II = 1> <Delay = 1.56> <Storage> <Opcode : 'load' 'store'> <Ports = 2> <Width = 16> <Depth = 26> <RAM>
ST_2 : Operation 109 [2/2] (1.56ns)   --->   "%z_4_load_2 = load i5 %z_4_addr_2" [../main_5_slices.cpp:186]   --->   Operation 109 'load' 'z_4_load_2' <Predicate = (trunc_ln144_1 == 0)> <Delay = 1.56> <CoreInst = "RAM">   --->   Core 81 'RAM' <Latency = 1> <II = 1> <Delay = 1.56> <Storage> <Opcode : 'load' 'store'> <Ports = 2> <Width = 16> <Depth = 26> <RAM>
ST_2 : Operation 110 [1/1] (0.00ns)   --->   "%sext_ln187 = sext i6 %zext_ln185_1_cast" [../main_5_slices.cpp:187]   --->   Operation 110 'sext' 'sext_ln187' <Predicate = true> <Delay = 0.00>
ST_2 : Operation 111 [1/1] (0.00ns)   --->   "%zext_ln187_1 = zext i7 %sext_ln187" [../main_5_slices.cpp:187]   --->   Operation 111 'zext' 'zext_ln187_1' <Predicate = true> <Delay = 0.00>
ST_2 : Operation 112 [1/1] (3.36ns)   --->   "%mul_ln187 = mul i15 %zext_ln187_1, i15 205" [../main_5_slices.cpp:187]   --->   Operation 112 'mul' 'mul_ln187' <Predicate = true> <Delay = 3.36> <CoreInst = "Multiplier">   --->   Core 3 'Multiplier' <Latency = 0> <II = 1> <Delay = 3.36> <FuncUnit> <Opcode : 'mul'> <InPorts = 2> <OutPorts = 1>
ST_2 : Operation 113 [1/1] (0.00ns)   --->   "%tmp_5 = partselect i5 @_ssdm_op_PartSelect.i5.i15.i32.i32, i15 %mul_ln187, i32 10, i32 14" [../main_5_slices.cpp:187]   --->   Operation 113 'partselect' 'tmp_5' <Predicate = true> <Delay = 0.00>
ST_2 : Operation 114 [1/1] (0.00ns)   --->   "%zext_ln187 = zext i5 %tmp_5" [../main_5_slices.cpp:187]   --->   Operation 114 'zext' 'zext_ln187' <Predicate = true> <Delay = 0.00>
ST_2 : Operation 115 [1/1] (0.00ns)   --->   "%z_addr_3 = getelementptr i16 %z, i64 0, i64 %zext_ln187" [../main_5_slices.cpp:187]   --->   Operation 115 'getelementptr' 'z_addr_3' <Predicate = (trunc_ln144_1 == 4)> <Delay = 0.00>
ST_2 : Operation 116 [1/1] (0.00ns)   --->   "%z_1_addr_3 = getelementptr i16 %z_1, i64 0, i64 %zext_ln187" [../main_5_slices.cpp:187]   --->   Operation 116 'getelementptr' 'z_1_addr_3' <Predicate = (trunc_ln144_1 == 0)> <Delay = 0.00>
ST_2 : Operation 117 [1/1] (0.00ns)   --->   "%z_2_addr_3 = getelementptr i16 %z_2, i64 0, i64 %zext_ln187" [../main_5_slices.cpp:187]   --->   Operation 117 'getelementptr' 'z_2_addr_3' <Predicate = (trunc_ln144_1 == 1)> <Delay = 0.00>
ST_2 : Operation 118 [1/1] (0.00ns)   --->   "%z_3_addr_3 = getelementptr i16 %z_3, i64 0, i64 %zext_ln187" [../main_5_slices.cpp:187]   --->   Operation 118 'getelementptr' 'z_3_addr_3' <Predicate = (trunc_ln144_1 == 2)> <Delay = 0.00>
ST_2 : Operation 119 [1/1] (0.00ns)   --->   "%z_4_addr_3 = getelementptr i16 %z_4, i64 0, i64 %zext_ln187" [../main_5_slices.cpp:187]   --->   Operation 119 'getelementptr' 'z_4_addr_3' <Predicate = (trunc_ln144_1 == 3)> <Delay = 0.00>
ST_2 : Operation 120 [2/2] (1.56ns)   --->   "%z_load_3 = load i5 %z_addr_3" [../main_5_slices.cpp:187]   --->   Operation 120 'load' 'z_load_3' <Predicate = (trunc_ln144_1 == 4)> <Delay = 1.56> <CoreInst = "RAM">   --->   Core 81 'RAM' <Latency = 1> <II = 1> <Delay = 1.56> <Storage> <Opcode : 'load' 'store'> <Ports = 2> <Width = 16> <Depth = 26> <RAM>
ST_2 : Operation 121 [2/2] (1.56ns)   --->   "%z_1_load_3 = load i5 %z_1_addr_3" [../main_5_slices.cpp:187]   --->   Operation 121 'load' 'z_1_load_3' <Predicate = (trunc_ln144_1 == 0)> <Delay = 1.56> <CoreInst = "RAM">   --->   Core 81 'RAM' <Latency = 1> <II = 1> <Delay = 1.56> <Storage> <Opcode : 'load' 'store'> <Ports = 2> <Width = 16> <Depth = 26> <RAM>
ST_2 : Operation 122 [2/2] (1.56ns)   --->   "%z_2_load_3 = load i5 %z_2_addr_3" [../main_5_slices.cpp:187]   --->   Operation 122 'load' 'z_2_load_3' <Predicate = (trunc_ln144_1 == 1)> <Delay = 1.56> <CoreInst = "RAM">   --->   Core 81 'RAM' <Latency = 1> <II = 1> <Delay = 1.56> <Storage> <Opcode : 'load' 'store'> <Ports = 2> <Width = 16> <Depth = 26> <RAM>
ST_2 : Operation 123 [2/2] (1.56ns)   --->   "%z_3_load_3 = load i5 %z_3_addr_3" [../main_5_slices.cpp:187]   --->   Operation 123 'load' 'z_3_load_3' <Predicate = (trunc_ln144_1 == 2)> <Delay = 1.56> <CoreInst = "RAM">   --->   Core 81 'RAM' <Latency = 1> <II = 1> <Delay = 1.56> <Storage> <Opcode : 'load' 'store'> <Ports = 2> <Width = 16> <Depth = 26> <RAM>
ST_2 : Operation 124 [2/2] (1.56ns)   --->   "%z_4_load_3 = load i5 %z_4_addr_3" [../main_5_slices.cpp:187]   --->   Operation 124 'load' 'z_4_load_3' <Predicate = (trunc_ln144_1 == 3)> <Delay = 1.56> <CoreInst = "RAM">   --->   Core 81 'RAM' <Latency = 1> <II = 1> <Delay = 1.56> <Storage> <Opcode : 'load' 'store'> <Ports = 2> <Width = 16> <Depth = 26> <RAM>
ST_2 : Operation 125 [1/2] ( I:1.56ns O:1.56ns )   --->   "%c_slice_load = load i5 %c_slice_addr" [../main_5_slices.cpp:188]   --->   Operation 125 'load' 'c_slice_load' <Predicate = true> <Delay = 1.56> <CoreInst = "RAM">   --->   Core 81 'RAM' <Latency = 1> <II = 1> <Delay = 1.56> <Storage> <Opcode : 'load' 'store'> <Ports = 2> <Width = 16> <Depth = 32> <RAM>

State 3 <SV = 2> <Delay = 6.16>
ST_3 : Operation 126 [1/2] ( I:1.56ns O:1.56ns )   --->   "%z_load = load i5 %z_addr" [../main_5_slices.cpp:184]   --->   Operation 126 'load' 'z_load' <Predicate = (trunc_ln144_1 == 0)> <Delay = 1.56> <CoreInst = "RAM">   --->   Core 81 'RAM' <Latency = 1> <II = 1> <Delay = 1.56> <Storage> <Opcode : 'load' 'store'> <Ports = 2> <Width = 16> <Depth = 26> <RAM>
ST_3 : Operation 127 [1/2] ( I:1.56ns O:1.56ns )   --->   "%z_1_load = load i5 %z_1_addr" [../main_5_slices.cpp:184]   --->   Operation 127 'load' 'z_1_load' <Predicate = (trunc_ln144_1 == 1)> <Delay = 1.56> <CoreInst = "RAM">   --->   Core 81 'RAM' <Latency = 1> <II = 1> <Delay = 1.56> <Storage> <Opcode : 'load' 'store'> <Ports = 2> <Width = 16> <Depth = 26> <RAM>
ST_3 : Operation 128 [1/2] ( I:1.56ns O:1.56ns )   --->   "%z_2_load = load i5 %z_2_addr" [../main_5_slices.cpp:184]   --->   Operation 128 'load' 'z_2_load' <Predicate = (trunc_ln144_1 == 2)> <Delay = 1.56> <CoreInst = "RAM">   --->   Core 81 'RAM' <Latency = 1> <II = 1> <Delay = 1.56> <Storage> <Opcode : 'load' 'store'> <Ports = 2> <Width = 16> <Depth = 26> <RAM>
ST_3 : Operation 129 [1/2] ( I:1.56ns O:1.56ns )   --->   "%z_3_load = load i5 %z_3_addr" [../main_5_slices.cpp:184]   --->   Operation 129 'load' 'z_3_load' <Predicate = (trunc_ln144_1 == 3)> <Delay = 1.56> <CoreInst = "RAM">   --->   Core 81 'RAM' <Latency = 1> <II = 1> <Delay = 1.56> <Storage> <Opcode : 'load' 'store'> <Ports = 2> <Width = 16> <Depth = 26> <RAM>
ST_3 : Operation 130 [1/2] ( I:1.56ns O:1.56ns )   --->   "%z_4_load = load i5 %z_4_addr" [../main_5_slices.cpp:184]   --->   Operation 130 'load' 'z_4_load' <Predicate = (trunc_ln144_1 == 4)> <Delay = 1.56> <CoreInst = "RAM">   --->   Core 81 'RAM' <Latency = 1> <II = 1> <Delay = 1.56> <Storage> <Opcode : 'load' 'store'> <Ports = 2> <Width = 16> <Depth = 26> <RAM>
ST_3 : Operation 131 [1/1] (1.22ns)   --->   "%tmp_7 = sparsemux i16 @_ssdm_op_SparseMux.ap_auto.5half.half.i3, i3 0, i16 %z_load, i3 1, i16 %z_1_load, i3 2, i16 %z_2_load, i3 3, i16 %z_3_load, i3 4, i16 %z_4_load, i16 <undef>, i3 %trunc_ln144_1" [../main_5_slices.cpp:184]   --->   Operation 131 'sparsemux' 'tmp_7' <Predicate = true> <Delay = 1.22> <CoreInst = "BinarySparseMux_DontCare">   --->   Core 137 'BinarySparseMux_DontCare' <Latency = 0> <II = 1> <Delay = 1.22> <FuncUnit> <Opcode : 'sparsemux'> <InPorts = 2> <OutPorts = 1>
ST_3 : Operation 132 [1/1] (0.00ns)   --->   "%bitcast_ln184 = bitcast i16 %tmp_7" [../main_5_slices.cpp:184]   --->   Operation 132 'bitcast' 'bitcast_ln184' <Predicate = true> <Delay = 0.00>
ST_3 : Operation 133 [1/1] (0.00ns)   --->   "%bit_sel1 = bitselect i1 @_ssdm_op_BitSelect.i1.i16.i16, i16 %bitcast_ln184, i16 15" [../main_5_slices.cpp:184]   --->   Operation 133 'bitselect' 'bit_sel1' <Predicate = true> <Delay = 0.00>
ST_3 : Operation 134 [1/1] (0.71ns)   --->   "%xor_ln184 = xor i1 %bit_sel1, i1 1" [../main_5_slices.cpp:184]   --->   Operation 134 'xor' 'xor_ln184' <Predicate = true> <Delay = 0.71> <CoreInst = "LogicGate">   --->   Core 74 'LogicGate' <Latency = 0> <II = 1> <Delay = 0.71> <FuncUnit> <Opcode : 'and' 'or' 'xor'> <InPorts = 2> <OutPorts = 1>
ST_3 : Operation 135 [1/1] (0.00ns)   --->   "%trunc_ln184 = trunc i16 %bitcast_ln184" [../main_5_slices.cpp:184]   --->   Operation 135 'trunc' 'trunc_ln184' <Predicate = true> <Delay = 0.00>
ST_3 : Operation 136 [1/1] (0.00ns)   --->   "%xor_ln = bitconcatenate i16 @_ssdm_op_BitConcatenate.i16.i1.i15, i1 %xor_ln184, i15 %trunc_ln184" [../main_5_slices.cpp:184]   --->   Operation 136 'bitconcatenate' 'xor_ln' <Predicate = true> <Delay = 0.00>
ST_3 : Operation 137 [1/1] (0.00ns)   --->   "%bitcast_ln184_1 = bitcast i16 %xor_ln" [../main_5_slices.cpp:184]   --->   Operation 137 'bitcast' 'bitcast_ln184_1' <Predicate = true> <Delay = 0.00>
ST_3 : Operation 138 [2/2] (2.66ns)   --->   "%conv = hptosp i16 %bitcast_ln184_1" [../main_5_slices.cpp:184]   --->   Operation 138 'hptosp' 'conv' <Predicate = true> <Delay = 2.66> <CoreInst = "Half2Float">   --->   Core 68 'Half2Float' <Latency = 1> <II = 1> <Delay = 2.66> <FuncUnit> <Opcode : 'hptosp'> <InPorts = 1> <OutPorts = 1>
ST_3 : Operation 139 [1/2] ( I:1.56ns O:1.56ns )   --->   "%z_load_1 = load i5 %z_addr_1" [../main_5_slices.cpp:185]   --->   Operation 139 'load' 'z_load_1' <Predicate = (trunc_ln144_1 == 3)> <Delay = 1.56> <CoreInst = "RAM">   --->   Core 81 'RAM' <Latency = 1> <II = 1> <Delay = 1.56> <Storage> <Opcode : 'load' 'store'> <Ports = 2> <Width = 16> <Depth = 26> <RAM>
ST_3 : Operation 140 [1/2] ( I:1.56ns O:1.56ns )   --->   "%z_1_load_1 = load i5 %z_1_addr_1" [../main_5_slices.cpp:185]   --->   Operation 140 'load' 'z_1_load_1' <Predicate = (trunc_ln144_1 == 4)> <Delay = 1.56> <CoreInst = "RAM">   --->   Core 81 'RAM' <Latency = 1> <II = 1> <Delay = 1.56> <Storage> <Opcode : 'load' 'store'> <Ports = 2> <Width = 16> <Depth = 26> <RAM>
ST_3 : Operation 141 [1/2] ( I:1.56ns O:1.56ns )   --->   "%z_2_load_1 = load i5 %z_2_addr_1" [../main_5_slices.cpp:185]   --->   Operation 141 'load' 'z_2_load_1' <Predicate = (trunc_ln144_1 == 0)> <Delay = 1.56> <CoreInst = "RAM">   --->   Core 81 'RAM' <Latency = 1> <II = 1> <Delay = 1.56> <Storage> <Opcode : 'load' 'store'> <Ports = 2> <Width = 16> <Depth = 26> <RAM>
ST_3 : Operation 142 [1/2] ( I:1.56ns O:1.56ns )   --->   "%z_3_load_1 = load i5 %z_3_addr_1" [../main_5_slices.cpp:185]   --->   Operation 142 'load' 'z_3_load_1' <Predicate = (trunc_ln144_1 == 1)> <Delay = 1.56> <CoreInst = "RAM">   --->   Core 81 'RAM' <Latency = 1> <II = 1> <Delay = 1.56> <Storage> <Opcode : 'load' 'store'> <Ports = 2> <Width = 16> <Depth = 26> <RAM>
ST_3 : Operation 143 [1/2] ( I:1.56ns O:1.56ns )   --->   "%z_4_load_1 = load i5 %z_4_addr_1" [../main_5_slices.cpp:185]   --->   Operation 143 'load' 'z_4_load_1' <Predicate = (trunc_ln144_1 == 2)> <Delay = 1.56> <CoreInst = "RAM">   --->   Core 81 'RAM' <Latency = 1> <II = 1> <Delay = 1.56> <Storage> <Opcode : 'load' 'store'> <Ports = 2> <Width = 16> <Depth = 26> <RAM>
ST_3 : Operation 144 [1/1] (1.22ns)   --->   "%tmp_9 = sparsemux i16 @_ssdm_op_SparseMux.ap_auto.5half.half.i3, i3 3, i16 %z_load_1, i3 4, i16 %z_1_load_1, i3 0, i16 %z_2_load_1, i3 1, i16 %z_3_load_1, i3 2, i16 %z_4_load_1, i16 <undef>, i3 %trunc_ln144_1" [../main_5_slices.cpp:185]   --->   Operation 144 'sparsemux' 'tmp_9' <Predicate = true> <Delay = 1.22> <CoreInst = "BinarySparseMux_DontCare">   --->   Core 137 'BinarySparseMux_DontCare' <Latency = 0> <II = 1> <Delay = 1.22> <FuncUnit> <Opcode : 'sparsemux'> <InPorts = 2> <OutPorts = 1>
ST_3 : Operation 145 [1/1] (0.00ns)   --->   "%bitcast_ln185 = bitcast i16 %tmp_9" [../main_5_slices.cpp:185]   --->   Operation 145 'bitcast' 'bitcast_ln185' <Predicate = true> <Delay = 0.00>
ST_3 : Operation 146 [1/1] (0.00ns)   --->   "%bit_sel2 = bitselect i1 @_ssdm_op_BitSelect.i1.i16.i16, i16 %bitcast_ln185, i16 15" [../main_5_slices.cpp:185]   --->   Operation 146 'bitselect' 'bit_sel2' <Predicate = true> <Delay = 0.00>
ST_3 : Operation 147 [1/1] (0.71ns)   --->   "%xor_ln185 = xor i1 %bit_sel2, i1 1" [../main_5_slices.cpp:185]   --->   Operation 147 'xor' 'xor_ln185' <Predicate = true> <Delay = 0.71> <CoreInst = "LogicGate">   --->   Core 74 'LogicGate' <Latency = 0> <II = 1> <Delay = 0.71> <FuncUnit> <Opcode : 'and' 'or' 'xor'> <InPorts = 2> <OutPorts = 1>
ST_3 : Operation 148 [1/1] (0.00ns)   --->   "%trunc_ln185 = trunc i16 %bitcast_ln185" [../main_5_slices.cpp:185]   --->   Operation 148 'trunc' 'trunc_ln185' <Predicate = true> <Delay = 0.00>
ST_3 : Operation 149 [1/1] (0.00ns)   --->   "%xor_ln1 = bitconcatenate i16 @_ssdm_op_BitConcatenate.i16.i1.i15, i1 %xor_ln185, i15 %trunc_ln185" [../main_5_slices.cpp:185]   --->   Operation 149 'bitconcatenate' 'xor_ln1' <Predicate = true> <Delay = 0.00>
ST_3 : Operation 150 [1/1] (0.00ns)   --->   "%bitcast_ln185_1 = bitcast i16 %xor_ln1" [../main_5_slices.cpp:185]   --->   Operation 150 'bitcast' 'bitcast_ln185_1' <Predicate = true> <Delay = 0.00>
ST_3 : Operation 151 [2/2] (2.66ns)   --->   "%conv2 = hptosp i16 %bitcast_ln185_1" [../main_5_slices.cpp:185]   --->   Operation 151 'hptosp' 'conv2' <Predicate = true> <Delay = 2.66> <CoreInst = "Half2Float">   --->   Core 68 'Half2Float' <Latency = 1> <II = 1> <Delay = 2.66> <FuncUnit> <Opcode : 'hptosp'> <InPorts = 1> <OutPorts = 1>
ST_3 : Operation 152 [1/2] ( I:1.56ns O:1.56ns )   --->   "%z_load_2 = load i5 %z_addr_2" [../main_5_slices.cpp:186]   --->   Operation 152 'load' 'z_load_2' <Predicate = (trunc_ln144_1 == 1)> <Delay = 1.56> <CoreInst = "RAM">   --->   Core 81 'RAM' <Latency = 1> <II = 1> <Delay = 1.56> <Storage> <Opcode : 'load' 'store'> <Ports = 2> <Width = 16> <Depth = 26> <RAM>
ST_3 : Operation 153 [1/2] ( I:1.56ns O:1.56ns )   --->   "%z_1_load_2 = load i5 %z_1_addr_2" [../main_5_slices.cpp:186]   --->   Operation 153 'load' 'z_1_load_2' <Predicate = (trunc_ln144_1 == 2)> <Delay = 1.56> <CoreInst = "RAM">   --->   Core 81 'RAM' <Latency = 1> <II = 1> <Delay = 1.56> <Storage> <Opcode : 'load' 'store'> <Ports = 2> <Width = 16> <Depth = 26> <RAM>
ST_3 : Operation 154 [1/2] ( I:1.56ns O:1.56ns )   --->   "%z_2_load_2 = load i5 %z_2_addr_2" [../main_5_slices.cpp:186]   --->   Operation 154 'load' 'z_2_load_2' <Predicate = (trunc_ln144_1 == 3)> <Delay = 1.56> <CoreInst = "RAM">   --->   Core 81 'RAM' <Latency = 1> <II = 1> <Delay = 1.56> <Storage> <Opcode : 'load' 'store'> <Ports = 2> <Width = 16> <Depth = 26> <RAM>
ST_3 : Operation 155 [1/2] ( I:1.56ns O:1.56ns )   --->   "%z_3_load_2 = load i5 %z_3_addr_2" [../main_5_slices.cpp:186]   --->   Operation 155 'load' 'z_3_load_2' <Predicate = (trunc_ln144_1 == 4)> <Delay = 1.56> <CoreInst = "RAM">   --->   Core 81 'RAM' <Latency = 1> <II = 1> <Delay = 1.56> <Storage> <Opcode : 'load' 'store'> <Ports = 2> <Width = 16> <Depth = 26> <RAM>
ST_3 : Operation 156 [1/2] ( I:1.56ns O:1.56ns )   --->   "%z_4_load_2 = load i5 %z_4_addr_2" [../main_5_slices.cpp:186]   --->   Operation 156 'load' 'z_4_load_2' <Predicate = (trunc_ln144_1 == 0)> <Delay = 1.56> <CoreInst = "RAM">   --->   Core 81 'RAM' <Latency = 1> <II = 1> <Delay = 1.56> <Storage> <Opcode : 'load' 'store'> <Ports = 2> <Width = 16> <Depth = 26> <RAM>
ST_3 : Operation 157 [1/1] (1.22ns)   --->   "%tmp_1 = sparsemux i16 @_ssdm_op_SparseMux.ap_auto.5half.half.i3, i3 1, i16 %z_load_2, i3 2, i16 %z_1_load_2, i3 3, i16 %z_2_load_2, i3 4, i16 %z_3_load_2, i3 0, i16 %z_4_load_2, i16 <undef>, i3 %trunc_ln144_1" [../main_5_slices.cpp:186]   --->   Operation 157 'sparsemux' 'tmp_1' <Predicate = true> <Delay = 1.22> <CoreInst = "BinarySparseMux_DontCare">   --->   Core 137 'BinarySparseMux_DontCare' <Latency = 0> <II = 1> <Delay = 1.22> <FuncUnit> <Opcode : 'sparsemux'> <InPorts = 2> <OutPorts = 1>
ST_3 : Operation 158 [1/2] ( I:1.56ns O:1.56ns )   --->   "%z_load_3 = load i5 %z_addr_3" [../main_5_slices.cpp:187]   --->   Operation 158 'load' 'z_load_3' <Predicate = (trunc_ln144_1 == 4)> <Delay = 1.56> <CoreInst = "RAM">   --->   Core 81 'RAM' <Latency = 1> <II = 1> <Delay = 1.56> <Storage> <Opcode : 'load' 'store'> <Ports = 2> <Width = 16> <Depth = 26> <RAM>
ST_3 : Operation 159 [1/2] ( I:1.56ns O:1.56ns )   --->   "%z_1_load_3 = load i5 %z_1_addr_3" [../main_5_slices.cpp:187]   --->   Operation 159 'load' 'z_1_load_3' <Predicate = (trunc_ln144_1 == 0)> <Delay = 1.56> <CoreInst = "RAM">   --->   Core 81 'RAM' <Latency = 1> <II = 1> <Delay = 1.56> <Storage> <Opcode : 'load' 'store'> <Ports = 2> <Width = 16> <Depth = 26> <RAM>
ST_3 : Operation 160 [1/2] ( I:1.56ns O:1.56ns )   --->   "%z_2_load_3 = load i5 %z_2_addr_3" [../main_5_slices.cpp:187]   --->   Operation 160 'load' 'z_2_load_3' <Predicate = (trunc_ln144_1 == 1)> <Delay = 1.56> <CoreInst = "RAM">   --->   Core 81 'RAM' <Latency = 1> <II = 1> <Delay = 1.56> <Storage> <Opcode : 'load' 'store'> <Ports = 2> <Width = 16> <Depth = 26> <RAM>
ST_3 : Operation 161 [1/2] ( I:1.56ns O:1.56ns )   --->   "%z_3_load_3 = load i5 %z_3_addr_3" [../main_5_slices.cpp:187]   --->   Operation 161 'load' 'z_3_load_3' <Predicate = (trunc_ln144_1 == 2)> <Delay = 1.56> <CoreInst = "RAM">   --->   Core 81 'RAM' <Latency = 1> <II = 1> <Delay = 1.56> <Storage> <Opcode : 'load' 'store'> <Ports = 2> <Width = 16> <Depth = 26> <RAM>
ST_3 : Operation 162 [1/2] ( I:1.56ns O:1.56ns )   --->   "%z_4_load_3 = load i5 %z_4_addr_3" [../main_5_slices.cpp:187]   --->   Operation 162 'load' 'z_4_load_3' <Predicate = (trunc_ln144_1 == 3)> <Delay = 1.56> <CoreInst = "RAM">   --->   Core 81 'RAM' <Latency = 1> <II = 1> <Delay = 1.56> <Storage> <Opcode : 'load' 'store'> <Ports = 2> <Width = 16> <Depth = 26> <RAM>
ST_3 : Operation 163 [1/1] (1.22ns)   --->   "%x_assign = sparsemux i16 @_ssdm_op_SparseMux.ap_auto.5half.half.i3, i3 4, i16 %z_load_3, i3 0, i16 %z_1_load_3, i3 1, i16 %z_2_load_3, i3 2, i16 %z_3_load_3, i3 3, i16 %z_4_load_3, i16 <undef>, i3 %trunc_ln144_1" [../main_5_slices.cpp:187]   --->   Operation 163 'sparsemux' 'x_assign' <Predicate = true> <Delay = 1.22> <CoreInst = "BinarySparseMux_DontCare">   --->   Core 137 'BinarySparseMux_DontCare' <Latency = 0> <II = 1> <Delay = 1.22> <FuncUnit> <Opcode : 'sparsemux'> <InPorts = 2> <OutPorts = 1>

State 4 <SV = 3> <Delay = 2.66>
ST_4 : Operation 164 [1/2] (2.66ns)   --->   "%conv = hptosp i16 %bitcast_ln184_1" [../main_5_slices.cpp:184]   --->   Operation 164 'hptosp' 'conv' <Predicate = true> <Delay = 2.66> <CoreInst = "Half2Float">   --->   Core 68 'Half2Float' <Latency = 1> <II = 1> <Delay = 2.66> <FuncUnit> <Opcode : 'hptosp'> <InPorts = 1> <OutPorts = 1>
ST_4 : Operation 165 [1/2] (2.66ns)   --->   "%conv2 = hptosp i16 %bitcast_ln185_1" [../main_5_slices.cpp:185]   --->   Operation 165 'hptosp' 'conv2' <Predicate = true> <Delay = 2.66> <CoreInst = "Half2Float">   --->   Core 68 'Half2Float' <Latency = 1> <II = 1> <Delay = 2.66> <FuncUnit> <Opcode : 'hptosp'> <InPorts = 1> <OutPorts = 1>

State 5 <SV = 4> <Delay = 6.11>
ST_5 : Operation 166 [8/8] (6.11ns)   --->   "%tmp_8 = fexp i32 @llvm.exp.f32, i32 %conv" [../main_5_slices.cpp:184]   --->   Operation 166 'fexp' 'tmp_8' <Predicate = true> <Delay = 6.11> <CoreInst = "FExp_fulldsp">   --->   Core 23 'FExp_fulldsp' <Latency = 7> <II = 1> <Delay = 6.11> <FuncUnit> <Opcode : 'fexp'> <InPorts = 1> <OutPorts = 1>
ST_5 : Operation 167 [8/8] (6.11ns)   --->   "%tmp_s = fexp i32 @llvm.exp.f32, i32 %conv2" [../main_5_slices.cpp:185]   --->   Operation 167 'fexp' 'tmp_s' <Predicate = true> <Delay = 6.11> <CoreInst = "FExp_fulldsp">   --->   Core 23 'FExp_fulldsp' <Latency = 7> <II = 1> <Delay = 6.11> <FuncUnit> <Opcode : 'fexp'> <InPorts = 1> <OutPorts = 1>

State 6 <SV = 5> <Delay = 6.11>
ST_6 : Operation 168 [7/8] (6.11ns)   --->   "%tmp_8 = fexp i32 @llvm.exp.f32, i32 %conv" [../main_5_slices.cpp:184]   --->   Operation 168 'fexp' 'tmp_8' <Predicate = true> <Delay = 6.11> <CoreInst = "FExp_fulldsp">   --->   Core 23 'FExp_fulldsp' <Latency = 7> <II = 1> <Delay = 6.11> <FuncUnit> <Opcode : 'fexp'> <InPorts = 1> <OutPorts = 1>
ST_6 : Operation 169 [7/8] (6.11ns)   --->   "%tmp_s = fexp i32 @llvm.exp.f32, i32 %conv2" [../main_5_slices.cpp:185]   --->   Operation 169 'fexp' 'tmp_s' <Predicate = true> <Delay = 6.11> <CoreInst = "FExp_fulldsp">   --->   Core 23 'FExp_fulldsp' <Latency = 7> <II = 1> <Delay = 6.11> <FuncUnit> <Opcode : 'fexp'> <InPorts = 1> <OutPorts = 1>

State 7 <SV = 6> <Delay = 6.11>
ST_7 : Operation 170 [6/8] (6.11ns)   --->   "%tmp_8 = fexp i32 @llvm.exp.f32, i32 %conv" [../main_5_slices.cpp:184]   --->   Operation 170 'fexp' 'tmp_8' <Predicate = true> <Delay = 6.11> <CoreInst = "FExp_fulldsp">   --->   Core 23 'FExp_fulldsp' <Latency = 7> <II = 1> <Delay = 6.11> <FuncUnit> <Opcode : 'fexp'> <InPorts = 1> <OutPorts = 1>
ST_7 : Operation 171 [6/8] (6.11ns)   --->   "%tmp_s = fexp i32 @llvm.exp.f32, i32 %conv2" [../main_5_slices.cpp:185]   --->   Operation 171 'fexp' 'tmp_s' <Predicate = true> <Delay = 6.11> <CoreInst = "FExp_fulldsp">   --->   Core 23 'FExp_fulldsp' <Latency = 7> <II = 1> <Delay = 6.11> <FuncUnit> <Opcode : 'fexp'> <InPorts = 1> <OutPorts = 1>

State 8 <SV = 7> <Delay = 6.11>
ST_8 : Operation 172 [5/8] (6.11ns)   --->   "%tmp_8 = fexp i32 @llvm.exp.f32, i32 %conv" [../main_5_slices.cpp:184]   --->   Operation 172 'fexp' 'tmp_8' <Predicate = true> <Delay = 6.11> <CoreInst = "FExp_fulldsp">   --->   Core 23 'FExp_fulldsp' <Latency = 7> <II = 1> <Delay = 6.11> <FuncUnit> <Opcode : 'fexp'> <InPorts = 1> <OutPorts = 1>
ST_8 : Operation 173 [5/8] (6.11ns)   --->   "%tmp_s = fexp i32 @llvm.exp.f32, i32 %conv2" [../main_5_slices.cpp:185]   --->   Operation 173 'fexp' 'tmp_s' <Predicate = true> <Delay = 6.11> <CoreInst = "FExp_fulldsp">   --->   Core 23 'FExp_fulldsp' <Latency = 7> <II = 1> <Delay = 6.11> <FuncUnit> <Opcode : 'fexp'> <InPorts = 1> <OutPorts = 1>

State 9 <SV = 8> <Delay = 6.11>
ST_9 : Operation 174 [4/8] (6.11ns)   --->   "%tmp_8 = fexp i32 @llvm.exp.f32, i32 %conv" [../main_5_slices.cpp:184]   --->   Operation 174 'fexp' 'tmp_8' <Predicate = true> <Delay = 6.11> <CoreInst = "FExp_fulldsp">   --->   Core 23 'FExp_fulldsp' <Latency = 7> <II = 1> <Delay = 6.11> <FuncUnit> <Opcode : 'fexp'> <InPorts = 1> <OutPorts = 1>
ST_9 : Operation 175 [4/8] (6.11ns)   --->   "%tmp_s = fexp i32 @llvm.exp.f32, i32 %conv2" [../main_5_slices.cpp:185]   --->   Operation 175 'fexp' 'tmp_s' <Predicate = true> <Delay = 6.11> <CoreInst = "FExp_fulldsp">   --->   Core 23 'FExp_fulldsp' <Latency = 7> <II = 1> <Delay = 6.11> <FuncUnit> <Opcode : 'fexp'> <InPorts = 1> <OutPorts = 1>

State 10 <SV = 9> <Delay = 6.11>
ST_10 : Operation 176 [3/8] (6.11ns)   --->   "%tmp_8 = fexp i32 @llvm.exp.f32, i32 %conv" [../main_5_slices.cpp:184]   --->   Operation 176 'fexp' 'tmp_8' <Predicate = true> <Delay = 6.11> <CoreInst = "FExp_fulldsp">   --->   Core 23 'FExp_fulldsp' <Latency = 7> <II = 1> <Delay = 6.11> <FuncUnit> <Opcode : 'fexp'> <InPorts = 1> <OutPorts = 1>
ST_10 : Operation 177 [3/8] (6.11ns)   --->   "%tmp_s = fexp i32 @llvm.exp.f32, i32 %conv2" [../main_5_slices.cpp:185]   --->   Operation 177 'fexp' 'tmp_s' <Predicate = true> <Delay = 6.11> <CoreInst = "FExp_fulldsp">   --->   Core 23 'FExp_fulldsp' <Latency = 7> <II = 1> <Delay = 6.11> <FuncUnit> <Opcode : 'fexp'> <InPorts = 1> <OutPorts = 1>

State 11 <SV = 10> <Delay = 6.11>
ST_11 : Operation 178 [2/8] (6.11ns)   --->   "%tmp_8 = fexp i32 @llvm.exp.f32, i32 %conv" [../main_5_slices.cpp:184]   --->   Operation 178 'fexp' 'tmp_8' <Predicate = true> <Delay = 6.11> <CoreInst = "FExp_fulldsp">   --->   Core 23 'FExp_fulldsp' <Latency = 7> <II = 1> <Delay = 6.11> <FuncUnit> <Opcode : 'fexp'> <InPorts = 1> <OutPorts = 1>
ST_11 : Operation 179 [2/8] (6.11ns)   --->   "%tmp_s = fexp i32 @llvm.exp.f32, i32 %conv2" [../main_5_slices.cpp:185]   --->   Operation 179 'fexp' 'tmp_s' <Predicate = true> <Delay = 6.11> <CoreInst = "FExp_fulldsp">   --->   Core 23 'FExp_fulldsp' <Latency = 7> <II = 1> <Delay = 6.11> <FuncUnit> <Opcode : 'fexp'> <InPorts = 1> <OutPorts = 1>

State 12 <SV = 11> <Delay = 6.11>
ST_12 : Operation 180 [1/8] (6.11ns)   --->   "%tmp_8 = fexp i32 @llvm.exp.f32, i32 %conv" [../main_5_slices.cpp:184]   --->   Operation 180 'fexp' 'tmp_8' <Predicate = true> <Delay = 6.11> <CoreInst = "FExp_fulldsp">   --->   Core 23 'FExp_fulldsp' <Latency = 7> <II = 1> <Delay = 6.11> <FuncUnit> <Opcode : 'fexp'> <InPorts = 1> <OutPorts = 1>
ST_12 : Operation 181 [1/8] (6.11ns)   --->   "%tmp_s = fexp i32 @llvm.exp.f32, i32 %conv2" [../main_5_slices.cpp:185]   --->   Operation 181 'fexp' 'tmp_s' <Predicate = true> <Delay = 6.11> <CoreInst = "FExp_fulldsp">   --->   Core 23 'FExp_fulldsp' <Latency = 7> <II = 1> <Delay = 6.11> <FuncUnit> <Opcode : 'fexp'> <InPorts = 1> <OutPorts = 1>

State 13 <SV = 12> <Delay = 7.28>
ST_13 : Operation 182 [4/4] (7.28ns)   --->   "%add5 = fadd i32 %tmp_8, i32 1" [../main_5_slices.cpp:184]   --->   Operation 182 'fadd' 'add5' <Predicate = true> <Delay = 7.28> <CoreInst = "FAddSub_fulldsp">   --->   Core 18 'FAddSub_fulldsp' <Latency = 3> <II = 1> <Delay = 7.28> <FuncUnit> <Opcode : 'fadd' 'fsub'> <InPorts = 2> <OutPorts = 1>
ST_13 : Operation 183 [4/4] (7.28ns)   --->   "%add6 = fadd i32 %tmp_s, i32 1" [../main_5_slices.cpp:185]   --->   Operation 183 'fadd' 'add6' <Predicate = true> <Delay = 7.28> <CoreInst = "FAddSub_fulldsp">   --->   Core 18 'FAddSub_fulldsp' <Latency = 3> <II = 1> <Delay = 7.28> <FuncUnit> <Opcode : 'fadd' 'fsub'> <InPorts = 2> <OutPorts = 1>

State 14 <SV = 13> <Delay = 7.28>
ST_14 : Operation 184 [3/4] (7.28ns)   --->   "%add5 = fadd i32 %tmp_8, i32 1" [../main_5_slices.cpp:184]   --->   Operation 184 'fadd' 'add5' <Predicate = true> <Delay = 7.28> <CoreInst = "FAddSub_fulldsp">   --->   Core 18 'FAddSub_fulldsp' <Latency = 3> <II = 1> <Delay = 7.28> <FuncUnit> <Opcode : 'fadd' 'fsub'> <InPorts = 2> <OutPorts = 1>
ST_14 : Operation 185 [3/4] (7.28ns)   --->   "%add6 = fadd i32 %tmp_s, i32 1" [../main_5_slices.cpp:185]   --->   Operation 185 'fadd' 'add6' <Predicate = true> <Delay = 7.28> <CoreInst = "FAddSub_fulldsp">   --->   Core 18 'FAddSub_fulldsp' <Latency = 3> <II = 1> <Delay = 7.28> <FuncUnit> <Opcode : 'fadd' 'fsub'> <InPorts = 2> <OutPorts = 1>
ST_14 : Operation 186 [1/1] (0.00ns)   --->   "%bitcast_ln186 = bitcast i16 %tmp_1" [../main_5_slices.cpp:186]   --->   Operation 186 'bitcast' 'bitcast_ln186' <Predicate = true> <Delay = 0.00>
ST_14 : Operation 187 [1/1] (0.00ns)   --->   "%bit_sel = bitselect i1 @_ssdm_op_BitSelect.i1.i16.i16, i16 %bitcast_ln186, i16 15" [../main_5_slices.cpp:186]   --->   Operation 187 'bitselect' 'bit_sel' <Predicate = true> <Delay = 0.00>
ST_14 : Operation 188 [1/1] (0.71ns)   --->   "%xor_ln186 = xor i1 %bit_sel, i1 1" [../main_5_slices.cpp:186]   --->   Operation 188 'xor' 'xor_ln186' <Predicate = true> <Delay = 0.71> <CoreInst = "LogicGate">   --->   Core 74 'LogicGate' <Latency = 0> <II = 1> <Delay = 0.71> <FuncUnit> <Opcode : 'and' 'or' 'xor'> <InPorts = 2> <OutPorts = 1>
ST_14 : Operation 189 [1/1] (0.00ns)   --->   "%trunc_ln186 = trunc i16 %bitcast_ln186" [../main_5_slices.cpp:186]   --->   Operation 189 'trunc' 'trunc_ln186' <Predicate = true> <Delay = 0.00>
ST_14 : Operation 190 [1/1] (0.00ns)   --->   "%xor_ln2 = bitconcatenate i16 @_ssdm_op_BitConcatenate.i16.i1.i15, i1 %xor_ln186, i15 %trunc_ln186" [../main_5_slices.cpp:186]   --->   Operation 190 'bitconcatenate' 'xor_ln2' <Predicate = true> <Delay = 0.00>
ST_14 : Operation 191 [1/1] (0.00ns)   --->   "%bitcast_ln186_1 = bitcast i16 %xor_ln2" [../main_5_slices.cpp:186]   --->   Operation 191 'bitcast' 'bitcast_ln186_1' <Predicate = true> <Delay = 0.00>
ST_14 : Operation 192 [2/2] (2.66ns)   --->   "%conv4 = hptosp i16 %bitcast_ln186_1" [../main_5_slices.cpp:186]   --->   Operation 192 'hptosp' 'conv4' <Predicate = true> <Delay = 2.66> <CoreInst = "Half2Float">   --->   Core 68 'Half2Float' <Latency = 1> <II = 1> <Delay = 2.66> <FuncUnit> <Opcode : 'hptosp'> <InPorts = 1> <OutPorts = 1>

State 15 <SV = 14> <Delay = 7.28>
ST_15 : Operation 193 [2/4] (7.28ns)   --->   "%add5 = fadd i32 %tmp_8, i32 1" [../main_5_slices.cpp:184]   --->   Operation 193 'fadd' 'add5' <Predicate = true> <Delay = 7.28> <CoreInst = "FAddSub_fulldsp">   --->   Core 18 'FAddSub_fulldsp' <Latency = 3> <II = 1> <Delay = 7.28> <FuncUnit> <Opcode : 'fadd' 'fsub'> <InPorts = 2> <OutPorts = 1>
ST_15 : Operation 194 [2/4] (7.28ns)   --->   "%add6 = fadd i32 %tmp_s, i32 1" [../main_5_slices.cpp:185]   --->   Operation 194 'fadd' 'add6' <Predicate = true> <Delay = 7.28> <CoreInst = "FAddSub_fulldsp">   --->   Core 18 'FAddSub_fulldsp' <Latency = 3> <II = 1> <Delay = 7.28> <FuncUnit> <Opcode : 'fadd' 'fsub'> <InPorts = 2> <OutPorts = 1>
ST_15 : Operation 195 [1/2] (2.66ns)   --->   "%conv4 = hptosp i16 %bitcast_ln186_1" [../main_5_slices.cpp:186]   --->   Operation 195 'hptosp' 'conv4' <Predicate = true> <Delay = 2.66> <CoreInst = "Half2Float">   --->   Core 68 'Half2Float' <Latency = 1> <II = 1> <Delay = 2.66> <FuncUnit> <Opcode : 'hptosp'> <InPorts = 1> <OutPorts = 1>

State 16 <SV = 15> <Delay = 7.28>
ST_16 : Operation 196 [1/4] (7.28ns)   --->   "%add5 = fadd i32 %tmp_8, i32 1" [../main_5_slices.cpp:184]   --->   Operation 196 'fadd' 'add5' <Predicate = true> <Delay = 7.28> <CoreInst = "FAddSub_fulldsp">   --->   Core 18 'FAddSub_fulldsp' <Latency = 3> <II = 1> <Delay = 7.28> <FuncUnit> <Opcode : 'fadd' 'fsub'> <InPorts = 2> <OutPorts = 1>
ST_16 : Operation 197 [1/4] (7.28ns)   --->   "%add6 = fadd i32 %tmp_s, i32 1" [../main_5_slices.cpp:185]   --->   Operation 197 'fadd' 'add6' <Predicate = true> <Delay = 7.28> <CoreInst = "FAddSub_fulldsp">   --->   Core 18 'FAddSub_fulldsp' <Latency = 3> <II = 1> <Delay = 7.28> <FuncUnit> <Opcode : 'fadd' 'fsub'> <InPorts = 2> <OutPorts = 1>
ST_16 : Operation 198 [8/8] (6.11ns)   --->   "%tmp_2 = fexp i32 @llvm.exp.f32, i32 %conv4" [../main_5_slices.cpp:186]   --->   Operation 198 'fexp' 'tmp_2' <Predicate = true> <Delay = 6.11> <CoreInst = "FExp_fulldsp">   --->   Core 23 'FExp_fulldsp' <Latency = 7> <II = 1> <Delay = 6.11> <FuncUnit> <Opcode : 'fexp'> <InPorts = 1> <OutPorts = 1>

State 17 <SV = 16> <Delay = 7.84>
ST_17 : Operation 199 [10/10] (7.84ns)   --->   "%div = fdiv i32 1, i32 %add5" [../main_5_slices.cpp:184]   --->   Operation 199 'fdiv' 'div' <Predicate = true> <Delay = 7.84> <CoreInst = "FDiv">   --->   Core 20 'FDiv' <Latency = 9> <II = 1> <Delay = 7.84> <FuncUnit> <Opcode : 'fdiv' 'frem'> <InPorts = 2> <OutPorts = 1>
ST_17 : Operation 200 [10/10] (7.84ns)   --->   "%div1 = fdiv i32 1, i32 %add6" [../main_5_slices.cpp:185]   --->   Operation 200 'fdiv' 'div1' <Predicate = true> <Delay = 7.84> <CoreInst = "FDiv">   --->   Core 20 'FDiv' <Latency = 9> <II = 1> <Delay = 7.84> <FuncUnit> <Opcode : 'fdiv' 'frem'> <InPorts = 2> <OutPorts = 1>
ST_17 : Operation 201 [7/8] (6.11ns)   --->   "%tmp_2 = fexp i32 @llvm.exp.f32, i32 %conv4" [../main_5_slices.cpp:186]   --->   Operation 201 'fexp' 'tmp_2' <Predicate = true> <Delay = 6.11> <CoreInst = "FExp_fulldsp">   --->   Core 23 'FExp_fulldsp' <Latency = 7> <II = 1> <Delay = 6.11> <FuncUnit> <Opcode : 'fexp'> <InPorts = 1> <OutPorts = 1>

State 18 <SV = 17> <Delay = 7.84>
ST_18 : Operation 202 [9/10] (7.84ns)   --->   "%div = fdiv i32 1, i32 %add5" [../main_5_slices.cpp:184]   --->   Operation 202 'fdiv' 'div' <Predicate = true> <Delay = 7.84> <CoreInst = "FDiv">   --->   Core 20 'FDiv' <Latency = 9> <II = 1> <Delay = 7.84> <FuncUnit> <Opcode : 'fdiv' 'frem'> <InPorts = 2> <OutPorts = 1>
ST_18 : Operation 203 [9/10] (7.84ns)   --->   "%div1 = fdiv i32 1, i32 %add6" [../main_5_slices.cpp:185]   --->   Operation 203 'fdiv' 'div1' <Predicate = true> <Delay = 7.84> <CoreInst = "FDiv">   --->   Core 20 'FDiv' <Latency = 9> <II = 1> <Delay = 7.84> <FuncUnit> <Opcode : 'fdiv' 'frem'> <InPorts = 2> <OutPorts = 1>
ST_18 : Operation 204 [6/8] (6.11ns)   --->   "%tmp_2 = fexp i32 @llvm.exp.f32, i32 %conv4" [../main_5_slices.cpp:186]   --->   Operation 204 'fexp' 'tmp_2' <Predicate = true> <Delay = 6.11> <CoreInst = "FExp_fulldsp">   --->   Core 23 'FExp_fulldsp' <Latency = 7> <II = 1> <Delay = 6.11> <FuncUnit> <Opcode : 'fexp'> <InPorts = 1> <OutPorts = 1>

State 19 <SV = 18> <Delay = 7.84>
ST_19 : Operation 205 [8/10] (7.84ns)   --->   "%div = fdiv i32 1, i32 %add5" [../main_5_slices.cpp:184]   --->   Operation 205 'fdiv' 'div' <Predicate = true> <Delay = 7.84> <CoreInst = "FDiv">   --->   Core 20 'FDiv' <Latency = 9> <II = 1> <Delay = 7.84> <FuncUnit> <Opcode : 'fdiv' 'frem'> <InPorts = 2> <OutPorts = 1>
ST_19 : Operation 206 [8/10] (7.84ns)   --->   "%div1 = fdiv i32 1, i32 %add6" [../main_5_slices.cpp:185]   --->   Operation 206 'fdiv' 'div1' <Predicate = true> <Delay = 7.84> <CoreInst = "FDiv">   --->   Core 20 'FDiv' <Latency = 9> <II = 1> <Delay = 7.84> <FuncUnit> <Opcode : 'fdiv' 'frem'> <InPorts = 2> <OutPorts = 1>
ST_19 : Operation 207 [5/8] (6.11ns)   --->   "%tmp_2 = fexp i32 @llvm.exp.f32, i32 %conv4" [../main_5_slices.cpp:186]   --->   Operation 207 'fexp' 'tmp_2' <Predicate = true> <Delay = 6.11> <CoreInst = "FExp_fulldsp">   --->   Core 23 'FExp_fulldsp' <Latency = 7> <II = 1> <Delay = 6.11> <FuncUnit> <Opcode : 'fexp'> <InPorts = 1> <OutPorts = 1>

State 20 <SV = 19> <Delay = 7.84>
ST_20 : Operation 208 [7/10] (7.84ns)   --->   "%div = fdiv i32 1, i32 %add5" [../main_5_slices.cpp:184]   --->   Operation 208 'fdiv' 'div' <Predicate = true> <Delay = 7.84> <CoreInst = "FDiv">   --->   Core 20 'FDiv' <Latency = 9> <II = 1> <Delay = 7.84> <FuncUnit> <Opcode : 'fdiv' 'frem'> <InPorts = 2> <OutPorts = 1>
ST_20 : Operation 209 [7/10] (7.84ns)   --->   "%div1 = fdiv i32 1, i32 %add6" [../main_5_slices.cpp:185]   --->   Operation 209 'fdiv' 'div1' <Predicate = true> <Delay = 7.84> <CoreInst = "FDiv">   --->   Core 20 'FDiv' <Latency = 9> <II = 1> <Delay = 7.84> <FuncUnit> <Opcode : 'fdiv' 'frem'> <InPorts = 2> <OutPorts = 1>
ST_20 : Operation 210 [4/8] (6.11ns)   --->   "%tmp_2 = fexp i32 @llvm.exp.f32, i32 %conv4" [../main_5_slices.cpp:186]   --->   Operation 210 'fexp' 'tmp_2' <Predicate = true> <Delay = 6.11> <CoreInst = "FExp_fulldsp">   --->   Core 23 'FExp_fulldsp' <Latency = 7> <II = 1> <Delay = 6.11> <FuncUnit> <Opcode : 'fexp'> <InPorts = 1> <OutPorts = 1>

State 21 <SV = 20> <Delay = 7.84>
ST_21 : Operation 211 [6/10] (7.84ns)   --->   "%div = fdiv i32 1, i32 %add5" [../main_5_slices.cpp:184]   --->   Operation 211 'fdiv' 'div' <Predicate = true> <Delay = 7.84> <CoreInst = "FDiv">   --->   Core 20 'FDiv' <Latency = 9> <II = 1> <Delay = 7.84> <FuncUnit> <Opcode : 'fdiv' 'frem'> <InPorts = 2> <OutPorts = 1>
ST_21 : Operation 212 [6/10] (7.84ns)   --->   "%div1 = fdiv i32 1, i32 %add6" [../main_5_slices.cpp:185]   --->   Operation 212 'fdiv' 'div1' <Predicate = true> <Delay = 7.84> <CoreInst = "FDiv">   --->   Core 20 'FDiv' <Latency = 9> <II = 1> <Delay = 7.84> <FuncUnit> <Opcode : 'fdiv' 'frem'> <InPorts = 2> <OutPorts = 1>
ST_21 : Operation 213 [3/8] (6.11ns)   --->   "%tmp_2 = fexp i32 @llvm.exp.f32, i32 %conv4" [../main_5_slices.cpp:186]   --->   Operation 213 'fexp' 'tmp_2' <Predicate = true> <Delay = 6.11> <CoreInst = "FExp_fulldsp">   --->   Core 23 'FExp_fulldsp' <Latency = 7> <II = 1> <Delay = 6.11> <FuncUnit> <Opcode : 'fexp'> <InPorts = 1> <OutPorts = 1>

State 22 <SV = 21> <Delay = 7.84>
ST_22 : Operation 214 [5/10] (7.84ns)   --->   "%div = fdiv i32 1, i32 %add5" [../main_5_slices.cpp:184]   --->   Operation 214 'fdiv' 'div' <Predicate = true> <Delay = 7.84> <CoreInst = "FDiv">   --->   Core 20 'FDiv' <Latency = 9> <II = 1> <Delay = 7.84> <FuncUnit> <Opcode : 'fdiv' 'frem'> <InPorts = 2> <OutPorts = 1>
ST_22 : Operation 215 [5/10] (7.84ns)   --->   "%div1 = fdiv i32 1, i32 %add6" [../main_5_slices.cpp:185]   --->   Operation 215 'fdiv' 'div1' <Predicate = true> <Delay = 7.84> <CoreInst = "FDiv">   --->   Core 20 'FDiv' <Latency = 9> <II = 1> <Delay = 7.84> <FuncUnit> <Opcode : 'fdiv' 'frem'> <InPorts = 2> <OutPorts = 1>
ST_22 : Operation 216 [2/8] (6.11ns)   --->   "%tmp_2 = fexp i32 @llvm.exp.f32, i32 %conv4" [../main_5_slices.cpp:186]   --->   Operation 216 'fexp' 'tmp_2' <Predicate = true> <Delay = 6.11> <CoreInst = "FExp_fulldsp">   --->   Core 23 'FExp_fulldsp' <Latency = 7> <II = 1> <Delay = 6.11> <FuncUnit> <Opcode : 'fexp'> <InPorts = 1> <OutPorts = 1>

State 23 <SV = 22> <Delay = 7.84>
ST_23 : Operation 217 [4/10] (7.84ns)   --->   "%div = fdiv i32 1, i32 %add5" [../main_5_slices.cpp:184]   --->   Operation 217 'fdiv' 'div' <Predicate = true> <Delay = 7.84> <CoreInst = "FDiv">   --->   Core 20 'FDiv' <Latency = 9> <II = 1> <Delay = 7.84> <FuncUnit> <Opcode : 'fdiv' 'frem'> <InPorts = 2> <OutPorts = 1>
ST_23 : Operation 218 [4/10] (7.84ns)   --->   "%div1 = fdiv i32 1, i32 %add6" [../main_5_slices.cpp:185]   --->   Operation 218 'fdiv' 'div1' <Predicate = true> <Delay = 7.84> <CoreInst = "FDiv">   --->   Core 20 'FDiv' <Latency = 9> <II = 1> <Delay = 7.84> <FuncUnit> <Opcode : 'fdiv' 'frem'> <InPorts = 2> <OutPorts = 1>
ST_23 : Operation 219 [1/8] (6.11ns)   --->   "%tmp_2 = fexp i32 @llvm.exp.f32, i32 %conv4" [../main_5_slices.cpp:186]   --->   Operation 219 'fexp' 'tmp_2' <Predicate = true> <Delay = 6.11> <CoreInst = "FExp_fulldsp">   --->   Core 23 'FExp_fulldsp' <Latency = 7> <II = 1> <Delay = 6.11> <FuncUnit> <Opcode : 'fexp'> <InPorts = 1> <OutPorts = 1>

State 24 <SV = 23> <Delay = 7.84>
ST_24 : Operation 220 [3/10] (7.84ns)   --->   "%div = fdiv i32 1, i32 %add5" [../main_5_slices.cpp:184]   --->   Operation 220 'fdiv' 'div' <Predicate = true> <Delay = 7.84> <CoreInst = "FDiv">   --->   Core 20 'FDiv' <Latency = 9> <II = 1> <Delay = 7.84> <FuncUnit> <Opcode : 'fdiv' 'frem'> <InPorts = 2> <OutPorts = 1>
ST_24 : Operation 221 [3/10] (7.84ns)   --->   "%div1 = fdiv i32 1, i32 %add6" [../main_5_slices.cpp:185]   --->   Operation 221 'fdiv' 'div1' <Predicate = true> <Delay = 7.84> <CoreInst = "FDiv">   --->   Core 20 'FDiv' <Latency = 9> <II = 1> <Delay = 7.84> <FuncUnit> <Opcode : 'fdiv' 'frem'> <InPorts = 2> <OutPorts = 1>
ST_24 : Operation 222 [4/4] (7.28ns)   --->   "%add7 = fadd i32 %tmp_2, i32 1" [../main_5_slices.cpp:186]   --->   Operation 222 'fadd' 'add7' <Predicate = true> <Delay = 7.28> <CoreInst = "FAddSub_fulldsp">   --->   Core 18 'FAddSub_fulldsp' <Latency = 3> <II = 1> <Delay = 7.28> <FuncUnit> <Opcode : 'fadd' 'fsub'> <InPorts = 2> <OutPorts = 1>

State 25 <SV = 24> <Delay = 7.84>
ST_25 : Operation 223 [2/10] (7.84ns)   --->   "%div = fdiv i32 1, i32 %add5" [../main_5_slices.cpp:184]   --->   Operation 223 'fdiv' 'div' <Predicate = true> <Delay = 7.84> <CoreInst = "FDiv">   --->   Core 20 'FDiv' <Latency = 9> <II = 1> <Delay = 7.84> <FuncUnit> <Opcode : 'fdiv' 'frem'> <InPorts = 2> <OutPorts = 1>
ST_25 : Operation 224 [2/10] (7.84ns)   --->   "%div1 = fdiv i32 1, i32 %add6" [../main_5_slices.cpp:185]   --->   Operation 224 'fdiv' 'div1' <Predicate = true> <Delay = 7.84> <CoreInst = "FDiv">   --->   Core 20 'FDiv' <Latency = 9> <II = 1> <Delay = 7.84> <FuncUnit> <Opcode : 'fdiv' 'frem'> <InPorts = 2> <OutPorts = 1>
ST_25 : Operation 225 [3/4] (7.28ns)   --->   "%add7 = fadd i32 %tmp_2, i32 1" [../main_5_slices.cpp:186]   --->   Operation 225 'fadd' 'add7' <Predicate = true> <Delay = 7.28> <CoreInst = "FAddSub_fulldsp">   --->   Core 18 'FAddSub_fulldsp' <Latency = 3> <II = 1> <Delay = 7.28> <FuncUnit> <Opcode : 'fadd' 'fsub'> <InPorts = 2> <OutPorts = 1>

State 26 <SV = 25> <Delay = 7.84>
ST_26 : Operation 226 [1/10] (7.84ns)   --->   "%div = fdiv i32 1, i32 %add5" [../main_5_slices.cpp:184]   --->   Operation 226 'fdiv' 'div' <Predicate = true> <Delay = 7.84> <CoreInst = "FDiv">   --->   Core 20 'FDiv' <Latency = 9> <II = 1> <Delay = 7.84> <FuncUnit> <Opcode : 'fdiv' 'frem'> <InPorts = 2> <OutPorts = 1>
ST_26 : Operation 227 [1/10] (7.84ns)   --->   "%div1 = fdiv i32 1, i32 %add6" [../main_5_slices.cpp:185]   --->   Operation 227 'fdiv' 'div1' <Predicate = true> <Delay = 7.84> <CoreInst = "FDiv">   --->   Core 20 'FDiv' <Latency = 9> <II = 1> <Delay = 7.84> <FuncUnit> <Opcode : 'fdiv' 'frem'> <InPorts = 2> <OutPorts = 1>
ST_26 : Operation 228 [2/4] (7.28ns)   --->   "%add7 = fadd i32 %tmp_2, i32 1" [../main_5_slices.cpp:186]   --->   Operation 228 'fadd' 'add7' <Predicate = true> <Delay = 7.28> <CoreInst = "FAddSub_fulldsp">   --->   Core 18 'FAddSub_fulldsp' <Latency = 3> <II = 1> <Delay = 7.28> <FuncUnit> <Opcode : 'fadd' 'fsub'> <InPorts = 2> <OutPorts = 1>

State 27 <SV = 26> <Delay = 7.28>
ST_27 : Operation 229 [2/2] (3.92ns)   --->   "%i = sptohp i32 %div" [../main_5_slices.cpp:184]   --->   Operation 229 'sptohp' 'i' <Predicate = true> <Delay = 3.92> <CoreInst = "Float2Half">   --->   Core 69 'Float2Half' <Latency = 1> <II = 1> <Delay = 3.92> <FuncUnit> <Opcode : 'sptohp'> <InPorts = 1> <OutPorts = 1>
ST_27 : Operation 230 [2/2] (3.92ns)   --->   "%f = sptohp i32 %div1" [../main_5_slices.cpp:185]   --->   Operation 230 'sptohp' 'f' <Predicate = true> <Delay = 3.92> <CoreInst = "Float2Half">   --->   Core 69 'Float2Half' <Latency = 1> <II = 1> <Delay = 3.92> <FuncUnit> <Opcode : 'sptohp'> <InPorts = 1> <OutPorts = 1>
ST_27 : Operation 231 [1/4] (7.28ns)   --->   "%add7 = fadd i32 %tmp_2, i32 1" [../main_5_slices.cpp:186]   --->   Operation 231 'fadd' 'add7' <Predicate = true> <Delay = 7.28> <CoreInst = "FAddSub_fulldsp">   --->   Core 18 'FAddSub_fulldsp' <Latency = 3> <II = 1> <Delay = 7.28> <FuncUnit> <Opcode : 'fadd' 'fsub'> <InPorts = 2> <OutPorts = 1>
ST_27 : Operation 232 [2/2] (3.84ns)   --->   "%cmp_i = fcmp_olt  i16 %x_assign, i16 -1" [../main_5_slices.cpp:46->../main_5_slices.cpp:187]   --->   Operation 232 'hcmp' 'cmp_i' <Predicate = true> <Delay = 3.84> <CoreInst = "HCompare">   --->   Core 56 'HCompare' <Latency = 1> <II = 1> <Delay = 3.84> <FuncUnit> <Opcode : 'hcmp'> <InPorts = 2> <OutPorts = 1>
ST_27 : Operation 233 [2/2] (3.84ns)   --->   "%cmp1_i = fcmp_ogt  i16 %x_assign, i16 1" [../main_5_slices.cpp:47->../main_5_slices.cpp:187]   --->   Operation 233 'hcmp' 'cmp1_i' <Predicate = true> <Delay = 3.84> <CoreInst = "HCompare">   --->   Core 56 'HCompare' <Latency = 1> <II = 1> <Delay = 3.84> <FuncUnit> <Opcode : 'hcmp'> <InPorts = 2> <OutPorts = 1>

State 28 <SV = 27> <Delay = 7.84>
ST_28 : Operation 234 [1/2] (3.92ns)   --->   "%i = sptohp i32 %div" [../main_5_slices.cpp:184]   --->   Operation 234 'sptohp' 'i' <Predicate = true> <Delay = 3.92> <CoreInst = "Float2Half">   --->   Core 69 'Float2Half' <Latency = 1> <II = 1> <Delay = 3.92> <FuncUnit> <Opcode : 'sptohp'> <InPorts = 1> <OutPorts = 1>
ST_28 : Operation 235 [1/2] (3.92ns)   --->   "%f = sptohp i32 %div1" [../main_5_slices.cpp:185]   --->   Operation 235 'sptohp' 'f' <Predicate = true> <Delay = 3.92> <CoreInst = "Float2Half">   --->   Core 69 'Float2Half' <Latency = 1> <II = 1> <Delay = 3.92> <FuncUnit> <Opcode : 'sptohp'> <InPorts = 1> <OutPorts = 1>
ST_28 : Operation 236 [10/10] (7.84ns)   --->   "%div2 = fdiv i32 1, i32 %add7" [../main_5_slices.cpp:186]   --->   Operation 236 'fdiv' 'div2' <Predicate = true> <Delay = 7.84> <CoreInst = "FDiv">   --->   Core 20 'FDiv' <Latency = 9> <II = 1> <Delay = 7.84> <FuncUnit> <Opcode : 'fdiv' 'frem'> <InPorts = 2> <OutPorts = 1>
ST_28 : Operation 237 [1/2] (3.84ns)   --->   "%cmp_i = fcmp_olt  i16 %x_assign, i16 -1" [../main_5_slices.cpp:46->../main_5_slices.cpp:187]   --->   Operation 237 'hcmp' 'cmp_i' <Predicate = true> <Delay = 3.84> <CoreInst = "HCompare">   --->   Core 56 'HCompare' <Latency = 1> <II = 1> <Delay = 3.84> <FuncUnit> <Opcode : 'hcmp'> <InPorts = 2> <OutPorts = 1>
ST_28 : Operation 238 [1/2] (3.84ns)   --->   "%cmp1_i = fcmp_ogt  i16 %x_assign, i16 1" [../main_5_slices.cpp:47->../main_5_slices.cpp:187]   --->   Operation 238 'hcmp' 'cmp1_i' <Predicate = true> <Delay = 3.84> <CoreInst = "HCompare">   --->   Core 56 'HCompare' <Latency = 1> <II = 1> <Delay = 3.84> <FuncUnit> <Opcode : 'hcmp'> <InPorts = 2> <OutPorts = 1>
ST_28 : Operation 239 [1/1] (0.00ns) (grouped into LUT with out node g)   --->   "%xor_ln46 = xor i1 %cmp_i, i1 1" [../main_5_slices.cpp:46->../main_5_slices.cpp:187]   --->   Operation 239 'xor' 'xor_ln46' <Predicate = true> <Delay = 0.00> <CoreInst = "LogicGate">   --->   Core 74 'LogicGate' <Latency = 0> <II = 1> <Delay = 0.71> <FuncUnit> <Opcode : 'and' 'or' 'xor'> <InPorts = 2> <OutPorts = 1>
ST_28 : Operation 240 [1/1] (0.00ns) (grouped into LUT with out node g)   --->   "%and_ln47 = and i1 %cmp1_i, i1 %xor_ln46" [../main_5_slices.cpp:47->../main_5_slices.cpp:187]   --->   Operation 240 'and' 'and_ln47' <Predicate = true> <Delay = 0.00> <CoreInst = "LogicGate">   --->   Core 74 'LogicGate' <Latency = 0> <II = 1> <Delay = 0.71> <FuncUnit> <Opcode : 'and' 'or' 'xor'> <InPorts = 2> <OutPorts = 1>
ST_28 : Operation 241 [1/1] (0.00ns) (grouped into LUT with out node g)   --->   "%sel_tmp2 = bitconcatenate i2 @_ssdm_op_BitConcatenate.i2.i1.i1, i1 %cmp_i, i1 %and_ln47" [../main_5_slices.cpp:46->../main_5_slices.cpp:187]   --->   Operation 241 'bitconcatenate' 'sel_tmp2' <Predicate = true> <Delay = 0.00>
ST_28 : Operation 242 [1/1] (1.14ns) (out node of the LUT)   --->   "%g = sparsemux i16 @_ssdm_op_SparseMux.ap_auto.3half.half.i2, i2 2, i16 -1, i2 1, i16 1, i2 0, i16 %x_assign, i16 <undef>, i2 %sel_tmp2" [../main_5_slices.cpp:187]   --->   Operation 242 'sparsemux' 'g' <Predicate = true> <Delay = 1.14> <CoreInst = "OneHotSparseMux_HasDef">   --->   Core 140 'OneHotSparseMux_HasDef' <Latency = 0> <II = 1> <Delay = 1.14> <FuncUnit> <Opcode : 'sparsemux'> <InPorts = 2> <OutPorts = 1>

State 29 <SV = 28> <Delay = 7.84>
ST_29 : Operation 243 [9/10] (7.84ns)   --->   "%div2 = fdiv i32 1, i32 %add7" [../main_5_slices.cpp:186]   --->   Operation 243 'fdiv' 'div2' <Predicate = true> <Delay = 7.84> <CoreInst = "FDiv">   --->   Core 20 'FDiv' <Latency = 9> <II = 1> <Delay = 7.84> <FuncUnit> <Opcode : 'fdiv' 'frem'> <InPorts = 2> <OutPorts = 1>
ST_29 : Operation 244 [4/4] (4.70ns)   --->   "%mul2 = hmul i16 %f, i16 %c_slice_load" [../main_5_slices.cpp:188]   --->   Operation 244 'hmul' 'mul2' <Predicate = true> <Delay = 4.70> <CoreInst = "HMul_maxdsp">   --->   Core 60 'HMul_maxdsp' <Latency = 3> <II = 1> <Delay = 4.70> <FuncUnit> <Opcode : 'hmul'> <InPorts = 2> <OutPorts = 1>
ST_29 : Operation 245 [4/4] (4.70ns)   --->   "%mul3 = hmul i16 %i, i16 %g" [../main_5_slices.cpp:188]   --->   Operation 245 'hmul' 'mul3' <Predicate = true> <Delay = 4.70> <CoreInst = "HMul_maxdsp">   --->   Core 60 'HMul_maxdsp' <Latency = 3> <II = 1> <Delay = 4.70> <FuncUnit> <Opcode : 'hmul'> <InPorts = 2> <OutPorts = 1>

State 30 <SV = 29> <Delay = 7.84>
ST_30 : Operation 246 [8/10] (7.84ns)   --->   "%div2 = fdiv i32 1, i32 %add7" [../main_5_slices.cpp:186]   --->   Operation 246 'fdiv' 'div2' <Predicate = true> <Delay = 7.84> <CoreInst = "FDiv">   --->   Core 20 'FDiv' <Latency = 9> <II = 1> <Delay = 7.84> <FuncUnit> <Opcode : 'fdiv' 'frem'> <InPorts = 2> <OutPorts = 1>
ST_30 : Operation 247 [3/4] (4.70ns)   --->   "%mul2 = hmul i16 %f, i16 %c_slice_load" [../main_5_slices.cpp:188]   --->   Operation 247 'hmul' 'mul2' <Predicate = true> <Delay = 4.70> <CoreInst = "HMul_maxdsp">   --->   Core 60 'HMul_maxdsp' <Latency = 3> <II = 1> <Delay = 4.70> <FuncUnit> <Opcode : 'hmul'> <InPorts = 2> <OutPorts = 1>
ST_30 : Operation 248 [3/4] (4.70ns)   --->   "%mul3 = hmul i16 %i, i16 %g" [../main_5_slices.cpp:188]   --->   Operation 248 'hmul' 'mul3' <Predicate = true> <Delay = 4.70> <CoreInst = "HMul_maxdsp">   --->   Core 60 'HMul_maxdsp' <Latency = 3> <II = 1> <Delay = 4.70> <FuncUnit> <Opcode : 'hmul'> <InPorts = 2> <OutPorts = 1>

State 31 <SV = 30> <Delay = 7.84>
ST_31 : Operation 249 [7/10] (7.84ns)   --->   "%div2 = fdiv i32 1, i32 %add7" [../main_5_slices.cpp:186]   --->   Operation 249 'fdiv' 'div2' <Predicate = true> <Delay = 7.84> <CoreInst = "FDiv">   --->   Core 20 'FDiv' <Latency = 9> <II = 1> <Delay = 7.84> <FuncUnit> <Opcode : 'fdiv' 'frem'> <InPorts = 2> <OutPorts = 1>
ST_31 : Operation 250 [2/4] (4.70ns)   --->   "%mul2 = hmul i16 %f, i16 %c_slice_load" [../main_5_slices.cpp:188]   --->   Operation 250 'hmul' 'mul2' <Predicate = true> <Delay = 4.70> <CoreInst = "HMul_maxdsp">   --->   Core 60 'HMul_maxdsp' <Latency = 3> <II = 1> <Delay = 4.70> <FuncUnit> <Opcode : 'hmul'> <InPorts = 2> <OutPorts = 1>
ST_31 : Operation 251 [2/4] (4.70ns)   --->   "%mul3 = hmul i16 %i, i16 %g" [../main_5_slices.cpp:188]   --->   Operation 251 'hmul' 'mul3' <Predicate = true> <Delay = 4.70> <CoreInst = "HMul_maxdsp">   --->   Core 60 'HMul_maxdsp' <Latency = 3> <II = 1> <Delay = 4.70> <FuncUnit> <Opcode : 'hmul'> <InPorts = 2> <OutPorts = 1>

State 32 <SV = 31> <Delay = 7.84>
ST_32 : Operation 252 [6/10] (7.84ns)   --->   "%div2 = fdiv i32 1, i32 %add7" [../main_5_slices.cpp:186]   --->   Operation 252 'fdiv' 'div2' <Predicate = true> <Delay = 7.84> <CoreInst = "FDiv">   --->   Core 20 'FDiv' <Latency = 9> <II = 1> <Delay = 7.84> <FuncUnit> <Opcode : 'fdiv' 'frem'> <InPorts = 2> <OutPorts = 1>
ST_32 : Operation 253 [1/4] (4.70ns)   --->   "%mul2 = hmul i16 %f, i16 %c_slice_load" [../main_5_slices.cpp:188]   --->   Operation 253 'hmul' 'mul2' <Predicate = true> <Delay = 4.70> <CoreInst = "HMul_maxdsp">   --->   Core 60 'HMul_maxdsp' <Latency = 3> <II = 1> <Delay = 4.70> <FuncUnit> <Opcode : 'hmul'> <InPorts = 2> <OutPorts = 1>
ST_32 : Operation 254 [1/4] (4.70ns)   --->   "%mul3 = hmul i16 %i, i16 %g" [../main_5_slices.cpp:188]   --->   Operation 254 'hmul' 'mul3' <Predicate = true> <Delay = 4.70> <CoreInst = "HMul_maxdsp">   --->   Core 60 'HMul_maxdsp' <Latency = 3> <II = 1> <Delay = 4.70> <FuncUnit> <Opcode : 'hmul'> <InPorts = 2> <OutPorts = 1>

State 33 <SV = 32> <Delay = 7.84>
ST_33 : Operation 255 [5/10] (7.84ns)   --->   "%div2 = fdiv i32 1, i32 %add7" [../main_5_slices.cpp:186]   --->   Operation 255 'fdiv' 'div2' <Predicate = true> <Delay = 7.84> <CoreInst = "FDiv">   --->   Core 20 'FDiv' <Latency = 9> <II = 1> <Delay = 7.84> <FuncUnit> <Opcode : 'fdiv' 'frem'> <InPorts = 2> <OutPorts = 1>
ST_33 : Operation 256 [5/5] (5.42ns)   --->   "%c = hadd i16 %mul2, i16 %mul3" [../main_5_slices.cpp:188]   --->   Operation 256 'hadd' 'c' <Predicate = true> <Delay = 5.42> <CoreInst = "HAddSub_fulldsp">   --->   Core 55 'HAddSub_fulldsp' <Latency = 4> <II = 1> <Delay = 5.42> <FuncUnit> <Opcode : 'hadd' 'hsub'> <InPorts = 2> <OutPorts = 1>

State 34 <SV = 33> <Delay = 7.84>
ST_34 : Operation 257 [4/10] (7.84ns)   --->   "%div2 = fdiv i32 1, i32 %add7" [../main_5_slices.cpp:186]   --->   Operation 257 'fdiv' 'div2' <Predicate = true> <Delay = 7.84> <CoreInst = "FDiv">   --->   Core 20 'FDiv' <Latency = 9> <II = 1> <Delay = 7.84> <FuncUnit> <Opcode : 'fdiv' 'frem'> <InPorts = 2> <OutPorts = 1>
ST_34 : Operation 258 [4/5] (5.42ns)   --->   "%c = hadd i16 %mul2, i16 %mul3" [../main_5_slices.cpp:188]   --->   Operation 258 'hadd' 'c' <Predicate = true> <Delay = 5.42> <CoreInst = "HAddSub_fulldsp">   --->   Core 55 'HAddSub_fulldsp' <Latency = 4> <II = 1> <Delay = 5.42> <FuncUnit> <Opcode : 'hadd' 'hsub'> <InPorts = 2> <OutPorts = 1>

State 35 <SV = 34> <Delay = 7.84>
ST_35 : Operation 259 [3/10] (7.84ns)   --->   "%div2 = fdiv i32 1, i32 %add7" [../main_5_slices.cpp:186]   --->   Operation 259 'fdiv' 'div2' <Predicate = true> <Delay = 7.84> <CoreInst = "FDiv">   --->   Core 20 'FDiv' <Latency = 9> <II = 1> <Delay = 7.84> <FuncUnit> <Opcode : 'fdiv' 'frem'> <InPorts = 2> <OutPorts = 1>
ST_35 : Operation 260 [3/5] (5.42ns)   --->   "%c = hadd i16 %mul2, i16 %mul3" [../main_5_slices.cpp:188]   --->   Operation 260 'hadd' 'c' <Predicate = true> <Delay = 5.42> <CoreInst = "HAddSub_fulldsp">   --->   Core 55 'HAddSub_fulldsp' <Latency = 4> <II = 1> <Delay = 5.42> <FuncUnit> <Opcode : 'hadd' 'hsub'> <InPorts = 2> <OutPorts = 1>

State 36 <SV = 35> <Delay = 7.84>
ST_36 : Operation 261 [2/10] (7.84ns)   --->   "%div2 = fdiv i32 1, i32 %add7" [../main_5_slices.cpp:186]   --->   Operation 261 'fdiv' 'div2' <Predicate = true> <Delay = 7.84> <CoreInst = "FDiv">   --->   Core 20 'FDiv' <Latency = 9> <II = 1> <Delay = 7.84> <FuncUnit> <Opcode : 'fdiv' 'frem'> <InPorts = 2> <OutPorts = 1>
ST_36 : Operation 262 [2/5] (5.42ns)   --->   "%c = hadd i16 %mul2, i16 %mul3" [../main_5_slices.cpp:188]   --->   Operation 262 'hadd' 'c' <Predicate = true> <Delay = 5.42> <CoreInst = "HAddSub_fulldsp">   --->   Core 55 'HAddSub_fulldsp' <Latency = 4> <II = 1> <Delay = 5.42> <FuncUnit> <Opcode : 'hadd' 'hsub'> <InPorts = 2> <OutPorts = 1>

State 37 <SV = 36> <Delay = 7.84>
ST_37 : Operation 263 [1/10] (7.84ns)   --->   "%div2 = fdiv i32 1, i32 %add7" [../main_5_slices.cpp:186]   --->   Operation 263 'fdiv' 'div2' <Predicate = true> <Delay = 7.84> <CoreInst = "FDiv">   --->   Core 20 'FDiv' <Latency = 9> <II = 1> <Delay = 7.84> <FuncUnit> <Opcode : 'fdiv' 'frem'> <InPorts = 2> <OutPorts = 1>
ST_37 : Operation 264 [1/5] (5.42ns)   --->   "%c = hadd i16 %mul2, i16 %mul3" [../main_5_slices.cpp:188]   --->   Operation 264 'hadd' 'c' <Predicate = true> <Delay = 5.42> <CoreInst = "HAddSub_fulldsp">   --->   Core 55 'HAddSub_fulldsp' <Latency = 4> <II = 1> <Delay = 5.42> <FuncUnit> <Opcode : 'hadd' 'hsub'> <InPorts = 2> <OutPorts = 1>
ST_37 : Operation 265 [1/1] ( I:1.56ns O:1.56ns )   --->   "%store_ln190 = store i16 %c, i5 %c_slice_addr" [../main_5_slices.cpp:190]   --->   Operation 265 'store' 'store_ln190' <Predicate = true> <Delay = 1.56> <CoreInst = "RAM">   --->   Core 81 'RAM' <Latency = 1> <II = 1> <Delay = 1.56> <Storage> <Opcode : 'load' 'store'> <Ports = 2> <Width = 16> <Depth = 32> <RAM>

State 38 <SV = 37> <Delay = 3.92>
ST_38 : Operation 266 [2/2] (3.92ns)   --->   "%o = sptohp i32 %div2" [../main_5_slices.cpp:186]   --->   Operation 266 'sptohp' 'o' <Predicate = true> <Delay = 3.92> <CoreInst = "Float2Half">   --->   Core 69 'Float2Half' <Latency = 1> <II = 1> <Delay = 3.92> <FuncUnit> <Opcode : 'sptohp'> <InPorts = 1> <OutPorts = 1>
ST_38 : Operation 267 [2/2] (3.84ns)   --->   "%cmp_i4 = fcmp_olt  i16 %c, i16 -1" [../main_5_slices.cpp:46->../main_5_slices.cpp:189]   --->   Operation 267 'hcmp' 'cmp_i4' <Predicate = true> <Delay = 3.84> <CoreInst = "HCompare">   --->   Core 56 'HCompare' <Latency = 1> <II = 1> <Delay = 3.84> <FuncUnit> <Opcode : 'hcmp'> <InPorts = 2> <OutPorts = 1>
ST_38 : Operation 268 [2/2] (3.84ns)   --->   "%cmp1_i6 = fcmp_ogt  i16 %c, i16 1" [../main_5_slices.cpp:47->../main_5_slices.cpp:189]   --->   Operation 268 'hcmp' 'cmp1_i6' <Predicate = true> <Delay = 3.84> <CoreInst = "HCompare">   --->   Core 56 'HCompare' <Latency = 1> <II = 1> <Delay = 3.84> <FuncUnit> <Opcode : 'hcmp'> <InPorts = 2> <OutPorts = 1>

State 39 <SV = 38> <Delay = 4.99>
ST_39 : Operation 269 [1/2] (3.92ns)   --->   "%o = sptohp i32 %div2" [../main_5_slices.cpp:186]   --->   Operation 269 'sptohp' 'o' <Predicate = true> <Delay = 3.92> <CoreInst = "Float2Half">   --->   Core 69 'Float2Half' <Latency = 1> <II = 1> <Delay = 3.92> <FuncUnit> <Opcode : 'sptohp'> <InPorts = 1> <OutPorts = 1>
ST_39 : Operation 270 [1/2] (3.84ns)   --->   "%cmp_i4 = fcmp_olt  i16 %c, i16 -1" [../main_5_slices.cpp:46->../main_5_slices.cpp:189]   --->   Operation 270 'hcmp' 'cmp_i4' <Predicate = true> <Delay = 3.84> <CoreInst = "HCompare">   --->   Core 56 'HCompare' <Latency = 1> <II = 1> <Delay = 3.84> <FuncUnit> <Opcode : 'hcmp'> <InPorts = 2> <OutPorts = 1>
ST_39 : Operation 271 [1/2] (3.84ns)   --->   "%cmp1_i6 = fcmp_ogt  i16 %c, i16 1" [../main_5_slices.cpp:47->../main_5_slices.cpp:189]   --->   Operation 271 'hcmp' 'cmp1_i6' <Predicate = true> <Delay = 3.84> <CoreInst = "HCompare">   --->   Core 56 'HCompare' <Latency = 1> <II = 1> <Delay = 3.84> <FuncUnit> <Opcode : 'hcmp'> <InPorts = 2> <OutPorts = 1>
ST_39 : Operation 272 [1/1] (0.00ns) (grouped into LUT with out node retval_0_i)   --->   "%xor_ln46_1 = xor i1 %cmp_i4, i1 1" [../main_5_slices.cpp:46->../main_5_slices.cpp:189]   --->   Operation 272 'xor' 'xor_ln46_1' <Predicate = true> <Delay = 0.00> <CoreInst = "LogicGate">   --->   Core 74 'LogicGate' <Latency = 0> <II = 1> <Delay = 0.71> <FuncUnit> <Opcode : 'and' 'or' 'xor'> <InPorts = 2> <OutPorts = 1>
ST_39 : Operation 273 [1/1] (0.00ns) (grouped into LUT with out node retval_0_i)   --->   "%and_ln47_1 = and i1 %cmp1_i6, i1 %xor_ln46_1" [../main_5_slices.cpp:47->../main_5_slices.cpp:189]   --->   Operation 273 'and' 'and_ln47_1' <Predicate = true> <Delay = 0.00> <CoreInst = "LogicGate">   --->   Core 74 'LogicGate' <Latency = 0> <II = 1> <Delay = 0.71> <FuncUnit> <Opcode : 'and' 'or' 'xor'> <InPorts = 2> <OutPorts = 1>
ST_39 : Operation 274 [1/1] (0.00ns) (grouped into LUT with out node retval_0_i)   --->   "%sel_tmp6 = bitconcatenate i2 @_ssdm_op_BitConcatenate.i2.i1.i1, i1 %cmp_i4, i1 %and_ln47_1" [../main_5_slices.cpp:46->../main_5_slices.cpp:189]   --->   Operation 274 'bitconcatenate' 'sel_tmp6' <Predicate = true> <Delay = 0.00>
ST_39 : Operation 275 [1/1] (1.14ns) (out node of the LUT)   --->   "%retval_0_i = sparsemux i16 @_ssdm_op_SparseMux.ap_auto.3half.half.i2, i2 2, i16 -1, i2 1, i16 1, i2 0, i16 %c, i16 <undef>, i2 %sel_tmp6" [../main_5_slices.cpp:188]   --->   Operation 275 'sparsemux' 'retval_0_i' <Predicate = true> <Delay = 1.14> <CoreInst = "OneHotSparseMux_HasDef">   --->   Core 140 'OneHotSparseMux_HasDef' <Latency = 0> <II = 1> <Delay = 1.14> <FuncUnit> <Opcode : 'sparsemux'> <InPorts = 2> <OutPorts = 1>

State 40 <SV = 39> <Delay = 4.70>
ST_40 : Operation 276 [4/4] (4.70ns)   --->   "%h = hmul i16 %o, i16 %retval_0_i" [../main_5_slices.cpp:189]   --->   Operation 276 'hmul' 'h' <Predicate = true> <Delay = 4.70> <CoreInst = "HMul_maxdsp">   --->   Core 60 'HMul_maxdsp' <Latency = 3> <II = 1> <Delay = 4.70> <FuncUnit> <Opcode : 'hmul'> <InPorts = 2> <OutPorts = 1>

State 41 <SV = 40> <Delay = 4.70>
ST_41 : Operation 277 [3/4] (4.70ns)   --->   "%h = hmul i16 %o, i16 %retval_0_i" [../main_5_slices.cpp:189]   --->   Operation 277 'hmul' 'h' <Predicate = true> <Delay = 4.70> <CoreInst = "HMul_maxdsp">   --->   Core 60 'HMul_maxdsp' <Latency = 3> <II = 1> <Delay = 4.70> <FuncUnit> <Opcode : 'hmul'> <InPorts = 2> <OutPorts = 1>

State 42 <SV = 41> <Delay = 4.70>
ST_42 : Operation 278 [2/4] (4.70ns)   --->   "%h = hmul i16 %o, i16 %retval_0_i" [../main_5_slices.cpp:189]   --->   Operation 278 'hmul' 'h' <Predicate = true> <Delay = 4.70> <CoreInst = "HMul_maxdsp">   --->   Core 60 'HMul_maxdsp' <Latency = 3> <II = 1> <Delay = 4.70> <FuncUnit> <Opcode : 'hmul'> <InPorts = 2> <OutPorts = 1>
ST_42 : Operation 286 [1/1] (1.14ns)   --->   "%ret_ln0 = ret"   --->   Operation 286 'ret' 'ret_ln0' <Predicate = (icmp_ln182)> <Delay = 1.14>

State 43 <SV = 42> <Delay = 6.26>
ST_43 : Operation 279 [1/1] (0.00ns)   --->   "%specpipeline_ln183 = specpipeline void @_ssdm_op_SpecPipeline, i32 4294967295, i32 0, i32 0, i32 0, void @empty_18" [../main_5_slices.cpp:183]   --->   Operation 279 'specpipeline' 'specpipeline_ln183' <Predicate = true> <Delay = 0.00>
ST_43 : Operation 280 [1/1] (0.00ns)   --->   "%speclooptripcount_ln144 = speclooptripcount void @_ssdm_op_SpecLoopTripCount, i64 32, i64 32, i64 32" [../main_5_slices.cpp:144]   --->   Operation 280 'speclooptripcount' 'speclooptripcount_ln144' <Predicate = true> <Delay = 0.00>
ST_43 : Operation 281 [1/1] (0.00ns)   --->   "%specloopname_ln182 = specloopname void @_ssdm_op_SpecLoopName, void @empty_17" [../main_5_slices.cpp:182]   --->   Operation 281 'specloopname' 'specloopname_ln182' <Predicate = true> <Delay = 0.00>
ST_43 : Operation 282 [1/4] (4.70ns)   --->   "%h = hmul i16 %o, i16 %retval_0_i" [../main_5_slices.cpp:189]   --->   Operation 282 'hmul' 'h' <Predicate = true> <Delay = 4.70> <CoreInst = "HMul_maxdsp">   --->   Core 60 'HMul_maxdsp' <Latency = 3> <II = 1> <Delay = 4.70> <FuncUnit> <Opcode : 'hmul'> <InPorts = 2> <OutPorts = 1>
ST_43 : Operation 283 [1/1] (0.00ns)   --->   "%h_slice_addr = getelementptr i16 %h_slice, i64 0, i64 %zext_ln182" [../main_5_slices.cpp:190]   --->   Operation 283 'getelementptr' 'h_slice_addr' <Predicate = true> <Delay = 0.00>
ST_43 : Operation 284 [1/1] ( I:1.56ns O:1.56ns )   --->   "%store_ln190 = store i16 %h, i5 %h_slice_addr" [../main_5_slices.cpp:190]   --->   Operation 284 'store' 'store_ln190' <Predicate = true> <Delay = 1.56> <CoreInst = "RAM">   --->   Core 81 'RAM' <Latency = 1> <II = 1> <Delay = 1.56> <Storage> <Opcode : 'load' 'store'> <Ports = 2> <Width = 16> <Depth = 32> <RAM>
ST_43 : Operation 285 [1/1] (0.00ns)   --->   "%br_ln182 = br void %for.body70" [../main_5_slices.cpp:182]   --->   Operation 285 'br' 'br_ln182' <Predicate = true> <Delay = 0.00>


============================================================
+ Verbose Summary: Binding
============================================================
STG Binding: 
---------------- STG Properties BEGIN ----------------
- Is combinational: 0
- Is one-state seq: 0
- Is datapath-only: 0
- Is pipelined: 0
- Is top level: 0
Port [ Return ] is wired: 1; IO mode=ap_ctrl_hs:ce=0
Port [ z]:  wired=1; compound=1; hidden=0; nouse=0; global=0; static=0; extern=0; dir=0; type=1; pingpong=0; private_global=0; MemPort=[13]; IO mode=ap_memory:ce=0
Port [ z_1]:  wired=1; compound=1; hidden=0; nouse=0; global=0; static=0; extern=0; dir=0; type=1; pingpong=0; private_global=0; MemPort=[13]; IO mode=ap_memory:ce=0
Port [ z_2]:  wired=1; compound=1; hidden=0; nouse=0; global=0; static=0; extern=0; dir=0; type=1; pingpong=0; private_global=0; MemPort=[13]; IO mode=ap_memory:ce=0
Port [ z_3]:  wired=1; compound=1; hidden=0; nouse=0; global=0; static=0; extern=0; dir=0; type=1; pingpong=0; private_global=0; MemPort=[13]; IO mode=ap_memory:ce=0
Port [ z_4]:  wired=1; compound=1; hidden=0; nouse=0; global=0; static=0; extern=0; dir=0; type=1; pingpong=0; private_global=0; MemPort=[13]; IO mode=ap_memory:ce=0
Port [ c_slice]:  wired=1; compound=1; hidden=0; nouse=0; global=1; static=1; extern=0; dir=2; type=1; pingpong=0; private_global=0; MemPort=[01]; IO mode=ap_memory:ce=0
Port [ h_slice]:  wired=1; compound=1; hidden=0; nouse=0; global=1; static=1; extern=0; dir=1; type=1; pingpong=0; private_global=0; MemPort=[03]; IO mode=ap_memory:ce=0
---------------- STG Properties END ------------------

---------------- Datapath Model BEGIN ----------------

<LifeTime>
<method=bitvector/>
phi_urem40              (alloca           ) [ 01000000000000000000000000000000000000000000]
j                       (alloca           ) [ 01000000000000000000000000000000000000000000]
store_ln144             (store            ) [ 00000000000000000000000000000000000000000000]
store_ln0               (store            ) [ 00000000000000000000000000000000000000000000]
br_ln0                  (br               ) [ 00000000000000000000000000000000000000000000]
j_7                     (load             ) [ 01100000000000000000000000000000000000000000]
icmp_ln182              (icmp             ) [ 01111111111111111111111111111111111111111110]
add_ln182               (add              ) [ 00000000000000000000000000000000000000000000]
br_ln182                (br               ) [ 00000000000000000000000000000000000000000000]
phi_urem40_load         (load             ) [ 00000000000000000000000000000000000000000000]
add_ln182_1             (add              ) [ 00000000000000000000000000000000000000000000]
icmp_ln182_1            (icmp             ) [ 00000000000000000000000000000000000000000000]
select_ln182            (select           ) [ 00000000000000000000000000000000000000000000]
zext_ln182              (zext             ) [ 01111111111111111111111111111111111111111111]
trunc_ln144_1           (trunc            ) [ 01110000000000000000000000000000000000000000]
c_slice_addr            (getelementptr    ) [ 01111111111111111111111111111111111111000000]
store_ln144             (store            ) [ 00000000000000000000000000000000000000000000]
store_ln182             (store            ) [ 00000000000000000000000000000000000000000000]
trunc_ln144             (trunc            ) [ 00000000000000000000000000000000000000000000]
zext_ln144_1            (zext             ) [ 00000000000000000000000000000000000000000000]
mul_ln144               (mul              ) [ 00000000000000000000000000000000000000000000]
tmp                     (partselect       ) [ 00000000000000000000000000000000000000000000]
zext_ln144              (zext             ) [ 00000000000000000000000000000000000000000000]
z_addr                  (getelementptr    ) [ 01010000000000000000000000000000000000000000]
z_1_addr                (getelementptr    ) [ 01010000000000000000000000000000000000000000]
z_2_addr                (getelementptr    ) [ 01010000000000000000000000000000000000000000]
z_3_addr                (getelementptr    ) [ 01010000000000000000000000000000000000000000]
z_4_addr                (getelementptr    ) [ 01010000000000000000000000000000000000000000]
zext_ln185_1_cast       (bitconcatenate   ) [ 00000000000000000000000000000000000000000000]
zext_ln185_1            (zext             ) [ 00000000000000000000000000000000000000000000]
mul_ln185               (mul              ) [ 00000000000000000000000000000000000000000000]
tmp_3                   (partselect       ) [ 00000000000000000000000000000000000000000000]
zext_ln185              (zext             ) [ 00000000000000000000000000000000000000000000]
z_addr_1                (getelementptr    ) [ 01010000000000000000000000000000000000000000]
z_1_addr_1              (getelementptr    ) [ 01010000000000000000000000000000000000000000]
z_2_addr_1              (getelementptr    ) [ 01010000000000000000000000000000000000000000]
z_3_addr_1              (getelementptr    ) [ 01010000000000000000000000000000000000000000]
z_4_addr_1              (getelementptr    ) [ 01010000000000000000000000000000000000000000]
zext_ln186_1_cast       (bitconcatenate   ) [ 00000000000000000000000000000000000000000000]
zext_ln186_1            (zext             ) [ 00000000000000000000000000000000000000000000]
mul_ln186               (mul              ) [ 00000000000000000000000000000000000000000000]
tmp_4                   (partselect       ) [ 00000000000000000000000000000000000000000000]
zext_ln186              (zext             ) [ 00000000000000000000000000000000000000000000]
z_addr_2                (getelementptr    ) [ 01010000000000000000000000000000000000000000]
z_1_addr_2              (getelementptr    ) [ 01010000000000000000000000000000000000000000]
z_2_addr_2              (getelementptr    ) [ 01010000000000000000000000000000000000000000]
z_3_addr_2              (getelementptr    ) [ 01010000000000000000000000000000000000000000]
z_4_addr_2              (getelementptr    ) [ 01010000000000000000000000000000000000000000]
sext_ln187              (sext             ) [ 00000000000000000000000000000000000000000000]
zext_ln187_1            (zext             ) [ 00000000000000000000000000000000000000000000]
mul_ln187               (mul              ) [ 00000000000000000000000000000000000000000000]
tmp_5                   (partselect       ) [ 00000000000000000000000000000000000000000000]
zext_ln187              (zext             ) [ 00000000000000000000000000000000000000000000]
z_addr_3                (getelementptr    ) [ 01010000000000000000000000000000000000000000]
z_1_addr_3              (getelementptr    ) [ 01010000000000000000000000000000000000000000]
z_2_addr_3              (getelementptr    ) [ 01010000000000000000000000000000000000000000]
z_3_addr_3              (getelementptr    ) [ 01010000000000000000000000000000000000000000]
z_4_addr_3              (getelementptr    ) [ 01010000000000000000000000000000000000000000]
c_slice_load            (load             ) [ 01011111111111111111111111111111100000000000]
z_load                  (load             ) [ 00000000000000000000000000000000000000000000]
z_1_load                (load             ) [ 00000000000000000000000000000000000000000000]
z_2_load                (load             ) [ 00000000000000000000000000000000000000000000]
z_3_load                (load             ) [ 00000000000000000000000000000000000000000000]
z_4_load                (load             ) [ 00000000000000000000000000000000000000000000]
tmp_7                   (sparsemux        ) [ 00000000000000000000000000000000000000000000]
bitcast_ln184           (bitcast          ) [ 00000000000000000000000000000000000000000000]
bit_sel1                (bitselect        ) [ 00000000000000000000000000000000000000000000]
xor_ln184               (xor              ) [ 00000000000000000000000000000000000000000000]
trunc_ln184             (trunc            ) [ 00000000000000000000000000000000000000000000]
xor_ln                  (bitconcatenate   ) [ 00000000000000000000000000000000000000000000]
bitcast_ln184_1         (bitcast          ) [ 01001000000000000000000000000000000000000000]
z_load_1                (load             ) [ 00000000000000000000000000000000000000000000]
z_1_load_1              (load             ) [ 00000000000000000000000000000000000000000000]
z_2_load_1              (load             ) [ 00000000000000000000000000000000000000000000]
z_3_load_1              (load             ) [ 00000000000000000000000000000000000000000000]
z_4_load_1              (load             ) [ 00000000000000000000000000000000000000000000]
tmp_9                   (sparsemux        ) [ 00000000000000000000000000000000000000000000]
bitcast_ln185           (bitcast          ) [ 00000000000000000000000000000000000000000000]
bit_sel2                (bitselect        ) [ 00000000000000000000000000000000000000000000]
xor_ln185               (xor              ) [ 00000000000000000000000000000000000000000000]
trunc_ln185             (trunc            ) [ 00000000000000000000000000000000000000000000]
xor_ln1                 (bitconcatenate   ) [ 00000000000000000000000000000000000000000000]
bitcast_ln185_1         (bitcast          ) [ 01001000000000000000000000000000000000000000]
z_load_2                (load             ) [ 00000000000000000000000000000000000000000000]
z_1_load_2              (load             ) [ 00000000000000000000000000000000000000000000]
z_2_load_2              (load             ) [ 00000000000000000000000000000000000000000000]
z_3_load_2              (load             ) [ 00000000000000000000000000000000000000000000]
z_4_load_2              (load             ) [ 00000000000000000000000000000000000000000000]
tmp_1                   (sparsemux        ) [ 01001111111111100000000000000000000000000000]
z_load_3                (load             ) [ 00000000000000000000000000000000000000000000]
z_1_load_3              (load             ) [ 00000000000000000000000000000000000000000000]
z_2_load_3              (load             ) [ 00000000000000000000000000000000000000000000]
z_3_load_3              (load             ) [ 00000000000000000000000000000000000000000000]
z_4_load_3              (load             ) [ 00000000000000000000000000000000000000000000]
x_assign                (sparsemux        ) [ 01001111111111111111111111111000000000000000]
conv                    (hptosp           ) [ 01000111111110000000000000000000000000000000]
conv2                   (hptosp           ) [ 01000111111110000000000000000000000000000000]
tmp_8                   (fexp             ) [ 01000000000001111000000000000000000000000000]
tmp_s                   (fexp             ) [ 01000000000001111000000000000000000000000000]
bitcast_ln186           (bitcast          ) [ 00000000000000000000000000000000000000000000]
bit_sel                 (bitselect        ) [ 00000000000000000000000000000000000000000000]
xor_ln186               (xor              ) [ 00000000000000000000000000000000000000000000]
trunc_ln186             (trunc            ) [ 00000000000000000000000000000000000000000000]
xor_ln2                 (bitconcatenate   ) [ 00000000000000000000000000000000000000000000]
bitcast_ln186_1         (bitcast          ) [ 01000000000000010000000000000000000000000000]
conv4                   (hptosp           ) [ 01000000000000001111111100000000000000000000]
add5                    (fadd             ) [ 01000000000000000111111111100000000000000000]
add6                    (fadd             ) [ 01000000000000000111111111100000000000000000]
tmp_2                   (fexp             ) [ 01000000000000000000000011110000000000000000]
div                     (fdiv             ) [ 01000000000000000000000000011000000000000000]
div1                    (fdiv             ) [ 01000000000000000000000000011000000000000000]
add7                    (fadd             ) [ 01000000000000000000000000001111111111000000]
i                       (sptohp           ) [ 01000000000000000000000000000111100000000000]
f                       (sptohp           ) [ 01000000000000000000000000000111100000000000]
cmp_i                   (hcmp             ) [ 00000000000000000000000000000000000000000000]
cmp1_i                  (hcmp             ) [ 00000000000000000000000000000000000000000000]
xor_ln46                (xor              ) [ 00000000000000000000000000000000000000000000]
and_ln47                (and              ) [ 00000000000000000000000000000000000000000000]
sel_tmp2                (bitconcatenate   ) [ 00000000000000000000000000000000000000000000]
g                       (sparsemux        ) [ 01000000000000000000000000000111100000000000]
mul2                    (hmul             ) [ 01000000000000000000000000000000011111000000]
mul3                    (hmul             ) [ 01000000000000000000000000000000011111000000]
div2                    (fdiv             ) [ 01000000000000000000000000000000000000110000]
c                       (hadd             ) [ 01000000000000000000000000000000000000110000]
store_ln190             (store            ) [ 00000000000000000000000000000000000000000000]
o                       (sptohp           ) [ 01000000000000000000000000000000000000001111]
cmp_i4                  (hcmp             ) [ 00000000000000000000000000000000000000000000]
cmp1_i6                 (hcmp             ) [ 00000000000000000000000000000000000000000000]
xor_ln46_1              (xor              ) [ 00000000000000000000000000000000000000000000]
and_ln47_1              (and              ) [ 00000000000000000000000000000000000000000000]
sel_tmp6                (bitconcatenate   ) [ 00000000000000000000000000000000000000000000]
retval_0_i              (sparsemux        ) [ 01000000000000000000000000000000000000001111]
specpipeline_ln183      (specpipeline     ) [ 00000000000000000000000000000000000000000000]
speclooptripcount_ln144 (speclooptripcount) [ 00000000000000000000000000000000000000000000]
specloopname_ln182      (specloopname     ) [ 00000000000000000000000000000000000000000000]
h                       (hmul             ) [ 00000000000000000000000000000000000000000000]
h_slice_addr            (getelementptr    ) [ 00000000000000000000000000000000000000000000]
store_ln190             (store            ) [ 00000000000000000000000000000000000000000000]
br_ln182                (br               ) [ 00000000000000000000000000000000000000000000]
ret_ln0                 (ret              ) [ 00000000000000000000000000000000000000000000]
</LifeTime>

<model>

<comp_list>
<comp id="0" class="1000" name="z">
<pin_list>
<pin id="1" dir="1" index="0" bw="1" slack="0"/>
</pin_list>
<bind>
<StgValue><ssdm name="z"/><MemPortTyVec>1 3 </MemPortTyVec>
</StgValue>
</bind>
</comp>

<comp id="2" class="1000" name="z_1">
<pin_list>
<pin id="3" dir="1" index="0" bw="1" slack="0"/>
</pin_list>
<bind>
<StgValue><ssdm name="z_1"/><MemPortTyVec>1 3 </MemPortTyVec>
</StgValue>
</bind>
</comp>

<comp id="4" class="1000" name="z_2">
<pin_list>
<pin id="5" dir="1" index="0" bw="1" slack="0"/>
</pin_list>
<bind>
<StgValue><ssdm name="z_2"/><MemPortTyVec>1 3 </MemPortTyVec>
</StgValue>
</bind>
</comp>

<comp id="6" class="1000" name="z_3">
<pin_list>
<pin id="7" dir="1" index="0" bw="1" slack="0"/>
</pin_list>
<bind>
<StgValue><ssdm name="z_3"/><MemPortTyVec>1 3 </MemPortTyVec>
</StgValue>
</bind>
</comp>

<comp id="8" class="1000" name="z_4">
<pin_list>
<pin id="9" dir="1" index="0" bw="1" slack="0"/>
</pin_list>
<bind>
<StgValue><ssdm name="z_4"/><MemPortTyVec>1 3 </MemPortTyVec>
</StgValue>
</bind>
</comp>

<comp id="10" class="1000" name="c_slice">
<pin_list>
<pin id="11" dir="1" index="0" bw="1" slack="0"/>
</pin_list>
<bind>
<StgValue><ssdm name="c_slice"/><MemPortTyVec>0 1 </MemPortTyVec>
</StgValue>
</bind>
</comp>

<comp id="12" class="1000" name="h_slice">
<pin_list>
<pin id="13" dir="1" index="0" bw="1" slack="0"/>
</pin_list>
<bind>
<StgValue><ssdm name="h_slice"/><MemPortTyVec>0 3 </MemPortTyVec>
</StgValue>
</bind>
</comp>

<comp id="14" class="1001" name="const_14">
<pin_list>
<pin id="15" dir="1" index="0" bw="1" slack="0"/>
</pin_list>
<bind>
<StgValue><ssdm name=""/></StgValue>
</bind>
</comp>

<comp id="16" class="1001" name="const_16">
<pin_list>
<pin id="17" dir="1" index="0" bw="1" slack="0"/>
</pin_list>
<bind>
<StgValue><ssdm name=""/></StgValue>
</bind>
</comp>

<comp id="18" class="1001" name="const_18">
<pin_list>
<pin id="19" dir="1" index="0" bw="1" slack="0"/>
</pin_list>
<bind>
<StgValue><ssdm name=""/></StgValue>
</bind>
</comp>

<comp id="20" class="1001" name="const_20">
<pin_list>
<pin id="21" dir="1" index="0" bw="1" slack="0"/>
</pin_list>
<bind>
<StgValue><ssdm name=""/></StgValue>
</bind>
</comp>

<comp id="22" class="1001" name="const_22">
<pin_list>
<pin id="23" dir="1" index="0" bw="1" slack="0"/>
</pin_list>
<bind>
<StgValue><ssdm name=""/></StgValue>
</bind>
</comp>

<comp id="24" class="1001" name="const_24">
<pin_list>
<pin id="25" dir="1" index="0" bw="1" slack="0"/>
</pin_list>
<bind>
<StgValue><ssdm name=""/></StgValue>
</bind>
</comp>

<comp id="26" class="1001" name="const_26">
<pin_list>
<pin id="27" dir="1" index="0" bw="1" slack="0"/>
</pin_list>
<bind>
<StgValue><ssdm name=""/></StgValue>
</bind>
</comp>

<comp id="28" class="1001" name="const_28">
<pin_list>
<pin id="29" dir="1" index="0" bw="1" slack="0"/>
</pin_list>
<bind>
<StgValue><ssdm name="_ssdm_op_PartSelect.i3.i11.i32.i32"/></StgValue>
</bind>
</comp>

<comp id="30" class="1001" name="const_30">
<pin_list>
<pin id="31" dir="1" index="0" bw="1" slack="0"/>
</pin_list>
<bind>
<StgValue><ssdm name=""/></StgValue>
</bind>
</comp>

<comp id="32" class="1001" name="const_32">
<pin_list>
<pin id="33" dir="1" index="0" bw="1" slack="0"/>
</pin_list>
<bind>
<StgValue><ssdm name=""/></StgValue>
</bind>
</comp>

<comp id="34" class="1001" name="const_34">
<pin_list>
<pin id="35" dir="1" index="0" bw="1" slack="0"/>
</pin_list>
<bind>
<StgValue><ssdm name="_ssdm_op_BitConcatenate.i6.i1.i5"/></StgValue>
</bind>
</comp>

<comp id="36" class="1001" name="const_36">
<pin_list>
<pin id="37" dir="1" index="0" bw="1" slack="0"/>
</pin_list>
<bind>
<StgValue><ssdm name=""/></StgValue>
</bind>
</comp>

<comp id="38" class="1001" name="const_38">
<pin_list>
<pin id="39" dir="1" index="0" bw="1" slack="0"/>
</pin_list>
<bind>
<StgValue><ssdm name=""/></StgValue>
</bind>
</comp>

<comp id="40" class="1001" name="const_40">
<pin_list>
<pin id="41" dir="1" index="0" bw="1" slack="0"/>
</pin_list>
<bind>
<StgValue><ssdm name="_ssdm_op_PartSelect.i4.i13.i32.i32"/></StgValue>
</bind>
</comp>

<comp id="42" class="1001" name="const_42">
<pin_list>
<pin id="43" dir="1" index="0" bw="1" slack="0"/>
</pin_list>
<bind>
<StgValue><ssdm name=""/></StgValue>
</bind>
</comp>

<comp id="44" class="1001" name="const_44">
<pin_list>
<pin id="45" dir="1" index="0" bw="1" slack="0"/>
</pin_list>
<bind>
<StgValue><ssdm name=""/></StgValue>
</bind>
</comp>

<comp id="46" class="1001" name="const_46">
<pin_list>
<pin id="47" dir="1" index="0" bw="1" slack="0"/>
</pin_list>
<bind>
<StgValue><ssdm name="_ssdm_op_BitConcatenate.i7.i1.i6"/></StgValue>
</bind>
</comp>

<comp id="48" class="1001" name="const_48">
<pin_list>
<pin id="49" dir="1" index="0" bw="1" slack="0"/>
</pin_list>
<bind>
<StgValue><ssdm name=""/></StgValue>
</bind>
</comp>

<comp id="50" class="1001" name="const_50">
<pin_list>
<pin id="51" dir="1" index="0" bw="1" slack="0"/>
</pin_list>
<bind>
<StgValue><ssdm name="_ssdm_op_PartSelect.i5.i15.i32.i32"/></StgValue>
</bind>
</comp>

<comp id="52" class="1001" name="const_52">
<pin_list>
<pin id="53" dir="1" index="0" bw="1" slack="0"/>
</pin_list>
<bind>
<StgValue><ssdm name=""/></StgValue>
</bind>
</comp>

<comp id="54" class="1001" name="const_54">
<pin_list>
<pin id="55" dir="1" index="0" bw="1" slack="0"/>
</pin_list>
<bind>
<StgValue><ssdm name="_ssdm_op_SparseMux.ap_auto.5half.half.i3"/></StgValue>
</bind>
</comp>

<comp id="56" class="1001" name="const_56">
<pin_list>
<pin id="57" dir="1" index="0" bw="1" slack="0"/>
</pin_list>
<bind>
<StgValue><ssdm name=""/></StgValue>
</bind>
</comp>

<comp id="58" class="1001" name="const_58">
<pin_list>
<pin id="59" dir="1" index="0" bw="1" slack="0"/>
</pin_list>
<bind>
<StgValue><ssdm name=""/></StgValue>
</bind>
</comp>

<comp id="60" class="1001" name="const_60">
<pin_list>
<pin id="61" dir="1" index="0" bw="1" slack="0"/>
</pin_list>
<bind>
<StgValue><ssdm name=""/></StgValue>
</bind>
</comp>

<comp id="62" class="1001" name="const_62">
<pin_list>
<pin id="63" dir="1" index="0" bw="1" slack="0"/>
</pin_list>
<bind>
<StgValue><ssdm name=""/></StgValue>
</bind>
</comp>

<comp id="64" class="1001" name="const_64">
<pin_list>
<pin id="65" dir="1" index="0" bw="1" slack="0"/>
</pin_list>
<bind>
<StgValue><ssdm name=""/></StgValue>
</bind>
</comp>

<comp id="66" class="1001" name="const_66">
<pin_list>
<pin id="67" dir="1" index="0" bw="1" slack="0"/>
</pin_list>
<bind>
<StgValue><ssdm name=""/></StgValue>
</bind>
</comp>

<comp id="68" class="1001" name="const_68">
<pin_list>
<pin id="69" dir="1" index="0" bw="1" slack="0"/>
</pin_list>
<bind>
<StgValue><ssdm name="_ssdm_op_BitSelect.i1.i16.i16"/></StgValue>
</bind>
</comp>

<comp id="70" class="1001" name="const_70">
<pin_list>
<pin id="71" dir="1" index="0" bw="1" slack="0"/>
</pin_list>
<bind>
<StgValue><ssdm name=""/></StgValue>
</bind>
</comp>

<comp id="72" class="1001" name="const_72">
<pin_list>
<pin id="73" dir="1" index="0" bw="1" slack="0"/>
</pin_list>
<bind>
<StgValue><ssdm name="_ssdm_op_BitConcatenate.i16.i1.i15"/></StgValue>
</bind>
</comp>

<comp id="74" class="1001" name="const_74">
<pin_list>
<pin id="75" dir="1" index="0" bw="1" slack="0"/>
</pin_list>
<bind>
<StgValue><ssdm name="llvm.exp.f32"/></StgValue>
</bind>
</comp>

<comp id="76" class="1001" name="const_76">
<pin_list>
<pin id="77" dir="1" index="0" bw="1" slack="0"/>
</pin_list>
<bind>
<StgValue><ssdm name=""/></StgValue>
</bind>
</comp>

<comp id="78" class="1001" name="const_78">
<pin_list>
<pin id="79" dir="1" index="0" bw="1" slack="0"/>
</pin_list>
<bind>
<StgValue><ssdm name=""/></StgValue>
</bind>
</comp>

<comp id="80" class="1001" name="const_80">
<pin_list>
<pin id="81" dir="1" index="0" bw="1" slack="0"/>
</pin_list>
<bind>
<StgValue><ssdm name=""/></StgValue>
</bind>
</comp>

<comp id="82" class="1001" name="const_82">
<pin_list>
<pin id="83" dir="1" index="0" bw="1" slack="0"/>
</pin_list>
<bind>
<StgValue><ssdm name="_ssdm_op_BitConcatenate.i2.i1.i1"/></StgValue>
</bind>
</comp>

<comp id="84" class="1001" name="const_84">
<pin_list>
<pin id="85" dir="1" index="0" bw="1" slack="0"/>
</pin_list>
<bind>
<StgValue><ssdm name="_ssdm_op_SparseMux.ap_auto.3half.half.i2"/></StgValue>
</bind>
</comp>

<comp id="86" class="1001" name="const_86">
<pin_list>
<pin id="87" dir="1" index="0" bw="1" slack="0"/>
</pin_list>
<bind>
<StgValue><ssdm name=""/></StgValue>
</bind>
</comp>

<comp id="88" class="1001" name="const_88">
<pin_list>
<pin id="89" dir="1" index="0" bw="1" slack="0"/>
</pin_list>
<bind>
<StgValue><ssdm name=""/></StgValue>
</bind>
</comp>

<comp id="90" class="1001" name="const_90">
<pin_list>
<pin id="91" dir="1" index="0" bw="1" slack="0"/>
</pin_list>
<bind>
<StgValue><ssdm name=""/></StgValue>
</bind>
</comp>

<comp id="92" class="1001" name="const_92">
<pin_list>
<pin id="93" dir="1" index="0" bw="1" slack="2147483647"/>
</pin_list>
<bind>
<StgValue><ssdm name="_ssdm_op_SpecPipeline"/></StgValue>
</bind>
</comp>

<comp id="94" class="1001" name="const_94">
<pin_list>
<pin id="95" dir="1" index="0" bw="1" slack="2147483647"/>
</pin_list>
<bind>
<StgValue><ssdm name=""/></StgValue>
</bind>
</comp>

<comp id="96" class="1001" name="const_96">
<pin_list>
<pin id="97" dir="1" index="0" bw="1" slack="2147483647"/>
</pin_list>
<bind>
<StgValue><ssdm name=""/></StgValue>
</bind>
</comp>

<comp id="98" class="1001" name="const_98">
<pin_list>
<pin id="99" dir="1" index="0" bw="1" slack="2147483647"/>
</pin_list>
<bind>
<StgValue><ssdm name="empty_18"/></StgValue>
</bind>
</comp>

<comp id="100" class="1001" name="const_100">
<pin_list>
<pin id="101" dir="1" index="0" bw="1" slack="2147483647"/>
</pin_list>
<bind>
<StgValue><ssdm name="_ssdm_op_SpecLoopTripCount"/></StgValue>
</bind>
</comp>

<comp id="102" class="1001" name="const_102">
<pin_list>
<pin id="103" dir="1" index="0" bw="1" slack="2147483647"/>
</pin_list>
<bind>
<StgValue><ssdm name=""/></StgValue>
</bind>
</comp>

<comp id="104" class="1001" name="const_104">
<pin_list>
<pin id="105" dir="1" index="0" bw="1" slack="2147483647"/>
</pin_list>
<bind>
<StgValue><ssdm name="_ssdm_op_SpecLoopName"/></StgValue>
</bind>
</comp>

<comp id="106" class="1001" name="const_106">
<pin_list>
<pin id="107" dir="1" index="0" bw="1" slack="2147483647"/>
</pin_list>
<bind>
<StgValue><ssdm name="empty_17"/></StgValue>
</bind>
</comp>

<comp id="108" class="1004" name="phi_urem40_fu_108">
<pin_list>
<pin id="109" dir="0" index="0" bw="1" slack="0"/>
<pin id="110" dir="1" index="1" bw="6" slack="0"/>
</pin_list>
<bind>
<opcode="alloca(26) " fcode="alloca"/>
<opset="phi_urem40/1 "/>
</bind>
</comp>

<comp id="112" class="1004" name="j_fu_112">
<pin_list>
<pin id="113" dir="0" index="0" bw="1" slack="0"/>
<pin id="114" dir="1" index="1" bw="6" slack="0"/>
</pin_list>
<bind>
<opcode="alloca(26) " fcode="alloca"/>
<opset="j/1 "/>
</bind>
</comp>

<comp id="116" class="1004" name="c_slice_addr_gep_fu_116">
<pin_list>
<pin id="117" dir="0" index="0" bw="16" slack="0"/>
<pin id="118" dir="0" index="1" bw="1" slack="0"/>
<pin id="119" dir="0" index="2" bw="6" slack="0"/>
<pin id="120" dir="1" index="3" bw="5" slack="0"/>
</pin_list>
<bind>
<opcode="getelementptr(29) " fcode="getelementptr"/>
<opset="c_slice_addr/1 "/>
</bind>
</comp>

<comp id="123" class="1004" name="grp_access_fu_123">
<pin_list>
<pin id="124" dir="0" index="0" bw="5" slack="36"/>
<pin id="125" dir="0" index="1" bw="16" slack="0"/>
<pin id="126" dir="0" index="2" bw="0" slack="0"/>
<pin id="128" dir="0" index="4" bw="5" slack="2147483647"/>
<pin id="129" dir="0" index="5" bw="16" slack="2147483647"/>
<pin id="130" dir="0" index="6" bw="0" slack="2147483647"/>
<pin id="127" dir="1" index="3" bw="16" slack="2147483647"/>
<pin id="131" dir="1" index="7" bw="16" slack="27"/>
</pin_list>
<bind>
<opcode="load(27) store(28) " fcode="store"/>
<opset="c_slice_load/1 store_ln190/37 "/>
</bind>
</comp>

<comp id="133" class="1004" name="z_addr_gep_fu_133">
<pin_list>
<pin id="134" dir="0" index="0" bw="16" slack="0"/>
<pin id="135" dir="0" index="1" bw="1" slack="0"/>
<pin id="136" dir="0" index="2" bw="3" slack="0"/>
<pin id="137" dir="1" index="3" bw="5" slack="0"/>
</pin_list>
<bind>
<opcode="getelementptr(29) " fcode="getelementptr"/>
<opset="z_addr/2 "/>
</bind>
</comp>

<comp id="140" class="1004" name="z_1_addr_gep_fu_140">
<pin_list>
<pin id="141" dir="0" index="0" bw="16" slack="0"/>
<pin id="142" dir="0" index="1" bw="1" slack="0"/>
<pin id="143" dir="0" index="2" bw="3" slack="0"/>
<pin id="144" dir="1" index="3" bw="5" slack="0"/>
</pin_list>
<bind>
<opcode="getelementptr(29) " fcode="getelementptr"/>
<opset="z_1_addr/2 "/>
</bind>
</comp>

<comp id="147" class="1004" name="z_2_addr_gep_fu_147">
<pin_list>
<pin id="148" dir="0" index="0" bw="16" slack="0"/>
<pin id="149" dir="0" index="1" bw="1" slack="0"/>
<pin id="150" dir="0" index="2" bw="3" slack="0"/>
<pin id="151" dir="1" index="3" bw="5" slack="0"/>
</pin_list>
<bind>
<opcode="getelementptr(29) " fcode="getelementptr"/>
<opset="z_2_addr/2 "/>
</bind>
</comp>

<comp id="154" class="1004" name="z_3_addr_gep_fu_154">
<pin_list>
<pin id="155" dir="0" index="0" bw="16" slack="0"/>
<pin id="156" dir="0" index="1" bw="1" slack="0"/>
<pin id="157" dir="0" index="2" bw="3" slack="0"/>
<pin id="158" dir="1" index="3" bw="5" slack="0"/>
</pin_list>
<bind>
<opcode="getelementptr(29) " fcode="getelementptr"/>
<opset="z_3_addr/2 "/>
</bind>
</comp>

<comp id="161" class="1004" name="z_4_addr_gep_fu_161">
<pin_list>
<pin id="162" dir="0" index="0" bw="16" slack="0"/>
<pin id="163" dir="0" index="1" bw="1" slack="0"/>
<pin id="164" dir="0" index="2" bw="3" slack="0"/>
<pin id="165" dir="1" index="3" bw="5" slack="0"/>
</pin_list>
<bind>
<opcode="getelementptr(29) " fcode="getelementptr"/>
<opset="z_4_addr/2 "/>
</bind>
</comp>

<comp id="168" class="1004" name="grp_access_fu_168">
<pin_list>
<pin id="169" dir="0" index="0" bw="5" slack="0"/>
<pin id="170" dir="0" index="1" bw="16" slack="2147483647"/>
<pin id="171" dir="0" index="2" bw="0" slack="2147483647"/>
<pin id="172" dir="1" index="3" bw="16" slack="0"/>
</pin_list>
<bind>
<opcode="load(27) " fcode="load"/>
<opset="z_load/2 z_load_1/2 z_load_2/2 z_load_3/2 "/>
</bind>
</comp>

<comp id="174" class="1004" name="grp_access_fu_174">
<pin_list>
<pin id="175" dir="0" index="0" bw="5" slack="0"/>
<pin id="176" dir="0" index="1" bw="16" slack="2147483647"/>
<pin id="177" dir="0" index="2" bw="0" slack="2147483647"/>
<pin id="178" dir="1" index="3" bw="16" slack="0"/>
</pin_list>
<bind>
<opcode="load(27) " fcode="load"/>
<opset="z_1_load/2 z_1_load_1/2 z_1_load_2/2 z_1_load_3/2 "/>
</bind>
</comp>

<comp id="180" class="1004" name="grp_access_fu_180">
<pin_list>
<pin id="181" dir="0" index="0" bw="5" slack="0"/>
<pin id="182" dir="0" index="1" bw="16" slack="2147483647"/>
<pin id="183" dir="0" index="2" bw="0" slack="2147483647"/>
<pin id="184" dir="1" index="3" bw="16" slack="0"/>
</pin_list>
<bind>
<opcode="load(27) " fcode="load"/>
<opset="z_2_load/2 z_2_load_1/2 z_2_load_2/2 z_2_load_3/2 "/>
</bind>
</comp>

<comp id="186" class="1004" name="grp_access_fu_186">
<pin_list>
<pin id="187" dir="0" index="0" bw="5" slack="0"/>
<pin id="188" dir="0" index="1" bw="16" slack="2147483647"/>
<pin id="189" dir="0" index="2" bw="0" slack="2147483647"/>
<pin id="190" dir="1" index="3" bw="16" slack="0"/>
</pin_list>
<bind>
<opcode="load(27) " fcode="load"/>
<opset="z_3_load/2 z_3_load_1/2 z_3_load_2/2 z_3_load_3/2 "/>
</bind>
</comp>

<comp id="192" class="1004" name="grp_access_fu_192">
<pin_list>
<pin id="193" dir="0" index="0" bw="5" slack="0"/>
<pin id="194" dir="0" index="1" bw="16" slack="2147483647"/>
<pin id="195" dir="0" index="2" bw="0" slack="2147483647"/>
<pin id="196" dir="1" index="3" bw="16" slack="0"/>
</pin_list>
<bind>
<opcode="load(27) " fcode="load"/>
<opset="z_4_load/2 z_4_load_1/2 z_4_load_2/2 z_4_load_3/2 "/>
</bind>
</comp>

<comp id="198" class="1004" name="z_addr_1_gep_fu_198">
<pin_list>
<pin id="199" dir="0" index="0" bw="16" slack="0"/>
<pin id="200" dir="0" index="1" bw="1" slack="0"/>
<pin id="201" dir="0" index="2" bw="4" slack="0"/>
<pin id="202" dir="1" index="3" bw="5" slack="0"/>
</pin_list>
<bind>
<opcode="getelementptr(29) " fcode="getelementptr"/>
<opset="z_addr_1/2 "/>
</bind>
</comp>

<comp id="205" class="1004" name="z_1_addr_1_gep_fu_205">
<pin_list>
<pin id="206" dir="0" index="0" bw="16" slack="0"/>
<pin id="207" dir="0" index="1" bw="1" slack="0"/>
<pin id="208" dir="0" index="2" bw="4" slack="0"/>
<pin id="209" dir="1" index="3" bw="5" slack="0"/>
</pin_list>
<bind>
<opcode="getelementptr(29) " fcode="getelementptr"/>
<opset="z_1_addr_1/2 "/>
</bind>
</comp>

<comp id="212" class="1004" name="z_2_addr_1_gep_fu_212">
<pin_list>
<pin id="213" dir="0" index="0" bw="16" slack="0"/>
<pin id="214" dir="0" index="1" bw="1" slack="0"/>
<pin id="215" dir="0" index="2" bw="4" slack="0"/>
<pin id="216" dir="1" index="3" bw="5" slack="0"/>
</pin_list>
<bind>
<opcode="getelementptr(29) " fcode="getelementptr"/>
<opset="z_2_addr_1/2 "/>
</bind>
</comp>

<comp id="219" class="1004" name="z_3_addr_1_gep_fu_219">
<pin_list>
<pin id="220" dir="0" index="0" bw="16" slack="0"/>
<pin id="221" dir="0" index="1" bw="1" slack="0"/>
<pin id="222" dir="0" index="2" bw="4" slack="0"/>
<pin id="223" dir="1" index="3" bw="5" slack="0"/>
</pin_list>
<bind>
<opcode="getelementptr(29) " fcode="getelementptr"/>
<opset="z_3_addr_1/2 "/>
</bind>
</comp>

<comp id="226" class="1004" name="z_4_addr_1_gep_fu_226">
<pin_list>
<pin id="227" dir="0" index="0" bw="16" slack="0"/>
<pin id="228" dir="0" index="1" bw="1" slack="0"/>
<pin id="229" dir="0" index="2" bw="4" slack="0"/>
<pin id="230" dir="1" index="3" bw="5" slack="0"/>
</pin_list>
<bind>
<opcode="getelementptr(29) " fcode="getelementptr"/>
<opset="z_4_addr_1/2 "/>
</bind>
</comp>

<comp id="238" class="1004" name="z_addr_2_gep_fu_238">
<pin_list>
<pin id="239" dir="0" index="0" bw="16" slack="0"/>
<pin id="240" dir="0" index="1" bw="1" slack="0"/>
<pin id="241" dir="0" index="2" bw="5" slack="0"/>
<pin id="242" dir="1" index="3" bw="5" slack="0"/>
</pin_list>
<bind>
<opcode="getelementptr(29) " fcode="getelementptr"/>
<opset="z_addr_2/2 "/>
</bind>
</comp>

<comp id="245" class="1004" name="z_1_addr_2_gep_fu_245">
<pin_list>
<pin id="246" dir="0" index="0" bw="16" slack="0"/>
<pin id="247" dir="0" index="1" bw="1" slack="0"/>
<pin id="248" dir="0" index="2" bw="5" slack="0"/>
<pin id="249" dir="1" index="3" bw="5" slack="0"/>
</pin_list>
<bind>
<opcode="getelementptr(29) " fcode="getelementptr"/>
<opset="z_1_addr_2/2 "/>
</bind>
</comp>

<comp id="252" class="1004" name="z_2_addr_2_gep_fu_252">
<pin_list>
<pin id="253" dir="0" index="0" bw="16" slack="0"/>
<pin id="254" dir="0" index="1" bw="1" slack="0"/>
<pin id="255" dir="0" index="2" bw="5" slack="0"/>
<pin id="256" dir="1" index="3" bw="5" slack="0"/>
</pin_list>
<bind>
<opcode="getelementptr(29) " fcode="getelementptr"/>
<opset="z_2_addr_2/2 "/>
</bind>
</comp>

<comp id="259" class="1004" name="z_3_addr_2_gep_fu_259">
<pin_list>
<pin id="260" dir="0" index="0" bw="16" slack="0"/>
<pin id="261" dir="0" index="1" bw="1" slack="0"/>
<pin id="262" dir="0" index="2" bw="5" slack="0"/>
<pin id="263" dir="1" index="3" bw="5" slack="0"/>
</pin_list>
<bind>
<opcode="getelementptr(29) " fcode="getelementptr"/>
<opset="z_3_addr_2/2 "/>
</bind>
</comp>

<comp id="266" class="1004" name="z_4_addr_2_gep_fu_266">
<pin_list>
<pin id="267" dir="0" index="0" bw="16" slack="0"/>
<pin id="268" dir="0" index="1" bw="1" slack="0"/>
<pin id="269" dir="0" index="2" bw="5" slack="0"/>
<pin id="270" dir="1" index="3" bw="5" slack="0"/>
</pin_list>
<bind>
<opcode="getelementptr(29) " fcode="getelementptr"/>
<opset="z_4_addr_2/2 "/>
</bind>
</comp>

<comp id="278" class="1004" name="z_addr_3_gep_fu_278">
<pin_list>
<pin id="279" dir="0" index="0" bw="16" slack="0"/>
<pin id="280" dir="0" index="1" bw="1" slack="0"/>
<pin id="281" dir="0" index="2" bw="5" slack="0"/>
<pin id="282" dir="1" index="3" bw="5" slack="0"/>
</pin_list>
<bind>
<opcode="getelementptr(29) " fcode="getelementptr"/>
<opset="z_addr_3/2 "/>
</bind>
</comp>

<comp id="285" class="1004" name="z_1_addr_3_gep_fu_285">
<pin_list>
<pin id="286" dir="0" index="0" bw="16" slack="0"/>
<pin id="287" dir="0" index="1" bw="1" slack="0"/>
<pin id="288" dir="0" index="2" bw="5" slack="0"/>
<pin id="289" dir="1" index="3" bw="5" slack="0"/>
</pin_list>
<bind>
<opcode="getelementptr(29) " fcode="getelementptr"/>
<opset="z_1_addr_3/2 "/>
</bind>
</comp>

<comp id="292" class="1004" name="z_2_addr_3_gep_fu_292">
<pin_list>
<pin id="293" dir="0" index="0" bw="16" slack="0"/>
<pin id="294" dir="0" index="1" bw="1" slack="0"/>
<pin id="295" dir="0" index="2" bw="5" slack="0"/>
<pin id="296" dir="1" index="3" bw="5" slack="0"/>
</pin_list>
<bind>
<opcode="getelementptr(29) " fcode="getelementptr"/>
<opset="z_2_addr_3/2 "/>
</bind>
</comp>

<comp id="299" class="1004" name="z_3_addr_3_gep_fu_299">
<pin_list>
<pin id="300" dir="0" index="0" bw="16" slack="0"/>
<pin id="301" dir="0" index="1" bw="1" slack="0"/>
<pin id="302" dir="0" index="2" bw="5" slack="0"/>
<pin id="303" dir="1" index="3" bw="5" slack="0"/>
</pin_list>
<bind>
<opcode="getelementptr(29) " fcode="getelementptr"/>
<opset="z_3_addr_3/2 "/>
</bind>
</comp>

<comp id="306" class="1004" name="z_4_addr_3_gep_fu_306">
<pin_list>
<pin id="307" dir="0" index="0" bw="16" slack="0"/>
<pin id="308" dir="0" index="1" bw="1" slack="0"/>
<pin id="309" dir="0" index="2" bw="5" slack="0"/>
<pin id="310" dir="1" index="3" bw="5" slack="0"/>
</pin_list>
<bind>
<opcode="getelementptr(29) " fcode="getelementptr"/>
<opset="z_4_addr_3/2 "/>
</bind>
</comp>

<comp id="318" class="1004" name="h_slice_addr_gep_fu_318">
<pin_list>
<pin id="319" dir="0" index="0" bw="16" slack="0"/>
<pin id="320" dir="0" index="1" bw="1" slack="0"/>
<pin id="321" dir="0" index="2" bw="6" slack="42"/>
<pin id="322" dir="1" index="3" bw="5" slack="0"/>
</pin_list>
<bind>
<opcode="getelementptr(29) " fcode="getelementptr"/>
<opset="h_slice_addr/43 "/>
</bind>
</comp>

<comp id="325" class="1004" name="store_ln190_access_fu_325">
<pin_list>
<pin id="326" dir="0" index="0" bw="5" slack="0"/>
<pin id="327" dir="0" index="1" bw="16" slack="0"/>
<pin id="328" dir="0" index="2" bw="0" slack="2147483647"/>
<pin id="329" dir="1" index="3" bw="16" slack="2147483647"/>
</pin_list>
<bind>
<opcode="store(28) " fcode="store"/>
<opset="store_ln190/43 "/>
</bind>
</comp>

<comp id="331" class="1004" name="grp_fu_331">
<pin_list>
<pin id="332" dir="0" index="0" bw="32" slack="1"/>
<pin id="333" dir="0" index="1" bw="32" slack="0"/>
<pin id="334" dir="1" index="2" bw="32" slack="1"/>
</pin_list>
<bind>
<opcode="fadd(9) " fcode="fadd"/>
<opset="add5/13 "/>
</bind>
</comp>

<comp id="336" class="1004" name="grp_fu_336">
<pin_list>
<pin id="337" dir="0" index="0" bw="32" slack="1"/>
<pin id="338" dir="0" index="1" bw="32" slack="0"/>
<pin id="339" dir="1" index="2" bw="32" slack="1"/>
</pin_list>
<bind>
<opcode="fadd(9) " fcode="fadd"/>
<opset="add6/13 "/>
</bind>
</comp>

<comp id="341" class="1004" name="grp_fu_341">
<pin_list>
<pin id="342" dir="0" index="0" bw="32" slack="1"/>
<pin id="343" dir="0" index="1" bw="32" slack="0"/>
<pin id="344" dir="1" index="2" bw="32" slack="1"/>
</pin_list>
<bind>
<opcode="fadd(9) " fcode="fadd"/>
<opset="add7/24 "/>
</bind>
</comp>

<comp id="346" class="1004" name="grp_fu_346">
<pin_list>
<pin id="347" dir="0" index="0" bw="32" slack="0"/>
<pin id="348" dir="0" index="1" bw="32" slack="1"/>
<pin id="349" dir="1" index="2" bw="32" slack="1"/>
</pin_list>
<bind>
<opcode="fdiv(16) " fcode="fdiv"/>
<opset="div/17 "/>
</bind>
</comp>

<comp id="351" class="1004" name="grp_fu_351">
<pin_list>
<pin id="352" dir="0" index="0" bw="32" slack="0"/>
<pin id="353" dir="0" index="1" bw="32" slack="1"/>
<pin id="354" dir="1" index="2" bw="32" slack="1"/>
</pin_list>
<bind>
<opcode="fdiv(16) " fcode="fdiv"/>
<opset="div1/17 "/>
</bind>
</comp>

<comp id="356" class="1004" name="grp_fu_356">
<pin_list>
<pin id="357" dir="0" index="0" bw="32" slack="0"/>
<pin id="358" dir="0" index="1" bw="32" slack="1"/>
<pin id="359" dir="1" index="2" bw="32" slack="1"/>
</pin_list>
<bind>
<opcode="fdiv(16) " fcode="fdiv"/>
<opset="div2/28 "/>
</bind>
</comp>

<comp id="361" class="1004" name="grp_fu_361">
<pin_list>
<pin id="362" dir="0" index="0" bw="32" slack="0"/>
<pin id="363" dir="0" index="1" bw="32" slack="1"/>
<pin id="364" dir="1" index="2" bw="32" slack="1"/>
</pin_list>
<bind>
<opcode="fexp(507) " fcode="fexp"/>
<opset="tmp_8/5 "/>
</bind>
</comp>

<comp id="366" class="1004" name="grp_fu_366">
<pin_list>
<pin id="367" dir="0" index="0" bw="32" slack="0"/>
<pin id="368" dir="0" index="1" bw="32" slack="1"/>
<pin id="369" dir="1" index="2" bw="32" slack="1"/>
</pin_list>
<bind>
<opcode="fexp(507) " fcode="fexp"/>
<opset="tmp_s/5 "/>
</bind>
</comp>

<comp id="371" class="1004" name="grp_fu_371">
<pin_list>
<pin id="372" dir="0" index="0" bw="32" slack="0"/>
<pin id="373" dir="0" index="1" bw="32" slack="1"/>
<pin id="374" dir="1" index="2" bw="32" slack="1"/>
</pin_list>
<bind>
<opcode="fexp(507) " fcode="fexp"/>
<opset="tmp_2/16 "/>
</bind>
</comp>

<comp id="376" class="1004" name="grp_fu_376">
<pin_list>
<pin id="377" dir="0" index="0" bw="32" slack="1"/>
<pin id="378" dir="1" index="1" bw="16" slack="1"/>
</pin_list>
<bind>
<opcode="sptohp(532) " fcode="sptohp"/>
<opset="i/27 "/>
</bind>
</comp>

<comp id="379" class="1004" name="grp_fu_379">
<pin_list>
<pin id="380" dir="0" index="0" bw="32" slack="1"/>
<pin id="381" dir="1" index="1" bw="16" slack="1"/>
</pin_list>
<bind>
<opcode="sptohp(532) " fcode="sptohp"/>
<opset="f/27 "/>
</bind>
</comp>

<comp id="382" class="1004" name="grp_fu_382">
<pin_list>
<pin id="383" dir="0" index="0" bw="32" slack="1"/>
<pin id="384" dir="1" index="1" bw="16" slack="1"/>
</pin_list>
<bind>
<opcode="sptohp(532) " fcode="sptohp"/>
<opset="o/38 "/>
</bind>
</comp>

<comp id="385" class="1004" name="grp_fu_385">
<pin_list>
<pin id="386" dir="0" index="0" bw="16" slack="0"/>
<pin id="387" dir="1" index="1" bw="32" slack="1"/>
</pin_list>
<bind>
<opcode="hptosp(533) " fcode="hptosp"/>
<opset="conv/3 "/>
</bind>
</comp>

<comp id="388" class="1004" name="grp_fu_388">
<pin_list>
<pin id="389" dir="0" index="0" bw="16" slack="0"/>
<pin id="390" dir="1" index="1" bw="32" slack="1"/>
</pin_list>
<bind>
<opcode="hptosp(533) " fcode="hptosp"/>
<opset="conv2/3 "/>
</bind>
</comp>

<comp id="391" class="1004" name="grp_fu_391">
<pin_list>
<pin id="392" dir="0" index="0" bw="16" slack="0"/>
<pin id="393" dir="1" index="1" bw="32" slack="1"/>
</pin_list>
<bind>
<opcode="hptosp(533) " fcode="hptosp"/>
<opset="conv4/14 "/>
</bind>
</comp>

<comp id="394" class="1004" name="grp_fu_394">
<pin_list>
<pin id="395" dir="0" index="0" bw="16" slack="1"/>
<pin id="396" dir="0" index="1" bw="16" slack="1"/>
<pin id="397" dir="1" index="2" bw="16" slack="0"/>
</pin_list>
<bind>
<opcode="hadd(534) " fcode="hadd"/>
<opset="c/33 "/>
</bind>
</comp>

<comp id="399" class="1004" name="grp_fu_399">
<pin_list>
<pin id="400" dir="0" index="0" bw="16" slack="1"/>
<pin id="401" dir="0" index="1" bw="16" slack="27"/>
<pin id="402" dir="1" index="2" bw="16" slack="1"/>
</pin_list>
<bind>
<opcode="hmul(536) " fcode="hmul"/>
<opset="mul2/29 "/>
</bind>
</comp>

<comp id="403" class="1004" name="grp_fu_403">
<pin_list>
<pin id="404" dir="0" index="0" bw="16" slack="1"/>
<pin id="405" dir="0" index="1" bw="16" slack="1"/>
<pin id="406" dir="1" index="2" bw="16" slack="1"/>
</pin_list>
<bind>
<opcode="hmul(536) " fcode="hmul"/>
<opset="mul3/29 "/>
</bind>
</comp>

<comp id="407" class="1004" name="grp_fu_407">
<pin_list>
<pin id="408" dir="0" index="0" bw="16" slack="1"/>
<pin id="409" dir="0" index="1" bw="16" slack="1"/>
<pin id="410" dir="1" index="2" bw="16" slack="0"/>
</pin_list>
<bind>
<opcode="hmul(536) " fcode="hmul"/>
<opset="h/40 "/>
</bind>
</comp>

<comp id="412" class="1004" name="grp_fu_412">
<pin_list>
<pin id="413" dir="0" index="0" bw="16" slack="24"/>
<pin id="414" dir="0" index="1" bw="16" slack="0"/>
<pin id="415" dir="1" index="2" bw="1" slack="0"/>
</pin_list>
<bind>
<opcode="hcmp(539) " fcode="hcmp"/>
<opset="cmp_i/27 "/>
</bind>
</comp>

<comp id="417" class="1004" name="grp_fu_417">
<pin_list>
<pin id="418" dir="0" index="0" bw="16" slack="24"/>
<pin id="419" dir="0" index="1" bw="16" slack="0"/>
<pin id="420" dir="1" index="2" bw="1" slack="0"/>
</pin_list>
<bind>
<opcode="hcmp(539) " fcode="hcmp"/>
<opset="cmp1_i/27 "/>
</bind>
</comp>

<comp id="422" class="1004" name="grp_fu_422">
<pin_list>
<pin id="423" dir="0" index="0" bw="16" slack="1"/>
<pin id="424" dir="0" index="1" bw="16" slack="0"/>
<pin id="425" dir="1" index="2" bw="1" slack="0"/>
</pin_list>
<bind>
<opcode="hcmp(539) " fcode="hcmp"/>
<opset="cmp_i4/38 "/>
</bind>
</comp>

<comp id="427" class="1004" name="grp_fu_427">
<pin_list>
<pin id="428" dir="0" index="0" bw="16" slack="1"/>
<pin id="429" dir="0" index="1" bw="16" slack="0"/>
<pin id="430" dir="1" index="2" bw="1" slack="0"/>
</pin_list>
<bind>
<opcode="hcmp(539) " fcode="hcmp"/>
<opset="cmp1_i6/38 "/>
</bind>
</comp>

<comp id="432" class="1004" name="store_ln144_store_fu_432">
<pin_list>
<pin id="433" dir="0" index="0" bw="1" slack="0"/>
<pin id="434" dir="0" index="1" bw="6" slack="0"/>
<pin id="435" dir="1" index="2" bw="0" slack="2147483647"/>
</pin_list>
<bind>
<opcode="store(28) " fcode="store"/>
<opset="store_ln144/1 "/>
</bind>
</comp>

<comp id="437" class="1004" name="store_ln0_store_fu_437">
<pin_list>
<pin id="438" dir="0" index="0" bw="1" slack="0"/>
<pin id="439" dir="0" index="1" bw="6" slack="0"/>
<pin id="440" dir="1" index="2" bw="0" slack="2147483647"/>
</pin_list>
<bind>
<opcode="store(28) " fcode="store"/>
<opset="store_ln0/1 "/>
</bind>
</comp>

<comp id="442" class="1004" name="j_7_load_fu_442">
<pin_list>
<pin id="443" dir="0" index="0" bw="6" slack="0"/>
<pin id="444" dir="1" index="1" bw="6" slack="0"/>
</pin_list>
<bind>
<opcode="load(27) " fcode="load"/>
<opset="j_7/1 "/>
</bind>
</comp>

<comp id="445" class="1004" name="icmp_ln182_fu_445">
<pin_list>
<pin id="446" dir="0" index="0" bw="6" slack="0"/>
<pin id="447" dir="0" index="1" bw="6" slack="0"/>
<pin id="448" dir="1" index="2" bw="1" slack="41"/>
</pin_list>
<bind>
<opcode="icmp(45) " fcode="icmp"/>
<opset="icmp_ln182/1 "/>
</bind>
</comp>

<comp id="451" class="1004" name="add_ln182_fu_451">
<pin_list>
<pin id="452" dir="0" index="0" bw="6" slack="0"/>
<pin id="453" dir="0" index="1" bw="1" slack="0"/>
<pin id="454" dir="1" index="2" bw="6" slack="0"/>
</pin_list>
<bind>
<opcode="add(8) " fcode="add"/>
<opset="add_ln182/1 "/>
</bind>
</comp>

<comp id="457" class="1004" name="phi_urem40_load_load_fu_457">
<pin_list>
<pin id="458" dir="0" index="0" bw="6" slack="0"/>
<pin id="459" dir="1" index="1" bw="6" slack="0"/>
</pin_list>
<bind>
<opcode="load(27) " fcode="load"/>
<opset="phi_urem40_load/1 "/>
</bind>
</comp>

<comp id="460" class="1004" name="add_ln182_1_fu_460">
<pin_list>
<pin id="461" dir="0" index="0" bw="6" slack="0"/>
<pin id="462" dir="0" index="1" bw="1" slack="0"/>
<pin id="463" dir="1" index="2" bw="6" slack="0"/>
</pin_list>
<bind>
<opcode="add(8) " fcode="add"/>
<opset="add_ln182_1/1 "/>
</bind>
</comp>

<comp id="466" class="1004" name="icmp_ln182_1_fu_466">
<pin_list>
<pin id="467" dir="0" index="0" bw="6" slack="0"/>
<pin id="468" dir="0" index="1" bw="4" slack="0"/>
<pin id="469" dir="1" index="2" bw="1" slack="0"/>
</pin_list>
<bind>
<opcode="icmp(45) " fcode="icmp"/>
<opset="icmp_ln182_1/1 "/>
</bind>
</comp>

<comp id="472" class="1004" name="select_ln182_fu_472">
<pin_list>
<pin id="473" dir="0" index="0" bw="1" slack="0"/>
<pin id="474" dir="0" index="1" bw="1" slack="0"/>
<pin id="475" dir="0" index="2" bw="6" slack="0"/>
<pin id="476" dir="1" index="3" bw="6" slack="0"/>
</pin_list>
<bind>
<opcode="select(49) " fcode="select"/>
<opset="select_ln182/1 "/>
</bind>
</comp>

<comp id="480" class="1004" name="zext_ln182_fu_480">
<pin_list>
<pin id="481" dir="0" index="0" bw="6" slack="0"/>
<pin id="482" dir="1" index="1" bw="64" slack="0"/>
</pin_list>
<bind>
<opcode="zext(34) " fcode="zext"/>
<opset="zext_ln182/1 "/>
</bind>
</comp>

<comp id="485" class="1004" name="trunc_ln144_1_fu_485">
<pin_list>
<pin id="486" dir="0" index="0" bw="6" slack="0"/>
<pin id="487" dir="1" index="1" bw="3" slack="1"/>
</pin_list>
<bind>
<opcode="trunc(33) " fcode="trunc"/>
<opset="trunc_ln144_1/1 "/>
</bind>
</comp>

<comp id="489" class="1004" name="store_ln144_store_fu_489">
<pin_list>
<pin id="490" dir="0" index="0" bw="6" slack="0"/>
<pin id="491" dir="0" index="1" bw="6" slack="0"/>
<pin id="492" dir="1" index="2" bw="0" slack="2147483647"/>
</pin_list>
<bind>
<opcode="store(28) " fcode="store"/>
<opset="store_ln144/1 "/>
</bind>
</comp>

<comp id="494" class="1004" name="store_ln182_store_fu_494">
<pin_list>
<pin id="495" dir="0" index="0" bw="6" slack="0"/>
<pin id="496" dir="0" index="1" bw="6" slack="0"/>
<pin id="497" dir="1" index="2" bw="0" slack="2147483647"/>
</pin_list>
<bind>
<opcode="store(28) " fcode="store"/>
<opset="store_ln182/1 "/>
</bind>
</comp>

<comp id="499" class="1004" name="trunc_ln144_fu_499">
<pin_list>
<pin id="500" dir="0" index="0" bw="6" slack="1"/>
<pin id="501" dir="1" index="1" bw="5" slack="0"/>
</pin_list>
<bind>
<opcode="trunc(33) " fcode="trunc"/>
<opset="trunc_ln144/2 "/>
</bind>
</comp>

<comp id="502" class="1004" name="zext_ln144_1_fu_502">
<pin_list>
<pin id="503" dir="0" index="0" bw="5" slack="0"/>
<pin id="504" dir="1" index="1" bw="11" slack="0"/>
</pin_list>
<bind>
<opcode="zext(34) " fcode="zext"/>
<opset="zext_ln144_1/2 "/>
</bind>
</comp>

<comp id="506" class="1004" name="mul_ln144_fu_506">
<pin_list>
<pin id="507" dir="0" index="0" bw="5" slack="0"/>
<pin id="508" dir="0" index="1" bw="7" slack="0"/>
<pin id="509" dir="1" index="2" bw="11" slack="0"/>
</pin_list>
<bind>
<opcode="mul(12) " fcode="mul"/>
<opset="mul_ln144/2 "/>
</bind>
</comp>

<comp id="512" class="1004" name="tmp_fu_512">
<pin_list>
<pin id="513" dir="0" index="0" bw="3" slack="0"/>
<pin id="514" dir="0" index="1" bw="11" slack="0"/>
<pin id="515" dir="0" index="2" bw="5" slack="0"/>
<pin id="516" dir="0" index="3" bw="5" slack="0"/>
<pin id="517" dir="1" index="4" bw="3" slack="0"/>
</pin_list>
<bind>
<opcode="partselect(1002) " fcode="partselect"/>
<opset="tmp/2 "/>
</bind>
</comp>

<comp id="522" class="1004" name="zext_ln144_fu_522">
<pin_list>
<pin id="523" dir="0" index="0" bw="3" slack="0"/>
<pin id="524" dir="1" index="1" bw="64" slack="0"/>
</pin_list>
<bind>
<opcode="zext(34) " fcode="zext"/>
<opset="zext_ln144/2 "/>
</bind>
</comp>

<comp id="531" class="1004" name="zext_ln185_1_cast_fu_531">
<pin_list>
<pin id="532" dir="0" index="0" bw="6" slack="0"/>
<pin id="533" dir="0" index="1" bw="1" slack="0"/>
<pin id="534" dir="0" index="2" bw="5" slack="0"/>
<pin id="535" dir="1" index="3" bw="6" slack="0"/>
</pin_list>
<bind>
<opcode="bitconcatenate(1004) " fcode="bitconcatenate"/>
<opset="zext_ln185_1_cast/2 "/>
</bind>
</comp>

<comp id="539" class="1004" name="zext_ln185_1_fu_539">
<pin_list>
<pin id="540" dir="0" index="0" bw="6" slack="0"/>
<pin id="541" dir="1" index="1" bw="13" slack="0"/>
</pin_list>
<bind>
<opcode="zext(34) " fcode="zext"/>
<opset="zext_ln185_1/2 "/>
</bind>
</comp>

<comp id="543" class="1004" name="mul_ln185_fu_543">
<pin_list>
<pin id="544" dir="0" index="0" bw="6" slack="0"/>
<pin id="545" dir="0" index="1" bw="8" slack="0"/>
<pin id="546" dir="1" index="2" bw="13" slack="0"/>
</pin_list>
<bind>
<opcode="mul(12) " fcode="mul"/>
<opset="mul_ln185/2 "/>
</bind>
</comp>

<comp id="549" class="1004" name="tmp_3_fu_549">
<pin_list>
<pin id="550" dir="0" index="0" bw="4" slack="0"/>
<pin id="551" dir="0" index="1" bw="13" slack="0"/>
<pin id="552" dir="0" index="2" bw="5" slack="0"/>
<pin id="553" dir="0" index="3" bw="5" slack="0"/>
<pin id="554" dir="1" index="4" bw="4" slack="0"/>
</pin_list>
<bind>
<opcode="partselect(1002) " fcode="partselect"/>
<opset="tmp_3/2 "/>
</bind>
</comp>

<comp id="559" class="1004" name="zext_ln185_fu_559">
<pin_list>
<pin id="560" dir="0" index="0" bw="4" slack="0"/>
<pin id="561" dir="1" index="1" bw="64" slack="0"/>
</pin_list>
<bind>
<opcode="zext(34) " fcode="zext"/>
<opset="zext_ln185/2 "/>
</bind>
</comp>

<comp id="568" class="1004" name="zext_ln186_1_cast_fu_568">
<pin_list>
<pin id="569" dir="0" index="0" bw="7" slack="0"/>
<pin id="570" dir="0" index="1" bw="1" slack="0"/>
<pin id="571" dir="0" index="2" bw="6" slack="1"/>
<pin id="572" dir="1" index="3" bw="7" slack="0"/>
</pin_list>
<bind>
<opcode="bitconcatenate(1004) " fcode="bitconcatenate"/>
<opset="zext_ln186_1_cast/2 "/>
</bind>
</comp>

<comp id="575" class="1004" name="zext_ln186_1_fu_575">
<pin_list>
<pin id="576" dir="0" index="0" bw="7" slack="0"/>
<pin id="577" dir="1" index="1" bw="15" slack="0"/>
</pin_list>
<bind>
<opcode="zext(34) " fcode="zext"/>
<opset="zext_ln186_1/2 "/>
</bind>
</comp>

<comp id="579" class="1004" name="mul_ln186_fu_579">
<pin_list>
<pin id="580" dir="0" index="0" bw="7" slack="0"/>
<pin id="581" dir="0" index="1" bw="9" slack="0"/>
<pin id="582" dir="1" index="2" bw="15" slack="0"/>
</pin_list>
<bind>
<opcode="mul(12) " fcode="mul"/>
<opset="mul_ln186/2 "/>
</bind>
</comp>

<comp id="585" class="1004" name="tmp_4_fu_585">
<pin_list>
<pin id="586" dir="0" index="0" bw="5" slack="0"/>
<pin id="587" dir="0" index="1" bw="15" slack="0"/>
<pin id="588" dir="0" index="2" bw="5" slack="0"/>
<pin id="589" dir="0" index="3" bw="5" slack="0"/>
<pin id="590" dir="1" index="4" bw="5" slack="0"/>
</pin_list>
<bind>
<opcode="partselect(1002) " fcode="partselect"/>
<opset="tmp_4/2 "/>
</bind>
</comp>

<comp id="595" class="1004" name="zext_ln186_fu_595">
<pin_list>
<pin id="596" dir="0" index="0" bw="5" slack="0"/>
<pin id="597" dir="1" index="1" bw="64" slack="0"/>
</pin_list>
<bind>
<opcode="zext(34) " fcode="zext"/>
<opset="zext_ln186/2 "/>
</bind>
</comp>

<comp id="604" class="1004" name="sext_ln187_fu_604">
<pin_list>
<pin id="605" dir="0" index="0" bw="6" slack="0"/>
<pin id="606" dir="1" index="1" bw="7" slack="0"/>
</pin_list>
<bind>
<opcode="sext(35) " fcode="sext"/>
<opset="sext_ln187/2 "/>
</bind>
</comp>

<comp id="608" class="1004" name="zext_ln187_1_fu_608">
<pin_list>
<pin id="609" dir="0" index="0" bw="6" slack="0"/>
<pin id="610" dir="1" index="1" bw="15" slack="0"/>
</pin_list>
<bind>
<opcode="zext(34) " fcode="zext"/>
<opset="zext_ln187_1/2 "/>
</bind>
</comp>

<comp id="612" class="1004" name="mul_ln187_fu_612">
<pin_list>
<pin id="613" dir="0" index="0" bw="7" slack="0"/>
<pin id="614" dir="0" index="1" bw="9" slack="0"/>
<pin id="615" dir="1" index="2" bw="15" slack="0"/>
</pin_list>
<bind>
<opcode="mul(12) " fcode="mul"/>
<opset="mul_ln187/2 "/>
</bind>
</comp>

<comp id="618" class="1004" name="tmp_5_fu_618">
<pin_list>
<pin id="619" dir="0" index="0" bw="5" slack="0"/>
<pin id="620" dir="0" index="1" bw="15" slack="0"/>
<pin id="621" dir="0" index="2" bw="5" slack="0"/>
<pin id="622" dir="0" index="3" bw="5" slack="0"/>
<pin id="623" dir="1" index="4" bw="5" slack="0"/>
</pin_list>
<bind>
<opcode="partselect(1002) " fcode="partselect"/>
<opset="tmp_5/2 "/>
</bind>
</comp>

<comp id="628" class="1004" name="zext_ln187_fu_628">
<pin_list>
<pin id="629" dir="0" index="0" bw="5" slack="0"/>
<pin id="630" dir="1" index="1" bw="64" slack="0"/>
</pin_list>
<bind>
<opcode="zext(34) " fcode="zext"/>
<opset="zext_ln187/2 "/>
</bind>
</comp>

<comp id="637" class="1004" name="tmp_7_fu_637">
<pin_list>
<pin id="638" dir="0" index="0" bw="16" slack="0"/>
<pin id="639" dir="0" index="1" bw="3" slack="0"/>
<pin id="640" dir="0" index="2" bw="16" slack="0"/>
<pin id="641" dir="0" index="3" bw="3" slack="0"/>
<pin id="642" dir="0" index="4" bw="16" slack="0"/>
<pin id="643" dir="0" index="5" bw="3" slack="0"/>
<pin id="644" dir="0" index="6" bw="16" slack="0"/>
<pin id="645" dir="0" index="7" bw="3" slack="0"/>
<pin id="646" dir="0" index="8" bw="16" slack="0"/>
<pin id="647" dir="0" index="9" bw="3" slack="0"/>
<pin id="648" dir="0" index="10" bw="16" slack="0"/>
<pin id="649" dir="0" index="11" bw="16" slack="0"/>
<pin id="650" dir="0" index="12" bw="3" slack="2"/>
<pin id="651" dir="1" index="13" bw="16" slack="0"/>
</pin_list>
<bind>
<opcode="sparsemux(1197) " fcode="sparsemux"/>
<opset="tmp_7/3 "/>
</bind>
</comp>

<comp id="664" class="1004" name="bitcast_ln184_fu_664">
<pin_list>
<pin id="665" dir="0" index="0" bw="16" slack="0"/>
<pin id="666" dir="1" index="1" bw="16" slack="0"/>
</pin_list>
<bind>
<opcode="bitcast(44) " fcode="bitcast"/>
<opset="bitcast_ln184/3 "/>
</bind>
</comp>

<comp id="668" class="1004" name="bit_sel1_fu_668">
<pin_list>
<pin id="669" dir="0" index="0" bw="1" slack="0"/>
<pin id="670" dir="0" index="1" bw="16" slack="0"/>
<pin id="671" dir="0" index="2" bw="5" slack="0"/>
<pin id="672" dir="1" index="3" bw="1" slack="0"/>
</pin_list>
<bind>
<opcode="bitselect(1000) " fcode="bitselect"/>
<opset="bit_sel1/3 "/>
</bind>
</comp>

<comp id="676" class="1004" name="xor_ln184_fu_676">
<pin_list>
<pin id="677" dir="0" index="0" bw="1" slack="0"/>
<pin id="678" dir="0" index="1" bw="1" slack="0"/>
<pin id="679" dir="1" index="2" bw="1" slack="0"/>
</pin_list>
<bind>
<opcode="xor(25) " fcode="xor"/>
<opset="xor_ln184/3 "/>
</bind>
</comp>

<comp id="682" class="1004" name="trunc_ln184_fu_682">
<pin_list>
<pin id="683" dir="0" index="0" bw="16" slack="0"/>
<pin id="684" dir="1" index="1" bw="15" slack="0"/>
</pin_list>
<bind>
<opcode="trunc(33) " fcode="trunc"/>
<opset="trunc_ln184/3 "/>
</bind>
</comp>

<comp id="686" class="1004" name="xor_ln_fu_686">
<pin_list>
<pin id="687" dir="0" index="0" bw="16" slack="0"/>
<pin id="688" dir="0" index="1" bw="1" slack="0"/>
<pin id="689" dir="0" index="2" bw="15" slack="0"/>
<pin id="690" dir="1" index="3" bw="16" slack="0"/>
</pin_list>
<bind>
<opcode="bitconcatenate(1004) " fcode="bitconcatenate"/>
<opset="xor_ln/3 "/>
</bind>
</comp>

<comp id="694" class="1004" name="bitcast_ln184_1_fu_694">
<pin_list>
<pin id="695" dir="0" index="0" bw="16" slack="0"/>
<pin id="696" dir="1" index="1" bw="16" slack="0"/>
</pin_list>
<bind>
<opcode="bitcast(44) " fcode="bitcast"/>
<opset="bitcast_ln184_1/3 "/>
</bind>
</comp>

<comp id="699" class="1004" name="tmp_9_fu_699">
<pin_list>
<pin id="700" dir="0" index="0" bw="16" slack="0"/>
<pin id="701" dir="0" index="1" bw="3" slack="0"/>
<pin id="702" dir="0" index="2" bw="16" slack="0"/>
<pin id="703" dir="0" index="3" bw="3" slack="0"/>
<pin id="704" dir="0" index="4" bw="16" slack="0"/>
<pin id="705" dir="0" index="5" bw="3" slack="0"/>
<pin id="706" dir="0" index="6" bw="16" slack="0"/>
<pin id="707" dir="0" index="7" bw="3" slack="0"/>
<pin id="708" dir="0" index="8" bw="16" slack="0"/>
<pin id="709" dir="0" index="9" bw="3" slack="0"/>
<pin id="710" dir="0" index="10" bw="16" slack="0"/>
<pin id="711" dir="0" index="11" bw="16" slack="0"/>
<pin id="712" dir="0" index="12" bw="3" slack="2"/>
<pin id="713" dir="1" index="13" bw="16" slack="0"/>
</pin_list>
<bind>
<opcode="sparsemux(1197) " fcode="sparsemux"/>
<opset="tmp_9/3 "/>
</bind>
</comp>

<comp id="726" class="1004" name="bitcast_ln185_fu_726">
<pin_list>
<pin id="727" dir="0" index="0" bw="16" slack="0"/>
<pin id="728" dir="1" index="1" bw="16" slack="0"/>
</pin_list>
<bind>
<opcode="bitcast(44) " fcode="bitcast"/>
<opset="bitcast_ln185/3 "/>
</bind>
</comp>

<comp id="730" class="1004" name="bit_sel2_fu_730">
<pin_list>
<pin id="731" dir="0" index="0" bw="1" slack="0"/>
<pin id="732" dir="0" index="1" bw="16" slack="0"/>
<pin id="733" dir="0" index="2" bw="5" slack="0"/>
<pin id="734" dir="1" index="3" bw="1" slack="0"/>
</pin_list>
<bind>
<opcode="bitselect(1000) " fcode="bitselect"/>
<opset="bit_sel2/3 "/>
</bind>
</comp>

<comp id="738" class="1004" name="xor_ln185_fu_738">
<pin_list>
<pin id="739" dir="0" index="0" bw="1" slack="0"/>
<pin id="740" dir="0" index="1" bw="1" slack="0"/>
<pin id="741" dir="1" index="2" bw="1" slack="0"/>
</pin_list>
<bind>
<opcode="xor(25) " fcode="xor"/>
<opset="xor_ln185/3 "/>
</bind>
</comp>

<comp id="744" class="1004" name="trunc_ln185_fu_744">
<pin_list>
<pin id="745" dir="0" index="0" bw="16" slack="0"/>
<pin id="746" dir="1" index="1" bw="15" slack="0"/>
</pin_list>
<bind>
<opcode="trunc(33) " fcode="trunc"/>
<opset="trunc_ln185/3 "/>
</bind>
</comp>

<comp id="748" class="1004" name="xor_ln1_fu_748">
<pin_list>
<pin id="749" dir="0" index="0" bw="16" slack="0"/>
<pin id="750" dir="0" index="1" bw="1" slack="0"/>
<pin id="751" dir="0" index="2" bw="15" slack="0"/>
<pin id="752" dir="1" index="3" bw="16" slack="0"/>
</pin_list>
<bind>
<opcode="bitconcatenate(1004) " fcode="bitconcatenate"/>
<opset="xor_ln1/3 "/>
</bind>
</comp>

<comp id="756" class="1004" name="bitcast_ln185_1_fu_756">
<pin_list>
<pin id="757" dir="0" index="0" bw="16" slack="0"/>
<pin id="758" dir="1" index="1" bw="16" slack="0"/>
</pin_list>
<bind>
<opcode="bitcast(44) " fcode="bitcast"/>
<opset="bitcast_ln185_1/3 "/>
</bind>
</comp>

<comp id="761" class="1004" name="tmp_1_fu_761">
<pin_list>
<pin id="762" dir="0" index="0" bw="16" slack="0"/>
<pin id="763" dir="0" index="1" bw="3" slack="0"/>
<pin id="764" dir="0" index="2" bw="16" slack="0"/>
<pin id="765" dir="0" index="3" bw="3" slack="0"/>
<pin id="766" dir="0" index="4" bw="16" slack="0"/>
<pin id="767" dir="0" index="5" bw="3" slack="0"/>
<pin id="768" dir="0" index="6" bw="16" slack="0"/>
<pin id="769" dir="0" index="7" bw="3" slack="0"/>
<pin id="770" dir="0" index="8" bw="16" slack="0"/>
<pin id="771" dir="0" index="9" bw="3" slack="0"/>
<pin id="772" dir="0" index="10" bw="16" slack="0"/>
<pin id="773" dir="0" index="11" bw="16" slack="0"/>
<pin id="774" dir="0" index="12" bw="3" slack="2"/>
<pin id="775" dir="1" index="13" bw="16" slack="11"/>
</pin_list>
<bind>
<opcode="sparsemux(1197) " fcode="sparsemux"/>
<opset="tmp_1/3 "/>
</bind>
</comp>

<comp id="788" class="1004" name="x_assign_fu_788">
<pin_list>
<pin id="789" dir="0" index="0" bw="16" slack="0"/>
<pin id="790" dir="0" index="1" bw="3" slack="0"/>
<pin id="791" dir="0" index="2" bw="16" slack="0"/>
<pin id="792" dir="0" index="3" bw="3" slack="0"/>
<pin id="793" dir="0" index="4" bw="16" slack="0"/>
<pin id="794" dir="0" index="5" bw="3" slack="0"/>
<pin id="795" dir="0" index="6" bw="16" slack="0"/>
<pin id="796" dir="0" index="7" bw="3" slack="0"/>
<pin id="797" dir="0" index="8" bw="16" slack="0"/>
<pin id="798" dir="0" index="9" bw="3" slack="0"/>
<pin id="799" dir="0" index="10" bw="16" slack="0"/>
<pin id="800" dir="0" index="11" bw="16" slack="0"/>
<pin id="801" dir="0" index="12" bw="3" slack="2"/>
<pin id="802" dir="1" index="13" bw="16" slack="24"/>
</pin_list>
<bind>
<opcode="sparsemux(1197) " fcode="sparsemux"/>
<opset="x_assign/3 "/>
</bind>
</comp>

<comp id="815" class="1004" name="bitcast_ln186_fu_815">
<pin_list>
<pin id="816" dir="0" index="0" bw="16" slack="11"/>
<pin id="817" dir="1" index="1" bw="16" slack="0"/>
</pin_list>
<bind>
<opcode="bitcast(44) " fcode="bitcast"/>
<opset="bitcast_ln186/14 "/>
</bind>
</comp>

<comp id="818" class="1004" name="bit_sel_fu_818">
<pin_list>
<pin id="819" dir="0" index="0" bw="1" slack="0"/>
<pin id="820" dir="0" index="1" bw="16" slack="0"/>
<pin id="821" dir="0" index="2" bw="5" slack="0"/>
<pin id="822" dir="1" index="3" bw="1" slack="0"/>
</pin_list>
<bind>
<opcode="bitselect(1000) " fcode="bitselect"/>
<opset="bit_sel/14 "/>
</bind>
</comp>

<comp id="826" class="1004" name="xor_ln186_fu_826">
<pin_list>
<pin id="827" dir="0" index="0" bw="1" slack="0"/>
<pin id="828" dir="0" index="1" bw="1" slack="0"/>
<pin id="829" dir="1" index="2" bw="1" slack="0"/>
</pin_list>
<bind>
<opcode="xor(25) " fcode="xor"/>
<opset="xor_ln186/14 "/>
</bind>
</comp>

<comp id="832" class="1004" name="trunc_ln186_fu_832">
<pin_list>
<pin id="833" dir="0" index="0" bw="16" slack="0"/>
<pin id="834" dir="1" index="1" bw="15" slack="0"/>
</pin_list>
<bind>
<opcode="trunc(33) " fcode="trunc"/>
<opset="trunc_ln186/14 "/>
</bind>
</comp>

<comp id="836" class="1004" name="xor_ln2_fu_836">
<pin_list>
<pin id="837" dir="0" index="0" bw="16" slack="0"/>
<pin id="838" dir="0" index="1" bw="1" slack="0"/>
<pin id="839" dir="0" index="2" bw="15" slack="0"/>
<pin id="840" dir="1" index="3" bw="16" slack="0"/>
</pin_list>
<bind>
<opcode="bitconcatenate(1004) " fcode="bitconcatenate"/>
<opset="xor_ln2/14 "/>
</bind>
</comp>

<comp id="844" class="1004" name="bitcast_ln186_1_fu_844">
<pin_list>
<pin id="845" dir="0" index="0" bw="16" slack="0"/>
<pin id="846" dir="1" index="1" bw="16" slack="0"/>
</pin_list>
<bind>
<opcode="bitcast(44) " fcode="bitcast"/>
<opset="bitcast_ln186_1/14 "/>
</bind>
</comp>

<comp id="849" class="1004" name="xor_ln46_fu_849">
<pin_list>
<pin id="850" dir="0" index="0" bw="1" slack="0"/>
<pin id="851" dir="0" index="1" bw="1" slack="0"/>
<pin id="852" dir="1" index="2" bw="1" slack="0"/>
</pin_list>
<bind>
<opcode="xor(25) " fcode="xor"/>
<opset="xor_ln46/28 "/>
</bind>
</comp>

<comp id="855" class="1004" name="and_ln47_fu_855">
<pin_list>
<pin id="856" dir="0" index="0" bw="1" slack="0"/>
<pin id="857" dir="0" index="1" bw="1" slack="0"/>
<pin id="858" dir="1" index="2" bw="1" slack="0"/>
</pin_list>
<bind>
<opcode="and(23) " fcode="and"/>
<opset="and_ln47/28 "/>
</bind>
</comp>

<comp id="861" class="1004" name="sel_tmp2_fu_861">
<pin_list>
<pin id="862" dir="0" index="0" bw="2" slack="0"/>
<pin id="863" dir="0" index="1" bw="1" slack="0"/>
<pin id="864" dir="0" index="2" bw="1" slack="0"/>
<pin id="865" dir="1" index="3" bw="2" slack="0"/>
</pin_list>
<bind>
<opcode="bitconcatenate(1004) " fcode="bitconcatenate"/>
<opset="sel_tmp2/28 "/>
</bind>
</comp>

<comp id="869" class="1004" name="g_fu_869">
<pin_list>
<pin id="870" dir="0" index="0" bw="16" slack="0"/>
<pin id="871" dir="0" index="1" bw="2" slack="0"/>
<pin id="872" dir="0" index="2" bw="16" slack="0"/>
<pin id="873" dir="0" index="3" bw="2" slack="0"/>
<pin id="874" dir="0" index="4" bw="16" slack="0"/>
<pin id="875" dir="0" index="5" bw="2" slack="0"/>
<pin id="876" dir="0" index="6" bw="16" slack="25"/>
<pin id="877" dir="0" index="7" bw="16" slack="0"/>
<pin id="878" dir="0" index="8" bw="2" slack="0"/>
<pin id="879" dir="1" index="9" bw="16" slack="1"/>
</pin_list>
<bind>
<opcode="sparsemux(1197) " fcode="sparsemux"/>
<opset="g/28 "/>
</bind>
</comp>

<comp id="888" class="1004" name="xor_ln46_1_fu_888">
<pin_list>
<pin id="889" dir="0" index="0" bw="1" slack="0"/>
<pin id="890" dir="0" index="1" bw="1" slack="0"/>
<pin id="891" dir="1" index="2" bw="1" slack="0"/>
</pin_list>
<bind>
<opcode="xor(25) " fcode="xor"/>
<opset="xor_ln46_1/39 "/>
</bind>
</comp>

<comp id="894" class="1004" name="and_ln47_1_fu_894">
<pin_list>
<pin id="895" dir="0" index="0" bw="1" slack="0"/>
<pin id="896" dir="0" index="1" bw="1" slack="0"/>
<pin id="897" dir="1" index="2" bw="1" slack="0"/>
</pin_list>
<bind>
<opcode="and(23) " fcode="and"/>
<opset="and_ln47_1/39 "/>
</bind>
</comp>

<comp id="900" class="1004" name="sel_tmp6_fu_900">
<pin_list>
<pin id="901" dir="0" index="0" bw="2" slack="0"/>
<pin id="902" dir="0" index="1" bw="1" slack="0"/>
<pin id="903" dir="0" index="2" bw="1" slack="0"/>
<pin id="904" dir="1" index="3" bw="2" slack="0"/>
</pin_list>
<bind>
<opcode="bitconcatenate(1004) " fcode="bitconcatenate"/>
<opset="sel_tmp6/39 "/>
</bind>
</comp>

<comp id="908" class="1004" name="retval_0_i_fu_908">
<pin_list>
<pin id="909" dir="0" index="0" bw="16" slack="0"/>
<pin id="910" dir="0" index="1" bw="2" slack="0"/>
<pin id="911" dir="0" index="2" bw="16" slack="0"/>
<pin id="912" dir="0" index="3" bw="2" slack="0"/>
<pin id="913" dir="0" index="4" bw="16" slack="0"/>
<pin id="914" dir="0" index="5" bw="2" slack="0"/>
<pin id="915" dir="0" index="6" bw="16" slack="2"/>
<pin id="916" dir="0" index="7" bw="16" slack="0"/>
<pin id="917" dir="0" index="8" bw="2" slack="0"/>
<pin id="918" dir="1" index="9" bw="16" slack="1"/>
</pin_list>
<bind>
<opcode="sparsemux(1197) " fcode="sparsemux"/>
<opset="retval_0_i/39 "/>
</bind>
</comp>

<comp id="927" class="1005" name="phi_urem40_reg_927">
<pin_list>
<pin id="928" dir="0" index="0" bw="6" slack="0"/>
<pin id="929" dir="1" index="1" bw="6" slack="0"/>
</pin_list>
<bind>
<opset="phi_urem40 "/>
</bind>
</comp>

<comp id="934" class="1005" name="j_reg_934">
<pin_list>
<pin id="935" dir="0" index="0" bw="6" slack="0"/>
<pin id="936" dir="1" index="1" bw="6" slack="0"/>
</pin_list>
<bind>
<opset="j "/>
</bind>
</comp>

<comp id="941" class="1005" name="j_7_reg_941">
<pin_list>
<pin id="942" dir="0" index="0" bw="6" slack="1"/>
<pin id="943" dir="1" index="1" bw="6" slack="1"/>
</pin_list>
<bind>
<opset="j_7 "/>
</bind>
</comp>

<comp id="947" class="1005" name="icmp_ln182_reg_947">
<pin_list>
<pin id="948" dir="0" index="0" bw="1" slack="41"/>
<pin id="949" dir="1" index="1" bw="1" slack="2147483647"/>
</pin_list>
<bind>
<opset="icmp_ln182 "/>
</bind>
</comp>

<comp id="951" class="1005" name="zext_ln182_reg_951">
<pin_list>
<pin id="952" dir="0" index="0" bw="64" slack="42"/>
<pin id="953" dir="1" index="1" bw="64" slack="42"/>
</pin_list>
<bind>
<opset="zext_ln182 "/>
</bind>
</comp>

<comp id="956" class="1005" name="trunc_ln144_1_reg_956">
<pin_list>
<pin id="957" dir="0" index="0" bw="3" slack="1"/>
<pin id="958" dir="1" index="1" bw="3" slack="2"/>
</pin_list>
<bind>
<opset="trunc_ln144_1 "/>
</bind>
</comp>

<comp id="964" class="1005" name="c_slice_addr_reg_964">
<pin_list>
<pin id="965" dir="0" index="0" bw="5" slack="1"/>
<pin id="966" dir="1" index="1" bw="5" slack="1"/>
</pin_list>
<bind>
<opset="c_slice_addr "/>
</bind>
</comp>

<comp id="970" class="1005" name="z_addr_reg_970">
<pin_list>
<pin id="971" dir="0" index="0" bw="5" slack="1"/>
<pin id="972" dir="1" index="1" bw="5" slack="1"/>
</pin_list>
<bind>
<opset="z_addr "/>
</bind>
</comp>

<comp id="975" class="1005" name="z_1_addr_reg_975">
<pin_list>
<pin id="976" dir="0" index="0" bw="5" slack="1"/>
<pin id="977" dir="1" index="1" bw="5" slack="1"/>
</pin_list>
<bind>
<opset="z_1_addr "/>
</bind>
</comp>

<comp id="980" class="1005" name="z_2_addr_reg_980">
<pin_list>
<pin id="981" dir="0" index="0" bw="5" slack="1"/>
<pin id="982" dir="1" index="1" bw="5" slack="1"/>
</pin_list>
<bind>
<opset="z_2_addr "/>
</bind>
</comp>

<comp id="985" class="1005" name="z_3_addr_reg_985">
<pin_list>
<pin id="986" dir="0" index="0" bw="5" slack="1"/>
<pin id="987" dir="1" index="1" bw="5" slack="1"/>
</pin_list>
<bind>
<opset="z_3_addr "/>
</bind>
</comp>

<comp id="990" class="1005" name="z_4_addr_reg_990">
<pin_list>
<pin id="991" dir="0" index="0" bw="5" slack="1"/>
<pin id="992" dir="1" index="1" bw="5" slack="1"/>
</pin_list>
<bind>
<opset="z_4_addr "/>
</bind>
</comp>

<comp id="995" class="1005" name="z_addr_1_reg_995">
<pin_list>
<pin id="996" dir="0" index="0" bw="5" slack="1"/>
<pin id="997" dir="1" index="1" bw="5" slack="1"/>
</pin_list>
<bind>
<opset="z_addr_1 "/>
</bind>
</comp>

<comp id="1000" class="1005" name="z_1_addr_1_reg_1000">
<pin_list>
<pin id="1001" dir="0" index="0" bw="5" slack="1"/>
<pin id="1002" dir="1" index="1" bw="5" slack="1"/>
</pin_list>
<bind>
<opset="z_1_addr_1 "/>
</bind>
</comp>

<comp id="1005" class="1005" name="z_2_addr_1_reg_1005">
<pin_list>
<pin id="1006" dir="0" index="0" bw="5" slack="1"/>
<pin id="1007" dir="1" index="1" bw="5" slack="1"/>
</pin_list>
<bind>
<opset="z_2_addr_1 "/>
</bind>
</comp>

<comp id="1010" class="1005" name="z_3_addr_1_reg_1010">
<pin_list>
<pin id="1011" dir="0" index="0" bw="5" slack="1"/>
<pin id="1012" dir="1" index="1" bw="5" slack="1"/>
</pin_list>
<bind>
<opset="z_3_addr_1 "/>
</bind>
</comp>

<comp id="1015" class="1005" name="z_4_addr_1_reg_1015">
<pin_list>
<pin id="1016" dir="0" index="0" bw="5" slack="1"/>
<pin id="1017" dir="1" index="1" bw="5" slack="1"/>
</pin_list>
<bind>
<opset="z_4_addr_1 "/>
</bind>
</comp>

<comp id="1020" class="1005" name="z_addr_2_reg_1020">
<pin_list>
<pin id="1021" dir="0" index="0" bw="5" slack="1"/>
<pin id="1022" dir="1" index="1" bw="5" slack="1"/>
</pin_list>
<bind>
<opset="z_addr_2 "/>
</bind>
</comp>

<comp id="1025" class="1005" name="z_1_addr_2_reg_1025">
<pin_list>
<pin id="1026" dir="0" index="0" bw="5" slack="1"/>
<pin id="1027" dir="1" index="1" bw="5" slack="1"/>
</pin_list>
<bind>
<opset="z_1_addr_2 "/>
</bind>
</comp>

<comp id="1030" class="1005" name="z_2_addr_2_reg_1030">
<pin_list>
<pin id="1031" dir="0" index="0" bw="5" slack="1"/>
<pin id="1032" dir="1" index="1" bw="5" slack="1"/>
</pin_list>
<bind>
<opset="z_2_addr_2 "/>
</bind>
</comp>

<comp id="1035" class="1005" name="z_3_addr_2_reg_1035">
<pin_list>
<pin id="1036" dir="0" index="0" bw="5" slack="1"/>
<pin id="1037" dir="1" index="1" bw="5" slack="1"/>
</pin_list>
<bind>
<opset="z_3_addr_2 "/>
</bind>
</comp>

<comp id="1040" class="1005" name="z_4_addr_2_reg_1040">
<pin_list>
<pin id="1041" dir="0" index="0" bw="5" slack="1"/>
<pin id="1042" dir="1" index="1" bw="5" slack="1"/>
</pin_list>
<bind>
<opset="z_4_addr_2 "/>
</bind>
</comp>

<comp id="1045" class="1005" name="z_addr_3_reg_1045">
<pin_list>
<pin id="1046" dir="0" index="0" bw="5" slack="1"/>
<pin id="1047" dir="1" index="1" bw="5" slack="1"/>
</pin_list>
<bind>
<opset="z_addr_3 "/>
</bind>
</comp>

<comp id="1050" class="1005" name="z_1_addr_3_reg_1050">
<pin_list>
<pin id="1051" dir="0" index="0" bw="5" slack="1"/>
<pin id="1052" dir="1" index="1" bw="5" slack="1"/>
</pin_list>
<bind>
<opset="z_1_addr_3 "/>
</bind>
</comp>

<comp id="1055" class="1005" name="z_2_addr_3_reg_1055">
<pin_list>
<pin id="1056" dir="0" index="0" bw="5" slack="1"/>
<pin id="1057" dir="1" index="1" bw="5" slack="1"/>
</pin_list>
<bind>
<opset="z_2_addr_3 "/>
</bind>
</comp>

<comp id="1060" class="1005" name="z_3_addr_3_reg_1060">
<pin_list>
<pin id="1061" dir="0" index="0" bw="5" slack="1"/>
<pin id="1062" dir="1" index="1" bw="5" slack="1"/>
</pin_list>
<bind>
<opset="z_3_addr_3 "/>
</bind>
</comp>

<comp id="1065" class="1005" name="z_4_addr_3_reg_1065">
<pin_list>
<pin id="1066" dir="0" index="0" bw="5" slack="1"/>
<pin id="1067" dir="1" index="1" bw="5" slack="1"/>
</pin_list>
<bind>
<opset="z_4_addr_3 "/>
</bind>
</comp>

<comp id="1070" class="1005" name="c_slice_load_reg_1070">
<pin_list>
<pin id="1071" dir="0" index="0" bw="16" slack="27"/>
<pin id="1072" dir="1" index="1" bw="16" slack="27"/>
</pin_list>
<bind>
<opset="c_slice_load "/>
</bind>
</comp>

<comp id="1075" class="1005" name="bitcast_ln184_1_reg_1075">
<pin_list>
<pin id="1076" dir="0" index="0" bw="16" slack="1"/>
<pin id="1077" dir="1" index="1" bw="16" slack="1"/>
</pin_list>
<bind>
<opset="bitcast_ln184_1 "/>
</bind>
</comp>

<comp id="1080" class="1005" name="bitcast_ln185_1_reg_1080">
<pin_list>
<pin id="1081" dir="0" index="0" bw="16" slack="1"/>
<pin id="1082" dir="1" index="1" bw="16" slack="1"/>
</pin_list>
<bind>
<opset="bitcast_ln185_1 "/>
</bind>
</comp>

<comp id="1085" class="1005" name="tmp_1_reg_1085">
<pin_list>
<pin id="1086" dir="0" index="0" bw="16" slack="11"/>
<pin id="1087" dir="1" index="1" bw="16" slack="11"/>
</pin_list>
<bind>
<opset="tmp_1 "/>
</bind>
</comp>

<comp id="1090" class="1005" name="x_assign_reg_1090">
<pin_list>
<pin id="1091" dir="0" index="0" bw="16" slack="24"/>
<pin id="1092" dir="1" index="1" bw="16" slack="24"/>
</pin_list>
<bind>
<opset="x_assign "/>
</bind>
</comp>

<comp id="1097" class="1005" name="conv_reg_1097">
<pin_list>
<pin id="1098" dir="0" index="0" bw="32" slack="1"/>
<pin id="1099" dir="1" index="1" bw="32" slack="1"/>
</pin_list>
<bind>
<opset="conv "/>
</bind>
</comp>

<comp id="1102" class="1005" name="conv2_reg_1102">
<pin_list>
<pin id="1103" dir="0" index="0" bw="32" slack="1"/>
<pin id="1104" dir="1" index="1" bw="32" slack="1"/>
</pin_list>
<bind>
<opset="conv2 "/>
</bind>
</comp>

<comp id="1107" class="1005" name="tmp_8_reg_1107">
<pin_list>
<pin id="1108" dir="0" index="0" bw="32" slack="1"/>
<pin id="1109" dir="1" index="1" bw="32" slack="1"/>
</pin_list>
<bind>
<opset="tmp_8 "/>
</bind>
</comp>

<comp id="1112" class="1005" name="tmp_s_reg_1112">
<pin_list>
<pin id="1113" dir="0" index="0" bw="32" slack="1"/>
<pin id="1114" dir="1" index="1" bw="32" slack="1"/>
</pin_list>
<bind>
<opset="tmp_s "/>
</bind>
</comp>

<comp id="1117" class="1005" name="bitcast_ln186_1_reg_1117">
<pin_list>
<pin id="1118" dir="0" index="0" bw="16" slack="1"/>
<pin id="1119" dir="1" index="1" bw="16" slack="1"/>
</pin_list>
<bind>
<opset="bitcast_ln186_1 "/>
</bind>
</comp>

<comp id="1122" class="1005" name="conv4_reg_1122">
<pin_list>
<pin id="1123" dir="0" index="0" bw="32" slack="1"/>
<pin id="1124" dir="1" index="1" bw="32" slack="1"/>
</pin_list>
<bind>
<opset="conv4 "/>
</bind>
</comp>

<comp id="1127" class="1005" name="add5_reg_1127">
<pin_list>
<pin id="1128" dir="0" index="0" bw="32" slack="1"/>
<pin id="1129" dir="1" index="1" bw="32" slack="1"/>
</pin_list>
<bind>
<opset="add5 "/>
</bind>
</comp>

<comp id="1132" class="1005" name="add6_reg_1132">
<pin_list>
<pin id="1133" dir="0" index="0" bw="32" slack="1"/>
<pin id="1134" dir="1" index="1" bw="32" slack="1"/>
</pin_list>
<bind>
<opset="add6 "/>
</bind>
</comp>

<comp id="1137" class="1005" name="tmp_2_reg_1137">
<pin_list>
<pin id="1138" dir="0" index="0" bw="32" slack="1"/>
<pin id="1139" dir="1" index="1" bw="32" slack="1"/>
</pin_list>
<bind>
<opset="tmp_2 "/>
</bind>
</comp>

<comp id="1142" class="1005" name="div_reg_1142">
<pin_list>
<pin id="1143" dir="0" index="0" bw="32" slack="1"/>
<pin id="1144" dir="1" index="1" bw="32" slack="1"/>
</pin_list>
<bind>
<opset="div "/>
</bind>
</comp>

<comp id="1147" class="1005" name="div1_reg_1147">
<pin_list>
<pin id="1148" dir="0" index="0" bw="32" slack="1"/>
<pin id="1149" dir="1" index="1" bw="32" slack="1"/>
</pin_list>
<bind>
<opset="div1 "/>
</bind>
</comp>

<comp id="1152" class="1005" name="add7_reg_1152">
<pin_list>
<pin id="1153" dir="0" index="0" bw="32" slack="1"/>
<pin id="1154" dir="1" index="1" bw="32" slack="1"/>
</pin_list>
<bind>
<opset="add7 "/>
</bind>
</comp>

<comp id="1157" class="1005" name="i_reg_1157">
<pin_list>
<pin id="1158" dir="0" index="0" bw="16" slack="1"/>
<pin id="1159" dir="1" index="1" bw="16" slack="1"/>
</pin_list>
<bind>
<opset="i "/>
</bind>
</comp>

<comp id="1162" class="1005" name="f_reg_1162">
<pin_list>
<pin id="1163" dir="0" index="0" bw="16" slack="1"/>
<pin id="1164" dir="1" index="1" bw="16" slack="1"/>
</pin_list>
<bind>
<opset="f "/>
</bind>
</comp>

<comp id="1167" class="1005" name="g_reg_1167">
<pin_list>
<pin id="1168" dir="0" index="0" bw="16" slack="1"/>
<pin id="1169" dir="1" index="1" bw="16" slack="1"/>
</pin_list>
<bind>
<opset="g "/>
</bind>
</comp>

<comp id="1172" class="1005" name="mul2_reg_1172">
<pin_list>
<pin id="1173" dir="0" index="0" bw="16" slack="1"/>
<pin id="1174" dir="1" index="1" bw="16" slack="1"/>
</pin_list>
<bind>
<opset="mul2 "/>
</bind>
</comp>

<comp id="1177" class="1005" name="mul3_reg_1177">
<pin_list>
<pin id="1178" dir="0" index="0" bw="16" slack="1"/>
<pin id="1179" dir="1" index="1" bw="16" slack="1"/>
</pin_list>
<bind>
<opset="mul3 "/>
</bind>
</comp>

<comp id="1182" class="1005" name="div2_reg_1182">
<pin_list>
<pin id="1183" dir="0" index="0" bw="32" slack="1"/>
<pin id="1184" dir="1" index="1" bw="32" slack="1"/>
</pin_list>
<bind>
<opset="div2 "/>
</bind>
</comp>

<comp id="1187" class="1005" name="c_reg_1187">
<pin_list>
<pin id="1188" dir="0" index="0" bw="16" slack="1"/>
<pin id="1189" dir="1" index="1" bw="16" slack="1"/>
</pin_list>
<bind>
<opset="c "/>
</bind>
</comp>

<comp id="1194" class="1005" name="o_reg_1194">
<pin_list>
<pin id="1195" dir="0" index="0" bw="16" slack="1"/>
<pin id="1196" dir="1" index="1" bw="16" slack="1"/>
</pin_list>
<bind>
<opset="o "/>
</bind>
</comp>

<comp id="1199" class="1005" name="retval_0_i_reg_1199">
<pin_list>
<pin id="1200" dir="0" index="0" bw="16" slack="1"/>
<pin id="1201" dir="1" index="1" bw="16" slack="1"/>
</pin_list>
<bind>
<opset="retval_0_i "/>
</bind>
</comp>

</comp_list>

<net_list>
<net id="111"><net_src comp="14" pin="0"/><net_sink comp="108" pin=0"/></net>

<net id="115"><net_src comp="14" pin="0"/><net_sink comp="112" pin=0"/></net>

<net id="121"><net_src comp="10" pin="0"/><net_sink comp="116" pin=0"/></net>

<net id="122"><net_src comp="24" pin="0"/><net_sink comp="116" pin=1"/></net>

<net id="132"><net_src comp="116" pin="3"/><net_sink comp="123" pin=2"/></net>

<net id="138"><net_src comp="0" pin="0"/><net_sink comp="133" pin=0"/></net>

<net id="139"><net_src comp="24" pin="0"/><net_sink comp="133" pin=1"/></net>

<net id="145"><net_src comp="2" pin="0"/><net_sink comp="140" pin=0"/></net>

<net id="146"><net_src comp="24" pin="0"/><net_sink comp="140" pin=1"/></net>

<net id="152"><net_src comp="4" pin="0"/><net_sink comp="147" pin=0"/></net>

<net id="153"><net_src comp="24" pin="0"/><net_sink comp="147" pin=1"/></net>

<net id="159"><net_src comp="6" pin="0"/><net_sink comp="154" pin=0"/></net>

<net id="160"><net_src comp="24" pin="0"/><net_sink comp="154" pin=1"/></net>

<net id="166"><net_src comp="8" pin="0"/><net_sink comp="161" pin=0"/></net>

<net id="167"><net_src comp="24" pin="0"/><net_sink comp="161" pin=1"/></net>

<net id="173"><net_src comp="133" pin="3"/><net_sink comp="168" pin=0"/></net>

<net id="179"><net_src comp="140" pin="3"/><net_sink comp="174" pin=0"/></net>

<net id="185"><net_src comp="147" pin="3"/><net_sink comp="180" pin=0"/></net>

<net id="191"><net_src comp="154" pin="3"/><net_sink comp="186" pin=0"/></net>

<net id="197"><net_src comp="161" pin="3"/><net_sink comp="192" pin=0"/></net>

<net id="203"><net_src comp="0" pin="0"/><net_sink comp="198" pin=0"/></net>

<net id="204"><net_src comp="24" pin="0"/><net_sink comp="198" pin=1"/></net>

<net id="210"><net_src comp="2" pin="0"/><net_sink comp="205" pin=0"/></net>

<net id="211"><net_src comp="24" pin="0"/><net_sink comp="205" pin=1"/></net>

<net id="217"><net_src comp="4" pin="0"/><net_sink comp="212" pin=0"/></net>

<net id="218"><net_src comp="24" pin="0"/><net_sink comp="212" pin=1"/></net>

<net id="224"><net_src comp="6" pin="0"/><net_sink comp="219" pin=0"/></net>

<net id="225"><net_src comp="24" pin="0"/><net_sink comp="219" pin=1"/></net>

<net id="231"><net_src comp="8" pin="0"/><net_sink comp="226" pin=0"/></net>

<net id="232"><net_src comp="24" pin="0"/><net_sink comp="226" pin=1"/></net>

<net id="233"><net_src comp="198" pin="3"/><net_sink comp="168" pin=0"/></net>

<net id="234"><net_src comp="205" pin="3"/><net_sink comp="174" pin=0"/></net>

<net id="235"><net_src comp="212" pin="3"/><net_sink comp="180" pin=0"/></net>

<net id="236"><net_src comp="219" pin="3"/><net_sink comp="186" pin=0"/></net>

<net id="237"><net_src comp="226" pin="3"/><net_sink comp="192" pin=0"/></net>

<net id="243"><net_src comp="0" pin="0"/><net_sink comp="238" pin=0"/></net>

<net id="244"><net_src comp="24" pin="0"/><net_sink comp="238" pin=1"/></net>

<net id="250"><net_src comp="2" pin="0"/><net_sink comp="245" pin=0"/></net>

<net id="251"><net_src comp="24" pin="0"/><net_sink comp="245" pin=1"/></net>

<net id="257"><net_src comp="4" pin="0"/><net_sink comp="252" pin=0"/></net>

<net id="258"><net_src comp="24" pin="0"/><net_sink comp="252" pin=1"/></net>

<net id="264"><net_src comp="6" pin="0"/><net_sink comp="259" pin=0"/></net>

<net id="265"><net_src comp="24" pin="0"/><net_sink comp="259" pin=1"/></net>

<net id="271"><net_src comp="8" pin="0"/><net_sink comp="266" pin=0"/></net>

<net id="272"><net_src comp="24" pin="0"/><net_sink comp="266" pin=1"/></net>

<net id="273"><net_src comp="238" pin="3"/><net_sink comp="168" pin=0"/></net>

<net id="274"><net_src comp="245" pin="3"/><net_sink comp="174" pin=0"/></net>

<net id="275"><net_src comp="252" pin="3"/><net_sink comp="180" pin=0"/></net>

<net id="276"><net_src comp="259" pin="3"/><net_sink comp="186" pin=0"/></net>

<net id="277"><net_src comp="266" pin="3"/><net_sink comp="192" pin=0"/></net>

<net id="283"><net_src comp="0" pin="0"/><net_sink comp="278" pin=0"/></net>

<net id="284"><net_src comp="24" pin="0"/><net_sink comp="278" pin=1"/></net>

<net id="290"><net_src comp="2" pin="0"/><net_sink comp="285" pin=0"/></net>

<net id="291"><net_src comp="24" pin="0"/><net_sink comp="285" pin=1"/></net>

<net id="297"><net_src comp="4" pin="0"/><net_sink comp="292" pin=0"/></net>

<net id="298"><net_src comp="24" pin="0"/><net_sink comp="292" pin=1"/></net>

<net id="304"><net_src comp="6" pin="0"/><net_sink comp="299" pin=0"/></net>

<net id="305"><net_src comp="24" pin="0"/><net_sink comp="299" pin=1"/></net>

<net id="311"><net_src comp="8" pin="0"/><net_sink comp="306" pin=0"/></net>

<net id="312"><net_src comp="24" pin="0"/><net_sink comp="306" pin=1"/></net>

<net id="313"><net_src comp="278" pin="3"/><net_sink comp="168" pin=0"/></net>

<net id="314"><net_src comp="285" pin="3"/><net_sink comp="174" pin=0"/></net>

<net id="315"><net_src comp="292" pin="3"/><net_sink comp="180" pin=0"/></net>

<net id="316"><net_src comp="299" pin="3"/><net_sink comp="186" pin=0"/></net>

<net id="317"><net_src comp="306" pin="3"/><net_sink comp="192" pin=0"/></net>

<net id="323"><net_src comp="12" pin="0"/><net_sink comp="318" pin=0"/></net>

<net id="324"><net_src comp="24" pin="0"/><net_sink comp="318" pin=1"/></net>

<net id="330"><net_src comp="318" pin="3"/><net_sink comp="325" pin=0"/></net>

<net id="335"><net_src comp="76" pin="0"/><net_sink comp="331" pin=1"/></net>

<net id="340"><net_src comp="76" pin="0"/><net_sink comp="336" pin=1"/></net>

<net id="345"><net_src comp="76" pin="0"/><net_sink comp="341" pin=1"/></net>

<net id="350"><net_src comp="76" pin="0"/><net_sink comp="346" pin=0"/></net>

<net id="355"><net_src comp="76" pin="0"/><net_sink comp="351" pin=0"/></net>

<net id="360"><net_src comp="76" pin="0"/><net_sink comp="356" pin=0"/></net>

<net id="365"><net_src comp="74" pin="0"/><net_sink comp="361" pin=0"/></net>

<net id="370"><net_src comp="74" pin="0"/><net_sink comp="366" pin=0"/></net>

<net id="375"><net_src comp="74" pin="0"/><net_sink comp="371" pin=0"/></net>

<net id="398"><net_src comp="394" pin="2"/><net_sink comp="123" pin=1"/></net>

<net id="411"><net_src comp="407" pin="2"/><net_sink comp="325" pin=1"/></net>

<net id="416"><net_src comp="78" pin="0"/><net_sink comp="412" pin=1"/></net>

<net id="421"><net_src comp="80" pin="0"/><net_sink comp="417" pin=1"/></net>

<net id="426"><net_src comp="78" pin="0"/><net_sink comp="422" pin=1"/></net>

<net id="431"><net_src comp="80" pin="0"/><net_sink comp="427" pin=1"/></net>

<net id="436"><net_src comp="16" pin="0"/><net_sink comp="432" pin=0"/></net>

<net id="441"><net_src comp="16" pin="0"/><net_sink comp="437" pin=0"/></net>

<net id="449"><net_src comp="442" pin="1"/><net_sink comp="445" pin=0"/></net>

<net id="450"><net_src comp="18" pin="0"/><net_sink comp="445" pin=1"/></net>

<net id="455"><net_src comp="442" pin="1"/><net_sink comp="451" pin=0"/></net>

<net id="456"><net_src comp="20" pin="0"/><net_sink comp="451" pin=1"/></net>

<net id="464"><net_src comp="457" pin="1"/><net_sink comp="460" pin=0"/></net>

<net id="465"><net_src comp="20" pin="0"/><net_sink comp="460" pin=1"/></net>

<net id="470"><net_src comp="457" pin="1"/><net_sink comp="466" pin=0"/></net>

<net id="471"><net_src comp="22" pin="0"/><net_sink comp="466" pin=1"/></net>

<net id="477"><net_src comp="466" pin="2"/><net_sink comp="472" pin=0"/></net>

<net id="478"><net_src comp="16" pin="0"/><net_sink comp="472" pin=1"/></net>

<net id="479"><net_src comp="460" pin="2"/><net_sink comp="472" pin=2"/></net>

<net id="483"><net_src comp="442" pin="1"/><net_sink comp="480" pin=0"/></net>

<net id="484"><net_src comp="480" pin="1"/><net_sink comp="116" pin=2"/></net>

<net id="488"><net_src comp="457" pin="1"/><net_sink comp="485" pin=0"/></net>

<net id="493"><net_src comp="451" pin="2"/><net_sink comp="489" pin=0"/></net>

<net id="498"><net_src comp="472" pin="3"/><net_sink comp="494" pin=0"/></net>

<net id="505"><net_src comp="499" pin="1"/><net_sink comp="502" pin=0"/></net>

<net id="510"><net_src comp="502" pin="1"/><net_sink comp="506" pin=0"/></net>

<net id="511"><net_src comp="26" pin="0"/><net_sink comp="506" pin=1"/></net>

<net id="518"><net_src comp="28" pin="0"/><net_sink comp="512" pin=0"/></net>

<net id="519"><net_src comp="506" pin="2"/><net_sink comp="512" pin=1"/></net>

<net id="520"><net_src comp="30" pin="0"/><net_sink comp="512" pin=2"/></net>

<net id="521"><net_src comp="32" pin="0"/><net_sink comp="512" pin=3"/></net>

<net id="525"><net_src comp="512" pin="4"/><net_sink comp="522" pin=0"/></net>

<net id="526"><net_src comp="522" pin="1"/><net_sink comp="133" pin=2"/></net>

<net id="527"><net_src comp="522" pin="1"/><net_sink comp="140" pin=2"/></net>

<net id="528"><net_src comp="522" pin="1"/><net_sink comp="147" pin=2"/></net>

<net id="529"><net_src comp="522" pin="1"/><net_sink comp="154" pin=2"/></net>

<net id="530"><net_src comp="522" pin="1"/><net_sink comp="161" pin=2"/></net>

<net id="536"><net_src comp="34" pin="0"/><net_sink comp="531" pin=0"/></net>

<net id="537"><net_src comp="36" pin="0"/><net_sink comp="531" pin=1"/></net>

<net id="538"><net_src comp="499" pin="1"/><net_sink comp="531" pin=2"/></net>

<net id="542"><net_src comp="531" pin="3"/><net_sink comp="539" pin=0"/></net>

<net id="547"><net_src comp="539" pin="1"/><net_sink comp="543" pin=0"/></net>

<net id="548"><net_src comp="38" pin="0"/><net_sink comp="543" pin=1"/></net>

<net id="555"><net_src comp="40" pin="0"/><net_sink comp="549" pin=0"/></net>

<net id="556"><net_src comp="543" pin="2"/><net_sink comp="549" pin=1"/></net>

<net id="557"><net_src comp="42" pin="0"/><net_sink comp="549" pin=2"/></net>

<net id="558"><net_src comp="44" pin="0"/><net_sink comp="549" pin=3"/></net>

<net id="562"><net_src comp="549" pin="4"/><net_sink comp="559" pin=0"/></net>

<net id="563"><net_src comp="559" pin="1"/><net_sink comp="198" pin=2"/></net>

<net id="564"><net_src comp="559" pin="1"/><net_sink comp="205" pin=2"/></net>

<net id="565"><net_src comp="559" pin="1"/><net_sink comp="212" pin=2"/></net>

<net id="566"><net_src comp="559" pin="1"/><net_sink comp="219" pin=2"/></net>

<net id="567"><net_src comp="559" pin="1"/><net_sink comp="226" pin=2"/></net>

<net id="573"><net_src comp="46" pin="0"/><net_sink comp="568" pin=0"/></net>

<net id="574"><net_src comp="36" pin="0"/><net_sink comp="568" pin=1"/></net>

<net id="578"><net_src comp="568" pin="3"/><net_sink comp="575" pin=0"/></net>

<net id="583"><net_src comp="575" pin="1"/><net_sink comp="579" pin=0"/></net>

<net id="584"><net_src comp="48" pin="0"/><net_sink comp="579" pin=1"/></net>

<net id="591"><net_src comp="50" pin="0"/><net_sink comp="585" pin=0"/></net>

<net id="592"><net_src comp="579" pin="2"/><net_sink comp="585" pin=1"/></net>

<net id="593"><net_src comp="32" pin="0"/><net_sink comp="585" pin=2"/></net>

<net id="594"><net_src comp="52" pin="0"/><net_sink comp="585" pin=3"/></net>

<net id="598"><net_src comp="585" pin="4"/><net_sink comp="595" pin=0"/></net>

<net id="599"><net_src comp="595" pin="1"/><net_sink comp="238" pin=2"/></net>

<net id="600"><net_src comp="595" pin="1"/><net_sink comp="245" pin=2"/></net>

<net id="601"><net_src comp="595" pin="1"/><net_sink comp="252" pin=2"/></net>

<net id="602"><net_src comp="595" pin="1"/><net_sink comp="259" pin=2"/></net>

<net id="603"><net_src comp="595" pin="1"/><net_sink comp="266" pin=2"/></net>

<net id="607"><net_src comp="531" pin="3"/><net_sink comp="604" pin=0"/></net>

<net id="611"><net_src comp="604" pin="1"/><net_sink comp="608" pin=0"/></net>

<net id="616"><net_src comp="608" pin="1"/><net_sink comp="612" pin=0"/></net>

<net id="617"><net_src comp="48" pin="0"/><net_sink comp="612" pin=1"/></net>

<net id="624"><net_src comp="50" pin="0"/><net_sink comp="618" pin=0"/></net>

<net id="625"><net_src comp="612" pin="2"/><net_sink comp="618" pin=1"/></net>

<net id="626"><net_src comp="32" pin="0"/><net_sink comp="618" pin=2"/></net>

<net id="627"><net_src comp="52" pin="0"/><net_sink comp="618" pin=3"/></net>

<net id="631"><net_src comp="618" pin="4"/><net_sink comp="628" pin=0"/></net>

<net id="632"><net_src comp="628" pin="1"/><net_sink comp="278" pin=2"/></net>

<net id="633"><net_src comp="628" pin="1"/><net_sink comp="285" pin=2"/></net>

<net id="634"><net_src comp="628" pin="1"/><net_sink comp="292" pin=2"/></net>

<net id="635"><net_src comp="628" pin="1"/><net_sink comp="299" pin=2"/></net>

<net id="636"><net_src comp="628" pin="1"/><net_sink comp="306" pin=2"/></net>

<net id="652"><net_src comp="54" pin="0"/><net_sink comp="637" pin=0"/></net>

<net id="653"><net_src comp="56" pin="0"/><net_sink comp="637" pin=1"/></net>

<net id="654"><net_src comp="168" pin="3"/><net_sink comp="637" pin=2"/></net>

<net id="655"><net_src comp="58" pin="0"/><net_sink comp="637" pin=3"/></net>

<net id="656"><net_src comp="174" pin="3"/><net_sink comp="637" pin=4"/></net>

<net id="657"><net_src comp="60" pin="0"/><net_sink comp="637" pin=5"/></net>

<net id="658"><net_src comp="180" pin="3"/><net_sink comp="637" pin=6"/></net>

<net id="659"><net_src comp="62" pin="0"/><net_sink comp="637" pin=7"/></net>

<net id="660"><net_src comp="186" pin="3"/><net_sink comp="637" pin=8"/></net>

<net id="661"><net_src comp="64" pin="0"/><net_sink comp="637" pin=9"/></net>

<net id="662"><net_src comp="192" pin="3"/><net_sink comp="637" pin=10"/></net>

<net id="663"><net_src comp="66" pin="0"/><net_sink comp="637" pin=11"/></net>

<net id="667"><net_src comp="637" pin="13"/><net_sink comp="664" pin=0"/></net>

<net id="673"><net_src comp="68" pin="0"/><net_sink comp="668" pin=0"/></net>

<net id="674"><net_src comp="664" pin="1"/><net_sink comp="668" pin=1"/></net>

<net id="675"><net_src comp="70" pin="0"/><net_sink comp="668" pin=2"/></net>

<net id="680"><net_src comp="668" pin="3"/><net_sink comp="676" pin=0"/></net>

<net id="681"><net_src comp="36" pin="0"/><net_sink comp="676" pin=1"/></net>

<net id="685"><net_src comp="664" pin="1"/><net_sink comp="682" pin=0"/></net>

<net id="691"><net_src comp="72" pin="0"/><net_sink comp="686" pin=0"/></net>

<net id="692"><net_src comp="676" pin="2"/><net_sink comp="686" pin=1"/></net>

<net id="693"><net_src comp="682" pin="1"/><net_sink comp="686" pin=2"/></net>

<net id="697"><net_src comp="686" pin="3"/><net_sink comp="694" pin=0"/></net>

<net id="698"><net_src comp="694" pin="1"/><net_sink comp="385" pin=0"/></net>

<net id="714"><net_src comp="54" pin="0"/><net_sink comp="699" pin=0"/></net>

<net id="715"><net_src comp="62" pin="0"/><net_sink comp="699" pin=1"/></net>

<net id="716"><net_src comp="168" pin="3"/><net_sink comp="699" pin=2"/></net>

<net id="717"><net_src comp="64" pin="0"/><net_sink comp="699" pin=3"/></net>

<net id="718"><net_src comp="174" pin="3"/><net_sink comp="699" pin=4"/></net>

<net id="719"><net_src comp="56" pin="0"/><net_sink comp="699" pin=5"/></net>

<net id="720"><net_src comp="180" pin="3"/><net_sink comp="699" pin=6"/></net>

<net id="721"><net_src comp="58" pin="0"/><net_sink comp="699" pin=7"/></net>

<net id="722"><net_src comp="186" pin="3"/><net_sink comp="699" pin=8"/></net>

<net id="723"><net_src comp="60" pin="0"/><net_sink comp="699" pin=9"/></net>

<net id="724"><net_src comp="192" pin="3"/><net_sink comp="699" pin=10"/></net>

<net id="725"><net_src comp="66" pin="0"/><net_sink comp="699" pin=11"/></net>

<net id="729"><net_src comp="699" pin="13"/><net_sink comp="726" pin=0"/></net>

<net id="735"><net_src comp="68" pin="0"/><net_sink comp="730" pin=0"/></net>

<net id="736"><net_src comp="726" pin="1"/><net_sink comp="730" pin=1"/></net>

<net id="737"><net_src comp="70" pin="0"/><net_sink comp="730" pin=2"/></net>

<net id="742"><net_src comp="730" pin="3"/><net_sink comp="738" pin=0"/></net>

<net id="743"><net_src comp="36" pin="0"/><net_sink comp="738" pin=1"/></net>

<net id="747"><net_src comp="726" pin="1"/><net_sink comp="744" pin=0"/></net>

<net id="753"><net_src comp="72" pin="0"/><net_sink comp="748" pin=0"/></net>

<net id="754"><net_src comp="738" pin="2"/><net_sink comp="748" pin=1"/></net>

<net id="755"><net_src comp="744" pin="1"/><net_sink comp="748" pin=2"/></net>

<net id="759"><net_src comp="748" pin="3"/><net_sink comp="756" pin=0"/></net>

<net id="760"><net_src comp="756" pin="1"/><net_sink comp="388" pin=0"/></net>

<net id="776"><net_src comp="54" pin="0"/><net_sink comp="761" pin=0"/></net>

<net id="777"><net_src comp="58" pin="0"/><net_sink comp="761" pin=1"/></net>

<net id="778"><net_src comp="168" pin="3"/><net_sink comp="761" pin=2"/></net>

<net id="779"><net_src comp="60" pin="0"/><net_sink comp="761" pin=3"/></net>

<net id="780"><net_src comp="174" pin="3"/><net_sink comp="761" pin=4"/></net>

<net id="781"><net_src comp="62" pin="0"/><net_sink comp="761" pin=5"/></net>

<net id="782"><net_src comp="180" pin="3"/><net_sink comp="761" pin=6"/></net>

<net id="783"><net_src comp="64" pin="0"/><net_sink comp="761" pin=7"/></net>

<net id="784"><net_src comp="186" pin="3"/><net_sink comp="761" pin=8"/></net>

<net id="785"><net_src comp="56" pin="0"/><net_sink comp="761" pin=9"/></net>

<net id="786"><net_src comp="192" pin="3"/><net_sink comp="761" pin=10"/></net>

<net id="787"><net_src comp="66" pin="0"/><net_sink comp="761" pin=11"/></net>

<net id="803"><net_src comp="54" pin="0"/><net_sink comp="788" pin=0"/></net>

<net id="804"><net_src comp="64" pin="0"/><net_sink comp="788" pin=1"/></net>

<net id="805"><net_src comp="168" pin="3"/><net_sink comp="788" pin=2"/></net>

<net id="806"><net_src comp="56" pin="0"/><net_sink comp="788" pin=3"/></net>

<net id="807"><net_src comp="174" pin="3"/><net_sink comp="788" pin=4"/></net>

<net id="808"><net_src comp="58" pin="0"/><net_sink comp="788" pin=5"/></net>

<net id="809"><net_src comp="180" pin="3"/><net_sink comp="788" pin=6"/></net>

<net id="810"><net_src comp="60" pin="0"/><net_sink comp="788" pin=7"/></net>

<net id="811"><net_src comp="186" pin="3"/><net_sink comp="788" pin=8"/></net>

<net id="812"><net_src comp="62" pin="0"/><net_sink comp="788" pin=9"/></net>

<net id="813"><net_src comp="192" pin="3"/><net_sink comp="788" pin=10"/></net>

<net id="814"><net_src comp="66" pin="0"/><net_sink comp="788" pin=11"/></net>

<net id="823"><net_src comp="68" pin="0"/><net_sink comp="818" pin=0"/></net>

<net id="824"><net_src comp="815" pin="1"/><net_sink comp="818" pin=1"/></net>

<net id="825"><net_src comp="70" pin="0"/><net_sink comp="818" pin=2"/></net>

<net id="830"><net_src comp="818" pin="3"/><net_sink comp="826" pin=0"/></net>

<net id="831"><net_src comp="36" pin="0"/><net_sink comp="826" pin=1"/></net>

<net id="835"><net_src comp="815" pin="1"/><net_sink comp="832" pin=0"/></net>

<net id="841"><net_src comp="72" pin="0"/><net_sink comp="836" pin=0"/></net>

<net id="842"><net_src comp="826" pin="2"/><net_sink comp="836" pin=1"/></net>

<net id="843"><net_src comp="832" pin="1"/><net_sink comp="836" pin=2"/></net>

<net id="847"><net_src comp="836" pin="3"/><net_sink comp="844" pin=0"/></net>

<net id="848"><net_src comp="844" pin="1"/><net_sink comp="391" pin=0"/></net>

<net id="853"><net_src comp="412" pin="2"/><net_sink comp="849" pin=0"/></net>

<net id="854"><net_src comp="36" pin="0"/><net_sink comp="849" pin=1"/></net>

<net id="859"><net_src comp="417" pin="2"/><net_sink comp="855" pin=0"/></net>

<net id="860"><net_src comp="849" pin="2"/><net_sink comp="855" pin=1"/></net>

<net id="866"><net_src comp="82" pin="0"/><net_sink comp="861" pin=0"/></net>

<net id="867"><net_src comp="412" pin="2"/><net_sink comp="861" pin=1"/></net>

<net id="868"><net_src comp="855" pin="2"/><net_sink comp="861" pin=2"/></net>

<net id="880"><net_src comp="84" pin="0"/><net_sink comp="869" pin=0"/></net>

<net id="881"><net_src comp="86" pin="0"/><net_sink comp="869" pin=1"/></net>

<net id="882"><net_src comp="78" pin="0"/><net_sink comp="869" pin=2"/></net>

<net id="883"><net_src comp="88" pin="0"/><net_sink comp="869" pin=3"/></net>

<net id="884"><net_src comp="80" pin="0"/><net_sink comp="869" pin=4"/></net>

<net id="885"><net_src comp="90" pin="0"/><net_sink comp="869" pin=5"/></net>

<net id="886"><net_src comp="66" pin="0"/><net_sink comp="869" pin=7"/></net>

<net id="887"><net_src comp="861" pin="3"/><net_sink comp="869" pin=8"/></net>

<net id="892"><net_src comp="422" pin="2"/><net_sink comp="888" pin=0"/></net>

<net id="893"><net_src comp="36" pin="0"/><net_sink comp="888" pin=1"/></net>

<net id="898"><net_src comp="427" pin="2"/><net_sink comp="894" pin=0"/></net>

<net id="899"><net_src comp="888" pin="2"/><net_sink comp="894" pin=1"/></net>

<net id="905"><net_src comp="82" pin="0"/><net_sink comp="900" pin=0"/></net>

<net id="906"><net_src comp="422" pin="2"/><net_sink comp="900" pin=1"/></net>

<net id="907"><net_src comp="894" pin="2"/><net_sink comp="900" pin=2"/></net>

<net id="919"><net_src comp="84" pin="0"/><net_sink comp="908" pin=0"/></net>

<net id="920"><net_src comp="86" pin="0"/><net_sink comp="908" pin=1"/></net>

<net id="921"><net_src comp="78" pin="0"/><net_sink comp="908" pin=2"/></net>

<net id="922"><net_src comp="88" pin="0"/><net_sink comp="908" pin=3"/></net>

<net id="923"><net_src comp="80" pin="0"/><net_sink comp="908" pin=4"/></net>

<net id="924"><net_src comp="90" pin="0"/><net_sink comp="908" pin=5"/></net>

<net id="925"><net_src comp="66" pin="0"/><net_sink comp="908" pin=7"/></net>

<net id="926"><net_src comp="900" pin="3"/><net_sink comp="908" pin=8"/></net>

<net id="930"><net_src comp="108" pin="1"/><net_sink comp="927" pin=0"/></net>

<net id="931"><net_src comp="927" pin="1"/><net_sink comp="437" pin=1"/></net>

<net id="932"><net_src comp="927" pin="1"/><net_sink comp="457" pin=0"/></net>

<net id="933"><net_src comp="927" pin="1"/><net_sink comp="494" pin=1"/></net>

<net id="937"><net_src comp="112" pin="1"/><net_sink comp="934" pin=0"/></net>

<net id="938"><net_src comp="934" pin="1"/><net_sink comp="432" pin=1"/></net>

<net id="939"><net_src comp="934" pin="1"/><net_sink comp="442" pin=0"/></net>

<net id="940"><net_src comp="934" pin="1"/><net_sink comp="489" pin=1"/></net>

<net id="944"><net_src comp="442" pin="1"/><net_sink comp="941" pin=0"/></net>

<net id="945"><net_src comp="941" pin="1"/><net_sink comp="499" pin=0"/></net>

<net id="946"><net_src comp="941" pin="1"/><net_sink comp="568" pin=2"/></net>

<net id="950"><net_src comp="445" pin="2"/><net_sink comp="947" pin=0"/></net>

<net id="954"><net_src comp="480" pin="1"/><net_sink comp="951" pin=0"/></net>

<net id="955"><net_src comp="951" pin="1"/><net_sink comp="318" pin=2"/></net>

<net id="959"><net_src comp="485" pin="1"/><net_sink comp="956" pin=0"/></net>

<net id="960"><net_src comp="956" pin="1"/><net_sink comp="637" pin=12"/></net>

<net id="961"><net_src comp="956" pin="1"/><net_sink comp="699" pin=12"/></net>

<net id="962"><net_src comp="956" pin="1"/><net_sink comp="761" pin=12"/></net>

<net id="963"><net_src comp="956" pin="1"/><net_sink comp="788" pin=12"/></net>

<net id="967"><net_src comp="116" pin="3"/><net_sink comp="964" pin=0"/></net>

<net id="968"><net_src comp="964" pin="1"/><net_sink comp="123" pin=2"/></net>

<net id="969"><net_src comp="964" pin="1"/><net_sink comp="123" pin=0"/></net>

<net id="973"><net_src comp="133" pin="3"/><net_sink comp="970" pin=0"/></net>

<net id="974"><net_src comp="970" pin="1"/><net_sink comp="168" pin=0"/></net>

<net id="978"><net_src comp="140" pin="3"/><net_sink comp="975" pin=0"/></net>

<net id="979"><net_src comp="975" pin="1"/><net_sink comp="174" pin=0"/></net>

<net id="983"><net_src comp="147" pin="3"/><net_sink comp="980" pin=0"/></net>

<net id="984"><net_src comp="980" pin="1"/><net_sink comp="180" pin=0"/></net>

<net id="988"><net_src comp="154" pin="3"/><net_sink comp="985" pin=0"/></net>

<net id="989"><net_src comp="985" pin="1"/><net_sink comp="186" pin=0"/></net>

<net id="993"><net_src comp="161" pin="3"/><net_sink comp="990" pin=0"/></net>

<net id="994"><net_src comp="990" pin="1"/><net_sink comp="192" pin=0"/></net>

<net id="998"><net_src comp="198" pin="3"/><net_sink comp="995" pin=0"/></net>

<net id="999"><net_src comp="995" pin="1"/><net_sink comp="168" pin=0"/></net>

<net id="1003"><net_src comp="205" pin="3"/><net_sink comp="1000" pin=0"/></net>

<net id="1004"><net_src comp="1000" pin="1"/><net_sink comp="174" pin=0"/></net>

<net id="1008"><net_src comp="212" pin="3"/><net_sink comp="1005" pin=0"/></net>

<net id="1009"><net_src comp="1005" pin="1"/><net_sink comp="180" pin=0"/></net>

<net id="1013"><net_src comp="219" pin="3"/><net_sink comp="1010" pin=0"/></net>

<net id="1014"><net_src comp="1010" pin="1"/><net_sink comp="186" pin=0"/></net>

<net id="1018"><net_src comp="226" pin="3"/><net_sink comp="1015" pin=0"/></net>

<net id="1019"><net_src comp="1015" pin="1"/><net_sink comp="192" pin=0"/></net>

<net id="1023"><net_src comp="238" pin="3"/><net_sink comp="1020" pin=0"/></net>

<net id="1024"><net_src comp="1020" pin="1"/><net_sink comp="168" pin=0"/></net>

<net id="1028"><net_src comp="245" pin="3"/><net_sink comp="1025" pin=0"/></net>

<net id="1029"><net_src comp="1025" pin="1"/><net_sink comp="174" pin=0"/></net>

<net id="1033"><net_src comp="252" pin="3"/><net_sink comp="1030" pin=0"/></net>

<net id="1034"><net_src comp="1030" pin="1"/><net_sink comp="180" pin=0"/></net>

<net id="1038"><net_src comp="259" pin="3"/><net_sink comp="1035" pin=0"/></net>

<net id="1039"><net_src comp="1035" pin="1"/><net_sink comp="186" pin=0"/></net>

<net id="1043"><net_src comp="266" pin="3"/><net_sink comp="1040" pin=0"/></net>

<net id="1044"><net_src comp="1040" pin="1"/><net_sink comp="192" pin=0"/></net>

<net id="1048"><net_src comp="278" pin="3"/><net_sink comp="1045" pin=0"/></net>

<net id="1049"><net_src comp="1045" pin="1"/><net_sink comp="168" pin=0"/></net>

<net id="1053"><net_src comp="285" pin="3"/><net_sink comp="1050" pin=0"/></net>

<net id="1054"><net_src comp="1050" pin="1"/><net_sink comp="174" pin=0"/></net>

<net id="1058"><net_src comp="292" pin="3"/><net_sink comp="1055" pin=0"/></net>

<net id="1059"><net_src comp="1055" pin="1"/><net_sink comp="180" pin=0"/></net>

<net id="1063"><net_src comp="299" pin="3"/><net_sink comp="1060" pin=0"/></net>

<net id="1064"><net_src comp="1060" pin="1"/><net_sink comp="186" pin=0"/></net>

<net id="1068"><net_src comp="306" pin="3"/><net_sink comp="1065" pin=0"/></net>

<net id="1069"><net_src comp="1065" pin="1"/><net_sink comp="192" pin=0"/></net>

<net id="1073"><net_src comp="123" pin="7"/><net_sink comp="1070" pin=0"/></net>

<net id="1074"><net_src comp="1070" pin="1"/><net_sink comp="399" pin=1"/></net>

<net id="1078"><net_src comp="694" pin="1"/><net_sink comp="1075" pin=0"/></net>

<net id="1079"><net_src comp="1075" pin="1"/><net_sink comp="385" pin=0"/></net>

<net id="1083"><net_src comp="756" pin="1"/><net_sink comp="1080" pin=0"/></net>

<net id="1084"><net_src comp="1080" pin="1"/><net_sink comp="388" pin=0"/></net>

<net id="1088"><net_src comp="761" pin="13"/><net_sink comp="1085" pin=0"/></net>

<net id="1089"><net_src comp="1085" pin="1"/><net_sink comp="815" pin=0"/></net>

<net id="1093"><net_src comp="788" pin="13"/><net_sink comp="1090" pin=0"/></net>

<net id="1094"><net_src comp="1090" pin="1"/><net_sink comp="412" pin=0"/></net>

<net id="1095"><net_src comp="1090" pin="1"/><net_sink comp="417" pin=0"/></net>

<net id="1096"><net_src comp="1090" pin="1"/><net_sink comp="869" pin=6"/></net>

<net id="1100"><net_src comp="385" pin="1"/><net_sink comp="1097" pin=0"/></net>

<net id="1101"><net_src comp="1097" pin="1"/><net_sink comp="361" pin=1"/></net>

<net id="1105"><net_src comp="388" pin="1"/><net_sink comp="1102" pin=0"/></net>

<net id="1106"><net_src comp="1102" pin="1"/><net_sink comp="366" pin=1"/></net>

<net id="1110"><net_src comp="361" pin="2"/><net_sink comp="1107" pin=0"/></net>

<net id="1111"><net_src comp="1107" pin="1"/><net_sink comp="331" pin=0"/></net>

<net id="1115"><net_src comp="366" pin="2"/><net_sink comp="1112" pin=0"/></net>

<net id="1116"><net_src comp="1112" pin="1"/><net_sink comp="336" pin=0"/></net>

<net id="1120"><net_src comp="844" pin="1"/><net_sink comp="1117" pin=0"/></net>

<net id="1121"><net_src comp="1117" pin="1"/><net_sink comp="391" pin=0"/></net>

<net id="1125"><net_src comp="391" pin="1"/><net_sink comp="1122" pin=0"/></net>

<net id="1126"><net_src comp="1122" pin="1"/><net_sink comp="371" pin=1"/></net>

<net id="1130"><net_src comp="331" pin="2"/><net_sink comp="1127" pin=0"/></net>

<net id="1131"><net_src comp="1127" pin="1"/><net_sink comp="346" pin=1"/></net>

<net id="1135"><net_src comp="336" pin="2"/><net_sink comp="1132" pin=0"/></net>

<net id="1136"><net_src comp="1132" pin="1"/><net_sink comp="351" pin=1"/></net>

<net id="1140"><net_src comp="371" pin="2"/><net_sink comp="1137" pin=0"/></net>

<net id="1141"><net_src comp="1137" pin="1"/><net_sink comp="341" pin=0"/></net>

<net id="1145"><net_src comp="346" pin="2"/><net_sink comp="1142" pin=0"/></net>

<net id="1146"><net_src comp="1142" pin="1"/><net_sink comp="376" pin=0"/></net>

<net id="1150"><net_src comp="351" pin="2"/><net_sink comp="1147" pin=0"/></net>

<net id="1151"><net_src comp="1147" pin="1"/><net_sink comp="379" pin=0"/></net>

<net id="1155"><net_src comp="341" pin="2"/><net_sink comp="1152" pin=0"/></net>

<net id="1156"><net_src comp="1152" pin="1"/><net_sink comp="356" pin=1"/></net>

<net id="1160"><net_src comp="376" pin="1"/><net_sink comp="1157" pin=0"/></net>

<net id="1161"><net_src comp="1157" pin="1"/><net_sink comp="403" pin=0"/></net>

<net id="1165"><net_src comp="379" pin="1"/><net_sink comp="1162" pin=0"/></net>

<net id="1166"><net_src comp="1162" pin="1"/><net_sink comp="399" pin=0"/></net>

<net id="1170"><net_src comp="869" pin="9"/><net_sink comp="1167" pin=0"/></net>

<net id="1171"><net_src comp="1167" pin="1"/><net_sink comp="403" pin=1"/></net>

<net id="1175"><net_src comp="399" pin="2"/><net_sink comp="1172" pin=0"/></net>

<net id="1176"><net_src comp="1172" pin="1"/><net_sink comp="394" pin=0"/></net>

<net id="1180"><net_src comp="403" pin="2"/><net_sink comp="1177" pin=0"/></net>

<net id="1181"><net_src comp="1177" pin="1"/><net_sink comp="394" pin=1"/></net>

<net id="1185"><net_src comp="356" pin="2"/><net_sink comp="1182" pin=0"/></net>

<net id="1186"><net_src comp="1182" pin="1"/><net_sink comp="382" pin=0"/></net>

<net id="1190"><net_src comp="394" pin="2"/><net_sink comp="1187" pin=0"/></net>

<net id="1191"><net_src comp="1187" pin="1"/><net_sink comp="422" pin=0"/></net>

<net id="1192"><net_src comp="1187" pin="1"/><net_sink comp="427" pin=0"/></net>

<net id="1193"><net_src comp="1187" pin="1"/><net_sink comp="908" pin=6"/></net>

<net id="1197"><net_src comp="382" pin="1"/><net_sink comp="1194" pin=0"/></net>

<net id="1198"><net_src comp="1194" pin="1"/><net_sink comp="407" pin=0"/></net>

<net id="1202"><net_src comp="908" pin="9"/><net_sink comp="1199" pin=0"/></net>

<net id="1203"><net_src comp="1199" pin="1"/><net_sink comp="407" pin=1"/></net>

</net_list>

</model> 
---------------- Datapath Model END ------------------

* FSMD analyzer results:
  - Output states:
	Port: c_slice | {37 }
	Port: h_slice | {43 }
 - Input state : 
	Port: lstm_forward_unidir_Pipeline_Loop2_4LSTM : z | {2 3 }
	Port: lstm_forward_unidir_Pipeline_Loop2_4LSTM : z_1 | {2 3 }
	Port: lstm_forward_unidir_Pipeline_Loop2_4LSTM : z_2 | {2 3 }
	Port: lstm_forward_unidir_Pipeline_Loop2_4LSTM : z_3 | {2 3 }
	Port: lstm_forward_unidir_Pipeline_Loop2_4LSTM : z_4 | {2 3 }
	Port: lstm_forward_unidir_Pipeline_Loop2_4LSTM : c_slice | {1 2 }
  - Chain level:
	State 1
		store_ln144 : 1
		store_ln0 : 1
		j_7 : 1
		icmp_ln182 : 2
		add_ln182 : 2
		br_ln182 : 3
		phi_urem40_load : 1
		add_ln182_1 : 2
		icmp_ln182_1 : 2
		select_ln182 : 3
		zext_ln182 : 2
		trunc_ln144_1 : 2
		c_slice_addr : 3
		c_slice_load : 4
		store_ln144 : 3
		store_ln182 : 4
	State 2
		zext_ln144_1 : 1
		mul_ln144 : 2
		tmp : 3
		zext_ln144 : 4
		z_addr : 5
		z_1_addr : 5
		z_2_addr : 5
		z_3_addr : 5
		z_4_addr : 5
		z_load : 6
		z_1_load : 6
		z_2_load : 6
		z_3_load : 6
		z_4_load : 6
		zext_ln185_1_cast : 1
		zext_ln185_1 : 2
		mul_ln185 : 3
		tmp_3 : 4
		zext_ln185 : 5
		z_addr_1 : 6
		z_1_addr_1 : 6
		z_2_addr_1 : 6
		z_3_addr_1 : 6
		z_4_addr_1 : 6
		z_load_1 : 7
		z_1_load_1 : 7
		z_2_load_1 : 7
		z_3_load_1 : 7
		z_4_load_1 : 7
		zext_ln186_1 : 1
		mul_ln186 : 2
		tmp_4 : 3
		zext_ln186 : 4
		z_addr_2 : 5
		z_1_addr_2 : 5
		z_2_addr_2 : 5
		z_3_addr_2 : 5
		z_4_addr_2 : 5
		z_load_2 : 6
		z_1_load_2 : 6
		z_2_load_2 : 6
		z_3_load_2 : 6
		z_4_load_2 : 6
		sext_ln187 : 2
		zext_ln187_1 : 3
		mul_ln187 : 4
		tmp_5 : 5
		zext_ln187 : 6
		z_addr_3 : 7
		z_1_addr_3 : 7
		z_2_addr_3 : 7
		z_3_addr_3 : 7
		z_4_addr_3 : 7
		z_load_3 : 8
		z_1_load_3 : 8
		z_2_load_3 : 8
		z_3_load_3 : 8
		z_4_load_3 : 8
	State 3
		tmp_7 : 1
		bitcast_ln184 : 2
		bit_sel1 : 3
		xor_ln184 : 4
		trunc_ln184 : 3
		xor_ln : 4
		bitcast_ln184_1 : 5
		conv : 6
		tmp_9 : 1
		bitcast_ln185 : 2
		bit_sel2 : 3
		xor_ln185 : 4
		trunc_ln185 : 3
		xor_ln1 : 4
		bitcast_ln185_1 : 5
		conv2 : 6
		tmp_1 : 1
		x_assign : 1
	State 4
	State 5
	State 6
	State 7
	State 8
	State 9
	State 10
	State 11
	State 12
	State 13
	State 14
		bit_sel : 1
		xor_ln186 : 2
		trunc_ln186 : 1
		xor_ln2 : 2
		bitcast_ln186_1 : 3
		conv4 : 4
	State 15
	State 16
	State 17
	State 18
	State 19
	State 20
	State 21
	State 22
	State 23
	State 24
	State 25
	State 26
	State 27
	State 28
		xor_ln46 : 1
		and_ln47 : 1
		sel_tmp2 : 1
		g : 2
	State 29
	State 30
	State 31
	State 32
	State 33
	State 34
	State 35
	State 36
	State 37
		store_ln190 : 1
	State 38
	State 39
		xor_ln46_1 : 1
		and_ln47_1 : 1
		sel_tmp6 : 1
		retval_0_i : 2
	State 40
	State 41
	State 42
	State 43
		store_ln190 : 1


============================================================
+ Verbose Summary: Datapath Resource usage 
============================================================

* Functional unit list:
|----------|--------------------------|---------|---------|---------|
| Operation|      Functional Unit     |   DSP   |    FF   |   LUT   |
|----------|--------------------------|---------|---------|---------|
|          |        grp_fu_361        |    7    |   324   |   906   |
|   fexp   |        grp_fu_366        |    7    |   324   |   906   |
|          |        grp_fu_371        |    7    |   324   |   906   |
|----------|--------------------------|---------|---------|---------|
|          |        grp_fu_331        |    2    |   227   |   403   |
|   fadd   |        grp_fu_336        |    2    |   227   |   403   |
|          |        grp_fu_341        |    2    |   227   |   403   |
|----------|--------------------------|---------|---------|---------|
|          |        grp_fu_399        |    2    |    91   |    35   |
|   hmul   |        grp_fu_403        |    2    |    91   |    35   |
|          |        grp_fu_407        |    2    |    91   |    35   |
|----------|--------------------------|---------|---------|---------|
|   hadd   |        grp_fu_394        |    2    |   109   |   116   |
|----------|--------------------------|---------|---------|---------|
|          |     mul_ln144_fu_506     |    0    |    0    |    30   |
|    mul   |     mul_ln185_fu_543     |    0    |    0    |    40   |
|          |     mul_ln186_fu_579     |    0    |    0    |    50   |
|          |     mul_ln187_fu_612     |    0    |    0    |    50   |
|----------|--------------------------|---------|---------|---------|
|          |       tmp_7_fu_637       |    0    |    0    |    21   |
|          |       tmp_9_fu_699       |    0    |    0    |    21   |
| sparsemux|       tmp_1_fu_761       |    0    |    0    |    21   |
|          |      x_assign_fu_788     |    0    |    0    |    21   |
|          |         g_fu_869         |    0    |    0    |    9    |
|          |     retval_0_i_fu_908    |    0    |    0    |    9    |
|----------|--------------------------|---------|---------|---------|
|   icmp   |     icmp_ln182_fu_445    |    0    |    0    |    14   |
|          |    icmp_ln182_1_fu_466   |    0    |    0    |    14   |
|----------|--------------------------|---------|---------|---------|
|    add   |     add_ln182_fu_451     |    0    |    0    |    14   |
|          |    add_ln182_1_fu_460    |    0    |    0    |    14   |
|----------|--------------------------|---------|---------|---------|
|          |     xor_ln184_fu_676     |    0    |    0    |    2    |
|          |     xor_ln185_fu_738     |    0    |    0    |    2    |
|    xor   |     xor_ln186_fu_826     |    0    |    0    |    2    |
|          |      xor_ln46_fu_849     |    0    |    0    |    2    |
|          |     xor_ln46_1_fu_888    |    0    |    0    |    2    |
|----------|--------------------------|---------|---------|---------|
|  select  |    select_ln182_fu_472   |    0    |    0    |    6    |
|----------|--------------------------|---------|---------|---------|
|    and   |      and_ln47_fu_855     |    0    |    0    |    2    |
|          |     and_ln47_1_fu_894    |    0    |    0    |    2    |
|----------|--------------------------|---------|---------|---------|
|          |        grp_fu_346        |    0    |    0    |    0    |
|   fdiv   |        grp_fu_351        |    0    |    0    |    0    |
|          |        grp_fu_356        |    0    |    0    |    0    |
|----------|--------------------------|---------|---------|---------|
|          |        grp_fu_376        |    0    |    0    |    0    |
|  sptohp  |        grp_fu_379        |    0    |    0    |    0    |
|          |        grp_fu_382        |    0    |    0    |    0    |
|----------|--------------------------|---------|---------|---------|
|          |        grp_fu_385        |    0    |    0    |    0    |
|  hptosp  |        grp_fu_388        |    0    |    0    |    0    |
|          |        grp_fu_391        |    0    |    0    |    0    |
|----------|--------------------------|---------|---------|---------|
|          |        grp_fu_412        |    0    |    0    |    0    |
|   hcmp   |        grp_fu_417        |    0    |    0    |    0    |
|          |        grp_fu_422        |    0    |    0    |    0    |
|          |        grp_fu_427        |    0    |    0    |    0    |
|----------|--------------------------|---------|---------|---------|
|          |     zext_ln182_fu_480    |    0    |    0    |    0    |
|          |    zext_ln144_1_fu_502   |    0    |    0    |    0    |
|          |     zext_ln144_fu_522    |    0    |    0    |    0    |
|          |    zext_ln185_1_fu_539   |    0    |    0    |    0    |
|   zext   |     zext_ln185_fu_559    |    0    |    0    |    0    |
|          |    zext_ln186_1_fu_575   |    0    |    0    |    0    |
|          |     zext_ln186_fu_595    |    0    |    0    |    0    |
|          |    zext_ln187_1_fu_608   |    0    |    0    |    0    |
|          |     zext_ln187_fu_628    |    0    |    0    |    0    |
|----------|--------------------------|---------|---------|---------|
|          |   trunc_ln144_1_fu_485   |    0    |    0    |    0    |
|          |    trunc_ln144_fu_499    |    0    |    0    |    0    |
|   trunc  |    trunc_ln184_fu_682    |    0    |    0    |    0    |
|          |    trunc_ln185_fu_744    |    0    |    0    |    0    |
|          |    trunc_ln186_fu_832    |    0    |    0    |    0    |
|----------|--------------------------|---------|---------|---------|
|          |        tmp_fu_512        |    0    |    0    |    0    |
|partselect|       tmp_3_fu_549       |    0    |    0    |    0    |
|          |       tmp_4_fu_585       |    0    |    0    |    0    |
|          |       tmp_5_fu_618       |    0    |    0    |    0    |
|----------|--------------------------|---------|---------|---------|
|          | zext_ln185_1_cast_fu_531 |    0    |    0    |    0    |
|          | zext_ln186_1_cast_fu_568 |    0    |    0    |    0    |
|          |       xor_ln_fu_686      |    0    |    0    |    0    |
|bitconcatenate|      xor_ln1_fu_748      |    0    |    0    |    0    |
|          |      xor_ln2_fu_836      |    0    |    0    |    0    |
|          |      sel_tmp2_fu_861     |    0    |    0    |    0    |
|          |      sel_tmp6_fu_900     |    0    |    0    |    0    |
|----------|--------------------------|---------|---------|---------|
|   sext   |     sext_ln187_fu_604    |    0    |    0    |    0    |
|----------|--------------------------|---------|---------|---------|
|          |      bit_sel1_fu_668     |    0    |    0    |    0    |
| bitselect|      bit_sel2_fu_730     |    0    |    0    |    0    |
|          |      bit_sel_fu_818      |    0    |    0    |    0    |
|----------|--------------------------|---------|---------|---------|
|   Total  |                          |    35   |   2035  |   4496  |
|----------|--------------------------|---------|---------|---------|

Memories:
N/A

* Register list:
+------------------------+--------+
|                        |   FF   |
+------------------------+--------+
|      add5_reg_1127     |   32   |
|      add6_reg_1132     |   32   |
|      add7_reg_1152     |   32   |
|bitcast_ln184_1_reg_1075|   16   |
|bitcast_ln185_1_reg_1080|   16   |
|bitcast_ln186_1_reg_1117|   16   |
|       c_reg_1187       |   16   |
|  c_slice_addr_reg_964  |    5   |
|  c_slice_load_reg_1070 |   16   |
|     conv2_reg_1102     |   32   |
|     conv4_reg_1122     |   32   |
|      conv_reg_1097     |   32   |
|      div1_reg_1147     |   32   |
|      div2_reg_1182     |   32   |
|      div_reg_1142      |   32   |
|       f_reg_1162       |   16   |
|       g_reg_1167       |   16   |
|       i_reg_1157       |   16   |
|   icmp_ln182_reg_947   |    1   |
|       j_7_reg_941      |    6   |
|        j_reg_934       |    6   |
|      mul2_reg_1172     |   16   |
|      mul3_reg_1177     |   16   |
|       o_reg_1194       |   16   |
|   phi_urem40_reg_927   |    6   |
|   retval_0_i_reg_1199  |   16   |
|     tmp_1_reg_1085     |   16   |
|     tmp_2_reg_1137     |   32   |
|     tmp_8_reg_1107     |   32   |
|     tmp_s_reg_1112     |   32   |
|  trunc_ln144_1_reg_956 |    3   |
|    x_assign_reg_1090   |   16   |
|   z_1_addr_1_reg_1000  |    5   |
|   z_1_addr_2_reg_1025  |    5   |
|   z_1_addr_3_reg_1050  |    5   |
|    z_1_addr_reg_975    |    5   |
|   z_2_addr_1_reg_1005  |    5   |
|   z_2_addr_2_reg_1030  |    5   |
|   z_2_addr_3_reg_1055  |    5   |
|    z_2_addr_reg_980    |    5   |
|   z_3_addr_1_reg_1010  |    5   |
|   z_3_addr_2_reg_1035  |    5   |
|   z_3_addr_3_reg_1060  |    5   |
|    z_3_addr_reg_985    |    5   |
|   z_4_addr_1_reg_1015  |    5   |
|   z_4_addr_2_reg_1040  |    5   |
|   z_4_addr_3_reg_1065  |    5   |
|    z_4_addr_reg_990    |    5   |
|    z_addr_1_reg_995    |    5   |
|    z_addr_2_reg_1020   |    5   |
|    z_addr_3_reg_1045   |    5   |
|     z_addr_reg_970     |    5   |
|   zext_ln182_reg_951   |   64   |
+------------------------+--------+
|          Total         |   799  |
+------------------------+--------+

* Multiplexer (MUX) list: 
|-------------------|------|------|------|--------||---------||---------||---------|
|        Comp       |  Pin | Size |  BW  | S x BW ||  Delay  ||    FF   ||   LUT   |
|-------------------|------|------|------|--------||---------||---------||---------|
| grp_access_fu_123 |  p2  |   2  |   0  |    0   ||    0    ||    9    |
| grp_access_fu_168 |  p0  |   8  |   5  |   40   ||    0    ||    33   |
| grp_access_fu_174 |  p0  |   8  |   5  |   40   ||    0    ||    33   |
| grp_access_fu_180 |  p0  |   8  |   5  |   40   ||    0    ||    33   |
| grp_access_fu_186 |  p0  |   8  |   5  |   40   ||    0    ||    33   |
| grp_access_fu_192 |  p0  |   8  |   5  |   40   ||    0    ||    33   |
|     grp_fu_385    |  p0  |   2  |  16  |   32   ||    0    ||    9    |
|     grp_fu_388    |  p0  |   2  |  16  |   32   ||    0    ||    9    |
|     grp_fu_391    |  p0  |   2  |  16  |   32   ||    0    ||    9    |
|-------------------|------|------|------|--------||---------||---------||---------|
|       Total       |      |      |      |   296  || 11.0704 ||    0    ||   201   |
|-------------------|------|------|------|--------||---------||---------||---------|



* Summary:
+-----------+--------+--------+--------+--------+
|           |   DSP  |  Delay |   FF   |   LUT  |
+-----------+--------+--------+--------+--------+
|  Function |   35   |    -   |  2035  |  4496  |
|   Memory  |    -   |    -   |    -   |    -   |
|Multiplexer|    -   |   11   |    0   |   201  |
|  Register |    -   |    -   |   799  |    -   |
+-----------+--------+--------+--------+--------+
|   Total   |   35   |   11   |  2834  |  4697  |
+-----------+--------+--------+--------+--------+
