

================================================================
== Vitis HLS Report for 'run_model'
================================================================
* Date:           Mon Sep 15 15:50:18 2025

* Version:        2024.2 (Build 5238294 on Nov  8 2024)
* Project:        run_model
* Solution:       hls (Vivado IP Flow Target)
* Product family: zynq
* Target device:  xc7z020-clg400-3


================================================================
== Performance Estimates
================================================================
+ Timing: 
    * Summary: 
    +--------+----------+----------+------------+
    |  Clock |  Target  | Estimated| Uncertainty|
    +--------+----------+----------+------------+
    |ap_clk  |  10.00 ns|  7.847 ns|     2.00 ns|
    +--------+----------+----------+------------+

+ Latency: 
    * Summary: 
    +----------+----------+-----------+-----------+----------+----------+---------+
    |   Latency (cycles)  |   Latency (absolute)  |       Interval      | Pipeline|
    |    min   |    max   |    min    |    max    |    min   |    max   |   Type  |
    +----------+----------+-----------+-----------+----------+----------+---------+
    |  40163807|  40208087|  0.402 sec|  0.402 sec|  40163808|  40208088|       no|
    +----------+----------+-----------+-----------+----------+----------+---------+

    + Detail: 
        * Instance: 
        +-----------------------------------------+------------------------------+----------+----------+-----------+-----------+----------+----------+------------------------------------------------+
        |                                         |                              |   Latency (cycles)  |   Latency (absolute)  |       Interval      |                    Pipeline                    |
        |                 Instance                |            Module            |    min   |    max   |    min    |    max    |    min   |    max   |                      Type                      |
        +-----------------------------------------+------------------------------+----------+----------+-----------+-----------+----------+----------+------------------------------------------------+
        |grp_run_all_slices_unrolled_fu_263       |run_all_slices_unrolled       |  40081252|  40125532|  0.401 sec|  0.401 sec|  40081252|  40125532|                                              no|
        |grp_run_model_Pipeline_Loop_BN_fu_331    |run_model_Pipeline_Loop_BN    |       170|       170|   1.700 us|   1.700 us|       129|       129|  loop auto-rewind stp (delay=0 clock cycles(s))|
        |grp_run_model_Pipeline_ReLULoop1_fu_340  |run_model_Pipeline_ReLULoop1  |       134|       134|   1.340 us|   1.340 us|       129|       129|  loop auto-rewind stp (delay=0 clock cycles(s))|
        |grp_run_model_Pipeline_Loop_BN1_fu_345   |run_model_Pipeline_Loop_BN1   |       170|       170|   1.700 us|   1.700 us|       129|       129|  loop auto-rewind stp (delay=0 clock cycles(s))|
        |grp_run_model_Pipeline_ReLULoop2_fu_354  |run_model_Pipeline_ReLULoop2  |       134|       134|   1.340 us|   1.340 us|       129|       129|  loop auto-rewind stp (delay=0 clock cycles(s))|
        +-----------------------------------------+------------------------------+----------+----------+-----------+-----------+----------+----------+------------------------------------------------+

        * Loop: 
        +---------------------------------+---------+---------+----------+-----------+-----------+-------+----------+
        |                                 |  Latency (cycles) | Iteration|  Initiation Interval  |  Trip |          |
        |            Loop Name            |   min   |   max   |  Latency |  achieved |   target  | Count | Pipelined|
        +---------------------------------+---------+---------+----------+-----------+-----------+-------+----------+
        |- OuterLoopDense_InnerLoopDense  |    16392|    16392|        13|          4|          1|   4096|       yes|
        |- OuterLoopDense_InnerLoopDense  |    65544|    65544|        13|          4|          1|  16384|       yes|
        +---------------------------------+---------+---------+----------+-----------+-----------+-------+----------+



================================================================
== Utilization Estimates
================================================================
* Summary: 
+-----------------+---------+-----+--------+-------+-----+
|       Name      | BRAM_18K| DSP |   FF   |  LUT  | URAM|
+-----------------+---------+-----+--------+-------+-----+
|DSP              |        -|    -|       -|      -|    -|
|Expression       |        -|    -|       0|    315|    -|
|FIFO             |        -|    -|       -|      -|    -|
|Instance         |      137|   55|   22297|  24706|    0|
|Memory           |       22|    -|     160|      8|    0|
|Multiplexer      |        -|    -|       0|    859|    -|
|Register         |        -|    -|     431|    128|    -|
+-----------------+---------+-----+--------+-------+-----+
|Total            |      159|   55|   22888|  26016|    0|
+-----------------+---------+-----+--------+-------+-----+
|Available        |      280|  220|  106400|  53200|    0|
+-----------------+---------+-----+--------+-------+-----+
|Utilization (%)  |       56|   25|      21|     48|    0|
+-----------------+---------+-----+--------+-------+-----+

+ Detail: 
    * Instance: 
    +-----------------------------------------+--------------------------------+---------+----+-------+-------+-----+
    |                 Instance                |             Module             | BRAM_18K| DSP|   FF  |  LUT  | URAM|
    +-----------------------------------------+--------------------------------+---------+----+-------+-------+-----+
    |fdiv_32ns_32ns_32_10_no_dsp_1_U758       |fdiv_32ns_32ns_32_10_no_dsp_1   |        0|   0|      0|      0|    0|
    |fsqrt_32ns_32ns_32_10_no_dsp_1_U759      |fsqrt_32ns_32ns_32_10_no_dsp_1  |        0|   0|      0|      0|    0|
    |hadd_16ns_16ns_16_5_full_dsp_1_U754      |hadd_16ns_16ns_16_5_full_dsp_1  |        0|   2|    109|    116|    0|
    |hadd_16ns_16ns_16_5_full_dsp_1_U756      |hadd_16ns_16ns_16_5_full_dsp_1  |        0|   2|    109|    116|    0|
    |hcmp_16ns_16ns_1_2_no_dsp_1_U757         |hcmp_16ns_16ns_1_2_no_dsp_1     |        0|   0|      0|      0|    0|
    |hmul_16ns_16ns_16_4_max_dsp_1_U755       |hmul_16ns_16ns_16_4_max_dsp_1   |        0|   2|     91|     35|    0|
    |hptosp_16ns_32_2_no_dsp_1_U761           |hptosp_16ns_32_2_no_dsp_1       |        0|   0|      0|      0|    0|
    |hptosp_16ns_32_2_no_dsp_1_U762           |hptosp_16ns_32_2_no_dsp_1       |        0|   0|      0|      0|    0|
    |grp_run_all_slices_unrolled_fu_263       |run_all_slices_unrolled         |      133|  49|  20812|  23939|    0|
    |grp_run_model_Pipeline_Loop_BN_fu_331    |run_model_Pipeline_Loop_BN      |        2|   0|    482|    133|    0|
    |grp_run_model_Pipeline_Loop_BN1_fu_345   |run_model_Pipeline_Loop_BN1     |        2|   0|    482|    133|    0|
    |grp_run_model_Pipeline_ReLULoop1_fu_340  |run_model_Pipeline_ReLULoop1    |        0|   0|    106|    117|    0|
    |grp_run_model_Pipeline_ReLULoop2_fu_354  |run_model_Pipeline_ReLULoop2    |        0|   0|    106|    117|    0|
    |sptohp_32ns_16_2_no_dsp_1_U760           |sptohp_32ns_16_2_no_dsp_1       |        0|   0|      0|      0|    0|
    +-----------------------------------------+--------------------------------+---------+----+-------+-------+-----+
    |Total                                    |                                |      137|  55|  22297|  24706|    0|
    +-----------------------------------------+--------------------------------+---------+----+-------+-------+-----+

    * DSP: 
    N/A

    * Memory: 
    +----------+----------------------+---------+----+----+-----+-------+-----+------+-------------+
    |  Memory  |        Module        | BRAM_18K| FF | LUT| URAM| Words | Bits| Banks| W*Bits*Banks|
    +----------+----------------------+---------+----+----+-----+-------+-----+------+-------------+
    |fc_0_W_U  |fc_0_W_ROM_AUTO_3R    |        4|  32|   0|    0|   4096|   16|     1|        65536|
    |fc_1_W_U  |fc_1_W_ROM_AUTO_3R    |       16|  32|   0|    0|  16384|   16|     1|       262144|
    |merged_U  |merged_RAM_AUTO_1R1W  |        0|  32|   8|    0|     32|   16|     1|          512|
    |z0_U      |z0_RAM_AUTO_3R2W      |        1|  32|   0|    0|    128|   16|     1|         2048|
    |z1_U      |z1_RAM_AUTO_3R2W      |        1|  32|   0|    0|    128|   16|     1|         2048|
    +----------+----------------------+---------+----+----+-----+-------+-----+------+-------------+
    |Total     |                      |       22| 160|   8|    0|  20768|   80|     5|       332288|
    +----------+----------------------+---------+----+----+-----+-------+-----+------+-------------+

    * FIFO: 
    N/A

    * Expression: 
    +--------------------------+----------+----+---+----+------------+------------+
    |       Variable Name      | Operation| DSP| FF| LUT| Bitwidth P0| Bitwidth P1|
    +--------------------------+----------+----+---+----+------------+------------+
    |add_ln209_1_fu_438_p2     |         +|   0|  0|  15|           8|           1|
    |add_ln209_2_fu_561_p2     |         +|   0|  0|  22|          15|           1|
    |add_ln209_3_fu_587_p2     |         +|   0|  0|  15|           8|           1|
    |add_ln209_fu_412_p2       |         +|   0|  0|  20|          13|           1|
    |add_ln212_1_fu_638_p2     |         +|   0|  0|  15|           8|           1|
    |add_ln212_fu_489_p2       |         +|   0|  0|  14|           6|           1|
    |add_ln214_1_fu_627_p2     |         +|   0|  0|  21|          14|          14|
    |add_ln214_fu_478_p2       |         +|   0|  0|  19|          12|          12|
    |icmp_ln209_1_fu_555_p2    |      icmp|   0|  0|  23|          15|          16|
    |icmp_ln209_fu_406_p2      |      icmp|   0|  0|  21|          13|          14|
    |icmp_ln212_1_fu_495_p2    |      icmp|   0|  0|  14|           6|           7|
    |icmp_ln212_2_fu_573_p2    |      icmp|   0|  0|  16|           8|           9|
    |icmp_ln212_3_fu_644_p2    |      icmp|   0|  0|  16|           8|           9|
    |icmp_ln212_fu_424_p2      |      icmp|   0|  0|  14|           6|           7|
    |z0_we0                    |        or|   0|  0|   2|           1|           1|
    |z1_we0                    |        or|   0|  0|   2|           1|           1|
    |select_ln209_1_fu_593_p3  |    select|   0|  0|   8|           1|           8|
    |select_ln209_fu_444_p3    |    select|   0|  0|   8|           1|           8|
    |select_ln210_1_fu_519_p3  |    select|   0|  0|  16|           1|           1|
    |select_ln210_2_fu_579_p3  |    select|   0|  0|   8|           1|           1|
    |select_ln210_3_fu_668_p3  |    select|   0|  0|  16|           1|           1|
    |select_ln210_fu_430_p3    |    select|   0|  0|   6|           1|           1|
    |ap_enable_pp0             |       xor|   0|  0|   2|           1|           2|
    |ap_enable_pp1             |       xor|   0|  0|   2|           1|           2|
    +--------------------------+----------+----+---+----+------------+------------+
    |Total                     |          |   0|  0| 315|         150|         120|
    +--------------------------+----------+----+---+----+------------+------------+

    * Multiplexer: 
    +-----------------------------+----+-----------+-----+-----------+
    |             Name            | LUT| Input Size| Bits| Total Bits|
    +-----------------------------+----+-----------+-----+-----------+
    |acc_2_fu_180                 |   9|          2|   16|         32|
    |acc_fu_152                   |   9|          2|   16|         32|
    |ap_NS_fsm                    |  93|         19|    1|         19|
    |ap_enable_reg_pp0_iter3      |   9|          2|    1|          2|
    |ap_enable_reg_pp1_iter3      |   9|          2|    1|          2|
    |ap_sig_allocacmp_acc_2_load  |   9|          2|   16|         32|
    |ap_sig_allocacmp_acc_load    |   9|          2|   16|         32|
    |grp_fu_359_ce                |  17|          4|    1|          4|
    |grp_fu_359_p0                |  25|          6|   16|         96|
    |grp_fu_359_p1                |  21|          5|   16|         80|
    |grp_fu_365_ce                |  17|          4|    1|          4|
    |grp_fu_365_p0                |  25|          6|   16|         96|
    |grp_fu_365_p1                |  25|          6|   16|         96|
    |grp_fu_823_ce                |  17|          4|    1|          4|
    |grp_fu_823_p0                |  17|          4|   16|         64|
    |grp_fu_823_p1                |  17|          4|   16|         64|
    |grp_fu_827_ce                |  17|          4|    1|          4|
    |grp_fu_827_opcode            |  17|          4|    5|         20|
    |grp_fu_827_p0                |  17|          4|   16|         64|
    |grp_fu_827_p1                |  17|          4|   16|         64|
    |grp_fu_831_ce                |  17|          4|    1|          4|
    |grp_fu_831_p0                |  17|          4|   32|        128|
    |grp_fu_831_p1                |  17|          4|   32|        128|
    |grp_fu_835_ce                |  17|          4|    1|          4|
    |grp_fu_835_p0                |  17|          4|   32|        128|
    |grp_fu_835_p1                |  17|          4|   32|        128|
    |grp_fu_839_ce                |  17|          4|    1|          4|
    |grp_fu_839_p0                |  17|          4|   32|        128|
    |grp_fu_842_ce                |  17|          4|    1|          4|
    |grp_fu_842_p0                |  17|          4|   16|         64|
    |grp_fu_845_ce                |  17|          4|    1|          4|
    |grp_fu_845_p0                |  17|          4|   16|         64|
    |i_1_fu_184                   |   9|          2|    8|         16|
    |i_fu_156                     |   9|          2|    6|         12|
    |indvar_flatten6_fu_192       |   9|          2|   15|         30|
    |indvar_flatten_fu_164        |   9|          2|   13|         26|
    |j_2_fu_160                   |   9|          2|    8|         16|
    |j_fu_188                     |   9|          2|    8|         16|
    |merged_address0              |   9|          2|    5|         10|
    |merged_ce0                   |   9|          2|    1|          2|
    |merged_ce1                   |   9|          2|    1|          2|
    |merged_we0                   |   9|          2|    1|          2|
    |z0_address0                  |  13|          3|    7|         21|
    |z0_address0_local            |  13|          3|    7|         21|
    |z0_address1                  |  13|          3|    7|         21|
    |z0_ce0                       |  13|          3|    1|          3|
    |z0_ce1                       |  13|          3|    1|          3|
    |z0_d0                        |  13|          3|   16|         48|
    |z0_we0                       |  13|          3|    1|          3|
    |z1_address0                  |  13|          3|    7|         21|
    |z1_address1                  |  13|          3|    7|         21|
    |z1_ce0                       |  13|          3|    1|          3|
    |z1_ce1                       |  13|          3|    1|          3|
    |z1_d0                        |  13|          3|   16|         48|
    |z1_we0                       |  13|          3|    1|          3|
    +-----------------------------+----+-----------+-----+-----------+
    |Total                        | 859|        197|  540|       1950|
    +-----------------------------+----+-----------+-----+-----------+

    * Register: 
    +------------------------------------------------------+----+----+-----+-----------+
    |                         Name                         | FF | LUT| Bits| Const Bits|
    +------------------------------------------------------+----+----+-----+-----------+
    |acc_2_fu_180                                          |  16|   0|   16|          0|
    |acc_fu_152                                            |  16|   0|   16|          0|
    |ap_CS_fsm                                             |  18|   0|   18|          0|
    |ap_enable_reg_pp0_iter0                               |   1|   0|    1|          0|
    |ap_enable_reg_pp0_iter0_reg                           |   1|   0|    1|          0|
    |ap_enable_reg_pp0_iter1                               |   1|   0|    1|          0|
    |ap_enable_reg_pp0_iter2                               |   1|   0|    1|          0|
    |ap_enable_reg_pp0_iter3                               |   1|   0|    1|          0|
    |ap_enable_reg_pp1_iter0                               |   1|   0|    1|          0|
    |ap_enable_reg_pp1_iter0_reg                           |   1|   0|    1|          0|
    |ap_enable_reg_pp1_iter1                               |   1|   0|    1|          0|
    |ap_enable_reg_pp1_iter2                               |   1|   0|    1|          0|
    |ap_enable_reg_pp1_iter3                               |   1|   0|    1|          0|
    |grp_run_all_slices_unrolled_fu_263_ap_start_reg       |   1|   0|    1|          0|
    |grp_run_model_Pipeline_Loop_BN1_fu_345_ap_start_reg   |   1|   0|    1|          0|
    |grp_run_model_Pipeline_Loop_BN_fu_331_ap_start_reg    |   1|   0|    1|          0|
    |grp_run_model_Pipeline_ReLULoop1_fu_340_ap_start_reg  |   1|   0|    1|          0|
    |grp_run_model_Pipeline_ReLULoop2_fu_354_ap_start_reg  |   1|   0|    1|          0|
    |i_1_fu_184                                            |   8|   0|    8|          0|
    |i_fu_156                                              |   6|   0|    6|          0|
    |icmp_ln212_1_reg_728                                  |   1|   0|    1|          0|
    |icmp_ln212_2_reg_784                                  |   1|   0|    1|          0|
    |icmp_ln212_2_reg_784_pp1_iter1_reg                    |   1|   0|    1|          0|
    |icmp_ln212_3_reg_799                                  |   1|   0|    1|          0|
    |icmp_ln212_reg_713                                    |   1|   0|    1|          0|
    |icmp_ln212_reg_713_pp0_iter1_reg                      |   1|   0|    1|          0|
    |indvar_flatten6_fu_192                                |  15|   0|   15|          0|
    |indvar_flatten_fu_164                                 |  13|   0|   13|          0|
    |j_2_fu_160                                            |   8|   0|    8|          0|
    |j_fu_188                                              |   8|   0|    8|          0|
    |reg_372                                               |  16|   0|   16|          0|
    |x_load_reg_737                                        |  16|   0|   16|          0|
    |y_addr_reg_732                                        |   7|   0|    7|          0|
    |z1_addr_reg_803                                       |   7|   0|    7|          0|
    |icmp_ln212_1_reg_728                                  |  64|  32|    1|          0|
    |icmp_ln212_3_reg_799                                  |  64|  32|    1|          0|
    |y_addr_reg_732                                        |  64|  32|    7|          0|
    |z1_addr_reg_803                                       |  64|  32|    7|          0|
    +------------------------------------------------------+----+----+-----+-----------+
    |Total                                                 | 431| 128|  191|          0|
    +------------------------------------------------------+----+----+-----+-----------+



================================================================
== Interface
================================================================
* Summary: 
+-----------+-----+-----+------------+--------------+--------------+
| RTL Ports | Dir | Bits|  Protocol  | Source Object|    C Type    |
+-----------+-----+-----+------------+--------------+--------------+
|ap_clk     |   in|    1|  ap_ctrl_hs|     run_model|  return value|
|ap_rst     |   in|    1|  ap_ctrl_hs|     run_model|  return value|
|ap_start   |   in|    1|  ap_ctrl_hs|     run_model|  return value|
|ap_done    |  out|    1|  ap_ctrl_hs|     run_model|  return value|
|ap_idle    |  out|    1|  ap_ctrl_hs|     run_model|  return value|
|ap_ready   |  out|    1|  ap_ctrl_hs|     run_model|  return value|
|y_hat_out  |   in|   16|     ap_none|     y_hat_out|       pointer|
+-----------+-----+-----+------------+--------------+--------------+

============================================================
+ Verbose Summary: Synthesis Manager
============================================================
InlineROM: 1
ExposeGlobal: 0
============================================================
+ Verbose Summary: CDFG Model
============================================================
IsTopModel: 1
ResetActiveHigh: 1
IsCombinational: 2
IsDatapathOnly: 2
HasWiredReturn: 1
HasMFsm: 2
HasVarLatency: 1
IsPipeline: 0
IsRtlPipelined: 0
IsInstanceOverlapped: 0
IsDontTouch: 0
HasImplIP: 0
IsGatedGlobalClock: 0

+ Individual pipeline summary: 
  * Pipeline-0: initiation interval (II) = 4, depth = 13
  * Pipeline-1: initiation interval (II) = 4, depth = 13


============================================================
+ Verbose Summary: Schedule
============================================================
* Number of FSM states : 36
* Pipeline : 2
  Pipeline-0 : II = 4, D = 13, States = { 3 4 5 6 7 8 9 10 11 12 13 14 15 }
  Pipeline-1 : II = 4, D = 13, States = { 20 21 22 23 24 25 26 27 28 29 30 31 32 }
* Dataflow Pipeline: 0

* FSM state transitions: 
1 --> 2 
2 --> 3 
3 --> 16 4 
4 --> 5 
5 --> 6 
6 --> 7 
7 --> 8 
8 --> 9 
9 --> 10 
10 --> 11 
11 --> 12 
12 --> 13 
13 --> 14 
14 --> 15 
15 --> 3 
16 --> 17 
17 --> 18 
18 --> 19 
19 --> 20 
20 --> 33 21 
21 --> 22 
22 --> 23 
23 --> 24 
24 --> 25 
25 --> 26 
26 --> 27 
27 --> 28 
28 --> 29 
29 --> 30 
30 --> 31 
31 --> 32 
32 --> 20 
33 --> 34 
34 --> 35 
35 --> 36 
36 --> 

* FSM state operations: 

State 1 <SV = 0> <Delay = 1.56>
ST_1 : Operation 37 [1/1] (0.00ns)   --->   "%acc = alloca i32 1" [../main_5_slices.cpp:208->../main_5_slices.cpp:375]   --->   Operation 37 'alloca' 'acc' <Predicate = true> <Delay = 0.00>
ST_1 : Operation 38 [1/1] (0.00ns)   --->   "%i = alloca i32 1" [../main_5_slices.cpp:212->../main_5_slices.cpp:375]   --->   Operation 38 'alloca' 'i' <Predicate = true> <Delay = 0.00>
ST_1 : Operation 39 [1/1] (0.00ns)   --->   "%j_2 = alloca i32 1" [../main_5_slices.cpp:209->../main_5_slices.cpp:375]   --->   Operation 39 'alloca' 'j_2' <Predicate = true> <Delay = 0.00>
ST_1 : Operation 40 [1/1] (0.00ns)   --->   "%indvar_flatten = alloca i32 1"   --->   Operation 40 'alloca' 'indvar_flatten' <Predicate = true> <Delay = 0.00>
ST_1 : Operation 41 [1/1] (1.56ns)   --->   "%merged = alloca i64 1" [../main_5_slices.cpp:367]   --->   Operation 41 'alloca' 'merged' <Predicate = true> <Delay = 1.56> <CoreInst = "RAM">   --->   Core 81 'RAM' <Latency = 1> <II = 1> <Delay = 1.56> <Storage> <Opcode : 'load' 'store'> <Ports = 2> <Width = 16> <Depth = 32> <RAM>
ST_1 : Operation 42 [1/1] (1.20ns)   --->   "%z0 = alloca i64 1" [../main_5_slices.cpp:374]   --->   Operation 42 'alloca' 'z0' <Predicate = true> <Delay = 1.20> <CoreInst = "RAM">   --->   Core 81 'RAM' <Latency = 3> <II = 1> <Delay = 1.20> <Storage> <Opcode : 'load' 'store'> <Ports = 2> <Width = 16> <Depth = 128> <RAM>
ST_1 : Operation 43 [1/1] (1.20ns)   --->   "%z1 = alloca i64 1" [../main_5_slices.cpp:379]   --->   Operation 43 'alloca' 'z1' <Predicate = true> <Delay = 1.20> <CoreInst = "RAM">   --->   Core 81 'RAM' <Latency = 3> <II = 1> <Delay = 1.20> <Storage> <Opcode : 'load' 'store'> <Ports = 2> <Width = 16> <Depth = 128> <RAM>
ST_1 : Operation 44 [2/2] (0.00ns)   --->   "%call_ln369 = call void @run_all_slices_unrolled, i16 %merged, i16 %h_slice, i16 %c_slice, i16 %U_slice, i16 %LSTM_W_ifog0, i16 %LSTM_R_ifog0, i16 %BN2_var0, i16 %BN2_gamma0, i16 %X_slice12, i16 %ConvW1, i16 %LSTM_W_ifog1, i16 %LSTM_R_ifog1, i16 %BN2_var1, i16 %BN2_gamma1, i16 %X_slice27, i16 %ConvW2, i16 %LSTM_W_ifog2, i16 %LSTM_R_ifog2, i16 %BN2_var2, i16 %BN2_gamma2, i16 %X_slice42, i16 %ConvW3, i16 %LSTM_W_ifog3, i16 %LSTM_R_ifog3, i16 %BN2_var3, i16 %BN2_gamma3, i16 %X_slice57, i16 %ConvW4, i16 %LSTM_W_ifog4, i16 %LSTM_R_ifog4, i16 %BN2_var4, i16 %BN2_gamma4" [../main_5_slices.cpp:369]   --->   Operation 44 'call' 'call_ln369' <Predicate = true> <Delay = 0.00> <CoreType = "Generic">   --->   Generic Core
ST_1 : Operation 45 [1/1] (1.14ns)   --->   "%store_ln0 = store i13 0, i13 %indvar_flatten"   --->   Operation 45 'store' 'store_ln0' <Predicate = true> <Delay = 1.14>
ST_1 : Operation 46 [1/1] (1.14ns)   --->   "%store_ln209 = store i8 0, i8 %j_2" [../main_5_slices.cpp:209->../main_5_slices.cpp:375]   --->   Operation 46 'store' 'store_ln209' <Predicate = true> <Delay = 1.14>
ST_1 : Operation 47 [1/1] (1.14ns)   --->   "%store_ln212 = store i6 0, i6 %i" [../main_5_slices.cpp:212->../main_5_slices.cpp:375]   --->   Operation 47 'store' 'store_ln212' <Predicate = true> <Delay = 1.14>
ST_1 : Operation 48 [1/1] (1.14ns)   --->   "%store_ln208 = store i16 0, i16 %acc" [../main_5_slices.cpp:208->../main_5_slices.cpp:375]   --->   Operation 48 'store' 'store_ln208' <Predicate = true> <Delay = 1.14>

State 2 <SV = 1> <Delay = 0.00>
ST_2 : Operation 49 [1/1] (0.00ns)   --->   "%spectopmodule_ln365 = spectopmodule void @_ssdm_op_SpecTopModule, void @empty_14" [../main_5_slices.cpp:365]   --->   Operation 49 'spectopmodule' 'spectopmodule_ln365' <Predicate = true> <Delay = 0.00>
ST_2 : Operation 50 [1/1] (0.00ns)   --->   "%specbitsmap_ln0 = specbitsmap void @_ssdm_op_SpecBitsMap, i16 %y_hat_out"   --->   Operation 50 'specbitsmap' 'specbitsmap_ln0' <Predicate = true> <Delay = 0.00>
ST_2 : Operation 51 [1/1] (0.00ns)   --->   "%specinterface_ln0 = specinterface void @_ssdm_op_SpecInterface, i16 %y_hat_out, void @empty_1, i32 0, i32 0, void @empty_18, i32 0, i32 0, void @empty_18, void @empty_18, void @empty_18, i32 0, i32 0, i32 0, i32 0, void @empty_18, void @empty_18, i32 4294967295, i32 0, i32 0"   --->   Operation 51 'specinterface' 'specinterface_ln0' <Predicate = true> <Delay = 0.00>
ST_2 : Operation 52 [1/2] (0.00ns)   --->   "%call_ln369 = call void @run_all_slices_unrolled, i16 %merged, i16 %h_slice, i16 %c_slice, i16 %U_slice, i16 %LSTM_W_ifog0, i16 %LSTM_R_ifog0, i16 %BN2_var0, i16 %BN2_gamma0, i16 %X_slice12, i16 %ConvW1, i16 %LSTM_W_ifog1, i16 %LSTM_R_ifog1, i16 %BN2_var1, i16 %BN2_gamma1, i16 %X_slice27, i16 %ConvW2, i16 %LSTM_W_ifog2, i16 %LSTM_R_ifog2, i16 %BN2_var2, i16 %BN2_gamma2, i16 %X_slice42, i16 %ConvW3, i16 %LSTM_W_ifog3, i16 %LSTM_R_ifog3, i16 %BN2_var3, i16 %BN2_gamma3, i16 %X_slice57, i16 %ConvW4, i16 %LSTM_W_ifog4, i16 %LSTM_R_ifog4, i16 %BN2_var4, i16 %BN2_gamma4" [../main_5_slices.cpp:369]   --->   Operation 52 'call' 'call_ln369' <Predicate = true> <Delay = 0.00> <CoreType = "Generic">   --->   Generic Core
ST_2 : Operation 53 [1/1] (0.00ns)   --->   "%br_ln209 = br void %for.inc.i" [../main_5_slices.cpp:209->../main_5_slices.cpp:375]   --->   Operation 53 'br' 'br_ln209' <Predicate = true> <Delay = 0.00>

State 3 <SV = 2> <Delay = 5.41>
ST_3 : Operation 54 [1/1] (0.00ns)   --->   "%indvar_flatten_load = load i13 %indvar_flatten" [../main_5_slices.cpp:209->../main_5_slices.cpp:375]   --->   Operation 54 'load' 'indvar_flatten_load' <Predicate = true> <Delay = 0.00>
ST_3 : Operation 55 [1/1] (0.00ns)   --->   "%specpipeline_ln210 = specpipeline void @_ssdm_op_SpecPipeline, i32 0, i32 0, i32 1, i32 0, void @empty_18" [../main_5_slices.cpp:210->../main_5_slices.cpp:375]   --->   Operation 55 'specpipeline' 'specpipeline_ln210' <Predicate = true> <Delay = 0.00>
ST_3 : Operation 56 [1/1] (1.63ns)   --->   "%icmp_ln209 = icmp_eq  i13 %indvar_flatten_load, i13 4096" [../main_5_slices.cpp:209->../main_5_slices.cpp:375]   --->   Operation 56 'icmp' 'icmp_ln209' <Predicate = true> <Delay = 1.63> <CoreInst = "Cmp">   --->   Core 9 'Cmp' <Latency = 0> <II = 1> <Delay = 1.63> <FuncUnit> <Opcode : 'seteq' 'setne' 'setle' 'setge' 'setlt' 'setgt'> <InPorts = 2> <OutPorts = 1>
ST_3 : Operation 57 [1/1] (1.63ns)   --->   "%add_ln209 = add i13 %indvar_flatten_load, i13 1" [../main_5_slices.cpp:209->../main_5_slices.cpp:375]   --->   Operation 57 'add' 'add_ln209' <Predicate = true> <Delay = 1.63> <CoreInst = "Adder">   --->   Core 1 'Adder' <Latency = 0> <II = 1> <Delay = 1.63> <FuncUnit> <Opcode : 'add' 'sub'> <InPorts = 2> <OutPorts = 1>
ST_3 : Operation 58 [1/1] (0.00ns)   --->   "%br_ln209 = br i1 %icmp_ln209, void %for.inc13.i, void %for.body.i.preheader" [../main_5_slices.cpp:209->../main_5_slices.cpp:375]   --->   Operation 58 'br' 'br_ln209' <Predicate = true> <Delay = 0.00>
ST_3 : Operation 59 [1/1] (0.00ns)   --->   "%i_load = load i6 %i" [../main_5_slices.cpp:212->../main_5_slices.cpp:375]   --->   Operation 59 'load' 'i_load' <Predicate = (!icmp_ln209)> <Delay = 0.00>
ST_3 : Operation 60 [1/1] (0.00ns)   --->   "%j_2_load = load i8 %j_2" [../main_5_slices.cpp:209->../main_5_slices.cpp:375]   --->   Operation 60 'load' 'j_2_load' <Predicate = (!icmp_ln209)> <Delay = 0.00>
ST_3 : Operation 61 [1/1] (1.51ns)   --->   "%icmp_ln212 = icmp_eq  i6 %i_load, i6 32" [../main_5_slices.cpp:212->../main_5_slices.cpp:375]   --->   Operation 61 'icmp' 'icmp_ln212' <Predicate = (!icmp_ln209)> <Delay = 1.51> <CoreInst = "Cmp">   --->   Core 9 'Cmp' <Latency = 0> <II = 1> <Delay = 1.57> <FuncUnit> <Opcode : 'seteq' 'setne' 'setle' 'setge' 'setlt' 'setgt'> <InPorts = 2> <OutPorts = 1>
ST_3 : Operation 62 [1/1] (0.86ns)   --->   "%select_ln210 = select i1 %icmp_ln212, i6 0, i6 %i_load" [../main_5_slices.cpp:210->../main_5_slices.cpp:375]   --->   Operation 62 'select' 'select_ln210' <Predicate = (!icmp_ln209)> <Delay = 0.86> <CoreInst = "Sel">   --->   Core 73 'Sel' <Latency = 0> <II = 1> <Delay = 0.86> <FuncUnit> <Opcode : 'select'> <InPorts = 3> <OutPorts = 1>
ST_3 : Operation 63 [1/1] (1.62ns)   --->   "%add_ln209_1 = add i8 %j_2_load, i8 1" [../main_5_slices.cpp:209->../main_5_slices.cpp:375]   --->   Operation 63 'add' 'add_ln209_1' <Predicate = (!icmp_ln209)> <Delay = 1.62> <CoreInst = "Adder">   --->   Core 1 'Adder' <Latency = 0> <II = 1> <Delay = 1.62> <FuncUnit> <Opcode : 'add' 'sub'> <InPorts = 2> <OutPorts = 1>
ST_3 : Operation 64 [1/1] (0.93ns)   --->   "%select_ln209 = select i1 %icmp_ln212, i8 %add_ln209_1, i8 %j_2_load" [../main_5_slices.cpp:209->../main_5_slices.cpp:375]   --->   Operation 64 'select' 'select_ln209' <Predicate = (!icmp_ln209)> <Delay = 0.93> <CoreInst = "Sel">   --->   Core 73 'Sel' <Latency = 0> <II = 1> <Delay = 0.93> <FuncUnit> <Opcode : 'select'> <InPorts = 3> <OutPorts = 1>
ST_3 : Operation 65 [1/1] (0.00ns)   --->   "%zext_ln209 = zext i8 %select_ln209" [../main_5_slices.cpp:209->../main_5_slices.cpp:375]   --->   Operation 65 'zext' 'zext_ln209' <Predicate = (!icmp_ln209)> <Delay = 0.00>
ST_3 : Operation 66 [1/1] (0.00ns)   --->   "%zext_ln209_1 = zext i8 %select_ln209" [../main_5_slices.cpp:209->../main_5_slices.cpp:375]   --->   Operation 66 'zext' 'zext_ln209_1' <Predicate = (!icmp_ln209)> <Delay = 0.00>
ST_3 : Operation 67 [1/1] (0.00ns)   --->   "%zext_ln212 = zext i6 %select_ln210" [../main_5_slices.cpp:212->../main_5_slices.cpp:375]   --->   Operation 67 'zext' 'zext_ln212' <Predicate = (!icmp_ln209)> <Delay = 0.00>
ST_3 : Operation 68 [1/1] (0.00ns)   --->   "%x_addr = getelementptr i16 %merged, i64 0, i64 %zext_ln212" [../main_5_slices.cpp:214->../main_5_slices.cpp:375]   --->   Operation 68 'getelementptr' 'x_addr' <Predicate = (!icmp_ln209)> <Delay = 0.00>
ST_3 : Operation 69 [2/2] (1.56ns)   --->   "%x_load = load i5 %x_addr" [../main_5_slices.cpp:214->../main_5_slices.cpp:375]   --->   Operation 69 'load' 'x_load' <Predicate = (!icmp_ln209)> <Delay = 1.56> <CoreInst = "RAM">   --->   Core 81 'RAM' <Latency = 1> <II = 1> <Delay = 1.56> <Storage> <Opcode : 'load' 'store'> <Ports = 2> <Width = 16> <Depth = 32> <RAM>
ST_3 : Operation 70 [1/1] (0.00ns)   --->   "%trunc_ln214 = trunc i6 %select_ln210" [../main_5_slices.cpp:214->../main_5_slices.cpp:375]   --->   Operation 70 'trunc' 'trunc_ln214' <Predicate = (!icmp_ln209)> <Delay = 0.00>
ST_3 : Operation 71 [1/1] (0.00ns)   --->   "%shl_ln = bitconcatenate i12 @_ssdm_op_BitConcatenate.i12.i5.i7, i5 %trunc_ln214, i7 0" [../main_5_slices.cpp:214->../main_5_slices.cpp:375]   --->   Operation 71 'bitconcatenate' 'shl_ln' <Predicate = (!icmp_ln209)> <Delay = 0.00>
ST_3 : Operation 72 [1/1] (1.63ns)   --->   "%add_ln214 = add i12 %shl_ln, i12 %zext_ln209_1" [../main_5_slices.cpp:214->../main_5_slices.cpp:375]   --->   Operation 72 'add' 'add_ln214' <Predicate = (!icmp_ln209)> <Delay = 1.63> <CoreInst = "Adder">   --->   Core 1 'Adder' <Latency = 0> <II = 1> <Delay = 1.63> <FuncUnit> <Opcode : 'add' 'sub'> <InPorts = 2> <OutPorts = 1>
ST_3 : Operation 73 [1/1] (0.00ns)   --->   "%zext_ln214 = zext i12 %add_ln214" [../main_5_slices.cpp:214->../main_5_slices.cpp:375]   --->   Operation 73 'zext' 'zext_ln214' <Predicate = (!icmp_ln209)> <Delay = 0.00>
ST_3 : Operation 74 [1/1] (0.00ns)   --->   "%fc_0_W_addr = getelementptr i16 %fc_0_W, i64 0, i64 %zext_ln214" [../main_5_slices.cpp:214->../main_5_slices.cpp:375]   --->   Operation 74 'getelementptr' 'fc_0_W_addr' <Predicate = (!icmp_ln209)> <Delay = 0.00>
ST_3 : Operation 75 [4/4] (1.20ns)   --->   "%fc_0_W_load = load i12 %fc_0_W_addr" [../main_5_slices.cpp:214->../main_5_slices.cpp:375]   --->   Operation 75 'load' 'fc_0_W_load' <Predicate = (!icmp_ln209)> <Delay = 1.20> <CoreInst = "ROM">   --->   Core 94 'ROM' <Latency = 3> <II = 1> <Delay = 1.20> <Storage> <Opcode : 'load'> <Ports = 0> <Width = 16> <Depth = 4096> <ROM>
ST_3 : Operation 76 [1/1] (1.51ns)   --->   "%add_ln212 = add i6 %select_ln210, i6 1" [../main_5_slices.cpp:212->../main_5_slices.cpp:375]   --->   Operation 76 'add' 'add_ln212' <Predicate = (!icmp_ln209)> <Delay = 1.51> <CoreInst = "Adder">   --->   Core 1 'Adder' <Latency = 0> <II = 1> <Delay = 1.51> <FuncUnit> <Opcode : 'add' 'sub'> <InPorts = 2> <OutPorts = 1>
ST_3 : Operation 77 [1/1] (1.51ns)   --->   "%icmp_ln212_1 = icmp_eq  i6 %add_ln212, i6 32" [../main_5_slices.cpp:212->../main_5_slices.cpp:375]   --->   Operation 77 'icmp' 'icmp_ln212_1' <Predicate = (!icmp_ln209)> <Delay = 1.51> <CoreInst = "Cmp">   --->   Core 9 'Cmp' <Latency = 0> <II = 1> <Delay = 1.57> <FuncUnit> <Opcode : 'seteq' 'setne' 'setle' 'setge' 'setlt' 'setgt'> <InPorts = 2> <OutPorts = 1>
ST_3 : Operation 78 [1/1] (0.00ns)   --->   "%y_addr = getelementptr i16 %z0, i64 0, i64 %zext_ln209" [../main_5_slices.cpp:216->../main_5_slices.cpp:375]   --->   Operation 78 'getelementptr' 'y_addr' <Predicate = (!icmp_ln209)> <Delay = 0.00>
ST_3 : Operation 79 [1/1] (0.00ns)   --->   "%br_ln212 = br i1 %icmp_ln212_1, void %new.latch.for.inc.split.i, void %last.iter.for.inc.split.i" [../main_5_slices.cpp:212->../main_5_slices.cpp:375]   --->   Operation 79 'br' 'br_ln212' <Predicate = (!icmp_ln209)> <Delay = 0.00>
ST_3 : Operation 80 [1/1] (1.14ns)   --->   "%store_ln209 = store i13 %add_ln209, i13 %indvar_flatten" [../main_5_slices.cpp:209->../main_5_slices.cpp:375]   --->   Operation 80 'store' 'store_ln209' <Predicate = (!icmp_ln209)> <Delay = 1.14>
ST_3 : Operation 81 [1/1] (1.14ns)   --->   "%store_ln209 = store i8 %select_ln209, i8 %j_2" [../main_5_slices.cpp:209->../main_5_slices.cpp:375]   --->   Operation 81 'store' 'store_ln209' <Predicate = (!icmp_ln209)> <Delay = 1.14>
ST_3 : Operation 82 [1/1] (1.14ns)   --->   "%store_ln212 = store i6 %add_ln212, i6 %i" [../main_5_slices.cpp:212->../main_5_slices.cpp:375]   --->   Operation 82 'store' 'store_ln212' <Predicate = (!icmp_ln209)> <Delay = 1.14>

State 4 <SV = 3> <Delay = 1.56>
ST_4 : Operation 83 [1/2] ( I:1.56ns O:1.56ns )   --->   "%x_load = load i5 %x_addr" [../main_5_slices.cpp:214->../main_5_slices.cpp:375]   --->   Operation 83 'load' 'x_load' <Predicate = (!icmp_ln209)> <Delay = 1.56> <CoreInst = "RAM">   --->   Core 81 'RAM' <Latency = 1> <II = 1> <Delay = 1.56> <Storage> <Opcode : 'load' 'store'> <Ports = 2> <Width = 16> <Depth = 32> <RAM>
ST_4 : Operation 84 [3/4] (1.20ns)   --->   "%fc_0_W_load = load i12 %fc_0_W_addr" [../main_5_slices.cpp:214->../main_5_slices.cpp:375]   --->   Operation 84 'load' 'fc_0_W_load' <Predicate = (!icmp_ln209)> <Delay = 1.20> <CoreInst = "ROM">   --->   Core 94 'ROM' <Latency = 3> <II = 1> <Delay = 1.20> <Storage> <Opcode : 'load'> <Ports = 0> <Width = 16> <Depth = 4096> <ROM>

State 5 <SV = 4> <Delay = 0.00>
ST_5 : Operation 85 [2/4] (1.20ns)   --->   "%fc_0_W_load = load i12 %fc_0_W_addr" [../main_5_slices.cpp:214->../main_5_slices.cpp:375]   --->   Operation 85 'load' 'fc_0_W_load' <Predicate = (!icmp_ln209)> <Delay = 1.20> <CoreInst = "ROM">   --->   Core 94 'ROM' <Latency = 3> <II = 1> <Delay = 1.20> <Storage> <Opcode : 'load'> <Ports = 0> <Width = 16> <Depth = 4096> <ROM>

State 6 <SV = 5> <Delay = 5.90>
ST_6 : Operation 86 [1/4] ( I:1.20ns O:1.20ns )   --->   "%fc_0_W_load = load i12 %fc_0_W_addr" [../main_5_slices.cpp:214->../main_5_slices.cpp:375]   --->   Operation 86 'load' 'fc_0_W_load' <Predicate = (!icmp_ln209)> <Delay = 1.20> <CoreInst = "ROM">   --->   Core 94 'ROM' <Latency = 3> <II = 1> <Delay = 1.20> <Storage> <Opcode : 'load'> <Ports = 0> <Width = 16> <Depth = 4096> <ROM>
ST_6 : Operation 87 [4/4] (4.70ns)   --->   "%mul9_i = hmul i16 %x_load, i16 %fc_0_W_load" [../main_5_slices.cpp:214->../main_5_slices.cpp:375]   --->   Operation 87 'hmul' 'mul9_i' <Predicate = (!icmp_ln209)> <Delay = 4.70> <CoreInst = "HMul_maxdsp">   --->   Core 60 'HMul_maxdsp' <Latency = 3> <II = 1> <Delay = 4.70> <FuncUnit> <Opcode : 'hmul'> <InPorts = 2> <OutPorts = 1>

State 7 <SV = 6> <Delay = 4.70>
ST_7 : Operation 88 [3/4] (4.70ns)   --->   "%mul9_i = hmul i16 %x_load, i16 %fc_0_W_load" [../main_5_slices.cpp:214->../main_5_slices.cpp:375]   --->   Operation 88 'hmul' 'mul9_i' <Predicate = true> <Delay = 4.70> <CoreInst = "HMul_maxdsp">   --->   Core 60 'HMul_maxdsp' <Latency = 3> <II = 1> <Delay = 4.70> <FuncUnit> <Opcode : 'hmul'> <InPorts = 2> <OutPorts = 1>

State 8 <SV = 7> <Delay = 4.70>
ST_8 : Operation 89 [2/4] (4.70ns)   --->   "%mul9_i = hmul i16 %x_load, i16 %fc_0_W_load" [../main_5_slices.cpp:214->../main_5_slices.cpp:375]   --->   Operation 89 'hmul' 'mul9_i' <Predicate = true> <Delay = 4.70> <CoreInst = "HMul_maxdsp">   --->   Core 60 'HMul_maxdsp' <Latency = 3> <II = 1> <Delay = 4.70> <FuncUnit> <Opcode : 'hmul'> <InPorts = 2> <OutPorts = 1>

State 9 <SV = 8> <Delay = 4.70>
ST_9 : Operation 90 [1/4] (4.70ns)   --->   "%mul9_i = hmul i16 %x_load, i16 %fc_0_W_load" [../main_5_slices.cpp:214->../main_5_slices.cpp:375]   --->   Operation 90 'hmul' 'mul9_i' <Predicate = true> <Delay = 4.70> <CoreInst = "HMul_maxdsp">   --->   Core 60 'HMul_maxdsp' <Latency = 3> <II = 1> <Delay = 4.70> <FuncUnit> <Opcode : 'hmul'> <InPorts = 2> <OutPorts = 1>

State 10 <SV = 9> <Delay = 5.94>
ST_10 : Operation 91 [1/1] (0.00ns)   --->   "%acc_load = load i16 %acc" [../main_5_slices.cpp:210->../main_5_slices.cpp:375]   --->   Operation 91 'load' 'acc_load' <Predicate = (!icmp_ln212)> <Delay = 0.00>
ST_10 : Operation 92 [1/1] (0.51ns)   --->   "%select_ln210_1 = select i1 %icmp_ln212, i16 0, i16 %acc_load" [../main_5_slices.cpp:210->../main_5_slices.cpp:375]   --->   Operation 92 'select' 'select_ln210_1' <Predicate = true> <Delay = 0.51> <CoreInst = "Sel">   --->   Core 73 'Sel' <Latency = 0> <II = 1> <Delay = 0.51> <FuncUnit> <Opcode : 'select'> <InPorts = 3> <OutPorts = 1>
ST_10 : Operation 93 [5/5] (5.42ns)   --->   "%acc_1 = hadd i16 %select_ln210_1, i16 %mul9_i" [../main_5_slices.cpp:214->../main_5_slices.cpp:375]   --->   Operation 93 'hadd' 'acc_1' <Predicate = true> <Delay = 5.42> <CoreInst = "HAddSub_fulldsp">   --->   Core 55 'HAddSub_fulldsp' <Latency = 4> <II = 1> <Delay = 5.42> <FuncUnit> <Opcode : 'hadd' 'hsub'> <InPorts = 2> <OutPorts = 1>

State 11 <SV = 10> <Delay = 5.42>
ST_11 : Operation 94 [4/5] (5.42ns)   --->   "%acc_1 = hadd i16 %select_ln210_1, i16 %mul9_i" [../main_5_slices.cpp:214->../main_5_slices.cpp:375]   --->   Operation 94 'hadd' 'acc_1' <Predicate = true> <Delay = 5.42> <CoreInst = "HAddSub_fulldsp">   --->   Core 55 'HAddSub_fulldsp' <Latency = 4> <II = 1> <Delay = 5.42> <FuncUnit> <Opcode : 'hadd' 'hsub'> <InPorts = 2> <OutPorts = 1>

State 12 <SV = 11> <Delay = 5.42>
ST_12 : Operation 95 [3/5] (5.42ns)   --->   "%acc_1 = hadd i16 %select_ln210_1, i16 %mul9_i" [../main_5_slices.cpp:214->../main_5_slices.cpp:375]   --->   Operation 95 'hadd' 'acc_1' <Predicate = true> <Delay = 5.42> <CoreInst = "HAddSub_fulldsp">   --->   Core 55 'HAddSub_fulldsp' <Latency = 4> <II = 1> <Delay = 5.42> <FuncUnit> <Opcode : 'hadd' 'hsub'> <InPorts = 2> <OutPorts = 1>

State 13 <SV = 12> <Delay = 5.42>
ST_13 : Operation 96 [2/5] (5.42ns)   --->   "%acc_1 = hadd i16 %select_ln210_1, i16 %mul9_i" [../main_5_slices.cpp:214->../main_5_slices.cpp:375]   --->   Operation 96 'hadd' 'acc_1' <Predicate = true> <Delay = 5.42> <CoreInst = "HAddSub_fulldsp">   --->   Core 55 'HAddSub_fulldsp' <Latency = 4> <II = 1> <Delay = 5.42> <FuncUnit> <Opcode : 'hadd' 'hsub'> <InPorts = 2> <OutPorts = 1>

State 14 <SV = 13> <Delay = 6.63>
ST_14 : Operation 97 [1/1] (0.00ns)   --->   "%specpipeline_ln210 = specpipeline void @_ssdm_op_SpecPipeline, i32 0, i32 0, i32 1, i32 0, void @empty_18" [../main_5_slices.cpp:210->../main_5_slices.cpp:375]   --->   Operation 97 'specpipeline' 'specpipeline_ln210' <Predicate = true> <Delay = 0.00>
ST_14 : Operation 98 [1/1] (0.00ns)   --->   "%specloopname_ln0 = specloopname void @_ssdm_op_SpecLoopName, void @OuterLoopDense_InnerLoopDense_str"   --->   Operation 98 'specloopname' 'specloopname_ln0' <Predicate = true> <Delay = 0.00>
ST_14 : Operation 99 [1/1] (0.00ns)   --->   "%speclooptripcount_ln0 = speclooptripcount void @_ssdm_op_SpecLoopTripCount, i64 4096, i64 4096, i64 4096"   --->   Operation 99 'speclooptripcount' 'speclooptripcount_ln0' <Predicate = true> <Delay = 0.00>
ST_14 : Operation 100 [1/1] (0.00ns)   --->   "%specpipeline_ln210 = specpipeline void @_ssdm_op_SpecPipeline, i32 0, i32 0, i32 1, i32 0, void @empty_18" [../main_5_slices.cpp:210->../main_5_slices.cpp:375]   --->   Operation 100 'specpipeline' 'specpipeline_ln210' <Predicate = true> <Delay = 0.00>
ST_14 : Operation 101 [1/1] (0.00ns)   --->   "%specpipeline_ln208 = specpipeline void @_ssdm_op_SpecPipeline, i32 4294967295, i32 0, i32 0, i32 0, void @empty_18" [../main_5_slices.cpp:208->../main_5_slices.cpp:375]   --->   Operation 101 'specpipeline' 'specpipeline_ln208' <Predicate = true> <Delay = 0.00>
ST_14 : Operation 102 [1/5] (5.42ns)   --->   "%acc_1 = hadd i16 %select_ln210_1, i16 %mul9_i" [../main_5_slices.cpp:214->../main_5_slices.cpp:375]   --->   Operation 102 'hadd' 'acc_1' <Predicate = true> <Delay = 5.42> <CoreInst = "HAddSub_fulldsp">   --->   Core 55 'HAddSub_fulldsp' <Latency = 4> <II = 1> <Delay = 5.42> <FuncUnit> <Opcode : 'hadd' 'hsub'> <InPorts = 2> <OutPorts = 1>
ST_14 : Operation 103 [2/2] (1.20ns)   --->   "%store_ln216 = store i16 %acc_1, i7 %y_addr" [../main_5_slices.cpp:216->../main_5_slices.cpp:375]   --->   Operation 103 'store' 'store_ln216' <Predicate = (icmp_ln212_1)> <Delay = 1.20> <CoreInst = "RAM">   --->   Core 81 'RAM' <Latency = 3> <II = 1> <Delay = 1.20> <Storage> <Opcode : 'load' 'store'> <Ports = 2> <Width = 16> <Depth = 128> <RAM>
ST_14 : Operation 104 [1/1] (1.14ns)   --->   "%store_ln208 = store i16 %acc_1, i16 %acc" [../main_5_slices.cpp:208->../main_5_slices.cpp:375]   --->   Operation 104 'store' 'store_ln208' <Predicate = true> <Delay = 1.14>
ST_14 : Operation 105 [1/1] (0.00ns)   --->   "%br_ln212 = br void %for.inc.i" [../main_5_slices.cpp:212->../main_5_slices.cpp:375]   --->   Operation 105 'br' 'br_ln212' <Predicate = true> <Delay = 0.00>

State 15 <SV = 14> <Delay = 1.20>
ST_15 : Operation 106 [1/2] ( I:1.20ns O:1.20ns )   --->   "%store_ln216 = store i16 %acc_1, i7 %y_addr" [../main_5_slices.cpp:216->../main_5_slices.cpp:375]   --->   Operation 106 'store' 'store_ln216' <Predicate = (icmp_ln212_1)> <Delay = 1.20> <CoreInst = "RAM">   --->   Core 81 'RAM' <Latency = 3> <II = 1> <Delay = 1.20> <Storage> <Opcode : 'load' 'store'> <Ports = 2> <Width = 16> <Depth = 128> <RAM>
ST_15 : Operation 107 [1/1] (0.00ns)   --->   "%br_ln212 = br void %new.latch.for.inc.split.i" [../main_5_slices.cpp:212->../main_5_slices.cpp:375]   --->   Operation 107 'br' 'br_ln212' <Predicate = (icmp_ln212_1)> <Delay = 0.00>

State 16 <SV = 3> <Delay = 1.14>
ST_16 : Operation 108 [1/1] (0.00ns)   --->   "%acc_2 = alloca i32 1" [../main_5_slices.cpp:208->../main_5_slices.cpp:380]   --->   Operation 108 'alloca' 'acc_2' <Predicate = true> <Delay = 0.00>
ST_16 : Operation 109 [1/1] (0.00ns)   --->   "%i_1 = alloca i32 1" [../main_5_slices.cpp:212->../main_5_slices.cpp:380]   --->   Operation 109 'alloca' 'i_1' <Predicate = true> <Delay = 0.00>
ST_16 : Operation 110 [1/1] (0.00ns)   --->   "%j = alloca i32 1" [../main_5_slices.cpp:209->../main_5_slices.cpp:380]   --->   Operation 110 'alloca' 'j' <Predicate = true> <Delay = 0.00>
ST_16 : Operation 111 [1/1] (0.00ns)   --->   "%indvar_flatten6 = alloca i32 1"   --->   Operation 111 'alloca' 'indvar_flatten6' <Predicate = true> <Delay = 0.00>
ST_16 : Operation 112 [2/2] (0.00ns)   --->   "%call_ln0 = call void @run_model_Pipeline_Loop_BN, i16 %z0, i16 %fc_0_bn_var, i16 %fc_0_bn_gamma"   --->   Operation 112 'call' 'call_ln0' <Predicate = true> <Delay = 0.00> <CoreType = "Generic">   --->   Generic Core
ST_16 : Operation 113 [1/1] (1.14ns)   --->   "%store_ln0 = store i15 0, i15 %indvar_flatten6"   --->   Operation 113 'store' 'store_ln0' <Predicate = true> <Delay = 1.14>
ST_16 : Operation 114 [1/1] (1.14ns)   --->   "%store_ln209 = store i8 0, i8 %j" [../main_5_slices.cpp:209->../main_5_slices.cpp:380]   --->   Operation 114 'store' 'store_ln209' <Predicate = true> <Delay = 1.14>
ST_16 : Operation 115 [1/1] (1.14ns)   --->   "%store_ln212 = store i8 0, i8 %i_1" [../main_5_slices.cpp:212->../main_5_slices.cpp:380]   --->   Operation 115 'store' 'store_ln212' <Predicate = true> <Delay = 1.14>
ST_16 : Operation 116 [1/1] (1.14ns)   --->   "%store_ln208 = store i16 0, i16 %acc_2" [../main_5_slices.cpp:208->../main_5_slices.cpp:380]   --->   Operation 116 'store' 'store_ln208' <Predicate = true> <Delay = 1.14>

State 17 <SV = 4> <Delay = 0.00>
ST_17 : Operation 117 [1/2] (0.00ns)   --->   "%call_ln0 = call void @run_model_Pipeline_Loop_BN, i16 %z0, i16 %fc_0_bn_var, i16 %fc_0_bn_gamma"   --->   Operation 117 'call' 'call_ln0' <Predicate = true> <Delay = 0.00> <CoreType = "Generic">   --->   Generic Core

State 18 <SV = 5> <Delay = 0.00>
ST_18 : Operation 118 [2/2] (0.00ns)   --->   "%call_ln0 = call void @run_model_Pipeline_ReLULoop1, i16 %z0"   --->   Operation 118 'call' 'call_ln0' <Predicate = true> <Delay = 0.00> <CoreType = "Generic">   --->   Generic Core

State 19 <SV = 6> <Delay = 0.00>
ST_19 : Operation 119 [1/2] (0.00ns)   --->   "%call_ln0 = call void @run_model_Pipeline_ReLULoop1, i16 %z0"   --->   Operation 119 'call' 'call_ln0' <Predicate = true> <Delay = 0.00> <CoreType = "Generic">   --->   Generic Core
ST_19 : Operation 120 [1/1] (0.00ns)   --->   "%br_ln210 = br void %for.inc.i9" [../main_5_slices.cpp:210->../main_5_slices.cpp:380]   --->   Operation 120 'br' 'br_ln210' <Predicate = true> <Delay = 0.00>

State 20 <SV = 7> <Delay = 5.81>
ST_20 : Operation 121 [1/1] (0.00ns)   --->   "%indvar_flatten6_load = load i15 %indvar_flatten6" [../main_5_slices.cpp:209->../main_5_slices.cpp:380]   --->   Operation 121 'load' 'indvar_flatten6_load' <Predicate = true> <Delay = 0.00>
ST_20 : Operation 122 [1/1] (0.00ns)   --->   "%specpipeline_ln210 = specpipeline void @_ssdm_op_SpecPipeline, i32 0, i32 0, i32 1, i32 0, void @empty_18" [../main_5_slices.cpp:210->../main_5_slices.cpp:380]   --->   Operation 122 'specpipeline' 'specpipeline_ln210' <Predicate = true> <Delay = 0.00>
ST_20 : Operation 123 [1/1] (1.63ns)   --->   "%icmp_ln209_1 = icmp_eq  i15 %indvar_flatten6_load, i15 16384" [../main_5_slices.cpp:209->../main_5_slices.cpp:380]   --->   Operation 123 'icmp' 'icmp_ln209_1' <Predicate = true> <Delay = 1.63> <CoreInst = "Cmp">   --->   Core 9 'Cmp' <Latency = 0> <II = 1> <Delay = 1.63> <FuncUnit> <Opcode : 'seteq' 'setne' 'setle' 'setge' 'setlt' 'setgt'> <InPorts = 2> <OutPorts = 1>
ST_20 : Operation 124 [1/1] (1.63ns)   --->   "%add_ln209_2 = add i15 %indvar_flatten6_load, i15 1" [../main_5_slices.cpp:209->../main_5_slices.cpp:380]   --->   Operation 124 'add' 'add_ln209_2' <Predicate = true> <Delay = 1.63> <CoreInst = "Adder">   --->   Core 1 'Adder' <Latency = 0> <II = 1> <Delay = 1.63> <FuncUnit> <Opcode : 'add' 'sub'> <InPorts = 2> <OutPorts = 1>
ST_20 : Operation 125 [1/1] (0.00ns)   --->   "%br_ln209 = br i1 %icmp_ln209_1, void %for.inc13.i19, void %for.body.i30.preheader" [../main_5_slices.cpp:209->../main_5_slices.cpp:380]   --->   Operation 125 'br' 'br_ln209' <Predicate = true> <Delay = 0.00>
ST_20 : Operation 126 [1/1] (0.00ns)   --->   "%i_1_load = load i8 %i_1" [../main_5_slices.cpp:212->../main_5_slices.cpp:380]   --->   Operation 126 'load' 'i_1_load' <Predicate = (!icmp_ln209_1)> <Delay = 0.00>
ST_20 : Operation 127 [1/1] (0.00ns)   --->   "%j_load = load i8 %j" [../main_5_slices.cpp:209->../main_5_slices.cpp:380]   --->   Operation 127 'load' 'j_load' <Predicate = (!icmp_ln209_1)> <Delay = 0.00>
ST_20 : Operation 128 [1/1] (1.62ns)   --->   "%icmp_ln212_2 = icmp_eq  i8 %i_1_load, i8 128" [../main_5_slices.cpp:212->../main_5_slices.cpp:380]   --->   Operation 128 'icmp' 'icmp_ln212_2' <Predicate = (!icmp_ln209_1)> <Delay = 1.62> <CoreInst = "Cmp">   --->   Core 9 'Cmp' <Latency = 0> <II = 1> <Delay = 1.62> <FuncUnit> <Opcode : 'seteq' 'setne' 'setle' 'setge' 'setlt' 'setgt'> <InPorts = 2> <OutPorts = 1>
ST_20 : Operation 129 [1/1] (0.93ns)   --->   "%select_ln210_2 = select i1 %icmp_ln212_2, i8 0, i8 %i_1_load" [../main_5_slices.cpp:210->../main_5_slices.cpp:380]   --->   Operation 129 'select' 'select_ln210_2' <Predicate = (!icmp_ln209_1)> <Delay = 0.93> <CoreInst = "Sel">   --->   Core 73 'Sel' <Latency = 0> <II = 1> <Delay = 0.93> <FuncUnit> <Opcode : 'select'> <InPorts = 3> <OutPorts = 1>
ST_20 : Operation 130 [1/1] (1.62ns)   --->   "%add_ln209_3 = add i8 %j_load, i8 1" [../main_5_slices.cpp:209->../main_5_slices.cpp:380]   --->   Operation 130 'add' 'add_ln209_3' <Predicate = (!icmp_ln209_1)> <Delay = 1.62> <CoreInst = "Adder">   --->   Core 1 'Adder' <Latency = 0> <II = 1> <Delay = 1.62> <FuncUnit> <Opcode : 'add' 'sub'> <InPorts = 2> <OutPorts = 1>
ST_20 : Operation 131 [1/1] (0.93ns)   --->   "%select_ln209_1 = select i1 %icmp_ln212_2, i8 %add_ln209_3, i8 %j_load" [../main_5_slices.cpp:209->../main_5_slices.cpp:380]   --->   Operation 131 'select' 'select_ln209_1' <Predicate = (!icmp_ln209_1)> <Delay = 0.93> <CoreInst = "Sel">   --->   Core 73 'Sel' <Latency = 0> <II = 1> <Delay = 0.93> <FuncUnit> <Opcode : 'select'> <InPorts = 3> <OutPorts = 1>
ST_20 : Operation 132 [1/1] (0.00ns)   --->   "%zext_ln209_2 = zext i8 %select_ln209_1" [../main_5_slices.cpp:209->../main_5_slices.cpp:380]   --->   Operation 132 'zext' 'zext_ln209_2' <Predicate = (!icmp_ln209_1)> <Delay = 0.00>
ST_20 : Operation 133 [1/1] (0.00ns)   --->   "%zext_ln209_3 = zext i8 %select_ln209_1" [../main_5_slices.cpp:209->../main_5_slices.cpp:380]   --->   Operation 133 'zext' 'zext_ln209_3' <Predicate = (!icmp_ln209_1)> <Delay = 0.00>
ST_20 : Operation 134 [1/1] (0.00ns)   --->   "%zext_ln212_1 = zext i8 %select_ln210_2" [../main_5_slices.cpp:212->../main_5_slices.cpp:380]   --->   Operation 134 'zext' 'zext_ln212_1' <Predicate = (!icmp_ln209_1)> <Delay = 0.00>
ST_20 : Operation 135 [1/1] (0.00ns)   --->   "%y_addr_1 = getelementptr i16 %z0, i64 0, i64 %zext_ln212_1" [../main_5_slices.cpp:214->../main_5_slices.cpp:380]   --->   Operation 135 'getelementptr' 'y_addr_1' <Predicate = (!icmp_ln209_1)> <Delay = 0.00>
ST_20 : Operation 136 [4/4] (1.20ns)   --->   "%y_load = load i7 %y_addr_1" [../main_5_slices.cpp:214->../main_5_slices.cpp:380]   --->   Operation 136 'load' 'y_load' <Predicate = (!icmp_ln209_1)> <Delay = 1.20> <CoreInst = "RAM">   --->   Core 81 'RAM' <Latency = 3> <II = 1> <Delay = 1.20> <Storage> <Opcode : 'load' 'store'> <Ports = 2> <Width = 16> <Depth = 128> <RAM>
ST_20 : Operation 137 [1/1] (0.00ns)   --->   "%trunc_ln214_1 = trunc i8 %select_ln210_2" [../main_5_slices.cpp:214->../main_5_slices.cpp:380]   --->   Operation 137 'trunc' 'trunc_ln214_1' <Predicate = (!icmp_ln209_1)> <Delay = 0.00>
ST_20 : Operation 138 [1/1] (0.00ns)   --->   "%shl_ln214_1 = bitconcatenate i14 @_ssdm_op_BitConcatenate.i14.i7.i7, i7 %trunc_ln214_1, i7 0" [../main_5_slices.cpp:214->../main_5_slices.cpp:380]   --->   Operation 138 'bitconcatenate' 'shl_ln214_1' <Predicate = (!icmp_ln209_1)> <Delay = 0.00>
ST_20 : Operation 139 [1/1] (1.63ns)   --->   "%add_ln214_1 = add i14 %shl_ln214_1, i14 %zext_ln209_3" [../main_5_slices.cpp:214->../main_5_slices.cpp:380]   --->   Operation 139 'add' 'add_ln214_1' <Predicate = (!icmp_ln209_1)> <Delay = 1.63> <CoreInst = "Adder">   --->   Core 1 'Adder' <Latency = 0> <II = 1> <Delay = 1.63> <FuncUnit> <Opcode : 'add' 'sub'> <InPorts = 2> <OutPorts = 1>
ST_20 : Operation 140 [1/1] (0.00ns)   --->   "%zext_ln214_1 = zext i14 %add_ln214_1" [../main_5_slices.cpp:214->../main_5_slices.cpp:380]   --->   Operation 140 'zext' 'zext_ln214_1' <Predicate = (!icmp_ln209_1)> <Delay = 0.00>
ST_20 : Operation 141 [1/1] (0.00ns)   --->   "%fc_1_W_addr = getelementptr i16 %fc_1_W, i64 0, i64 %zext_ln214_1" [../main_5_slices.cpp:214->../main_5_slices.cpp:380]   --->   Operation 141 'getelementptr' 'fc_1_W_addr' <Predicate = (!icmp_ln209_1)> <Delay = 0.00>
ST_20 : Operation 142 [4/4] (1.20ns)   --->   "%fc_1_W_load = load i14 %fc_1_W_addr" [../main_5_slices.cpp:214->../main_5_slices.cpp:380]   --->   Operation 142 'load' 'fc_1_W_load' <Predicate = (!icmp_ln209_1)> <Delay = 1.20> <CoreInst = "ROM">   --->   Core 94 'ROM' <Latency = 3> <II = 1> <Delay = 1.20> <Storage> <Opcode : 'load'> <Ports = 0> <Width = 16> <Depth = 16384> <ROM>
ST_20 : Operation 143 [1/1] (1.62ns)   --->   "%add_ln212_1 = add i8 %select_ln210_2, i8 1" [../main_5_slices.cpp:212->../main_5_slices.cpp:380]   --->   Operation 143 'add' 'add_ln212_1' <Predicate = (!icmp_ln209_1)> <Delay = 1.62> <CoreInst = "Adder">   --->   Core 1 'Adder' <Latency = 0> <II = 1> <Delay = 1.62> <FuncUnit> <Opcode : 'add' 'sub'> <InPorts = 2> <OutPorts = 1>
ST_20 : Operation 144 [1/1] (1.62ns)   --->   "%icmp_ln212_3 = icmp_eq  i8 %add_ln212_1, i8 128" [../main_5_slices.cpp:212->../main_5_slices.cpp:380]   --->   Operation 144 'icmp' 'icmp_ln212_3' <Predicate = (!icmp_ln209_1)> <Delay = 1.62> <CoreInst = "Cmp">   --->   Core 9 'Cmp' <Latency = 0> <II = 1> <Delay = 1.62> <FuncUnit> <Opcode : 'seteq' 'setne' 'setle' 'setge' 'setlt' 'setgt'> <InPorts = 2> <OutPorts = 1>
ST_20 : Operation 145 [1/1] (0.00ns)   --->   "%z1_addr = getelementptr i16 %z1, i64 0, i64 %zext_ln209_2" [../main_5_slices.cpp:216->../main_5_slices.cpp:380]   --->   Operation 145 'getelementptr' 'z1_addr' <Predicate = (!icmp_ln209_1)> <Delay = 0.00>
ST_20 : Operation 146 [1/1] (0.00ns)   --->   "%br_ln212 = br i1 %icmp_ln212_3, void %new.latch.for.inc.split.i16, void %last.iter.for.inc.split.i16" [../main_5_slices.cpp:212->../main_5_slices.cpp:380]   --->   Operation 146 'br' 'br_ln212' <Predicate = (!icmp_ln209_1)> <Delay = 0.00>
ST_20 : Operation 147 [1/1] (1.14ns)   --->   "%store_ln209 = store i15 %add_ln209_2, i15 %indvar_flatten6" [../main_5_slices.cpp:209->../main_5_slices.cpp:380]   --->   Operation 147 'store' 'store_ln209' <Predicate = (!icmp_ln209_1)> <Delay = 1.14>
ST_20 : Operation 148 [1/1] (1.14ns)   --->   "%store_ln209 = store i8 %select_ln209_1, i8 %j" [../main_5_slices.cpp:209->../main_5_slices.cpp:380]   --->   Operation 148 'store' 'store_ln209' <Predicate = (!icmp_ln209_1)> <Delay = 1.14>
ST_20 : Operation 149 [1/1] (1.14ns)   --->   "%store_ln212 = store i8 %add_ln212_1, i8 %i_1" [../main_5_slices.cpp:212->../main_5_slices.cpp:380]   --->   Operation 149 'store' 'store_ln212' <Predicate = (!icmp_ln209_1)> <Delay = 1.14>

State 21 <SV = 8> <Delay = 0.00>
ST_21 : Operation 150 [3/4] (1.20ns)   --->   "%y_load = load i7 %y_addr_1" [../main_5_slices.cpp:214->../main_5_slices.cpp:380]   --->   Operation 150 'load' 'y_load' <Predicate = (!icmp_ln209_1)> <Delay = 1.20> <CoreInst = "RAM">   --->   Core 81 'RAM' <Latency = 3> <II = 1> <Delay = 1.20> <Storage> <Opcode : 'load' 'store'> <Ports = 2> <Width = 16> <Depth = 128> <RAM>
ST_21 : Operation 151 [3/4] (1.20ns)   --->   "%fc_1_W_load = load i14 %fc_1_W_addr" [../main_5_slices.cpp:214->../main_5_slices.cpp:380]   --->   Operation 151 'load' 'fc_1_W_load' <Predicate = (!icmp_ln209_1)> <Delay = 1.20> <CoreInst = "ROM">   --->   Core 94 'ROM' <Latency = 3> <II = 1> <Delay = 1.20> <Storage> <Opcode : 'load'> <Ports = 0> <Width = 16> <Depth = 16384> <ROM>

State 22 <SV = 9> <Delay = 0.00>
ST_22 : Operation 152 [2/4] (1.20ns)   --->   "%y_load = load i7 %y_addr_1" [../main_5_slices.cpp:214->../main_5_slices.cpp:380]   --->   Operation 152 'load' 'y_load' <Predicate = (!icmp_ln209_1)> <Delay = 1.20> <CoreInst = "RAM">   --->   Core 81 'RAM' <Latency = 3> <II = 1> <Delay = 1.20> <Storage> <Opcode : 'load' 'store'> <Ports = 2> <Width = 16> <Depth = 128> <RAM>
ST_22 : Operation 153 [2/4] (1.20ns)   --->   "%fc_1_W_load = load i14 %fc_1_W_addr" [../main_5_slices.cpp:214->../main_5_slices.cpp:380]   --->   Operation 153 'load' 'fc_1_W_load' <Predicate = (!icmp_ln209_1)> <Delay = 1.20> <CoreInst = "ROM">   --->   Core 94 'ROM' <Latency = 3> <II = 1> <Delay = 1.20> <Storage> <Opcode : 'load'> <Ports = 0> <Width = 16> <Depth = 16384> <ROM>

State 23 <SV = 10> <Delay = 5.90>
ST_23 : Operation 154 [1/4] ( I:1.20ns O:1.20ns )   --->   "%y_load = load i7 %y_addr_1" [../main_5_slices.cpp:214->../main_5_slices.cpp:380]   --->   Operation 154 'load' 'y_load' <Predicate = (!icmp_ln209_1)> <Delay = 1.20> <CoreInst = "RAM">   --->   Core 81 'RAM' <Latency = 3> <II = 1> <Delay = 1.20> <Storage> <Opcode : 'load' 'store'> <Ports = 2> <Width = 16> <Depth = 128> <RAM>
ST_23 : Operation 155 [1/4] ( I:1.20ns O:1.20ns )   --->   "%fc_1_W_load = load i14 %fc_1_W_addr" [../main_5_slices.cpp:214->../main_5_slices.cpp:380]   --->   Operation 155 'load' 'fc_1_W_load' <Predicate = (!icmp_ln209_1)> <Delay = 1.20> <CoreInst = "ROM">   --->   Core 94 'ROM' <Latency = 3> <II = 1> <Delay = 1.20> <Storage> <Opcode : 'load'> <Ports = 0> <Width = 16> <Depth = 16384> <ROM>
ST_23 : Operation 156 [4/4] (4.70ns)   --->   "%mul9_i1 = hmul i16 %y_load, i16 %fc_1_W_load" [../main_5_slices.cpp:214->../main_5_slices.cpp:380]   --->   Operation 156 'hmul' 'mul9_i1' <Predicate = (!icmp_ln209_1)> <Delay = 4.70> <CoreInst = "HMul_maxdsp">   --->   Core 60 'HMul_maxdsp' <Latency = 3> <II = 1> <Delay = 4.70> <FuncUnit> <Opcode : 'hmul'> <InPorts = 2> <OutPorts = 1>

State 24 <SV = 11> <Delay = 4.70>
ST_24 : Operation 157 [3/4] (4.70ns)   --->   "%mul9_i1 = hmul i16 %y_load, i16 %fc_1_W_load" [../main_5_slices.cpp:214->../main_5_slices.cpp:380]   --->   Operation 157 'hmul' 'mul9_i1' <Predicate = true> <Delay = 4.70> <CoreInst = "HMul_maxdsp">   --->   Core 60 'HMul_maxdsp' <Latency = 3> <II = 1> <Delay = 4.70> <FuncUnit> <Opcode : 'hmul'> <InPorts = 2> <OutPorts = 1>

State 25 <SV = 12> <Delay = 4.70>
ST_25 : Operation 158 [2/4] (4.70ns)   --->   "%mul9_i1 = hmul i16 %y_load, i16 %fc_1_W_load" [../main_5_slices.cpp:214->../main_5_slices.cpp:380]   --->   Operation 158 'hmul' 'mul9_i1' <Predicate = true> <Delay = 4.70> <CoreInst = "HMul_maxdsp">   --->   Core 60 'HMul_maxdsp' <Latency = 3> <II = 1> <Delay = 4.70> <FuncUnit> <Opcode : 'hmul'> <InPorts = 2> <OutPorts = 1>

State 26 <SV = 13> <Delay = 4.70>
ST_26 : Operation 159 [1/4] (4.70ns)   --->   "%mul9_i1 = hmul i16 %y_load, i16 %fc_1_W_load" [../main_5_slices.cpp:214->../main_5_slices.cpp:380]   --->   Operation 159 'hmul' 'mul9_i1' <Predicate = true> <Delay = 4.70> <CoreInst = "HMul_maxdsp">   --->   Core 60 'HMul_maxdsp' <Latency = 3> <II = 1> <Delay = 4.70> <FuncUnit> <Opcode : 'hmul'> <InPorts = 2> <OutPorts = 1>

State 27 <SV = 14> <Delay = 5.94>
ST_27 : Operation 160 [1/1] (0.00ns)   --->   "%acc_2_load = load i16 %acc_2" [../main_5_slices.cpp:210->../main_5_slices.cpp:380]   --->   Operation 160 'load' 'acc_2_load' <Predicate = (!icmp_ln212_2)> <Delay = 0.00>
ST_27 : Operation 161 [1/1] (0.51ns)   --->   "%select_ln210_3 = select i1 %icmp_ln212_2, i16 0, i16 %acc_2_load" [../main_5_slices.cpp:210->../main_5_slices.cpp:380]   --->   Operation 161 'select' 'select_ln210_3' <Predicate = true> <Delay = 0.51> <CoreInst = "Sel">   --->   Core 73 'Sel' <Latency = 0> <II = 1> <Delay = 0.51> <FuncUnit> <Opcode : 'select'> <InPorts = 3> <OutPorts = 1>
ST_27 : Operation 162 [5/5] (5.42ns)   --->   "%acc_3 = hadd i16 %select_ln210_3, i16 %mul9_i1" [../main_5_slices.cpp:214->../main_5_slices.cpp:380]   --->   Operation 162 'hadd' 'acc_3' <Predicate = true> <Delay = 5.42> <CoreInst = "HAddSub_fulldsp">   --->   Core 55 'HAddSub_fulldsp' <Latency = 4> <II = 1> <Delay = 5.42> <FuncUnit> <Opcode : 'hadd' 'hsub'> <InPorts = 2> <OutPorts = 1>

State 28 <SV = 15> <Delay = 5.42>
ST_28 : Operation 163 [4/5] (5.42ns)   --->   "%acc_3 = hadd i16 %select_ln210_3, i16 %mul9_i1" [../main_5_slices.cpp:214->../main_5_slices.cpp:380]   --->   Operation 163 'hadd' 'acc_3' <Predicate = true> <Delay = 5.42> <CoreInst = "HAddSub_fulldsp">   --->   Core 55 'HAddSub_fulldsp' <Latency = 4> <II = 1> <Delay = 5.42> <FuncUnit> <Opcode : 'hadd' 'hsub'> <InPorts = 2> <OutPorts = 1>

State 29 <SV = 16> <Delay = 5.42>
ST_29 : Operation 164 [3/5] (5.42ns)   --->   "%acc_3 = hadd i16 %select_ln210_3, i16 %mul9_i1" [../main_5_slices.cpp:214->../main_5_slices.cpp:380]   --->   Operation 164 'hadd' 'acc_3' <Predicate = true> <Delay = 5.42> <CoreInst = "HAddSub_fulldsp">   --->   Core 55 'HAddSub_fulldsp' <Latency = 4> <II = 1> <Delay = 5.42> <FuncUnit> <Opcode : 'hadd' 'hsub'> <InPorts = 2> <OutPorts = 1>

State 30 <SV = 17> <Delay = 5.42>
ST_30 : Operation 165 [2/5] (5.42ns)   --->   "%acc_3 = hadd i16 %select_ln210_3, i16 %mul9_i1" [../main_5_slices.cpp:214->../main_5_slices.cpp:380]   --->   Operation 165 'hadd' 'acc_3' <Predicate = true> <Delay = 5.42> <CoreInst = "HAddSub_fulldsp">   --->   Core 55 'HAddSub_fulldsp' <Latency = 4> <II = 1> <Delay = 5.42> <FuncUnit> <Opcode : 'hadd' 'hsub'> <InPorts = 2> <OutPorts = 1>

State 31 <SV = 18> <Delay = 6.63>
ST_31 : Operation 166 [1/1] (0.00ns)   --->   "%specpipeline_ln210 = specpipeline void @_ssdm_op_SpecPipeline, i32 0, i32 0, i32 1, i32 0, void @empty_18" [../main_5_slices.cpp:210->../main_5_slices.cpp:380]   --->   Operation 166 'specpipeline' 'specpipeline_ln210' <Predicate = true> <Delay = 0.00>
ST_31 : Operation 167 [1/1] (0.00ns)   --->   "%specloopname_ln0 = specloopname void @_ssdm_op_SpecLoopName, void @OuterLoopDense_InnerLoopDense_str"   --->   Operation 167 'specloopname' 'specloopname_ln0' <Predicate = true> <Delay = 0.00>
ST_31 : Operation 168 [1/1] (0.00ns)   --->   "%speclooptripcount_ln0 = speclooptripcount void @_ssdm_op_SpecLoopTripCount, i64 16384, i64 16384, i64 16384"   --->   Operation 168 'speclooptripcount' 'speclooptripcount_ln0' <Predicate = true> <Delay = 0.00>
ST_31 : Operation 169 [1/1] (0.00ns)   --->   "%specpipeline_ln210 = specpipeline void @_ssdm_op_SpecPipeline, i32 0, i32 0, i32 1, i32 0, void @empty_18" [../main_5_slices.cpp:210->../main_5_slices.cpp:380]   --->   Operation 169 'specpipeline' 'specpipeline_ln210' <Predicate = true> <Delay = 0.00>
ST_31 : Operation 170 [1/1] (0.00ns)   --->   "%specpipeline_ln208 = specpipeline void @_ssdm_op_SpecPipeline, i32 4294967295, i32 0, i32 0, i32 0, void @empty_18" [../main_5_slices.cpp:208->../main_5_slices.cpp:380]   --->   Operation 170 'specpipeline' 'specpipeline_ln208' <Predicate = true> <Delay = 0.00>
ST_31 : Operation 171 [1/5] (5.42ns)   --->   "%acc_3 = hadd i16 %select_ln210_3, i16 %mul9_i1" [../main_5_slices.cpp:214->../main_5_slices.cpp:380]   --->   Operation 171 'hadd' 'acc_3' <Predicate = true> <Delay = 5.42> <CoreInst = "HAddSub_fulldsp">   --->   Core 55 'HAddSub_fulldsp' <Latency = 4> <II = 1> <Delay = 5.42> <FuncUnit> <Opcode : 'hadd' 'hsub'> <InPorts = 2> <OutPorts = 1>
ST_31 : Operation 172 [2/2] (1.20ns)   --->   "%store_ln216 = store i16 %acc_3, i7 %z1_addr" [../main_5_slices.cpp:216->../main_5_slices.cpp:380]   --->   Operation 172 'store' 'store_ln216' <Predicate = (icmp_ln212_3)> <Delay = 1.20> <CoreInst = "RAM">   --->   Core 81 'RAM' <Latency = 3> <II = 1> <Delay = 1.20> <Storage> <Opcode : 'load' 'store'> <Ports = 2> <Width = 16> <Depth = 128> <RAM>
ST_31 : Operation 173 [1/1] (1.14ns)   --->   "%store_ln208 = store i16 %acc_3, i16 %acc_2" [../main_5_slices.cpp:208->../main_5_slices.cpp:380]   --->   Operation 173 'store' 'store_ln208' <Predicate = true> <Delay = 1.14>
ST_31 : Operation 174 [1/1] (0.00ns)   --->   "%br_ln212 = br void %for.inc.i9" [../main_5_slices.cpp:212->../main_5_slices.cpp:380]   --->   Operation 174 'br' 'br_ln212' <Predicate = true> <Delay = 0.00>

State 32 <SV = 19> <Delay = 1.20>
ST_32 : Operation 175 [1/2] ( I:1.20ns O:1.20ns )   --->   "%store_ln216 = store i16 %acc_3, i7 %z1_addr" [../main_5_slices.cpp:216->../main_5_slices.cpp:380]   --->   Operation 175 'store' 'store_ln216' <Predicate = (icmp_ln212_3)> <Delay = 1.20> <CoreInst = "RAM">   --->   Core 81 'RAM' <Latency = 3> <II = 1> <Delay = 1.20> <Storage> <Opcode : 'load' 'store'> <Ports = 2> <Width = 16> <Depth = 128> <RAM>
ST_32 : Operation 176 [1/1] (0.00ns)   --->   "%br_ln212 = br void %new.latch.for.inc.split.i16" [../main_5_slices.cpp:212->../main_5_slices.cpp:380]   --->   Operation 176 'br' 'br_ln212' <Predicate = (icmp_ln212_3)> <Delay = 0.00>

State 33 <SV = 8> <Delay = 0.00>
ST_33 : Operation 177 [2/2] (0.00ns)   --->   "%call_ln0 = call void @run_model_Pipeline_Loop_BN1, i16 %z1, i16 %fc_1_bn_var, i16 %fc_1_bn_gamma"   --->   Operation 177 'call' 'call_ln0' <Predicate = true> <Delay = 0.00> <CoreType = "Generic">   --->   Generic Core

State 34 <SV = 9> <Delay = 0.00>
ST_34 : Operation 178 [1/2] (0.00ns)   --->   "%call_ln0 = call void @run_model_Pipeline_Loop_BN1, i16 %z1, i16 %fc_1_bn_var, i16 %fc_1_bn_gamma"   --->   Operation 178 'call' 'call_ln0' <Predicate = true> <Delay = 0.00> <CoreType = "Generic">   --->   Generic Core

State 35 <SV = 10> <Delay = 0.00>
ST_35 : Operation 179 [2/2] (0.00ns)   --->   "%call_ln0 = call void @run_model_Pipeline_ReLULoop2, i16 %z1"   --->   Operation 179 'call' 'call_ln0' <Predicate = true> <Delay = 0.00> <CoreType = "Generic">   --->   Generic Core

State 36 <SV = 11> <Delay = 0.00>
ST_36 : Operation 180 [1/2] (0.00ns)   --->   "%call_ln0 = call void @run_model_Pipeline_ReLULoop2, i16 %z1"   --->   Operation 180 'call' 'call_ln0' <Predicate = true> <Delay = 0.00> <CoreType = "Generic">   --->   Generic Core
ST_36 : Operation 181 [1/1] (0.00ns)   --->   "%ret_ln387 = ret" [../main_5_slices.cpp:387]   --->   Operation 181 'ret' 'ret_ln387' <Predicate = true> <Delay = 0.00>


============================================================
+ Verbose Summary: Binding
============================================================
STG Binding: 
---------------- STG Properties BEGIN ----------------
- Is combinational: 0
- Is one-state seq: 0
- Is datapath-only: 0
- Is pipelined: 0
- Is top level: 1
Port [ Return ] is wired: 1; IO mode=ap_ctrl_hs:ce=0
Port [ y_hat_out]:  wired=1; compound=0; hidden=0; nouse=1; global=0; static=0; extern=0; dir=0; type=0; pingpong=0; private_global=0; IO mode=ap_none:ce=0
Port [ h_slice]:  wired=0; compound=1; hidden=1; nouse=1; global=1; static=1; extern=0; dir=2; type=1; pingpong=0; private_global=0; MemPort=[21]; IO mode=ap_memory:ce=0
Port [ c_slice]:  wired=0; compound=1; hidden=1; nouse=1; global=1; static=1; extern=0; dir=2; type=1; pingpong=0; private_global=0; MemPort=[01]; IO mode=ap_memory:ce=0
Port [ U_slice]:  wired=0; compound=1; hidden=1; nouse=1; global=1; static=1; extern=0; dir=2; type=1; pingpong=0; private_global=0; MemPort=[23]; IO mode=ap_memory:ce=0
Port [ LSTM_W_ifog0]:  wired=0; compound=1; hidden=1; nouse=1; global=1; static=1; extern=0; dir=0; type=1; pingpong=0; private_global=0; MemPort=[1]; IO mode=ap_memory:ce=0
Port [ LSTM_R_ifog0]:  wired=0; compound=1; hidden=1; nouse=1; global=1; static=1; extern=0; dir=0; type=1; pingpong=0; private_global=0; MemPort=[1]; IO mode=ap_memory:ce=0
Port [ BN2_var0]:  wired=0; compound=1; hidden=1; nouse=1; global=1; static=1; extern=0; dir=0; type=1; pingpong=0; private_global=0; MemPort=[1]; IO mode=ap_memory:ce=0
Port [ BN2_gamma0]:  wired=0; compound=1; hidden=1; nouse=1; global=1; static=1; extern=0; dir=0; type=1; pingpong=0; private_global=0; MemPort=[1]; IO mode=ap_memory:ce=0
Port [ X_slice12]:  wired=0; compound=1; hidden=1; nouse=1; global=1; static=1; extern=0; dir=0; type=1; pingpong=0; private_global=0; MemPort=[1]; IO mode=ap_memory:ce=0
Port [ ConvW1]:  wired=0; compound=1; hidden=1; nouse=1; global=1; static=1; extern=0; dir=0; type=1; pingpong=0; private_global=0; MemPort=[1]; IO mode=ap_memory:ce=0
Port [ LSTM_W_ifog1]:  wired=0; compound=1; hidden=1; nouse=1; global=1; static=1; extern=0; dir=0; type=1; pingpong=0; private_global=0; MemPort=[1]; IO mode=ap_memory:ce=0
Port [ LSTM_R_ifog1]:  wired=0; compound=1; hidden=1; nouse=1; global=1; static=1; extern=0; dir=0; type=1; pingpong=0; private_global=0; MemPort=[1]; IO mode=ap_memory:ce=0
Port [ BN2_var1]:  wired=0; compound=1; hidden=1; nouse=1; global=1; static=1; extern=0; dir=0; type=1; pingpong=0; private_global=0; MemPort=[1]; IO mode=ap_memory:ce=0
Port [ BN2_gamma1]:  wired=0; compound=1; hidden=1; nouse=1; global=1; static=1; extern=0; dir=0; type=1; pingpong=0; private_global=0; MemPort=[1]; IO mode=ap_memory:ce=0
Port [ X_slice27]:  wired=0; compound=1; hidden=1; nouse=1; global=1; static=1; extern=0; dir=0; type=1; pingpong=0; private_global=0; MemPort=[1]; IO mode=ap_memory:ce=0
Port [ ConvW2]:  wired=0; compound=1; hidden=1; nouse=1; global=1; static=1; extern=0; dir=0; type=1; pingpong=0; private_global=0; MemPort=[1]; IO mode=ap_memory:ce=0
Port [ LSTM_W_ifog2]:  wired=0; compound=1; hidden=1; nouse=1; global=1; static=1; extern=0; dir=0; type=1; pingpong=0; private_global=0; MemPort=[1]; IO mode=ap_memory:ce=0
Port [ LSTM_R_ifog2]:  wired=0; compound=1; hidden=1; nouse=1; global=1; static=1; extern=0; dir=0; type=1; pingpong=0; private_global=0; MemPort=[1]; IO mode=ap_memory:ce=0
Port [ BN2_var2]:  wired=0; compound=1; hidden=1; nouse=1; global=1; static=1; extern=0; dir=0; type=1; pingpong=0; private_global=0; MemPort=[1]; IO mode=ap_memory:ce=0
Port [ BN2_gamma2]:  wired=0; compound=1; hidden=1; nouse=1; global=1; static=1; extern=0; dir=0; type=1; pingpong=0; private_global=0; MemPort=[1]; IO mode=ap_memory:ce=0
Port [ X_slice42]:  wired=0; compound=1; hidden=1; nouse=1; global=1; static=1; extern=0; dir=0; type=1; pingpong=0; private_global=0; MemPort=[1]; IO mode=ap_memory:ce=0
Port [ ConvW3]:  wired=0; compound=1; hidden=1; nouse=1; global=1; static=1; extern=0; dir=0; type=1; pingpong=0; private_global=0; MemPort=[1]; IO mode=ap_memory:ce=0
Port [ LSTM_W_ifog3]:  wired=0; compound=1; hidden=1; nouse=1; global=1; static=1; extern=0; dir=0; type=1; pingpong=0; private_global=0; MemPort=[1]; IO mode=ap_memory:ce=0
Port [ LSTM_R_ifog3]:  wired=0; compound=1; hidden=1; nouse=1; global=1; static=1; extern=0; dir=0; type=1; pingpong=0; private_global=0; MemPort=[1]; IO mode=ap_memory:ce=0
Port [ BN2_var3]:  wired=0; compound=1; hidden=1; nouse=1; global=1; static=1; extern=0; dir=0; type=1; pingpong=0; private_global=0; MemPort=[1]; IO mode=ap_memory:ce=0
Port [ BN2_gamma3]:  wired=0; compound=1; hidden=1; nouse=1; global=1; static=1; extern=0; dir=0; type=1; pingpong=0; private_global=0; MemPort=[1]; IO mode=ap_memory:ce=0
Port [ X_slice57]:  wired=0; compound=1; hidden=1; nouse=1; global=1; static=1; extern=0; dir=0; type=1; pingpong=0; private_global=0; MemPort=[1]; IO mode=ap_memory:ce=0
Port [ ConvW4]:  wired=0; compound=1; hidden=1; nouse=1; global=1; static=1; extern=0; dir=0; type=1; pingpong=0; private_global=0; MemPort=[1]; IO mode=ap_memory:ce=0
Port [ LSTM_W_ifog4]:  wired=0; compound=1; hidden=1; nouse=1; global=1; static=1; extern=0; dir=0; type=1; pingpong=0; private_global=0; MemPort=[1]; IO mode=ap_memory:ce=0
Port [ LSTM_R_ifog4]:  wired=0; compound=1; hidden=1; nouse=1; global=1; static=1; extern=0; dir=0; type=1; pingpong=0; private_global=0; MemPort=[1]; IO mode=ap_memory:ce=0
Port [ BN2_var4]:  wired=0; compound=1; hidden=1; nouse=1; global=1; static=1; extern=0; dir=0; type=1; pingpong=0; private_global=0; MemPort=[1]; IO mode=ap_memory:ce=0
Port [ BN2_gamma4]:  wired=0; compound=1; hidden=1; nouse=1; global=1; static=1; extern=0; dir=0; type=1; pingpong=0; private_global=0; MemPort=[1]; IO mode=ap_memory:ce=0
Port [ fc_0_bn_var]:  wired=0; compound=1; hidden=1; nouse=1; global=1; static=1; extern=0; dir=0; type=1; pingpong=0; private_global=0; MemPort=[1]; IO mode=ap_memory:ce=0
Port [ fc_0_bn_gamma]:  wired=0; compound=1; hidden=1; nouse=1; global=1; static=1; extern=0; dir=0; type=1; pingpong=0; private_global=0; MemPort=[1]; IO mode=ap_memory:ce=0
Port [ fc_0_W]:  wired=0; compound=1; hidden=1; nouse=0; global=1; static=1; extern=0; dir=0; type=1; pingpong=0; private_global=1; MemPort=[1]; IO mode=ap_memory:ce=0
Port [ fc_1_bn_var]:  wired=0; compound=1; hidden=1; nouse=1; global=1; static=1; extern=0; dir=0; type=1; pingpong=0; private_global=0; MemPort=[1]; IO mode=ap_memory:ce=0
Port [ fc_1_bn_gamma]:  wired=0; compound=1; hidden=1; nouse=1; global=1; static=1; extern=0; dir=0; type=1; pingpong=0; private_global=0; MemPort=[1]; IO mode=ap_memory:ce=0
Port [ fc_1_W]:  wired=0; compound=1; hidden=1; nouse=0; global=1; static=1; extern=0; dir=0; type=1; pingpong=0; private_global=1; MemPort=[1]; IO mode=ap_memory:ce=0
---------------- STG Properties END ------------------

---------------- Datapath Model BEGIN ----------------

<LifeTime>
<method=bitvector/>
acc                   (alloca           ) [ 0111111111111111000000000000000000000]
i                     (alloca           ) [ 0111111111111111000000000000000000000]
j_2                   (alloca           ) [ 0111111111111111000000000000000000000]
indvar_flatten        (alloca           ) [ 0111111111111111000000000000000000000]
merged                (alloca           ) [ 0011111111111111000000000000000000000]
z0                    (alloca           ) [ 0011111111111111111111111111111110000]
z1                    (alloca           ) [ 0011111111111111111111111111111111111]
store_ln0             (store            ) [ 0000000000000000000000000000000000000]
store_ln209           (store            ) [ 0000000000000000000000000000000000000]
store_ln212           (store            ) [ 0000000000000000000000000000000000000]
store_ln208           (store            ) [ 0000000000000000000000000000000000000]
spectopmodule_ln365   (spectopmodule    ) [ 0000000000000000000000000000000000000]
specbitsmap_ln0       (specbitsmap      ) [ 0000000000000000000000000000000000000]
specinterface_ln0     (specinterface    ) [ 0000000000000000000000000000000000000]
call_ln369            (call             ) [ 0000000000000000000000000000000000000]
br_ln209              (br               ) [ 0000000000000000000000000000000000000]
indvar_flatten_load   (load             ) [ 0000000000000000000000000000000000000]
specpipeline_ln210    (specpipeline     ) [ 0000000000000000000000000000000000000]
icmp_ln209            (icmp             ) [ 0001111111111111000000000000000000000]
add_ln209             (add              ) [ 0000000000000000000000000000000000000]
br_ln209              (br               ) [ 0000000000000000000000000000000000000]
i_load                (load             ) [ 0000000000000000000000000000000000000]
j_2_load              (load             ) [ 0000000000000000000000000000000000000]
icmp_ln212            (icmp             ) [ 0001111111100000000000000000000000000]
select_ln210          (select           ) [ 0000000000000000000000000000000000000]
add_ln209_1           (add              ) [ 0000000000000000000000000000000000000]
select_ln209          (select           ) [ 0000000000000000000000000000000000000]
zext_ln209            (zext             ) [ 0000000000000000000000000000000000000]
zext_ln209_1          (zext             ) [ 0000000000000000000000000000000000000]
zext_ln212            (zext             ) [ 0000000000000000000000000000000000000]
x_addr                (getelementptr    ) [ 0000100000000000000000000000000000000]
trunc_ln214           (trunc            ) [ 0000000000000000000000000000000000000]
shl_ln                (bitconcatenate   ) [ 0000000000000000000000000000000000000]
add_ln214             (add              ) [ 0000000000000000000000000000000000000]
zext_ln214            (zext             ) [ 0000000000000000000000000000000000000]
fc_0_W_addr           (getelementptr    ) [ 0000111000000000000000000000000000000]
add_ln212             (add              ) [ 0000000000000000000000000000000000000]
icmp_ln212_1          (icmp             ) [ 0001111111111111000000000000000000000]
y_addr                (getelementptr    ) [ 0001111111111111000000000000000000000]
br_ln212              (br               ) [ 0000000000000000000000000000000000000]
store_ln209           (store            ) [ 0000000000000000000000000000000000000]
store_ln209           (store            ) [ 0000000000000000000000000000000000000]
store_ln212           (store            ) [ 0000000000000000000000000000000000000]
x_load                (load             ) [ 0001111111000000000000000000000000000]
fc_0_W_load           (load             ) [ 0001110111000000000000000000000000000]
mul9_i                (hmul             ) [ 0001111000111110000000000000000000000]
acc_load              (load             ) [ 0000000000000000000000000000000000000]
select_ln210_1        (select           ) [ 0001111000011110000000000000000000000]
specpipeline_ln210    (specpipeline     ) [ 0000000000000000000000000000000000000]
specloopname_ln0      (specloopname     ) [ 0000000000000000000000000000000000000]
speclooptripcount_ln0 (speclooptripcount) [ 0000000000000000000000000000000000000]
specpipeline_ln210    (specpipeline     ) [ 0000000000000000000000000000000000000]
specpipeline_ln208    (specpipeline     ) [ 0000000000000000000000000000000000000]
acc_1                 (hadd             ) [ 0001000000000001000000000000000000000]
store_ln208           (store            ) [ 0000000000000000000000000000000000000]
br_ln212              (br               ) [ 0000000000000000000000000000000000000]
store_ln216           (store            ) [ 0000000000000000000000000000000000000]
br_ln212              (br               ) [ 0000000000000000000000000000000000000]
acc_2                 (alloca           ) [ 0000000000000000111111111111111110000]
i_1                   (alloca           ) [ 0000000000000000111111111111111110000]
j                     (alloca           ) [ 0000000000000000111111111111111110000]
indvar_flatten6       (alloca           ) [ 0000000000000000111111111111111110000]
store_ln0             (store            ) [ 0000000000000000000000000000000000000]
store_ln209           (store            ) [ 0000000000000000000000000000000000000]
store_ln212           (store            ) [ 0000000000000000000000000000000000000]
store_ln208           (store            ) [ 0000000000000000000000000000000000000]
call_ln0              (call             ) [ 0000000000000000000000000000000000000]
call_ln0              (call             ) [ 0000000000000000000000000000000000000]
br_ln210              (br               ) [ 0000000000000000000000000000000000000]
indvar_flatten6_load  (load             ) [ 0000000000000000000000000000000000000]
specpipeline_ln210    (specpipeline     ) [ 0000000000000000000000000000000000000]
icmp_ln209_1          (icmp             ) [ 0000000000000000000011111111111110000]
add_ln209_2           (add              ) [ 0000000000000000000000000000000000000]
br_ln209              (br               ) [ 0000000000000000000000000000000000000]
i_1_load              (load             ) [ 0000000000000000000000000000000000000]
j_load                (load             ) [ 0000000000000000000000000000000000000]
icmp_ln212_2          (icmp             ) [ 0000000000000000000011111111000000000]
select_ln210_2        (select           ) [ 0000000000000000000000000000000000000]
add_ln209_3           (add              ) [ 0000000000000000000000000000000000000]
select_ln209_1        (select           ) [ 0000000000000000000000000000000000000]
zext_ln209_2          (zext             ) [ 0000000000000000000000000000000000000]
zext_ln209_3          (zext             ) [ 0000000000000000000000000000000000000]
zext_ln212_1          (zext             ) [ 0000000000000000000000000000000000000]
y_addr_1              (getelementptr    ) [ 0000000000000000000001110000000000000]
trunc_ln214_1         (trunc            ) [ 0000000000000000000000000000000000000]
shl_ln214_1           (bitconcatenate   ) [ 0000000000000000000000000000000000000]
add_ln214_1           (add              ) [ 0000000000000000000000000000000000000]
zext_ln214_1          (zext             ) [ 0000000000000000000000000000000000000]
fc_1_W_addr           (getelementptr    ) [ 0000000000000000000001110000000000000]
add_ln212_1           (add              ) [ 0000000000000000000000000000000000000]
icmp_ln212_3          (icmp             ) [ 0000000000000000000011111111111110000]
z1_addr               (getelementptr    ) [ 0000000000000000000011111111111110000]
br_ln212              (br               ) [ 0000000000000000000000000000000000000]
store_ln209           (store            ) [ 0000000000000000000000000000000000000]
store_ln209           (store            ) [ 0000000000000000000000000000000000000]
store_ln212           (store            ) [ 0000000000000000000000000000000000000]
y_load                (load             ) [ 0000000000000000000011101110000000000]
fc_1_W_load           (load             ) [ 0000000000000000000011101110000000000]
mul9_i1               (hmul             ) [ 0000000000000000000011110001111100000]
acc_2_load            (load             ) [ 0000000000000000000000000000000000000]
select_ln210_3        (select           ) [ 0000000000000000000011110000111100000]
specpipeline_ln210    (specpipeline     ) [ 0000000000000000000000000000000000000]
specloopname_ln0      (specloopname     ) [ 0000000000000000000000000000000000000]
speclooptripcount_ln0 (speclooptripcount) [ 0000000000000000000000000000000000000]
specpipeline_ln210    (specpipeline     ) [ 0000000000000000000000000000000000000]
specpipeline_ln208    (specpipeline     ) [ 0000000000000000000000000000000000000]
acc_3                 (hadd             ) [ 0000000000000000000010000000000010000]
store_ln208           (store            ) [ 0000000000000000000000000000000000000]
br_ln212              (br               ) [ 0000000000000000000000000000000000000]
store_ln216           (store            ) [ 0000000000000000000000000000000000000]
br_ln212              (br               ) [ 0000000000000000000000000000000000000]
call_ln0              (call             ) [ 0000000000000000000000000000000000000]
call_ln0              (call             ) [ 0000000000000000000000000000000000000]
ret_ln387             (ret              ) [ 0000000000000000000000000000000000000]
</LifeTime>

<model>

<comp_list>
<comp id="0" class="1000" name="y_hat_out">
<pin_list>
<pin id="1" dir="1" index="0" bw="1" slack="2147483647"/>
</pin_list>
<bind>
<StgValue><ssdm name="y_hat_out"/></StgValue>
</bind>
</comp>

<comp id="2" class="1000" name="h_slice">
<pin_list>
<pin id="3" dir="1" index="0" bw="1" slack="0"/>
</pin_list>
<bind>
<StgValue><ssdm name="h_slice"/><MemPortTyVec>2 1 </MemPortTyVec>
</StgValue>
</bind>
</comp>

<comp id="4" class="1000" name="c_slice">
<pin_list>
<pin id="5" dir="1" index="0" bw="1" slack="0"/>
</pin_list>
<bind>
<StgValue><ssdm name="c_slice"/><MemPortTyVec>0 1 </MemPortTyVec>
</StgValue>
</bind>
</comp>

<comp id="6" class="1000" name="U_slice">
<pin_list>
<pin id="7" dir="1" index="0" bw="1" slack="0"/>
</pin_list>
<bind>
<StgValue><ssdm name="U_slice"/><MemPortTyVec>2 3 </MemPortTyVec>
</StgValue>
</bind>
</comp>

<comp id="8" class="1000" name="LSTM_W_ifog0">
<pin_list>
<pin id="9" dir="1" index="0" bw="1" slack="0"/>
</pin_list>
<bind>
<StgValue><ssdm name="LSTM_W_ifog0"/><MemPortTyVec>1 </MemPortTyVec>
</StgValue>
</bind>
</comp>

<comp id="10" class="1000" name="LSTM_R_ifog0">
<pin_list>
<pin id="11" dir="1" index="0" bw="1" slack="0"/>
</pin_list>
<bind>
<StgValue><ssdm name="LSTM_R_ifog0"/><MemPortTyVec>1 </MemPortTyVec>
</StgValue>
</bind>
</comp>

<comp id="12" class="1000" name="BN2_var0">
<pin_list>
<pin id="13" dir="1" index="0" bw="1" slack="0"/>
</pin_list>
<bind>
<StgValue><ssdm name="BN2_var0"/><MemPortTyVec>1 </MemPortTyVec>
</StgValue>
</bind>
</comp>

<comp id="14" class="1000" name="BN2_gamma0">
<pin_list>
<pin id="15" dir="1" index="0" bw="1" slack="0"/>
</pin_list>
<bind>
<StgValue><ssdm name="BN2_gamma0"/><MemPortTyVec>1 </MemPortTyVec>
</StgValue>
</bind>
</comp>

<comp id="16" class="1000" name="X_slice12">
<pin_list>
<pin id="17" dir="1" index="0" bw="1" slack="0"/>
</pin_list>
<bind>
<StgValue><ssdm name="X_slice12"/><MemPortTyVec>1 </MemPortTyVec>
</StgValue>
</bind>
</comp>

<comp id="18" class="1000" name="ConvW1">
<pin_list>
<pin id="19" dir="1" index="0" bw="1" slack="0"/>
</pin_list>
<bind>
<StgValue><ssdm name="ConvW1"/><MemPortTyVec>1 </MemPortTyVec>
</StgValue>
</bind>
</comp>

<comp id="20" class="1000" name="LSTM_W_ifog1">
<pin_list>
<pin id="21" dir="1" index="0" bw="1" slack="0"/>
</pin_list>
<bind>
<StgValue><ssdm name="LSTM_W_ifog1"/><MemPortTyVec>1 </MemPortTyVec>
</StgValue>
</bind>
</comp>

<comp id="22" class="1000" name="LSTM_R_ifog1">
<pin_list>
<pin id="23" dir="1" index="0" bw="1" slack="0"/>
</pin_list>
<bind>
<StgValue><ssdm name="LSTM_R_ifog1"/><MemPortTyVec>1 </MemPortTyVec>
</StgValue>
</bind>
</comp>

<comp id="24" class="1000" name="BN2_var1">
<pin_list>
<pin id="25" dir="1" index="0" bw="1" slack="0"/>
</pin_list>
<bind>
<StgValue><ssdm name="BN2_var1"/><MemPortTyVec>1 </MemPortTyVec>
</StgValue>
</bind>
</comp>

<comp id="26" class="1000" name="BN2_gamma1">
<pin_list>
<pin id="27" dir="1" index="0" bw="1" slack="0"/>
</pin_list>
<bind>
<StgValue><ssdm name="BN2_gamma1"/><MemPortTyVec>1 </MemPortTyVec>
</StgValue>
</bind>
</comp>

<comp id="28" class="1000" name="X_slice27">
<pin_list>
<pin id="29" dir="1" index="0" bw="1" slack="0"/>
</pin_list>
<bind>
<StgValue><ssdm name="X_slice27"/><MemPortTyVec>1 </MemPortTyVec>
</StgValue>
</bind>
</comp>

<comp id="30" class="1000" name="ConvW2">
<pin_list>
<pin id="31" dir="1" index="0" bw="1" slack="0"/>
</pin_list>
<bind>
<StgValue><ssdm name="ConvW2"/><MemPortTyVec>1 </MemPortTyVec>
</StgValue>
</bind>
</comp>

<comp id="32" class="1000" name="LSTM_W_ifog2">
<pin_list>
<pin id="33" dir="1" index="0" bw="1" slack="0"/>
</pin_list>
<bind>
<StgValue><ssdm name="LSTM_W_ifog2"/><MemPortTyVec>1 </MemPortTyVec>
</StgValue>
</bind>
</comp>

<comp id="34" class="1000" name="LSTM_R_ifog2">
<pin_list>
<pin id="35" dir="1" index="0" bw="1" slack="0"/>
</pin_list>
<bind>
<StgValue><ssdm name="LSTM_R_ifog2"/><MemPortTyVec>1 </MemPortTyVec>
</StgValue>
</bind>
</comp>

<comp id="36" class="1000" name="BN2_var2">
<pin_list>
<pin id="37" dir="1" index="0" bw="1" slack="0"/>
</pin_list>
<bind>
<StgValue><ssdm name="BN2_var2"/><MemPortTyVec>1 </MemPortTyVec>
</StgValue>
</bind>
</comp>

<comp id="38" class="1000" name="BN2_gamma2">
<pin_list>
<pin id="39" dir="1" index="0" bw="1" slack="0"/>
</pin_list>
<bind>
<StgValue><ssdm name="BN2_gamma2"/><MemPortTyVec>1 </MemPortTyVec>
</StgValue>
</bind>
</comp>

<comp id="40" class="1000" name="X_slice42">
<pin_list>
<pin id="41" dir="1" index="0" bw="1" slack="0"/>
</pin_list>
<bind>
<StgValue><ssdm name="X_slice42"/><MemPortTyVec>1 </MemPortTyVec>
</StgValue>
</bind>
</comp>

<comp id="42" class="1000" name="ConvW3">
<pin_list>
<pin id="43" dir="1" index="0" bw="1" slack="0"/>
</pin_list>
<bind>
<StgValue><ssdm name="ConvW3"/><MemPortTyVec>1 </MemPortTyVec>
</StgValue>
</bind>
</comp>

<comp id="44" class="1000" name="LSTM_W_ifog3">
<pin_list>
<pin id="45" dir="1" index="0" bw="1" slack="0"/>
</pin_list>
<bind>
<StgValue><ssdm name="LSTM_W_ifog3"/><MemPortTyVec>1 </MemPortTyVec>
</StgValue>
</bind>
</comp>

<comp id="46" class="1000" name="LSTM_R_ifog3">
<pin_list>
<pin id="47" dir="1" index="0" bw="1" slack="0"/>
</pin_list>
<bind>
<StgValue><ssdm name="LSTM_R_ifog3"/><MemPortTyVec>1 </MemPortTyVec>
</StgValue>
</bind>
</comp>

<comp id="48" class="1000" name="BN2_var3">
<pin_list>
<pin id="49" dir="1" index="0" bw="1" slack="0"/>
</pin_list>
<bind>
<StgValue><ssdm name="BN2_var3"/><MemPortTyVec>1 </MemPortTyVec>
</StgValue>
</bind>
</comp>

<comp id="50" class="1000" name="BN2_gamma3">
<pin_list>
<pin id="51" dir="1" index="0" bw="1" slack="0"/>
</pin_list>
<bind>
<StgValue><ssdm name="BN2_gamma3"/><MemPortTyVec>1 </MemPortTyVec>
</StgValue>
</bind>
</comp>

<comp id="52" class="1000" name="X_slice57">
<pin_list>
<pin id="53" dir="1" index="0" bw="1" slack="0"/>
</pin_list>
<bind>
<StgValue><ssdm name="X_slice57"/><MemPortTyVec>1 </MemPortTyVec>
</StgValue>
</bind>
</comp>

<comp id="54" class="1000" name="ConvW4">
<pin_list>
<pin id="55" dir="1" index="0" bw="1" slack="0"/>
</pin_list>
<bind>
<StgValue><ssdm name="ConvW4"/><MemPortTyVec>1 </MemPortTyVec>
</StgValue>
</bind>
</comp>

<comp id="56" class="1000" name="LSTM_W_ifog4">
<pin_list>
<pin id="57" dir="1" index="0" bw="1" slack="0"/>
</pin_list>
<bind>
<StgValue><ssdm name="LSTM_W_ifog4"/><MemPortTyVec>1 </MemPortTyVec>
</StgValue>
</bind>
</comp>

<comp id="58" class="1000" name="LSTM_R_ifog4">
<pin_list>
<pin id="59" dir="1" index="0" bw="1" slack="0"/>
</pin_list>
<bind>
<StgValue><ssdm name="LSTM_R_ifog4"/><MemPortTyVec>1 </MemPortTyVec>
</StgValue>
</bind>
</comp>

<comp id="60" class="1000" name="BN2_var4">
<pin_list>
<pin id="61" dir="1" index="0" bw="1" slack="0"/>
</pin_list>
<bind>
<StgValue><ssdm name="BN2_var4"/><MemPortTyVec>1 </MemPortTyVec>
</StgValue>
</bind>
</comp>

<comp id="62" class="1000" name="BN2_gamma4">
<pin_list>
<pin id="63" dir="1" index="0" bw="1" slack="0"/>
</pin_list>
<bind>
<StgValue><ssdm name="BN2_gamma4"/><MemPortTyVec>1 </MemPortTyVec>
</StgValue>
</bind>
</comp>

<comp id="64" class="1000" name="fc_0_bn_var">
<pin_list>
<pin id="65" dir="1" index="0" bw="1" slack="0"/>
</pin_list>
<bind>
<StgValue><ssdm name="fc_0_bn_var"/><MemPortTyVec>1 </MemPortTyVec>
</StgValue>
</bind>
</comp>

<comp id="66" class="1000" name="fc_0_bn_gamma">
<pin_list>
<pin id="67" dir="1" index="0" bw="1" slack="0"/>
</pin_list>
<bind>
<StgValue><ssdm name="fc_0_bn_gamma"/><MemPortTyVec>1 </MemPortTyVec>
</StgValue>
</bind>
</comp>

<comp id="68" class="1000" name="fc_0_W">
<pin_list>
<pin id="69" dir="1" index="0" bw="1" slack="0"/>
</pin_list>
<bind>
<StgValue><ssdm name="fc_0_W"/><MemPortTyVec>1 </MemPortTyVec>
</StgValue>
</bind>
</comp>

<comp id="70" class="1000" name="fc_1_bn_var">
<pin_list>
<pin id="71" dir="1" index="0" bw="1" slack="0"/>
</pin_list>
<bind>
<StgValue><ssdm name="fc_1_bn_var"/><MemPortTyVec>1 </MemPortTyVec>
</StgValue>
</bind>
</comp>

<comp id="72" class="1000" name="fc_1_bn_gamma">
<pin_list>
<pin id="73" dir="1" index="0" bw="1" slack="0"/>
</pin_list>
<bind>
<StgValue><ssdm name="fc_1_bn_gamma"/><MemPortTyVec>1 </MemPortTyVec>
</StgValue>
</bind>
</comp>

<comp id="74" class="1000" name="fc_1_W">
<pin_list>
<pin id="75" dir="1" index="0" bw="1" slack="0"/>
</pin_list>
<bind>
<StgValue><ssdm name="fc_1_W"/><MemPortTyVec>1 </MemPortTyVec>
</StgValue>
</bind>
</comp>

<comp id="76" class="1001" name="const_76">
<pin_list>
<pin id="77" dir="1" index="0" bw="1" slack="0"/>
</pin_list>
<bind>
<StgValue><ssdm name=""/></StgValue>
</bind>
</comp>

<comp id="78" class="1001" name="const_78">
<pin_list>
<pin id="79" dir="1" index="0" bw="1" slack="0"/>
</pin_list>
<bind>
<StgValue><ssdm name=""/></StgValue>
</bind>
</comp>

<comp id="80" class="1001" name="const_80">
<pin_list>
<pin id="81" dir="1" index="0" bw="1" slack="0"/>
</pin_list>
<bind>
<StgValue><ssdm name="run_all_slices_unrolled"/></StgValue>
</bind>
</comp>

<comp id="82" class="1001" name="const_82">
<pin_list>
<pin id="83" dir="1" index="0" bw="1" slack="0"/>
</pin_list>
<bind>
<StgValue><ssdm name=""/></StgValue>
</bind>
</comp>

<comp id="84" class="1001" name="const_84">
<pin_list>
<pin id="85" dir="1" index="0" bw="1" slack="0"/>
</pin_list>
<bind>
<StgValue><ssdm name=""/></StgValue>
</bind>
</comp>

<comp id="86" class="1001" name="const_86">
<pin_list>
<pin id="87" dir="1" index="0" bw="1" slack="0"/>
</pin_list>
<bind>
<StgValue><ssdm name=""/></StgValue>
</bind>
</comp>

<comp id="88" class="1001" name="const_88">
<pin_list>
<pin id="89" dir="1" index="0" bw="1" slack="0"/>
</pin_list>
<bind>
<StgValue><ssdm name=""/></StgValue>
</bind>
</comp>

<comp id="90" class="1001" name="const_90">
<pin_list>
<pin id="91" dir="1" index="0" bw="1" slack="2147483647"/>
</pin_list>
<bind>
<StgValue><ssdm name="_ssdm_op_SpecTopModule"/></StgValue>
</bind>
</comp>

<comp id="92" class="1001" name="const_92">
<pin_list>
<pin id="93" dir="1" index="0" bw="1" slack="2147483647"/>
</pin_list>
<bind>
<StgValue><ssdm name="empty_14"/></StgValue>
</bind>
</comp>

<comp id="94" class="1001" name="const_94">
<pin_list>
<pin id="95" dir="1" index="0" bw="1" slack="2147483647"/>
</pin_list>
<bind>
<StgValue><ssdm name="_ssdm_op_SpecBitsMap"/></StgValue>
</bind>
</comp>

<comp id="96" class="1001" name="const_96">
<pin_list>
<pin id="97" dir="1" index="0" bw="1" slack="2147483647"/>
</pin_list>
<bind>
<StgValue><ssdm name="_ssdm_op_SpecInterface"/></StgValue>
</bind>
</comp>

<comp id="98" class="1001" name="const_98">
<pin_list>
<pin id="99" dir="1" index="0" bw="1" slack="2147483647"/>
</pin_list>
<bind>
<StgValue><ssdm name="empty_1"/></StgValue>
</bind>
</comp>

<comp id="100" class="1001" name="const_100">
<pin_list>
<pin id="101" dir="1" index="0" bw="1" slack="2147483647"/>
</pin_list>
<bind>
<StgValue><ssdm name=""/></StgValue>
</bind>
</comp>

<comp id="102" class="1001" name="const_102">
<pin_list>
<pin id="103" dir="1" index="0" bw="1" slack="2147483647"/>
</pin_list>
<bind>
<StgValue><ssdm name="empty_18"/></StgValue>
</bind>
</comp>

<comp id="104" class="1001" name="const_104">
<pin_list>
<pin id="105" dir="1" index="0" bw="1" slack="2147483647"/>
</pin_list>
<bind>
<StgValue><ssdm name=""/></StgValue>
</bind>
</comp>

<comp id="106" class="1001" name="const_106">
<pin_list>
<pin id="107" dir="1" index="0" bw="1" slack="2147483647"/>
</pin_list>
<bind>
<StgValue><ssdm name="_ssdm_op_SpecPipeline"/></StgValue>
</bind>
</comp>

<comp id="108" class="1001" name="const_108">
<pin_list>
<pin id="109" dir="1" index="0" bw="1" slack="0"/>
</pin_list>
<bind>
<StgValue><ssdm name=""/></StgValue>
</bind>
</comp>

<comp id="110" class="1001" name="const_110">
<pin_list>
<pin id="111" dir="1" index="0" bw="1" slack="0"/>
</pin_list>
<bind>
<StgValue><ssdm name=""/></StgValue>
</bind>
</comp>

<comp id="112" class="1001" name="const_112">
<pin_list>
<pin id="113" dir="1" index="0" bw="1" slack="0"/>
</pin_list>
<bind>
<StgValue><ssdm name=""/></StgValue>
</bind>
</comp>

<comp id="114" class="1001" name="const_114">
<pin_list>
<pin id="115" dir="1" index="0" bw="1" slack="0"/>
</pin_list>
<bind>
<StgValue><ssdm name=""/></StgValue>
</bind>
</comp>

<comp id="116" class="1001" name="const_116">
<pin_list>
<pin id="117" dir="1" index="0" bw="1" slack="0"/>
</pin_list>
<bind>
<StgValue><ssdm name=""/></StgValue>
</bind>
</comp>

<comp id="118" class="1001" name="const_118">
<pin_list>
<pin id="119" dir="1" index="0" bw="1" slack="0"/>
</pin_list>
<bind>
<StgValue><ssdm name="_ssdm_op_BitConcatenate.i12.i5.i7"/></StgValue>
</bind>
</comp>

<comp id="120" class="1001" name="const_120">
<pin_list>
<pin id="121" dir="1" index="0" bw="1" slack="0"/>
</pin_list>
<bind>
<StgValue><ssdm name=""/></StgValue>
</bind>
</comp>

<comp id="122" class="1001" name="const_122">
<pin_list>
<pin id="123" dir="1" index="0" bw="1" slack="0"/>
</pin_list>
<bind>
<StgValue><ssdm name=""/></StgValue>
</bind>
</comp>

<comp id="124" class="1001" name="const_124">
<pin_list>
<pin id="125" dir="1" index="0" bw="1" slack="2147483647"/>
</pin_list>
<bind>
<StgValue><ssdm name="_ssdm_op_SpecLoopName"/></StgValue>
</bind>
</comp>

<comp id="126" class="1001" name="const_126">
<pin_list>
<pin id="127" dir="1" index="0" bw="1" slack="2147483647"/>
</pin_list>
<bind>
<StgValue><ssdm name="OuterLoopDense_InnerLoopDense_str"/></StgValue>
</bind>
</comp>

<comp id="128" class="1001" name="const_128">
<pin_list>
<pin id="129" dir="1" index="0" bw="1" slack="2147483647"/>
</pin_list>
<bind>
<StgValue><ssdm name="_ssdm_op_SpecLoopTripCount"/></StgValue>
</bind>
</comp>

<comp id="130" class="1001" name="const_130">
<pin_list>
<pin id="131" dir="1" index="0" bw="1" slack="2147483647"/>
</pin_list>
<bind>
<StgValue><ssdm name=""/></StgValue>
</bind>
</comp>

<comp id="132" class="1001" name="const_132">
<pin_list>
<pin id="133" dir="1" index="0" bw="1" slack="0"/>
</pin_list>
<bind>
<StgValue><ssdm name="run_model_Pipeline_Loop_BN"/></StgValue>
</bind>
</comp>

<comp id="134" class="1001" name="const_134">
<pin_list>
<pin id="135" dir="1" index="0" bw="1" slack="0"/>
</pin_list>
<bind>
<StgValue><ssdm name=""/></StgValue>
</bind>
</comp>

<comp id="136" class="1001" name="const_136">
<pin_list>
<pin id="137" dir="1" index="0" bw="1" slack="0"/>
</pin_list>
<bind>
<StgValue><ssdm name="run_model_Pipeline_ReLULoop1"/></StgValue>
</bind>
</comp>

<comp id="138" class="1001" name="const_138">
<pin_list>
<pin id="139" dir="1" index="0" bw="1" slack="0"/>
</pin_list>
<bind>
<StgValue><ssdm name=""/></StgValue>
</bind>
</comp>

<comp id="140" class="1001" name="const_140">
<pin_list>
<pin id="141" dir="1" index="0" bw="1" slack="0"/>
</pin_list>
<bind>
<StgValue><ssdm name=""/></StgValue>
</bind>
</comp>

<comp id="142" class="1001" name="const_142">
<pin_list>
<pin id="143" dir="1" index="0" bw="1" slack="0"/>
</pin_list>
<bind>
<StgValue><ssdm name=""/></StgValue>
</bind>
</comp>

<comp id="144" class="1001" name="const_144">
<pin_list>
<pin id="145" dir="1" index="0" bw="1" slack="0"/>
</pin_list>
<bind>
<StgValue><ssdm name="_ssdm_op_BitConcatenate.i14.i7.i7"/></StgValue>
</bind>
</comp>

<comp id="146" class="1001" name="const_146">
<pin_list>
<pin id="147" dir="1" index="0" bw="1" slack="2147483647"/>
</pin_list>
<bind>
<StgValue><ssdm name=""/></StgValue>
</bind>
</comp>

<comp id="148" class="1001" name="const_148">
<pin_list>
<pin id="149" dir="1" index="0" bw="1" slack="0"/>
</pin_list>
<bind>
<StgValue><ssdm name="run_model_Pipeline_Loop_BN1"/></StgValue>
</bind>
</comp>

<comp id="150" class="1001" name="const_150">
<pin_list>
<pin id="151" dir="1" index="0" bw="1" slack="0"/>
</pin_list>
<bind>
<StgValue><ssdm name="run_model_Pipeline_ReLULoop2"/></StgValue>
</bind>
</comp>

<comp id="152" class="1004" name="acc_fu_152">
<pin_list>
<pin id="153" dir="0" index="0" bw="1" slack="0"/>
<pin id="154" dir="1" index="1" bw="16" slack="0"/>
</pin_list>
<bind>
<opcode="alloca(26) " fcode="alloca"/>
<opset="acc/1 "/>
</bind>
</comp>

<comp id="156" class="1004" name="i_fu_156">
<pin_list>
<pin id="157" dir="0" index="0" bw="1" slack="0"/>
<pin id="158" dir="1" index="1" bw="6" slack="0"/>
</pin_list>
<bind>
<opcode="alloca(26) " fcode="alloca"/>
<opset="i/1 "/>
</bind>
</comp>

<comp id="160" class="1004" name="j_2_fu_160">
<pin_list>
<pin id="161" dir="0" index="0" bw="1" slack="0"/>
<pin id="162" dir="1" index="1" bw="8" slack="0"/>
</pin_list>
<bind>
<opcode="alloca(26) " fcode="alloca"/>
<opset="j_2/1 "/>
</bind>
</comp>

<comp id="164" class="1004" name="indvar_flatten_fu_164">
<pin_list>
<pin id="165" dir="0" index="0" bw="1" slack="0"/>
<pin id="166" dir="1" index="1" bw="13" slack="0"/>
</pin_list>
<bind>
<opcode="alloca(26) " fcode="alloca"/>
<opset="indvar_flatten/1 "/>
</bind>
</comp>

<comp id="168" class="1004" name="merged_alloca_fu_168">
<pin_list>
<pin id="169" dir="0" index="0" bw="1" slack="0"/>
<pin id="170" dir="1" index="1" bw="16" slack="0"/>
</pin_list>
<bind>
<opcode="alloca(26) " fcode="alloca"/>
<opset="merged/1 "/>
</bind>
</comp>

<comp id="172" class="1004" name="z0_alloca_fu_172">
<pin_list>
<pin id="173" dir="0" index="0" bw="1" slack="0"/>
<pin id="174" dir="1" index="1" bw="16" slack="2147483647"/>
</pin_list>
<bind>
<opcode="alloca(26) " fcode="alloca"/>
<opset="z0/1 "/>
</bind>
</comp>

<comp id="176" class="1004" name="z1_alloca_fu_176">
<pin_list>
<pin id="177" dir="0" index="0" bw="1" slack="0"/>
<pin id="178" dir="1" index="1" bw="16" slack="2147483647"/>
</pin_list>
<bind>
<opcode="alloca(26) " fcode="alloca"/>
<opset="z1/1 "/>
</bind>
</comp>

<comp id="180" class="1004" name="acc_2_fu_180">
<pin_list>
<pin id="181" dir="0" index="0" bw="1" slack="0"/>
<pin id="182" dir="1" index="1" bw="16" slack="0"/>
</pin_list>
<bind>
<opcode="alloca(26) " fcode="alloca"/>
<opset="acc_2/16 "/>
</bind>
</comp>

<comp id="184" class="1004" name="i_1_fu_184">
<pin_list>
<pin id="185" dir="0" index="0" bw="1" slack="0"/>
<pin id="186" dir="1" index="1" bw="8" slack="0"/>
</pin_list>
<bind>
<opcode="alloca(26) " fcode="alloca"/>
<opset="i_1/16 "/>
</bind>
</comp>

<comp id="188" class="1004" name="j_fu_188">
<pin_list>
<pin id="189" dir="0" index="0" bw="1" slack="0"/>
<pin id="190" dir="1" index="1" bw="8" slack="0"/>
</pin_list>
<bind>
<opcode="alloca(26) " fcode="alloca"/>
<opset="j/16 "/>
</bind>
</comp>

<comp id="192" class="1004" name="indvar_flatten6_fu_192">
<pin_list>
<pin id="193" dir="0" index="0" bw="1" slack="0"/>
<pin id="194" dir="1" index="1" bw="15" slack="0"/>
</pin_list>
<bind>
<opcode="alloca(26) " fcode="alloca"/>
<opset="indvar_flatten6/16 "/>
</bind>
</comp>

<comp id="196" class="1004" name="x_addr_gep_fu_196">
<pin_list>
<pin id="197" dir="0" index="0" bw="16" slack="2147483647"/>
<pin id="198" dir="0" index="1" bw="1" slack="0"/>
<pin id="199" dir="0" index="2" bw="6" slack="0"/>
<pin id="200" dir="1" index="3" bw="5" slack="0"/>
</pin_list>
<bind>
<opcode="getelementptr(29) " fcode="getelementptr"/>
<opset="x_addr/3 "/>
</bind>
</comp>

<comp id="202" class="1004" name="grp_access_fu_202">
<pin_list>
<pin id="203" dir="0" index="0" bw="5" slack="0"/>
<pin id="204" dir="0" index="1" bw="16" slack="2147483647"/>
<pin id="205" dir="0" index="2" bw="0" slack="2147483647"/>
<pin id="206" dir="1" index="3" bw="16" slack="2"/>
</pin_list>
<bind>
<opcode="load(27) " fcode="load"/>
<opset="x_load/3 "/>
</bind>
</comp>

<comp id="208" class="1004" name="fc_0_W_addr_gep_fu_208">
<pin_list>
<pin id="209" dir="0" index="0" bw="16" slack="0"/>
<pin id="210" dir="0" index="1" bw="1" slack="0"/>
<pin id="211" dir="0" index="2" bw="12" slack="0"/>
<pin id="212" dir="1" index="3" bw="12" slack="0"/>
</pin_list>
<bind>
<opcode="getelementptr(29) " fcode="getelementptr"/>
<opset="fc_0_W_addr/3 "/>
</bind>
</comp>

<comp id="215" class="1004" name="grp_access_fu_215">
<pin_list>
<pin id="216" dir="0" index="0" bw="12" slack="0"/>
<pin id="217" dir="0" index="1" bw="16" slack="2147483647"/>
<pin id="218" dir="0" index="2" bw="0" slack="2147483647"/>
<pin id="219" dir="1" index="3" bw="16" slack="0"/>
</pin_list>
<bind>
<opcode="load(27) " fcode="load"/>
<opset="fc_0_W_load/3 "/>
</bind>
</comp>

<comp id="221" class="1004" name="y_addr_gep_fu_221">
<pin_list>
<pin id="222" dir="0" index="0" bw="16" slack="2147483647"/>
<pin id="223" dir="0" index="1" bw="1" slack="0"/>
<pin id="224" dir="0" index="2" bw="8" slack="0"/>
<pin id="225" dir="1" index="3" bw="7" slack="11"/>
</pin_list>
<bind>
<opcode="getelementptr(29) " fcode="getelementptr"/>
<opset="y_addr/3 "/>
</bind>
</comp>

<comp id="227" class="1004" name="grp_access_fu_227">
<pin_list>
<pin id="228" dir="0" index="0" bw="7" slack="0"/>
<pin id="229" dir="0" index="1" bw="16" slack="0"/>
<pin id="230" dir="0" index="2" bw="0" slack="2147483647"/>
<pin id="231" dir="1" index="3" bw="16" slack="0"/>
</pin_list>
<bind>
<opcode="load(27) store(28) " fcode="load"/>
<opset="store_ln216/14 y_load/20 "/>
</bind>
</comp>

<comp id="232" class="1004" name="y_addr_1_gep_fu_232">
<pin_list>
<pin id="233" dir="0" index="0" bw="16" slack="2147483647"/>
<pin id="234" dir="0" index="1" bw="1" slack="0"/>
<pin id="235" dir="0" index="2" bw="8" slack="0"/>
<pin id="236" dir="1" index="3" bw="7" slack="0"/>
</pin_list>
<bind>
<opcode="getelementptr(29) " fcode="getelementptr"/>
<opset="y_addr_1/20 "/>
</bind>
</comp>

<comp id="239" class="1004" name="fc_1_W_addr_gep_fu_239">
<pin_list>
<pin id="240" dir="0" index="0" bw="16" slack="0"/>
<pin id="241" dir="0" index="1" bw="1" slack="0"/>
<pin id="242" dir="0" index="2" bw="14" slack="0"/>
<pin id="243" dir="1" index="3" bw="14" slack="0"/>
</pin_list>
<bind>
<opcode="getelementptr(29) " fcode="getelementptr"/>
<opset="fc_1_W_addr/20 "/>
</bind>
</comp>

<comp id="246" class="1004" name="grp_access_fu_246">
<pin_list>
<pin id="247" dir="0" index="0" bw="14" slack="0"/>
<pin id="248" dir="0" index="1" bw="16" slack="2147483647"/>
<pin id="249" dir="0" index="2" bw="0" slack="2147483647"/>
<pin id="250" dir="1" index="3" bw="16" slack="0"/>
</pin_list>
<bind>
<opcode="load(27) " fcode="load"/>
<opset="fc_1_W_load/20 "/>
</bind>
</comp>

<comp id="252" class="1004" name="z1_addr_gep_fu_252">
<pin_list>
<pin id="253" dir="0" index="0" bw="16" slack="2147483647"/>
<pin id="254" dir="0" index="1" bw="1" slack="0"/>
<pin id="255" dir="0" index="2" bw="8" slack="0"/>
<pin id="256" dir="1" index="3" bw="7" slack="11"/>
</pin_list>
<bind>
<opcode="getelementptr(29) " fcode="getelementptr"/>
<opset="z1_addr/20 "/>
</bind>
</comp>

<comp id="258" class="1004" name="grp_access_fu_258">
<pin_list>
<pin id="259" dir="0" index="0" bw="7" slack="11"/>
<pin id="260" dir="0" index="1" bw="16" slack="0"/>
<pin id="261" dir="0" index="2" bw="0" slack="2147483647"/>
<pin id="262" dir="1" index="3" bw="16" slack="2147483647"/>
</pin_list>
<bind>
<opcode="store(28) " fcode="store"/>
<opset="store_ln216/31 "/>
</bind>
</comp>

<comp id="263" class="1004" name="grp_run_all_slices_unrolled_fu_263">
<pin_list>
<pin id="264" dir="0" index="0" bw="0" slack="0"/>
<pin id="265" dir="0" index="1" bw="16" slack="0"/>
<pin id="266" dir="0" index="2" bw="16" slack="0"/>
<pin id="267" dir="0" index="3" bw="16" slack="0"/>
<pin id="268" dir="0" index="4" bw="16" slack="0"/>
<pin id="269" dir="0" index="5" bw="16" slack="0"/>
<pin id="270" dir="0" index="6" bw="16" slack="0"/>
<pin id="271" dir="0" index="7" bw="16" slack="0"/>
<pin id="272" dir="0" index="8" bw="16" slack="0"/>
<pin id="273" dir="0" index="9" bw="16" slack="0"/>
<pin id="274" dir="0" index="10" bw="16" slack="0"/>
<pin id="275" dir="0" index="11" bw="16" slack="0"/>
<pin id="276" dir="0" index="12" bw="16" slack="0"/>
<pin id="277" dir="0" index="13" bw="16" slack="0"/>
<pin id="278" dir="0" index="14" bw="16" slack="0"/>
<pin id="279" dir="0" index="15" bw="16" slack="0"/>
<pin id="280" dir="0" index="16" bw="16" slack="0"/>
<pin id="281" dir="0" index="17" bw="16" slack="0"/>
<pin id="282" dir="0" index="18" bw="16" slack="0"/>
<pin id="283" dir="0" index="19" bw="16" slack="0"/>
<pin id="284" dir="0" index="20" bw="16" slack="0"/>
<pin id="285" dir="0" index="21" bw="16" slack="0"/>
<pin id="286" dir="0" index="22" bw="16" slack="0"/>
<pin id="287" dir="0" index="23" bw="16" slack="0"/>
<pin id="288" dir="0" index="24" bw="16" slack="0"/>
<pin id="289" dir="0" index="25" bw="16" slack="0"/>
<pin id="290" dir="0" index="26" bw="16" slack="0"/>
<pin id="291" dir="0" index="27" bw="16" slack="0"/>
<pin id="292" dir="0" index="28" bw="16" slack="0"/>
<pin id="293" dir="0" index="29" bw="16" slack="0"/>
<pin id="294" dir="0" index="30" bw="16" slack="0"/>
<pin id="295" dir="0" index="31" bw="16" slack="0"/>
<pin id="296" dir="0" index="32" bw="16" slack="0"/>
<pin id="297" dir="1" index="33" bw="0" slack="2147483647"/>
</pin_list>
<bind>
<opcode="call(48) " fcode="call"/>
<opset="call_ln369/1 "/>
</bind>
</comp>

<comp id="331" class="1004" name="grp_run_model_Pipeline_Loop_BN_fu_331">
<pin_list>
<pin id="332" dir="0" index="0" bw="0" slack="0"/>
<pin id="333" dir="0" index="1" bw="16" slack="2147483647"/>
<pin id="334" dir="0" index="2" bw="16" slack="0"/>
<pin id="335" dir="0" index="3" bw="16" slack="0"/>
<pin id="336" dir="1" index="4" bw="0" slack="2147483647"/>
</pin_list>
<bind>
<opcode="call(48) " fcode="call"/>
<opset="call_ln0/16 "/>
</bind>
</comp>

<comp id="340" class="1004" name="grp_run_model_Pipeline_ReLULoop1_fu_340">
<pin_list>
<pin id="341" dir="0" index="0" bw="0" slack="0"/>
<pin id="342" dir="0" index="1" bw="16" slack="2147483647"/>
<pin id="343" dir="1" index="2" bw="0" slack="2147483647"/>
</pin_list>
<bind>
<opcode="call(48) " fcode="call"/>
<opset="call_ln0/18 "/>
</bind>
</comp>

<comp id="345" class="1004" name="grp_run_model_Pipeline_Loop_BN1_fu_345">
<pin_list>
<pin id="346" dir="0" index="0" bw="0" slack="0"/>
<pin id="347" dir="0" index="1" bw="16" slack="2147483647"/>
<pin id="348" dir="0" index="2" bw="16" slack="0"/>
<pin id="349" dir="0" index="3" bw="16" slack="0"/>
<pin id="350" dir="1" index="4" bw="0" slack="2147483647"/>
</pin_list>
<bind>
<opcode="call(48) " fcode="call"/>
<opset="call_ln0/33 "/>
</bind>
</comp>

<comp id="354" class="1004" name="grp_run_model_Pipeline_ReLULoop2_fu_354">
<pin_list>
<pin id="355" dir="0" index="0" bw="0" slack="0"/>
<pin id="356" dir="0" index="1" bw="16" slack="2147483647"/>
<pin id="357" dir="1" index="2" bw="0" slack="2147483647"/>
</pin_list>
<bind>
<opcode="call(48) " fcode="call"/>
<opset="call_ln0/35 "/>
</bind>
</comp>

<comp id="359" class="1004" name="grp_fu_359">
<pin_list>
<pin id="360" dir="0" index="0" bw="16" slack="0"/>
<pin id="361" dir="0" index="1" bw="16" slack="1"/>
<pin id="362" dir="1" index="2" bw="16" slack="0"/>
</pin_list>
<bind>
<opcode="hadd(534) " fcode="hadd"/>
<opset="acc_1/10 acc_3/27 add/4 acc_10/13 acc/18 pool_acc_35/35 add1/4 acc_8/13 acc/18 pool_acc_34/35 add2/4 acc_6/13 acc/18 pool_acc_33/35 add3/4 acc_4/13 acc/18 pool_acc_32/35 add_i5/2 add4/4 add_i/4 add_i1/4 "/>
</bind>
</comp>

<comp id="365" class="1004" name="grp_fu_365">
<pin_list>
<pin id="366" dir="0" index="0" bw="16" slack="0"/>
<pin id="367" dir="0" index="1" bw="16" slack="0"/>
<pin id="368" dir="1" index="2" bw="16" slack="1"/>
</pin_list>
<bind>
<opcode="hmul(536) " fcode="hmul"/>
<opset="mul9_i/6 mul9_i1/23 mul3/9 mul58_1/10 mul1/9 mul58_1/10 mul8/9 mul58_1/10 mul6/9 mul58_1/10 mul_i5/31 mul_i/33 mul_i1/33 "/>
</bind>
</comp>

<comp id="372" class="1005" name="reg_372">
<pin_list>
<pin id="373" dir="0" index="0" bw="16" slack="1"/>
<pin id="374" dir="1" index="1" bw="16" slack="1"/>
</pin_list>
<bind>
<opset="mul9_i mul9_i1 "/>
</bind>
</comp>

<comp id="377" class="1005" name="reg_377">
<pin_list>
<pin id="378" dir="0" index="0" bw="16" slack="1"/>
<pin id="379" dir="1" index="1" bw="16" slack="1"/>
</pin_list>
<bind>
<opset="acc_1 acc_3 "/>
</bind>
</comp>

<comp id="383" class="1004" name="store_ln0_store_fu_383">
<pin_list>
<pin id="384" dir="0" index="0" bw="1" slack="0"/>
<pin id="385" dir="0" index="1" bw="13" slack="0"/>
<pin id="386" dir="1" index="2" bw="0" slack="2147483647"/>
</pin_list>
<bind>
<opcode="store(28) " fcode="store"/>
<opset="store_ln0/1 "/>
</bind>
</comp>

<comp id="388" class="1004" name="store_ln209_store_fu_388">
<pin_list>
<pin id="389" dir="0" index="0" bw="1" slack="0"/>
<pin id="390" dir="0" index="1" bw="8" slack="0"/>
<pin id="391" dir="1" index="2" bw="0" slack="2147483647"/>
</pin_list>
<bind>
<opcode="store(28) " fcode="store"/>
<opset="store_ln209/1 "/>
</bind>
</comp>

<comp id="393" class="1004" name="store_ln212_store_fu_393">
<pin_list>
<pin id="394" dir="0" index="0" bw="1" slack="0"/>
<pin id="395" dir="0" index="1" bw="6" slack="0"/>
<pin id="396" dir="1" index="2" bw="0" slack="2147483647"/>
</pin_list>
<bind>
<opcode="store(28) " fcode="store"/>
<opset="store_ln212/1 "/>
</bind>
</comp>

<comp id="398" class="1004" name="store_ln208_store_fu_398">
<pin_list>
<pin id="399" dir="0" index="0" bw="16" slack="0"/>
<pin id="400" dir="0" index="1" bw="16" slack="0"/>
<pin id="401" dir="1" index="2" bw="0" slack="2147483647"/>
</pin_list>
<bind>
<opcode="store(28) " fcode="store"/>
<opset="store_ln208/1 "/>
</bind>
</comp>

<comp id="403" class="1004" name="indvar_flatten_load_load_fu_403">
<pin_list>
<pin id="404" dir="0" index="0" bw="13" slack="2"/>
<pin id="405" dir="1" index="1" bw="13" slack="0"/>
</pin_list>
<bind>
<opcode="load(27) " fcode="load"/>
<opset="indvar_flatten_load/3 "/>
</bind>
</comp>

<comp id="406" class="1004" name="icmp_ln209_fu_406">
<pin_list>
<pin id="407" dir="0" index="0" bw="13" slack="0"/>
<pin id="408" dir="0" index="1" bw="13" slack="0"/>
<pin id="409" dir="1" index="2" bw="1" slack="1"/>
</pin_list>
<bind>
<opcode="icmp(45) " fcode="icmp"/>
<opset="icmp_ln209/3 "/>
</bind>
</comp>

<comp id="412" class="1004" name="add_ln209_fu_412">
<pin_list>
<pin id="413" dir="0" index="0" bw="13" slack="0"/>
<pin id="414" dir="0" index="1" bw="1" slack="0"/>
<pin id="415" dir="1" index="2" bw="13" slack="0"/>
</pin_list>
<bind>
<opcode="add(8) " fcode="add"/>
<opset="add_ln209/3 "/>
</bind>
</comp>

<comp id="418" class="1004" name="i_load_load_fu_418">
<pin_list>
<pin id="419" dir="0" index="0" bw="6" slack="2"/>
<pin id="420" dir="1" index="1" bw="6" slack="0"/>
</pin_list>
<bind>
<opcode="load(27) " fcode="load"/>
<opset="i_load/3 "/>
</bind>
</comp>

<comp id="421" class="1004" name="j_2_load_load_fu_421">
<pin_list>
<pin id="422" dir="0" index="0" bw="8" slack="2"/>
<pin id="423" dir="1" index="1" bw="8" slack="0"/>
</pin_list>
<bind>
<opcode="load(27) " fcode="load"/>
<opset="j_2_load/3 "/>
</bind>
</comp>

<comp id="424" class="1004" name="icmp_ln212_fu_424">
<pin_list>
<pin id="425" dir="0" index="0" bw="6" slack="0"/>
<pin id="426" dir="0" index="1" bw="6" slack="0"/>
<pin id="427" dir="1" index="2" bw="1" slack="0"/>
</pin_list>
<bind>
<opcode="icmp(45) " fcode="icmp"/>
<opset="icmp_ln212/3 "/>
</bind>
</comp>

<comp id="430" class="1004" name="select_ln210_fu_430">
<pin_list>
<pin id="431" dir="0" index="0" bw="1" slack="0"/>
<pin id="432" dir="0" index="1" bw="6" slack="0"/>
<pin id="433" dir="0" index="2" bw="6" slack="0"/>
<pin id="434" dir="1" index="3" bw="6" slack="0"/>
</pin_list>
<bind>
<opcode="select(49) " fcode="select"/>
<opset="select_ln210/3 "/>
</bind>
</comp>

<comp id="438" class="1004" name="add_ln209_1_fu_438">
<pin_list>
<pin id="439" dir="0" index="0" bw="8" slack="0"/>
<pin id="440" dir="0" index="1" bw="1" slack="0"/>
<pin id="441" dir="1" index="2" bw="8" slack="0"/>
</pin_list>
<bind>
<opcode="add(8) " fcode="add"/>
<opset="add_ln209_1/3 "/>
</bind>
</comp>

<comp id="444" class="1004" name="select_ln209_fu_444">
<pin_list>
<pin id="445" dir="0" index="0" bw="1" slack="0"/>
<pin id="446" dir="0" index="1" bw="8" slack="0"/>
<pin id="447" dir="0" index="2" bw="8" slack="0"/>
<pin id="448" dir="1" index="3" bw="8" slack="0"/>
</pin_list>
<bind>
<opcode="select(49) " fcode="select"/>
<opset="select_ln209/3 "/>
</bind>
</comp>

<comp id="452" class="1004" name="zext_ln209_fu_452">
<pin_list>
<pin id="453" dir="0" index="0" bw="8" slack="0"/>
<pin id="454" dir="1" index="1" bw="64" slack="0"/>
</pin_list>
<bind>
<opcode="zext(34) " fcode="zext"/>
<opset="zext_ln209/3 "/>
</bind>
</comp>

<comp id="457" class="1004" name="zext_ln209_1_fu_457">
<pin_list>
<pin id="458" dir="0" index="0" bw="8" slack="0"/>
<pin id="459" dir="1" index="1" bw="12" slack="0"/>
</pin_list>
<bind>
<opcode="zext(34) " fcode="zext"/>
<opset="zext_ln209_1/3 "/>
</bind>
</comp>

<comp id="461" class="1004" name="zext_ln212_fu_461">
<pin_list>
<pin id="462" dir="0" index="0" bw="6" slack="0"/>
<pin id="463" dir="1" index="1" bw="64" slack="0"/>
</pin_list>
<bind>
<opcode="zext(34) " fcode="zext"/>
<opset="zext_ln212/3 "/>
</bind>
</comp>

<comp id="466" class="1004" name="trunc_ln214_fu_466">
<pin_list>
<pin id="467" dir="0" index="0" bw="6" slack="0"/>
<pin id="468" dir="1" index="1" bw="5" slack="0"/>
</pin_list>
<bind>
<opcode="trunc(33) " fcode="trunc"/>
<opset="trunc_ln214/3 "/>
</bind>
</comp>

<comp id="470" class="1004" name="shl_ln_fu_470">
<pin_list>
<pin id="471" dir="0" index="0" bw="12" slack="0"/>
<pin id="472" dir="0" index="1" bw="5" slack="0"/>
<pin id="473" dir="0" index="2" bw="1" slack="0"/>
<pin id="474" dir="1" index="3" bw="12" slack="0"/>
</pin_list>
<bind>
<opcode="bitconcatenate(1004) " fcode="bitconcatenate"/>
<opset="shl_ln/3 "/>
</bind>
</comp>

<comp id="478" class="1004" name="add_ln214_fu_478">
<pin_list>
<pin id="479" dir="0" index="0" bw="12" slack="0"/>
<pin id="480" dir="0" index="1" bw="8" slack="0"/>
<pin id="481" dir="1" index="2" bw="12" slack="0"/>
</pin_list>
<bind>
<opcode="add(8) " fcode="add"/>
<opset="add_ln214/3 "/>
</bind>
</comp>

<comp id="484" class="1004" name="zext_ln214_fu_484">
<pin_list>
<pin id="485" dir="0" index="0" bw="12" slack="0"/>
<pin id="486" dir="1" index="1" bw="64" slack="0"/>
</pin_list>
<bind>
<opcode="zext(34) " fcode="zext"/>
<opset="zext_ln214/3 "/>
</bind>
</comp>

<comp id="489" class="1004" name="add_ln212_fu_489">
<pin_list>
<pin id="490" dir="0" index="0" bw="6" slack="0"/>
<pin id="491" dir="0" index="1" bw="1" slack="0"/>
<pin id="492" dir="1" index="2" bw="6" slack="0"/>
</pin_list>
<bind>
<opcode="add(8) " fcode="add"/>
<opset="add_ln212/3 "/>
</bind>
</comp>

<comp id="495" class="1004" name="icmp_ln212_1_fu_495">
<pin_list>
<pin id="496" dir="0" index="0" bw="6" slack="0"/>
<pin id="497" dir="0" index="1" bw="6" slack="0"/>
<pin id="498" dir="1" index="2" bw="1" slack="11"/>
</pin_list>
<bind>
<opcode="icmp(45) " fcode="icmp"/>
<opset="icmp_ln212_1/3 "/>
</bind>
</comp>

<comp id="501" class="1004" name="store_ln209_store_fu_501">
<pin_list>
<pin id="502" dir="0" index="0" bw="13" slack="0"/>
<pin id="503" dir="0" index="1" bw="13" slack="2"/>
<pin id="504" dir="1" index="2" bw="0" slack="2147483647"/>
</pin_list>
<bind>
<opcode="store(28) " fcode="store"/>
<opset="store_ln209/3 "/>
</bind>
</comp>

<comp id="506" class="1004" name="store_ln209_store_fu_506">
<pin_list>
<pin id="507" dir="0" index="0" bw="8" slack="0"/>
<pin id="508" dir="0" index="1" bw="8" slack="2"/>
<pin id="509" dir="1" index="2" bw="0" slack="2147483647"/>
</pin_list>
<bind>
<opcode="store(28) " fcode="store"/>
<opset="store_ln209/3 "/>
</bind>
</comp>

<comp id="511" class="1004" name="store_ln212_store_fu_511">
<pin_list>
<pin id="512" dir="0" index="0" bw="6" slack="0"/>
<pin id="513" dir="0" index="1" bw="6" slack="2"/>
<pin id="514" dir="1" index="2" bw="0" slack="2147483647"/>
</pin_list>
<bind>
<opcode="store(28) " fcode="store"/>
<opset="store_ln212/3 "/>
</bind>
</comp>

<comp id="516" class="1004" name="acc_load_load_fu_516">
<pin_list>
<pin id="517" dir="0" index="0" bw="16" slack="9"/>
<pin id="518" dir="1" index="1" bw="16" slack="0"/>
</pin_list>
<bind>
<opcode="load(27) " fcode="load"/>
<opset="acc_load/10 "/>
</bind>
</comp>

<comp id="519" class="1004" name="select_ln210_1_fu_519">
<pin_list>
<pin id="520" dir="0" index="0" bw="1" slack="7"/>
<pin id="521" dir="0" index="1" bw="16" slack="0"/>
<pin id="522" dir="0" index="2" bw="16" slack="0"/>
<pin id="523" dir="1" index="3" bw="16" slack="0"/>
</pin_list>
<bind>
<opcode="select(49) " fcode="select"/>
<opset="select_ln210_1/10 "/>
</bind>
</comp>

<comp id="527" class="1004" name="store_ln208_store_fu_527">
<pin_list>
<pin id="528" dir="0" index="0" bw="16" slack="0"/>
<pin id="529" dir="0" index="1" bw="16" slack="13"/>
<pin id="530" dir="1" index="2" bw="0" slack="2147483647"/>
</pin_list>
<bind>
<opcode="store(28) " fcode="store"/>
<opset="store_ln208/14 "/>
</bind>
</comp>

<comp id="532" class="1004" name="store_ln0_store_fu_532">
<pin_list>
<pin id="533" dir="0" index="0" bw="1" slack="0"/>
<pin id="534" dir="0" index="1" bw="15" slack="0"/>
<pin id="535" dir="1" index="2" bw="0" slack="2147483647"/>
</pin_list>
<bind>
<opcode="store(28) " fcode="store"/>
<opset="store_ln0/16 "/>
</bind>
</comp>

<comp id="537" class="1004" name="store_ln209_store_fu_537">
<pin_list>
<pin id="538" dir="0" index="0" bw="1" slack="0"/>
<pin id="539" dir="0" index="1" bw="8" slack="0"/>
<pin id="540" dir="1" index="2" bw="0" slack="2147483647"/>
</pin_list>
<bind>
<opcode="store(28) " fcode="store"/>
<opset="store_ln209/16 "/>
</bind>
</comp>

<comp id="542" class="1004" name="store_ln212_store_fu_542">
<pin_list>
<pin id="543" dir="0" index="0" bw="1" slack="0"/>
<pin id="544" dir="0" index="1" bw="8" slack="0"/>
<pin id="545" dir="1" index="2" bw="0" slack="2147483647"/>
</pin_list>
<bind>
<opcode="store(28) " fcode="store"/>
<opset="store_ln212/16 "/>
</bind>
</comp>

<comp id="547" class="1004" name="store_ln208_store_fu_547">
<pin_list>
<pin id="548" dir="0" index="0" bw="16" slack="0"/>
<pin id="549" dir="0" index="1" bw="16" slack="0"/>
<pin id="550" dir="1" index="2" bw="0" slack="2147483647"/>
</pin_list>
<bind>
<opcode="store(28) " fcode="store"/>
<opset="store_ln208/16 "/>
</bind>
</comp>

<comp id="552" class="1004" name="indvar_flatten6_load_load_fu_552">
<pin_list>
<pin id="553" dir="0" index="0" bw="15" slack="4"/>
<pin id="554" dir="1" index="1" bw="15" slack="0"/>
</pin_list>
<bind>
<opcode="load(27) " fcode="load"/>
<opset="indvar_flatten6_load/20 "/>
</bind>
</comp>

<comp id="555" class="1004" name="icmp_ln209_1_fu_555">
<pin_list>
<pin id="556" dir="0" index="0" bw="15" slack="0"/>
<pin id="557" dir="0" index="1" bw="15" slack="0"/>
<pin id="558" dir="1" index="2" bw="1" slack="1"/>
</pin_list>
<bind>
<opcode="icmp(45) " fcode="icmp"/>
<opset="icmp_ln209_1/20 "/>
</bind>
</comp>

<comp id="561" class="1004" name="add_ln209_2_fu_561">
<pin_list>
<pin id="562" dir="0" index="0" bw="15" slack="0"/>
<pin id="563" dir="0" index="1" bw="1" slack="0"/>
<pin id="564" dir="1" index="2" bw="15" slack="0"/>
</pin_list>
<bind>
<opcode="add(8) " fcode="add"/>
<opset="add_ln209_2/20 "/>
</bind>
</comp>

<comp id="567" class="1004" name="i_1_load_load_fu_567">
<pin_list>
<pin id="568" dir="0" index="0" bw="8" slack="4"/>
<pin id="569" dir="1" index="1" bw="8" slack="0"/>
</pin_list>
<bind>
<opcode="load(27) " fcode="load"/>
<opset="i_1_load/20 "/>
</bind>
</comp>

<comp id="570" class="1004" name="j_load_load_fu_570">
<pin_list>
<pin id="571" dir="0" index="0" bw="8" slack="4"/>
<pin id="572" dir="1" index="1" bw="8" slack="0"/>
</pin_list>
<bind>
<opcode="load(27) " fcode="load"/>
<opset="j_load/20 "/>
</bind>
</comp>

<comp id="573" class="1004" name="icmp_ln212_2_fu_573">
<pin_list>
<pin id="574" dir="0" index="0" bw="8" slack="0"/>
<pin id="575" dir="0" index="1" bw="8" slack="0"/>
<pin id="576" dir="1" index="2" bw="1" slack="0"/>
</pin_list>
<bind>
<opcode="icmp(45) " fcode="icmp"/>
<opset="icmp_ln212_2/20 "/>
</bind>
</comp>

<comp id="579" class="1004" name="select_ln210_2_fu_579">
<pin_list>
<pin id="580" dir="0" index="0" bw="1" slack="0"/>
<pin id="581" dir="0" index="1" bw="8" slack="0"/>
<pin id="582" dir="0" index="2" bw="8" slack="0"/>
<pin id="583" dir="1" index="3" bw="8" slack="0"/>
</pin_list>
<bind>
<opcode="select(49) " fcode="select"/>
<opset="select_ln210_2/20 "/>
</bind>
</comp>

<comp id="587" class="1004" name="add_ln209_3_fu_587">
<pin_list>
<pin id="588" dir="0" index="0" bw="8" slack="0"/>
<pin id="589" dir="0" index="1" bw="1" slack="0"/>
<pin id="590" dir="1" index="2" bw="8" slack="0"/>
</pin_list>
<bind>
<opcode="add(8) " fcode="add"/>
<opset="add_ln209_3/20 "/>
</bind>
</comp>

<comp id="593" class="1004" name="select_ln209_1_fu_593">
<pin_list>
<pin id="594" dir="0" index="0" bw="1" slack="0"/>
<pin id="595" dir="0" index="1" bw="8" slack="0"/>
<pin id="596" dir="0" index="2" bw="8" slack="0"/>
<pin id="597" dir="1" index="3" bw="8" slack="0"/>
</pin_list>
<bind>
<opcode="select(49) " fcode="select"/>
<opset="select_ln209_1/20 "/>
</bind>
</comp>

<comp id="601" class="1004" name="zext_ln209_2_fu_601">
<pin_list>
<pin id="602" dir="0" index="0" bw="8" slack="0"/>
<pin id="603" dir="1" index="1" bw="64" slack="0"/>
</pin_list>
<bind>
<opcode="zext(34) " fcode="zext"/>
<opset="zext_ln209_2/20 "/>
</bind>
</comp>

<comp id="606" class="1004" name="zext_ln209_3_fu_606">
<pin_list>
<pin id="607" dir="0" index="0" bw="8" slack="0"/>
<pin id="608" dir="1" index="1" bw="14" slack="0"/>
</pin_list>
<bind>
<opcode="zext(34) " fcode="zext"/>
<opset="zext_ln209_3/20 "/>
</bind>
</comp>

<comp id="610" class="1004" name="zext_ln212_1_fu_610">
<pin_list>
<pin id="611" dir="0" index="0" bw="8" slack="0"/>
<pin id="612" dir="1" index="1" bw="64" slack="0"/>
</pin_list>
<bind>
<opcode="zext(34) " fcode="zext"/>
<opset="zext_ln212_1/20 "/>
</bind>
</comp>

<comp id="615" class="1004" name="trunc_ln214_1_fu_615">
<pin_list>
<pin id="616" dir="0" index="0" bw="8" slack="0"/>
<pin id="617" dir="1" index="1" bw="7" slack="0"/>
</pin_list>
<bind>
<opcode="trunc(33) " fcode="trunc"/>
<opset="trunc_ln214_1/20 "/>
</bind>
</comp>

<comp id="619" class="1004" name="shl_ln214_1_fu_619">
<pin_list>
<pin id="620" dir="0" index="0" bw="14" slack="0"/>
<pin id="621" dir="0" index="1" bw="7" slack="0"/>
<pin id="622" dir="0" index="2" bw="1" slack="0"/>
<pin id="623" dir="1" index="3" bw="14" slack="0"/>
</pin_list>
<bind>
<opcode="bitconcatenate(1004) " fcode="bitconcatenate"/>
<opset="shl_ln214_1/20 "/>
</bind>
</comp>

<comp id="627" class="1004" name="add_ln214_1_fu_627">
<pin_list>
<pin id="628" dir="0" index="0" bw="14" slack="0"/>
<pin id="629" dir="0" index="1" bw="8" slack="0"/>
<pin id="630" dir="1" index="2" bw="14" slack="0"/>
</pin_list>
<bind>
<opcode="add(8) " fcode="add"/>
<opset="add_ln214_1/20 "/>
</bind>
</comp>

<comp id="633" class="1004" name="zext_ln214_1_fu_633">
<pin_list>
<pin id="634" dir="0" index="0" bw="14" slack="0"/>
<pin id="635" dir="1" index="1" bw="64" slack="0"/>
</pin_list>
<bind>
<opcode="zext(34) " fcode="zext"/>
<opset="zext_ln214_1/20 "/>
</bind>
</comp>

<comp id="638" class="1004" name="add_ln212_1_fu_638">
<pin_list>
<pin id="639" dir="0" index="0" bw="8" slack="0"/>
<pin id="640" dir="0" index="1" bw="1" slack="0"/>
<pin id="641" dir="1" index="2" bw="8" slack="0"/>
</pin_list>
<bind>
<opcode="add(8) " fcode="add"/>
<opset="add_ln212_1/20 "/>
</bind>
</comp>

<comp id="644" class="1004" name="icmp_ln212_3_fu_644">
<pin_list>
<pin id="645" dir="0" index="0" bw="8" slack="0"/>
<pin id="646" dir="0" index="1" bw="8" slack="0"/>
<pin id="647" dir="1" index="2" bw="1" slack="11"/>
</pin_list>
<bind>
<opcode="icmp(45) " fcode="icmp"/>
<opset="icmp_ln212_3/20 "/>
</bind>
</comp>

<comp id="650" class="1004" name="store_ln209_store_fu_650">
<pin_list>
<pin id="651" dir="0" index="0" bw="15" slack="0"/>
<pin id="652" dir="0" index="1" bw="15" slack="4"/>
<pin id="653" dir="1" index="2" bw="0" slack="2147483647"/>
</pin_list>
<bind>
<opcode="store(28) " fcode="store"/>
<opset="store_ln209/20 "/>
</bind>
</comp>

<comp id="655" class="1004" name="store_ln209_store_fu_655">
<pin_list>
<pin id="656" dir="0" index="0" bw="8" slack="0"/>
<pin id="657" dir="0" index="1" bw="8" slack="4"/>
<pin id="658" dir="1" index="2" bw="0" slack="2147483647"/>
</pin_list>
<bind>
<opcode="store(28) " fcode="store"/>
<opset="store_ln209/20 "/>
</bind>
</comp>

<comp id="660" class="1004" name="store_ln212_store_fu_660">
<pin_list>
<pin id="661" dir="0" index="0" bw="8" slack="0"/>
<pin id="662" dir="0" index="1" bw="8" slack="4"/>
<pin id="663" dir="1" index="2" bw="0" slack="2147483647"/>
</pin_list>
<bind>
<opcode="store(28) " fcode="store"/>
<opset="store_ln212/20 "/>
</bind>
</comp>

<comp id="665" class="1004" name="acc_2_load_load_fu_665">
<pin_list>
<pin id="666" dir="0" index="0" bw="16" slack="11"/>
<pin id="667" dir="1" index="1" bw="16" slack="0"/>
</pin_list>
<bind>
<opcode="load(27) " fcode="load"/>
<opset="acc_2_load/27 "/>
</bind>
</comp>

<comp id="668" class="1004" name="select_ln210_3_fu_668">
<pin_list>
<pin id="669" dir="0" index="0" bw="1" slack="7"/>
<pin id="670" dir="0" index="1" bw="16" slack="0"/>
<pin id="671" dir="0" index="2" bw="16" slack="0"/>
<pin id="672" dir="1" index="3" bw="16" slack="0"/>
</pin_list>
<bind>
<opcode="select(49) " fcode="select"/>
<opset="select_ln210_3/27 "/>
</bind>
</comp>

<comp id="676" class="1004" name="store_ln208_store_fu_676">
<pin_list>
<pin id="677" dir="0" index="0" bw="16" slack="0"/>
<pin id="678" dir="0" index="1" bw="16" slack="15"/>
<pin id="679" dir="1" index="2" bw="0" slack="2147483647"/>
</pin_list>
<bind>
<opcode="store(28) " fcode="store"/>
<opset="store_ln208/31 "/>
</bind>
</comp>

<comp id="681" class="1005" name="acc_reg_681">
<pin_list>
<pin id="682" dir="0" index="0" bw="16" slack="0"/>
<pin id="683" dir="1" index="1" bw="16" slack="0"/>
</pin_list>
<bind>
<opset="acc "/>
</bind>
</comp>

<comp id="688" class="1005" name="i_reg_688">
<pin_list>
<pin id="689" dir="0" index="0" bw="6" slack="0"/>
<pin id="690" dir="1" index="1" bw="6" slack="0"/>
</pin_list>
<bind>
<opset="i "/>
</bind>
</comp>

<comp id="695" class="1005" name="j_2_reg_695">
<pin_list>
<pin id="696" dir="0" index="0" bw="8" slack="0"/>
<pin id="697" dir="1" index="1" bw="8" slack="0"/>
</pin_list>
<bind>
<opset="j_2 "/>
</bind>
</comp>

<comp id="702" class="1005" name="indvar_flatten_reg_702">
<pin_list>
<pin id="703" dir="0" index="0" bw="13" slack="0"/>
<pin id="704" dir="1" index="1" bw="13" slack="0"/>
</pin_list>
<bind>
<opset="indvar_flatten "/>
</bind>
</comp>

<comp id="709" class="1005" name="icmp_ln209_reg_709">
<pin_list>
<pin id="710" dir="0" index="0" bw="1" slack="1"/>
<pin id="711" dir="1" index="1" bw="1" slack="2147483647"/>
</pin_list>
<bind>
<opset="icmp_ln209 "/>
</bind>
</comp>

<comp id="713" class="1005" name="icmp_ln212_reg_713">
<pin_list>
<pin id="714" dir="0" index="0" bw="1" slack="7"/>
<pin id="715" dir="1" index="1" bw="1" slack="7"/>
</pin_list>
<bind>
<opset="icmp_ln212 "/>
</bind>
</comp>

<comp id="718" class="1005" name="x_addr_reg_718">
<pin_list>
<pin id="719" dir="0" index="0" bw="5" slack="1"/>
<pin id="720" dir="1" index="1" bw="5" slack="1"/>
</pin_list>
<bind>
<opset="x_addr "/>
</bind>
</comp>

<comp id="723" class="1005" name="fc_0_W_addr_reg_723">
<pin_list>
<pin id="724" dir="0" index="0" bw="12" slack="1"/>
<pin id="725" dir="1" index="1" bw="12" slack="1"/>
</pin_list>
<bind>
<opset="fc_0_W_addr "/>
</bind>
</comp>

<comp id="728" class="1005" name="icmp_ln212_1_reg_728">
<pin_list>
<pin id="729" dir="0" index="0" bw="1" slack="11"/>
<pin id="730" dir="1" index="1" bw="1" slack="2147483647"/>
</pin_list>
<bind>
<opset="icmp_ln212_1 "/>
</bind>
</comp>

<comp id="732" class="1005" name="y_addr_reg_732">
<pin_list>
<pin id="733" dir="0" index="0" bw="7" slack="11"/>
<pin id="734" dir="1" index="1" bw="7" slack="11"/>
</pin_list>
<bind>
<opset="y_addr "/>
</bind>
</comp>

<comp id="737" class="1005" name="x_load_reg_737">
<pin_list>
<pin id="738" dir="0" index="0" bw="16" slack="2"/>
<pin id="739" dir="1" index="1" bw="16" slack="2"/>
</pin_list>
<bind>
<opset="x_load "/>
</bind>
</comp>

<comp id="742" class="1005" name="fc_0_W_load_reg_742">
<pin_list>
<pin id="743" dir="0" index="0" bw="16" slack="1"/>
<pin id="744" dir="1" index="1" bw="16" slack="1"/>
</pin_list>
<bind>
<opset="fc_0_W_load "/>
</bind>
</comp>

<comp id="747" class="1005" name="select_ln210_1_reg_747">
<pin_list>
<pin id="748" dir="0" index="0" bw="16" slack="1"/>
<pin id="749" dir="1" index="1" bw="16" slack="1"/>
</pin_list>
<bind>
<opset="select_ln210_1 "/>
</bind>
</comp>

<comp id="752" class="1005" name="acc_2_reg_752">
<pin_list>
<pin id="753" dir="0" index="0" bw="16" slack="0"/>
<pin id="754" dir="1" index="1" bw="16" slack="0"/>
</pin_list>
<bind>
<opset="acc_2 "/>
</bind>
</comp>

<comp id="759" class="1005" name="i_1_reg_759">
<pin_list>
<pin id="760" dir="0" index="0" bw="8" slack="0"/>
<pin id="761" dir="1" index="1" bw="8" slack="0"/>
</pin_list>
<bind>
<opset="i_1 "/>
</bind>
</comp>

<comp id="766" class="1005" name="j_reg_766">
<pin_list>
<pin id="767" dir="0" index="0" bw="8" slack="0"/>
<pin id="768" dir="1" index="1" bw="8" slack="0"/>
</pin_list>
<bind>
<opset="j "/>
</bind>
</comp>

<comp id="773" class="1005" name="indvar_flatten6_reg_773">
<pin_list>
<pin id="774" dir="0" index="0" bw="15" slack="0"/>
<pin id="775" dir="1" index="1" bw="15" slack="0"/>
</pin_list>
<bind>
<opset="indvar_flatten6 "/>
</bind>
</comp>

<comp id="780" class="1005" name="icmp_ln209_1_reg_780">
<pin_list>
<pin id="781" dir="0" index="0" bw="1" slack="1"/>
<pin id="782" dir="1" index="1" bw="1" slack="2147483647"/>
</pin_list>
<bind>
<opset="icmp_ln209_1 "/>
</bind>
</comp>

<comp id="784" class="1005" name="icmp_ln212_2_reg_784">
<pin_list>
<pin id="785" dir="0" index="0" bw="1" slack="7"/>
<pin id="786" dir="1" index="1" bw="1" slack="7"/>
</pin_list>
<bind>
<opset="icmp_ln212_2 "/>
</bind>
</comp>

<comp id="789" class="1005" name="y_addr_1_reg_789">
<pin_list>
<pin id="790" dir="0" index="0" bw="7" slack="1"/>
<pin id="791" dir="1" index="1" bw="7" slack="1"/>
</pin_list>
<bind>
<opset="y_addr_1 "/>
</bind>
</comp>

<comp id="794" class="1005" name="fc_1_W_addr_reg_794">
<pin_list>
<pin id="795" dir="0" index="0" bw="14" slack="1"/>
<pin id="796" dir="1" index="1" bw="14" slack="1"/>
</pin_list>
<bind>
<opset="fc_1_W_addr "/>
</bind>
</comp>

<comp id="799" class="1005" name="icmp_ln212_3_reg_799">
<pin_list>
<pin id="800" dir="0" index="0" bw="1" slack="11"/>
<pin id="801" dir="1" index="1" bw="1" slack="2147483647"/>
</pin_list>
<bind>
<opset="icmp_ln212_3 "/>
</bind>
</comp>

<comp id="803" class="1005" name="z1_addr_reg_803">
<pin_list>
<pin id="804" dir="0" index="0" bw="7" slack="11"/>
<pin id="805" dir="1" index="1" bw="7" slack="11"/>
</pin_list>
<bind>
<opset="z1_addr "/>
</bind>
</comp>

<comp id="808" class="1005" name="y_load_reg_808">
<pin_list>
<pin id="809" dir="0" index="0" bw="16" slack="1"/>
<pin id="810" dir="1" index="1" bw="16" slack="1"/>
</pin_list>
<bind>
<opset="y_load "/>
</bind>
</comp>

<comp id="813" class="1005" name="fc_1_W_load_reg_813">
<pin_list>
<pin id="814" dir="0" index="0" bw="16" slack="1"/>
<pin id="815" dir="1" index="1" bw="16" slack="1"/>
</pin_list>
<bind>
<opset="fc_1_W_load "/>
</bind>
</comp>

<comp id="818" class="1005" name="select_ln210_3_reg_818">
<pin_list>
<pin id="819" dir="0" index="0" bw="16" slack="1"/>
<pin id="820" dir="1" index="1" bw="16" slack="1"/>
</pin_list>
<bind>
<opset="select_ln210_3 "/>
</bind>
</comp>

<comp id="823" class="1004" name="grp_fu_823">
<pin_list>
<pin id="824" dir="0" index="0" bw="16" slack="2147483647"/>
<pin id="825" dir="0" index="1" bw="16" slack="2147483647"/>
<pin id="826" dir="1" index="2" bw="16" slack="2147483647"/>
</pin_list>
<bind>
<opcode="hadd(534) " fcode="hadd"/>
<opset="add_i/2 add_i2/2 add_i3/2 add_i4/2 add11_i5/35 add11_i/37 add11_i1/37 "/>
</bind>
</comp>

<comp id="827" class="1004" name="grp_fu_827">
<pin_list>
<pin id="828" dir="0" index="0" bw="16" slack="2147483647"/>
<pin id="829" dir="0" index="1" bw="16" slack="2147483647"/>
<pin id="830" dir="1" index="2" bw="1" slack="2147483647"/>
</pin_list>
<bind>
<opcode="hcmp(539) " fcode="hcmp"/>
<opset="cmp_i/2 cmp_i/33 cmp_i2/2 cmp_i/33 cmp_i3/2 cmp_i/33 cmp_i4/2 cmp_i/33 cmp_i1/2 cmp_i1/4 cmp_i2/4 "/>
</bind>
</comp>

<comp id="831" class="1004" name="grp_fu_831">
<pin_list>
<pin id="832" dir="0" index="0" bw="32" slack="2147483647"/>
<pin id="833" dir="0" index="1" bw="32" slack="2147483647"/>
<pin id="834" dir="1" index="2" bw="32" slack="2147483647"/>
</pin_list>
<bind>
<opcode="fdiv(16) " fcode="fdiv"/>
<opset="inv/17 inv/17 inv/17 inv/17 div_i5/19 div_i/21 div_i1/21 "/>
</bind>
</comp>

<comp id="835" class="1004" name="grp_fu_835">
<pin_list>
<pin id="836" dir="0" index="0" bw="32" slack="2147483647"/>
<pin id="837" dir="0" index="1" bw="32" slack="2147483647"/>
<pin id="838" dir="1" index="2" bw="32" slack="2147483647"/>
</pin_list>
<bind>
<opcode="fsqrt(503) " fcode="fsqrt"/>
<opset="tmp_s/7 tmp_s/7 tmp_s/7 tmp_s/7 tmp_5/9 tmp/11 tmp_1/11 "/>
</bind>
</comp>

<comp id="839" class="1004" name="grp_fu_839">
<pin_list>
<pin id="840" dir="0" index="0" bw="32" slack="2147483647"/>
<pin id="841" dir="1" index="1" bw="16" slack="2147483647"/>
</pin_list>
<bind>
<opcode="sptohp(532) " fcode="sptohp"/>
<opset="y_4/32 a_bn/30 y_3/32 a_bn/30 y_2/32 a_bn/30 y_1/32 a_bn/30 n/29 n/31 n/31 "/>
</bind>
</comp>

<comp id="842" class="1004" name="grp_fu_842">
<pin_list>
<pin id="843" dir="0" index="0" bw="16" slack="2147483647"/>
<pin id="844" dir="1" index="1" bw="32" slack="2147483647"/>
</pin_list>
<bind>
<opcode="hptosp(533) " fcode="hptosp"/>
<opset="conv1/23 conv3/26 conv/1 conv6/23 conv8/26 conv/1 conv3/23 conv5/26 conv/1 conv8/23 conv2/26 conv/1 conv5_i5/7 conv5_i/9 conv5_i1/9 "/>
</bind>
</comp>

<comp id="845" class="1004" name="grp_fu_845">
<pin_list>
<pin id="846" dir="0" index="0" bw="16" slack="2147483647"/>
<pin id="847" dir="1" index="1" bw="32" slack="2147483647"/>
</pin_list>
<bind>
<opcode="hptosp(533) " fcode="hptosp"/>
<opset="conv2/23 conv9/28 conv7/23 conv9/28 conv4/23 conv9/28 conv1/23 conv9/28 conv_i5/17 conv_i/19 conv_i1/19 "/>
</bind>
</comp>

</comp_list>

<net_list>
<net id="155"><net_src comp="76" pin="0"/><net_sink comp="152" pin=0"/></net>

<net id="159"><net_src comp="76" pin="0"/><net_sink comp="156" pin=0"/></net>

<net id="163"><net_src comp="76" pin="0"/><net_sink comp="160" pin=0"/></net>

<net id="167"><net_src comp="76" pin="0"/><net_sink comp="164" pin=0"/></net>

<net id="171"><net_src comp="78" pin="0"/><net_sink comp="168" pin=0"/></net>

<net id="175"><net_src comp="78" pin="0"/><net_sink comp="172" pin=0"/></net>

<net id="179"><net_src comp="78" pin="0"/><net_sink comp="176" pin=0"/></net>

<net id="183"><net_src comp="76" pin="0"/><net_sink comp="180" pin=0"/></net>

<net id="187"><net_src comp="76" pin="0"/><net_sink comp="184" pin=0"/></net>

<net id="191"><net_src comp="76" pin="0"/><net_sink comp="188" pin=0"/></net>

<net id="195"><net_src comp="76" pin="0"/><net_sink comp="192" pin=0"/></net>

<net id="201"><net_src comp="116" pin="0"/><net_sink comp="196" pin=1"/></net>

<net id="207"><net_src comp="196" pin="3"/><net_sink comp="202" pin=0"/></net>

<net id="213"><net_src comp="68" pin="0"/><net_sink comp="208" pin=0"/></net>

<net id="214"><net_src comp="116" pin="0"/><net_sink comp="208" pin=1"/></net>

<net id="220"><net_src comp="208" pin="3"/><net_sink comp="215" pin=0"/></net>

<net id="226"><net_src comp="116" pin="0"/><net_sink comp="221" pin=1"/></net>

<net id="237"><net_src comp="116" pin="0"/><net_sink comp="232" pin=1"/></net>

<net id="238"><net_src comp="232" pin="3"/><net_sink comp="227" pin=0"/></net>

<net id="244"><net_src comp="74" pin="0"/><net_sink comp="239" pin=0"/></net>

<net id="245"><net_src comp="116" pin="0"/><net_sink comp="239" pin=1"/></net>

<net id="251"><net_src comp="239" pin="3"/><net_sink comp="246" pin=0"/></net>

<net id="257"><net_src comp="116" pin="0"/><net_sink comp="252" pin=1"/></net>

<net id="298"><net_src comp="80" pin="0"/><net_sink comp="263" pin=0"/></net>

<net id="299"><net_src comp="168" pin="1"/><net_sink comp="263" pin=1"/></net>

<net id="300"><net_src comp="2" pin="0"/><net_sink comp="263" pin=2"/></net>

<net id="301"><net_src comp="4" pin="0"/><net_sink comp="263" pin=3"/></net>

<net id="302"><net_src comp="6" pin="0"/><net_sink comp="263" pin=4"/></net>

<net id="303"><net_src comp="8" pin="0"/><net_sink comp="263" pin=5"/></net>

<net id="304"><net_src comp="10" pin="0"/><net_sink comp="263" pin=6"/></net>

<net id="305"><net_src comp="12" pin="0"/><net_sink comp="263" pin=7"/></net>

<net id="306"><net_src comp="14" pin="0"/><net_sink comp="263" pin=8"/></net>

<net id="307"><net_src comp="16" pin="0"/><net_sink comp="263" pin=9"/></net>

<net id="308"><net_src comp="18" pin="0"/><net_sink comp="263" pin=10"/></net>

<net id="309"><net_src comp="20" pin="0"/><net_sink comp="263" pin=11"/></net>

<net id="310"><net_src comp="22" pin="0"/><net_sink comp="263" pin=12"/></net>

<net id="311"><net_src comp="24" pin="0"/><net_sink comp="263" pin=13"/></net>

<net id="312"><net_src comp="26" pin="0"/><net_sink comp="263" pin=14"/></net>

<net id="313"><net_src comp="28" pin="0"/><net_sink comp="263" pin=15"/></net>

<net id="314"><net_src comp="30" pin="0"/><net_sink comp="263" pin=16"/></net>

<net id="315"><net_src comp="32" pin="0"/><net_sink comp="263" pin=17"/></net>

<net id="316"><net_src comp="34" pin="0"/><net_sink comp="263" pin=18"/></net>

<net id="317"><net_src comp="36" pin="0"/><net_sink comp="263" pin=19"/></net>

<net id="318"><net_src comp="38" pin="0"/><net_sink comp="263" pin=20"/></net>

<net id="319"><net_src comp="40" pin="0"/><net_sink comp="263" pin=21"/></net>

<net id="320"><net_src comp="42" pin="0"/><net_sink comp="263" pin=22"/></net>

<net id="321"><net_src comp="44" pin="0"/><net_sink comp="263" pin=23"/></net>

<net id="322"><net_src comp="46" pin="0"/><net_sink comp="263" pin=24"/></net>

<net id="323"><net_src comp="48" pin="0"/><net_sink comp="263" pin=25"/></net>

<net id="324"><net_src comp="50" pin="0"/><net_sink comp="263" pin=26"/></net>

<net id="325"><net_src comp="52" pin="0"/><net_sink comp="263" pin=27"/></net>

<net id="326"><net_src comp="54" pin="0"/><net_sink comp="263" pin=28"/></net>

<net id="327"><net_src comp="56" pin="0"/><net_sink comp="263" pin=29"/></net>

<net id="328"><net_src comp="58" pin="0"/><net_sink comp="263" pin=30"/></net>

<net id="329"><net_src comp="60" pin="0"/><net_sink comp="263" pin=31"/></net>

<net id="330"><net_src comp="62" pin="0"/><net_sink comp="263" pin=32"/></net>

<net id="337"><net_src comp="132" pin="0"/><net_sink comp="331" pin=0"/></net>

<net id="338"><net_src comp="64" pin="0"/><net_sink comp="331" pin=2"/></net>

<net id="339"><net_src comp="66" pin="0"/><net_sink comp="331" pin=3"/></net>

<net id="344"><net_src comp="136" pin="0"/><net_sink comp="340" pin=0"/></net>

<net id="351"><net_src comp="148" pin="0"/><net_sink comp="345" pin=0"/></net>

<net id="352"><net_src comp="70" pin="0"/><net_sink comp="345" pin=2"/></net>

<net id="353"><net_src comp="72" pin="0"/><net_sink comp="345" pin=3"/></net>

<net id="358"><net_src comp="150" pin="0"/><net_sink comp="354" pin=0"/></net>

<net id="363"><net_src comp="359" pin="2"/><net_sink comp="227" pin=1"/></net>

<net id="364"><net_src comp="359" pin="2"/><net_sink comp="258" pin=1"/></net>

<net id="369"><net_src comp="215" pin="3"/><net_sink comp="365" pin=1"/></net>

<net id="370"><net_src comp="227" pin="3"/><net_sink comp="365" pin=0"/></net>

<net id="371"><net_src comp="246" pin="3"/><net_sink comp="365" pin=1"/></net>

<net id="375"><net_src comp="365" pin="2"/><net_sink comp="372" pin=0"/></net>

<net id="376"><net_src comp="372" pin="1"/><net_sink comp="359" pin=1"/></net>

<net id="380"><net_src comp="359" pin="2"/><net_sink comp="377" pin=0"/></net>

<net id="381"><net_src comp="377" pin="1"/><net_sink comp="227" pin=1"/></net>

<net id="382"><net_src comp="377" pin="1"/><net_sink comp="258" pin=1"/></net>

<net id="387"><net_src comp="82" pin="0"/><net_sink comp="383" pin=0"/></net>

<net id="392"><net_src comp="84" pin="0"/><net_sink comp="388" pin=0"/></net>

<net id="397"><net_src comp="86" pin="0"/><net_sink comp="393" pin=0"/></net>

<net id="402"><net_src comp="88" pin="0"/><net_sink comp="398" pin=0"/></net>

<net id="410"><net_src comp="403" pin="1"/><net_sink comp="406" pin=0"/></net>

<net id="411"><net_src comp="108" pin="0"/><net_sink comp="406" pin=1"/></net>

<net id="416"><net_src comp="403" pin="1"/><net_sink comp="412" pin=0"/></net>

<net id="417"><net_src comp="110" pin="0"/><net_sink comp="412" pin=1"/></net>

<net id="428"><net_src comp="418" pin="1"/><net_sink comp="424" pin=0"/></net>

<net id="429"><net_src comp="112" pin="0"/><net_sink comp="424" pin=1"/></net>

<net id="435"><net_src comp="424" pin="2"/><net_sink comp="430" pin=0"/></net>

<net id="436"><net_src comp="86" pin="0"/><net_sink comp="430" pin=1"/></net>

<net id="437"><net_src comp="418" pin="1"/><net_sink comp="430" pin=2"/></net>

<net id="442"><net_src comp="421" pin="1"/><net_sink comp="438" pin=0"/></net>

<net id="443"><net_src comp="114" pin="0"/><net_sink comp="438" pin=1"/></net>

<net id="449"><net_src comp="424" pin="2"/><net_sink comp="444" pin=0"/></net>

<net id="450"><net_src comp="438" pin="2"/><net_sink comp="444" pin=1"/></net>

<net id="451"><net_src comp="421" pin="1"/><net_sink comp="444" pin=2"/></net>

<net id="455"><net_src comp="444" pin="3"/><net_sink comp="452" pin=0"/></net>

<net id="456"><net_src comp="452" pin="1"/><net_sink comp="221" pin=2"/></net>

<net id="460"><net_src comp="444" pin="3"/><net_sink comp="457" pin=0"/></net>

<net id="464"><net_src comp="430" pin="3"/><net_sink comp="461" pin=0"/></net>

<net id="465"><net_src comp="461" pin="1"/><net_sink comp="196" pin=2"/></net>

<net id="469"><net_src comp="430" pin="3"/><net_sink comp="466" pin=0"/></net>

<net id="475"><net_src comp="118" pin="0"/><net_sink comp="470" pin=0"/></net>

<net id="476"><net_src comp="466" pin="1"/><net_sink comp="470" pin=1"/></net>

<net id="477"><net_src comp="120" pin="0"/><net_sink comp="470" pin=2"/></net>

<net id="482"><net_src comp="470" pin="3"/><net_sink comp="478" pin=0"/></net>

<net id="483"><net_src comp="457" pin="1"/><net_sink comp="478" pin=1"/></net>

<net id="487"><net_src comp="478" pin="2"/><net_sink comp="484" pin=0"/></net>

<net id="488"><net_src comp="484" pin="1"/><net_sink comp="208" pin=2"/></net>

<net id="493"><net_src comp="430" pin="3"/><net_sink comp="489" pin=0"/></net>

<net id="494"><net_src comp="122" pin="0"/><net_sink comp="489" pin=1"/></net>

<net id="499"><net_src comp="489" pin="2"/><net_sink comp="495" pin=0"/></net>

<net id="500"><net_src comp="112" pin="0"/><net_sink comp="495" pin=1"/></net>

<net id="505"><net_src comp="412" pin="2"/><net_sink comp="501" pin=0"/></net>

<net id="510"><net_src comp="444" pin="3"/><net_sink comp="506" pin=0"/></net>

<net id="515"><net_src comp="489" pin="2"/><net_sink comp="511" pin=0"/></net>

<net id="524"><net_src comp="88" pin="0"/><net_sink comp="519" pin=1"/></net>

<net id="525"><net_src comp="516" pin="1"/><net_sink comp="519" pin=2"/></net>

<net id="526"><net_src comp="519" pin="3"/><net_sink comp="359" pin=0"/></net>

<net id="531"><net_src comp="359" pin="2"/><net_sink comp="527" pin=0"/></net>

<net id="536"><net_src comp="134" pin="0"/><net_sink comp="532" pin=0"/></net>

<net id="541"><net_src comp="84" pin="0"/><net_sink comp="537" pin=0"/></net>

<net id="546"><net_src comp="84" pin="0"/><net_sink comp="542" pin=0"/></net>

<net id="551"><net_src comp="88" pin="0"/><net_sink comp="547" pin=0"/></net>

<net id="559"><net_src comp="552" pin="1"/><net_sink comp="555" pin=0"/></net>

<net id="560"><net_src comp="138" pin="0"/><net_sink comp="555" pin=1"/></net>

<net id="565"><net_src comp="552" pin="1"/><net_sink comp="561" pin=0"/></net>

<net id="566"><net_src comp="140" pin="0"/><net_sink comp="561" pin=1"/></net>

<net id="577"><net_src comp="567" pin="1"/><net_sink comp="573" pin=0"/></net>

<net id="578"><net_src comp="142" pin="0"/><net_sink comp="573" pin=1"/></net>

<net id="584"><net_src comp="573" pin="2"/><net_sink comp="579" pin=0"/></net>

<net id="585"><net_src comp="84" pin="0"/><net_sink comp="579" pin=1"/></net>

<net id="586"><net_src comp="567" pin="1"/><net_sink comp="579" pin=2"/></net>

<net id="591"><net_src comp="570" pin="1"/><net_sink comp="587" pin=0"/></net>

<net id="592"><net_src comp="114" pin="0"/><net_sink comp="587" pin=1"/></net>

<net id="598"><net_src comp="573" pin="2"/><net_sink comp="593" pin=0"/></net>

<net id="599"><net_src comp="587" pin="2"/><net_sink comp="593" pin=1"/></net>

<net id="600"><net_src comp="570" pin="1"/><net_sink comp="593" pin=2"/></net>

<net id="604"><net_src comp="593" pin="3"/><net_sink comp="601" pin=0"/></net>

<net id="605"><net_src comp="601" pin="1"/><net_sink comp="252" pin=2"/></net>

<net id="609"><net_src comp="593" pin="3"/><net_sink comp="606" pin=0"/></net>

<net id="613"><net_src comp="579" pin="3"/><net_sink comp="610" pin=0"/></net>

<net id="614"><net_src comp="610" pin="1"/><net_sink comp="232" pin=2"/></net>

<net id="618"><net_src comp="579" pin="3"/><net_sink comp="615" pin=0"/></net>

<net id="624"><net_src comp="144" pin="0"/><net_sink comp="619" pin=0"/></net>

<net id="625"><net_src comp="615" pin="1"/><net_sink comp="619" pin=1"/></net>

<net id="626"><net_src comp="120" pin="0"/><net_sink comp="619" pin=2"/></net>

<net id="631"><net_src comp="619" pin="3"/><net_sink comp="627" pin=0"/></net>

<net id="632"><net_src comp="606" pin="1"/><net_sink comp="627" pin=1"/></net>

<net id="636"><net_src comp="627" pin="2"/><net_sink comp="633" pin=0"/></net>

<net id="637"><net_src comp="633" pin="1"/><net_sink comp="239" pin=2"/></net>

<net id="642"><net_src comp="579" pin="3"/><net_sink comp="638" pin=0"/></net>

<net id="643"><net_src comp="114" pin="0"/><net_sink comp="638" pin=1"/></net>

<net id="648"><net_src comp="638" pin="2"/><net_sink comp="644" pin=0"/></net>

<net id="649"><net_src comp="142" pin="0"/><net_sink comp="644" pin=1"/></net>

<net id="654"><net_src comp="561" pin="2"/><net_sink comp="650" pin=0"/></net>

<net id="659"><net_src comp="593" pin="3"/><net_sink comp="655" pin=0"/></net>

<net id="664"><net_src comp="638" pin="2"/><net_sink comp="660" pin=0"/></net>

<net id="673"><net_src comp="88" pin="0"/><net_sink comp="668" pin=1"/></net>

<net id="674"><net_src comp="665" pin="1"/><net_sink comp="668" pin=2"/></net>

<net id="675"><net_src comp="668" pin="3"/><net_sink comp="359" pin=0"/></net>

<net id="680"><net_src comp="359" pin="2"/><net_sink comp="676" pin=0"/></net>

<net id="684"><net_src comp="152" pin="1"/><net_sink comp="681" pin=0"/></net>

<net id="685"><net_src comp="681" pin="1"/><net_sink comp="398" pin=1"/></net>

<net id="686"><net_src comp="681" pin="1"/><net_sink comp="516" pin=0"/></net>

<net id="687"><net_src comp="681" pin="1"/><net_sink comp="527" pin=1"/></net>

<net id="691"><net_src comp="156" pin="1"/><net_sink comp="688" pin=0"/></net>

<net id="692"><net_src comp="688" pin="1"/><net_sink comp="393" pin=1"/></net>

<net id="693"><net_src comp="688" pin="1"/><net_sink comp="418" pin=0"/></net>

<net id="694"><net_src comp="688" pin="1"/><net_sink comp="511" pin=1"/></net>

<net id="698"><net_src comp="160" pin="1"/><net_sink comp="695" pin=0"/></net>

<net id="699"><net_src comp="695" pin="1"/><net_sink comp="388" pin=1"/></net>

<net id="700"><net_src comp="695" pin="1"/><net_sink comp="421" pin=0"/></net>

<net id="701"><net_src comp="695" pin="1"/><net_sink comp="506" pin=1"/></net>

<net id="705"><net_src comp="164" pin="1"/><net_sink comp="702" pin=0"/></net>

<net id="706"><net_src comp="702" pin="1"/><net_sink comp="383" pin=1"/></net>

<net id="707"><net_src comp="702" pin="1"/><net_sink comp="403" pin=0"/></net>

<net id="708"><net_src comp="702" pin="1"/><net_sink comp="501" pin=1"/></net>

<net id="712"><net_src comp="406" pin="2"/><net_sink comp="709" pin=0"/></net>

<net id="716"><net_src comp="424" pin="2"/><net_sink comp="713" pin=0"/></net>

<net id="717"><net_src comp="713" pin="1"/><net_sink comp="519" pin=0"/></net>

<net id="721"><net_src comp="196" pin="3"/><net_sink comp="718" pin=0"/></net>

<net id="722"><net_src comp="718" pin="1"/><net_sink comp="202" pin=0"/></net>

<net id="726"><net_src comp="208" pin="3"/><net_sink comp="723" pin=0"/></net>

<net id="727"><net_src comp="723" pin="1"/><net_sink comp="215" pin=0"/></net>

<net id="731"><net_src comp="495" pin="2"/><net_sink comp="728" pin=0"/></net>

<net id="735"><net_src comp="221" pin="3"/><net_sink comp="732" pin=0"/></net>

<net id="736"><net_src comp="732" pin="1"/><net_sink comp="227" pin=0"/></net>

<net id="740"><net_src comp="202" pin="3"/><net_sink comp="737" pin=0"/></net>

<net id="741"><net_src comp="737" pin="1"/><net_sink comp="365" pin=0"/></net>

<net id="745"><net_src comp="215" pin="3"/><net_sink comp="742" pin=0"/></net>

<net id="746"><net_src comp="742" pin="1"/><net_sink comp="365" pin=1"/></net>

<net id="750"><net_src comp="519" pin="3"/><net_sink comp="747" pin=0"/></net>

<net id="751"><net_src comp="747" pin="1"/><net_sink comp="359" pin=0"/></net>

<net id="755"><net_src comp="180" pin="1"/><net_sink comp="752" pin=0"/></net>

<net id="756"><net_src comp="752" pin="1"/><net_sink comp="547" pin=1"/></net>

<net id="757"><net_src comp="752" pin="1"/><net_sink comp="665" pin=0"/></net>

<net id="758"><net_src comp="752" pin="1"/><net_sink comp="676" pin=1"/></net>

<net id="762"><net_src comp="184" pin="1"/><net_sink comp="759" pin=0"/></net>

<net id="763"><net_src comp="759" pin="1"/><net_sink comp="542" pin=1"/></net>

<net id="764"><net_src comp="759" pin="1"/><net_sink comp="567" pin=0"/></net>

<net id="765"><net_src comp="759" pin="1"/><net_sink comp="660" pin=1"/></net>

<net id="769"><net_src comp="188" pin="1"/><net_sink comp="766" pin=0"/></net>

<net id="770"><net_src comp="766" pin="1"/><net_sink comp="537" pin=1"/></net>

<net id="771"><net_src comp="766" pin="1"/><net_sink comp="570" pin=0"/></net>

<net id="772"><net_src comp="766" pin="1"/><net_sink comp="655" pin=1"/></net>

<net id="776"><net_src comp="192" pin="1"/><net_sink comp="773" pin=0"/></net>

<net id="777"><net_src comp="773" pin="1"/><net_sink comp="532" pin=1"/></net>

<net id="778"><net_src comp="773" pin="1"/><net_sink comp="552" pin=0"/></net>

<net id="779"><net_src comp="773" pin="1"/><net_sink comp="650" pin=1"/></net>

<net id="783"><net_src comp="555" pin="2"/><net_sink comp="780" pin=0"/></net>

<net id="787"><net_src comp="573" pin="2"/><net_sink comp="784" pin=0"/></net>

<net id="788"><net_src comp="784" pin="1"/><net_sink comp="668" pin=0"/></net>

<net id="792"><net_src comp="232" pin="3"/><net_sink comp="789" pin=0"/></net>

<net id="793"><net_src comp="789" pin="1"/><net_sink comp="227" pin=0"/></net>

<net id="797"><net_src comp="239" pin="3"/><net_sink comp="794" pin=0"/></net>

<net id="798"><net_src comp="794" pin="1"/><net_sink comp="246" pin=0"/></net>

<net id="802"><net_src comp="644" pin="2"/><net_sink comp="799" pin=0"/></net>

<net id="806"><net_src comp="252" pin="3"/><net_sink comp="803" pin=0"/></net>

<net id="807"><net_src comp="803" pin="1"/><net_sink comp="258" pin=0"/></net>

<net id="811"><net_src comp="227" pin="3"/><net_sink comp="808" pin=0"/></net>

<net id="812"><net_src comp="808" pin="1"/><net_sink comp="365" pin=0"/></net>

<net id="816"><net_src comp="246" pin="3"/><net_sink comp="813" pin=0"/></net>

<net id="817"><net_src comp="813" pin="1"/><net_sink comp="365" pin=1"/></net>

<net id="821"><net_src comp="668" pin="3"/><net_sink comp="818" pin=0"/></net>

<net id="822"><net_src comp="818" pin="1"/><net_sink comp="359" pin=0"/></net>

</net_list>

</model> 
---------------- Datapath Model END ------------------

* FSMD analyzer results:
  - Output states:
	Port: h_slice | {1 2 }
	Port: c_slice | {1 2 }
	Port: U_slice | {1 2 }
 - Input state : 
	Port: run_model : h_slice | {1 2 }
	Port: run_model : c_slice | {1 2 }
	Port: run_model : U_slice | {1 2 }
	Port: run_model : LSTM_W_ifog0 | {1 2 }
	Port: run_model : LSTM_R_ifog0 | {1 2 }
	Port: run_model : BN2_var0 | {1 2 }
	Port: run_model : BN2_gamma0 | {1 2 }
	Port: run_model : X_slice12 | {1 2 }
	Port: run_model : ConvW1 | {1 2 }
	Port: run_model : LSTM_W_ifog1 | {1 2 }
	Port: run_model : LSTM_R_ifog1 | {1 2 }
	Port: run_model : BN2_var1 | {1 2 }
	Port: run_model : BN2_gamma1 | {1 2 }
	Port: run_model : X_slice27 | {1 2 }
	Port: run_model : ConvW2 | {1 2 }
	Port: run_model : LSTM_W_ifog2 | {1 2 }
	Port: run_model : LSTM_R_ifog2 | {1 2 }
	Port: run_model : BN2_var2 | {1 2 }
	Port: run_model : BN2_gamma2 | {1 2 }
	Port: run_model : X_slice42 | {1 2 }
	Port: run_model : ConvW3 | {1 2 }
	Port: run_model : LSTM_W_ifog3 | {1 2 }
	Port: run_model : LSTM_R_ifog3 | {1 2 }
	Port: run_model : BN2_var3 | {1 2 }
	Port: run_model : BN2_gamma3 | {1 2 }
	Port: run_model : X_slice57 | {1 2 }
	Port: run_model : ConvW4 | {1 2 }
	Port: run_model : LSTM_W_ifog4 | {1 2 }
	Port: run_model : LSTM_R_ifog4 | {1 2 }
	Port: run_model : BN2_var4 | {1 2 }
	Port: run_model : BN2_gamma4 | {1 2 }
	Port: run_model : fc_0_bn_var | {16 17 }
	Port: run_model : fc_0_bn_gamma | {16 17 }
	Port: run_model : fc_0_W | {3 4 5 6 }
	Port: run_model : fc_1_bn_var | {33 34 }
	Port: run_model : fc_1_bn_gamma | {33 34 }
	Port: run_model : fc_1_W | {20 21 22 23 }
  - Chain level:
	State 1
		call_ln369 : 1
		store_ln0 : 1
		store_ln209 : 1
		store_ln212 : 1
		store_ln208 : 1
	State 2
	State 3
		icmp_ln209 : 1
		add_ln209 : 1
		br_ln209 : 2
		icmp_ln212 : 1
		select_ln210 : 2
		add_ln209_1 : 1
		select_ln209 : 2
		zext_ln209 : 3
		zext_ln209_1 : 3
		zext_ln212 : 3
		x_addr : 4
		x_load : 5
		trunc_ln214 : 3
		shl_ln : 4
		add_ln214 : 5
		zext_ln214 : 6
		fc_0_W_addr : 7
		fc_0_W_load : 8
		add_ln212 : 3
		icmp_ln212_1 : 4
		y_addr : 4
		br_ln212 : 5
		store_ln209 : 2
		store_ln209 : 3
		store_ln212 : 4
	State 4
	State 5
	State 6
		mul9_i : 1
	State 7
	State 8
	State 9
	State 10
		select_ln210_1 : 1
		acc_1 : 2
	State 11
	State 12
	State 13
	State 14
		store_ln216 : 1
		store_ln208 : 1
	State 15
	State 16
		store_ln0 : 1
		store_ln209 : 1
		store_ln212 : 1
		store_ln208 : 1
	State 17
	State 18
	State 19
	State 20
		icmp_ln209_1 : 1
		add_ln209_2 : 1
		br_ln209 : 2
		icmp_ln212_2 : 1
		select_ln210_2 : 2
		add_ln209_3 : 1
		select_ln209_1 : 2
		zext_ln209_2 : 3
		zext_ln209_3 : 3
		zext_ln212_1 : 3
		y_addr_1 : 4
		y_load : 5
		trunc_ln214_1 : 3
		shl_ln214_1 : 4
		add_ln214_1 : 5
		zext_ln214_1 : 6
		fc_1_W_addr : 7
		fc_1_W_load : 8
		add_ln212_1 : 3
		icmp_ln212_3 : 4
		z1_addr : 4
		br_ln212 : 5
		store_ln209 : 2
		store_ln209 : 3
		store_ln212 : 4
	State 21
	State 22
	State 23
		mul9_i1 : 1
	State 24
	State 25
	State 26
	State 27
		select_ln210_3 : 1
		acc_3 : 2
	State 28
	State 29
	State 30
	State 31
		store_ln216 : 1
		store_ln208 : 1
	State 32
	State 33
	State 34
	State 35
	State 36


============================================================
+ Verbose Summary: Datapath Resource usage 
============================================================

* Functional unit list:
|----------|-----------------------------------------|---------|---------|---------|---------|---------|---------|
| Operation|             Functional Unit             |   BRAM  |   DSP   |  Delay  |    FF   |   LUT   |   URAM  |
|----------|-----------------------------------------|---------|---------|---------|---------|---------|---------|
|          |    grp_run_all_slices_unrolled_fu_263   |    0    |   195   | 147.811 |  29308  |  29014  |    0    |
|          |  grp_run_model_Pipeline_Loop_BN_fu_331  |    0    |    6    |   5.73  |   579   |   342   |    0    |
|   call   | grp_run_model_Pipeline_ReLULoop1_fu_340 |    0    |    0    |  3.438  |    48   |    73   |    0    |
|          |  grp_run_model_Pipeline_Loop_BN1_fu_345 |    0    |    6    |   5.73  |   579   |   342   |    0    |
|          | grp_run_model_Pipeline_ReLULoop2_fu_354 |    0    |    0    |  3.438  |    48   |    73   |    0    |
|----------|-----------------------------------------|---------|---------|---------|---------|---------|---------|
|   hadd   |                grp_fu_359               |    0    |    2    |    0    |   109   |   116   |    0    |
|          |                grp_fu_823               |    0    |    2    |    0    |   109   |   116   |    0    |
|----------|-----------------------------------------|---------|---------|---------|---------|---------|---------|
|          |             add_ln209_fu_412            |    0    |    0    |    0    |    0    |    20   |    0    |
|          |            add_ln209_1_fu_438           |    0    |    0    |    0    |    0    |    15   |    0    |
|          |             add_ln214_fu_478            |    0    |    0    |    0    |    0    |    19   |    0    |
|    add   |             add_ln212_fu_489            |    0    |    0    |    0    |    0    |    14   |    0    |
|          |            add_ln209_2_fu_561           |    0    |    0    |    0    |    0    |    22   |    0    |
|          |            add_ln209_3_fu_587           |    0    |    0    |    0    |    0    |    15   |    0    |
|          |            add_ln214_1_fu_627           |    0    |    0    |    0    |    0    |    21   |    0    |
|          |            add_ln212_1_fu_638           |    0    |    0    |    0    |    0    |    15   |    0    |
|----------|-----------------------------------------|---------|---------|---------|---------|---------|---------|
|   hmul   |                grp_fu_365               |    0    |    2    |    0    |    91   |    35   |    0    |
|----------|-----------------------------------------|---------|---------|---------|---------|---------|---------|
|          |            icmp_ln209_fu_406            |    0    |    0    |    0    |    0    |    20   |    0    |
|          |            icmp_ln212_fu_424            |    0    |    0    |    0    |    0    |    14   |    0    |
|   icmp   |           icmp_ln212_1_fu_495           |    0    |    0    |    0    |    0    |    14   |    0    |
|          |           icmp_ln209_1_fu_555           |    0    |    0    |    0    |    0    |    22   |    0    |
|          |           icmp_ln212_2_fu_573           |    0    |    0    |    0    |    0    |    15   |    0    |
|          |           icmp_ln212_3_fu_644           |    0    |    0    |    0    |    0    |    15   |    0    |
|----------|-----------------------------------------|---------|---------|---------|---------|---------|---------|
|          |           select_ln210_fu_430           |    0    |    0    |    0    |    0    |    6    |    0    |
|          |           select_ln209_fu_444           |    0    |    0    |    0    |    0    |    8    |    0    |
|  select  |          select_ln210_1_fu_519          |    0    |    0    |    0    |    0    |    16   |    0    |
|          |          select_ln210_2_fu_579          |    0    |    0    |    0    |    0    |    8    |    0    |
|          |          select_ln209_1_fu_593          |    0    |    0    |    0    |    0    |    8    |    0    |
|          |          select_ln210_3_fu_668          |    0    |    0    |    0    |    0    |    16   |    0    |
|----------|-----------------------------------------|---------|---------|---------|---------|---------|---------|
|          |            zext_ln209_fu_452            |    0    |    0    |    0    |    0    |    0    |    0    |
|          |           zext_ln209_1_fu_457           |    0    |    0    |    0    |    0    |    0    |    0    |
|          |            zext_ln212_fu_461            |    0    |    0    |    0    |    0    |    0    |    0    |
|   zext   |            zext_ln214_fu_484            |    0    |    0    |    0    |    0    |    0    |    0    |
|          |           zext_ln209_2_fu_601           |    0    |    0    |    0    |    0    |    0    |    0    |
|          |           zext_ln209_3_fu_606           |    0    |    0    |    0    |    0    |    0    |    0    |
|          |           zext_ln212_1_fu_610           |    0    |    0    |    0    |    0    |    0    |    0    |
|          |           zext_ln214_1_fu_633           |    0    |    0    |    0    |    0    |    0    |    0    |
|----------|-----------------------------------------|---------|---------|---------|---------|---------|---------|
|   trunc  |            trunc_ln214_fu_466           |    0    |    0    |    0    |    0    |    0    |    0    |
|          |           trunc_ln214_1_fu_615          |    0    |    0    |    0    |    0    |    0    |    0    |
|----------|-----------------------------------------|---------|---------|---------|---------|---------|---------|
|bitconcatenate|              shl_ln_fu_470              |    0    |    0    |    0    |    0    |    0    |    0    |
|          |            shl_ln214_1_fu_619           |    0    |    0    |    0    |    0    |    0    |    0    |
|----------|-----------------------------------------|---------|---------|---------|---------|---------|---------|
|   hcmp   |                grp_fu_827               |    0    |    0    |    0    |    0    |    0    |    0    |
|----------|-----------------------------------------|---------|---------|---------|---------|---------|---------|
|   fdiv   |                grp_fu_831               |    0    |    0    |    0    |    0    |    0    |    0    |
|----------|-----------------------------------------|---------|---------|---------|---------|---------|---------|
|   fsqrt  |                grp_fu_835               |    0    |    0    |    0    |    0    |    0    |    0    |
|----------|-----------------------------------------|---------|---------|---------|---------|---------|---------|
|  sptohp  |                grp_fu_839               |    0    |    0    |    0    |    0    |    0    |    0    |
|----------|-----------------------------------------|---------|---------|---------|---------|---------|---------|
|  hptosp  |                grp_fu_842               |    0    |    0    |    0    |    0    |    0    |    0    |
|          |                grp_fu_845               |    0    |    0    |    0    |    0    |    0    |    0    |
|----------|-----------------------------------------|---------|---------|---------|---------|---------|---------|
|   Total  |                                         |    0    |   213   | 166.147 |  30871  |  30414  |    0    |
|----------|-----------------------------------------|---------|---------|---------|---------|---------|---------|

Memories:
+-------------+--------+--------+--------+--------+
|             |  BRAM  |   FF   |   LUT  |  URAM  |
+-------------+--------+--------+--------+--------+
|  BN2_gamma0 |    0   |   16   |    8   |    -   |
|  BN2_gamma1 |    0   |   16   |    8   |    -   |
|  BN2_gamma2 |    0   |   16   |    8   |    -   |
|  BN2_gamma3 |    0   |   16   |    8   |    -   |
|  BN2_gamma4 |    0   |   16   |    8   |    -   |
|   BN2_var0  |    0   |   16   |    8   |    -   |
|   BN2_var1  |    0   |   16   |    8   |    -   |
|   BN2_var2  |    0   |   16   |    8   |    -   |
|   BN2_var3  |    0   |   16   |    8   |    -   |
|   BN2_var4  |    0   |   16   |    8   |    -   |
|    ConvW1   |    8   |   32   |    0   |    -   |
|    ConvW2   |    8   |   32   |    0   |    -   |
|    ConvW3   |    8   |   32   |    0   |    -   |
|    ConvW4   |    8   |   32   |    0   |    -   |
| LSTM_R_ifog0|    4   |   32   |    0   |    -   |
| LSTM_R_ifog1|    4   |   32   |    0   |    -   |
| LSTM_R_ifog2|    4   |   32   |    0   |    -   |
| LSTM_R_ifog3|    4   |   32   |    0   |    -   |
| LSTM_R_ifog4|    4   |   32   |    0   |    -   |
| LSTM_W_ifog0|    4   |   32   |    0   |    -   |
| LSTM_W_ifog1|    4   |   32   |    0   |    -   |
| LSTM_W_ifog2|    4   |   32   |    0   |    -   |
| LSTM_W_ifog3|    4   |   32   |    0   |    -   |
| LSTM_W_ifog4|    4   |   32   |    0   |    -   |
|   U_slice   |    1   |   32   |    0   |    0   |
|  X_slice12  |    4   |   32   |    0   |    -   |
|  X_slice27  |    8   |   32   |    0   |    -   |
|  X_slice42  |   16   |   32   |    0   |    -   |
|  X_slice57  |   32   |   32   |    0   |    -   |
|   c_slice   |    0   |   32   |    8   |    0   |
|    fc_0_W   |    4   |   32   |    0   |    -   |
|fc_0_bn_gamma|    1   |   32   |    0   |    -   |
| fc_0_bn_var |    1   |   32   |    0   |    -   |
|    fc_1_W   |   16   |   32   |    0   |    -   |
|fc_1_bn_gamma|    1   |   32   |    0   |    -   |
| fc_1_bn_var |    1   |   32   |    0   |    -   |
|   h_slice   |    0   |   32   |    8   |    0   |
|    merged   |    0   |   32   |    8   |    0   |
|      z0     |    1   |   32   |    0   |    0   |
|      z1     |    1   |   32   |    0   |    0   |
+-------------+--------+--------+--------+--------+
|    Total    |   159  |  1120  |   104  |    0   |
+-------------+--------+--------+--------+--------+

* Register list:
+-----------------------+--------+
|                       |   FF   |
+-----------------------+--------+
|     acc_2_reg_752     |   16   |
|      acc_reg_681      |   16   |
|  fc_0_W_addr_reg_723  |   12   |
|  fc_0_W_load_reg_742  |   16   |
|  fc_1_W_addr_reg_794  |   14   |
|  fc_1_W_load_reg_813  |   16   |
|      i_1_reg_759      |    8   |
|       i_reg_688       |    6   |
|  icmp_ln209_1_reg_780 |    1   |
|   icmp_ln209_reg_709  |    1   |
|  icmp_ln212_1_reg_728 |    1   |
|  icmp_ln212_2_reg_784 |    1   |
|  icmp_ln212_3_reg_799 |    1   |
|   icmp_ln212_reg_713  |    1   |
|indvar_flatten6_reg_773|   15   |
| indvar_flatten_reg_702|   13   |
|      j_2_reg_695      |    8   |
|       j_reg_766       |    8   |
|        reg_372        |   16   |
|        reg_377        |   16   |
| select_ln210_1_reg_747|   16   |
| select_ln210_3_reg_818|   16   |
|     x_addr_reg_718    |    5   |
|     x_load_reg_737    |   16   |
|    y_addr_1_reg_789   |    7   |
|     y_addr_reg_732    |    7   |
|     y_load_reg_808    |   16   |
|    z1_addr_reg_803    |    7   |
+-----------------------+--------+
|         Total         |   276  |
+-----------------------+--------+

* Multiplexer (MUX) list: 
|-------------------|------|------|------|--------||---------||---------||---------|
|        Comp       |  Pin | Size |  BW  | S x BW ||  Delay  ||    FF   ||   LUT   |
|-------------------|------|------|------|--------||---------||---------||---------|
| grp_access_fu_202 |  p0  |   2  |   5  |   10   ||    0    ||    9    |
| grp_access_fu_215 |  p0  |   2  |  12  |   24   ||    0    ||    9    |
| grp_access_fu_227 |  p0  |   3  |   7  |   21   ||    0    ||    13   |
| grp_access_fu_227 |  p1  |   2  |  16  |   32   ||    0    ||    9    |
| grp_access_fu_246 |  p0  |   2  |  14  |   28   ||    0    ||    9    |
| grp_access_fu_258 |  p1  |   2  |  16  |   32   ||    0    ||    9    |
|     grp_fu_359    |  p0  |   4  |  16  |   64   ||    0    ||    17   |
|     grp_fu_365    |  p0  |   3  |  16  |   48   ||    0    ||    13   |
|     grp_fu_365    |  p1  |   4  |  16  |   64   ||    0    ||    17   |
|-------------------|------|------|------|--------||---------||---------||---------|
|       Total       |      |      |      |   323  || 10.4653 ||    0    ||   105   |
|-------------------|------|------|------|--------||---------||---------||---------|



* Summary:
+-----------+--------+--------+--------+--------+--------+--------+
|           |  BRAM  |   DSP  |  Delay |   FF   |   LUT  |  URAM  |
+-----------+--------+--------+--------+--------+--------+--------+
|  Function |    0   |   213  |   166  |  30871 |  30414 |    0   |
|   Memory  |   159  |    -   |    -   |  1120  |   104  |    0   |
|Multiplexer|    -   |    -   |   10   |    0   |   105  |    -   |
|  Register |    -   |    -   |    -   |   276  |    -   |    -   |
+-----------+--------+--------+--------+--------+--------+--------+
|   Total   |   159  |   213  |   176  |  32267 |  30623 |    0   |
+-----------+--------+--------+--------+--------+--------+--------+
